frame_idx,timestamp_sec,timestamp_nanosec,timestamp_total_sec,pos_x,pos_y,pos_z,rot_x,rot_y,rot_z,rot_w,num_detected,num_matched,num_inliers,num_inliers_E,num_inliers_pose,num_inliers_H,inlier_ratio,feature_survival_rate,feature_vel_mean,feature_vel_max,mean_lk_err,consecutive_low_inliers,failure_triggered_streak,window_low_inlier_pct,failure_triggered_window,rel_tx,rel_ty,rel_tz,rel_rot_deg,eis_dt_ms,eis_crop_pct,eis_warp_deg,eis_cum_warp_deg,eis_gate_scale,eis_yaw_rate_deg,is_r_frame,num_active,num_pending,promotions_this_frame,bd_ratio
0,6,997000000,6.997000000,0.0,0.0,0.0,0.0,0.0,0.0,1.0,963,0,0,0,0,0,0.0000,0.0000,0.0000,0.0000,0.0000,1,False,100.00,True,0.0,0.0,0.0,0.00,0.0000,0.00,0.0000,0.0000,1.0000,0.0000,0,963,0,0,0.000000
1,7,30000000,7.030000000,0.0,0.0,0.0,0.0,0.0,0.0,1.0,963,963,0,963,0,0,0.0000,1.0000,0.0000,0.0000,0.0000,2,False,100.00,True,0.0,0.0,0.0,0.00,0.0000,0.00,0.0000,0.0000,1.0000,0.0000,0,963,0,0,0.000000
2,7,63000000,7.063000000,0.0,0.0,0.0,0.0,0.0,0.0,1.0,963,963,0,963,0,0,0.0000,1.0000,0.0000,0.0000,0.0000,3,False,100.00,True,0.0,0.0,0.0,0.00,0.0000,0.00,0.0000,0.0000,1.0000,0.0000,0,963,0,0,0.000000
3,7,96000000,7.096000000,0.0,0.0,0.0,0.0,0.0,0.0,1.0,963,963,0,963,0,0,0.0000,1.0000,0.0000,0.0000,0.0000,4,False,100.00,True,0.0,0.0,0.0,0.00,0.0000,0.00,0.0000,0.0000,1.0000,0.0000,0,963,0,0,0.000000
4,7,129000000,7.129000000,0.0,0.0,0.0,0.0,0.0,0.0,1.0,963,963,0,963,0,0,0.0000,1.0000,0.0000,0.0000,0.0000,5,False,100.00,True,0.0,0.0,0.0,0.00,0.0000,0.00,0.0000,0.0000,1.0000,0.0000,0,963,0,0,0.000000
5,7,162000000,7.162000000,0.0,0.0,0.0,0.0,0.0,0.0,1.0,963,963,0,963,0,0,0.0000,1.0000,0.0000,0.0000,0.0000,6,False,100.00,True,0.0,0.0,0.0,0.00,0.0000,0.00,0.0000,0.0000,1.0000,0.0000,0,963,0,0,0.000000
6,7,195000000,7.195000000,0.0,0.0,0.0,0.0,0.0,0.0,1.0,963,963,0,963,0,0,0.0000,1.0000,0.0000,0.0000,0.0000,7,False,100.00,True,0.0,0.0,0.0,0.00,0.0000,0.00,0.0000,0.0000,1.0000,0.0000,0,963,0,0,0.000000
7,7,228000000,7.228000000,0.0,0.0,0.0,0.0,0.0,0.0,1.0,963,963,0,963,0,0,0.0000,1.0000,0.0000,0.0000,0.0000,8,False,100.00,True,0.0,0.0,0.0,0.00,0.0000,0.00,0.0000,0.0000,1.0000,0.0000,0,963,0,0,0.000000
8,7,261000000,7.261000000,0.0,0.0,0.0,0.0,0.0,0.0,1.0,963,963,0,963,0,0,0.0000,1.0000,0.0000,0.0000,0.0000,9,False,100.00,True,0.0,0.0,0.0,0.00,0.0000,0.00,0.0000,0.0000,1.0000,0.0000,0,963,0,0,0.000000
9,7,294000000,7.294000000,0.0,0.0,0.0,0.0,0.0,0.0,1.0,963,963,0,963,0,0,0.0000,1.0000,0.0000,0.0000,0.0000,10,True,100.00,True,0.0,0.0,0.0,0.00,0.0000,0.00,0.0000,0.0000,1.0000,0.0000,0,963,0,0,0.000000
10,7,327000000,7.327000000,0.0,0.0,0.0,0.0,0.0,0.0,1.0,963,963,0,963,0,0,0.0000,1.0000,0.0000,0.0000,0.0000,11,True,100.00,True,0.0,0.0,0.0,0.00,0.0000,0.00,0.0000,0.0000,1.0000,0.0000,0,963,0,0,0.000000
11,7,360000000,7.360000000,0.0,0.0,0.0,0.0,0.0,0.0,1.0,963,963,0,963,0,0,0.0000,1.0000,0.0000,0.0000,0.0000,12,True,100.00,True,0.0,0.0,0.0,0.00,0.0000,0.00,0.0000,0.0000,1.0000,0.0000,0,963,0,0,0.000000
12,7,393000000,7.393000000,0.0,0.0,0.0,0.0,0.0,0.0,1.0,963,963,0,963,0,0,0.0000,1.0000,0.0000,0.0000,0.0000,13,True,100.00,True,0.0,0.0,0.0,0.00,0.0000,0.00,0.0000,0.0000,1.0000,0.0000,0,963,0,0,0.000000
13,7,426000000,7.426000000,0.0,0.0,0.0,0.0,0.0,0.0,1.0,963,963,0,963,0,0,0.0000,1.0000,0.0000,0.0000,0.0000,14,True,100.00,True,0.0,0.0,0.0,0.00,0.0000,0.00,0.0000,0.0000,1.0000,0.0000,0,963,0,0,0.000000
14,7,459000000,7.459000000,0.0,0.0,0.0,0.0,0.0,0.0,1.0,963,963,0,963,0,0,0.0000,1.0000,0.0000,0.0000,0.0000,15,True,100.00,True,0.0,0.0,0.0,0.00,0.0000,0.00,0.0000,0.0000,1.0000,0.0000,0,963,0,0,0.000000
15,7,492000000,7.492000000,0.0,0.0,0.0,0.0,0.0,0.0,1.0,963,963,0,963,0,0,0.0000,1.0000,0.0000,0.0000,0.0000,16,True,100.00,True,0.0,0.0,0.0,0.00,0.0000,0.00,0.0000,0.0000,1.0000,0.0000,0,963,0,0,0.000000
16,7,525000000,7.525000000,0.0,0.0,0.0,0.0,0.0,0.0,1.0,963,963,0,963,0,0,0.0000,1.0000,0.0000,0.0000,0.0000,17,True,100.00,True,0.0,0.0,0.0,0.00,0.0000,0.00,0.0000,0.0000,1.0000,0.0000,0,963,0,0,0.000000
17,7,558000000,7.558000000,0.0,0.0,0.0,0.0,0.0,0.0,1.0,963,963,0,963,0,0,0.0000,1.0000,0.0000,0.0000,0.0000,18,True,100.00,True,0.0,0.0,0.0,0.00,0.0000,0.00,0.0000,0.0000,1.0000,0.0000,0,963,0,0,0.000000
18,7,591000000,7.591000000,0.0,0.0,0.0,0.0,0.0,0.0,1.0,963,963,0,963,0,0,0.0000,1.0000,0.0000,0.0000,0.0000,19,True,100.00,True,0.0,0.0,0.0,0.00,0.0000,0.00,0.0000,0.0000,1.0000,0.0000,0,963,0,0,0.000000
19,7,624000000,7.624000000,0.0,0.0,0.0,0.0,0.0,0.0,1.0,963,963,0,963,0,0,0.0000,1.0000,0.0000,0.0000,0.0000,20,True,100.00,True,0.0,0.0,0.0,0.00,0.0000,0.00,0.0000,0.0000,1.0000,0.0000,0,963,0,0,0.000000
20,7,657000000,7.657000000,0.0,0.0,0.0,0.0,0.0,0.0,1.0,963,963,0,963,0,0,0.0000,1.0000,0.0000,0.0000,0.0000,21,True,100.00,True,0.0,0.0,0.0,0.00,0.0000,0.00,0.0000,0.0000,1.0000,0.0000,0,963,0,0,0.000000
21,7,690000000,7.690000000,0.0,0.0,0.0,0.0,0.0,0.0,1.0,963,963,0,963,0,0,0.0000,1.0000,0.0000,0.0000,0.0000,22,True,100.00,True,0.0,0.0,0.0,0.00,0.0000,0.00,0.0000,0.0000,1.0000,0.0000,0,963,0,0,0.000000
22,7,723000000,7.723000000,0.0,0.0,0.0,0.0,0.0,0.0,1.0,963,963,0,963,0,0,0.0000,1.0000,0.0000,0.0000,0.0000,23,True,100.00,True,0.0,0.0,0.0,0.00,0.0000,0.00,0.0000,0.0000,1.0000,0.0000,0,963,0,0,0.000000
23,7,756000000,7.756000000,0.0,0.0,0.0,0.0,0.0,0.0,1.0,963,963,0,963,0,0,0.0000,1.0000,0.0000,0.0000,0.0000,24,True,100.00,True,0.0,0.0,0.0,0.00,0.0000,0.00,0.0000,0.0000,1.0000,0.0000,0,963,0,0,0.000000
24,7,789000000,7.789000000,0.0,0.0,0.0,0.0,0.0,0.0,1.0,963,963,0,963,0,0,0.0000,1.0000,0.0000,0.0000,0.0000,25,True,100.00,True,0.0,0.0,0.0,0.00,0.0000,0.00,0.0000,0.0000,1.0000,0.0000,0,963,0,0,0.000000
25,7,822000000,7.822000000,0.0,0.0,0.0,0.0,0.0,0.0,1.0,963,963,0,963,0,0,0.0000,1.0000,0.0000,0.0000,0.0000,26,True,100.00,True,0.0,0.0,0.0,0.00,0.0000,0.00,0.0000,0.0000,1.0000,0.0000,0,963,0,0,0.000000
26,7,855000000,7.855000000,0.0,0.0,0.0,0.0,0.0,0.0,1.0,963,963,0,963,0,0,0.0000,1.0000,0.0000,0.0000,0.0000,27,True,100.00,True,0.0,0.0,0.0,0.00,0.0000,0.00,0.0000,0.0000,1.0000,0.0000,0,963,0,0,0.000000
27,7,888000000,7.888000000,0.0,0.0,0.0,0.0,0.0,0.0,1.0,963,963,0,963,0,0,0.0000,1.0000,0.0000,0.0000,0.0000,28,True,100.00,True,0.0,0.0,0.0,0.00,0.0000,0.00,0.0000,0.0000,1.0000,0.0000,0,963,0,0,0.000000
28,7,921000000,7.921000000,0.0,0.0,0.0,0.0,0.0,0.0,1.0,963,963,0,963,0,0,0.0000,1.0000,0.0000,0.0000,0.0000,29,True,100.00,True,0.0,0.0,0.0,0.00,0.0000,0.00,0.0000,0.0000,1.0000,0.0000,0,963,0,0,0.000000
29,7,954000000,7.954000000,0.0,0.0,0.0,0.0,0.0,0.0,1.0,963,963,0,963,0,0,0.0000,1.0000,0.0000,0.0000,0.0000,30,True,100.00,True,0.0,0.0,0.0,0.00,0.0000,0.00,0.0000,0.0000,1.0000,0.0000,0,963,0,0,0.000000
30,7,987000000,7.987000000,0.0,0.0,0.0,0.0,0.0,0.0,1.0,963,963,0,963,0,0,0.0000,1.0000,0.0000,0.0000,0.0000,31,True,100.00,True,0.0,0.0,0.0,0.00,0.0000,0.00,0.0000,0.0000,1.0000,0.0000,0,963,0,0,0.000000
31,8,20000000,8.020000000,0.0,0.0,0.0,0.0,0.0,0.0,1.0,963,963,0,963,0,0,0.0000,1.0000,0.0000,0.0000,0.0000,32,True,100.00,True,0.0,0.0,0.0,0.00,0.0000,0.00,0.0000,0.0000,1.0000,0.0000,0,963,0,0,0.000000
32,8,53000000,8.053000000,0.0,0.0,0.0,0.0,0.0,0.0,1.0,963,963,0,963,0,0,0.0000,1.0000,0.0000,0.0000,0.0000,33,True,100.00,True,0.0,0.0,0.0,0.00,0.0000,0.00,0.0000,0.0000,1.0000,0.0000,0,963,0,0,0.000000
33,8,86000000,8.086000000,0.0,0.0,0.0,0.0,0.0,0.0,1.0,963,963,0,963,0,0,0.0000,1.0000,0.0000,0.0000,0.0000,34,True,100.00,True,0.0,0.0,0.0,0.00,0.0000,0.00,0.0000,0.0000,1.0000,0.0000,0,963,0,0,0.000000
34,8,119000000,8.119000000,0.0,0.0,0.0,0.0,0.0,0.0,1.0,963,963,0,963,0,0,0.0000,1.0000,0.0000,0.0000,0.0000,35,True,100.00,True,0.0,0.0,0.0,0.00,0.0000,0.00,0.0000,0.0000,1.0000,0.0000,0,963,0,0,0.000000
35,8,152000000,8.152000000,0.0,0.0,0.0,0.0,0.0,0.0,1.0,963,963,0,963,0,0,0.0000,1.0000,0.0000,0.0000,0.0000,36,True,100.00,True,0.0,0.0,0.0,0.00,0.0000,0.00,0.0000,0.0000,1.0000,0.0000,0,963,0,0,0.000000
36,8,185000000,8.185000000,0.0,0.0,0.0,0.0,0.0,0.0,1.0,963,963,0,963,0,0,0.0000,1.0000,0.0000,0.0000,0.0000,37,True,100.00,True,0.0,0.0,0.0,0.00,0.0000,0.00,0.0000,0.0000,1.0000,0.0000,0,963,0,0,0.000000
37,8,218000000,8.218000000,0.0,0.0,0.0,0.0,0.0,0.0,1.0,963,963,0,963,0,0,0.0000,1.0000,0.0000,0.0000,0.0000,38,True,100.00,True,0.0,0.0,0.0,0.00,0.0000,0.00,0.0000,0.0000,1.0000,0.0000,0,963,0,0,0.000000
38,8,251000000,8.251000000,0.0,0.0,0.0,0.0,0.0,0.0,1.0,963,963,0,963,0,0,0.0000,1.0000,0.0000,0.0000,0.0000,39,True,100.00,True,0.0,0.0,0.0,0.00,0.0000,0.00,0.0000,0.0000,1.0000,0.0000,0,963,0,0,0.000000
39,8,284000000,8.284000000,0.0,0.0,0.0,0.0,0.0,0.0,1.0,963,963,0,963,0,0,0.0000,1.0000,0.0000,0.0000,0.0000,40,True,100.00,True,0.0,0.0,0.0,0.00,0.0000,0.00,0.0000,0.0000,1.0000,0.0000,0,963,0,0,0.000000
40,8,317000000,8.317000000,0.0,0.0,0.0,0.0,0.0,0.0,1.0,963,963,0,963,0,0,0.0000,1.0000,0.0000,0.0000,0.0000,41,True,100.00,True,0.0,0.0,0.0,0.00,0.0000,0.00,0.0000,0.0000,1.0000,0.0000,0,963,0,0,0.000000
41,8,350000000,8.350000000,0.0,0.0,0.0,0.0,0.0,0.0,1.0,963,963,0,963,0,0,0.0000,1.0000,0.0000,0.0000,0.0000,42,True,100.00,True,0.0,0.0,0.0,0.00,0.0000,0.00,0.0000,0.0000,1.0000,0.0000,0,963,0,0,0.000000
42,8,383000000,8.383000000,0.0,0.0,0.0,0.0,0.0,0.0,1.0,963,963,0,963,0,0,0.0000,1.0000,0.0000,0.0000,0.0000,43,True,100.00,True,0.0,0.0,0.0,0.00,0.0000,0.00,0.0000,0.0000,1.0000,0.0000,0,963,0,0,0.000000
43,8,416000000,8.416000000,0.0,0.0,0.0,0.0,0.0,0.0,1.0,963,963,0,963,0,0,0.0000,1.0000,0.0000,0.0000,0.0000,44,True,100.00,True,0.0,0.0,0.0,0.00,0.0000,0.00,0.0000,0.0000,1.0000,0.0000,0,963,0,0,0.000000
44,8,449000000,8.449000000,0.0,0.0,0.0,0.0,0.0,0.0,1.0,963,963,0,963,0,0,0.0000,1.0000,0.0000,0.0000,0.0000,45,True,100.00,True,0.0,0.0,0.0,0.00,0.0000,0.00,0.0000,0.0000,1.0000,0.0000,0,963,0,0,0.000000
45,8,482000000,8.482000000,0.0,0.0,0.0,0.0,0.0,0.0,1.0,963,963,0,963,0,0,0.0000,1.0000,0.0000,0.0000,0.0000,46,True,100.00,True,0.0,0.0,0.0,0.00,0.0000,0.00,0.0000,0.0000,1.0000,0.0000,0,963,0,0,0.000000
46,8,515000000,8.515000000,0.0,0.0,0.0,0.0,0.0,0.0,1.0,963,963,0,963,0,0,0.0000,1.0000,0.0000,0.0000,0.0000,47,True,100.00,True,0.0,0.0,0.0,0.00,0.0000,0.00,0.0000,0.0000,1.0000,0.0000,0,963,0,0,0.000000
47,8,548000000,8.548000000,0.0,0.0,0.0,0.0,0.0,0.0,1.0,963,963,0,963,0,0,0.0000,1.0000,0.0000,0.0000,0.0000,48,True,100.00,True,0.0,0.0,0.0,0.00,0.0000,0.00,0.0000,0.0000,1.0000,0.0000,0,963,0,0,0.000000
48,8,581000000,8.581000000,0.0,0.0,0.0,0.0,0.0,0.0,1.0,963,963,0,963,0,0,0.0000,1.0000,0.0000,0.0000,0.0000,49,True,100.00,True,0.0,0.0,0.0,0.00,0.0000,0.00,0.0000,0.0000,1.0000,0.0000,0,963,0,0,0.000000
49,8,614000000,8.614000000,0.0,0.0,0.0,0.0,0.0,0.0,1.0,963,963,0,963,0,0,0.0000,1.0000,0.0000,0.0000,0.0000,50,True,100.00,True,0.0,0.0,0.0,0.00,0.0000,0.00,0.0000,0.0000,1.0000,0.0000,0,963,0,0,0.000000
50,8,647000000,8.647000000,0.0,0.0,0.0,0.0,0.0,0.0,1.0,963,963,0,963,0,0,0.0000,1.0000,0.0000,0.0000,0.0000,51,True,100.00,True,0.0,0.0,0.0,0.00,0.0000,0.00,0.0000,0.0000,1.0000,0.0000,0,963,0,0,0.000000
51,8,680000000,8.680000000,0.0,0.0,0.0,0.0,0.0,0.0,1.0,963,963,0,963,0,0,0.0000,1.0000,0.0000,0.0000,0.0000,52,True,100.00,True,0.0,0.0,0.0,0.00,0.0000,0.00,0.0000,0.0000,1.0000,0.0000,0,963,0,0,0.000000
52,8,713000000,8.713000000,0.0,0.0,0.0,0.0,0.0,0.0,1.0,963,963,0,963,0,0,0.0000,1.0000,0.0000,0.0000,0.0000,53,True,100.00,True,0.0,0.0,0.0,0.00,0.0000,0.00,0.0000,0.0000,1.0000,0.0000,0,963,0,0,0.000000
53,8,746000000,8.746000000,0.0,0.0,0.0,0.0,0.0,0.0,1.0,963,963,0,963,0,0,0.0000,1.0000,0.0000,0.0000,0.0000,54,True,100.00,True,0.0,0.0,0.0,0.00,0.0000,0.00,0.0000,0.0000,1.0000,0.0000,0,963,0,0,0.000000
54,8,779000000,8.779000000,0.0,0.0,0.0,0.0,0.0,0.0,1.0,963,963,0,963,0,0,0.0000,1.0000,0.0000,0.0000,0.0000,55,True,100.00,True,0.0,0.0,0.0,0.00,0.0000,0.00,0.0000,0.0000,1.0000,0.0000,0,963,0,0,0.000000
55,8,812000000,8.812000000,0.0,0.0,0.0,0.0,0.0,0.0,1.0,963,963,0,963,0,0,0.0000,1.0000,0.0000,0.0000,0.0000,56,True,100.00,True,0.0,0.0,0.0,0.00,0.0000,0.00,0.0000,0.0000,1.0000,0.0000,0,963,0,0,0.000000
56,8,845000000,8.845000000,0.0,0.0,0.0,0.0,0.0,0.0,1.0,963,963,0,963,0,0,0.0000,1.0000,0.0000,0.0000,0.0000,57,True,100.00,True,0.0,0.0,0.0,0.00,0.0000,0.00,0.0000,0.0000,1.0000,0.0000,0,963,0,0,0.000000
57,8,878000000,8.878000000,0.0,0.0,0.0,0.0,0.0,0.0,1.0,963,963,0,963,0,0,0.0000,1.0000,0.0000,0.0000,0.0000,58,True,100.00,True,0.0,0.0,0.0,0.00,0.0000,0.00,0.0000,0.0000,1.0000,0.0000,0,963,0,0,0.000000
58,8,911000000,8.911000000,0.0,0.0,0.0,0.0,0.0,0.0,1.0,963,963,0,963,0,0,0.0000,1.0000,0.0000,0.0000,0.0000,59,True,100.00,True,0.0,0.0,0.0,0.00,0.0000,0.00,0.0000,0.0000,1.0000,0.0000,0,963,0,0,0.000000
59,8,944000000,8.944000000,0.0,0.0,0.0,0.0,0.0,0.0,1.0,963,963,0,963,0,0,0.0000,1.0000,0.0000,0.0000,0.0000,60,True,100.00,True,0.0,0.0,0.0,0.00,0.0000,0.00,0.0000,0.0000,1.0000,0.0000,0,963,0,0,0.000000
60,8,977000000,8.977000000,0.0,0.0,0.0,0.0,0.0,0.0,1.0,963,963,0,963,0,0,0.0000,1.0000,0.0000,0.0000,0.0000,61,True,100.00,True,0.0,0.0,0.0,0.00,0.0000,0.00,0.0000,0.0000,1.0000,0.0000,0,963,0,0,0.000000
61,9,10000000,9.010000000,0.0,0.0,0.0,0.0,0.0,0.0,1.0,963,963,0,963,0,0,0.0000,1.0000,0.0000,0.0000,0.0000,62,True,100.00,True,0.0,0.0,0.0,0.00,0.0000,0.00,0.0000,0.0000,1.0000,0.0000,0,963,0,0,0.000000
62,9,43000000,9.043000000,0.0,0.0,0.0,0.0,0.0,0.0,1.0,963,963,0,963,0,0,0.0000,1.0000,0.0000,0.0000,0.0000,63,True,100.00,True,0.0,0.0,0.0,0.00,0.0000,0.00,0.0000,0.0000,1.0000,0.0000,0,963,0,0,0.000000
63,9,76000000,9.076000000,0.0,0.0,0.0,0.0,0.0,0.0,1.0,963,963,0,963,0,0,0.0000,1.0000,0.0000,0.0000,0.0000,64,True,100.00,True,0.0,0.0,0.0,0.00,0.0000,0.00,0.0000,0.0000,1.0000,0.0000,0,963,0,0,0.000000
64,9,109000000,9.109000000,0.0,0.0,0.0,0.0,0.0,0.0,1.0,963,963,0,963,0,0,0.0000,1.0000,0.0000,0.0000,0.0000,65,True,100.00,True,0.0,0.0,0.0,0.00,0.0000,0.00,0.0000,0.0000,1.0000,0.0000,0,963,0,0,0.000000
65,9,142000000,9.142000000,0.0,0.0,0.0,0.0,0.0,0.0,1.0,963,963,0,963,0,0,0.0000,1.0000,0.0000,0.0000,0.0000,66,True,100.00,True,0.0,0.0,0.0,0.00,0.0000,0.00,0.0000,0.0000,1.0000,0.0000,0,963,0,0,0.000000
66,9,175000000,9.175000000,0.0,0.0,0.0,0.0,0.0,0.0,1.0,963,963,0,963,0,0,0.0000,1.0000,0.0000,0.0000,0.0000,67,True,100.00,True,0.0,0.0,0.0,0.00,0.0000,0.00,0.0000,0.0000,1.0000,0.0000,0,963,0,0,0.000000
67,9,208000000,9.208000000,0.0,0.0,0.0,0.0,0.0,0.0,1.0,963,963,0,963,0,0,0.0000,1.0000,0.0000,0.0000,0.0000,68,True,100.00,True,0.0,0.0,0.0,0.00,0.0000,0.00,0.0000,0.0000,1.0000,0.0000,0,963,0,0,0.000000
68,9,241000000,9.241000000,0.0,0.0,0.0,0.0,0.0,0.0,1.0,963,963,0,963,0,0,0.0000,1.0000,0.0000,0.0000,0.0000,69,True,100.00,True,0.0,0.0,0.0,0.00,0.0000,0.00,0.0000,0.0000,1.0000,0.0000,0,963,0,0,0.000000
69,9,274000000,9.274000000,0.0,0.0,0.0,0.0,0.0,0.0,1.0,963,963,0,963,0,0,0.0000,1.0000,0.0000,0.0000,0.0000,70,True,100.00,True,0.0,0.0,0.0,0.00,0.0000,0.00,0.0000,0.0000,1.0000,0.0000,0,963,0,0,0.000000
70,9,307000000,9.307000000,0.0,0.0,0.0,0.0,0.0,0.0,1.0,963,963,0,963,0,0,0.0000,1.0000,0.0000,0.0000,0.0000,71,True,100.00,True,0.0,0.0,0.0,0.00,0.0000,0.00,0.0000,0.0000,1.0000,0.0000,0,963,0,0,0.000000
71,9,340000000,9.340000000,0.0,0.0,0.0,0.0,0.0,0.0,1.0,963,960,0,960,0,0,0.0000,0.9969,0.0000,0.0024,0.0000,72,True,100.00,True,0.0,0.0,0.0,0.00,0.0000,0.00,0.0000,0.0000,1.0000,0.0000,0,960,0,0,0.000000
72,9,373000000,9.373000000,0.0,0.0,0.0,0.0,0.0,0.0,1.0,960,960,0,960,0,0,0.0000,1.0000,0.0000,0.0003,0.0000,73,True,100.00,True,0.0,0.0,0.0,0.00,0.0000,0.00,0.0000,0.0000,1.0000,0.0000,0,960,0,0,0.000000
73,9,406000000,9.406000000,0.0,0.0,0.0,0.0,0.0,0.0,1.0,960,960,0,960,0,0,0.0000,1.0000,0.0000,0.0000,0.0000,74,True,100.00,True,0.0,0.0,0.0,0.00,0.0000,0.00,0.0000,0.0000,1.0000,0.0000,0,960,0,0,0.000000
74,9,439000000,9.439000000,0.0,0.0,0.0,0.0,0.0,0.0,1.0,960,960,0,960,0,0,0.0000,1.0000,0.0000,0.0000,0.0000,75,True,100.00,True,0.0,0.0,0.0,0.00,0.0000,0.00,0.0000,0.0000,1.0000,0.0000,0,960,0,0,0.000000
75,9,472000000,9.472000000,0.0,0.0,0.0,0.0,0.0,0.0,1.0,960,960,0,960,0,0,0.0000,1.0000,0.0000,0.0000,0.0000,76,True,100.00,True,0.0,0.0,0.0,0.00,0.0000,0.00,0.0000,0.0000,1.0000,0.0000,0,960,0,0,0.000000
76,9,505000000,9.505000000,0.0,0.0,0.0,0.0,0.0,0.0,1.0,960,960,0,960,0,0,0.0000,1.0000,0.0000,0.0000,0.0000,77,True,100.00,True,0.0,0.0,0.0,0.00,0.0000,0.00,0.0000,0.0000,1.0000,0.0000,0,960,0,0,0.000000
77,9,538000000,9.538000000,0.0,0.0,0.0,0.0,0.0,0.0,1.0,960,950,0,950,0,0,0.0000,0.9896,0.0000,0.0021,0.0000,78,True,100.00,True,0.0,0.0,0.0,0.00,0.0000,0.00,0.0000,0.0000,1.0000,0.0000,0,950,0,0,0.000000
78,9,571000000,9.571000000,0.0,0.0,0.0,0.0,0.0,0.0,1.0,950,950,0,950,0,0,0.0000,1.0000,0.0000,0.0031,0.0000,79,True,100.00,True,0.0,0.0,0.0,0.00,0.0000,0.00,0.0000,0.0000,1.0000,0.0000,0,950,0,0,0.000000
79,9,604000000,9.604000000,0.0,0.0,0.0,0.0,0.0,0.0,1.0,950,950,0,950,0,0,0.0000,1.0000,0.0000,0.0000,0.0000,80,True,100.00,True,0.0,0.0,0.0,0.00,0.0000,0.00,0.0000,0.0000,1.0000,0.0000,0,950,0,0,0.000000
80,9,637000000,9.637000000,0.0,0.0,0.0,0.0,0.0,0.0,1.0,950,950,0,950,0,0,0.0000,1.0000,0.0000,0.0000,0.0000,81,True,100.00,True,0.0,0.0,0.0,0.00,0.0000,0.00,0.0000,0.0000,1.0000,0.0000,0,950,0,0,0.000000
81,9,670000000,9.670000000,0.0,0.0,0.0,0.0,0.0,0.0,1.0,950,950,0,950,0,0,0.0000,1.0000,0.0000,0.0000,0.0000,82,True,100.00,True,0.0,0.0,0.0,0.00,0.0000,0.00,0.0000,0.0000,1.0000,0.0000,0,950,0,0,0.000000
82,9,703000000,9.703000000,0.0,0.0,0.0,0.0,0.0,0.0,1.0,950,950,0,950,0,0,0.0000,1.0000,0.0000,0.0000,0.0000,83,True,100.00,True,0.0,0.0,0.0,0.00,0.0000,0.00,0.0000,0.0000,1.0000,0.0000,0,950,0,0,0.000000
83,9,736000000,9.736000000,0.0,0.0,0.0,0.0,0.0,0.0,1.0,950,950,0,950,0,0,0.0000,1.0000,0.0000,0.0020,0.0000,84,True,100.00,True,0.0,0.0,0.0,0.00,0.0000,0.00,0.0000,0.0000,1.0000,0.0000,0,950,0,0,0.000000
84,9,769000000,9.769000000,0.0,0.0,0.0,0.0,0.0,0.0,1.0,950,950,0,950,0,0,0.0000,1.0000,0.0000,0.0017,0.0000,85,True,100.00,True,0.0,0.0,0.0,0.00,0.0000,0.00,0.0000,0.0000,1.0000,0.0000,0,950,0,0,0.000000
85,9,802000000,9.802000000,0.0,0.0,0.0,0.0,0.0,0.0,1.0,950,950,0,950,0,0,0.0000,1.0000,0.0000,0.0000,0.0000,86,True,100.00,True,0.0,0.0,0.0,0.00,0.0000,0.00,0.0000,0.0000,1.0000,0.0000,0,950,0,0,0.000000
86,9,835000000,9.835000000,0.0,0.0,0.0,0.0,0.0,0.0,1.0,950,950,0,950,0,0,0.0000,1.0000,0.0000,0.0000,0.0000,87,True,100.00,True,0.0,0.0,0.0,0.00,0.0000,0.00,0.0000,0.0000,1.0000,0.0000,0,950,0,0,0.000000
87,9,868000000,9.868000000,0.0,0.0,0.0,0.0,0.0,0.0,1.0,950,950,0,950,0,0,0.0000,1.0000,0.0000,0.0000,0.0000,88,True,100.00,True,0.0,0.0,0.0,0.00,0.0000,0.00,0.0000,0.0000,1.0000,0.0000,0,950,0,0,0.000000
88,9,901000000,9.901000000,0.0,0.0,0.0,0.0,0.0,0.0,1.0,950,950,0,950,0,0,0.0000,1.0000,0.0000,0.0000,0.0000,89,True,100.00,True,0.0,0.0,0.0,0.00,0.0000,0.00,0.0000,0.0000,1.0000,0.0000,0,950,0,0,0.000000
89,9,934000000,9.934000000,0.0,0.0,0.0,0.0,0.0,0.0,1.0,950,950,0,950,0,0,0.0000,1.0000,0.0000,0.0000,0.0000,90,True,100.00,True,0.0,0.0,0.0,0.00,0.0000,0.00,0.0000,0.0000,1.0000,0.0000,0,950,0,0,0.000000
90,9,967000000,9.967000000,0.0,0.0,0.0,0.0,0.0,0.0,1.0,950,950,0,950,0,0,0.0000,1.0000,0.0000,0.0020,0.0000,91,True,100.00,True,0.0,0.0,0.0,0.00,0.0000,0.00,0.0000,0.0000,1.0000,0.0000,0,950,0,0,0.000000
91,10,0,10.000000000,0.0,0.0,0.0,0.0,0.0,0.0,1.0,950,950,0,950,0,0,0.0000,1.0000,0.0000,0.0006,0.0000,92,True,100.00,True,0.0,0.0,0.0,0.00,0.0000,0.00,0.0000,0.0000,1.0000,0.0000,0,950,0,0,0.000000
92,10,33000000,10.033000000,0.0,0.0,0.0,0.0,0.0,0.0,1.0,950,950,0,950,0,0,0.0000,1.0000,0.0000,0.0000,0.0000,93,True,100.00,True,0.0,0.0,0.0,0.00,0.0000,0.00,0.0000,0.0000,1.0000,0.0000,0,950,0,0,0.000000
93,10,66000000,10.066000000,0.0,0.0,0.0,0.0,0.0,0.0,1.0,950,950,0,950,0,0,0.0000,1.0000,0.0000,0.0000,0.0000,94,True,100.00,True,0.0,0.0,0.0,0.00,0.0000,0.00,0.0000,0.0000,1.0000,0.0000,0,950,0,0,0.000000
94,10,99000000,10.099000000,0.0,0.0,0.0,0.0,0.0,0.0,1.0,950,950,0,950,0,0,0.0000,1.0000,0.0000,0.0000,0.0000,95,True,100.00,True,0.0,0.0,0.0,0.00,0.0000,0.00,0.0000,0.0000,1.0000,0.0000,0,950,0,0,0.000000
95,10,132000000,10.132000000,0.0,0.0,0.0,0.0,0.0,0.0,1.0,950,950,0,950,0,0,0.0000,1.0000,0.0000,0.0000,0.0000,96,True,100.00,True,0.0,0.0,0.0,0.00,0.0000,0.00,0.0000,0.0000,1.0000,0.0000,0,950,0,0,0.000000
96,10,165000000,10.165000000,0.0,0.0,0.0,0.0,0.0,0.0,1.0,950,950,0,950,0,0,0.0000,1.0000,0.0000,0.0018,0.0000,97,True,100.00,True,0.0,0.0,0.0,0.00,0.0000,0.00,0.0000,0.0000,1.0000,0.0000,0,950,0,0,0.000000
97,10,198000000,10.198000000,0.0,0.0,0.0,0.0,0.0,0.0,1.0,950,950,0,950,0,0,0.0000,1.0000,0.0000,0.0028,0.0000,98,True,100.00,True,0.0,0.0,0.0,0.00,0.0000,0.00,0.0000,0.0000,1.0000,0.0000,0,950,0,0,0.000000
98,10,231000000,10.231000000,0.0,0.0,0.0,0.0,0.0,0.0,1.0,950,950,0,950,0,0,0.0000,1.0000,0.0000,0.0000,0.0000,99,True,100.00,True,0.0,0.0,0.0,0.00,0.0000,0.00,0.0000,0.0000,1.0000,0.0000,0,950,0,0,0.000000
99,10,264000000,10.264000000,0.0,0.0,0.0,0.0,0.0,0.0,1.0,950,950,0,950,0,0,0.0000,1.0000,0.0000,0.0000,0.0000,100,True,100.00,True,0.0,0.0,0.0,0.00,0.0000,0.00,0.0000,0.0000,1.0000,0.0000,0,950,0,0,0.000000
100,10,297000000,10.297000000,0.0,0.0,0.0,0.0,0.0,0.0,1.0,950,950,0,950,0,0,0.0000,1.0000,0.0000,0.0000,0.0000,101,True,100.00,True,0.0,0.0,0.0,0.00,0.0000,0.00,0.0000,0.0000,1.0000,0.0000,0,950,0,0,0.000000
101,10,330000000,10.330000000,0.0,0.0,0.0,0.0,0.0,0.0,1.0,950,950,0,950,0,0,0.0000,1.0000,0.0000,0.0000,0.0000,102,True,100.00,True,0.0,0.0,0.0,0.00,0.0000,0.00,0.0000,0.0000,1.0000,0.0000,0,950,0,0,0.000000
102,10,363000000,10.363000000,0.0,0.0,0.0,0.0,0.0,0.0,1.0,950,950,0,950,0,0,0.0000,1.0000,0.0000,0.0018,0.0000,103,True,100.00,True,0.0,0.0,0.0,0.00,0.0000,0.00,0.0000,0.0000,1.0000,0.0000,0,950,0,0,0.000000
103,10,396000000,10.396000000,0.0,0.0,0.0,0.0,0.0,0.0,1.0,950,950,0,950,0,0,0.0000,1.0000,0.0000,0.0028,0.0000,104,True,100.00,True,0.0,0.0,0.0,0.00,0.0000,0.00,0.0000,0.0000,1.0000,0.0000,0,950,0,0,0.000000
104,10,429000000,10.429000000,0.0,0.0,0.0,0.0,0.0,0.0,1.0,950,950,0,950,0,0,0.0000,1.0000,0.0000,0.0000,0.0000,105,True,100.00,True,0.0,0.0,0.0,0.00,0.0000,0.00,0.0000,0.0000,1.0000,0.0000,0,950,0,0,0.000000
105,10,462000000,10.462000000,0.0,0.0,0.0,0.0,0.0,0.0,1.0,950,950,0,950,0,0,0.0000,1.0000,0.0000,0.0000,0.0000,106,True,100.00,True,0.0,0.0,0.0,0.00,0.0000,0.00,0.0000,0.0000,1.0000,0.0000,0,950,0,0,0.000000
106,10,495000000,10.495000000,0.0,0.0,0.0,0.0,0.0,0.0,1.0,950,950,0,950,0,0,0.0000,1.0000,0.0000,0.0000,0.0000,107,True,100.00,True,0.0,0.0,0.0,0.00,0.0000,0.00,0.0000,0.0000,1.0000,0.0000,0,950,0,0,0.000000
107,10,528000000,10.528000000,0.0,0.0,0.0,0.0,0.0,0.0,1.0,950,950,0,950,0,0,0.0000,1.0000,0.0000,0.0000,0.0000,108,True,100.00,True,0.0,0.0,0.0,0.00,0.0000,0.00,0.0000,0.0000,1.0000,0.0000,0,950,0,0,0.000000
108,10,561000000,10.561000000,0.0,0.0,0.0,0.0,0.0,0.0,1.0,950,950,0,950,0,0,0.0000,1.0000,0.0000,0.0022,0.0001,109,True,100.00,True,0.0,0.0,0.0,0.00,0.0000,0.00,0.0000,0.0000,1.0000,0.0000,0,950,0,0,0.000000
109,10,594000000,10.594000000,0.0,0.0,0.0,0.0,0.0,0.0,1.0,950,950,0,950,0,0,0.0000,1.0000,0.0000,0.0000,0.0000,110,True,100.00,True,0.0,0.0,0.0,0.00,0.0000,0.00,0.0000,0.0000,1.0000,0.0000,0,950,0,0,0.000000
110,10,627000000,10.627000000,0.0,0.0,0.0,0.0,0.0,0.0,1.0,950,950,0,950,0,0,0.0000,1.0000,0.0000,0.0000,0.0000,111,True,100.00,True,0.0,0.0,0.0,0.00,0.0000,0.00,0.0000,0.0000,1.0000,0.0000,0,950,0,0,0.000000
111,10,660000000,10.660000000,0.0,0.0,0.0,0.0,0.0,0.0,1.0,950,950,0,950,0,0,0.0000,1.0000,0.0000,0.0000,0.0000,112,True,100.00,True,0.0,0.0,0.0,0.00,0.0000,0.00,0.0000,0.0000,1.0000,0.0000,0,950,0,0,0.000000
112,10,693000000,10.693000000,0.0,0.0,0.0,0.0,0.0,0.0,1.0,950,949,0,949,0,0,0.0000,0.9989,0.0000,0.0024,0.0000,113,True,100.00,True,0.0,0.0,0.0,0.00,0.0000,0.00,0.0000,0.0000,1.0000,0.0000,0,949,0,0,0.000000
113,10,726000000,10.726000000,0.0,0.0,0.0,0.0,0.0,0.0,1.0,949,949,0,949,0,0,0.0000,1.0000,0.0000,0.0000,0.0000,114,True,100.00,True,0.0,0.0,0.0,0.00,0.0000,0.00,0.0000,0.0000,1.0000,0.0000,0,949,0,0,0.000000
114,10,759000000,10.759000000,0.0,0.0,0.0,0.0,0.0,0.0,1.0,949,949,0,949,0,0,0.0000,1.0000,0.0000,0.0000,0.0000,115,True,100.00,True,0.0,0.0,0.0,0.00,0.0000,0.00,0.0000,0.0000,1.0000,0.0000,0,949,0,0,0.000000
115,10,792000000,10.792000000,0.0,0.0,0.0,0.0,0.0,0.0,1.0,949,949,0,949,0,0,0.0000,1.0000,0.0000,0.0000,0.0000,116,True,100.00,True,0.0,0.0,0.0,0.00,0.0000,0.00,0.0000,0.0000,1.0000,0.0000,0,949,0,0,0.000000
116,10,825000000,10.825000000,0.0,0.0,0.0,0.0,0.0,0.0,1.0,949,949,0,949,0,0,0.0000,1.0000,0.0000,0.0027,0.0000,117,True,100.00,True,0.0,0.0,0.0,0.00,0.0000,0.00,0.0000,0.0000,1.0000,0.0000,0,949,0,0,0.000000
117,10,858000000,10.858000000,0.0,0.0,0.0,0.0,0.0,0.0,1.0,949,949,0,949,0,0,0.0000,1.0000,0.0000,0.0000,0.0000,118,True,100.00,True,0.0,0.0,0.0,0.00,0.0000,0.00,0.0000,0.0000,1.0000,0.0000,0,949,0,0,0.000000
118,10,891000000,10.891000000,0.0,0.0,0.0,0.0,0.0,0.0,1.0,949,949,0,949,0,0,0.0000,1.0000,0.0000,0.0000,0.0000,119,True,100.00,True,0.0,0.0,0.0,0.00,0.0000,0.00,0.0000,0.0000,1.0000,0.0000,0,949,0,0,0.000000
119,10,924000000,10.924000000,0.0,0.0,0.0,0.0,0.0,0.0,1.0,949,949,0,949,0,0,0.0000,1.0000,0.0000,0.0000,0.0000,120,True,100.00,True,0.0,0.0,0.0,0.00,0.0000,0.00,0.0000,0.0000,1.0000,0.0000,0,949,0,0,0.000000
120,10,957000000,10.957000000,0.0,0.0,0.0,0.0,0.0,0.0,1.0,949,949,0,949,0,0,0.0000,1.0000,0.0000,0.0031,0.0000,121,True,100.00,True,0.0,0.0,0.0,0.00,0.0000,0.00,0.0000,0.0000,1.0000,0.0000,0,949,0,0,0.000000
121,10,990000000,10.990000000,0.0,0.0,0.0,0.0,0.0,0.0,1.0,949,949,0,949,0,0,0.0000,1.0000,0.0000,0.0000,0.0000,122,True,100.00,True,0.0,0.0,0.0,0.00,0.0000,0.00,0.0000,0.0000,1.0000,0.0000,0,949,0,0,0.000000
122,11,23000000,11.023000000,0.0,0.0,0.0,0.0,0.0,0.0,1.0,949,949,0,949,0,0,0.0000,1.0000,0.0000,0.0000,0.0000,123,True,100.00,True,0.0,0.0,0.0,0.00,0.0000,0.00,0.0000,0.0000,1.0000,0.0000,0,949,0,0,0.000000
123,11,56000000,11.056000000,0.0,0.0,0.0,0.0,0.0,0.0,1.0,949,949,0,949,0,0,0.0000,1.0000,0.0000,0.0013,0.0000,124,True,100.00,True,0.0,0.0,0.0,0.00,0.0000,0.00,0.0000,0.0000,1.0000,0.0000,0,949,0,0,0.000000
124,11,89000000,11.089000000,0.0,0.0,0.0,0.0,0.0,0.0,1.0,949,949,0,949,0,0,0.0000,1.0000,0.0000,0.0000,0.0000,125,True,100.00,True,0.0,0.0,0.0,0.00,0.0000,0.00,0.0000,0.0000,1.0000,0.0000,0,949,0,0,0.000000
125,11,122000000,11.122000000,0.0,0.0,0.0,0.0,0.0,0.0,1.0,949,949,0,949,0,0,0.0000,1.0000,0.0000,0.0000,0.0000,126,True,100.00,True,0.0,0.0,0.0,0.00,0.0000,0.00,0.0000,0.0000,1.0000,0.0000,0,949,0,0,0.000000
126,11,155000000,11.155000000,0.0,0.0,0.0,0.0,0.0,0.0,1.0,949,949,0,949,0,0,0.0000,1.0000,0.0000,0.0022,0.0001,127,True,100.00,True,0.0,0.0,0.0,0.00,0.0000,0.00,0.0000,0.0000,1.0000,0.0000,0,949,0,0,0.000000
127,11,188000000,11.188000000,0.0,0.0,0.0,0.0,0.0,0.0,1.0,949,949,0,949,0,0,0.0000,1.0000,0.0000,0.0000,0.0000,128,True,100.00,True,0.0,0.0,0.0,0.00,0.0000,0.00,0.0000,0.0000,1.0000,0.0000,0,949,0,0,0.000000
128,11,221000000,11.221000000,0.0,0.0,0.0,0.0,0.0,0.0,1.0,949,949,0,949,0,0,0.0000,1.0000,0.0000,0.0000,0.0000,129,True,100.00,True,0.0,0.0,0.0,0.00,0.0000,0.00,0.0000,0.0000,1.0000,0.0000,0,949,0,0,0.000000
129,11,254000000,11.254000000,0.0,0.0,0.0,0.0,0.0,0.0,1.0,949,949,0,949,0,0,0.0000,1.0000,0.0000,0.0000,0.0000,130,True,100.00,True,0.0,0.0,0.0,0.00,0.0000,0.00,0.0000,0.0000,1.0000,0.0000,0,949,0,0,0.000000
130,11,287000000,11.287000000,0.0,0.0,0.0,0.0,0.0,0.0,1.0,949,949,0,949,0,0,0.0000,1.0000,0.0000,0.0000,0.0000,131,True,100.00,True,0.0,0.0,0.0,0.00,0.0000,0.00,0.0000,0.0000,1.0000,0.0000,0,949,0,0,0.000000
131,11,320000000,11.320000000,0.0,0.0,0.0,0.0,0.0,0.0,1.0,949,949,0,949,0,0,0.0000,1.0000,0.0000,0.0028,0.0001,132,True,100.00,True,0.0,0.0,0.0,0.00,0.0000,0.00,0.0000,0.0000,1.0000,0.0000,0,949,0,0,0.000000
132,11,353000000,11.353000000,0.0,0.0,0.0,0.0,0.0,0.0,1.0,949,949,0,949,0,0,0.0000,1.0000,0.0000,0.0000,0.0000,133,True,100.00,True,0.0,0.0,0.0,0.00,0.0000,0.00,0.0000,0.0000,1.0000,0.0000,0,949,0,0,0.000000
133,11,386000000,11.386000000,0.0,0.0,0.0,0.0,0.0,0.0,1.0,949,949,0,949,0,0,0.0000,1.0000,0.0000,0.0000,0.0000,134,True,100.00,True,0.0,0.0,0.0,0.00,0.0000,0.00,0.0000,0.0000,1.0000,0.0000,0,949,0,0,0.000000
134,11,419000000,11.419000000,0.0,0.0,0.0,0.0,0.0,0.0,1.0,949,949,0,949,0,0,0.0000,1.0000,0.0000,0.0000,0.0000,135,True,100.00,True,0.0,0.0,0.0,0.00,0.0000,0.00,0.0000,0.0000,1.0000,0.0000,0,949,0,0,0.000000
135,11,452000000,11.452000000,0.0,0.0,0.0,0.0,0.0,0.0,1.0,949,949,0,949,0,0,0.0000,1.0000,0.0000,0.0000,0.0000,136,True,100.00,True,0.0,0.0,0.0,0.00,0.0000,0.00,0.0000,0.0000,1.0000,0.0000,0,949,0,0,0.000000
136,11,485000000,11.485000000,0.0,0.0,0.0,0.0,0.0,0.0,1.0,949,949,0,949,0,0,0.0000,1.0000,0.0000,0.0000,0.0000,137,True,100.00,True,0.0,0.0,0.0,0.00,0.0000,0.00,0.0000,0.0000,1.0000,0.0000,0,949,0,0,0.000000
137,11,518000000,11.518000000,0.0,0.0,0.0,0.0,0.0,0.0,1.0,949,949,0,949,0,0,0.0000,1.0000,0.0000,0.0000,0.0000,138,True,100.00,True,0.0,0.0,0.0,0.00,0.0000,0.00,0.0000,0.0000,1.0000,0.0000,0,949,0,0,0.000000
138,11,551000000,11.551000000,0.0,0.0,0.0,0.0,0.0,0.0,1.0,949,949,0,949,0,0,0.0000,1.0000,0.0000,0.0007,0.0000,139,True,100.00,True,0.0,0.0,0.0,0.00,0.0000,0.00,0.0000,0.0000,1.0000,0.0000,0,949,0,0,0.000000
139,11,584000000,11.584000000,0.0,0.0,0.0,0.0,0.0,0.0,1.0,949,949,0,949,0,0,0.0000,1.0000,0.0000,0.0000,0.0000,140,True,100.00,True,0.0,0.0,0.0,0.00,0.0000,0.00,0.0000,0.0000,1.0000,0.0000,0,949,0,0,0.000000
140,11,617000000,11.617000000,0.0,0.0,0.0,0.0,0.0,0.0,1.0,949,949,0,949,0,0,0.0000,1.0000,0.0000,0.0006,0.0000,141,True,100.00,True,0.0,0.0,0.0,0.00,0.0000,0.00,0.0000,0.0000,1.0000,0.0000,0,949,0,0,0.000000
141,11,650000000,11.650000000,0.0,0.0,0.0,0.0,0.0,0.0,1.0,949,949,0,949,0,0,0.0000,1.0000,0.0000,0.0000,0.0000,142,True,100.00,True,0.0,0.0,0.0,0.00,0.0000,0.00,0.0000,0.0000,1.0000,0.0000,0,949,0,0,0.000000
142,11,683000000,11.683000000,0.0,0.0,0.0,0.0,0.0,0.0,1.0,949,949,0,949,0,0,0.0000,1.0000,0.0000,0.0000,0.0000,143,True,100.00,True,0.0,0.0,0.0,0.00,0.0000,0.00,0.0000,0.0000,1.0000,0.0000,0,949,0,0,0.000000
143,11,716000000,11.716000000,0.0,0.0,0.0,0.0,0.0,0.0,1.0,949,949,0,949,0,0,0.0000,1.0000,0.0000,0.0000,0.0000,144,True,100.00,True,0.0,0.0,0.0,0.00,0.0000,0.00,0.0000,0.0000,1.0000,0.0000,0,949,0,0,0.000000
144,11,749000000,11.749000000,0.0,0.0,0.0,0.0,0.0,0.0,1.0,949,949,0,949,0,0,0.0000,1.0000,0.0000,0.0000,0.0000,145,True,100.00,True,0.0,0.0,0.0,0.00,0.0000,0.00,0.0000,0.0000,1.0000,0.0000,0,949,0,0,0.000000
145,11,782000000,11.782000000,0.0,0.0,0.0,0.0,0.0,0.0,1.0,949,949,0,949,0,0,0.0000,1.0000,0.0000,0.0016,0.0000,146,True,100.00,True,0.0,0.0,0.0,0.00,0.0000,0.00,0.0000,0.0000,1.0000,0.0000,0,949,0,0,0.000000
146,11,815000000,11.815000000,0.0,0.0,0.0,0.0,0.0,0.0,1.0,949,949,0,949,0,0,0.0000,1.0000,0.0000,0.0000,0.0000,147,True,100.00,True,0.0,0.0,0.0,0.00,0.0000,0.00,0.0000,0.0000,1.0000,0.0000,0,949,0,0,0.000000
147,11,848000000,11.848000000,0.0,0.0,0.0,0.0,0.0,0.0,1.0,949,949,0,949,0,0,0.0000,1.0000,0.0000,0.0028,0.0000,148,True,100.00,True,0.0,0.0,0.0,0.00,0.0000,0.00,0.0000,0.0000,1.0000,0.0000,0,949,0,0,0.000000
148,11,881000000,11.881000000,0.0,0.0,0.0,0.0,0.0,0.0,1.0,949,949,0,949,0,0,0.0000,1.0000,0.0000,0.0000,0.0000,149,True,100.00,True,0.0,0.0,0.0,0.00,0.0000,0.00,0.0000,0.0000,1.0000,0.0000,0,949,0,0,0.000000
149,11,914000000,11.914000000,0.0,0.0,0.0,0.0,0.0,0.0,1.0,949,949,0,949,0,0,0.0000,1.0000,0.0000,0.0000,0.0000,150,True,100.00,True,0.0,0.0,0.0,0.00,0.0000,0.00,0.0000,0.0000,1.0000,0.0000,0,949,0,0,0.000000
150,11,947000000,11.947000000,0.0,0.0,0.0,0.0,0.0,0.0,1.0,949,949,0,949,0,0,0.0000,1.0000,0.0000,0.0027,0.0000,151,True,100.00,True,0.0,0.0,0.0,0.00,0.0000,0.00,0.0000,0.0000,1.0000,0.0000,0,949,0,0,0.000000
151,11,980000000,11.980000000,0.0,0.0,0.0,0.0,0.0,0.0,1.0,949,949,0,949,0,0,0.0000,1.0000,0.0000,0.0000,0.0000,152,True,100.00,True,0.0,0.0,0.0,0.00,0.0000,0.00,0.0000,0.0000,1.0000,0.0000,0,949,0,0,0.000000
152,12,13000000,12.013000000,0.0,0.0,0.0,0.0,0.0,0.0,1.0,949,949,0,949,0,0,0.0000,1.0000,0.0000,0.0000,0.0000,153,True,100.00,True,0.0,0.0,0.0,0.00,0.0000,0.00,0.0000,0.0000,1.0000,0.0000,0,949,0,0,0.000000
153,12,46000000,12.046000000,0.0,0.0,0.0,0.0,0.0,0.0,1.0,949,949,0,949,0,0,0.0000,1.0000,0.0000,0.0029,0.0001,154,True,100.00,True,0.0,0.0,0.0,0.00,0.0000,0.00,0.0000,0.0000,1.0000,0.0000,0,949,0,0,0.000000
154,12,79000000,12.079000000,0.0,0.0,0.0,0.0,0.0,0.0,1.0,949,949,0,949,0,0,0.0000,1.0000,0.0000,0.0000,0.0000,155,True,100.00,True,0.0,0.0,0.0,0.00,0.0000,0.00,0.0000,0.0000,1.0000,0.0000,0,949,0,0,0.000000
155,12,112000000,12.112000000,0.0,0.0,0.0,0.0,0.0,0.0,1.0,949,949,0,949,0,0,0.0000,1.0000,0.0000,0.0000,0.0000,156,True,100.00,True,0.0,0.0,0.0,0.00,0.0000,0.00,0.0000,0.0000,1.0000,0.0000,0,949,0,0,0.000000
156,12,145000000,12.145000000,0.0,0.0,0.0,0.0,0.0,0.0,1.0,949,949,0,949,0,0,0.0000,1.0000,0.0000,0.0000,0.0000,157,True,100.00,True,0.0,0.0,0.0,0.00,0.0000,0.00,0.0000,0.0000,1.0000,0.0000,0,949,0,0,0.000000
157,12,178000000,12.178000000,0.0,0.0,0.0,0.0,0.0,0.0,1.0,949,949,0,949,0,0,0.0000,1.0000,0.0000,0.0031,0.0001,158,True,100.00,True,0.0,0.0,0.0,0.00,0.0000,0.00,0.0000,0.0000,1.0000,0.0000,0,949,0,0,0.000000
158,12,211000000,12.211000000,0.0,0.0,0.0,0.0,0.0,0.0,1.0,949,949,0,949,0,0,0.0000,1.0000,0.0077,0.8185,0.0718,159,True,100.00,True,0.0,0.0,0.0,0.00,0.0000,0.00,0.0000,0.0000,1.0000,0.0000,0,949,0,0,0.000000
159,12,244000000,12.244000000,-0.8474392592920739,0.498446229755695,0.18275135526948627,-1.5215763074273786e-05,-6.258275793393269e-05,-4.445810841587469e-05,0.9999999969376778,949,949,40,946,40,0,0.0421,1.0000,0.2013,12.0029,1.4023,0,True,98.36,True,-0.8474392592920739,0.498446229755695,0.18275135526948627,0.01,0.0000,0.00,0.0000,0.0000,1.0000,0.0452,0,949,0,0,0.000005
160,12,277000000,12.277000000,-0.8474392592920739,0.498446229755695,0.18275135526948627,-1.5215763074273786e-05,-6.258275793393269e-05,-4.445810841587469e-05,0.9999999969376778,1282,0,0,0,0,0,0.0000,0.0000,0.0000,0.0000,0.0000,1,True,98.36,True,0.0,0.0,0.0,0.00,0.0000,0.00,0.0000,0.0000,1.0000,0.0709,0,1282,0,0,0.000037
161,12,310000000,12.310000000,-1.4032271291905798,1.2662387979821565,-0.13598743410183517,0.001731397570040126,-0.0011651663288494648,0.0002884057704220099,0.9999977807335334,1282,1115,519,1055,519,0,0.4655,0.8697,11.0816,344.2032,2.9671,0,True,96.72,True,-0.5558960266319755,0.7677528431568436,-0.31864585263167194,0.24,0.0000,0.00,0.0000,0.0000,1.0000,0.3450,0,1115,0,0,0.000972
162,12,343000000,12.343000000,-0.5912335844702126,0.705306290331696,-0.2972983301796226,0.00456888758816711,-0.0034229217450056173,0.0003985302041218011,0.9999836248892331,519,518,160,514,160,0,0.3089,0.9981,1.2844,6.5998,2.2053,0,True,95.08,True,0.811293848167239,-0.5619591705973341,-0.16125812384977403,0.42,0.0000,0.00,0.0000,0.0000,1.0000,0.2353,0,518,0,0,0.000790
163,12,376000000,12.376000000,-1.3046517891834841,1.3123187038659587,-0.6473988800206666,0.008223914277285646,-0.004938525356491457,0.000963940178367176,0.999953523430262,160,153,64,150,64,0,0.4183,0.9563,1.7398,11.5744,1.8840,0,True,93.44,True,-0.715334398422408,0.6043796880231789,-0.35074476637386426,0.46,0.0000,0.00,0.0000,0.0000,1.0000,0.5678,0,153,0,0,0.002909
164,12,409000000,12.409000000,-1.3046517891834841,1.3123187038659587,-0.6473988800206666,0.008223914277285646,-0.004938525356491457,0.000963940178367176,0.999953523430262,1086,0,0,0,0,0,0.0000,0.0000,0.0000,0.0000,0.0000,1,True,93.44,True,0.0,0.0,0.0,0.00,0.0000,0.00,0.0000,0.0000,1.0000,0.7873,0,1086,0,0,0.006776
165,12,442000000,12.442000000,-1.2750753912457264,1.0939156540549866,0.3280114667146401,0.011075690602647107,-0.008017329180218632,0.0009764454157266911,0.9999060446186135,1086,1085,950,1042,950,0,0.8756,0.9991,2.7718,22.5546,3.0855,0,True,91.80,True,0.03882079991900872,-0.20239917133182048,0.9785333519803199,0.48,0.0000,0.00,0.0000,0.0000,1.0000,0.5133,0,1085,0,0,0.007292
166,12,475000000,12.475000000,-1.206867929011948,0.7218934798053296,1.253725917267392,0.012327631870252322,-0.009492276925582683,0.0007827906124055117,0.9998786493420573,950,950,845,940,845,0,0.8895,1.0000,2.4857,12.6386,2.2508,0,True,90.16,True,0.08240032573627219,-0.3515860615843845,0.9325220788904345,0.22,0.0000,0.00,0.0000,0.0000,1.0000,0.2404,0,950,0,0,0.004694
167,12,508000000,12.508000000,-1.4199086409248018,0.647371653789617,2.2279231008575247,0.01402720027642692,-0.00869822911430468,0.0010926676559785454,0.9998631829105789,845,845,509,842,509,0,0.6024,1.0000,3.0076,9.7644,2.0269,0,True,88.52,True,-0.1945900181372688,-0.0501140372001075,0.9796036484807739,0.22,0.0000,0.00,0.0000,0.0000,1.0000,0.3021,0,845,0,0,0.007821
168,12,541000000,12.541000000,-1.392911550602534,0.6958112486307443,3.226384298283723,0.016890023069650994,-0.008742130849014687,0.0015985751815449506,0.9998178568250891,509,509,509,509,509,0,1.0000,1.0000,5.5519,12.0224,1.7586,0,True,86.89,True,0.04448488158014707,0.07634325810513194,0.9960887521966572,0.33,0.0000,0.00,0.0000,0.0000,1.0000,0.3542,0,509,0,0,0.007827
169,12,574000000,12.574000000,-1.2705121047399102,0.6499266631349608,4.217803977565107,0.014741667406442704,-0.021555277027251095,0.0020541986739496445,0.9996568578978309,509,509,501,501,501,0,0.9843,1.0000,7.0887,14.7984,1.8862,0,True,85.25,True,0.139631608951103,-0.012829183203392156,0.9901204097684585,1.49,0.0000,0.00,0.0000,0.0000,1.0000,0.0513,0,509,0,0,0.008097
170,12,607000000,12.607000000,-1.4410773863204585,0.7177345306919659,5.200814444354103,0.01890040585242728,-0.017711815284012247,0.0021756575218767906,0.9996621093010909,501,501,414,496,414,0,0.8263,1.0000,8.6219,17.8162,2.0066,0,True,83.61,True,-0.12774683009453813,0.09747215964784453,0.9870055346827505,0.65,0.0000,0.00,0.0000,0.0000,1.0000,0.2394,0,501,0,0,0.018843
171,12,640000000,12.640000000,-1.9770522613642871,0.7381080275047964,6.0448025094056,0.020299316638881765,-0.01029037446163847,0.002425465901649964,0.9997380472166664,414,414,272,404,272,0,0.6570,1.0000,10.6240,20.8669,1.8800,0,True,81.97,True,-0.5056021098716206,0.054876610177319866,0.861019781508423,0.87,0.0000,0.00,0.0000,0.0000,1.0000,0.0661,0,414,0,0,0.007056
172,12,673000000,12.673000000,-1.7558155162562141,0.9731190683411736,6.991282363020556,0.02816843947063799,-0.004741534872141514,0.0017583547749721892,0.9995903986400283,272,272,244,271,244,0,0.8971,1.0000,13.6939,23.9774,1.5558,0,True,80.33,True,0.2417961919204432,0.2720177233935512,0.931418788586832,1.11,0.0000,0.00,0.0000,0.0000,1.0000,0.2210,0,272,0,0,0.049973
173,12,706000000,12.706000000,-1.740338942661263,0.6530556540768864,7.9385520640662754,0.017865483705403987,0.003339577601033382,0.0036692296572745317,0.999828089456953,244,244,182,243,182,0,0.7459,1.0000,15.6941,27.1311,1.4922,0,True,78.69,True,0.023509351285163727,-0.2662834936720567,0.9636080175050197,1.52,0.0000,0.00,0.0000,0.0000,1.0000,0.0306,0,244,0,0,0.022594
174,12,739000000,12.739000000,-1.992856632486692,0.8167570584525274,8.892195952806025,0.02017125295345433,0.012010317358245778,0.003809423245876833,0.999717140558156,182,182,181,181,181,0,0.9945,1.0000,18.4243,30.3843,1.3155,0,True,77.05,True,-0.25752802734451097,0.1995072699415867,0.9454502442606377,1.03,0.0000,0.00,0.0000,0.0000,1.0000,0.0054,0,182,0,0,0.008977
175,12,772000000,12.772000000,-1.916660975941364,0.938705999089809,9.881803287965315,0.02418496891904857,0.016041773465248873,0.0034194839656507586,0.9995729367644379,181,181,181,181,181,0,1.0000,1.0000,20.3327,33.6435,1.2629,0,True,75.41,True,0.05354720996509464,0.16130522510843232,0.985450821024404,0.65,0.0000,0.00,0.0000,0.0000,1.0000,0.0028,0,181,0,0,0.009842
176,12,805000000,12.805000000,-1.8076221024825179,1.0672738089297416,10.867491292532577,0.028465972272016308,0.019547685164179616,0.0029985517006591894,0.9993991120243351,181,181,180,180,180,0,0.9945,1.0000,22.3509,52.6966,1.2280,0,True,73.77,True,0.07851103145261018,0.17551905912425592,0.981340449499756,0.64,0.0000,0.00,0.0000,0.0000,1.0000,0.0326,0,181,0,0,0.058174
177,12,838000000,12.838000000,-1.7877434357433846,0.7754539400744858,11.823757993171041,0.01728012461208824,0.02719945646723167,0.004663573477963782,0.9994697784043766,180,179,179,179,179,0,1.0000,0.9944,23.8608,35.6748,1.1617,0,True,72.13,True,-0.019410556282290877,-0.23691719938280315,0.9713359207511174,1.56,0.0000,0.00,0.0000,0.0000,1.0000,0.0665,0,179,0,0,0.034648
178,12,871000000,12.871000000,-1.9309272029848747,0.7344763467898544,12.81260542611868,0.0145980676997829,0.035047037166806794,0.004508173970017079,0.9992688717120719,179,168,168,168,168,0,1.0000,0.9385,24.7447,59.1048,1.1385,0,True,70.49,True,-0.19699052936267525,-0.005343588982804228,0.980390828903553,0.95,0.0000,0.00,0.0000,0.0000,1.0000,0.0478,0,168,0,0,0.044952
179,12,904000000,12.904000000,-1.7479257516785836,1.0681710146615666,13.737353141689677,0.022149064947812262,0.041035690865959644,0.003318351115244137,0.9989066420556864,168,166,165,165,165,0,0.9940,0.9881,25.5855,44.5676,1.1067,0,True,68.85,True,0.12124218248132704,0.35934887326987014,0.9252938562785552,1.11,0.0000,0.00,0.0000,0.0000,1.0000,0.0260,0,166,0,0,0.016361
180,12,937000000,12.937000000,-1.396636862094114,1.4740600163377016,14.581065316766498,0.028884916386185643,0.04343843249782857,0.005562391088891622,0.9986229638821996,165,156,145,146,145,0,0.9295,0.9455,26.2694,96.2753,1.1349,0,True,67.21,True,0.28448181694620817,0.44135532905450675,0.8510438116467167,0.86,0.0000,0.00,0.0000,0.0000,1.0000,0.1101,0,156,0,0,0.043297
181,12,970000000,12.970000000,-1.0478447653497898,1.4365340697630733,15.517513861312526,0.023507437054809607,0.03002537916183143,0.007064216126606855,0.99924770395524,145,141,137,137,137,0,0.9716,0.9724,26.5191,122.5755,1.4208,0,True,65.57,True,0.26600041451023976,0.014015883599435884,0.9638710154825219,1.67,0.0000,0.00,0.0000,0.0000,1.0000,0.0742,0,141,0,0,0.049615
182,13,3000000,13.003000000,-1.4726247618446922,0.8563827341752668,14.822541644318584,0.03065361372320819,0.04808514570102896,-0.002112070299352861,0.998370529356546,137,123,107,121,107,0,0.8699,0.8978,24.9910,38.9330,1.0813,0,True,63.93,True,-0.39150973341626805,-0.6069991916918355,-0.6915722015276359,2.46,0.0000,0.00,0.0000,0.0000,1.0000,0.1178,0,123,0,0,0.052387
183,13,36000000,13.036000000,-1.6577666410785237,0.8934964432202324,15.80455236582558,0.029134064950391912,0.05672638656512491,-0.0016302317779728365,0.9979632586779338,107,102,97,97,97,0,0.9510,0.9533,24.6702,61.3545,1.3823,0,True,62.30,True,-0.27874469782714495,0.09562383642521392,0.9555927350815188,1.01,0.0000,0.00,0.0000,0.0000,1.0000,0.0484,0,102,0,0,0.020161
184,13,69000000,13.069000000,-1.6577666410785237,0.8934964432202324,15.80455236582558,0.029134064950391912,0.05672638656512491,-0.0016302317779728365,0.9979632586779338,2000,0,0,0,0,0,0.0000,0.0000,0.0000,0.0000,0.0000,1,True,62.30,True,0.0,0.0,0.0,0.00,0.0000,0.00,0.0000,0.0000,1.0000,0.1593,0,2000,0,0,0.062305
185,13,102000000,13.102000000,-1.4269226566593116,0.9634431780356786,16.775025708656862,0.029156880087213562,0.05517683714753178,-0.0015658076709311234,0.9980495685246862,2000,1996,1963,1963,1963,0,0.9835,0.9980,9.5794,27.2316,3.3182,0,True,60.66,True,0.11938987637934272,0.1275947663174966,0.9846144590785312,0.18,0.0000,0.00,0.0000,0.0000,1.0000,0.0386,0,1996,0,0,0.014183
186,13,135000000,13.135000000,-1.4124316192132704,1.0699810918767985,17.76922874765248,0.030494144288330017,0.058796627988545826,-0.002120005532921958,0.9978018687484201,1963,1957,1449,1915,1449,0,0.7404,0.9969,9.4403,25.7384,2.5684,0,True,59.02,True,-0.09517820862870528,0.16413901734325015,0.9818347577814828,0.45,0.0000,0.00,0.0000,0.0000,1.0000,0.0425,0,1957,0,0,0.015298
187,13,168000000,13.168000000,-1.288158163250331,0.8565424551427742,18.738248900431643,0.02510051552124157,0.061790353511458465,-0.001645193036695229,0.997772123118986,1449,1442,1436,1441,1436,0,0.9958,0.9952,11.7350,23.0751,1.6727,0,True,57.38,True,0.00972567624109305,-0.15334097407583544,0.9881254762888808,0.71,0.0000,0.00,0.0000,0.0000,1.0000,0.0917,0,1442,0,0,0.031855
188,13,201000000,13.201000000,-1.2484528633625749,0.8103877359858819,19.73639379525422,0.022789784294493395,0.06488529048921919,-0.0015530702636170183,0.9976312509052112,1436,1434,1431,1431,1431,0,0.9979,0.9986,11.4477,37.3290,1.5639,0,True,55.74,True,-0.08374882629296962,0.0039505387529033195,0.9964790651780457,0.44,0.0000,0.00,0.0000,0.0000,1.0000,0.0591,0,1434,0,0,0.019758
189,13,234000000,13.234000000,-0.9977666767947864,0.8303101536806778,20.704257180829526,0.021954553728415992,0.06340438233176345,-0.0016355346862743146,0.9977450610742223,1431,1423,1418,1418,1418,0,0.9965,0.9944,11.0971,60.5605,1.4826,0,True,54.10,True,0.12320014124727913,0.06523507226829467,0.9902353813830329,0.20,0.0000,0.00,0.0000,0.0000,1.0000,0.0430,0,1423,0,0,0.013997
190,13,267000000,13.267000000,-1.1070188278562048,0.9158519840766282,21.694583673831186,0.02125198079700093,0.06693713935766699,-0.0015626746829775552,0.9975296139637415,1418,1408,1398,1398,1398,0,0.9929,0.9929,10.6780,28.1041,1.4422,0,True,52.46,True,-0.2337842047234581,0.12797908724176418,0.9638289780093693,0.41,0.0000,0.00,0.0000,0.0000,1.0000,0.2369,0,1408,0,0,0.072180
191,13,300000000,13.300000000,-0.8799149220047962,1.0834305409123255,22.653927847335094,0.02239170591240357,0.06759024834349656,-0.0015677840225155383,0.99746063174867,1398,1390,1387,1387,1387,0,0.9978,0.9943,10.2159,22.6397,1.3304,0,True,50.82,True,0.09684405759300234,0.20925502224196083,0.9730537313917663,0.15,0.0000,0.00,0.0000,0.0000,1.0000,0.1836,0,1390,0,0,0.050941
192,13,333000000,13.333000000,-0.551394367431634,1.1636519270394394,23.595011676986196,0.022925769244775924,0.062090785744929176,-0.0011269950140552364,0.9978065310030552,1387,1371,1287,1287,1287,0,0.9387,0.9885,9.8223,57.4151,1.2321,0,True,49.18,True,0.19855000366800535,0.12400091210773805,0.9722148270006398,0.64,0.0000,0.00,0.0000,0.0000,1.0000,0.1286,0,1371,0,0,0.023411
193,13,366000000,13.366000000,-0.3814622936051222,1.3524428646031021,24.562214381789513,0.024497653210095734,0.06355053761855226,-0.001417099392269452,0.9976768945830625,1287,1280,1275,1275,1275,0,0.9961,0.9946,9.3175,21.7613,1.2113,0,True,47.54,True,0.04883897927785654,0.2335730736329638,0.9711119262869483,0.25,0.0000,0.00,0.0000,0.0000,1.0000,0.2535,0,1280,0,0,0.055818
194,13,399000000,13.399000000,-0.2603988610357943,1.1470219099685919,25.53337136018774,0.021195075577775002,0.06570263808351295,-0.001073078414925718,0.9976135427222482,1275,1256,1254,1254,1254,0,0.9984,0.9851,8.8997,19.1272,1.1098,0,True,45.90,True,-0.0031894598423816444,-0.15715762006418244,0.9875683823420413,0.45,0.0000,0.00,0.0000,0.0000,1.0000,0.0683,0,1256,0,0,0.033637
195,13,432000000,13.432000000,0.07465023762057915,1.0628843169292834,26.471807808183605,0.018791592573631114,0.06241889428020122,-0.0008872968729793035,0.9978727225401257,1254,1240,1238,1238,1238,0,0.9984,0.9888,8.4882,14.4253,1.0372,0,True,44.26,True,0.20903752775097012,-0.042858091371022214,0.9769680117566774,0.47,0.0000,0.00,0.0000,0.0000,1.0000,0.1872,0,1240,0,0,0.027339
196,13,465000000,13.465000000,-0.011180025349858139,0.988604314491199,27.465344746196596,0.016743674439032217,0.06531053686793874,-0.0005142899502325785,0.9977243700773016,1238,1230,1224,1227,1224,0,0.9951,0.9935,8.1388,13.6200,1.0300,0,True,42.62,True,-0.20900427305780414,-0.03742996723083578,0.9771981433653449,0.41,0.0000,0.00,0.0000,0.0000,1.0000,0.1264,0,1230,0,0,0.028795
197,13,498000000,13.498000000,0.10281683300423101,0.7549176497312393,28.430950907630315,0.0138176371584492,0.0671789965121869,-0.0002841196947019219,0.9976452147968095,1224,1202,1198,1198,1198,0,0.9967,0.9820,7.7983,32.0836,0.9794,0,True,40.98,True,-0.013105095352976786,-0.20099206486557,0.9795052048544018,0.40,0.0000,0.00,0.0000,0.0000,1.0000,0.1425,0,1202,0,0,0.050280
198,13,531000000,13.531000000,0.33213214206986974,1.0089858129808424,29.370559260855796,0.01650332167116369,0.06791852418017005,-0.0010227052637750522,0.9975538424170142,1198,1189,1184,1184,1184,0,0.9958,0.9925,7.4747,23.0177,0.9648,0,True,39.34,True,0.10161911965011708,0.2803961516247487,0.9544902056467454,0.33,0.0000,0.00,0.0000,0.0000,1.0000,0.0802,0,1189,0,0,0.013392
199,13,564000000,13.564000000,0.6759816433620467,1.0943767157913185,30.305693429934397,0.017033193262963483,0.06521406060031738,-0.000926884081640802,0.9977254820406182,1184,1174,1170,1170,1170,0,0.9966,0.9916,7.1133,20.9210,0.9594,0,True,37.70,True,0.21394696485081408,0.11747685976559383,0.9697555793346794,0.32,0.0000,0.00,0.0000,0.0000,1.0000,0.0730,0,1174,0,0,0.018356
200,13,597000000,13.597000000,0.9594958129314712,0.8153380719145946,31.22316667252886,0.013622070629149234,0.0653273125637766,-0.0005880716994728348,0.9977707329826053,1170,1152,1143,1143,1143,0,0.9922,0.9846,6.8610,55.6154,0.9607,0,True,36.07,True,0.1615772621910593,-0.24664902523435045,0.955540185807895,0.39,0.0000,0.00,0.0000,0.0000,1.0000,0.1485,0,1152,0,0,0.039814
201,13,630000000,13.630000000,1.3929628114158443,0.8611357084169193,32.1231716379128,0.014732979551084015,0.0577240522895496,-0.0008447354080656495,0.9982235017885078,1143,1131,1123,1123,1123,0,0.9929,0.9895,6.4693,18.1271,0.9340,0,True,34.43,True,0.3124525948616117,0.07145681973375959,0.9472419431580205,0.88,0.0000,0.00,0.0000,0.0000,1.0000,0.1170,0,1131,0,0,0.029087
202,13,663000000,13.663000000,1.3506780449812308,0.4683507212115394,33.04182932843394,0.01249722703235075,0.06022755630415048,-0.0007652835309075041,0.9981061442147571,1123,1105,1017,1091,1017,0,0.9204,0.9840,6.2160,19.2572,0.9276,0,True,32.79,True,-0.14790032555899388,-0.36582569284982824,0.9188563849429827,0.38,0.0000,0.00,0.0000,0.0000,1.0000,0.0675,0,1105,0,0,0.017231
203,13,696000000,13.696000000,1.4497956044249123,-0.002519499027522132,33.918446089112145,0.010036204120738437,0.06246510889095997,-0.00045321169061248107,0.9979965828484839,1017,1009,983,1003,983,0,0.9742,0.9921,5.9469,18.3636,0.8174,0,True,31.15,True,-0.007000880295579526,-0.44863370780977335,0.8936883035443296,0.38,0.0000,0.00,0.0000,0.0000,1.0000,0.0388,0,1009,0,0,0.010082
204,13,729000000,13.729000000,1.6990955963414471,-0.05250198931479574,34.88558168699648,0.00976899628303591,0.060581402535384174,-0.0007148780537431751,0.9981151984254303,983,975,972,972,972,0,0.9969,0.9919,5.6482,16.6752,0.8129,0,True,29.51,True,0.1267457553743058,-0.030115213841734094,0.9914779812935148,0.22,0.0000,0.00,0.0000,0.0000,1.0000,0.0365,0,975,0,0,0.009565
205,13,762000000,13.762000000,1.6584815483294175,0.039153670775827536,35.88054386671862,0.010072959474295507,0.06141969345978846,-0.0006619883046000433,0.9980609793565819,972,960,957,957,957,0,0.9969,0.9877,5.3969,15.9948,0.7497,0,True,27.87,True,-0.16067728996536768,0.11084878497957593,0.9807626396625928,0.10,0.0000,0.00,0.0000,0.0000,1.0000,0.0396,0,960,0,0,0.010472
206,13,795000000,13.795000000,1.7835845354262416,0.3361233318101833,36.82720022625179,0.012585023573643267,0.06215156868600749,-0.0013437237516254381,0.997986469897262,957,952,935,947,935,0,0.9821,0.9948,5.1922,16.1699,0.7877,0,True,26.23,True,0.008060214998026413,0.3161865484973056,0.9486627954566084,0.31,0.0000,0.00,0.0000,0.0000,1.0000,0.1916,0,952,0,0,0.051237
207,13,828000000,13.828000000,2.045853473036713,0.31768882049021235,37.79201895179409,0.0125373001628743,0.0600885613651047,-0.001399015361833799,0.9981133320689166,935,925,922,922,922,0,0.9968,0.9893,4.9590,13.0587,0.7629,0,True,24.59,True,0.14054125665412082,0.006759574345857812,0.9900517478055092,0.24,0.0000,0.00,0.0000,0.0000,1.0000,0.0392,0,925,0,0,0.011200
208,13,861000000,13.861000000,2.118205437000725,0.34672919260725915,38.78897524476678,0.012910200017858099,0.05990313086453325,-0.0014646914469469763,0.9981196302683816,922,910,909,909,909,0,0.9989,0.9870,4.7230,9.3376,0.7941,0,True,22.95,True,-0.04782840741769053,0.05412570184978864,0.9973880146879425,0.05,0.0000,0.00,0.0000,0.0000,1.0000,0.0333,0,910,0,0,0.009773
209,13,894000000,13.894000000,2.362246894701815,0.37359637822737674,39.75836779748213,0.013225870476334424,0.05817545225494577,-0.0014124112103417628,0.9982177609117404,909,905,903,903,903,0,0.9978,0.9956,4.5218,8.9112,0.9087,0,True,21.31,True,0.1262944065123856,0.05276205477681513,0.990588657546316,0.20,0.0000,0.00,0.0000,0.0000,1.0000,0.1490,0,905,0,0,0.046466
210,13,927000000,13.927000000,2.577794665325754,0.26799128564100466,40.72913384705271,0.012576814731093787,0.05665916344617942,-0.0013776139459422058,0.9983134102618348,903,876,869,869,869,0,0.9920,0.9701,4.3588,31.0970,0.8184,0,True,19.67,True,0.10143871907409259,-0.07915507684996728,0.99168778356975,0.19,0.0000,0.00,0.0000,0.0000,1.0000,0.0279,0,876,0,0,0.009797
211,13,960000000,13.960000000,2.4973079824893727,0.1700230270917789,41.72106333759265,0.012343538426688627,0.05697283014037502,-0.001390596282563703,0.9982984523312073,869,858,852,852,852,0,0.9930,0.9873,4.1114,12.2526,0.8128,0,True,18.03,True,-0.1920883474970788,-0.07351929126976113,0.9786199367308197,0.04,0.0000,0.00,0.0000,0.0000,1.0000,0.0418,0,858,0,0,0.009878
212,13,993000000,13.993000000,2.5683914758450666,-0.06649098351413191,42.69008772312661,0.011246458676904316,0.056845809147189265,-0.0013223745155342957,0.9983187479333796,852,843,837,837,837,0,0.9929,0.9894,3.9255,19.3095,0.8358,0,True,16.39,True,-0.03931573684426678,-0.2124155548825797,0.9763881937427953,0.13,0.0000,0.00,0.0000,0.0000,1.0000,0.0616,0,843,0,0,0.029060
213,14,26000000,14.026000000,2.7851793386342107,0.2431302190880995,43.61590505578271,0.013362039966583228,0.05654377043274562,-0.0014569361993064733,0.998309638964831,837,822,821,821,821,0,0.9988,0.9821,3.7107,9.8094,0.7842,0,True,14.75,True,0.10985618108753813,0.3310415045449358,0.9371996274783122,0.25,0.0000,0.00,0.0000,0.0000,1.0000,0.0428,0,822,0,0,0.017370
214,14,59000000,14.059000000,2.7428894694048034,0.6965628038682607,44.506191783764294,0.015439532267116205,0.05745624656303744,-0.0016141170504942073,0.9982273264143832,821,812,734,803,734,0,0.9039,0.9890,3.5797,12.0556,0.8717,0,True,13.11,True,-0.14319792399704567,0.47668701363137217,0.8673314508295777,0.26,0.0000,0.00,0.0000,0.0000,1.0000,0.0231,0,812,0,0,0.009638
215,14,92000000,14.092000000,3.058122849817095,0.6419480383607381,45.45363315042631,0.015651647300057477,0.05448400291968407,-0.0017797817283768268,0.9983903804322445,734,732,728,728,728,0,0.9945,0.9973,3.3829,11.5014,0.8650,0,True,11.48,True,0.2045024513344917,-0.023984806095250697,0.9785721621192569,0.34,0.0000,0.00,0.0000,0.0000,1.0000,0.0282,0,732,0,0,0.006952
216,14,125000000,14.125000000,3.4373156043330355,0.41642289492421597,46.351046803431736,0.014978544051702269,0.04942529927394372,-0.002891769905960663,0.9986613142985881,728,718,717,717,717,0,0.9986,0.9863,3.2465,5.5770,0.8873,0,True,9.84,True,0.27967394902145837,-0.19554616405150596,0.9399703080222717,0.60,0.0000,0.00,0.0000,0.0000,1.0000,0.0464,0,718,0,0,0.023860
217,14,158000000,14.158000000,2.674733203521364,-0.1588364099225809,46.05516707421818,0.016588148442574325,0.052651545805546776,-0.00504576370188003,0.9984624120737838,717,701,664,697,664,0,0.9472,0.9777,3.1750,14.9146,0.8906,0,True,8.20,True,-0.7271386856775619,-0.5892924384410851,-0.35214166721259754,0.48,0.0000,0.00,0.0000,0.0000,1.0000,0.0300,0,701,0,0,0.011807
218,14,191000000,14.191000000,2.4206415422281258,-0.6953377130413205,45.25042874444065,0.019332516832239705,0.05489773226751633,-0.007074749696480309,0.9982797407047523,664,654,439,654,439,0,0.6713,0.9849,2.9796,5.4967,0.7173,0,True,6.56,True,-0.16345545370567832,-0.5654124052075234,-0.8084498294212907,0.47,0.0000,0.00,0.0000,0.0000,1.0000,0.0350,0,654,0,0,0.012991
219,14,224000000,14.224000000,2.622716804369183,-0.9372780269941529,46.19944427271983,0.01852966473747628,0.05308242507451248,-0.0072852731212571286,0.9983916227956213,439,435,433,433,433,0,0.9954,0.9909,2.9130,8.7372,0.8937,0,True,4.92,True,0.09946296502955194,-0.20255854881822702,0.9742059088756257,0.23,0.0000,0.00,0.0000,0.0000,1.0000,0.0389,0,435,0,0,0.013894
220,14,257000000,14.257000000,2.496330866269745,-1.4033622197921733,47.07511094439036,0.01774849820172693,0.05401255153894643,-0.00696643605879746,0.9983582041814824,433,426,425,425,425,0,0.9977,0.9838,2.8172,12.5637,0.7276,0,True,4.92,True,-0.21284889461470086,-0.43607968610519876,0.8743739791574835,0.14,0.0000,0.00,0.0000,0.0000,1.0000,0.0466,0,426,0,0,0.015886
221,14,290000000,14.290000000,2.878054360506501,-2.251616255667482,46.7080247629984,0.017988485204163233,0.0556946365438715,-0.006555607182088145,0.9982642665520888,425,422,203,421,203,0,0.4810,0.9929,2.7209,6.4484,0.7102,0,True,3.28,True,0.4293122584860028,-0.8543284546040167,-0.2929400559287854,0.20,0.0000,0.00,0.0000,0.0000,1.0000,0.0417,0,422,0,0,0.006092
222,14,323000000,14.323000000,2.0416715756219914,-1.7623974459758218,46.95526714082371,0.018899717854612228,0.057956873230393495,-0.005658100745262738,0.9981241342670402,203,203,203,203,203,0,1.0000,1.0000,2.8501,3.8433,0.7625,0,True,3.28,True,-0.8640956754522605,0.4849363615132769,0.13481613014385951,0.30,0.0000,0.00,0.0000,0.0000,1.0000,0.0383,0,203,0,0,0.010710
223,14,356000000,14.356000000,2.6241759704485084,-1.919028172132898,47.75286067491942,0.012367314413298618,0.03439433174701893,-0.00479390312733233,0.9993203180015326,203,203,203,203,203,0,1.0000,1.0000,2.7888,3.8374,0.8623,0,True,3.28,True,0.4875306269989145,-0.11908438693579998,0.8649467015522805,2.81,0.0000,0.00,0.0000,0.0000,1.0000,0.0435,0,203,0,0,0.011975
224,14,389000000,14.389000000,3.106449514847634,-1.8715962894241913,48.62759631777125,0.012362535452475277,0.02931676008900696,-0.003766276759408085,0.9994866234494794,203,197,197,197,197,0,1.0000,0.9704,2.7635,13.6600,0.8887,0,True,3.28,True,0.4204615203300152,0.07377937813182651,0.904305652577851,0.59,0.0000,0.00,0.0000,0.0000,1.0000,0.0437,0,197,0,0,0.018400
225,14,422000000,14.422000000,2.6646070988918975,-2.7448775342588534,48.422279131733596,0.008868386273905345,0.034704711982415294,-0.011786550707131164,0.9992887530206386,197,194,194,194,194,0,1.0000,0.9848,2.6201,4.2457,0.8062,0,True,1.64,True,-0.42307731478762456,-0.881664841084057,-0.20898012754402692,1.18,0.0000,0.00,0.0000,0.0000,1.0000,0.0161,0,194,0,0,0.004479
226,14,455000000,14.455000000,3.6156649397219383,-2.934415015931292,48.17822068292066,0.011297603870507076,0.03498801793241977,-0.0125262964429183,0.99924536258387,194,192,100,192,100,0,0.5208,0.9897,2.6399,9.3773,0.8694,0,True,1.64,True,0.9698297214089776,-0.17059221215023826,-0.17415110859673802,0.29,0.0000,0.00,0.0000,0.0000,1.0000,0.0205,0,192,0,0,0.004812
227,14,488000000,14.488000000,2.931778392101723,-2.7294406295668305,48.87842400404862,0.013470991890594395,0.03548190120490442,-0.013328632955296259,0.9991906297638664,100,98,88,98,88,0,0.8980,0.9800,2.5334,3.9102,1.1329,0,True,1.64,True,-0.736125436670134,0.202392425150274,0.6458766505525612,0.27,0.0000,0.00,0.0000,0.0000,1.0000,0.0474,0,98,0,0,0.010486
228,14,521000000,14.521000000,2.931778392101723,-2.7294406295668305,48.87842400404862,0.013470991890594395,0.03548190120490442,-0.013328632955296259,0.9991906297638664,2000,0,0,0,0,0,0.0000,0.0000,0.0000,0.0000,0.0000,1,True,3.28,True,0.0,0.0,0.0,0.00,0.0000,0.00,0.0000,0.0000,1.0000,0.0963,0,2000,0,0,0.018783
229,14,554000000,14.554000000,3.1953899913009423,-2.7831019510259476,49.84155919048243,0.014024137096067608,0.03309742686516435,-0.013554227168897925,0.9992618109582041,2000,1895,1875,1875,1875,0,0.9894,0.9475,2.3585,208.7003,2.4459,0,True,3.28,True,0.1955939115263727,-0.02133251404196678,0.9804529288132413,0.28,0.0000,0.00,0.0000,0.0000,1.0000,0.0786,0,1895,0,0,0.011246
230,14,587000000,14.587000000,3.2067238757659218,-2.9871323798778144,50.82045812661703,0.013704559740902856,0.03224387274034325,-0.013643401985960042,0.9992929376790681,1875,1874,1761,1870,1761,0,0.9397,0.9995,1.4223,17.3680,1.6049,0,True,3.28,True,-0.04848004047786207,-0.17699979638641203,0.9830161533537654,0.11,0.0000,0.00,0.0000,0.0000,1.0000,0.0588,0,1874,0,0,0.007787
231,14,620000000,14.620000000,3.390033222098729,-3.165211912311281,51.78724939864802,0.013483022313582943,0.030428146354028292,-0.013846652244663353,0.9993500919299325,1761,1759,1757,1757,1757,0,0.9989,0.9989,1.4812,15.7682,1.4570,0,True,3.28,True,0.12489470268822002,-0.14715640317630496,0.9811963647734504,0.21,0.0000,0.00,0.0000,0.0000,1.0000,0.0655,0,1759,0,0,0.012178
232,14,653000000,14.653000000,3.381669201565874,-3.340741047346813,52.771688104669984,0.013404296500494668,0.029696188931115454,-0.013931989712183505,0.9993719832279441,1757,1755,1663,1753,1663,0,0.9476,0.9989,1.4611,17.2869,1.5330,0,True,3.28,True,-0.06386946253725907,-0.1499367246555771,0.9866304629164657,0.08,0.0000,0.00,0.0000,0.0000,1.0000,0.0636,0,1755,0,0,0.007456
233,14,686000000,14.686000000,3.4415352856362547,-3.8872524952567034,53.60699720271783,0.012356080609005747,0.029570286218099227,-0.014011736137769858,0.9993881111436982,1663,1660,1586,1659,1586,0,0.9554,0.9982,1.4955,7.5896,1.1502,0,True,3.28,True,0.02462876946560628,-0.5226999645046957,0.8521608831795788,0.12,0.0000,0.00,0.0000,0.0000,1.0000,0.0271,0,1660,0,0,0.006073
234,14,719000000,14.719000000,3.5130336746093227,-4.473786292960157,54.41375992156756,0.011252542356137799,0.028982931343409703,-0.014496005086516996,0.9994114447102345,1586,1585,1584,1584,1584,0,0.9994,0.9994,1.5396,7.6639,0.9838,0,True,3.28,True,0.03938076287985071,-0.564813623569344,0.8242783062446011,0.15,0.0000,0.00,0.0000,0.0000,1.0000,0.0755,0,1585,0,0,0.009603
235,14,752000000,14.752000000,2.8617040110252936,-4.841327613388265,55.07759954611063,0.011056732878358925,0.030110097002937136,-0.014260223500915182,0.9993836984573214,1584,1582,801,1581,801,0,0.5063,0.9987,1.5412,3.7447,0.9674,0,True,3.28,True,-0.6782258824510838,-0.3722176919857331,0.63361158618373,0.13,0.0000,0.00,0.0000,0.0000,1.0000,0.0833,0,1582,0,0,0.009953
236,14,785000000,14.785000000,2.4858414089951695,-5.326131346808841,54.28785740815888,0.012972776455688216,0.03131819504234287,-0.01532688083394349,0.9993077426169692,801,800,658,800,658,0,0.8225,0.9988,1.8428,2.7710,0.9936,0,True,3.28,True,-0.3137545574503893,-0.5122264296210451,-0.7994886881481105,0.29,0.0000,0.00,0.0000,0.0000,1.0000,0.0833,0,800,0,0,0.009543
237,14,818000000,14.818000000,2.713791613929259,-6.229672374215453,54.65069665061137,0.012539988761498573,0.03237155872868751,-0.014898840610236528,0.9992861729333632,658,657,567,657,567,0,0.8630,0.9985,1.8247,3.1804,1.1200,0,True,3.28,True,0.23148402117498643,-0.8865852669072819,0.4004768563145714,0.14,0.0000,0.00,0.0000,0.0000,1.0000,0.0963,0,657,0,0,0.007876
238,14,851000000,14.851000000,2.5045163366390932,-6.080297244988093,55.61707697381929,0.014068868086243577,0.0316672001987956,-0.015393059932578066,0.9992808959888372,567,566,562,566,562,0,0.9929,0.9982,1.8894,4.6678,1.0982,0,True,3.28,True,-0.27595325690192074,0.16614779048059403,0.9467020184427829,0.20,0.0000,0.00,0.0000,0.0000,1.0000,0.0698,0,566,0,0,0.006327
239,14,884000000,14.884000000,3.155524632530698,-6.056421207238746,56.37577199390423,0.00814937223931557,0.012398241450307214,-0.008497560664438627,0.9998538207177082,562,554,554,554,554,0,1.0000,0.9858,1.8895,8.3870,1.0139,0,True,3.28,True,0.6003353125946103,0.06505590446518351,0.7970980126346751,2.44,0.0000,0.00,0.0000,0.0000,1.0000,0.0654,0,554,0,0,0.011237
240,14,917000000,14.917000000,2.639388032384283,-5.938908789772313,57.22417864270568,0.008556942859249317,0.013179384483758234,-0.008376063909281991,0.9998414494843272,554,552,470,552,470,0,0.8514,0.9964,1.9019,5.2568,0.9954,0,True,3.28,True,-0.5390284130067846,0.12225219192869338,0.833368328855865,0.10,0.0000,0.00,0.0000,0.0000,1.0000,0.0329,0,552,0,0,0.003869
241,14,950000000,14.950000000,3.2848640372864586,-6.561149952262797,56.781260294928096,0.008695928186480113,0.014406642389423402,-0.0079357025999777,0.9998269120764272,470,467,289,467,289,0,0.6188,0.9936,1.9571,2.7847,0.7872,0,True,3.28,True,0.6671794866484955,-0.6185868228689727,-0.41499623512547734,0.15,0.0000,0.00,0.0000,0.0000,1.0000,0.0891,0,467,0,0,0.004609
242,14,983000000,14.983000000,3.2388828607332045,-7.157618735751124,57.58257841011502,0.00716002964570759,0.013969423072349654,-0.008728384572509768,0.9998386892380454,289,288,288,288,288,0,1.0000,0.9965,2.0053,4.9151,0.8285,0,True,3.28,True,-0.05983579518756099,-0.5832938563573863,0.810054291236088,0.20,0.0000,0.00,0.0000,0.0000,1.0000,0.0865,0,288,0,0,0.007626
243,15,16000000,15.016000000,3.011399242687159,-7.046629713647882,58.55001452712391,0.007670858950956632,0.014133064467865466,-0.008650808195439482,0.9998332750660319,288,286,286,286,286,0,1.0000,0.9931,1.9961,3.1551,0.7944,0,True,3.28,True,-0.25642077618960585,0.12056032379046415,0.9590169935229815,0.06,0.0000,0.00,0.0000,0.0000,1.0000,0.0576,0,286,0,0,0.009735
244,15,49000000,15.049000000,3.7819385931432814,-6.890970341458805,57.93192127424991,0.00855791828595064,0.015521436312663648,-0.00707700564164669,0.9998178649336843,286,286,286,286,286,0,1.0000,1.0000,2.0114,3.0693,0.8180,0,True,3.28,True,0.7850074652388114,0.1597842894993742,-0.5985250707769195,0.26,0.0000,0.00,0.0000,0.0000,1.0000,0.0598,0,286,0,0,0.006605
245,15,82000000,15.082000000,4.069253335644371,-7.749013517682282,57.50623107413031,0.00887309414639705,0.0167232148344787,-0.007303830035483482,0.9997941069803732,286,286,284,285,284,0,0.9930,1.0000,2.0352,6.4355,0.8762,0,True,1.64,True,0.3123259201133978,-0.8608804976477908,-0.401668132162624,0.14,0.0000,0.00,0.0000,0.0000,1.0000,0.0476,0,286,0,0,0.009818
246,15,115000000,15.115000000,3.362393851628084,-7.207074752528351,57.96082104837048,0.008644126479644257,0.0184409404481714,-0.0061783793196849455,0.9997734935583025,284,283,180,283,180,0,0.6360,0.9965,2.0082,2.8336,0.8691,0,True,1.64,True,-0.7294028960658978,0.5392169227850148,0.42097093176719536,0.24,0.0000,0.00,0.0000,0.0000,1.0000,0.0456,0,283,0,0,0.005455
247,15,148000000,15.148000000,2.9901262705368628,-8.129585587021264,58.062755381701685,-0.001544386267959344,0.022160209075752967,-0.02093735404313424,0.9995339750155803,180,179,179,179,179,0,1.0000,0.9944,1.9864,2.5629,0.6615,0,True,1.64,True,-0.3646529794310872,-0.9252815663005735,0.10431791627706258,2.10,0.0000,0.00,0.0000,0.0000,1.0000,0.0643,0,179,0,0,0.007542
248,15,181000000,15.181000000,2.556102269670219,-9.017038407755178,58.21783812620644,-0.023376648180464712,0.028644173905217986,-0.0521309070996929,0.9979556163207347,179,179,179,179,179,0,1.0000,1.0000,1.9936,2.6647,0.7231,0,True,1.64,True,-0.40287204160717777,-0.9054296689858222,0.13375811232029533,4.43,0.0000,0.00,0.0000,0.0000,1.0000,0.0520,0,179,0,0,0.005400
249,15,214000000,15.214000000,2.268317664261813,-9.908852777409491,58.56690423880977,-0.02749181843252443,0.029351848267990144,-0.056663667973171315,0.9975830279502313,179,179,179,179,179,0,1.0000,1.0000,1.9948,2.6191,0.7611,0,True,1.64,True,-0.21086751571117474,-0.9328797389168555,0.29201075928160025,0.71,0.0000,0.00,0.0000,0.0000,1.0000,0.0415,0,179,0,0,0.004943
250,15,247000000,15.247000000,2.6218949339346262,-10.253919047903226,59.436336457753974,-0.0317048244081235,0.0231388175854791,-0.057457451735305,0.9975760825471314,179,179,179,179,179,0,1.0000,1.0000,1.9880,3.2036,0.8583,0,True,1.64,True,0.34205859492357754,-0.35350737033183066,0.8706482968225356,0.87,0.0000,0.00,0.0000,0.0000,1.0000,0.0570,0,179,0,0,0.009259
251,15,280000000,15.280000000,2.4555729240519018,-9.416915343455983,58.91502869091163,-0.031316319036549356,0.024605435325952874,-0.05671282784744593,0.9975958680106727,179,178,86,178,86,0,0.4831,0.9944,1.9453,3.3238,0.8243,0,True,1.64,True,-0.240057759229084,0.8453339543612133,-0.47726594037071757,0.19,0.0000,0.00,0.0000,0.0000,1.0000,0.0287,0,178,0,0,0.003718
252,15,313000000,15.313000000,2.4555729240519018,-9.416915343455983,58.91502869091163,-0.031316319036549356,0.024605435325952874,-0.05671282784744593,0.9975958680106727,2000,0,0,0,0,0,0.0000,0.0000,0.0000,0.0000,0.0000,1,True,3.28,True,0.0,0.0,0.0,0.00,0.0000,0.00,0.0000,0.0000,1.0000,0.0211,0,2000,0,0,0.002074
253,15,346000000,15.346000000,2.1899657697727943,-8.46283553636156,58.776520347154246,-0.03125169379419506,0.025791193367960298,-0.056128203249729856,0.9976010078080352,2000,1940,905,1936,905,0,0.4665,0.9700,1.3572,15.8019,2.4088,0,True,3.28,True,-0.36669653170806055,0.9254670919562028,-0.09510160534611675,0.15,0.0000,0.00,0.0000,0.0000,1.0000,0.0695,0,1940,0,0,0.009323
254,15,379000000,15.379000000,1.5935378225485177,-8.683923258068578,59.548138078339996,-0.031226574643147348,0.026348366603045504,-0.056263035809891136,0.9975796386328574,905,905,517,902,517,0,0.5713,1.0000,0.9341,13.0700,2.1794,0,True,3.28,True,-0.6037605659438959,-0.33544064924585704,0.7231547205436913,0.07,0.0000,0.00,0.0000,0.0000,1.0000,0.0476,0,905,0,0,0.004016
255,15,412000000,15.412000000,1.2400813082019784,-8.660103920162527,60.48328573064295,-0.030946019293879534,0.02691217888295677,-0.0563184398175387,0.9975702039727093,517,517,446,516,446,0,0.8627,1.0000,1.3813,2.3061,0.6773,0,True,3.28,True,-0.3993150280706021,-0.07650725633106065,0.9136159740753594,0.07,0.0000,0.00,0.0000,0.0000,1.0000,0.0413,0,517,0,0,0.007515
256,15,445000000,15.445000000,0.7111552815993197,-8.780751506271873,61.32333419254757,-0.031189550448978583,0.027529815256875954,-0.05616563188358706,0.9975543809787165,446,446,295,446,295,0,0.6614,1.0000,1.4124,3.3956,0.7147,0,True,3.28,True,-0.5532243759408767,-0.23261441240857134,0.7998958213446564,0.08,0.0000,0.00,0.0000,0.0000,1.0000,0.0291,0,446,0,0,0.003560
257,15,478000000,15.478000000,0.7283286614574681,-9.398254744129346,62.1097150330185,-0.031877187365608316,0.0280518287937602,-0.055942047599054245,0.9975306647604416,295,295,90,295,90,0,0.3051,1.0000,1.4652,2.4717,0.7053,0,True,3.28,True,0.046857892503341395,-0.661876629302135,0.7481468208137956,0.10,0.0000,0.00,0.0000,0.0000,1.0000,0.0175,0,295,0,0,0.002106
258,15,511000000,15.511000000,0.7283286614574681,-9.398254744129346,62.1097150330185,-0.031877187365608316,0.0280518287937602,-0.055942047599054245,0.9975306647604416,2000,0,0,0,0,0,0.0000,0.0000,0.0000,0.0000,0.0000,1,True,4.92,True,0.0,0.0,0.0,0.00,0.0000,0.00,0.0000,0.0000,1.0000,0.0562,0,2000,0,0,0.006317
259,15,544000000,15.544000000,0.18532060249544435,-9.435120945762346,62.94863286634872,-0.03172948170955661,0.028819258394434215,-0.055811893743655694,0.99752078818077,2000,1956,509,1947,509,0,0.2602,0.9780,1.1096,15.7823,1.6973,0,True,4.92,True,-0.5785323709981615,-0.1521789436653421,0.8013375473620004,0.09,0.0000,0.00,0.0000,0.0000,1.0000,0.0459,0,1956,0,0,0.004633
260,15,577000000,15.577000000,-0.43199404558806664,-8.726058079518886,63.28944436406577,-0.03147643127709529,0.02973532701017406,-0.05536327475160475,0.9975269181382699,509,509,250,507,250,0,0.4912,1.0000,1.4681,6.6260,0.8220,0,True,4.92,True,-0.7110803108073557,0.6129402576186392,0.34448371829813756,0.12,0.0000,0.00,0.0000,0.0000,1.0000,0.0254,0,509,0,0,0.002395
261,15,610000000,15.610000000,-0.022974097794666914,-8.915548446992176,64.1820787141453,-0.03237062393460889,0.02724197125581959,-0.05530566318752087,0.9975727047827491,250,250,250,250,250,0,1.0000,1.0000,1.3342,1.9355,0.7696,0,True,4.92,True,0.37723052847504196,-0.20253547179335948,0.9037015608329345,0.30,0.0000,0.00,0.0000,0.0000,1.0000,0.0300,0,250,0,0,0.002699
262,15,643000000,15.643000000,0.353809546895002,-7.996843752146651,64.30046692624076,-0.032170452732143244,0.027454467535660314,-0.05544954054436894,0.997565367600921,250,250,62,250,62,0,0.2480,1.0000,1.2889,1.8364,0.7619,0,True,4.92,True,0.26491596535481715,0.9440673577153569,0.19635772303749569,0.04,0.0000,0.00,0.0000,0.0000,1.0000,0.0311,0,250,0,0,0.002686
263,15,676000000,15.676000000,0.353809546895002,-7.996843752146651,64.30046692624076,-0.032170452732143244,0.027454467535660314,-0.05544954054436894,0.997565367600921,2000,0,0,0,0,0,0.0000,0.0000,0.0000,0.0000,0.0000,1,True,6.56,True,0.0,0.0,0.0,0.00,0.0000,0.00,0.0000,0.0000,1.0000,0.1639,0,2000,0,0,0.013060
264,15,709000000,15.709000000,0.48503289587702003,-8.415328393101037,65.19916099986493,-0.03278518250579126,0.027517623656622768,-0.05531220724685829,0.9975512377446258,2000,1932,1450,1930,1450,0,0.7505,0.9660,0.8626,5.0859,1.2759,0,True,6.56,True,0.13123445316321725,-0.4611779656448694,0.8775490882603727,0.07,0.0000,0.00,0.0000,0.0000,1.0000,0.0519,0,1932,0,0,0.003890
265,15,742000000,15.742000000,0.33462530647747146,-8.655996160304563,64.24027801280118,-0.03205657319192682,0.0281353047495468,-0.055282296807765974,0.9975593458042978,1450,1450,144,1450,144,0,0.0993,1.0000,1.0041,1.6524,0.7634,0,True,6.56,True,-0.07310127925387576,-0.18936509919544056,-0.9791818330515266,0.11,0.0000,0.00,0.0000,0.0000,1.0000,0.0247,0,1450,0,0,0.001813
266,15,775000000,15.775000000,-0.2994413219557005,-9.395541226225278,64.46618198837425,-0.03666199607381571,0.03021408532231507,-0.06446747743094722,0.9967883182730973,144,144,144,144,144,0,1.0000,1.0000,0.6717,1.4977,1.0817,0,True,6.56,True,-0.5581652933174301,-0.8174460826777359,0.1422441817815089,1.20,0.0000,0.00,0.0000,0.0000,1.0000,0.0852,0,144,0,0,0.004343
267,15,808000000,15.808000000,0.2832528955030119,-9.283084790876288,65.27105526976005,-0.03762917552260144,0.027488041101800788,-0.06305646993010075,0.996921428371278,144,144,144,144,144,0,1.0000,1.0000,0.6637,1.4847,1.0259,0,True,6.56,True,0.5174086232952445,0.12285434245802049,0.8468737373888312,0.37,0.0000,0.00,0.0000,0.0000,1.0000,0.0441,0,144,0,0,0.004895
268,15,841000000,15.841000000,-0.1755660195467631,-10.006808470481847,65.7865251900956,-0.04095166450064375,0.027143021846702458,-0.06747984273494553,0.996510255022056,144,144,144,144,144,0,1.0000,1.0000,0.6456,1.7232,1.1255,0,True,6.56,True,-0.3877949095393746,-0.8131155581744582,0.4341177227319653,0.64,0.0000,0.00,0.0000,0.0000,1.0000,0.0640,0,144,0,0,0.004563
269,15,874000000,15.874000000,-0.8334815565176913,-9.25394420751953,65.805033236088,-0.04008316972790609,0.027065858609140254,-0.0676979724085618,0.9965328711759003,144,144,55,144,55,0,0.3819,1.0000,0.6361,1.4106,1.1447,0,True,6.56,True,-0.7547788026676135,0.6548847418057351,0.03788052261624078,0.10,0.0000,0.00,0.0000,0.0000,1.0000,0.0519,0,144,0,0,0.001908
270,15,907000000,15.907000000,-0.8334815565176913,-9.25394420751953,65.805033236088,-0.04008316972790609,0.027065858609140254,-0.0676979724085618,0.9965328711759003,2000,0,0,0,0,0,0.0000,0.0000,0.0000,0.0000,0.0000,1,True,8.20,True,0.0,0.0,0.0,0.00,0.0000,0.00,0.0000,0.0000,1.0000,0.0466,0,2000,0,0,0.003135
271,15,940000000,15.940000000,-0.9564021793845032,-9.012481248511685,66.76762669123987,-0.03964281705105803,0.02725394400125416,-0.06768943491398692,0.9965459397306569,2000,1994,957,1985,957,0,0.4799,0.9970,0.8361,17.4477,1.5335,0,True,8.20,True,-0.20141959451095037,0.1417276921454787,0.96919730097961,0.05,0.0000,0.00,0.0000,0.0000,1.0000,0.0550,0,1994,0,0,0.005881
272,15,973000000,15.973000000,-1.3980485698557108,-8.69832779132015,67.60801711902828,-0.0391187761886855,0.027796753015057796,-0.06782853713087975,0.996542197511979,957,957,298,957,298,0,0.3114,1.0000,1.0381,2.3842,0.5983,0,True,8.20,True,-0.5211443308985942,0.18215703090301674,0.833802975807147,0.09,0.0000,0.00,0.0000,0.0000,1.0000,0.0430,0,957,0,0,0.001656
273,16,6000000,16.006000000,-1.3951947508485334,-9.134447408957636,68.50790129759172,-0.03951068369775961,0.028011825181887433,-0.06776184338416207,0.9965252511125322,298,298,161,298,161,0,0.5403,1.0000,1.0980,1.9533,0.5450,0,True,8.20,True,0.01765045892153801,-0.503946929366315,0.8635542563626916,0.05,0.0000,0.00,0.0000,0.0000,1.0000,0.0523,0,298,0,0,0.005474
274,16,39000000,16.039000000,-1.097363573750396,-9.227592946760142,69.4579647158622,-0.03940550565918596,0.027447985270791335,-0.06792790070402992,0.9965337999958966,161,161,161,161,161,0,1.0000,1.0000,1.2141,1.9626,0.5912,0,True,8.20,True,0.25946061171360163,-0.1308568009076742,0.956847265045688,0.07,0.0000,0.00,0.0000,0.0000,1.0000,0.0331,0,161,0,0,0.002610
275,16,72000000,16.072000000,-1.593846040510044,-8.539127122240528,68.92926823519606,-0.039813545146242545,0.028232456158890043,-0.06730009344426435,0.9965382619169811,161,161,75,161,75,0,0.4658,1.0000,1.1999,1.6404,0.6606,0,True,8.20,True,-0.5597574567303936,0.6573262304384855,-0.5045729049525477,0.12,0.0000,0.00,0.0000,0.0000,1.0000,0.0315,0,161,0,0,0.002572
276,16,105000000,16.105000000,-1.593846040510044,-8.539127122240528,68.92926823519606,-0.039813545146242545,0.028232456158890043,-0.06730009344426435,0.9965382619169811,2000,0,0,0,0,0,0.0000,0.0000,0.0000,0.0000,0.0000,1,True,9.84,True,0.0,0.0,0.0,0.00,0.0000,0.00,0.0000,0.0000,1.0000,0.0269,0,2000,0,0,0.001686
277,16,138000000,16.138000000,-1.3556054072138939,-9.50293264925265,68.80960075110983,-0.04005350803246126,0.02874567629289878,-0.06765992250123781,0.9964896073095212,2000,2000,1825,1996,1825,0,0.9125,1.0000,0.8215,17.4530,1.8668,0,True,9.84,True,0.373241070413676,-0.9106481222976545,-0.17723177117043548,0.08,0.0000,0.00,0.0000,0.0000,1.0000,0.0551,0,2000,0,0,0.002872
278,16,171000000,16.171000000,-0.5990713894108365,-10.151280675577812,68.72415417910705,-0.040417190919146244,0.029359911008304523,-0.06732415327446598,0.9964797562869332,1825,1825,658,1824,658,0,0.3605,1.0000,0.8197,2.4245,1.0305,0,True,9.84,True,0.84170854138461,-0.5329058426282783,-0.08682219907855979,0.09,0.0000,0.00,0.0000,0.0000,1.0000,0.0329,0,1825,0,0,0.003618
279,16,204000000,16.204000000,0.009929733130431995,-10.56730512902062,68.04884588885652,-0.040336424569498,0.030012682750147207,-0.06711416646500189,0.9964777470605133,658,658,128,658,128,0,0.1945,1.0000,0.8073,1.4641,0.9550,0,True,9.84,True,0.6950769863042876,-0.27356135873174764,-0.6648549963104656,0.08,0.0000,0.00,0.0000,0.0000,1.0000,0.0263,0,658,0,0,0.004170
280,16,237000000,16.237000000,0.45818865345832893,-10.16982465097517,67.24817541361766,-0.035103126219358065,0.03400253995901695,-0.061815063524213516,0.996890413098381,128,128,128,128,128,0,1.0000,1.0000,0.3132,1.2729,1.7447,0,True,9.84,True,0.43284176817132014,0.5190684927077049,-0.7370318199402768,0.97,0.0000,0.00,0.0000,0.0000,1.0000,0.0297,0,128,0,0,0.003048
281,16,270000000,16.270000000,0.8302941827332797,-9.783088979223095,66.40439049121298,-0.02808314741326655,0.03974022818541945,-0.055569301016415606,0.9972683209045008,128,128,128,128,128,0,1.0000,1.0000,0.3099,1.2327,1.4254,0,True,9.84,True,0.3733560370216657,0.49040099934059683,-0.7874719864637856,1.26,0.0000,0.00,0.0000,0.0000,1.0000,0.0122,0,128,0,0,0.001243
282,16,303000000,16.303000000,1.126643155229864,-9.445583710571972,65.51093233319273,-0.021708064337218648,0.04557079516275343,-0.05077642557822026,0.9974336154233349,128,128,128,128,128,0,1.0000,1.0000,0.2602,1.1820,1.4310,0,True,9.84,True,0.3234518690229104,0.421064152593632,-0.8473982934996936,1.13,0.0000,0.00,0.0000,0.0000,1.0000,0.0117,0,128,0,0,0.001222
283,16,336000000,16.336000000,1.333370268055842,-9.123918340650986,64.58692189460655,-0.011678332294790343,0.055194465933548126,-0.04446869387806403,0.9974165242013499,128,128,128,128,128,0,1.0000,1.0000,0.2906,1.2622,1.4244,0,True,9.84,True,0.25354654302912877,0.38452455767405447,-0.887611973253826,1.75,0.0000,0.00,0.0000,0.0000,1.0000,0.0109,0,128,0,0,0.001164
284,16,369000000,16.369000000,1.555219667629383,-8.767270980329132,63.6794057766867,-0.0039783500150815995,0.062418505154346056,-0.03919780164524807,0.9972720969182052,128,128,128,128,128,0,1.0000,1.0000,0.2646,1.3994,1.4624,0,True,9.84,True,0.2865015304447788,0.4001299475461745,-0.8705244959962328,1.35,0.0000,0.00,0.0000,0.0000,1.0000,0.0658,0,128,0,0,0.007650
285,16,402000000,16.402000000,1.6694934287111678,-8.44822595678084,62.73858072362036,0.006036258660685899,0.07277858961477159,-0.03377825153049382,0.996757678775844,128,128,128,128,128,0,1.0000,1.0000,0.2585,1.2860,1.4246,0,True,9.84,True,0.20476618421250276,0.33900110390304516,-0.9182314857134709,1.77,0.0000,0.00,0.0000,0.0000,1.0000,0.0201,0,128,0,0,0.002732
286,16,435000000,16.435000000,1.7685664040423454,-8.676671630208492,63.70708323773749,0.0036517531081723745,0.07015183739500361,-0.03428400888940016,0.9969403147349462,128,128,128,128,128,0,1.0000,1.0000,0.2704,1.2688,1.4908,0,True,9.84,True,-0.027930752673919635,-0.21425680715200268,0.9763779461069868,0.41,0.0000,0.00,0.0000,0.0000,1.0000,0.0166,0,128,0,0,0.001446
287,16,468000000,16.468000000,2.5836335912638875,-8.099173017752609,63.75356799788845,0.0036291162489255767,0.06956553259751519,-0.030638815834201295,0.9971001600410833,128,128,128,128,128,0,1.0000,1.0000,0.2758,3.0023,1.5382,0,True,9.84,True,0.759434229188311,0.6323746438562778,0.1528462016041016,0.42,0.0000,0.00,0.0000,0.0000,1.0000,0.0138,0,128,0,0,0.001770
288,16,501000000,16.501000000,3.358710077811656,-8.72220415504305,63.64826537699352,0.0037456967463897783,0.0696303574722008,-0.030629590263165356,0.9970954875409317,128,127,53,127,53,0,0.4173,0.9922,0.2740,0.6408,1.5083,0,True,9.84,True,0.8185039255180048,-0.5744097328001035,0.010236345838720554,0.02,0.0000,0.00,0.0000,0.0000,1.0000,0.0115,0,127,0,0,0.002999
289,16,534000000,16.534000000,3.358710077811656,-8.72220415504305,63.64826537699352,0.0037456967463897783,0.0696303574722008,-0.030629590263165356,0.9970954875409317,2000,0,0,0,0,0,0.0000,0.0000,0.0000,0.0000,0.0000,1,True,9.84,True,0.0,0.0,0.0,0.00,0.0000,0.00,0.0000,0.0000,1.0000,0.0139,0,2000,0,0,0.002626
290,16,567000000,16.567000000,4.221860448002121,-9.02607501899696,64.05154435794833,0.003631990943447689,0.06972937546654423,-0.03050422831705428,0.9970928316328492,2000,1966,801,1899,801,0,0.4074,0.9830,13.7440,1038.0032,2.2123,0,True,9.84,True,0.8154730004505832,-0.24882746089764776,0.5225788746585078,0.02,0.0000,0.00,0.0000,0.0000,1.0000,0.0148,0,1966,0,0,0.001670
291,16,600000000,16.600000000,4.918606754699169,-9.666683166879245,64.37429160421208,0.0034181323706845594,0.07013871169062533,-0.030254405783623445,0.9970724890519022,801,801,137,799,137,0,0.1710,1.0000,1.3153,194.3469,0.8025,0,True,9.84,True,0.6823680579782171,-0.595697691947725,0.42369575553596245,0.06,0.0000,0.00,0.0000,0.0000,1.0000,0.0142,0,801,0,0,0.001665
292,16,633000000,16.633000000,5.448331273699085,-10.206159750508608,63.7198017649587,0.0034070885693047895,0.07081763105491348,-0.029927850922598923,0.9970343918934822,137,137,38,137,38,0,0.2774,1.0000,0.8854,1.1197,0.7977,0,True,9.84,True,0.6475084710781284,-0.507946724704458,-0.5680870573636386,0.09,0.0000,0.00,0.0000,0.0000,1.0000,0.0180,0,137,0,0,0.001811
293,16,666000000,16.666000000,5.448331273699085,-10.206159750508608,63.7198017649587,0.0034070885693047895,0.07081763105491348,-0.029927850922598923,0.9970343918934822,2000,0,0,0,0,0,0.0000,0.0000,0.0000,0.0000,0.0000,1,True,11.48,True,0.0,0.0,0.0,0.00,0.0000,0.00,0.0000,0.0000,1.0000,0.0186,0,2000,0,0,0.002984
294,16,699000000,16.699000000,6.078373537814289,-10.444854651071006,62.980835263773365,0.003611079323256653,0.07127548324879329,-0.02978847660935265,0.9970052217792372,2000,2000,168,1998,168,0,0.0840,1.0000,0.6401,13.2968,1.7496,0,True,11.48,True,0.7412278575002714,-0.20224610796786477,-0.6400607588951289,0.06,0.0000,0.00,0.0000,0.0000,1.0000,0.0207,0,2000,0,0,0.002800
295,16,732000000,16.732000000,6.160340369355161,-10.440368831121614,63.97746022630768,0.004668135558453243,0.07080731171151897,-0.029949882425842296,0.9970293564691431,168,168,10,168,10,0,0.0595,1.0000,0.2026,1.4217,2.4815,0,True,11.48,True,-0.061134387386333505,0.012332828383123306,0.9980533492869857,0.13,0.0000,0.00,0.0000,0.0000,1.0000,0.0100,0,168,0,0,0.000933
296,16,765000000,16.765000000,6.160340369355161,-10.440368831121614,63.97746022630768,0.004668135558453243,0.07080731171151897,-0.029949882425842296,0.9970293564691431,2000,0,0,0,0,0,0.0000,0.0000,0.0000,0.0000,0.0000,1,True,13.11,True,0.0,0.0,0.0,0.00,0.0000,0.00,0.0000,0.0000,1.0000,0.0100,0,2000,0,0,0.000899
297,16,798000000,16.798000000,5.880891653212508,-10.714919209169345,63.057389302432746,0.00544121371443662,0.07082230295126668,-0.03032244749744974,0.9970131111353336,2000,1854,563,1837,563,0,0.3037,0.9270,1.5507,206.7472,2.3038,0,True,13.11,True,-0.12976440039444648,-0.29558197423799637,-0.9464631513671508,0.10,0.0000,0.00,0.0000,0.0000,1.0000,0.0085,0,1854,0,0,0.000742
298,16,831000000,16.831000000,5.175942770577328,-10.880996434657522,62.367849290507735,0.006471008547629105,0.07141330788226743,-0.03138945505263175,0.9969317768118277,563,563,563,563,563,0,1.0000,1.0000,1.0108,1.3396,1.1272,0,True,13.11,True,-0.5890617031911264,-0.21344903969448065,-0.7793881044043934,0.18,0.0000,0.00,0.0000,0.0000,1.0000,0.0102,0,563,0,0,0.000861
299,16,864000000,16.864000000,5.2354423843838305,-11.66225773598012,62.98921116173301,0.004893808697005942,0.06961773242144961,-0.03200827264232897,0.9970480893374135,563,563,563,563,563,0,1.0000,1.0000,1.9287,2.5993,1.8581,0,True,13.11,True,0.018222523028320545,-0.7706461886151657,0.6370026621823496,0.28,0.0000,0.00,0.0000,0.0000,1.0000,0.0118,0,563,0,0,0.000976
300,16,897000000,16.897000000,5.244905584175048,-11.790224472575934,61.997477849710705,0.004827086775495922,0.06838785987492521,-0.03241394575476423,0.997120422003078,563,563,563,563,563,0,1.0000,1.0000,2.8276,3.8733,1.9809,0,True,13.11,True,0.15542022144200676,-0.13234614272540426,-0.9789428243123419,0.15,0.0000,0.00,0.0000,0.0000,1.0000,0.1369,0,563,0,0,0.005048
301,16,930000000,16.930000000,4.603923092477594,-12.200206505829481,61.34858943268772,0.0055040637499108635,0.06743667139459765,-0.03420220184296241,0.9971219634641226,563,563,563,563,563,0,1.0000,1.0000,3.6066,4.9922,1.3162,0,True,13.11,True,-0.5187092333095603,-0.45432813633056524,-0.7242421389409783,0.24,0.0000,0.00,0.0000,0.0000,1.0000,0.0602,0,563,0,0,0.006153
302,16,963000000,16.963000000,4.497107544614995,-13.056269874672939,61.8543027380883,0.002454590368770993,0.06395440890823054,-0.03601078705718761,0.9972998705418757,563,563,563,563,563,0,1.0000,1.0000,4.2978,5.9266,1.8620,0,True,13.11,True,-0.11604098546678322,-0.8581554936699279,0.5001036276373327,0.57,0.0000,0.00,0.0000,0.0000,1.0000,0.0380,0,563,0,0,0.001689
303,16,996000000,16.996000000,5.290643321919772,-13.090650644849656,62.46185432666275,0.001826042848636355,0.05898442466868378,-0.035476832400877865,0.997626632351412,563,563,563,563,563,0,1.0000,1.0000,4.6862,6.4316,1.6991,0,True,13.11,True,0.7098362096921135,0.023131418302491335,0.703986855628178,0.58,0.0000,0.00,0.0000,0.0000,1.0000,0.0446,0,563,0,0,0.001465
304,17,29000000,17.029000000,5.7233065335301,-13.93209709512737,62.785536912901264,0.000795713877448956,0.0556105461950607,-0.035384305898112235,0.9978250271903493,563,563,366,563,366,0,0.6501,1.0000,4.9707,6.7783,1.6563,0,True,13.11,True,0.4498084709032732,-0.808778710081899,0.37887905408179895,0.41,0.0000,0.00,0.0000,0.0000,1.0000,0.0207,0,563,0,0,0.001365
305,17,62000000,17.062000000,5.062126787009846,-14.589444576506134,62.42396308708363,-0.0004404216823099749,0.057371345280908134,-0.04317608548484448,0.9974187487768644,366,366,366,366,366,0,1.0000,1.0000,5.4928,6.9133,0.8918,0,True,13.11,True,-0.56892690183053,-0.7015993051081093,-0.4290461460557974,0.93,0.0000,0.00,0.0000,0.0000,1.0000,0.0102,0,366,0,0,0.001032
306,17,95000000,17.095000000,5.743516629415909,-15.070745482171013,61.87254915828602,-0.000575306299542655,0.05372691850974674,-0.04334039411684401,0.9976145034470506,366,366,135,366,135,0,0.3689,1.0000,5.3861,6.7014,0.8966,0,True,13.11,True,0.7789286828147609,-0.41763684534454537,-0.46781360871517846,0.42,0.0000,0.00,0.0000,0.0000,1.0000,0.0429,0,366,0,0,0.002855
307,17,128000000,17.128000000,6.378567201949549,-15.646647629358242,61.357721529666655,-0.0013309865643946945,0.05067805194998234,-0.04321995012166182,0.9977785322589383,135,135,121,135,121,0,0.8963,1.0000,5.1776,6.1327,1.1478,0,True,13.11,True,0.7339973117730795,-0.5158735626454934,-0.4417266277612648,0.36,0.0000,0.00,0.0000,0.0000,1.0000,0.0291,0,135,0,0,0.003334
308,17,161000000,17.161000000,7.0622396099102005,-16.35319036650557,61.540449193630366,-0.0018859945270083807,0.04740299919830232,-0.0433630159144475,0.9979323862579333,121,121,99,121,99,0,0.8182,1.0000,4.6337,5.4217,1.0043,0,True,13.11,True,0.7201812809162493,-0.6463133706095264,0.25222598912321353,0.38,0.0000,0.00,0.0000,0.0000,1.0000,0.0062,0,121,0,0,0.002165
309,17,194000000,17.194000000,7.0622396099102005,-16.35319036650557,61.540449193630366,-0.0018859945270083807,0.04740299919830232,-0.0433630159144475,0.9979323862579333,2000,0,0,0,0,0,0.0000,0.0000,0.0000,0.0000,0.0000,1,True,14.75,True,0.0,0.0,0.0,0.00,0.0000,0.00,0.0000,0.0000,1.0000,0.0025,0,2000,0,0,0.003056
310,17,227000000,17.227000000,8.008401688184236,-16.34574527067777,61.21684157291621,-0.0016571463848115621,0.04487376991098362,-0.042947522090505785,0.9980676875774113,2000,1976,1594,1971,1594,0,0.8067,0.9880,2.9484,15.2479,2.1900,0,True,14.75,True,0.9682696067710983,0.09168358293562134,-0.23248244928043366,0.30,0.0000,0.00,0.0000,0.0000,1.0000,0.0124,0,1976,0,0,0.002898
311,17,260000000,17.260000000,8.850673107504752,-16.549450585222406,61.71592373150541,-0.0018038696040703058,0.04232435122564287,-0.04298256188643401,0.9981772862179638,1594,1594,1458,1592,1458,0,0.9147,1.0000,2.1937,3.7925,1.1762,0,True,14.75,True,0.8086321665675031,-0.13444544143365703,0.5727464032798939,0.29,0.0000,0.00,0.0000,0.0000,1.0000,0.0192,0,1594,0,0,0.003311
312,17,293000000,17.293000000,8.605984803118524,-16.509925403774606,60.74712788421451,-0.0012213116872891265,0.043189611126629,-0.043068466331931635,0.998137401912336,1458,1458,1458,1458,1458,0,1.0000,1.0000,1.3055,2.0604,1.0298,0,True,14.75,True,-0.16459756038243387,0.025433597574681787,-0.9860328469328798,0.12,0.0000,0.00,0.0000,0.0000,1.0000,0.0144,0,1458,0,0,0.002252
313,17,326000000,17.326000000,8.804255665540886,-16.505905481760816,59.766988860738095,-0.001020491617369914,0.04348203129049818,-0.042929234835922994,0.998130929461718,1458,1458,1440,1458,1440,0,0.9877,1.0000,0.5795,1.5558,1.0046,0,True,13.11,True,0.2808524325467795,0.027066698482124743,-0.959369222440367,0.04,0.0000,0.00,0.0000,0.0000,1.0000,0.0440,0,1458,0,0,0.006819
314,17,359000000,17.359000000,8.899542413969954,-16.46426593425917,58.77241026471983,-0.0004222479242962188,0.04460444290443735,-0.04289367920322838,0.9980833620816879,1440,1440,1437,1439,1437,0,0.9979,1.0000,0.5660,5.0094,0.7557,0,True,13.11,True,0.17724689265285481,0.05538259612563932,-0.9826068934682333,0.15,0.0000,0.00,0.0000,0.0000,1.0000,0.0354,0,1440,0,0,0.003829
315,17,392000000,17.392000000,9.767716953575773,-16.95567876894445,58.84159403945636,-0.0005872752957739893,0.04486448512288619,-0.04298867076336943,0.9980675364264604,1437,1437,1357,1437,1357,0,0.9443,1.0000,1.2632,2.8816,1.0384,0,True,13.11,True,0.8974625703591546,-0.415624485562412,0.1477065394805522,0.04,0.0000,0.00,0.0000,0.0000,1.0000,0.0200,0,1437,0,0,0.003393
316,17,425000000,17.425000000,9.585764231829584,-17.018490399575512,57.86029494840073,0.0003896032451823599,0.04837953563558655,-0.04328586306515657,0.997890576566239,1357,1357,1357,1357,1357,0,1.0000,1.0000,2.1217,4.9903,0.9056,0,True,13.11,True,-0.08732323375604048,-0.07324787267253027,-0.9934834684056585,0.42,0.0000,0.00,0.0000,0.0000,1.0000,0.0074,0,1357,0,0,0.004946
317,17,458000000,17.458000000,10.371745292355945,-17.329169142026476,57.325774142928246,0.0007597362090470158,0.04998983113391413,-0.04336397900641295,0.9978075991436559,1357,1356,1351,1355,1351,0,0.9963,0.9993,2.8693,10.6074,0.8781,0,True,13.11,True,0.8578126410196046,-0.23976148813895984,-0.45461181431234543,0.19,0.0000,0.00,0.0000,0.0000,1.0000,0.0071,0,1356,0,0,0.001725
318,17,491000000,17.491000000,11.315587822821028,-17.43416422329377,57.01250539154224,0.0009257983246021107,0.05183637170640297,-0.042877877983146344,0.9977342436969076,1351,1347,1225,1346,1225,0,0.9094,0.9970,3.5508,6.9301,0.9653,0,True,13.11,True,0.9759261167351235,-0.021967101865768255,-0.21699230656850735,0.22,0.0000,0.00,0.0000,0.0000,1.0000,0.0307,0,1347,0,0,0.009485
319,17,524000000,17.524000000,12.270794999739834,-17.677648296005657,57.18071584156966,0.00136507126939218,0.05309940590682053,-0.042960211468584704,0.9976637759803384,1225,1221,1216,1216,1216,0,0.9959,0.9967,4.3704,15.9460,0.9850,0,True,11.48,True,0.9499583554453642,-0.1612047504616284,0.2675670969086881,0.15,0.0000,0.00,0.0000,0.0000,1.0000,0.0084,0,1221,0,0,0.003924
320,17,557000000,17.557000000,13.238791713659426,-17.902792533449485,57.29158709206636,0.0017510405663204351,0.05475322516978056,-0.04289996196325683,0.9975763687327369,1216,1208,1203,1205,1203,0,0.9959,0.9934,4.9731,15.4123,1.0760,0,True,11.48,True,0.9664718242006661,-0.14139948724514853,0.21433244745732263,0.19,0.0000,0.00,0.0000,0.0000,1.0000,0.0014,0,1208,0,0,0.005882
321,17,590000000,17.590000000,14.189380061206046,-18.073308891260655,57.55102102436394,0.002123059476440443,0.056151591876348154,-0.04271196889545767,0.9975059794614191,1203,1196,1190,1190,1190,0,0.9950,0.9942,5.5849,12.7845,1.0695,0,True,11.48,True,0.9275721657519409,-0.08865508006823038,0.36297404053230753,0.17,0.0000,0.00,0.0000,0.0000,1.0000,0.0108,0,1196,0,0,0.018268
322,17,623000000,17.623000000,14.883074380650221,-18.169663339454047,56.83722552740123,0.0030260518701437345,0.0603775440234074,-0.04205597248080323,0.9972846586438973,1190,1173,1028,1170,1028,0,0.8764,0.9857,6.1211,14.3526,1.0851,0,True,11.48,True,0.7750673623245787,-0.036325759678185014,-0.630833593781294,0.50,0.0000,0.00,0.0000,0.0000,1.0000,0.0380,0,1173,0,0,0.008826
323,17,656000000,17.656000000,14.835264128016274,-18.106585954670745,55.84036273680667,0.004372519145993819,0.06641786913314897,-0.0419212983683164,0.9969012751919041,1028,1012,1010,1011,1010,0,0.9980,0.9844,6.3667,16.4328,1.1290,0,True,11.48,True,0.06774246548260114,0.05787094018438185,-0.9960230482536607,0.71,0.0000,0.00,0.0000,0.0000,1.0000,0.0341,0,1012,0,0,0.008208
324,17,689000000,17.689000000,15.817532961617692,-18.281003259158854,55.90911259084581,0.005361146914169457,0.06843201806257011,-0.042081492403716635,0.9967534624994913,1010,1002,998,998,998,0,0.9960,0.9921,6.7507,12.8588,1.2059,0,True,9.84,True,0.975497770246742,-0.09090978212204381,0.20034847580692258,0.26,0.0000,0.00,0.0000,0.0000,1.0000,0.0456,0,1002,0,0,0.016168
325,17,722000000,17.722000000,16.75504944203865,-18.369628661085002,56.245577131432945,0.0059966464675256965,0.0694355964929308,-0.04178607437214098,0.9966928625004697,998,982,980,980,980,0,0.9980,0.9840,7.0504,16.1804,1.2350,0,True,9.84,True,0.8867329308766885,-0.007312390607029518,0.46222422939786284,0.14,0.0000,0.00,0.0000,0.0000,1.0000,0.0607,0,982,0,0,0.010452
326,17,755000000,17.755000000,17.720668664516896,-18.50267985420296,56.468908493293256,0.006840405285437086,0.07125082370475325,-0.04179594974939985,0.9965588931726367,980,959,949,949,949,0,0.9896,0.9786,7.3035,20.2427,1.3255,0,True,9.84,True,0.9328842031400117,-0.04996721285196435,0.3566936236767231,0.23,0.0000,0.00,0.0000,0.0000,1.0000,0.0704,0,959,0,0,0.007523
327,17,788000000,17.788000000,17.728976417505336,-18.388730376918947,55.475456683758956,0.008130499669928102,0.07807157500644625,-0.041260109122699756,0.9960604035631136,949,926,919,921,919,0,0.9924,0.9758,7.4008,17.2051,1.2471,0,True,9.84,True,0.1404623995954685,0.10661339947335698,-0.9843291610800816,0.80,0.0000,0.00,0.0000,0.0000,1.0000,0.0705,0,926,0,0,0.011906
328,17,821000000,17.821000000,18.65374902658991,-18.41540113238897,55.85504105157401,0.00998948075955578,0.0763081971024565,-0.04147774761680095,0.9961711026634752,919,906,906,906,906,0,1.0000,0.9859,7.4729,14.5478,1.2151,0,True,9.84,True,0.853218326673641,0.05431203373011619,0.5187183147145767,0.29,0.0000,0.00,0.0000,0.0000,1.0000,0.1040,0,906,0,0,0.011817
329,17,854000000,17.854000000,19.36581451873665,-18.822009027669655,55.28264891816437,0.010345364927790939,0.08031693992866298,-0.04186175356231395,0.99583620951123,906,892,850,890,850,0,0.9529,0.9845,7.4821,14.3776,1.3217,0,True,9.84,True,0.8218003691674926,-0.35296719251417535,-0.4472787880559886,0.46,0.0000,0.00,0.0000,0.0000,1.0000,0.1078,0,892,0,0,0.010784
330,17,887000000,17.887000000,20.355434999816243,-18.960994586655335,55.31917723349954,0.010755800079539801,0.08255227207321614,-0.04144070138670508,0.9956666627987384,850,830,822,822,822,0,0.9904,0.9765,7.4403,24.4497,1.3737,0,True,9.84,True,0.9788663838993509,-0.05380759549619913,0.1972950712479307,0.27,0.0000,0.00,0.0000,0.0000,1.0000,0.0658,0,830,0,0,0.006060
331,17,920000000,17.920000000,20.106613998428905,-18.853823525463824,54.35657530491656,0.01260078666277811,0.08989188618547675,-0.04145950462550199,0.9950084313460387,822,797,794,794,794,0,0.9962,0.9696,7.1712,13.9065,1.2393,0,True,8.20,True,-0.09412932235737997,0.07177182683060274,-0.99296952397641,0.87,0.0000,0.00,0.0000,0.0000,1.0000,0.1320,0,797,0,0,0.011184
332,17,953000000,17.953000000,20.790735857298966,-18.858266986195034,53.62722111258412,0.013890261126841672,0.09385019603121633,-0.04089602608870767,0.994649041823739,794,780,703,777,703,0,0.9013,0.9824,6.8299,13.7121,1.2527,0,True,8.20,True,0.8023039615477261,0.040713895962790764,-0.5955255930355604,0.48,0.0000,0.00,0.0000,0.0000,1.0000,0.0890,0,780,0,0,0.007007
333,17,986000000,17.986000000,21.459927961887075,-19.429872589817254,53.1524064528856,0.01428309507945169,0.0972129624836823,-0.04173481934415218,0.9942855917564171,703,679,554,678,554,0,0.8159,0.9659,6.4747,12.3220,1.3104,0,True,8.20,True,0.7893631540278139,-0.5227618385236681,-0.3219097253060491,0.40,0.0000,0.00,0.0000,0.0000,1.0000,0.3335,0,679,0,0,0.023316
334,18,19000000,18.019000000,22.452817378086724,-19.540449158534674,53.10832210589713,0.014913123395259095,0.0984979773795485,-0.04161976742426382,0.9941546872405149,554,536,530,530,530,0,0.9888,0.9675,6.1517,16.4373,1.3116,0,True,8.20,True,0.9881089616914115,-0.02588086840189971,0.1515614082670265,0.17,0.0000,0.00,0.0000,0.0000,1.0000,0.0747,0,536,0,0,0.004771
335,18,52000000,18.052000000,23.450660072462238,-19.531224389022427,53.043323175837784,0.01601135710289766,0.09930807394143792,-0.04145544193979321,0.9940638758285816,530,520,518,518,518,0,0.9962,0.9811,5.7103,11.1935,1.2523,0,True,8.20,True,0.9870980053480959,0.09330022483379022,0.13012530839070027,0.16,0.0000,0.00,0.0000,0.0000,1.0000,0.2715,0,520,0,0,0.014458
336,18,85000000,18.085000000,24.3238838828965,-19.669947600900347,53.510480587613436,0.015500013769039143,0.0929421410723022,-0.041276415257988495,0.9946948102455878,518,506,503,503,503,0,0.9941,0.9768,5.2565,15.2544,1.2721,0,True,8.20,True,0.7711366687238036,-0.05240394029182883,0.6345093105632456,0.74,0.0000,0.00,0.0000,0.0000,1.0000,0.2127,0,506,0,0,0.008972
337,18,118000000,18.118000000,25.24133590752474,-19.84394573124531,53.868260454489686,0.015026069686761265,0.09093118875137755,-0.04111914849599267,0.9948944425259367,503,495,490,490,490,0,0.9899,0.9841,4.7455,13.1971,1.2804,0,True,6.56,True,0.8456513524830616,-0.08705457157439081,0.5265883511924355,0.24,0.0000,0.00,0.0000,0.0000,1.0000,0.1968,0,495,0,0,0.010179
338,18,151000000,18.151000000,26.177236716744254,-19.778472806211056,54.21438611287072,0.014988058476683129,0.08714029534481892,-0.03936399255508622,0.9953051808970153,490,482,479,479,479,0,0.9938,0.9837,4.1665,14.9630,1.3462,0,True,6.56,True,0.8490274965098186,0.15211377548399235,0.5059779733133404,0.48,0.0000,0.00,0.0000,0.0000,1.0000,0.2611,0,482,0,0,0.010642
339,18,184000000,18.184000000,27.120886023556505,-19.877661887576764,54.530119405208694,0.015009816559682834,0.08339806737924389,-0.03922054190305082,0.9956310646304096,479,467,464,464,464,0,0.9936,0.9749,3.5202,9.4118,1.2616,0,True,6.56,True,0.8787666153221264,-0.015175396366806789,0.47701042246517456,0.43,0.0000,0.00,0.0000,0.0000,1.0000,0.2277,0,467,0,0,0.012102
340,18,217000000,18.217000000,27.827912029885,-19.85822549966697,53.823199004314645,0.01544344373819265,0.08491963023812182,-0.03834803547051184,0.9955298009709596,464,454,435,453,435,0,0.9581,0.9784,3.0380,5.6661,1.1334,0,True,6.56,True,0.8117752425989485,0.059851296010140616,-0.5808948079207844,0.21,0.0000,0.00,0.0000,0.0000,1.0000,0.1711,0,454,0,0,0.014523
341,18,250000000,18.250000000,28.587160664446152,-20.286373906813193,53.333065907722315,0.01489099998868359,0.08582168888769155,-0.038466994418086105,0.9954562703485474,435,432,396,431,396,0,0.9167,0.9931,2.5762,8.3497,1.1322,0,True,6.56,True,0.8610849542440531,-0.37860119264217473,-0.3394021781079783,0.12,0.0000,0.00,0.0000,0.0000,1.0000,0.2096,0,432,0,0,0.010945
342,18,283000000,18.283000000,29.021824012028684,-20.603276829097776,52.49007106069426,0.014936075229386472,0.08722179522143719,-0.039160447849546205,0.9953068528947818,396,390,386,390,386,0,0.9897,0.9848,2.1604,4.7606,1.1052,0,True,6.56,True,0.5954367176126093,-0.3008511526281584,-0.7449454337607757,0.18,0.0000,0.00,0.0000,0.0000,1.0000,0.0966,0,390,0,0,0.004546
343,18,316000000,18.316000000,29.697252892315014,-20.625418929396726,51.752978423999586,0.015373887722629435,0.08789957419178393,-0.038864722736197115,0.9952521498393428,386,385,382,384,382,0,0.9922,0.9974,1.7150,4.0069,1.0664,0,True,6.56,True,0.7935886943975219,0.015467535735957738,-0.6082579547056443,0.10,0.0000,0.00,0.0000,0.0000,1.0000,0.3408,0,385,0,0,0.015897
344,18,349000000,18.349000000,30.6885016007396,-20.57991482814579,51.87689523002657,0.01540518581444951,0.08449267854712797,-0.03804533308385998,0.9955783345134084,382,379,379,379,379,0,1.0000,0.9921,1.4088,3.5349,0.9579,0,True,6.56,True,0.9477104213669999,0.12765301312751276,0.2924887441797553,0.40,0.0000,0.00,0.0000,0.0000,1.0000,0.1316,0,379,0,0,0.006131
345,18,382000000,18.382000000,30.599455066085312,-20.43495032144336,50.891473489621696,0.015560364401881166,0.08826698026985004,-0.03717381800905969,0.9952813283229782,379,379,379,379,379,0,1.0000,1.0000,1.3143,3.2993,0.9698,0,True,6.56,True,0.06881900355285817,0.11360699883699726,-0.9911394425434001,0.45,0.0000,0.00,0.0000,0.0000,1.0000,0.1520,0,379,0,0,0.007123
346,18,415000000,18.415000000,31.580511857023996,-20.338148686657348,51.05927401541301,0.015539010192019233,0.08396294550650046,-0.03590913215154321,0.9957004053289563,379,379,379,379,379,0,1.0000,1.0000,1.3413,4.3763,1.0053,0,True,6.56,True,0.926484474135099,0.17587344579990696,0.3327086567089535,0.52,0.0000,0.00,0.0000,0.0000,1.0000,0.6177,0,379,0,0,0.030444
347,18,448000000,18.448000000,31.60490433882637,-20.479805807909347,50.06965880391406,0.015496689101450472,0.08614229335779243,-0.03652282080838965,0.9954925622435113,379,375,374,375,374,0,0.9973,0.9894,1.4314,4.9202,0.9901,0,True,6.56,True,0.2003177344598426,-0.1640710390713896,-0.9658951803373441,0.26,0.0000,0.00,0.0000,0.0000,1.0000,0.1745,0,375,0,0,0.006737
348,18,481000000,18.481000000,32.570693379947755,-20.4524366666626,49.81177809863107,0.01613673854809999,0.08454357934077478,-0.03676663477878018,0.9956104677173319,374,371,371,371,371,0,1.0000,0.9920,1.5438,4.1301,0.9979,0,True,6.56,True,0.9914826208977525,0.09375627754551132,-0.09039896503020585,0.20,0.0000,0.00,0.0000,0.0000,1.0000,0.2362,0,371,0,0,0.008872
349,18,514000000,18.514000000,33.54897703465591,-20.387209534664525,50.008517805305,0.016079633677859046,0.07943279071299374,-0.03550766017157354,0.9960778499743238,371,370,370,370,370,0,1.0000,0.9973,1.6567,7.1392,1.0616,0,True,6.56,True,0.9237030809425479,0.14440522523209925,0.3548517284485328,0.61,0.0000,0.00,0.0000,0.0000,1.0000,0.1887,0,370,0,0,0.019183
350,18,547000000,18.547000000,34.500202079597,-20.476197572843876,49.71313323743151,0.01595114393440113,0.07832420202060561,-0.035715862455682514,0.9961602569637409,370,365,365,365,365,0,1.0000,0.9865,1.6877,4.2282,1.0405,0,True,4.92,True,0.9899699050434653,-0.026796967091817638,-0.13871376882960287,0.13,0.0000,0.00,0.0000,0.0000,1.0000,0.1842,0,365,0,0,0.006663
351,18,580000000,18.580000000,35.465024098189424,-20.523621137512176,49.4545419035601,0.016407890812315435,0.07657683724071107,-0.03608694193540243,0.9962753142274738,365,359,359,359,359,0,1.0000,0.9836,1.7702,7.4629,1.0535,0,True,4.92,True,0.99442583546423,0.017015445396900586,-0.10405639038143194,0.21,0.0000,0.00,0.0000,0.0000,1.0000,0.1824,0,359,0,0,0.018879
352,18,613000000,18.613000000,36.43906966600109,-20.52929011974578,49.680822911306834,0.01701197803744601,0.07204834331697295,-0.03659571379430309,0.9965843579749877,359,357,356,356,356,0,0.9972,0.9944,1.8814,5.9541,1.1059,0,True,4.92,True,0.9256837325040903,0.07298265568292833,0.3711915399719706,0.53,0.0000,0.00,0.0000,0.0000,1.0000,0.0997,0,357,0,0,0.008894
353,18,646000000,18.646000000,37.42982859244153,-20.635577277553466,49.76508316150671,0.016367391051289964,0.06959819478516277,-0.036567046251350134,0.9967703100119267,356,350,350,350,350,0,1.0000,0.9831,2.0281,7.0202,1.1011,0,True,4.92,True,0.9731063205453557,-0.02883211324888046,0.22854495872865588,0.29,0.0000,0.00,0.0000,0.0000,1.0000,0.0587,0,350,0,0,0.005095
354,18,679000000,18.679000000,38.13465235855195,-20.773565033856404,49.06925068322159,0.015875753136128313,0.0704513731887829,-0.036263102668482386,0.996729427609635,350,344,329,344,329,0,0.9564,0.9829,2.2780,5.4631,1.1997,0,True,3.28,True,0.8032327659819043,-0.1037214215686027,-0.5865654186540897,0.12,0.0000,0.00,0.0000,0.0000,1.0000,0.0793,0,344,0,0,0.007229
355,18,712000000,18.712000000,39.100886676063425,-20.632173550881227,49.28465656105505,0.016395844124986493,0.06583747152958905,-0.03511682152069145,0.9970774355506715,329,323,322,322,322,0,0.9969,0.9818,2.6620,9.6998,1.3964,0,True,3.28,True,0.9136966905359352,0.2186743289845231,0.3425491140651921,0.55,0.0000,0.00,0.0000,0.0000,1.0000,0.0421,0,323,0,0,0.004035
356,18,745000000,18.745000000,40.092735663322145,-20.674811454590966,49.16458326826652,0.016164179682196446,0.06485404298880372,-0.035129181757314984,0.9971452316449543,322,314,314,314,314,0,1.0000,0.9752,3.1235,11.5832,1.3861,0,True,3.28,True,0.9996007424633603,0.025718405633622113,0.011701251145215096,0.12,0.0000,0.00,0.0000,0.0000,1.0000,0.2462,0,314,0,0,0.027270
357,18,778000000,18.778000000,40.73463399394008,-21.005242169666463,48.47264246466796,0.015064920757784404,0.06689354843338381,-0.035364560520794786,0.9970193825596989,314,301,297,300,297,0,0.9867,0.9586,3.6502,8.5312,1.3166,0,True,1.64,True,0.7476507139050119,-0.3022792992177571,-0.5913084095983647,0.27,0.0000,0.00,0.0000,0.0000,1.0000,0.0491,0,301,0,0,0.006483
358,18,811000000,18.811000000,40.57459188928011,-20.884975696654188,47.492886117301346,0.015315050405999774,0.07348913548521159,-0.0349593552366763,0.9965654216749313,297,287,286,287,286,0,0.9965,0.9663,4.3446,13.2375,1.2977,0,True,1.64,True,-0.03471606638640846,0.0835062258234933,-0.9959023571532354,0.76,0.0000,0.00,0.0000,0.0000,1.0000,0.0646,0,287,0,0,0.009241
359,18,844000000,18.844000000,41.447893304848314,-21.013766109729307,47.96273467488824,0.013654232703065343,0.06682883030479747,-0.0347017984173803,0.9970673269925069,286,276,271,271,271,0,0.9819,0.9650,5.1397,11.0814,1.4202,0,True,1.64,True,0.801094561779109,-0.05367114316085374,0.5961265901465429,0.79,0.0000,0.00,0.0000,0.0000,1.0000,0.2305,0,276,0,0,0.025454
360,18,877000000,18.877000000,41.46842177143883,-21.053421359449317,46.96373215075275,0.013262538695671462,0.07285432299188588,-0.03471836023901711,0.996649882431666,271,258,256,256,256,0,0.9922,0.9520,5.9979,11.0664,1.4527,0,True,1.64,True,0.15704690091695658,-0.060654605161468256,-0.985726782523984,0.69,0.0000,0.00,0.0000,0.0000,1.0000,0.0575,0,258,0,0,0.027332
361,18,910000000,18.910000000,41.60563442959687,-21.042406551807534,45.97325178221745,0.013161019134080213,0.0791020484677861,-0.03443678521873654,0.9961846020328515,256,243,241,241,241,0,0.9918,0.9492,6.7487,10.9392,1.5751,0,True,1.64,True,0.27943450959014055,-0.00042872823623350505,-0.9601646582968033,0.72,0.0000,0.00,0.0000,0.0000,1.0000,0.0362,0,243,0,0,0.016034
362,18,943000000,18.943000000,42.59881065590023,-21.14777052581496,46.02324594674868,0.012649793984391507,0.07925206274861615,-0.03435306598396183,0.9961821922317942,241,223,220,220,220,0,0.9865,0.9253,7.5289,13.6342,1.7048,0,True,1.64,True,0.9774770555780767,-0.03382849043907105,0.20831283938592748,0.06,0.0000,0.00,0.0000,0.0000,1.0000,0.0366,0,223,0,0,0.012611
363,18,976000000,18.976000000,43.443582187034465,-21.339849202208647,45.52377938904939,0.012630645044183977,0.08267107860236006,-0.03499940684849352,0.9958820216716154,220,205,199,203,199,0,0.9707,0.9318,8.3023,14.4122,1.6394,0,True,1.64,True,0.9242266444121782,-0.14191905669560864,-0.3544913131590588,0.40,0.0000,0.00,0.0000,0.0000,1.0000,0.0380,0,205,0,0,0.026428
364,19,9000000,19.009000000,44.40205852257876,-21.39319275383561,45.80391788997594,0.01139489461627888,0.08126876471106843,-0.03389185580116289,0.996050644480176,199,183,180,180,180,0,0.9836,0.9196,9.0855,14.9760,1.6248,0,True,1.64,True,0.9002582850271532,0.021048130195382923,0.4348470954890317,0.25,0.0000,0.00,0.0000,0.0000,1.0000,0.0127,0,183,0,0,0.015268
365,19,42000000,19.042000000,44.13826817853557,-21.324379916099957,44.84179552366679,0.012234007258641585,0.09256254509489377,-0.033902417661617626,0.9950543353951323,180,165,162,162,162,0,0.9818,0.9167,9.8262,19.6079,1.4598,0,True,1.64,True,-0.1077118683151364,0.03379831802518419,-0.9936074814144321,1.30,0.0000,0.00,0.0000,0.0000,1.0000,0.0149,0,165,0,0,0.012467
366,19,75000000,19.075000000,44.872270898201755,-21.48750345710604,44.182530237236286,0.01182674050903517,0.0979331466637991,-0.033909634641105586,0.9945448022447081,162,155,148,154,148,0,0.9548,0.9568,10.6601,14.3068,1.5376,0,True,1.64,True,0.8523640576733096,-0.1234280145983103,-0.5081742205179346,0.62,0.0000,0.00,0.0000,0.0000,1.0000,0.0257,0,155,0,0,0.028435
367,19,108000000,19.108000000,44.29005685917911,-21.39103127944839,43.375238510719214,0.016846944282498878,0.11802207067772043,-0.03694647074213182,0.9921803916632229,148,135,133,133,133,0,0.9852,0.9122,11.7721,20.3498,2.0730,0,True,1.64,True,-0.4180845295564822,0.04197546701241622,-0.9074378140206768,2.41,0.0000,0.00,0.0000,0.0000,1.0000,0.0057,0,135,0,0,0.007970
368,19,141000000,19.141000000,43.89989494537845,-21.18858998649644,42.47702294420562,0.01839798097641017,0.1322383438498923,-0.03586234902453106,0.9903981152214861,133,115,113,113,113,0,0.9826,0.8647,12.2907,19.0514,2.0947,0,True,1.64,True,-0.18078563985299487,0.14942301708510625,-0.9721056086599476,1.66,0.0000,0.00,0.0000,0.0000,1.0000,0.0086,0,115,0,0,0.013626
369,19,174000000,19.174000000,44.67617456493496,-21.592112884932163,41.992709798917126,0.016741998612871154,0.13794941595725713,-0.03589227164046438,0.9896471133469674,113,98,96,96,96,0,0.9796,0.8673,13.1024,26.4880,1.9327,0,True,1.64,True,0.901333197230966,-0.3563467866178878,-0.2462020211868902,0.69,0.0000,0.00,0.0000,0.0000,1.0000,0.0213,0,98,0,0,0.037660
370,19,207000000,19.207000000,44.67617456493496,-21.592112884932163,41.992709798917126,0.016741998612871154,0.13794941595725713,-0.03589227164046438,0.9896471133469674,2000,0,0,0,0,0,0.0000,0.0000,0.0000,0.0000,0.0000,1,True,1.64,True,0.0,0.0,0.0,0.00,0.0000,0.00,0.0000,0.0000,1.0000,0.0054,0,2000,0,0,0.008628
371,19,240000000,19.240000000,45.661864957979844,-21.61256614377348,41.825389407865124,0.017185127029480652,0.14132432501197148,-0.03576794721591529,0.9891677110181321,2000,1972,1777,1966,1777,0,0.9011,0.9860,9.1837,23.6966,3.5018,0,True,1.64,True,0.9928805089137817,0.05030105747584764,0.10797267541337204,0.39,0.0000,0.00,0.0000,0.0000,1.0000,0.0142,0,1972,0,0,0.018748
372,19,273000000,19.273000000,46.636993927556546,-21.68489453287411,41.61588500022081,0.0176829511987583,0.14504218568876304,-0.035950810999333574,0.9886139877606521,1777,1744,1653,1740,1653,0,0.9478,0.9814,10.2062,20.7179,1.9236,0,True,1.64,True,0.997281212689334,-0.0033676378577894243,0.0736127830756988,0.44,0.0000,0.00,0.0000,0.0000,1.0000,0.0099,0,1744,0,0,0.010575
373,19,306000000,19.306000000,47.59132920834876,-21.818379839946303,41.348628859728045,0.018055090054269245,0.14902917413943811,-0.036336468947835966,0.9879999898799858,1653,1605,1566,1601,1566,0,0.9757,0.9710,10.8859,25.9307,1.9191,0,True,1.64,True,0.9975029629182316,-0.06688148947372205,0.022687118264016714,0.47,0.0000,0.00,0.0000,0.0000,1.0000,0.0348,0,1605,0,0,0.028638
374,19,339000000,19.339000000,48.585706906188015,-21.887912431198004,41.268765145854196,0.017959968086467017,0.15226487217563295,-0.03579048104159492,0.9875281716054902,1566,1517,1440,1507,1440,0,0.9492,0.9687,11.2186,26.6167,1.8945,0,True,1.64,True,0.9758237170596927,0.005460413757730459,0.2184908627503664,0.38,0.0000,0.00,0.0000,0.0000,1.0000,0.0138,0,1517,0,0,0.009008
375,19,372000000,19.372000000,49.55130759790546,-21.943161493355213,41.014672947458536,0.018468519029459802,0.15623030809068061,-0.03580267509926089,0.9868987653728656,1440,1398,1384,1384,1384,0,0.9900,0.9708,11.7460,22.6268,1.6666,0,True,1.64,True,0.9986963075971177,0.012222190352448415,0.049561106271669285,0.46,0.0000,0.00,0.0000,0.0000,1.0000,0.0816,0,1398,0,0,0.040354
376,19,405000000,19.405000000,50.52820523138308,-21.993229067465677,40.80691286532409,0.018874057669997443,0.15982198267637865,-0.035733111888120596,0.9863183302135533,1384,1336,1325,1325,1325,0,0.9918,0.9653,11.7842,24.8623,1.6986,0,True,1.64,True,0.9942954560594125,0.019517650787837747,0.10485994167139953,0.42,0.0000,0.00,0.0000,0.0000,1.0000,0.0776,0,1336,0,0,0.015974
377,19,438000000,19.438000000,50.30021133578868,-21.913936695376872,39.836484350027774,0.019581037099534283,0.17132994369439114,-0.03537181572629681,0.9843838011832622,1325,1268,1262,1262,1262,0,0.9953,0.9570,11.6777,23.3882,1.5600,0,True,1.64,True,0.08638148352708813,0.036540420990068476,-0.995591802365572,1.34,0.0000,0.00,0.0000,0.0000,1.0000,0.0495,0,1268,0,0,0.027105
378,19,471000000,19.471000000,50.00956949703287,-21.86092123318893,38.8811222813158,0.01974946170896376,0.18288555061523246,-0.03478352954907674,0.9823201821251959,1262,1220,1203,1203,1203,0,0.9861,0.9667,11.5826,21.5083,1.6104,0,True,1.64,True,0.04738766503606119,0.005401843295709605,-0.998861967086263,1.35,0.0000,0.00,0.0000,0.0000,1.0000,0.0797,0,1220,0,0,0.024122
379,19,504000000,19.504000000,50.94312898594993,-21.92951688288949,38.52932501370976,0.02013513063652656,0.18647369102461725,-0.035062586899202754,0.9816276045781523,1203,1164,1153,1155,1153,0,0.9905,0.9676,11.3985,26.3384,1.6791,0,True,1.64,True,0.9999284430781004,-0.007009641032043857,0.00969400103197655,0.42,0.0000,0.00,0.0000,0.0000,1.0000,0.0539,0,1164,0,0,0.014638
380,19,537000000,19.537000000,51.90533969050392,-21.974401515335146,38.26074368559492,0.020520853591947417,0.18919395940865572,-0.03511284502059507,0.9810971554365517,1153,1099,1090,1090,1090,0,0.9918,0.9532,11.0820,31.3537,1.6784,0,True,1.64,True,0.9943863195186088,0.0216181828750183,0.1035784809862427,0.32,0.0000,0.00,0.0000,0.0000,1.0000,0.1084,0,1099,0,0,0.016359
381,19,570000000,19.570000000,52.84867890819413,-22.016301620080895,37.93156971701611,0.02082786744516566,0.1919509731793061,-0.03523724939526219,0.9805505392830397,1090,1041,1033,1033,1033,0,0.9923,0.9550,10.6419,23.2882,1.6024,0,True,1.64,True,0.9987175384071474,0.02167679017359021,0.045753636420923796,0.32,0.0000,0.00,0.0000,0.0000,1.0000,0.0733,0,1041,0,0,0.028409
382,19,603000000,19.603000000,53.722079484660085,-22.043485802638205,37.44532651320999,0.020794603715953243,0.19527724414608782,-0.034912176690556566,0.9799058742010546,1033,999,994,995,994,0,0.9950,0.9671,10.1075,20.8001,1.5915,0,True,1.64,True,0.9922844215257245,0.02696265746945807,-0.12101504823592404,0.39,0.0000,0.00,0.0000,0.0000,1.0000,0.0374,0,999,0,0,0.011811
383,19,636000000,19.636000000,54.5180747398736,-21.874999394216932,36.8639454988529,0.021181485695929963,0.198644560016715,-0.03416515428097387,0.9792468665624803,994,953,943,945,943,0,0.9895,0.9588,9.4936,20.4035,1.6609,0,True,1.64,True,0.9465299580890512,0.21309149155507387,-0.24222521476256986,0.40,0.0000,0.00,0.0000,0.0000,1.0000,0.1165,0,953,0,0,0.030870
384,19,669000000,19.669000000,55.41245971228211,-21.893000328649826,36.4170098351502,0.02135165639330126,0.20080962248736522,-0.03429023308162339,0.9787971098245807,943,904,898,898,898,0,0.9934,0.9586,8.7812,16.6083,1.6444,0,True,1.64,True,0.9972903239787543,0.03695481230300968,-0.06361093888633117,0.25,0.0000,0.00,0.0000,0.0000,1.0000,0.0390,0,904,0,0,0.010966
385,19,702000000,19.702000000,56.34240407297805,-21.768537895620504,36.07101476470232,0.0218713111265972,0.20173913444983876,-0.033747342965778,0.9786133476627956,898,859,853,853,853,0,0.9930,0.9566,8.0359,18.2786,1.6719,0,True,1.64,True,0.9819895641827789,0.18475758498192574,0.03951114561440444,0.14,0.0000,0.00,0.0000,0.0000,1.0000,0.0696,0,859,0,0,0.012063
386,19,735000000,19.735000000,57.283937225226296,-21.707811036514084,35.73961233290595,0.022153552004901704,0.2023264263593532,-0.033699093185361365,0.9784874084262422,853,815,810,810,810,0,0.9939,0.9555,7.3290,19.5803,1.6271,0,True,1.64,True,0.9906182649734437,0.12135458667647919,0.06283722935955129,0.08,0.0000,0.00,0.0000,0.0000,1.0000,0.0621,0,815,0,0,0.015022
387,19,768000000,19.768000000,58.1605972303945,-21.76835191703629,35.26232621627978,0.0220417800386326,0.20326994225504097,-0.03405057274659686,0.9782821929300306,810,780,774,776,774,0,0.9923,0.9630,6.5396,14.6910,1.6205,0,True,1.64,True,0.9960378452001776,-0.008854673159006588,-0.08848844948485843,0.12,0.0000,0.00,0.0000,0.0000,1.0000,0.0471,0,780,0,0,0.023742
388,19,801000000,19.801000000,59.05497997898996,-21.764316782826317,34.81504194793722,0.021925208924456308,0.20357572753089961,-0.034113685298390026,0.9782190270329271,774,749,744,744,744,0,0.9933,0.9677,5.6544,12.8360,1.6350,0,True,1.64,True,0.9967278563627514,0.058524053005573465,-0.055754063262826316,0.04,0.0000,0.00,0.0000,0.0000,1.0000,0.0316,0,749,0,0,0.019434
389,19,834000000,19.834000000,59.95282777777308,-21.653618619864574,34.38887854390397,0.022229260561030854,0.20279052950196125,-0.03349137457870517,0.9783967441421976,744,716,711,711,711,0,0.9930,0.9624,4.8834,10.1981,1.5302,0,True,1.64,True,0.9853102322384419,0.16591136321927458,-0.040461905552623044,0.12,0.0000,0.00,0.0000,0.0000,1.0000,0.0233,0,716,0,0,0.027523
390,19,867000000,19.867000000,59.64311474073006,-21.55277667282548,33.44341107412887,0.02178248958134562,0.20835085570894354,-0.03297744872201315,0.9772553054083547,711,692,686,688,686,0,0.9913,0.9733,4.1772,28.4477,1.5077,0,True,1.64,True,0.08734286522441571,0.04914321529112643,-0.9949654105973934,0.66,0.0000,0.00,0.0000,0.0000,1.0000,0.0135,0,692,0,0,0.015622
391,19,900000000,19.900000000,60.36134809416837,-21.123432428545694,32.89586713076672,0.022124611755105054,0.20852737062203694,-0.031541616709687456,0.9772573681848015,686,676,668,676,668,0,0.9882,0.9854,3.4526,12.0787,1.5305,0,True,1.64,True,0.8542974787202638,0.46502883404510825,-0.2322154201573349,0.17,0.0000,0.00,0.0000,0.0000,1.0000,0.0034,0,676,0,0,0.009467
392,19,933000000,19.933000000,61.25887422420668,-21.138350055920686,32.455158258276086,0.02164874564915084,0.20698883395515869,-0.0317109672555529,0.9775895708248015,668,654,654,654,654,0,1.0000,0.9790,2.8697,9.1148,1.4588,0,True,1.64,True,0.9987015618868068,0.035479297624057875,-0.03655693812337041,0.19,0.0000,0.00,0.0000,0.0000,1.0000,0.0007,0,654,0,0,0.009945
393,19,966000000,19.966000000,60.885553619508414,-21.03992075542802,31.532692324535315,0.021010221531224227,0.21159659340555903,-0.031198248114960005,0.9766330536925979,654,642,641,641,641,0,0.9984,0.9817,2.4244,8.6955,1.2937,0,True,1.64,True,0.028787785005474208,0.044711651514464545,-0.9985850648058622,0.55,0.0000,0.00,0.0000,0.0000,1.0000,0.0141,0,642,0,0,0.020112
394,19,999000000,19.999000000,61.74268619922085,-21.012195176831693,31.018343189135035,0.020527662013470706,0.2096990342436002,-0.03128105577016604,0.9770498583385936,641,636,636,636,636,0,1.0000,0.9922,2.2185,5.5970,1.0777,0,True,1.64,True,0.9905250821243106,0.0731833277928274,-0.11620784059518177,0.23,0.0000,0.00,0.0000,0.0000,1.0000,0.0196,0,636,0,0,0.027921
395,20,32000000,20.032000000,62.590134766465695,-20.975244575780852,30.488753178884988,0.020064951376930006,0.20774090748394297,-0.031357255680020284,0.9774752352874251,636,634,634,634,634,0,1.0000,0.9969,2.1641,5.9468,0.9688,0,True,1.64,True,0.9870104157830678,0.08164875997060589,-0.13836155221374877,0.24,0.0000,0.00,0.0000,0.0000,1.0000,0.0250,0,634,0,0,0.009989
396,20,65000000,20.065000000,63.478909356420495,-20.880566507951364,30.04029382540604,0.019575561523128827,0.2053163573490291,-0.030991529007759352,0.9780089549312629,634,632,632,632,632,0,1.0000,0.9968,2.1669,6.3610,0.9562,0,True,1.64,True,0.9879937649240494,0.14456000975818586,-0.05450434890827936,0.29,0.0000,0.00,0.0000,0.0000,1.0000,0.0335,0,632,0,0,0.009683
397,20,98000000,20.098000000,63.240310550617764,-20.846407656219775,29.069776549558835,0.018500999224659906,0.2081981863967389,-0.03065510125333186,0.9774310681454452,632,630,630,630,630,0,1.0000,0.9968,2.1884,5.6515,0.9267,0,True,1.64,True,0.17111929324634167,-0.007125062462047278,-0.9852245535733386,0.36,0.0000,0.00,0.0000,0.0000,1.0000,0.0306,0,630,0,0,0.020572
398,20,131000000,20.131000000,64.15090887226587,-20.794139120434277,28.659802529920405,0.017987412929901064,0.20536786770061813,-0.030612252871823727,0.9780405829342166,630,629,629,629,629,0,1.0000,0.9984,2.2168,6.7664,0.9287,0,True,1.64,True,0.9945387474321346,0.10412419890062619,-0.007129590410663951,0.34,0.0000,0.00,0.0000,0.0000,1.0000,0.0554,0,629,0,0,0.014333
399,20,164000000,20.164000000,65.06726137370154,-20.725958997383408,28.26527805167683,0.017502025129252825,0.20237195093784435,-0.030547646137834287,0.9786756939382031,629,628,628,628,628,0,1.0000,0.9984,2.2606,5.2261,0.9526,0,True,1.64,True,0.9926814103012984,0.1207288250029965,0.0028580510179309383,0.36,0.0000,0.00,0.0000,0.0000,1.0000,0.0403,0,628,0,0,0.011656
400,20,197000000,20.197000000,65.9426324969643,-20.731220389313407,27.781855137126147,0.01676922225910334,0.19980989428831378,-0.030665032674807666,0.9792111391831543,628,626,626,626,626,0,1.0000,0.9968,2.3011,5.2724,0.9413,0,True,1.64,True,0.9943211441449987,0.0427093591622305,-0.09747498625869352,0.31,0.0000,0.00,0.0000,0.0000,1.0000,0.0507,0,626,0,0,0.026592
401,20,230000000,20.230000000,66.87384286681166,-20.66321128931251,27.423774127568517,0.01616680045251419,0.19664940700802638,-0.030469184929591935,0.9798669675299022,626,623,621,621,621,0,0.9968,0.9952,2.3511,11.2490,0.9597,0,True,1.64,True,0.9919649574530298,0.12263542997632373,0.031081739007509563,0.38,0.0000,0.00,0.0000,0.0000,1.0000,0.0405,0,623,0,0,0.008380
402,20,263000000,20.263000000,67.7986215212393,-20.65572496609054,27.043342273907957,0.01557652183208387,0.1935910969019726,-0.03069307624121221,0.9804783497042435,621,617,617,617,617,0,1.0000,0.9936,2.3130,5.3743,0.8281,0,True,1.64,True,0.9981237665542212,0.06107434588262776,0.0043440665998354415,0.36,0.0000,0.00,0.0000,0.0000,1.0000,0.0513,0,617,0,0,0.009806
403,20,296000000,20.296000000,68.6963357780756,-20.690287433212557,26.604121886244446,0.014511560125622497,0.19113658422238716,-0.030649595552297813,0.9809774834760476,617,616,615,615,615,0,0.9984,0.9984,2.3118,10.8405,0.8448,0,True,1.64,True,0.9977649148486859,0.016768613108097432,-0.06468375616354895,0.31,0.0000,0.00,0.0000,0.0000,1.0000,0.0524,0,616,0,0,0.017669
404,20,329000000,20.329000000,69.49649786161838,-20.888790381539003,26.03813847697682,0.013281766678196366,0.1897506380945129,-0.03127677143849904,0.9812441355671967,615,611,594,611,594,0,0.9722,0.9935,2.3280,5.4972,0.8989,0,True,1.64,True,0.963777244354856,-0.15497412188049742,-0.21706322768062025,0.23,0.0000,0.00,0.0000,0.0000,1.0000,0.0492,0,611,0,0,0.023728
405,20,362000000,20.362000000,69.23556933783753,-20.81349116479484,25.0757215541023,0.012208659199940365,0.1935467214592443,-0.030720801352298127,0.9805339604609267,594,588,588,588,588,0,1.0000,0.9899,2.3872,7.0487,0.9803,0,True,1.64,True,0.11331693555103306,0.04413204550587356,-0.9925782763474077,0.46,0.0000,0.00,0.0000,0.0000,1.0000,0.0495,0,588,0,0,0.015376
406,20,395000000,20.395000000,70.1929610945825,-20.84431993122603,24.788579409377594,0.011757302046367638,0.19083946906296387,-0.03133276698919273,0.9810506208189043,588,582,581,581,581,0,0.9983,0.9898,2.5590,7.3405,1.0836,0,True,1.64,True,0.9947703863727576,0.02798164669853899,0.09822884425581208,0.33,0.0000,0.00,0.0000,0.0000,1.0000,0.0390,0,582,0,0,0.012254
407,20,428000000,20.428000000,71.11664549565361,-20.79330000945215,24.40883726686495,0.011254835750749108,0.18887752934999455,-0.03127848416257561,0.9814378553975576,581,571,568,568,568,0,0.9947,0.9828,2.8540,11.7453,1.1317,0,True,1.64,True,0.994155332966775,0.10761809281473755,-0.008574382347380097,0.24,0.0000,0.00,0.0000,0.0000,1.0000,0.0663,0,571,0,0,0.012712
408,20,461000000,20.461000000,70.86749304485933,-20.81214353734656,23.44055632740591,0.009616109359957438,0.1934609966959582,-0.03073463923702101,0.9805792956967601,568,555,553,554,553,0,0.9964,0.9771,3.2523,9.5950,1.1778,0,True,1.64,True,0.12985397681222705,-0.045108366256561984,-0.9905065269849126,0.57,0.0000,0.00,0.0000,0.0000,1.0000,0.0459,0,555,0,0,0.013634
409,20,494000000,20.494000000,71.75691185906844,-20.86530396750912,22.98656498211858,0.008832897369176562,0.19258848201550227,-0.030967119454679344,0.9807510866839301,553,539,538,538,538,0,0.9981,0.9747,3.7272,8.9122,1.2629,0,True,1.64,True,0.9966842972492584,0.0007063753880309102,-0.08136284563953779,0.14,0.0000,0.00,0.0000,0.0000,1.0000,0.0436,0,539,0,0,0.014923
410,20,527000000,20.527000000,71.43399999389366,-20.8255309230216,22.04097202938388,0.007895858139048232,0.19876396931151805,-0.030613888530854658,0.979537303912821,538,522,519,520,519,0,0.9943,0.9703,4.3651,12.8539,1.3220,0,True,1.64,True,0.057107752901689346,0.013873359701681222,-0.9982716235820325,0.73,0.0000,0.00,0.0000,0.0000,1.0000,0.0588,0,522,0,0,0.025619
411,20,560000000,20.560000000,72.4053359002745,-20.687385322230774,21.84752345751665,0.007615481997545349,0.19685384578111745,-0.029614555213262676,0.9799558898004795,519,501,497,497,497,0,0.9920,0.9653,5.0630,16.0911,1.2787,0,True,1.64,True,0.9603353300166174,0.19853592237891438,0.19580485552464758,0.25,0.0000,0.00,0.0000,0.0000,1.0000,0.0388,0,501,0,0,0.011694
412,20,593000000,20.593000000,73.26361064238893,-20.795823156911716,21.345920324494013,0.007097719243435177,0.19741835121519868,-0.030223429552977136,0.9798276181508001,497,475,475,475,475,0,1.0000,0.9557,5.8873,12.4288,1.1446,0,True,1.64,True,0.9899721979440311,-0.057484132786613344,-0.12903728831479244,0.11,0.0000,0.00,0.0000,0.0000,1.0000,0.0803,0,475,0,0,0.019223
413,20,626000000,20.626000000,74.17544207563898,-20.77827321756008,20.935730811017734,0.006815243273750026,0.19787538808795008,-0.030163450942638382,0.9797392762747618,475,462,458,458,458,0,0.9913,0.9726,6.7953,15.1750,1.3231,0,True,1.64,True,0.9969666795731129,0.0732665224409346,-0.026257503886962043,0.06,0.0000,0.00,0.0000,0.0000,1.0000,0.0579,0,462,0,0,0.013474
414,20,659000000,20.659000000,75.17404575391679,-20.741751957486553,20.97390005639504,0.005871755751740341,0.19502556224472678,-0.028878233192294208,0.9803553438438594,458,436,434,434,434,0,0.9954,0.9520,7.6385,15.1991,1.2905,0,True,1.64,True,0.9017113323507141,0.09822097889495839,0.4210336238535065,0.38,0.0000,0.00,0.0000,0.0000,1.0000,0.0472,0,436,0,0,0.022015
415,20,692000000,20.692000000,75.73636093506782,-20.236482800319667,20.31929734034283,0.006819151368642452,0.1989151903412729,-0.02759843084504549,0.9796042940090647,434,414,403,409,403,0,0.9734,0.9539,8.5124,15.5430,1.4842,0,True,1.64,True,0.7416846226680779,0.5373558864391413,-0.4014381294881141,0.49,0.0000,0.00,0.0000,0.0000,1.0000,0.0743,0,414,0,0,0.023485
416,20,725000000,20.725000000,76.71656090499995,-20.097273500484285,20.178482604663632,0.007145425743465056,0.198478755987984,-0.026767310274098795,0.9797135486524094,403,373,369,369,369,0,0.9893,0.9256,9.3286,16.7083,1.5372,0,True,1.64,True,0.9489204104954632,0.19430868354031955,0.24858437208712386,0.11,0.0000,0.00,0.0000,0.0000,1.0000,0.0449,0,373,0,0,0.012099
417,20,758000000,20.758000000,77.30977344797523,-20.14587851199441,19.374905332888908,0.0068325624954279325,0.20290804050371855,-0.02697682399006795,0.9788022753120756,369,341,331,336,331,0,0.9707,0.9241,10.1188,27.4082,1.6612,0,True,1.64,True,0.8608584004328212,-0.01844706863828816,-0.5085100982899932,0.52,0.0000,0.00,0.0000,0.0000,1.0000,0.0422,0,341,0,0,0.011617
418,20,791000000,20.791000000,78.26207685656166,-20.046508261164917,19.08638536608464,0.006983775434973555,0.20456825951640847,-0.02629365081385432,0.9784741682875334,331,310,303,303,303,0,0.9774,0.9366,10.8608,20.5313,1.8597,0,True,1.64,True,0.982239720863754,0.15144747422338434,0.1107645850840956,0.21,0.0000,0.00,0.0000,0.0000,1.0000,0.0377,0,310,0,0,0.023558
419,20,824000000,20.824000000,78.68890191228215,-20.020963258777037,18.18241201212878,0.006886729206404449,0.21061990040293288,-0.025978913480108005,0.9771985092955726,303,267,255,262,255,0,0.9551,0.8812,11.5110,23.8424,1.6612,0,True,1.64,True,0.7514889520465766,0.04605934740954986,-0.6581359217275292,0.71,0.0000,0.00,0.0000,0.0000,1.0000,0.0487,0,267,0,0,0.015158
420,20,857000000,20.857000000,79.67192204628813,-19.980640607440584,18.003399442938612,0.006888259844722336,0.21154597325423605,-0.025346074260134063,0.9770150610895563,255,233,232,232,232,0,0.9957,0.9137,11.9900,20.6418,1.7365,0,True,1.64,True,0.9662997839978881,0.09257669091912982,0.24019634415223495,0.13,0.0000,0.00,0.0000,0.0000,1.0000,0.0264,0,233,0,0,0.028108
421,20,890000000,20.890000000,80.62757274379398,-20.114103997895384,17.740874648366926,0.006782448662767672,0.21373681719888724,-0.02603005397629603,0.9765208690313881,232,198,193,193,193,0,0.9747,0.8534,12.1441,17.6389,1.7358,0,True,1.64,True,0.9837207361713455,-0.08388192964634933,0.1589255646688444,0.27,0.0000,0.00,0.0000,0.0000,1.0000,0.0244,0,198,0,0,0.015891
422,20,923000000,20.923000000,81.62376582422647,-20.04220521237548,17.69158051951587,0.007633310796874212,0.2135897813868207,-0.025861661630313056,0.976551233838311,193,172,171,171,171,0,0.9942,0.8912,12.5777,17.1231,1.6935,0,True,1.64,True,0.9209719618293926,0.1252227993427436,0.36895785131758196,0.10,0.0000,0.00,0.0000,0.0000,1.0000,0.0164,0,172,0,0,0.027215
423,20,956000000,20.956000000,82.54036376167356,-19.99656168832306,17.294384233304886,0.00797896566903135,0.21674179351955147,-0.025642208966224704,0.9758595227634523,171,152,149,149,149,0,0.9803,0.8889,13.0436,19.9974,1.8224,0,True,1.64,True,0.9954360291039026,0.09333018399655585,0.019914535320289015,0.37,0.0000,0.00,0.0000,0.0000,1.0000,0.0075,0,152,0,0,0.021250
424,20,989000000,20.989000000,82.09736261994594,-19.94328244601178,16.399447749096794,0.00794655929821078,0.2288890490115193,-0.02508861055352485,0.9730967151616616,149,130,126,126,126,0,0.9692,0.8725,13.3311,20.8866,1.8301,0,True,1.64,True,-0.024337576312545735,0.0255106253334907,-0.9993782519018138,1.43,0.0000,0.00,0.0000,0.0000,1.0000,0.0003,0,130,0,0,0.011353
425,21,22000000,21.022000000,82.66672373748827,-20.040343622121675,15.583110168237553,0.008116957567784671,0.2351209114077749,-0.0245194638862301,0.971622904170827,126,110,100,107,100,0,0.9091,0.8730,13.6273,24.9569,2.0882,0,True,1.64,True,0.8773458004204832,-0.07030462245706956,-0.47468053103714974,0.74,0.0000,0.00,0.0000,0.0000,1.0000,0.0058,0,110,0,0,0.022550
426,21,55000000,21.055000000,83.53289254821013,-20.067711926904284,15.08410859787328,0.008373473632481396,0.238810966310984,-0.024744858254002976,0.9707146332980302,100,83,79,79,79,0,0.9518,0.8300,13.5653,17.8661,2.2470,0,True,1.64,True,0.9987513785038269,0.015127615493927373,-0.04761133463969864,0.44,0.0000,0.00,0.0000,0.0000,1.0000,0.0151,0,83,0,0,0.021937
427,21,88000000,21.088000000,83.53289254821013,-20.067711926904284,15.08410859787328,0.008373473632481396,0.238810966310984,-0.024744858254002976,0.9707146332980302,2000,0,0,0,0,0,0.0000,0.0000,0.0000,0.0000,0.0000,1,True,3.28,True,0.0,0.0,0.0,0.00,0.0000,0.00,0.0000,0.0000,1.0000,0.0265,0,2000,0,0,0.024416
428,21,121000000,21.121000000,84.40629173333605,-20.05602974683705,14.597243739734731,0.00889622221557416,0.24202417047734578,-0.024892038291659077,0.9699100703491693,2000,1970,1819,1961,1819,0,0.9234,0.9850,8.5935,19.3763,3.4646,0,True,3.28,True,0.9981231669864762,0.05495708954190192,-0.027015955174127602,0.38,0.0000,0.00,0.0000,0.0000,1.0000,0.0234,0,1970,0,0,0.010807
429,21,154000000,21.154000000,85.27677200335154,-19.9791848765688,14.111076108739814,0.009481841234579307,0.24512255400107172,-0.024646274680364542,0.9691323900020956,1819,1774,1589,1770,1589,0,0.8957,0.9753,8.8875,22.9033,2.1704,0,True,3.28,True,0.9925068706877074,0.11998599971855597,-0.023097002169832598,0.37,0.0000,0.00,0.0000,0.0000,1.0000,0.0291,0,1774,0,0,0.023919
430,21,187000000,21.187000000,86.16405627376118,-19.96683779901054,13.650018440807248,0.009903319346108197,0.2478508267642739,-0.02471967891600951,0.9684321501336499,1589,1536,1518,1525,1518,0,0.9883,0.9666,9.3574,24.2001,1.6841,0,True,3.28,True,0.998318534212845,0.05593815892518882,0.015199559966555753,0.33,0.0000,0.00,0.0000,0.0000,1.0000,0.0316,0,1536,0,0,0.017475
431,21,220000000,21.220000000,87.0411187280225,-19.9843563230936,13.169961618504868,0.010300269804927797,0.25040794921794474,-0.025007744689813604,0.9677625618486893,1518,1474,1424,1468,1424,0,0.9661,0.9710,9.0745,24.4042,1.6055,0,True,1.64,True,0.9996753487794674,0.025478742673361688,0.00017525534238274458,0.31,0.0000,0.00,0.0000,0.0000,1.0000,0.0203,0,1474,0,0,0.009586
432,21,253000000,21.253000000,87.92225959767374,-19.93313443867667,12.699890255425785,0.011239151211056661,0.25206142368888135,-0.025431536884987966,0.9673117166144825,1424,1389,1372,1379,1372,0,0.9878,0.9754,8.8531,22.2906,1.5546,0,True,1.64,True,0.9953933973160924,0.0948580718548982,0.013925903327921218,0.23,0.0000,0.00,0.0000,0.0000,1.0000,0.0675,0,1389,0,0,0.034520
433,21,286000000,21.286000000,88.89149446072351,-19.8891254142349,12.457718857410674,0.011743679290327111,0.2522262199309246,-0.025297607731058366,0.9672662772055935,1372,1336,1327,1327,1327,0,0.9933,0.9738,8.4253,18.6853,1.4862,0,True,1.64,True,0.9611364740771425,0.09495849559224462,0.25922878372861313,0.06,0.0000,0.00,0.0000,0.0000,1.0000,0.0461,0,1336,0,0,0.021639
434,21,319000000,21.319000000,89.76162632288622,-19.78017779667732,11.977093266042717,0.011882569474994284,0.2543660124544068,-0.02427496100711131,0.9667302946110768,1327,1288,1282,1283,1282,0,0.9953,0.9706,7.9085,23.3711,1.5549,0,True,1.64,True,0.9884215083215975,0.15173068353337085,0.0008494479114185011,0.28,0.0000,0.00,0.0000,0.0000,1.0000,0.0355,0,1288,0,0,0.016228
435,21,352000000,21.352000000,90.59077489346136,-19.791037766512392,11.418170454763388,0.011936468848573422,0.256004032907863,-0.024118273382451476,0.9663010735456037,1282,1243,1236,1236,1236,0,0.9944,0.9696,7.2860,16.3422,1.5290,0,True,1.64,True,0.9965245875202015,0.027145386894855975,-0.07875198053395903,0.19,0.0000,0.00,0.0000,0.0000,1.0000,0.0212,0,1243,0,0,0.009517
436,21,385000000,21.385000000,91.42216642776629,-19.806042119267794,10.862685994058584,0.012086445024190142,0.2572382816395254,-0.0241503572702784,0.9659705712647458,1236,1192,1183,1184,1183,0,0.9924,0.9644,6.6112,16.0272,1.4914,0,True,1.64,True,0.9972043528379151,0.022895874122980536,-0.0711284586453255,0.15,0.0000,0.00,0.0000,0.0000,1.0000,0.0108,0,1192,0,0,0.004800
437,21,418000000,21.418000000,92.25362718023491,-19.82114331726093,10.307307770751727,0.012252073179751383,0.25806458655496756,-0.02428368870482905,0.9657447169577985,1183,1152,1143,1144,1143,0,0.9922,0.9738,5.9422,14.6215,1.4284,0,True,1.64,True,0.9973935830463484,0.022816745003733985,-0.06845024941810969,0.10,0.0000,0.00,0.0000,0.0000,1.0000,0.0724,0,1152,0,0,0.030709
438,21,451000000,21.451000000,93.12858842257519,-19.77447809382011,9.825368789838597,0.012580328021948773,0.25804563998096564,-0.024243473285681008,0.9657465697773514,1143,1120,1117,1117,1117,0,0.9973,0.9799,5.2680,10.5390,1.4146,0,True,1.64,True,0.9960042663777112,0.08780346307121696,0.016311138222040583,0.04,0.0000,0.00,0.0000,0.0000,1.0000,0.0547,0,1120,0,0,0.012663
439,21,484000000,21.484000000,92.91639023400315,-20.060248721269573,8.890859786535858,0.01064059664773142,0.26215919622814693,-0.023844827217605547,0.9646713210990336,1117,1095,1075,1079,1075,0,0.9817,0.9803,4.5595,17.0462,1.3595,0,True,1.64,True,0.2941787230791719,-0.30767341468423554,-0.9048734435179597,0.54,0.0000,0.00,0.0000,0.0000,1.0000,0.0127,0,1095,0,0,0.017666
440,21,517000000,21.517000000,93.68463177630011,-20.07984085093797,8.250999582159737,0.010717741364918747,0.26207985578753046,-0.024080171591130392,0.9646861793073246,1075,1062,1052,1062,1052,0,0.9906,0.9879,3.8414,9.3265,1.3642,0,True,1.64,True,0.9865241402386503,0.014927276789759242,-0.1629334131908914,0.03,0.0000,0.00,0.0000,0.0000,1.0000,0.0751,0,1062,0,0,0.032520
441,21,550000000,21.550000000,94.56465143242993,-20.130312420421735,7.77875173886237,0.010722099671206627,0.26072348578271437,-0.02447734718950366,0.9650436052399477,1052,1032,1016,1031,1016,0,0.9845,0.9810,3.3844,10.4550,1.2436,0,True,1.64,True,0.9992063489337822,-0.00837702298838169,0.03894223589205853,0.17,0.0000,0.00,0.0000,0.0000,1.0000,0.0321,0,1032,0,0,0.013104
442,21,583000000,21.583000000,95.43855812542925,-20.107873635797738,7.293176211394625,0.010787357973279217,0.25917745661236985,-0.024348308814709303,0.9654624999189575,1016,1001,998,998,998,0,0.9970,0.9852,3.0448,8.4173,1.2687,0,True,1.64,True,0.997719968860272,0.0647280169603494,0.019108834549451083,0.18,0.0000,0.00,0.0000,0.0000,1.0000,0.0448,0,1001,0,0,0.017424
443,21,616000000,21.616000000,96.35361158698605,-19.945626584194972,6.92391606361379,0.011182053727197884,0.256756562455942,-0.02369140366973199,0.9661209793304397,998,986,984,984,984,0,0.9980,0.9880,2.7225,12.0139,1.3161,0,True,1.64,True,0.9693050800089622,0.2071235444344218,0.13246697403406524,0.30,0.0000,0.00,0.0000,0.0000,1.0000,0.0434,0,986,0,0,0.007872
444,21,649000000,21.649000000,97.23440278491641,-19.970518092295965,6.451065898685343,0.011082211140457978,0.25466740624708994,-0.023883792083339694,0.966670192603112,984,973,972,973,972,0,0.9990,0.9888,2.4001,7.6469,1.2194,0,True,1.64,True,0.9995075278534916,0.01605673522177379,0.02696076813110848,0.25,0.0000,0.00,0.0000,0.0000,1.0000,0.0491,0,973,0,0,0.021426
445,21,682000000,21.682000000,98.09623754493857,-19.907357564733722,5.9478248091709744,0.011090191974229325,0.2525694758521483,-0.023661184811925636,0.967225834974977,972,966,966,966,966,0,1.0000,0.9938,2.1826,7.0373,1.1951,0,True,1.64,True,0.9945437048566969,0.10307284565268413,-0.01608749884143803,0.25,0.0000,0.00,0.0000,0.0000,1.0000,0.0725,0,966,0,0,0.012568
446,21,715000000,21.715000000,98.97151881045704,-20.06074552983541,5.489180242655303,0.010756713326793791,0.25011932876359455,-0.02426843251338189,0.9678510513919988,966,961,940,960,940,0,0.9781,0.9948,2.1024,11.2732,1.1204,0,True,1.64,True,0.9931188173972906,-0.11256991593337377,0.03229595265912269,0.30,0.0000,0.00,0.0000,0.0000,1.0000,0.0527,0,961,0,0,0.013074
447,21,748000000,21.748000000,99.78025966579727,-20.120789570998316,4.904087991788506,0.010498295353844044,0.24799762626511573,-0.024545855856202583,0.968392722051244,940,937,937,937,937,0,1.0000,0.9968,2.0688,8.2728,0.9776,0,True,1.64,True,0.9926783538730737,-0.02269551226130282,-0.11863641715359506,0.25,0.0000,0.00,0.0000,0.0000,1.0000,0.0511,0,937,0,0,0.020422
448,21,781000000,21.781000000,100.62861163250763,-20.13539525756284,4.374856837661446,0.01032340813161971,0.2454305099402444,-0.024749692193713348,0.9690432109928515,937,935,935,935,935,0,1.0000,0.9979,2.1255,6.9350,0.8571,0,True,1.64,True,0.9980680312238062,0.02584565466426493,-0.05649962109617346,0.31,0.0000,0.00,0.0000,0.0000,1.0000,0.0933,0,935,0,0,0.017885
449,21,814000000,21.814000000,100.1175855302001,-20.00324091510887,3.525511470610498,0.010582104973099717,0.2501576178528364,-0.0242399973978836,0.9678437930837204,935,933,933,933,933,0,1.0000,0.9979,2.2869,4.6603,0.8372,0,True,1.64,True,-0.050066612565101094,0.09818730601820934,-0.9939077357799074,0.56,0.0000,0.00,0.0000,0.0000,1.0000,0.0877,0,933,0,0,0.016509
450,21,847000000,21.847000000,99.55567352703719,-19.94154381570707,2.7006185268736607,0.010022070408036345,0.2549604426043399,-0.023669338707153417,0.9666097936690387,933,932,932,932,932,0,1.0000,0.9989,2.4697,4.8329,0.9288,0,True,1.64,True,-0.09363370021207033,0.02537747657956833,-0.9952832329880021,0.58,0.0000,0.00,0.0000,0.0000,1.0000,0.1019,0,932,0,0,0.017034
451,21,880000000,21.880000000,99.04994256714178,-19.881924505038253,1.8399898415519185,0.009540211547253938,0.2586476061159874,-0.02321397528045633,0.9656456449266372,932,931,931,931,931,0,1.0000,0.9989,2.5895,4.9660,0.9619,0,True,1.64,True,-0.017230299800954266,0.027527547478324994,-0.9994725363403427,0.44,0.0000,0.00,0.0000,0.0000,1.0000,0.0754,0,931,0,0,0.008403
452,21,913000000,21.913000000,99.9590975428136,-19.92947815425269,1.4262557715775308,0.00923736937990593,0.2547436978561745,-0.02354767393814893,0.9666777262674484,931,928,927,927,927,0,0.9989,0.9968,2.6219,8.5852,0.9450,0,True,1.64,True,0.9952833353521816,-0.004901570418970812,0.09688682561455214,0.47,0.0000,0.00,0.0000,0.0000,1.0000,0.1194,0,928,0,0,0.020814
453,21,946000000,21.946000000,99.51970116312535,-19.854159587101275,0.5311256497745073,0.009076875984559156,0.2578223257656026,-0.0233448765445883,0.9658676283002212,927,926,925,925,925,0,0.9989,0.9989,2.5919,5.7937,0.8975,0,True,1.64,True,0.05629516572855588,0.047903133531379934,-0.9972643301118661,0.37,0.0000,0.00,0.0000,0.0000,1.0000,0.0931,0,926,0,0,0.008439
454,21,979000000,21.979000000,99.04520046967077,-19.762375497889124,-0.34433124401216175,0.00890771517632761,0.26132560060044285,-0.02301549991444921,0.9649351635445996,925,924,924,924,924,0,1.0000,0.9989,2.5377,5.6986,0.8615,0,True,1.64,True,0.021776820652678566,0.06323799519300546,-0.9977608561405035,0.42,0.0000,0.00,0.0000,0.0000,1.0000,0.0971,0,924,0,0,0.011113
455,22,12000000,22.012000000,99.95249284210314,-19.72813067655125,-0.7634348626288299,0.008656983248050884,0.25765672348574836,-0.022811848896341014,0.9659284078199389,924,924,924,924,924,0,1.0000,1.0000,2.4313,5.4248,0.8451,0,True,1.64,True,0.9925856889496943,0.07656299598413614,0.09440210664065725,0.44,0.0000,0.00,0.0000,0.0000,1.0000,0.1208,0,924,0,0,0.023723
456,22,45000000,22.045000000,100.83324736968405,-19.742678583183906,-1.236784438057344,0.008172341530827505,0.25463726035168405,-0.022677034101997236,0.9667361742475705,924,921,921,921,921,0,1.0000,0.9968,2.3032,5.7260,0.9138,0,True,1.64,True,0.9992723081120427,0.02586070442197106,0.028037086282817175,0.36,0.0000,0.00,0.0000,0.0000,1.0000,0.0986,0,921,0,0,0.013580
457,22,78000000,22.078000000,100.31453684569917,-19.592914631251446,-2.0785148883850457,0.008867681553983377,0.26020484874685973,-0.02244160019679334,0.9652518715304769,921,911,910,910,910,0,0.9989,0.9891,2.3273,6.0179,1.0213,0,True,1.64,True,-0.04212907133105969,0.12110880743100953,-0.9917448250993909,0.67,0.0000,0.00,0.0000,0.0000,1.0000,0.1122,0,911,0,0,0.008736
458,22,111000000,22.111000000,101.18609609665747,-19.58121087741139,-2.5686653695794033,0.00916205810398996,0.258115583474529,-0.023021366573616833,0.9657962616100695,910,900,899,899,899,0,0.9989,0.9890,2.5652,6.9412,1.1045,0,True,1.64,True,0.9986183994263835,0.05080474952660798,0.013422732681036236,0.26,0.0000,0.00,0.0000,0.0000,1.0000,0.0968,0,900,0,0,0.017300
459,22,144000000,22.144000000,100.73670144766777,-19.521080201435225,-3.4599726966367204,0.008973554116299114,0.2635059172798274,-0.022722789614638212,0.9643483715531268,899,875,873,873,873,0,0.9977,0.9733,2.9477,18.6588,1.0504,0,True,1.64,True,0.05333161033789655,0.0327665046451167,-0.9980391252411442,0.64,0.0000,0.00,0.0000,0.0000,1.0000,0.1018,0,875,0,0,0.018616
460,22,177000000,22.177000000,101.6206885121204,-19.514495992011,-3.927437687910613,0.00881669075889739,0.2620052892978614,-0.022681220039746722,0.9647595848715443,873,858,856,856,856,0,0.9977,0.9828,3.5634,12.4129,1.0414,0,True,1.64,True,0.9978239607749043,0.047005371402164556,0.046236764190700975,0.18,0.0000,0.00,0.0000,0.0000,1.0000,0.1341,0,858,0,0,0.021796
461,22,210000000,22.210000000,102.35228693417388,-19.764904537707896,-4.56151915672265,0.008227568897719756,0.26213879032335513,-0.023619392580446846,0.9647060101460818,856,846,837,843,837,0,0.9894,0.9883,4.3196,12.4828,1.1188,0,True,1.64,True,0.9610137287682177,-0.21796519253943708,-0.17012873937184342,0.13,0.0000,0.00,0.0000,0.0000,1.0000,0.0767,0,846,0,0,0.009052
462,22,243000000,22.243000000,101.88015807673862,-19.73508234865862,-5.442544116083717,0.008037097897888548,0.2693044972055358,-0.02339996235293391,0.9627372095250784,837,816,812,812,812,0,0.9951,0.9749,5.1275,14.7865,1.1065,0,True,1.64,True,0.037995535876393226,0.0031568159144958747,-0.9992729225625739,0.85,0.0000,0.00,0.0000,0.0000,1.0000,0.1049,0,816,0,0,0.011725
463,22,276000000,22.276000000,102.68038230188257,-19.875850109293278,-6.025489762828484,0.007687334324113511,0.2699617311580518,-0.024057163301495668,0.9625397765781019,812,795,786,786,786,0,0.9887,0.9791,6.0356,15.2963,1.1739,0,True,1.64,True,0.9915078492247699,-0.10275053983132243,-0.07971518983257082,0.12,0.0000,0.00,0.0000,0.0000,1.0000,0.0866,0,795,0,0,0.017023
464,22,309000000,22.309000000,103.3749290663219,-20.188826698040913,-6.673294090463582,0.0070840535616450455,0.2718467978596941,-0.025546998236751273,0.9619753040279453,786,775,750,770,750,0,0.9677,0.9860,6.9310,16.4084,1.2625,0,True,1.64,True,0.9426042349306396,-0.27870107926317794,-0.18391020827665733,0.29,0.0000,0.00,0.0000,0.0000,1.0000,0.0691,0,775,0,0,0.023283
465,22,342000000,22.342000000,104.29038485615492,-20.211024953128018,-7.075099932049158,0.0070807694227135775,0.27209844283725515,-0.02555973993391,0.9619038412463246,750,722,720,720,720,0,0.9972,0.9627,7.8530,14.3680,1.2516,0,True,1.64,True,0.9902586561620748,0.026459210969358993,0.1367029774765742,0.03,0.0000,0.00,0.0000,0.0000,1.0000,0.0761,0,722,0,0,0.018093
466,22,375000000,22.375000000,104.69160334165404,-20.487501123328375,-7.9483608633893486,0.006437051946341681,0.2765016325225322,-0.026298236359996445,0.9606319869434748,720,687,666,681,666,0,0.9694,0.9542,8.8089,26.2731,1.3396,0,True,1.64,True,0.8112510027328499,-0.2545613936617288,-0.5263746834926086,0.54,0.0000,0.00,0.0000,0.0000,1.0000,0.0944,0,687,0,0,0.015961
467,22,408000000,22.408000000,105.21137669585953,-20.71132258462412,-8.772824091023807,0.0059897624205617235,0.28065143874069004,-0.027054559296722874,0.9594096849105631,666,634,611,629,611,0,0.9637,0.9520,9.6566,19.5286,1.3593,0,True,1.64,True,0.8883507143567532,-0.19358727572195591,-0.4163615916248736,0.51,0.0000,0.00,0.0000,0.0000,1.0000,0.0303,0,634,0,0,0.011299
468,22,441000000,22.441000000,106.05870727638221,-20.784483675287852,-9.298826317372695,0.006108379505363131,0.2827917471758325,-0.027547385922594078,0.9587662160077868,611,579,576,576,576,0,0.9948,0.9476,10.5730,20.5454,1.3966,0,True,1.64,True,0.9995947135508401,-0.024270362757166736,0.014878109182611926,0.26,0.0000,0.00,0.0000,0.0000,1.0000,0.0505,0,579,0,0,0.006054
469,22,474000000,22.474000000,106.81623675841041,-20.73226908446671,-9.94953571515597,0.006439063657996531,0.28620027556256683,-0.027234926823954998,0.9577610346469587,576,538,537,537,537,0,0.9981,0.9340,11.3539,26.8864,1.4917,0,True,1.64,True,0.9857151792069978,0.0972800521031249,-0.13748518808849647,0.41,0.0000,0.00,0.0000,0.0000,1.0000,0.1639,0,538,0,0,0.043733
470,22,507000000,22.507000000,107.69029331538731,-20.753562495334325,-10.43489303287078,0.006696571778367347,0.28863514121170897,-0.027323395857874834,0.9570257798110289,537,494,487,487,487,0,0.9858,0.9199,12.1005,27.2837,1.5337,0,True,1.64,True,0.9968575452246875,0.02914011662803236,0.07366062809612157,0.29,0.0000,0.00,0.0000,0.0000,1.0000,0.0905,0,494,0,0,0.022678
471,22,540000000,22.540000000,108.2536401797554,-20.81723834815033,-11.25865616397997,0.006647122369682018,0.293737914613496,-0.027364133481869883,0.9554711180781466,487,453,441,445,441,0,0.9735,0.9302,12.8502,28.6847,1.7082,0,True,1.64,True,0.9271242978877586,-0.029500633855181993,-0.3735910181846899,0.61,0.0000,0.00,0.0000,0.0000,1.0000,0.0447,0,453,0,0,0.011727
472,22,573000000,22.573000000,109.0795321351423,-21.06662315264272,-11.764333627701152,0.006383073834718507,0.29741361435638475,-0.028726939524022638,0.9542951122737009,441,405,397,397,397,0,0.9802,0.9184,13.2534,23.1753,1.8170,0,True,1.64,True,0.978231649892083,-0.20087131329304814,0.05209179057528413,0.47,0.0000,0.00,0.0000,0.0000,1.0000,0.0214,0,405,0,0,0.005715
473,22,606000000,22.606000000,109.97860091842499,-21.130741449442677,-12.197420416857863,0.0062330245443976496,0.3000625818915441,-0.028551195054216078,0.953471774943855,397,353,345,345,345,0,0.9773,0.8892,13.6076,24.9969,1.5177,0,True,1.64,True,0.9877994419999859,-0.00917529031658654,0.15546085176700558,0.32,0.0000,0.00,0.0000,0.0000,1.0000,0.1581,0,353,0,0,0.025924
474,22,639000000,22.639000000,110.84224945379334,-21.128118941794554,-12.701508038020833,0.006554319108008476,0.30307480517388385,-0.028433305795046552,0.9525199475556446,345,322,317,317,317,0,0.9845,0.9333,13.9515,24.7323,1.7517,0,True,1.64,True,0.9952054820290162,0.05551596405550506,0.08052345170434258,0.36,0.0000,0.00,0.0000,0.0000,1.0000,0.0777,0,322,0,0,0.026390
475,22,672000000,22.672000000,111.24785892099945,-21.50430197559107,-13.534555026609377,0.005574532375553362,0.30939377578804395,-0.029143934157323432,0.9504709607317022,317,278,269,274,269,0,0.9676,0.8770,14.1440,22.1399,1.7688,0,True,1.64,True,0.830608166742231,-0.3480047317316232,-0.4347214970915415,0.77,0.0000,0.00,0.0000,0.0000,1.0000,0.0703,0,278,0,0,0.025621
476,22,705000000,22.705000000,112.01267097062534,-21.680080815150124,-14.15436493965558,0.005424845627702992,0.3135010702220221,-0.030049551174527143,0.9490967677185356,269,240,232,232,232,0,0.9667,0.8922,14.3067,23.0106,2.0428,0,True,1.64,True,0.9909584362284612,-0.12585028284494762,-0.0465089666138628,0.51,0.0000,0.00,0.0000,0.0000,1.0000,0.0529,0,240,0,0,0.020189
477,22,738000000,22.738000000,112.69885125026673,-21.871058719241052,-14.85627950994195,0.005215173307153185,0.317933761942067,-0.03077381474391052,0.9475990171538007,232,196,195,195,195,0,0.9949,0.8448,14.1763,19.0535,1.7102,0,True,1.64,True,0.9782334013595592,-0.1431512047198716,-0.1502236501079537,0.54,0.0000,0.00,0.0000,0.0000,1.0000,0.0646,0,196,0,0,0.029628
478,22,771000000,22.771000000,113.41314258775775,-21.951461607279388,-15.551494052928781,0.005318601952302985,0.3219676185163588,-0.030911141814063285,0.9462309794188353,195,176,172,172,172,0,0.9773,0.9026,14.2126,19.4580,2.5877,0,True,1.64,True,0.9920801730868408,-0.02948563112741094,-0.12209638702681597,0.49,0.0000,0.00,0.0000,0.0000,1.0000,0.0625,0,176,0,0,0.010516
479,22,804000000,22.804000000,112.6081583821936,-21.925035128072413,-16.144201459655694,0.0051502122678303685,0.3378532698301974,-0.030054472013871333,0.9407047209887954,172,134,131,131,131,0,0.9776,0.7791,13.7586,26.2449,2.2158,0,True,1.64,True,-0.27666857597095235,-0.017640592590607462,-0.960803470311831,1.93,0.0000,0.00,0.0000,0.0000,1.0000,0.0523,0,134,0,0,0.029896
480,22,837000000,22.837000000,112.75926265484388,-22.12954901429573,-17.111332045010467,0.00433204739539171,0.3441920815592438,-0.03039464606723427,0.938397149317775,131,106,102,104,102,0,0.9623,0.8092,13.2225,17.1914,2.3097,0,True,1.64,True,0.7422348325144453,-0.18479424367049854,-0.6441572330638706,0.78,0.0000,0.00,0.0000,0.0000,1.0000,0.0451,0,106,0,0,0.016557
481,22,870000000,22.870000000,113.28302056626099,-22.10354339969434,-17.96280216089076,0.004684885267583684,0.3483454179659595,-0.030095976673998368,0.9368712578685443,102,84,83,83,83,0,0.9881,0.8235,12.9265,18.5524,3.2512,0,True,1.64,True,0.9475419180094538,0.06828871472080748,-0.312251445243646,0.51,0.0000,0.00,0.0000,0.0000,1.0000,0.0240,0,84,0,0,0.008976
482,22,903000000,22.903000000,113.28302056626099,-22.10354339969434,-17.96280216089076,0.004684885267583684,0.3483454179659595,-0.030095976673998368,0.9368712578685443,2000,0,0,0,0,0,0.0000,0.0000,0.0000,0.0000,0.0000,1,True,3.28,True,0.0,0.0,0.0,0.00,0.0000,0.00,0.0000,0.0000,1.0000,0.0702,0,2000,0,0,0.026698
483,22,936000000,22.936000000,114.02708489618745,-22.13870480905188,-18.629984256141448,0.0047168562324638305,0.3502235629256425,-0.029928908926764933,0.9361759811325029,2000,1894,1647,1882,1647,0,0.8696,0.9470,7.4273,207.1371,3.1576,0,True,3.28,True,0.9996725319539282,0.017424250190866294,-0.018740980820335592,0.23,0.0000,0.00,0.0000,0.0000,1.0000,0.0486,0,1894,0,0,0.014727
484,22,969000000,22.969000000,114.79703687313135,-22.07475612987918,-19.26487363204268,0.005175289841170942,0.3515483714383042,-0.02967326446815065,0.9356850198063125,1647,1618,1578,1612,1578,0,0.9753,0.9824,6.7428,16.3062,1.9002,0,True,3.28,True,0.9928238280492179,0.1172237480938674,0.023652470072328326,0.17,0.0000,0.00,0.0000,0.0000,1.0000,0.0660,0,1618,0,0,0.031615
485,23,2000000,23.002000000,115.55338639729078,-22.127509281876176,-19.91691082596508,0.005078195156723713,0.35276325272796655,-0.029633243301860877,0.9352294747013418,1578,1552,1498,1550,1498,0,0.9652,0.9835,6.2592,18.0006,1.8303,0,True,3.28,True,0.9999667800095647,-0.0006167828625832199,0.008127635338970063,0.15,0.0000,0.00,0.0000,0.0000,1.0000,0.0534,0,1552,0,0,0.011779
486,23,35000000,23.035000000,116.28805403056604,-22.17100081600598,-20.59394254979844,0.005109226231077434,0.35353381973606923,-0.02965467429106605,0.9349376098985616,1498,1472,1450,1469,1450,0,0.9851,0.9826,5.7613,14.7306,1.4974,0,True,3.28,True,0.9997143469066777,0.007664149448668023,-0.022638140431211987,0.09,0.0000,0.00,0.0000,0.0000,1.0000,0.0446,0,1472,0,0,0.029117
487,23,68000000,23.068000000,117.02678895889883,-22.373422500600935,-21.236823695319828,0.0048736008072800055,0.35397288697269474,-0.03055818563641858,0.9347436229223484,1450,1431,1311,1430,1311,0,0.9161,0.9869,5.2287,15.1261,1.5789,0,True,3.28,True,0.9884459584214043,-0.15108511272937444,0.01216042729281256,0.12,0.0000,0.00,0.0000,0.0000,1.0000,0.0383,0,1431,0,0,0.015617
488,23,101000000,23.101000000,117.74659301972095,-22.309279879184373,-21.92803121708288,0.005344427949335295,0.35426165124006126,-0.030491573299736605,0.9346338232207662,1311,1283,1278,1278,1278,0,0.9961,0.9786,5.0376,14.8598,1.4147,0,True,1.64,True,0.9922493484447913,0.11627992736660496,-0.04382018943939093,0.06,0.0000,0.00,0.0000,0.0000,1.0000,0.0497,0,1283,0,0,0.011527
489,23,134000000,23.134000000,117.09569593965679,-22.205192541399455,-22.680027771115398,0.005844540350924875,0.36125030645148815,-0.030139459045367977,0.9319633417926076,1278,1255,1252,1252,1252,0,0.9976,0.9820,4.4629,15.3292,1.3022,0,True,1.64,True,0.006376223623202336,0.0730575560047393,-0.9973073434417903,0.86,0.0000,0.00,0.0000,0.0000,1.0000,0.0422,0,1255,0,0,0.024759
490,23,167000000,23.167000000,116.45012725524688,-22.13776997249285,-23.440748002811166,0.005936169284256811,0.36749199982352354,-0.0297185017300507,0.9295327872726475,1252,1234,1231,1231,1231,0,0.9976,0.9856,3.8903,12.3747,1.2741,0,True,1.64,True,0.03309142694784355,0.036580992272335876,-0.9987826532669292,0.77,0.0000,0.00,0.0000,0.0000,1.0000,0.0483,0,1234,0,0,0.009900
491,23,200000000,23.200000000,117.16002630606023,-22.173735982254623,-24.14413252339441,0.005898499284517298,0.36644473047297005,-0.029853370875897095,0.9299420645729114,1231,1222,1221,1222,1221,0,0.9992,0.9927,3.2568,9.2129,1.2171,0,True,1.64,True,0.9995256536786117,0.014019699091050478,-0.027421080863828298,0.13,0.0000,0.00,0.0000,0.0000,1.0000,0.0424,0,1222,0,0,0.017108
492,23,233000000,23.233000000,117.952330098906,-22.146545391205002,-24.75365313141401,0.005950469798818028,0.36439705702731806,-0.02963419019770034,0.9307530239060894,1221,1211,1211,1211,1211,0,1.0000,0.9918,2.7605,9.5878,1.2286,0,True,1.64,True,0.9923457310295088,0.08120612189971077,0.09303502498263179,0.25,0.0000,0.00,0.0000,0.0000,1.0000,0.0522,0,1211,0,0,0.015790
493,23,266000000,23.266000000,118.58033395649392,-22.1785131949723,-25.53120648288065,0.005805813195943227,0.3632256683364913,-0.029587678851557317,0.9312131741200939,1211,1206,1201,1203,1201,0,0.9959,0.9959,2.4754,19.0508,1.2727,0,True,1.64,True,0.9894563495202808,0.013637559706044905,-0.14418789602204507,0.15,0.0000,0.00,0.0000,0.0000,1.0000,0.0572,0,1206,0,0,0.017890
494,23,299000000,23.299000000,117.97387296763583,-22.058690254900192,-26.317239263383925,0.006007007709368151,0.3673140868830553,-0.029077377606744982,0.9296229254634171,1201,1192,1187,1187,1187,0,0.9958,0.9925,2.2545,7.3575,1.2657,0,True,1.64,True,0.08053401470367177,0.09202398079436969,-0.9924947654443655,0.51,0.0000,0.00,0.0000,0.0000,1.0000,0.0472,0,1192,0,0,0.020232
495,23,332000000,23.332000000,117.25107346121338,-21.95979082023887,-27.001183541332875,0.006362248524555698,0.37300175180113,-0.028700035984624325,0.9273648272829206,1187,1179,1179,1179,1179,0,1.0000,0.9933,2.1812,7.2433,1.1867,0,True,1.64,True,-0.06412475913654325,0.06343056367561564,-0.9959239824692816,0.70,0.0000,0.00,0.0000,0.0000,1.0000,0.0451,0,1179,0,0,0.017436
496,23,365000000,23.365000000,118.14527280727681,-21.848335062731422,-27.43475607692315,0.007334754728917429,0.36889170703564267,-0.028945044655152196,0.9289926233524718,1179,1174,1163,1163,1163,0,0.9906,0.9958,2.1699,6.2874,1.1396,0,True,1.64,True,0.9386132820291166,0.16727284505166085,0.30170333459683996,0.52,0.0000,0.00,0.0000,0.0000,1.0000,0.0390,0,1174,0,0,0.020591
497,23,398000000,23.398000000,118.93152191545443,-21.958397121201852,-28.042784598602157,0.0070660801850357885,0.3660246447879169,-0.02938211035093006,0.9301143593720202,1163,1160,1159,1159,1159,0,0.9991,0.9974,2.1544,6.1959,1.1410,0,True,1.64,True,0.9932659489398342,-0.05862855610964881,0.09992720893304327,0.36,0.0000,0.00,0.0000,0.0000,1.0000,0.0463,0,1160,0,0,0.008657
498,23,431000000,23.431000000,119.65335342078018,-22.031899341387614,-28.730939160853204,0.0068213051594930236,0.3636484896422266,-0.02959557285883166,0.9310410022356729,1159,1156,1156,1156,1156,0,1.0000,0.9974,2.1634,6.5784,1.1547,0,True,1.64,True,0.9996520480090072,-0.024424515748510553,-0.009961221905391322,0.29,0.0000,0.00,0.0000,0.0000,1.0000,0.0478,0,1156,0,0,0.015308
499,23,464000000,23.464000000,120.07992483524976,-22.212671592013955,-29.61714355136417,0.006444788707532998,0.3624655399155845,-0.03011044213280022,0.9314883565277595,1156,1149,1142,1147,1142,0,0.9939,0.9939,2.1728,10.7045,1.1517,0,True,1.64,True,0.9225149527270174,-0.14699546520122775,-0.3568732200731007,0.16,0.0000,0.00,0.0000,0.0000,1.0000,0.0530,0,1149,0,0,0.026204
500,23,497000000,23.497000000,120.78888024629511,-22.220402445686258,-30.32235448367522,0.006337527484145036,0.36011302186712824,-0.030046607544619686,0.9324031577607256,1142,1138,1137,1137,1137,0,0.9991,0.9965,2.1937,9.1435,1.1412,0,True,1.64,True,0.9982583624918663,0.042291189028518146,-0.041130244900948125,0.29,0.0000,0.00,0.0000,0.0000,1.0000,0.0499,0,1138,0,0,0.009370
501,23,530000000,23.530000000,121.53810141347998,-22.2649675293153,-30.98317336654955,0.00613013153713595,0.3573724097590938,-0.030121239461184935,0.93345599422985,1137,1131,1131,1131,1131,0,1.0000,0.9947,2.2124,7.7960,1.1134,0,True,1.64,True,0.9998605746255289,0.007409057116059891,0.014964530803139163,0.34,0.0000,0.00,0.0000,0.0000,1.0000,0.0419,0,1131,0,0,0.018210
502,23,563000000,23.563000000,122.48197715945713,-22.277635505395043,-31.313231086559426,0.005756774407344174,0.35221189740494147,-0.029584864783290366,0.9354348585821401,1131,1122,1122,1122,1122,0,1.0000,0.9920,2.2289,5.5213,1.0945,0,True,1.64,True,0.9220563506719216,0.04789765867636546,0.38408059112496257,0.64,0.0000,0.00,0.0000,0.0000,1.0000,0.0425,0,1122,0,0,0.013945
503,23,596000000,23.596000000,123.10324814243337,-22.293174555939977,-32.09667279059355,0.005501446181403946,0.3505200017994565,-0.029401392417071584,0.9360774650382091,1122,1116,1115,1115,1115,0,0.9991,0.9947,2.2615,12.0007,1.1028,0,True,1.64,True,0.9833491145918285,0.02928490027307068,-0.17935136868020538,0.21,0.0000,0.00,0.0000,0.0000,1.0000,0.0620,0,1116,0,0,0.018801
504,23,629000000,23.629000000,123.64853671991271,-22.2100819534778,-32.93079267807174,0.005600063850131694,0.3491326457765049,-0.02914980108846501,0.9366030771006867,1115,1105,1103,1105,1103,0,0.9982,0.9910,2.2938,6.2903,1.0857,0,True,1.64,True,0.9537420437222864,0.12366322994304052,-0.27401372154782894,0.17,0.0000,0.00,0.0000,0.0000,1.0000,0.0419,0,1105,0,0,0.013105
505,23,662000000,23.662000000,124.39182179778057,-22.35873912256552,-33.583041356949515,0.005459224621358496,0.34667900661827444,-0.029949482019797753,0.9374896755503208,1103,1088,1087,1087,1087,0,0.9991,0.9864,2.4156,7.8115,1.1105,0,True,1.64,True,0.9951363453802726,-0.09846876785079602,-0.0027487926696656093,0.31,0.0000,0.00,0.0000,0.0000,1.0000,0.0218,0,1088,0,0,0.006954
506,23,695000000,23.695000000,125.14699750714942,-22.381423948563206,-34.23817115069173,0.005327277835985847,0.3447501927662307,-0.029894632964599193,0.9382031952719074,1087,1072,1069,1069,1069,0,0.9972,0.9862,2.6507,9.7031,1.1497,0,True,1.64,True,0.999544422734469,0.029520718393471087,-0.006282846962212385,0.24,0.0000,0.00,0.0000,0.0000,1.0000,0.0746,0,1072,0,0,0.025129
507,23,728000000,23.728000000,126.05078440475754,-22.4889304317477,-34.65243145507196,0.005014190629985254,0.3412097236851993,-0.030418050316638037,0.9394815190145736,1069,1058,1057,1057,1057,0,0.9991,0.9897,2.9825,14.0271,1.1515,0,True,1.64,True,0.9610855055563288,-0.048893136372275894,0.271889889891511,0.44,0.0000,0.00,0.0000,0.0000,1.0000,0.0326,0,1058,0,0,0.012086
508,23,761000000,23.761000000,126.87771003743913,-22.501400905159727,-35.214604458076394,0.005094285842748794,0.33942146353152824,-0.03047913478459902,0.940126662045413,1057,1040,1033,1033,1033,0,0.9933,0.9839,3.5223,12.8275,1.1897,0,True,1.64,True,0.9941094615016358,0.04401823353992903,0.09903925317242562,0.22,0.0000,0.00,0.0000,0.0000,1.0000,0.0626,0,1040,0,0,0.021009
509,23,794000000,23.794000000,126.30014852895812,-22.426957246401766,-36.0275502407654,0.005305804706581013,0.3456500368345433,-0.030158174224025808,0.9378637347718312,1033,1019,1014,1014,1014,0,0.9951,0.9864,4.1700,13.2295,1.2015,0,True,1.64,True,0.07165403624081473,0.04823841788828115,-0.9962623922090181,0.76,0.0000,0.00,0.0000,0.0000,1.0000,0.0315,0,1019,0,0,0.009827
510,23,827000000,23.827000000,125.74677433843904,-22.579944583419415,-36.8463126482925,0.004287223484117666,0.3520481243428543,-0.02989119710064062,0.9354946574926903,1014,995,986,986,986,0,0.9910,0.9813,4.9405,16.8227,1.1964,0,True,1.64,True,0.11905589578750149,-0.17711239356712669,-0.9769630974213707,0.79,0.0000,0.00,0.0000,0.0000,1.0000,0.0320,0,995,0,0,0.022344
511,23,860000000,23.860000000,126.52606958625049,-22.585086661457247,-37.472948488132474,0.0042942527363139405,0.3519555776949159,-0.029508666061011043,0.9355415914592864,986,972,970,970,970,0,0.9979,0.9858,5.7804,11.8368,1.2211,0,True,1.64,True,0.9979183460337523,0.04896453461877958,0.04196961995094376,0.05,0.0000,0.00,0.0000,0.0000,1.0000,0.0277,0,972,0,0,0.023542
512,23,893000000,23.893000000,127.43693540381618,-22.72387810757662,-37.86161337833284,0.00402683706392985,0.35061004948840363,-0.030147386001938954,0.936027517169367,970,951,948,948,948,0,0.9968,0.9804,6.7030,16.1738,1.3158,0,True,1.64,True,0.9469094001312043,-0.08054923106961205,0.31124654105267924,0.18,0.0000,0.00,0.0000,0.0000,1.0000,0.0256,0,951,0,0,0.019830
513,23,926000000,23.926000000,128.0822171111039,-22.992900605668623,-38.57662275852321,0.003321375823864811,0.35252910359911266,-0.030637897524826343,0.9352932795725099,948,915,902,907,902,0,0.9858,0.9652,7.6032,21.1630,1.3902,0,True,1.64,True,0.9693645764662379,-0.2205593584763878,-0.10810128251281512,0.26,0.0000,0.00,0.0000,0.0000,1.0000,0.0230,0,915,0,0,0.016974
514,23,959000000,23.959000000,128.89097845742137,-23.029694996936488,-39.163607645444486,0.0034351794394788544,0.35343733402031163,-0.03070283480598952,0.9349479057133127,902,868,866,866,866,0,0.9977,0.9623,8.4026,15.1030,1.3914,0,True,1.64,True,0.9954436168549491,0.020553080055474054,0.09311056096367658,0.11,0.0000,0.00,0.0000,0.0000,1.0000,0.0067,0,868,0,0,0.015412
515,23,992000000,23.992000000,129.72905134830097,-23.1424640724373,-39.697383783149625,0.003447845074975121,0.35432572842258137,-0.031289781863520404,0.934592071490594,866,827,820,820,820,0,0.9915,0.9550,9.1853,20.1614,1.4510,0,True,1.64,True,0.9861929562714397,-0.05424817462293702,0.15646273853757647,0.13,0.0000,0.00,0.0000,0.0000,1.0000,0.0100,0,827,0,0,0.016270
516,24,25000000,24.025000000,130.40355641030493,-23.114122906252405,-40.435109816057725,0.003865632688737084,0.35695823339927957,-0.031252971881132005,0.9335893788175712,820,786,778,778,778,0,0.9898,0.9585,9.9815,30.5382,1.6079,0,True,1.64,True,0.990987340193626,0.080985991361646,-0.10670220606498386,0.33,0.0000,0.00,0.0000,0.0000,1.0000,0.0046,0,786,0,0,0.008476
517,24,58000000,24.058000000,131.2333786767949,-23.064563521958245,-40.99093251572537,0.004167582858911048,0.35847950146147045,-0.030451199442816067,0.9330315121889204,778,727,720,720,720,0,0.9904,0.9344,10.6445,43.6881,1.5451,0,True,1.64,True,0.9845682192851422,0.10856505501585827,0.13725542030494817,0.21,0.0000,0.00,0.0000,0.0000,1.0000,0.0047,0,727,0,0,0.010040
518,24,91000000,24.091000000,132.13175473020968,-22.968772989381797,-41.41958696924195,0.004557033560643976,0.3589269847646637,-0.0290592263882424,0.9329020390237074,720,676,672,672,672,0,0.9941,0.9389,11.2067,26.7615,1.5156,0,True,1.64,True,0.9475119853679492,0.1553679467798033,0.2794312772355942,0.17,0.0000,0.00,0.0000,0.0000,1.0000,0.0089,0,676,0,0,0.027927
519,24,124000000,24.124000000,131.51672744642465,-22.908440095200387,-42.205781208650805,0.004936157282608848,0.36957469040972385,-0.02877274475113443,0.9287423279464139,672,633,624,625,624,0,0.9858,0.9420,11.7450,23.4848,1.5727,0,True,1.64,True,0.06811641604465102,0.03458609995578538,-0.9970777078819285,1.31,0.0000,0.00,0.0000,0.0000,1.0000,0.0029,0,633,0,0,0.011693
520,24,157000000,24.157000000,132.39713474481334,-22.98591808386999,-42.673627497741215,0.004812336464534472,0.3706639721801424,-0.02883557576041071,0.9283068300491796,624,586,579,579,579,0,0.9881,0.9391,12.1564,28.6045,1.7469,0,True,1.64,True,0.9636057312743077,-0.021420156989294944,0.2664679559156422,0.14,0.0000,0.00,0.0000,0.0000,1.0000,0.0171,0,586,0,0,0.051820
521,24,190000000,24.190000000,133.18596991271426,-23.106341078336065,-43.27631927658555,0.004530850567192948,0.3729009443660719,-0.02934038453831575,0.9273960852403752,579,534,531,531,531,0,0.9944,0.9223,12.5050,23.0033,1.5737,0,True,1.64,True,0.9917094022250668,-0.06767280593488086,0.10923759826772511,0.28,0.0000,0.00,0.0000,0.0000,1.0000,0.0065,0,534,0,0,0.011831
522,24,223000000,24.223000000,134.15262511313594,-23.06949099372066,-43.52973552460754,0.004505428138945682,0.3705773960740358,-0.027879510217096535,0.9283721385017577,531,501,497,497,497,0,0.9920,0.9435,12.8860,22.3540,1.6954,0,True,1.64,True,0.8696169986016477,0.0960728755254728,0.4842894571754883,0.33,0.0000,0.00,0.0000,0.0000,1.0000,0.0157,0,501,0,0,0.017830
523,24,256000000,24.256000000,134.76896389005486,-23.244090287687218,-44.29761676452193,0.0041984525382100435,0.37482481473592905,-0.028617320496388585,0.9266443655589062,497,458,448,448,448,0,0.9782,0.9215,13.0869,23.4530,2.0730,0,True,1.64,True,0.983102127001069,-0.1309147431713678,-0.12795131068632623,0.53,0.0000,0.00,0.0000,0.0000,1.0000,0.0172,0,458,0,0,0.017103
524,24,289000000,24.289000000,135.28540357715332,-23.401102151068756,-45.13942275425301,0.0038336909237560264,0.37957567054893204,-0.02888709971249985,0.9247016538383771,448,399,392,392,392,0,0.9825,0.8906,13.0303,22.3934,1.8616,0,True,1.64,True,0.9632840146059524,-0.11622456802503857,-0.24202429008682655,0.59,0.0000,0.00,0.0000,0.0000,1.0000,0.0228,0,399,0,0,0.021430
525,24,322000000,24.322000000,135.8879070571266,-23.50518424567435,-45.930723249768214,0.00353542157881893,0.3837089630132988,-0.02886654320759746,0.9229960212161062,392,356,348,348,348,0,0.9775,0.9082,13.1223,30.1385,1.9208,0,True,1.64,True,0.9887999935594481,-0.058221133925602936,-0.13742224092646796,0.51,0.0000,0.00,0.0000,0.0000,1.0000,0.0295,0,356,0,0,0.018878
526,24,355000000,24.355000000,136.63936901142503,-23.580714666432204,-46.586162100296725,0.0034319875283373587,0.3863821001387889,-0.02898410358443757,0.9218768984486762,348,318,309,309,309,0,0.9717,0.9138,12.9021,27.8489,1.8932,0,True,1.64,True,0.9971467991074612,-0.023078258536539324,0.07187249134867313,0.33,0.0000,0.00,0.0000,0.0000,1.0000,0.0230,0,318,0,0,0.020503
527,24,388000000,24.388000000,137.14096132464687,-23.902808966666935,-47.389069575086374,0.0025395119146061225,0.3908814943500132,-0.029659176072526622,0.9199595325494676,309,286,280,282,280,0,0.9790,0.9256,12.6085,23.9111,1.9730,0,True,1.64,True,0.9394871115874228,-0.28050756063256643,-0.19667098308873185,0.57,0.0000,0.00,0.0000,0.0000,1.0000,0.0259,0,286,0,0,0.022499
528,24,421000000,24.421000000,137.2503957740636,-24.31048050964754,-48.29561687905053,0.0014288762547247946,0.39666674345665615,-0.029981138829754186,0.9174718438527751,280,248,235,241,235,0,0.9476,0.8857,12.2556,30.1042,1.9439,0,True,1.64,True,0.7493553876368841,-0.38397613269008624,-0.5394708820167592,0.73,0.0000,0.00,0.0000,0.0000,1.0000,0.0571,0,248,0,0,0.022786
529,24,454000000,24.454000000,138.21971018750864,-24.25315848161115,-48.53466447470778,0.0019314813163246987,0.39088018278476605,-0.028677708354226193,0.9199926853674557,235,208,201,201,201,0,0.9663,0.8851,11.8141,21.5418,2.2652,0,True,1.64,True,0.8334646648106235,0.11670210500778182,0.5401085735283857,0.74,0.0000,0.00,0.0000,0.0000,1.0000,0.0146,0,208,0,0,0.012141
530,24,487000000,24.487000000,138.85643215340184,-24.315509151045557,-49.303232970139504,0.0017912783881532288,0.39361710763705093,-0.028713671099407822,0.9188241882913039,201,179,174,174,174,0,0.9721,0.8905,11.1901,18.6492,2.4293,0,True,1.64,True,0.9971546981717817,-0.013189399202639876,-0.07421959082759859,0.34,0.0000,0.00,0.0000,0.0000,1.0000,0.0902,0,179,0,0,0.028985
531,24,520000000,24.520000000,139.5323662720368,-24.396143917735433,-50.035770410592946,0.0016871937052317999,0.3955700746059327,-0.029020977792816958,0.917975627291709,174,152,144,144,144,0,0.9474,0.8736,10.7668,22.3939,2.6639,0,True,1.64,True,0.9994511863538784,-0.029734788717320503,-0.01460028889306718,0.25,0.0000,0.00,0.0000,0.0000,1.0000,0.0436,0,152,0,0,0.020976
532,24,553000000,24.553000000,138.63854529717548,-24.35069036884218,-50.48188479031071,0.0020746397406398776,0.4099749749704446,-0.02910900442476463,0.911629794175974,144,126,121,121,121,0,0.9603,0.8750,9.7276,17.7652,2.5254,0,True,1.64,True,-0.29092095465950296,0.005420631601862175,-0.9567317361167865,1.80,0.0000,0.00,0.0000,0.0000,1.0000,0.0543,0,126,0,0,0.023913
533,24,586000000,24.586000000,138.97913295266866,-24.40011200454293,-51.42079775265085,0.0016747806505504152,0.4132721428305465,-0.02872020845622978,0.9101529985097294,121,107,99,105,99,0,0.9252,0.8843,8.8005,14.4667,2.4613,0,True,1.64,True,0.9299999853890272,-0.011823614760613855,-0.3673693363774415,0.42,0.0000,0.00,0.0000,0.0000,1.0000,0.0580,0,107,0,0,0.019250
534,24,619000000,24.619000000,138.97913295266866,-24.40011200454293,-51.42079775265085,0.0016747806505504152,0.4132721428305465,-0.02872020845622978,0.9101529985097294,2000,0,0,0,0,0,0.0000,0.0000,0.0000,0.0000,0.0000,1,True,3.28,True,0.0,0.0,0.0,0.00,0.0000,0.00,0.0000,0.0000,1.0000,0.0481,0,2000,0,0,0.014968
535,24,652000000,24.652000000,139.64170136105835,-24.428461290150402,-52.169262462713725,0.001569318336240634,0.4135634127473579,-0.028606085587993657,0.9100244682117347,2000,1923,1696,1860,1696,0,0.8820,0.9615,8.8389,971.5117,4.4340,0,True,3.28,True,0.9997213282677702,0.02273927984234468,0.006339633962380801,0.04,0.0000,0.00,0.0000,0.0000,1.0000,0.0670,0,1923,0,0,0.015700
536,24,685000000,24.685000000,140.37839016893147,-24.483435956256628,-52.843256072802866,0.001205396770944471,0.4131125119182929,-0.028461867951734086,0.9102343223521518,1696,1676,1670,1671,1670,0,0.9964,0.9882,3.7950,13.3727,1.8857,0,True,3.28,True,0.9936546184745344,-0.001550681653332527,0.11246374780629351,0.07,0.0000,0.00,0.0000,0.0000,1.0000,0.0568,0,1676,0,0,0.011924
537,24,718000000,24.718000000,141.1139435913518,-24.511083254722784,-53.52015842148639,0.0007813260470057414,0.41221723746507494,-0.027623478125273618,0.9106663945279484,1670,1647,1563,1646,1563,0,0.9490,0.9862,3.2067,10.4300,2.3275,0,True,3.28,True,0.9938212590678193,0.025674640633876204,0.10798202560229916,0.16,0.0000,0.00,0.0000,0.0000,1.0000,0.0578,0,1647,0,0,0.012394
538,24,751000000,24.751000000,141.74561642149874,-24.556822830779,-54.29404299093869,0.0005915396961176459,0.411285675969198,-0.027639145889287516,0.9110871640177236,1563,1549,1480,1548,1480,0,0.9555,0.9910,2.7426,7.9361,1.6502,0,True,3.28,True,0.9993631971641871,0.0030405857030449688,-0.03555214469419242,0.12,0.0000,0.00,0.0000,0.0000,1.0000,0.0561,0,1549,0,0,0.023515
539,24,784000000,24.784000000,142.38355023306315,-24.571320133812826,-55.06399771705423,0.0004723988344057909,0.40981777113700174,-0.027536050293634633,0.9117515764910241,1480,1472,1452,1470,1452,0,0.9864,0.9946,2.3185,7.1835,1.5932,0,True,3.28,True,0.9989172622482996,0.034638869635522075,-0.031055625782374214,0.19,0.0000,0.00,0.0000,0.0000,1.0000,0.0624,0,1472,0,0,0.016545
540,24,817000000,24.817000000,142.9905737930401,-24.558009405417284,-55.85857006878972,0.000344288736864991,0.4082708237566643,-0.027307708514754656,0.9124522480601348,1452,1444,1437,1444,1437,0,0.9952,0.9945,2.0754,8.7225,1.4626,0,True,3.28,True,0.9953476403002607,0.061254145649605685,-0.07437072400776727,0.20,0.0000,0.00,0.0000,0.0000,1.0000,0.0341,0,1444,0,0,0.008020
541,24,850000000,24.850000000,143.52189908197693,-24.785140182763957,-56.67472265704642,-0.0007102956182828046,0.4070864991389428,-0.027272076068476613,0.9129820981628552,1437,1434,1354,1433,1354,0,0.9442,0.9979,2.0121,14.6899,1.4593,0,True,3.28,True,0.9727539781612515,-0.18247887335510005,-0.14300754787951814,0.19,0.0000,0.00,0.0000,0.0000,1.0000,0.0325,0,1434,0,0,0.007494
542,24,883000000,24.883000000,144.15357142444117,-24.792810620287266,-57.44992019068152,-0.0008360756715953726,0.4048413635586058,-0.027244581774304718,0.9139805819017291,1354,1348,1339,1347,1339,0,0.9933,0.9956,1.9790,11.8421,1.3364,0,True,3.28,True,0.9979523330250881,0.04164963970831537,-0.048543264434431174,0.28,0.0000,0.00,0.0000,0.0000,1.0000,0.0341,0,1348,0,0,0.007780
543,24,916000000,24.916000000,144.52917762532056,-24.98089281862312,-58.35741403007113,-0.0011611911860292205,0.40324307841642526,-0.027839394794580342,0.9146685954168021,1339,1337,1332,1337,1332,0,0.9963,0.9985,2.0657,4.8254,1.1659,0,True,1.64,True,0.9329569113404463,-0.14794526963888874,-0.32818226456280514,0.21,0.0000,0.00,0.0000,0.0000,1.0000,0.0557,0,1337,0,0,0.012465
544,24,949000000,24.949000000,143.88847218553198,-24.928959047988013,-59.12344237347165,-0.0012629847130910385,0.40597677665483234,-0.02751054697218616,0.9134683527587905,1332,1330,1330,1330,1330,0,1.0000,0.9985,2.2094,5.0757,1.0681,0,True,1.64,True,0.13098271838541897,0.03864966443635724,-0.9906309761577836,0.34,0.0000,0.00,0.0000,0.0000,1.0000,0.0785,0,1330,0,0,0.008039
545,24,982000000,24.982000000,143.1970468218308,-24.846350855601905,-59.84115182233056,-0.0011945674451341905,0.40906852600425475,-0.027151164213395553,0.9120988588542266,1330,1328,1328,1328,1328,0,1.0000,0.9985,2.3130,4.5919,1.1330,0,True,1.64,True,0.06557295024295828,0.06612859554779751,-0.9956541553407541,0.39,0.0000,0.00,0.0000,0.0000,1.0000,0.2189,0,1328,0,0,0.026341
546,25,15000000,25.015000000,142.50369701928668,-24.753807257549703,-60.55578580820833,-0.0011034358911258995,0.41227858618442825,-0.02667089812421375,0.9106666860033098,1328,1327,1327,1327,1327,0,1.0000,0.9992,2.3557,6.0985,1.1528,0,True,1.64,True,0.06827379479106101,0.07617523880329335,-0.9947542520331789,0.41,0.0000,0.00,0.0000,0.0000,1.0000,0.0611,0,1327,0,0,0.038818
547,25,48000000,25.048000000,143.19538706856474,-24.719556205462016,-61.27716763578689,-0.0010454398785180363,0.4089856423765261,-0.02642713066785517,0.9121574744253235,1327,1324,1324,1324,1324,0,1.0000,0.9977,2.3441,5.2040,1.1278,0,True,1.64,True,0.9955137048100217,0.08448703521900613,0.04259582626651965,0.42,0.0000,0.00,0.0000,0.0000,1.0000,0.0920,0,1324,0,0,0.018299
548,25,81000000,25.081000000,143.87974307390425,-24.77894847107697,-62.00389276727808,-0.0014612038009417553,0.40617454926669,-0.026318498578063714,0.9134152599141586,1324,1322,1321,1322,1321,0,0.9992,0.9985,2.3046,4.5599,1.0877,0,True,1.64,True,0.9995538376564356,-0.009805260091660013,0.028213161836750527,0.36,0.0000,0.00,0.0000,0.0000,1.0000,0.0739,0,1322,0,0,0.008835
549,25,114000000,25.114000000,144.3735257564774,-25.03771630575698,-62.83408423322187,-0.0021134150264573216,0.40408169533552296,-0.026947900867245266,0.9143234261521165,1321,1320,1314,1320,1314,0,0.9955,0.9992,2.3026,4.4911,1.0825,0,True,1.64,True,0.9588691065333712,-0.21528815812968352,-0.18498931186699089,0.28,0.0000,0.00,0.0000,0.0000,1.0000,0.0725,0,1320,0,0,0.024654
550,25,147000000,25.147000000,143.59630544777488,-25.01112551417234,-63.46275069609645,-0.0017415637785946777,0.40839077623783765,-0.027397455062923796,0.912394278969096,1314,1314,1314,1314,1314,0,1.0000,1.0000,2.3212,4.6533,1.0807,0,True,1.64,True,-0.05917072964110475,0.005700293294660358,-0.998231602089462,0.55,0.0000,0.00,0.0000,0.0000,1.0000,0.0425,0,1314,0,0,0.009188
551,25,180000000,25.180000000,144.27974505007717,-25.05355852826689,-64.19152346542839,-0.0019525858371732456,0.4055451971237435,-0.027387747068572964,0.9136625152696812,1314,1314,1314,1314,1314,0,1.0000,1.0000,2.2457,5.6789,1.0598,0,True,1.64,True,0.9996545888663418,0.00945134614204921,0.02452294873314009,0.36,0.0000,0.00,0.0000,0.0000,1.0000,0.0636,0,1314,0,0,0.006569
552,25,213000000,25.213000000,145.0802372365872,-25.117415420949868,-64.78745513650591,-0.002375927665439878,0.40227525805068076,-0.027533355704128765,0.9151015714398357,1314,1310,1309,1309,1309,0,0.9992,0.9970,2.1452,9.6260,1.1039,0,True,1.64,True,0.9808384013355871,-0.009602403674597075,0.1945862901365865,0.41,0.0000,0.00,0.0000,0.0000,1.0000,0.0677,0,1310,0,0,0.022767
553,25,246000000,25.246000000,145.6130493898661,-25.301698128582128,-65.61337952347246,-0.002929227510831853,0.400800725957848,-0.027940502921192815,0.9157344189197885,1309,1304,1299,1303,1299,0,0.9962,0.9962,2.0864,7.8197,1.2326,0,True,1.64,True,0.9771728356313809,-0.13628311548996466,-0.16297288650715847,0.20,0.0000,0.00,0.0000,0.0000,1.0000,0.0498,0,1304,0,0,0.011619
554,25,279000000,25.279000000,146.28007755745088,-25.404852373670362,-66.35123630183041,-0.0032385726832919568,0.39877327378353905,-0.028116358054766744,0.9166127089303693,1299,1290,1290,1290,1290,0,1.0000,0.9931,2.1050,6.0806,1.2109,0,True,1.64,True,0.9987090775238955,-0.04994004102842235,-0.009282821416427414,0.26,0.0000,0.00,0.0000,0.0000,1.0000,0.0350,0,1290,0,0,0.008303
555,25,312000000,25.312000000,145.56803704794544,-25.337663997321,-67.05015263080458,-0.0030712148166449076,0.40375757789922445,-0.02780858095156797,0.9144381164157375,1290,1279,1276,1277,1276,0,0.9977,0.9915,2.2703,11.2468,1.2668,0,True,1.64,True,0.02271555524064812,0.05204079191760578,-0.9983865781983939,0.62,0.0000,0.00,0.0000,0.0000,1.0000,0.0178,0,1279,0,0,0.004255
556,25,345000000,25.345000000,146.16702345862032,-25.43943447745202,-67.84441836039431,-0.0033192193505696375,0.40269481357529263,-0.027998990493218558,0.9148999543304305,1276,1262,1261,1261,1261,0,0.9992,0.9890,2.5492,10.2352,1.2553,0,True,1.64,True,0.9945626610232792,-0.05033595290333922,-0.09116690816083704,0.14,0.0000,0.00,0.0000,0.0000,1.0000,0.1428,0,1262,0,0,0.034782
557,25,378000000,25.378000000,146.78072315162237,-25.64486053844706,-68.60676527635403,-0.003772089705018699,0.40191680663156937,-0.028574729277504336,0.9152224520481653,1261,1248,1245,1245,1245,0,0.9976,0.9897,3.0094,11.3933,1.2993,0,True,1.64,True,0.9863665746119097,-0.15347751509658697,-0.05937703973881506,0.13,0.0000,0.00,0.0000,0.0000,1.0000,0.0350,0,1248,0,0,0.008657
558,25,411000000,25.411000000,147.52139240178403,-25.73039255011563,-69.2731685602932,-0.004007241845011508,0.40077996451902476,-0.028600264791562944,0.9157190545722947,1245,1231,1230,1230,1230,0,0.9992,0.9888,3.6194,11.5849,1.3394,0,True,1.64,True,0.9950218993759904,-0.028987312570568493,0.09534755094984199,0.14,0.0000,0.00,0.0000,0.0000,1.0000,0.0294,0,1231,0,0,0.007330
559,25,444000000,25.444000000,148.21242086405775,-25.88392974204109,-69.97950133952921,-0.00442549204399155,0.4006802087966155,-0.028910857431940152,0.9157510292767457,1230,1208,1205,1205,1205,0,0.9975,0.9821,4.3196,13.1508,1.3301,0,True,1.64,True,0.9947300189941172,-0.0979285477811539,0.030367562322937827,0.06,0.0000,0.00,0.0000,0.0000,1.0000,0.1608,0,1208,0,0,0.034199
560,25,477000000,25.477000000,148.99680482504615,-25.952575123350297,-70.59596675897221,-0.004500997217605626,0.39996368314453273,-0.028961165578310622,0.916062249019057,1205,1188,1179,1179,1179,0,0.9924,0.9859,5.1107,17.7029,1.3864,0,True,1.64,True,0.9873270204470794,-0.010497411024536248,0.1583513784495563,0.09,0.0000,0.00,0.0000,0.0000,1.0000,0.0460,0,1188,0,0,0.020462
561,25,510000000,25.510000000,149.72419908310118,-25.999142053519655,-71.28060470297123,-0.0044631049931370724,0.4000646089953956,-0.02894018643459742,0.9160190254204944,1179,1162,1160,1160,1160,0,0.9983,0.9856,5.7680,13.7313,1.4047,0,True,1.64,True,0.9976014185912376,0.010996665106063761,0.06834093196098046,0.01,0.0000,0.00,0.0000,0.0000,1.0000,0.0679,0,1162,0,0,0.019807
562,25,543000000,25.543000000,148.97962450905715,-26.042360639808564,-71.94674347041108,-0.0042757567348969735,0.40804186134085185,-0.029501686203328444,0.9124764149330093,1160,1139,1125,1125,1125,0,0.9877,0.9819,6.4551,18.8275,1.4519,0,True,1.64,True,-0.014477360725170333,-0.05909076708516,-0.9981476279948376,1.00,0.0000,0.00,0.0000,0.0000,1.0000,0.0526,0,1139,0,0,0.011913
563,25,576000000,25.576000000,149.8096368048783,-25.938237448907167,-72.49468320240922,-0.0037502705919939257,0.40751836687583765,-0.028625890831124788,0.9127405296706516,1125,1098,1091,1091,1091,0,0.9936,0.9760,7.1451,15.3747,1.5071,0,True,1.64,True,0.9540962229699879,0.16319681425049865,0.25113183217762575,0.13,0.0000,0.00,0.0000,0.0000,1.0000,0.0551,0,1098,0,0,0.022279
564,25,609000000,25.609000000,150.40138996149798,-26.05020255679038,-73.29298891843995,-0.003846584595415909,0.40951712790567507,-0.028718030694830917,0.911842201508489,1091,1051,1047,1048,1047,0,0.9962,0.9633,7.8637,17.5461,1.4553,0,True,1.64,True,0.9941319276526049,-0.05857392093984313,-0.09094397290336918,0.25,0.0000,0.00,0.0000,0.0000,1.0000,0.0329,0,1051,0,0,0.011251
565,25,642000000,25.642000000,151.1013134859624,-26.112264004486804,-74.00450521242844,-0.003769104467012538,0.4111934389775424,-0.028714995141672882,0.9110879203717678,1047,1029,1022,1022,1022,0,0.9932,0.9828,8.6579,17.9901,1.6043,0,True,1.64,True,0.9986790569095376,-0.00577864337068359,0.05105632743422854,0.21,0.0000,0.00,0.0000,0.0000,1.0000,0.0635,0,1029,0,0,0.017693
566,25,675000000,25.675000000,151.58067330710657,-26.466395797153567,-74.80750261920836,-0.004443172944296751,0.414678066122665,-0.029831563798707342,0.9094682168675701,1022,986,960,981,960,0,0.9736,0.9648,9.3761,16.9308,1.5375,0,True,1.64,True,0.9375815889184019,-0.3054640573657438,-0.1662301831163711,0.47,0.0000,0.00,0.0000,0.0000,1.0000,0.0259,0,986,0,0,0.012051
567,25,708000000,25.708000000,152.31010347136214,-26.529180948469214,-75.48867048416409,-0.003978414113463222,0.4161512141371739,-0.030226418084525856,0.908784189366803,960,933,925,925,925,0,0.9914,0.9719,10.1466,22.2198,1.5829,0,True,1.64,True,0.9945135123773801,-0.003420857208399453,0.10455224260993283,0.20,0.0000,0.00,0.0000,0.0000,1.0000,0.0616,0,933,0,0,0.030877
568,25,741000000,25.741000000,153.04709814912025,-26.54226784764432,-76.1644423228983,-0.0036473609714739535,0.41828765681019525,-0.029935783981538292,0.9078138475235938,925,893,884,884,884,0,0.9899,0.9654,10.7825,23.4877,1.7335,0,True,1.64,True,0.9921221162210682,0.04687377907998068,0.11617467598315297,0.27,0.0000,0.00,0.0000,0.0000,1.0000,0.0348,0,893,0,0,0.016659
569,25,774000000,25.774000000,153.88695255382856,-26.539089190218693,-76.70724475014876,-0.0031560364273532713,0.41917814184102187,-0.02965761742521804,0.9074139907260834,884,836,829,829,829,0,0.9916,0.9457,11.3019,20.3949,1.6605,0,True,1.64,True,0.9563924425026404,0.06344646776882613,0.2851105779368646,0.13,0.0000,0.00,0.0000,0.0000,1.0000,0.0265,0,836,0,0,0.013554
570,25,807000000,25.807000000,154.38066856709963,-26.718149939457113,-77.55823343768927,-0.00326117165306377,0.4233195645830699,-0.030075776966717635,0.9054752114997393,829,795,791,791,791,0,0.9950,0.9590,11.8124,21.8427,1.7530,0,True,1.64,True,0.9766755591274665,-0.12744213006962324,-0.17281017240419605,0.53,0.0000,0.00,0.0000,0.0000,1.0000,0.0090,0,795,0,0,0.004756
571,25,840000000,25.840000000,154.96611246692572,-26.849813612890202,-78.35818350941533,-0.0031156884651696395,0.4269169755850847,-0.030461439993728634,0.903772255115292,791,747,739,739,739,0,0.9893,0.9444,12.2576,22.6400,1.8571,0,True,1.64,True,0.9951904022573833,-0.07605872145176126,-0.061734383822235096,0.46,0.0000,0.00,0.0000,0.0000,1.0000,0.0243,0,747,0,0,0.013356
572,25,873000000,25.873000000,155.5231358860322,-26.90174196439569,-79.18705524670455,-0.002709682352533862,0.430691848966069,-0.030429941142988946,0.9019818221770167,739,692,681,681,681,0,0.9841,0.9364,12.5513,24.6869,1.9990,0,True,1.64,True,0.9954022811726574,0.003583253163187204,-0.09571551040995661,0.48,0.0000,0.00,0.0000,0.0000,1.0000,0.0757,0,692,0,0,0.047979
573,25,906000000,25.906000000,156.07925599662696,-26.973704195416595,-80.01503583820329,-0.002552944479561811,0.4344100687546458,-0.030140188231894446,0.9002071670967824,681,638,635,635,635,0,0.9953,0.9369,12.6291,20.5339,1.8311,0,True,1.64,True,0.9960579679470217,-0.01684777402992721,-0.0870900510936038,0.47,0.0000,0.00,0.0000,0.0000,1.0000,0.0126,0,638,0,0,0.009325
574,25,939000000,25.939000000,156.47944974187718,-26.978258770035442,-80.93145507747789,-0.0020717370371523777,0.43895753443570196,-0.02993416019205666,0.8980066463681518,635,586,577,578,577,0,0.9846,0.9228,12.6843,27.8311,2.0108,0,True,1.64,True,0.96528815123671,0.04449246833577301,-0.25736978327574617,0.58,0.0000,0.00,0.0000,0.0000,1.0000,0.0107,0,586,0,0,0.008351
575,25,972000000,25.972000000,157.21870219615738,-26.865850351349167,-81.59543561653693,-0.0013029777035325721,0.441202537144473,-0.0290180164424784,0.8969373323639328,577,528,521,521,521,0,0.9867,0.9151,12.6216,25.4148,1.8723,0,True,1.64,True,0.9701783964093208,0.1705250074711389,0.17226462482937996,0.32,0.0000,0.00,0.0000,0.0000,1.0000,0.0127,0,528,0,0,0.010496
576,26,5000000,26.005000000,157.84386712452252,-26.920236364005262,-82.3740311302471,-0.0009604286502905775,0.44410104669646383,-0.02898493454476839,0.8955072369720685,521,482,476,476,476,0,0.9876,0.9251,12.5236,25.5278,1.8914,0,True,1.64,True,0.9997867899247167,-0.0007139470137667129,0.020636496109853634,0.37,0.0000,0.00,0.0000,0.0000,1.0000,0.0580,0,482,0,0,0.058129
577,26,38000000,26.038000000,158.6416966038083,-27.05052497122959,-82.96266769113176,-0.0005965736207560122,0.4449709415280286,-0.03025558397068611,0.8950335775456514,476,438,429,429,429,0,0.9795,0.9202,12.2825,18.5572,2.0399,0,True,1.64,True,0.9568223349676287,-0.07316608831596245,0.2813143132292348,0.19,0.0000,0.00,0.0000,0.0000,1.0000,0.0071,0,438,0,0,0.008765
578,26,71000000,26.071000000,158.69567657271762,-26.886577229741956,-83.94765870683578,0.00037304903033177824,0.45032000693883256,-0.029608254871774986,0.8923760997631429,429,394,387,391,387,0,0.9822,0.9184,12.0062,22.3845,2.0773,0,True,1.64,True,0.8080760286175132,0.19411580235488687,-0.5561763994002862,0.70,0.0000,0.00,0.0000,0.0000,1.0000,0.0078,0,394,0,0,0.009876
579,26,104000000,26.104000000,159.47879685753833,-26.8306576878378,-84.56700967707444,0.0007718473732391863,0.45115630200653956,-0.028394057785398368,0.8919928098891245,387,342,338,338,338,0,0.9883,0.8837,11.5994,21.2967,1.9937,0,True,1.64,True,0.9589881051554016,0.11357081848687699,0.2596988320317849,0.18,0.0000,0.00,0.0000,0.0000,1.0000,0.0212,0,342,0,0,0.029069
580,26,137000000,26.137000000,159.89473170626906,-26.77775500428367,-85.47486401984321,0.001333227062480499,0.4543988819610355,-0.027896400378154683,0.8903604154633686,338,311,304,304,304,0,0.9775,0.9201,11.1902,18.6417,2.4090,0,True,1.64,True,0.9740329575863788,0.09618543627329809,-0.20495892121214662,0.42,0.0000,0.00,0.0000,0.0000,1.0000,0.0175,0,311,0,0,0.023914
581,26,170000000,26.170000000,160.52984534271778,-26.8571818869675,-86.24318819563362,0.0015333522031962064,0.45589157329251373,-0.028092545642648077,0.8895905412667185,304,269,265,265,265,0,0.9851,0.8849,10.5267,21.5042,2.3613,0,True,1.64,True,0.9974525226957406,-0.02932912325582511,0.0650251297341871,0.20,0.0000,0.00,0.0000,0.0000,1.0000,0.0145,0,269,0,0,0.018973
582,26,203000000,26.203000000,161.32689763615429,-26.82978570206225,-86.84647675891016,0.0018947802214513369,0.45511940627803954,-0.026969732571158977,0.8900198702063216,265,235,233,233,233,0,0.9915,0.8868,9.9682,19.0528,2.3647,0,True,1.64,True,0.9525366875755866,0.08211219196326452,0.29314066035525854,0.17,0.0000,0.00,0.0000,0.0000,1.0000,0.0150,0,235,0,0,0.019005
583,26,236000000,26.236000000,161.69952021924408,-26.664799793610104,-87.75967556562406,0.002727280704025384,0.45767200697095206,-0.0260268761665137,0.8887358987304133,233,212,203,203,203,0,0.9575,0.9099,9.3825,23.6974,2.7748,0,True,1.64,True,0.9499828447383875,0.20261394310278782,-0.23765560116079967,0.36,0.0000,0.00,0.0000,0.0000,1.0000,0.0157,0,212,0,0,0.018963
584,26,269000000,26.269000000,162.47257688121474,-26.75118532463334,-88.38810291815786,0.0029639467699047735,0.4567110610666329,-0.02672076251648349,0.8892087620854134,203,182,180,180,180,0,0.9890,0.8966,8.6026,15.1148,2.3588,0,True,1.64,True,0.9632497715444702,-0.036649212954857374,0.26609530775516416,0.15,0.0000,0.00,0.0000,0.0000,1.0000,0.0188,0,182,0,0,0.012097
585,26,302000000,26.302000000,162.15906518127292,-26.670575307390497,-89.33425958548081,0.0036596873489689523,0.4610995020670029,-0.026419030378664294,0.8869475129430835,180,164,159,160,159,0,0.9695,0.9111,7.8215,14.4840,2.6786,0,True,1.64,True,0.5827512948716008,0.08285226604757334,-0.8084160007918291,0.57,0.0000,0.00,0.0000,0.0000,1.0000,0.0142,0,164,0,0,0.013197
586,26,335000000,26.335000000,162.76121339224483,-26.78696844360331,-90.12411410997623,0.003521436024579285,0.4610387782406965,-0.026564340214815053,0.8869752985712749,159,149,145,145,145,0,0.9732,0.9371,6.9992,16.6629,3.0669,0,True,1.64,True,0.9965287866290563,-0.07185984367705439,0.04203023062427706,0.02,0.0000,0.00,0.0000,0.0000,1.0000,0.0155,0,149,0,0,0.018201
587,26,368000000,26.368000000,162.73718554276599,-26.740759290136687,-91.12275687722853,0.003914154286567353,0.46327464298186577,-0.026554542664244524,0.8858081851225684,145,126,124,124,124,0,0.9841,0.8690,5.8409,11.7490,2.6469,0,True,1.64,True,0.8011299407070224,0.06315524983172373,-0.5951489162566421,0.29,0.0000,0.00,0.0000,0.0000,1.0000,0.0250,0,126,0,0,0.027636
588,26,401000000,26.401000000,163.02837899687262,-26.294996961779024,-91.96922147713958,0.005321366334266514,0.4641678257873639,-0.025535744722074386,0.8853631109921268,124,112,112,112,112,0,1.0000,0.9032,4.6644,9.0019,2.2149,0,True,1.64,True,0.8413424092769884,0.47483190122138497,-0.25822009204257795,0.23,0.0000,0.00,0.0000,0.0000,1.0000,0.0241,0,112,0,0,0.008761
589,26,434000000,26.434000000,162.16344292039204,-26.185493134510264,-92.45901173369424,0.006045001312799203,0.4706930922626698,-0.02513967956521191,0.8819180615945523,112,106,106,106,106,0,1.0000,0.9464,3.8616,8.4525,2.2508,0,True,1.64,True,-0.0928158687967973,0.07296807063878728,-0.9930059794214479,0.85,0.0000,0.00,0.0000,0.0000,1.0000,0.0320,0,106,0,0,0.013558
590,26,467000000,26.467000000,162.7150445662557,-26.27693478604712,-93.28809197627919,0.005924408423310702,0.4691535363935929,-0.025370022007891846,0.8827322485655197,106,105,104,104,104,0,0.9905,0.9906,3.0905,8.7806,2.5225,0,True,1.64,True,0.9985974329167518,-0.05293996839392968,-0.0007257537619659214,0.20,0.0000,0.00,0.0000,0.0000,1.0000,0.0328,0,105,0,0,0.025194
591,26,500000000,26.500000000,163.65187117367253,-26.266841453638232,-93.6377404172549,0.00601899242804235,0.4595850462287407,-0.024044673191849286,0.8877878185153109,104,99,98,98,98,0,0.9899,0.9519,2.9203,67.4325,2.1992,0,True,1.64,True,0.8125339528250102,0.0619139614126592,0.5796164567097415,1.25,0.0000,0.00,0.0000,0.0000,1.0000,0.0483,0,99,0,0,0.018454
592,26,533000000,26.533000000,163.65187117367253,-26.266841453638232,-93.6377404172549,0.00601899242804235,0.4595850462287407,-0.024044673191849286,0.8877878185153109,2000,0,0,0,0,0,0.0000,0.0000,0.0000,0.0000,0.0000,1,True,3.28,True,0.0,0.0,0.0,0.00,0.0000,0.00,0.0000,0.0000,1.0000,0.0446,0,2000,0,0,0.011180
593,26,566000000,26.566000000,164.16709457207781,-26.278386145082305,-94.4947185790742,0.006125595847376425,0.4572771706667672,-0.024056056750730477,0.8889777119793929,2000,1915,1621,1851,1621,0,0.8465,0.9575,6.8640,1024.2896,3.3687,0,True,3.28,True,0.996973555731602,0.02309798014851184,-0.07423080549842746,0.30,0.0000,0.00,0.0000,0.0000,1.0000,0.0408,0,1915,0,0,0.010198
594,26,599000000,26.599000000,164.70975020594776,-26.33343815669187,-95.33286781342747,0.006057991640278841,0.4547210445621772,-0.024178028077754547,0.8902850640821961,1621,1621,1542,1621,1542,0,0.9513,1.0000,2.1643,4.9535,1.3366,0,True,3.28,True,0.998810350452626,-0.01942295028350853,-0.04472843425592443,0.33,0.0000,0.00,0.0000,0.0000,1.0000,0.0490,0,1621,0,0,0.019848
595,26,632000000,26.632000000,165.27475180684414,-26.39461147013864,-96.1556867587043,0.00591784593983922,0.45195061585103063,-0.024242084011784886,0.891693860747102,1542,1538,1517,1538,1517,0,0.9863,0.9974,2.3254,6.5296,1.3333,0,True,1.64,True,0.9994322544616712,-0.024443702673861332,-0.02318780156145158,0.36,0.0000,0.00,0.0000,0.0000,1.0000,0.0601,0,1538,0,0,0.012279
596,26,665000000,26.665000000,165.79201274387424,-26.403322526585466,-97.01147016618445,0.005856856492456105,0.4492641379595607,-0.023984236234580913,0.8930577741600615,1517,1516,1474,1516,1474,0,0.9723,0.9993,2.4735,4.2471,1.3508,0,True,1.64,True,0.9956818941975731,0.0261499899601492,-0.08907156444240139,0.35,0.0000,0.00,0.0000,0.0000,1.0000,0.0658,0,1516,0,0,0.020083
597,26,698000000,26.698000000,166.37664666482792,-26.552851923503713,-97.80886852204405,0.005329629460328176,0.44642714207604584,-0.024087114954465947,0.8944798559838002,1474,1472,1417,1472,1417,0,0.9626,0.9986,2.5858,4.0116,1.0969,0,True,1.64,True,0.9936635374253215,-0.11238278934642727,-0.0016979546852918797,0.37,0.0000,0.00,0.0000,0.0000,1.0000,0.0465,0,1472,0,0,0.008318
598,26,731000000,26.731000000,167.07399211782035,-26.605433226010646,-98.52367235934311,0.005076534829828938,0.44264399146594224,-0.023872835964810445,0.896365223174247,1417,1417,1417,1417,1417,0,1.0000,1.0000,2.6165,4.3096,0.9863,0,True,1.64,True,0.9916484333045769,-0.010592214874921598,0.12853478015160644,0.49,0.0000,0.00,0.0000,0.0000,1.0000,0.0524,0,1417,0,0,0.008559
599,26,764000000,26.764000000,166.28709330701267,-26.505322997990586,-99.1325797445793,0.00549221516728757,0.4458575123326165,-0.023615838047000202,0.8947755061815588,1417,1416,1416,1416,1416,0,1.0000,0.9993,2.6300,4.1370,0.9673,0,True,1.64,True,0.0018643366759378108,0.07010440666204411,-0.9975379172820056,0.41,0.0000,0.00,0.0000,0.0000,1.0000,0.0752,0,1416,0,0,0.012909
600,26,797000000,26.797000000,166.7174546073748,-26.383556142995552,-100.02698568383464,0.005740662725766939,0.44347432854754687,-0.02325887503132396,0.8959668461740359,1416,1415,1412,1415,1412,0,0.9979,0.9993,2.5629,4.6201,0.9856,0,True,1.64,True,0.9680943085724021,0.15196337639710383,-0.1992499484158397,0.31,0.0000,0.00,0.0000,0.0000,1.0000,0.0563,0,1415,0,0,0.020252
601,26,830000000,26.830000000,165.90197321112464,-26.37488412978486,-100.60570399921502,0.005609476195066307,0.4473203115297079,-0.023124117644114154,0.8940572396960741,1412,1411,1411,1411,1411,0,1.0000,0.9993,2.4330,4.2888,1.0135,0,True,1.64,True,-0.034107320998365664,-0.023492616510108245,-0.9991420257520066,0.49,0.0000,0.00,0.0000,0.0000,1.0000,0.0562,0,1411,0,0,0.012617
602,26,863000000,26.863000000,166.35536653566666,-26.746981953681637,-101.41562850354369,0.004521026425041805,0.4451360547787459,-0.02349707657542335,0.8951431954991816,1411,1408,1401,1408,1401,0,0.9950,0.9979,2.2692,4.4923,0.9758,0,True,1.64,True,0.933019174770208,-0.34202228206845964,-0.11178541085402442,0.31,0.0000,0.00,0.0000,0.0000,1.0000,0.0842,0,1408,0,0,0.017270
603,26,896000000,26.896000000,167.01795505561412,-26.78171229802871,-102.16380646126187,0.004389595157552351,0.4421708218377811,-0.023380828835738027,0.896615320308887,1401,1398,1398,1398,1398,0,1.0000,0.9979,2.0918,5.2991,0.9542,0,True,1.64,True,0.9969970985360559,0.005444362092977052,0.077247294011419,0.38,0.0000,0.00,0.0000,0.0000,1.0000,0.0722,0,1398,0,0,0.015202
604,26,929000000,26.929000000,167.3707527309427,-26.64421793069259,-103.08934905846289,0.00458655075413049,0.44087112672234535,-0.022633110516558426,0.8972732891840115,1398,1394,1377,1394,1377,0,0.9878,0.9971,1.9951,7.9451,1.0131,0,True,1.64,True,0.9432923458864025,0.1653517444676818,-0.28785126505475395,0.19,0.0000,0.00,0.0000,0.0000,1.0000,0.0517,0,1394,0,0,0.011246
605,26,962000000,26.962000000,166.61095965099858,-26.58712284281893,-103.7370022269178,0.004519563137328202,0.44503485825814265,-0.022101274976096152,0.8952290668474934,1377,1373,1372,1372,1372,0,0.9993,0.9971,2.0074,11.7601,1.0028,0,True,1.64,True,0.04678937960791129,0.030695829432070103,-0.9984330323118242,0.54,0.0000,0.00,0.0000,0.0000,1.0000,0.0296,0,1373,0,0,0.006609
606,26,995000000,26.995000000,165.8037363088699,-26.45720808118149,-104.31277356228561,0.005516640794133307,0.45068267099016374,-0.022033907931353028,0.8923952059736723,1372,1370,1369,1369,1369,0,0.9993,0.9985,2.1747,7.3634,1.0503,0,True,1.64,True,-0.03240314472853331,0.10125952811182974,-0.9943322101683477,0.73,0.0000,0.00,0.0000,0.0000,1.0000,0.1304,0,1370,0,0,0.030653
607,27,28000000,27.028000000,166.47820668701135,-26.458667823383138,-105.05107402833072,0.005441371466870859,0.44883204473972166,-0.02174059989625514,0.8933350622288766,1369,1369,1369,1369,1369,0,1.0000,1.0000,2.6093,8.1650,1.1350,0,True,1.64,True,0.9939249633633753,0.0358134831323714,0.104069984284809,0.24,0.0000,0.00,0.0000,0.0000,1.0000,0.0584,0,1369,0,0,0.010677
608,27,61000000,27.061000000,165.78546338940572,-26.330862037002163,-105.76084328984462,0.006350739078797052,0.45358251210016926,-0.021951410710715012,0.8909212694721472,1369,1354,1351,1351,1351,0,0.9978,0.9890,3.3049,17.5414,1.2190,0,True,1.64,True,0.15202039857192198,0.10433661151964588,-0.98285485699295,0.62,0.0000,0.00,0.0000,0.0000,1.0000,0.0612,0,1354,0,0,0.020202
609,27,94000000,27.094000000,166.21425074786828,-26.406272625448473,-106.66109583461908,0.0061582002314650355,0.45390080353372747,-0.021970103472992508,0.8907600415795108,1351,1326,1324,1325,1324,0,0.9985,0.9815,4.0748,10.4102,1.1738,0,True,1.64,True,0.982300813503153,-0.04834999079736836,-0.18096239990931368,0.05,0.0000,0.00,0.0000,0.0000,1.0000,0.0540,0,1326,0,0,0.008648
610,27,127000000,27.127000000,165.47534024449845,-26.35301294601659,-107.33279120795177,0.006270563582545116,0.4601194017221495,-0.021618983109079323,0.8875716510572754,1324,1305,1303,1304,1303,0,0.9985,0.9856,4.9510,17.7570,1.2110,0,True,1.64,True,0.10782249874957157,0.026179794780177533,-0.9938254007161753,0.80,0.0000,0.00,0.0000,0.0000,1.0000,0.0523,0,1305,0,0,0.012818
611,27,160000000,27.160000000,166.0496365250832,-26.441385748891847,-108.1466548512106,0.0061004343765339334,0.4604792610299159,-0.0217705275768467,0.8873824874262429,1303,1288,1286,1286,1286,0,0.9984,0.9885,5.7926,13.3978,1.3113,0,True,1.64,True,0.9984390694176323,-0.05579739158501809,0.0024649042092655987,0.05,0.0000,0.00,0.0000,0.0000,1.0000,0.0653,0,1288,0,0,0.029565
612,27,193000000,27.193000000,166.31361787286616,-26.52249394973763,-109.10776634722876,0.005921734254256794,0.46256529152011294,-0.022030954068424355,0.88629166824876,1286,1255,1230,1249,1230,0,0.9801,0.9759,6.5974,17.8419,1.3566,0,True,1.64,True,0.9401758547017087,-0.06047832007004791,-0.3352785931690488,0.27,0.0000,0.00,0.0000,0.0000,1.0000,0.0412,0,1255,0,0,0.013090
613,27,226000000,27.226000000,167.0276659006864,-26.62334749298433,-109.80056067224926,0.005421091597125201,0.4627450890852865,-0.021729310198753852,0.886208458192333,1230,1199,1192,1192,1192,0,0.9942,0.9748,7.4718,26.3817,1.4077,0,True,1.64,True,0.9794033907570847,-0.06210386027812046,0.19212524225640149,0.07,0.0000,0.00,0.0000,0.0000,1.0000,0.0638,0,1199,0,0,0.020981
614,27,259000000,27.259000000,166.146767274553,-26.526728204743627,-110.26389891113759,0.006467282435642258,0.4731473632275715,-0.022060175809269535,0.8806833117369479,1192,1161,1150,1150,1150,0,0.9905,0.9740,8.2470,24.3118,1.5205,0,True,1.64,True,-0.12591556108468022,0.06304225400394031,-0.9900358305065695,1.36,0.0000,0.00,0.0000,0.0000,1.0000,0.0434,0,1161,0,0,0.014603
615,27,292000000,27.292000000,166.7865004502568,-26.730151232898404,-111.00508750759622,0.006433663329910785,0.47440877283324523,-0.024521442124364662,0.8799395565100782,1150,1110,1099,1100,1099,0,0.9901,0.9652,8.9243,19.6777,1.5722,0,True,1.64,True,0.9772453486875807,-0.16740581135085228,0.13025675719305893,0.33,0.0000,0.00,0.0000,0.0000,1.0000,0.0397,0,1110,0,0,0.013758
616,27,325000000,27.325000000,167.49530116183516,-26.781242176327705,-111.70864366510285,0.00645483105452124,0.4750910305371928,-0.024667149522015347,0.8795671546809967,1099,1051,1042,1042,1042,0,0.9914,0.9563,9.5797,23.0364,1.4906,0,True,1.64,True,0.9784131442451083,-0.007707145984394329,0.20651469455991808,0.09,0.0000,0.00,0.0000,0.0000,1.0000,0.0631,0,1051,0,0,0.018240
617,27,358000000,27.358000000,167.62645983050237,-26.62567202220239,-112.68772248255264,0.007326846032646793,0.4795634397802781,-0.024423251178612222,0.8771366651526933,1042,1009,968,1003,968,0,0.9594,0.9683,10.1906,24.5256,1.5752,0,True,1.64,True,0.8845704026143928,0.17369421787748526,-0.43285739163671405,0.59,0.0000,0.00,0.0000,0.0000,1.0000,0.0483,0,1009,0,0,0.010983
618,27,391000000,27.391000000,168.2759218819657,-26.482961097199933,-113.43460442475902,0.00791980286949739,0.48149085843808476,-0.02321427877420751,0.8761078285371373,968,921,912,912,912,0,0.9902,0.9514,10.8985,20.6104,1.6456,0,True,1.64,True,0.9734558304234983,0.1828114191649763,0.13770886404797913,0.29,0.0000,0.00,0.0000,0.0000,1.0000,0.0557,0,921,0,0,0.035399
619,27,424000000,27.424000000,169.05612993876315,-26.432260863222623,-114.05806643192786,0.008103283300939478,0.4822087514038611,-0.02231721856187888,0.8757345480366384,912,856,848,848,848,0,0.9907,0.9386,11.3468,23.5322,1.6565,0,True,1.64,True,0.9421639366323894,0.09361119458638661,0.32181370504916135,0.14,0.0000,0.00,0.0000,0.0000,1.0000,0.0385,0,856,0,0,0.005360
620,27,457000000,27.457000000,169.48517692280706,-26.459504685600937,-114.96093766284899,0.008310965861350545,0.48561991107586017,-0.02245582053357653,0.8738420715079407,848,809,798,799,798,0,0.9864,0.9540,11.7254,20.0368,1.8190,0,True,1.64,True,0.9928109333482769,-0.00047110616669118787,-0.11969222482309805,0.45,0.0000,0.00,0.0000,0.0000,1.0000,0.0382,0,809,0,0,0.018255
621,27,490000000,27.490000000,170.08048642458832,-26.4205337073758,-115.76348850855605,0.00873022329822435,0.48795419951318847,-0.02213559601689997,0.872544839975335,798,746,741,741,741,0,0.9933,0.9348,12.1232,28.7313,1.6632,0,True,1.64,True,0.994147158972789,0.07294153968816794,0.07969289864380237,0.31,0.0000,0.00,0.0000,0.0000,1.0000,0.0427,0,746,0,0,0.020338
622,27,523000000,27.523000000,169.22207236400703,-26.33363118868877,-116.26903104172429,0.009344261930349818,0.4986991102758933,-0.021818551730515088,0.8664501330021204,741,699,686,686,686,0,0.9814,0.9433,12.3987,22.3118,1.8023,0,True,1.64,True,-0.02073687905755842,0.04955011272749154,-0.9985563420136316,1.42,0.0000,0.00,0.0000,0.0000,1.0000,0.0344,0,699,0,0,0.028825
623,27,556000000,27.556000000,169.68817686336902,-26.247802631855212,-117.14958771480467,0.009861181549546775,0.5018702788138668,-0.021259916816170503,0.864625350240616,686,642,635,635,635,0,0.9891,0.9359,12.4631,26.2541,1.8803,0,True,1.64,True,0.9927068393429179,0.11260295901654847,-0.04305467155270942,0.43,0.0000,0.00,0.0000,0.0000,1.0000,0.0449,0,642,0,0,0.022845
624,27,589000000,27.589000000,170.20508621458006,-26.32127208528373,-118.00246927870641,0.009642018847621793,0.5042878445784563,-0.021202524791083865,0.8632214398550584,635,572,564,564,564,0,0.9860,0.9008,12.4928,26.8847,1.8557,0,True,1.64,True,0.9985630696598569,-0.04561254196785601,0.028129911601609166,0.32,0.0000,0.00,0.0000,0.0000,1.0000,0.0331,0,572,0,0,0.017032
625,27,622000000,27.622000000,170.84025267045553,-26.555980596408865,-118.73831945920244,0.008850211931517981,0.5063322318339558,-0.021920694343267412,0.8620144012221151,564,518,505,505,505,0,0.9749,0.9184,12.4052,29.0210,2.0001,0,True,1.64,True,0.9588006407166667,-0.20154037711841308,0.20020691234889226,0.30,0.0000,0.00,0.0000,0.0000,1.0000,0.0358,0,518,0,0,0.010153
626,27,655000000,27.655000000,171.28927347784122,-26.52152677878605,-119.63117625006305,0.009209842078032077,0.5091312514280437,-0.02169225775300068,0.8603661973728334,505,461,454,454,454,0,0.9848,0.9129,12.1407,24.0979,1.9475,0,True,1.64,True,0.9971120910855655,0.06160560247189746,-0.044409768689393954,0.38,0.0000,0.00,0.0000,0.0000,1.0000,0.0303,0,461,0,0,0.022367
627,27,688000000,27.688000000,171.99322596145777,-26.60236622315413,-120.33680780055124,0.009193169770451187,0.5092811725996229,-0.022250700202871773,0.8602633778126363,454,410,407,407,407,0,0.9927,0.9031,11.7809,20.1472,1.8542,0,True,1.64,True,0.9590704380394426,-0.04346816511005507,0.2798113891549031,0.07,0.0000,0.00,0.0000,0.0000,1.0000,0.0375,0,410,0,0,0.020591
628,27,721000000,27.721000000,171.76324569211042,-26.517196931241273,-121.30626912903524,0.010454725786613736,0.5143707752665783,-0.021947237111868155,0.8572232632421624,407,373,342,364,342,0,0.9169,0.9165,11.3209,28.5362,1.9810,0,True,1.64,True,0.7369527043215444,0.0807502956493382,-0.6711036442649577,0.70,0.0000,0.00,0.0000,0.0000,1.0000,0.0437,0,373,0,0,0.019483
629,27,754000000,27.754000000,171.97439918544006,-26.190528016433493,-122.22751916151991,0.011829083864164043,0.5174731673469843,-0.021425717799122643,0.8553493628147547,342,315,311,311,311,0,0.9873,0.9211,10.6443,16.8690,2.0392,0,True,1.64,True,0.9032763537266708,0.34078642007989557,-0.26068456933117345,0.45,0.0000,0.00,0.0000,0.0000,1.0000,0.0303,0,315,0,0,0.017386
630,27,787000000,27.787000000,172.20329128713286,-26.33297419795804,-123.19049241719824,0.01154372429832988,0.5200492386741612,-0.02183477107418535,0.8537791134455606,311,281,277,277,277,0,0.9858,0.9035,10.0678,18.5843,1.8885,0,True,1.64,True,0.9625256047460531,-0.1292170657126433,-0.23842694926719032,0.35,0.0000,0.00,0.0000,0.0000,1.0000,0.0300,0,281,0,0,0.014418
631,27,820000000,27.820000000,173.11902837575528,-26.320130054294765,-123.59206509118751,0.011275048402441857,0.5109955670070865,-0.019362022483605235,0.8592912869731505,277,257,254,254,254,0,0.9883,0.9278,9.2863,15.4284,1.9338,0,True,1.64,True,0.7760195792000704,0.05917005244489486,0.6279271594634319,1.25,0.0000,0.00,0.0000,0.0000,1.0000,0.0273,0,257,0,0,0.009539
632,27,853000000,27.853000000,173.52057830885315,-26.395086980113145,-124.50482963393715,0.011142238710408873,0.5121185610266136,-0.019687540218976722,0.8586168125122388,254,232,228,228,228,0,0.9828,0.9134,8.6499,19.2326,2.0177,0,True,1.64,True,0.9951542051253903,-0.056518054209692026,-0.08046003709670418,0.16,0.0000,0.00,0.0000,0.0000,1.0000,0.0760,0,232,0,0,0.038365
633,27,886000000,27.886000000,173.93782364107514,-26.40253645048547,-125.4135929904443,0.011218336300076135,0.5127565633423031,-0.019652284932236672,0.8582357737690682,228,211,207,208,207,0,0.9810,0.9254,7.7013,17.0621,1.9795,0,True,1.64,True,0.9978206006478635,0.012362983497581043,-0.06481670742775485,0.09,0.0000,0.00,0.0000,0.0000,1.0000,0.0305,0,211,0,0,0.013828
634,27,919000000,27.919000000,173.72104984079877,-26.797388492777053,-126.30639811151603,0.00940581985959556,0.5156809452310174,-0.020084532461085047,0.8564936105040322,207,189,146,187,146,0,0.7725,0.9130,6.6902,12.0347,1.6758,0,True,1.64,True,0.6923385248943756,-0.40345240031051366,-0.5982420309797407,0.44,0.0000,0.00,0.0000,0.0000,1.0000,0.0192,0,189,0,0,0.008586
635,27,952000000,27.952000000,173.71394897943844,-26.671561301610087,-127.29842487311622,0.009917757949557387,0.5173895762741295,-0.019844260442965427,0.8554623719180187,146,139,138,139,138,0,0.9928,0.9521,5.6981,10.9267,1.7265,0,True,1.64,True,0.8702595648768304,0.12995590332137347,-0.4751418240192245,0.24,0.0000,0.00,0.0000,0.0000,1.0000,0.0173,0,139,0,0,0.007703
636,27,985000000,27.985000000,172.82252714693328,-26.5532687661212,-127.73588800594082,0.010619082249247163,0.5236387756977763,-0.01983111859023042,0.8516433493037904,138,130,129,129,129,0,0.9923,0.9420,4.9879,9.6165,1.8165,0,True,1.64,True,-0.02884813248623035,0.08032207226568056,-0.9963514189075076,0.84,0.0000,0.00,0.0000,0.0000,1.0000,0.0781,0,130,0,0,0.022226
637,28,18000000,28.018000000,173.3293848685755,-26.48791715396498,-128.59543696719913,0.010999306659899165,0.5221915364447972,-0.01960014160932839,0.8525320222533097,129,121,121,121,121,0,1.0000,0.9380,4.4423,8.6939,1.9935,0,True,1.64,True,0.9940198015756891,0.09034772733751806,0.06133451100622949,0.20,0.0000,0.00,0.0000,0.0000,1.0000,0.0375,0,121,0,0,0.018996
638,28,51000000,28.051000000,172.37834952934566,-26.477077514031127,-128.90432899646189,0.010649163573894551,0.5290888706610988,-0.018737524814072634,0.8482926779252438,121,116,115,115,115,0,0.9914,0.9587,4.1021,11.1291,2.1733,0,True,1.64,True,-0.15671673501365865,-0.03134952769548571,-0.987145922384289,0.93,0.0000,0.00,0.0000,0.0000,1.0000,0.0365,0,116,0,0,0.023868
639,28,84000000,28.084000000,172.12522415065712,-26.54246914197516,-129.86954994404778,0.010171172766295478,0.5303760650539545,-0.01872961709810415,0.8474945299562706,115,109,103,108,103,0,0.9450,0.9478,3.4813,8.1630,2.0777,0,True,1.64,True,0.7569219997407279,-0.07453089178551159,-0.6492412744720978,0.18,0.0000,0.00,0.0000,0.0000,1.0000,0.0171,0,109,0,0,0.013381
640,28,117000000,28.117000000,171.32538821680458,-26.497611281978728,-130.4680900440534,0.01026848107396467,0.5339875650277307,-0.01855346736770508,0.8452263646744723,103,97,96,97,96,0,0.9897,0.9417,3.0068,9.1316,1.7078,0,True,1.64,True,0.18807545373230322,0.012368250738526225,-0.9820767027463065,0.49,0.0000,0.00,0.0000,0.0000,1.0000,0.0144,0,97,0,0,0.007387
641,28,150000000,28.150000000,171.32538821680458,-26.497611281978728,-130.4680900440534,0.01026848107396467,0.5339875650277307,-0.01855346736770508,0.8452263646744723,2000,0,0,0,0,0,0.0000,0.0000,0.0000,0.0000,0.0000,1,True,3.28,True,0.0,0.0,0.0,0.00,0.0000,0.00,0.0000,0.0000,1.0000,0.0506,0,2000,0,0,0.026538
642,28,183000000,28.183000000,171.65790552195676,-26.43668879313057,-131.40921739575822,0.010408472608940803,0.5323012682426451,-0.01826174166015211,0.8462939987479282,2000,1954,1715,1954,1715,0,0.8777,0.9770,2.1327,16.2822,3.4280,0,True,3.28,True,0.9913120799254722,0.07725488979648129,-0.10645206525177249,0.23,0.0000,0.00,0.0000,0.0000,1.0000,0.0447,0,1954,0,0,0.023101
643,28,216000000,28.216000000,172.2214750262756,-26.399946798467827,-132.23446853306737,0.010664453213068893,0.529517691477704,-0.01847303129488798,0.8480306780798484,1715,1714,1696,1713,1696,0,0.9895,0.9994,2.0830,6.8757,1.5352,0,True,3.28,True,0.986933817076584,0.06187954436055812,0.14877016737361462,0.38,0.0000,0.00,0.0000,0.0000,1.0000,0.0241,0,1714,0,0,0.012153
644,28,249000000,28.249000000,172.60734645241527,-26.412140861587236,-133.15694050950546,0.010676940248832626,0.5275619072456839,-0.018719052875348377,0.8492432125308211,1696,1694,1562,1694,1562,0,0.9221,0.9988,2.0801,10.3531,1.5352,0,True,3.28,True,0.9982946736334839,0.005626561042991167,-0.058104099733544703,0.27,0.0000,0.00,0.0000,0.0000,1.0000,0.0281,0,1694,0,0,0.006378
645,28,282000000,28.282000000,173.05039786629357,-26.372593941191987,-134.05256402736757,0.010834830192525489,0.5255146264852611,-0.01859698757345507,0.8505122784874705,1562,1554,1547,1554,1547,0,0.9955,0.9949,2.0376,8.1561,1.2167,0,True,3.28,True,0.9981950430811429,0.06003536295872158,-0.0015527918887290326,0.28,0.0000,0.00,0.0000,0.0000,1.0000,0.0292,0,1554,0,0,0.021067
646,28,315000000,28.315000000,172.22802425556128,-26.321486199510204,-134.61921175136484,0.010840767383344769,0.5291116413003759,-0.018243620962686717,0.8482868141714406,1547,1537,1536,1536,1536,0,0.9993,0.9935,2.1690,32.5247,1.2014,0,True,3.28,True,0.13814540603432712,0.01631270606434918,-0.990277608760528,0.49,0.0000,0.00,0.0000,0.0000,1.0000,0.0254,0,1537,0,0,0.014925
647,28,348000000,28.348000000,172.63723819657383,-26.501082765894477,-135.51380049700384,0.010393579865454888,0.5277383680546885,-0.018880153287674065,0.8491335161165106,1536,1524,1462,1521,1462,0,0.9593,0.9922,2.4125,10.4601,1.2967,0,True,3.28,True,0.9867191409234237,-0.16125712116375762,-0.019531456917444415,0.21,0.0000,0.00,0.0000,0.0000,1.0000,0.0419,0,1524,0,0,0.023490
648,28,381000000,28.381000000,173.07735625351881,-26.536950498534974,-136.4110237700559,0.010354291147340332,0.5265929142916047,-0.018954691271595714,0.8498431684443366,1462,1440,1439,1439,1439,0,0.9993,0.9850,2.7984,12.7542,1.2303,0,True,3.28,True,0.9998883661495247,-0.014851975141778474,-0.0016352593745646053,0.15,0.0000,0.00,0.0000,0.0000,1.0000,0.0239,0,1440,0,0,0.014012
649,28,414000000,28.414000000,173.70577172160299,-26.425914827639275,-137.18093615420185,0.010915774751599633,0.5245656862967624,-0.01873183635421192,0.8510938872582613,1439,1418,1415,1415,1415,0,0.9979,0.9854,3.2399,8.3285,1.1608,0,True,3.28,True,0.9664849076628088,0.13985051438256912,0.2152876143370601,0.28,0.0000,0.00,0.0000,0.0000,1.0000,0.0259,0,1418,0,0,0.008633
650,28,447000000,28.447000000,173.98191864744192,-26.231358580822807,-138.12215384537345,0.011541601739988836,0.5248391270050541,-0.018094426883585254,0.8509308279229297,1415,1391,1383,1385,1383,0,0.9942,0.9830,3.7511,15.9367,1.1752,0,True,3.28,True,0.9608104636299492,0.20734925632813675,-0.1839824417692373,0.11,0.0000,0.00,0.0000,0.0000,1.0000,0.0233,0,1391,0,0,0.013109
651,28,480000000,28.480000000,174.5074793518387,-26.309018770944355,-138.96935797712933,0.011258967651511895,0.5240864483461526,-0.018064756482668982,0.8513990221280263,1383,1372,1366,1366,1366,0,0.9956,0.9920,4.2640,14.0815,1.2796,0,True,3.28,True,0.9942090047992588,-0.05558700463290075,0.09197031962546015,0.11,0.0000,0.00,0.0000,0.0000,1.0000,0.0220,0,1372,0,0,0.022009
652,28,513000000,28.513000000,174.92676717104578,-26.3619164245144,-139.875668940823,0.011205709655817268,0.5241880299800645,-0.018214794927136506,0.8513339900077354,1366,1346,1339,1339,1339,0,0.9948,0.9854,4.7932,13.1617,1.2562,0,True,3.28,True,0.9988610400250765,-0.03521857748260229,-0.03219121805903671,0.02,0.0000,0.00,0.0000,0.0000,1.0000,0.0145,0,1346,0,0,0.009226
653,28,546000000,28.546000000,175.30389832470036,-26.348800824192068,-140.80173593298468,0.011400964870128446,0.5248011928884814,-0.01823461488654982,0.850953127241916,1339,1307,1304,1304,1304,0,0.9977,0.9761,5.3442,25.2713,1.3231,0,True,1.64,True,0.9962868950143703,0.02924545764617916,-0.08097608307204487,0.09,0.0000,0.00,0.0000,0.0000,1.0000,0.0180,0,1307,0,0,0.011801
654,28,579000000,28.579000000,175.57943902550406,-26.409589675103835,-141.7611013679496,0.011380078844037342,0.5261052934034673,-0.018471423390432486,0.8501426471929794,1304,1272,1267,1267,1267,0,0.9961,0.9755,5.9069,17.6146,1.3535,0,True,1.64,True,0.982007792740397,-0.04913788900400612,-0.18233530338736845,0.18,0.0000,0.00,0.0000,0.0000,1.0000,0.0357,0,1272,0,0,0.021999
655,28,612000000,28.612000000,176.06525339672555,-26.362338955863578,-142.63388528522006,0.01168339311078272,0.5267950571311546,-0.01833432379400252,0.8497142570762356,1267,1227,1221,1221,1221,0,0.9951,0.9684,6.4415,19.2127,1.2822,0,True,1.64,True,0.9967282056167458,0.06835676533418576,0.04313046210127222,0.10,0.0000,0.00,0.0000,0.0000,1.0000,0.0214,0,1227,0,0,0.019693
656,28,645000000,28.645000000,176.45975921130028,-26.27960606380543,-143.54904670859761,0.012115344185256009,0.5282401444686102,-0.018171582649472412,0.8488140914187675,1221,1183,1180,1180,1180,0,0.9975,0.9689,6.9827,16.0404,1.3434,0,True,1.64,True,0.9934110286621489,0.09931025250428757,-0.05720141501698886,0.20,0.0000,0.00,0.0000,0.0000,1.0000,0.0295,0,1183,0,0,0.024153
657,28,678000000,28.678000000,176.99301590341858,-26.266888521274886,-144.3949045952565,0.012347713451559725,0.5292533935275985,-0.018182866207694583,0.8481790865073909,1180,1145,1137,1137,1137,0,0.9930,0.9703,7.5584,23.1703,1.3521,0,True,1.64,True,0.993977625752882,0.034822768185074245,0.10390310062068464,0.14,0.0000,0.00,0.0000,0.0000,1.0000,0.0184,0,1145,0,0,0.016237
658,28,711000000,28.711000000,177.48164166386138,-26.294647685513446,-145.26695636839412,0.012470829184388839,0.5307280579708397,-0.018308573855243915,0.8472526205479343,1137,1100,1092,1092,1092,0,0.9927,0.9675,8.1065,20.8106,1.3868,0,True,1.64,True,0.9983815306869406,-0.007756460356117495,0.056339653051342635,0.20,0.0000,0.00,0.0000,0.0000,1.0000,0.0145,0,1100,0,0,0.010418
659,28,744000000,28.744000000,178.17651344137133,-26.3588566823324,-145.98321778543936,0.012679015189467338,0.5311254032306096,-0.018916297662377957,0.8469871441171324,1092,1060,1054,1054,1054,0,0.9943,0.9707,8.6116,17.0931,1.4966,0,True,1.64,True,0.9485721273236093,-0.03460642213049221,0.3146638123650201,0.09,0.0000,0.00,0.0000,0.0000,1.0000,0.0129,0,1060,0,0,0.018680
660,28,777000000,28.777000000,178.33877314701772,-26.40332657985363,-146.96896329830665,0.012542928956637682,0.5344226957646114,-0.018604640974287077,0.8449194781274085,1054,1001,993,995,993,0,0.9920,0.9497,9.0781,19.8807,1.4177,0,True,1.64,True,0.9587852648343195,-0.038403352502426644,-0.28152441892872876,0.45,0.0000,0.00,0.0000,0.0000,1.0000,0.0070,0,1001,0,0,0.009255
661,28,810000000,28.810000000,179.00336181368522,-26.551341204423732,-147.7013659027876,0.012417487290302832,0.5355722707170651,-0.01936462740090807,0.8441760243302258,993,951,948,948,948,0,0.9968,0.9577,9.5464,18.5140,1.4158,0,True,1.64,True,0.9489405195189345,-0.11902138947906857,0.29214003365099867,0.18,0.0000,0.00,0.0000,0.0000,1.0000,0.0143,0,951,0,0,0.022381
662,28,843000000,28.843000000,178.1268344292959,-26.46664578039961,-148.17520810180005,0.01283117827956645,0.5436830206397225,-0.0190660645868747,0.8389759347640396,948,900,893,893,893,0,0.9922,0.9494,9.9374,16.8640,1.4718,0,True,1.64,True,0.05402194660712824,0.04418414456422605,-0.9975617227289268,1.11,0.0000,0.00,0.0000,0.0000,1.0000,0.0032,0,900,0,0,0.012224
663,28,876000000,28.876000000,178.11359614489,-26.62036455975735,-149.1632340552541,0.012456376138888331,0.5478101416645476,-0.019349724320697495,0.8362861206259901,893,831,810,823,810,0,0.9747,0.9306,10.2593,30.6927,1.5153,0,True,1.64,True,0.89920438197794,-0.15495337583306779,-0.40917102872711647,0.57,0.0000,0.00,0.0000,0.0000,1.0000,0.0035,0,831,0,0,0.015332
664,28,909000000,28.909000000,177.29954264481438,-26.521252319547397,-149.7355046755511,0.012814778948165672,0.5552665879823355,-0.01894799719515933,0.8313577876662112,810,770,766,766,766,0,0.9948,0.9506,10.5490,21.7178,1.5102,0,True,1.64,True,0.19790936886069382,0.06176094491078464,-0.9782726958271344,1.03,0.0000,0.00,0.0000,0.0000,1.0000,0.0010,0,770,0,0,0.025449
665,28,942000000,28.942000000,177.6353940273819,-26.494040172617865,-150.677026501048,0.013039871012264571,0.5583382637608513,-0.018886873178509317,0.8292958645779204,766,723,702,715,702,0,0.9710,0.9439,10.9033,41.4396,1.5230,0,True,1.64,True,0.9977577425304681,0.04229483276892,-0.051871324848639794,0.42,0.0000,0.00,0.0000,0.0000,1.0000,0.0046,0,723,0,0,0.007295
666,28,975000000,28.975000000,177.615377075416,-26.46791832507512,-151.67648483970697,0.013273823480470945,0.5626867082201379,-0.01912277508291624,0.8263424190223584,702,659,644,651,644,0,0.9772,0.9387,11.1539,24.9209,1.5128,0,True,1.64,True,0.9180855643051726,0.024638808374558188,-0.395615755166973,0.60,0.0000,0.00,0.0000,0.0000,1.0000,0.0057,0,659,0,0,0.015921
667,29,8000000,29.008000000,177.82253932844404,-26.430031725296587,-152.65405755131343,0.01351031757821845,0.5662906369379106,-0.019152204413735212,0.8238723074005375,644,609,602,602,602,0,0.9885,0.9457,11.3161,19.1505,1.5832,0,True,1.64,True,0.9847813754584267,0.04707944318043235,-0.16729963711864274,0.50,0.0000,0.00,0.0000,0.0000,1.0000,0.0061,0,609,0,0,0.016346
668,29,41000000,29.041000000,177.703820586301,-26.32251890376526,-153.6411476452108,0.013742700324211998,0.5707783796595922,-0.01919723073123426,0.8207646714090593,602,557,544,552,544,0,0.9767,0.9252,11.3375,18.4449,1.5756,0,True,1.64,True,0.8773301466470018,0.10126883773028215,-0.4690804155889561,0.63,0.0000,0.00,0.0000,0.0000,1.0000,0.0089,0,557,0,0,0.011564
669,29,74000000,29.074000000,178.14455710715,-26.303624572738848,-154.53858528841783,0.013901607969300312,0.5732967143056675,-0.019123069335453644,0.8190066732825717,544,503,497,497,497,0,0.9881,0.9246,11.3466,17.8716,1.6729,0,True,1.64,True,0.9942666085025293,0.039098189206915344,0.09952508637332795,0.35,0.0000,0.00,0.0000,0.0000,1.0000,0.0094,0,503,0,0,0.026274
670,29,107000000,29.107000000,178.32332397572466,-26.528775954201834,-155.49636880368908,0.013408331349642097,0.5769156491032525,-0.019775236508606842,0.8164542182457138,497,450,441,441,441,0,0.9800,0.9054,11.3334,23.9708,1.7445,0,True,1.64,True,0.9645224001714345,-0.21725954418388646,-0.14998276577175446,0.52,0.0000,0.00,0.0000,0.0000,1.0000,0.0061,0,450,0,0,0.009969
671,29,140000000,29.140000000,177.9644038033415,-26.83299999478229,-156.37876556421654,0.012908487285847321,0.5816903405367677,-0.020105666876257748,0.8130593341458368,441,408,388,404,388,0,0.9510,0.9252,11.0794,17.6586,1.8947,0,True,1.64,True,0.7171278412401173,-0.32020529844297657,-0.6190284534392048,0.67,0.0000,0.00,0.0000,0.0000,1.0000,0.0090,0,408,0,0,0.015071
672,29,173000000,29.173000000,178.2867676151471,-27.030153709964136,-157.3046229967774,0.012423123567909242,0.5843998746617595,-0.020519297316821804,0.811111219829784,388,343,340,340,340,0,0.9913,0.8840,10.7637,25.1304,1.7732,0,True,1.64,True,0.983682658789524,-0.17932621346491268,0.014509857377301824,0.39,0.0000,0.00,0.0000,0.0000,1.0000,0.0060,0,343,0,0,0.011130
673,29,206000000,29.206000000,178.49689695775027,-26.925801187636083,-158.2767115783691,0.012781782057630323,0.5873308569545426,-0.020483145774270146,0.8089867311987657,340,310,307,307,307,0,0.9903,0.9118,10.3354,15.3370,1.9385,0,True,1.64,True,0.9865273660052032,0.11800107612627386,-0.11331152702120492,0.42,0.0000,0.00,0.0000,0.0000,1.0000,0.0078,0,310,0,0,0.019617
674,29,239000000,29.239000000,178.55864907784266,-26.47527631775446,-159.16733721087817,0.013827567212773138,0.590659177303059,-0.01984187589352204,0.8065586368105395,307,272,264,267,264,0,0.9706,0.8860,9.8989,22.9565,1.9591,0,True,1.64,True,0.8577451476206704,0.45598379716033877,-0.2373858430076093,0.49,0.0000,0.00,0.0000,0.0000,1.0000,0.0016,0,272,0,0,0.007172
675,29,272000000,29.272000000,178.98548968626045,-26.43164790298751,-160.07061106549287,0.013976910993082355,0.5923438375312902,-0.019821563599526675,0.8053201411328701,264,238,234,234,234,0,0.9832,0.9015,9.3166,18.9284,1.9497,0,True,1.64,True,0.9891271861685581,0.06523610934504977,0.1318015918712336,0.24,0.0000,0.00,0.0000,0.0000,1.0000,0.0011,0,238,0,0,0.017773
676,29,305000000,29.305000000,178.64328809938962,-26.061209320257287,-160.93413485229198,0.014857445348900211,0.5957085067001932,-0.01957631445035134,0.80282463793488,234,205,180,202,180,0,0.8780,0.8761,8.5379,14.0236,2.1355,0,True,1.64,True,0.716837904219479,0.35424969394841915,-0.6005418997969055,0.49,0.0000,0.00,0.0000,0.0000,1.0000,0.0082,0,205,0,0,0.013434
677,29,338000000,29.338000000,178.2478098422775,-26.2865444208257,-161.82453983913973,0.013593644813106176,0.598809708865598,-0.019901603513540613,0.8005286200796213,180,163,129,159,129,0,0.7914,0.9056,7.8358,14.9064,2.6505,0,True,1.64,True,0.7407940282847321,-0.2449683338879682,-0.6254716005142299,0.47,0.0000,0.00,0.0000,0.0000,1.0000,0.0117,0,163,0,0,0.006701
678,29,371000000,29.371000000,177.9101391576384,-25.810771018983843,-162.63670865092405,0.014412285594192465,0.6015210936074645,-0.020017405667430644,0.7984760255884811,129,110,98,107,98,0,0.8909,0.8527,6.8001,13.5566,2.4092,0,True,1.64,True,0.6764306922212164,0.4606454648041893,-0.574671449070213,0.40,0.0000,0.00,0.0000,0.0000,1.0000,0.0138,0,110,0,0,0.009099
679,29,404000000,29.404000000,177.9101391576384,-25.810771018983843,-162.63670865092405,0.014412285594192465,0.6015210936074645,-0.020017405667430644,0.7984760255884811,2000,0,0,0,0,0,0.0000,0.0000,0.0000,0.0000,0.0000,1,True,3.28,True,0.0,0.0,0.0,0.00,0.0000,0.00,0.0000,0.0000,1.0000,0.0308,0,2000,0,0,0.012173
680,29,437000000,29.437000000,178.0167253203743,-25.43254260648647,-163.55626433596598,0.01480635352147571,0.6024340674624102,-0.019423379799481638,0.7977948975603055,2000,1905,1617,1824,1617,0,0.8488,0.9525,22.7979,1118.4152,4.3795,0,True,3.28,True,0.9076923742267139,0.3840037486650645,-0.1692207870855393,0.15,0.0000,0.00,0.0000,0.0000,1.0000,0.0475,0,1905,0,0,0.010832
681,29,470000000,29.470000000,178.15188309332996,-25.233746526682676,-164.52694064404417,0.014857040842007958,0.6030582479562261,-0.01892517808071792,0.7973342182196868,1617,1613,1566,1612,1566,0,0.9709,0.9975,2.8006,6.8494,1.8986,0,True,3.28,True,0.9679453854894552,0.20494312996138675,-0.1451896834878432,0.11,0.0000,0.00,0.0000,0.0000,1.0000,0.0493,0,1613,0,0,0.007895
682,29,503000000,29.503000000,178.47671215752794,-25.255560674297183,-165.47246178183863,0.01459600019325502,0.6029555642793712,-0.01908363442362152,0.7974129163614602,1566,1555,1349,1552,1349,0,0.8675,0.9930,1.9955,8.6608,1.8662,0,True,3.28,True,0.9984151837948716,-0.006983935051411954,0.05584214733559567,0.04,0.0000,0.00,0.0000,0.0000,1.0000,0.0824,0,1555,0,0,0.009415
683,29,536000000,29.536000000,179.30521538317078,-25.33115776824821,-166.02731985782347,0.013653139219371299,0.5991216864030521,-0.018031425254963023,0.800338468633299,1349,1340,1340,1340,1340,0,1.0000,0.9933,1.3610,8.6928,1.4776,0,True,3.28,True,0.7603219732464412,-0.035858369943614854,0.6485558374601409,0.58,0.0000,0.00,0.0000,0.0000,1.0000,0.0562,0,1340,0,0,0.004936
684,29,569000000,29.569000000,178.5682172382326,-25.960778693631948,-166.27310680759217,0.013058217087619563,0.5998327962530001,-0.018363700818552705,0.7998080232143501,1340,1334,1334,1334,1334,0,1.0000,0.9955,0.7615,2.3359,1.1208,0,True,3.28,True,0.03627007515166312,-0.662366512882772,-0.7483014661618735,0.13,0.0000,0.00,0.0000,0.0000,1.0000,0.0511,0,1334,0,0,0.003800
685,29,602000000,29.602000000,178.2790137007376,-26.164914289330298,-167.2083554229182,0.012385004114455405,0.5994509898390465,-0.01844674288428312,0.8001030184488954,1334,1334,1138,1334,1138,0,0.8531,1.0000,0.9968,2.4966,1.1714,0,True,3.28,True,0.8197222090807764,-0.2158859221405801,-0.530517453587762,0.10,0.0000,0.00,0.0000,0.0000,1.0000,0.1821,0,1334,0,0,0.010054
686,29,635000000,29.635000000,177.28383209362545,-26.22618693024902,-167.28490104552637,0.011567795449707636,0.6006825422389552,-0.018323920573091283,0.7991939085682589,1138,1138,1138,1138,1138,0,1.0000,1.0000,1.6807,2.3002,1.6565,0,True,3.28,True,-0.2049243707871582,-0.1051895149799473,-0.9731090217420506,0.20,0.0000,0.00,0.0000,0.0000,1.0000,0.0951,0,1138,0,0,0.003815
687,29,668000000,29.668000000,176.31394008759813,-25.983074447591765,-167.2705547073005,0.011537848505134899,0.6022627843122398,-0.017033331983389112,0.7980327576521435,1138,1138,1138,1138,1138,0,1.0000,1.0000,2.4788,3.0261,1.5114,0,True,3.28,True,-0.28685099022764043,0.2009479693280228,-0.9366623847621757,0.27,0.0000,0.00,0.0000,0.0000,1.0000,0.0594,0,1138,0,0,0.002056
688,29,701000000,29.701000000,175.32712246596907,-26.115541620033905,-167.17758465907227,0.01055001376258663,0.6030733584171636,-0.01689337041068318,0.7974370417865099,1138,1138,1138,1138,1138,0,1.0000,1.0000,3.2432,3.9216,1.3412,0,True,3.28,True,-0.3580108836103619,-0.17309281625005346,-0.9175331515423044,0.16,0.0000,0.00,0.0000,0.0000,1.0000,0.2000,0,1138,0,0,0.005521
689,29,734000000,29.734000000,175.7091237704283,-25.367394003072718,-167.72012511528425,0.01058839292719015,0.6012580885714334,-0.016476541457626646,0.7988148223738972,1138,1138,331,1138,331,0,0.2909,1.0000,3.9802,4.8401,1.1879,0,True,3.28,True,0.6153032786000664,0.7646331384418662,0.1916716957209673,0.27,0.0000,0.00,0.0000,0.0000,1.0000,0.2316,0,1138,0,0,0.004543
690,29,767000000,29.767000000,175.30645023599337,-25.418647499857748,-168.63403271659467,0.010061125322615607,0.5990851499005873,-0.016339712591042947,0.8004553521079585,331,331,304,331,304,0,0.9184,1.0000,5.0154,5.7225,0.7629,0,True,3.28,True,0.7675910500974661,-0.06429347441872521,-0.6377070871155801,0.32,0.0000,0.00,0.0000,0.0000,1.0000,0.1967,0,331,0,0,0.002170
691,29,800000000,29.800000000,174.93256104993552,-25.86714641341712,-169.44585511163257,0.009184907524515146,0.5966027854100721,-0.016319691256707992,0.8023181548438222,304,304,229,304,229,0,0.7533,1.0000,5.6354,6.4463,0.7365,0,True,3.28,True,0.6798867974159128,-0.45963852153384926,-0.5713898600970363,0.37,0.0000,0.00,0.0000,0.0000,1.0000,0.2201,0,304,0,0,0.003066
692,29,833000000,29.833000000,175.70809387697435,-25.674869607089132,-170.0471690595279,0.008717425466815545,0.5929412960127763,-0.015731652534706084,0.8050448068799939,229,229,229,229,229,0,1.0000,1.0000,6.0116,6.6704,0.7232,0,True,3.28,True,0.7959498695260268,0.22379720026244,0.5624754380025802,0.53,0.0000,0.00,0.0000,0.0000,1.0000,0.1329,0,229,0,0,0.001137
693,29,866000000,29.866000000,174.7333940671763,-25.8981601084164,-170.03708775025314,0.007976015569622455,0.5902312194600585,-0.015477950286220342,0.8070464198577815,229,229,55,229,55,0,0.2402,1.0000,6.3992,7.1347,0.7904,0,True,3.28,True,-0.295128462926168,-0.25795744441734,-0.9199767101620085,0.40,0.0000,0.00,0.0000,0.0000,1.0000,0.1892,0,229,0,0,0.001277
694,29,899000000,29.899000000,174.7333940671763,-25.8981601084164,-170.03708775025314,0.007976015569622455,0.5902312194600585,-0.015477950286220342,0.8070464198577815,2000,0,0,0,0,0,0.0000,0.0000,0.0000,0.0000,0.0000,1,True,4.92,True,0.0,0.0,0.0,0.00,0.0000,0.00,0.0000,0.0000,1.0000,0.2684,0,2000,0,0,0.001149
695,29,932000000,29.932000000,174.92380903379274,-25.180952153977984,-170.7074271348776,0.007786359822942222,0.5867880327127388,-0.015442717190742606,0.8095558657384851,2000,2000,1103,1999,1103,0,0.5515,1.0000,6.2588,18.2056,3.3029,0,True,4.92,True,0.6852775871082935,0.7269408966279324,-0.04417648035791179,0.49,0.0000,0.00,0.0000,0.0000,1.0000,0.1850,0,2000,0,0,0.000931
696,29,965000000,29.965000000,174.80483520862103,-24.571153237873734,-171.49100260082972,0.007460176604210106,0.5833542658149422,-0.01538287415084282,0.8120378768896209,1103,1103,140,1103,140,0,0.1269,1.0000,6.8602,8.8656,1.4112,0,True,4.92,True,0.6979824791378397,0.6096945711099315,-0.37562346675317265,0.49,0.0000,0.00,0.0000,0.0000,1.0000,0.2286,0,1103,0,0,0.000529
697,29,998000000,29.998000000,174.6943871338459,-23.923524711136636,-172.24491142431884,0.0071470943985559076,0.5799525159850424,-0.015442932370083184,0.8144725373418618,140,140,28,140,28,0,0.2000,1.0000,7.3311,8.9376,0.8807,0,True,4.92,True,0.668667770902341,0.6479256701475375,-0.3647954743693498,0.48,0.0000,0.00,0.0000,0.0000,1.0000,0.1666,0,140,0,0,0.001073
698,30,31000000,30.031000000,174.6943871338459,-23.923524711136636,-172.24491142431884,0.0071470943985559076,0.5799525159850424,-0.015442932370083184,0.8144725373418618,2000,0,0,0,0,0,0.0000,0.0000,0.0000,0.0000,0.0000,1,True,6.56,True,0.0,0.0,0.0,0.00,0.0000,0.00,0.0000,0.0000,1.0000,0.1937,0,2000,0,0,0.000486
699,30,64000000,30.064000000,174.85913760085774,-23.77295516658901,-173.21968631929414,0.006728208158049413,0.576461008708025,-0.01573411022731287,0.8169454537664452,2000,1872,530,1871,530,0,0.2831,0.9360,6.3419,12.1249,3.3939,0,True,6.56,True,0.9724019955839103,0.16210447642246312,-0.16779898005717458,0.49,0.0000,0.00,0.0000,0.0000,1.0000,0.2113,0,1872,0,0,0.001628
700,30,97000000,30.097000000,174.66358412187822,-24.455241965735894,-172.51524074966588,0.006331388323085349,0.573095568072246,-0.015787723401456503,0.819311986466481,530,530,164,530,164,0,0.3094,1.0000,5.7117,16.5751,4.5309,0,True,6.56,True,-0.7168898183367147,-0.6934660944711567,0.07192888282236155,0.47,0.0000,0.00,0.0000,0.0000,1.0000,0.1538,0,530,0,0,0.000953
701,30,130000000,30.130000000,173.87827923058765,-23.940452639788514,-172.17131026598386,0.007906291092995035,0.5743594153725005,-0.008418392824139831,0.8185217670876999,164,164,164,164,164,0,1.0000,1.0000,4.3279,5.7257,8.3505,0,True,6.56,True,-0.601696295845971,0.4858210553733423,-0.6339869633684668,0.88,0.0000,0.00,0.0000,0.0000,1.0000,0.1652,0,164,0,0,0.000841
702,30,163000000,30.163000000,174.17403608469903,-23.293434718774485,-171.46853313692174,0.013088299890183194,0.5695458207913328,-0.005580261492164188,0.8218364284374299,164,164,164,164,164,0,1.0000,1.0000,4.0577,5.4662,5.1315,0,True,4.92,True,-0.563339931770123,0.655907217548575,0.5024279483079336,0.95,0.0000,0.00,0.0000,0.0000,1.0000,0.1859,0,164,0,0,0.000758
703,30,196000000,30.196000000,174.59786960378665,-24.05899411382594,-171.9525620211283,0.011140878526224817,0.5657603411206122,-0.008098718987937811,0.824454685226245,164,164,163,163,163,0,0.9939,1.0000,3.8345,14.8801,9.1321,0,True,4.92,True,0.5976399683580002,-0.7623793009767847,0.24820207425240778,0.64,0.0000,0.00,0.0000,0.0000,1.0000,0.1799,0,164,0,0,0.001344
704,30,229000000,30.229000000,175.49083739473332,-24.507137785667233,-171.99470195136578,0.010937640417131148,0.5613886223704196,-0.010007374145599305,0.8274195037330567,163,163,163,163,163,0,1.0000,1.0000,3.4246,4.5195,8.7517,0,True,4.92,True,0.3608544791529035,-0.42517998512176364,0.8300638681012102,0.64,0.0000,0.00,0.0000,0.0000,1.0000,0.1245,0,163,0,0,0.001583
705,30,262000000,30.262000000,175.77795374146737,-24.028921915574834,-172.82468615906484,0.010857706841017414,0.5591056730630822,-0.010444587246926214,0.8289595087506226,163,163,116,163,116,0,0.7117,1.0000,3.0556,4.0454,3.8415,0,True,4.92,True,0.8752819773808628,0.4805894282743636,-0.05399316163336716,0.32,0.0000,0.00,0.0000,0.0000,1.0000,0.1312,0,163,0,0,0.000512
706,30,295000000,30.295000000,175.64353999714652,-24.819948929103745,-172.22785351149506,0.012087089874405408,0.5582679576074375,-0.012127506748015942,0.829484004274504,116,116,107,116,107,0,0.9224,1.0000,2.6722,3.4319,8.6035,0,True,4.92,True,-0.5996260936037462,-0.7908542700132256,0.12246661370087643,0.26,0.0000,0.00,0.0000,0.0000,1.0000,0.1243,0,116,0,0,0.000565
707,30,328000000,30.328000000,175.7878199440784,-25.686655449462467,-172.7053502177465,-0.005930514535755955,0.5570050218637126,-0.03784325618098081,0.8296252904640546,107,107,107,107,107,0,1.0000,1.0000,2.1484,2.2668,5.8334,0,True,4.92,True,0.5024175755534105,-0.8644575082438949,-0.0170234020039893,3.60,0.0000,0.00,0.0000,0.0000,1.0000,0.0411,0,107,0,0,0.000707
708,30,361000000,30.361000000,176.19080458662083,-25.168846957149825,-173.4599877089725,-0.0061906851912076795,0.5555085138253395,-0.037744923041711044,0.8306306563503428,107,107,15,107,15,0,0.1402,1.0000,1.7620,1.8360,6.8745,0,True,4.92,True,0.8129452793250547,0.5781701804468253,0.06956446841020479,0.21,0.0000,0.00,0.0000,0.0000,1.0000,0.1855,0,107,0,0,0.000909
709,30,394000000,30.394000000,176.19080458662083,-25.168846957149825,-173.4599877089725,-0.0061906851912076795,0.5555085138253395,-0.037744923041711044,0.8306306563503428,2000,0,0,0,0,0,0.0000,0.0000,0.0000,0.0000,0.0000,1,True,6.56,True,0.0,0.0,0.0,0.00,0.0000,0.00,0.0000,0.0000,1.0000,0.1659,0,2000,0,0,0.000496
710,30,427000000,30.427000000,176.2968491499873,-26.09663633793716,-173.1022707601448,-0.006324563164105184,0.5548603552136836,-0.03778508472997905,0.8310609324741937,2000,1875,21,1815,21,0,0.0112,0.9375,5.9645,1133.7588,2.4045,0,True,6.56,True,-0.22509860351927813,-0.9378344297603193,0.2641915991279955,0.09,0.0000,0.00,0.0000,0.0000,1.0000,0.1374,0,1875,0,0,0.000315
711,30,460000000,30.460000000,176.2968491499873,-26.09663633793716,-173.1022707601448,-0.006324563164105184,0.5548603552136836,-0.03778508472997905,0.8310609324741937,2000,0,0,0,0,0,0.0000,0.0000,0.0000,0.0000,0.0000,1,True,8.20,True,0.0,0.0,0.0,0.00,0.0000,0.00,0.0000,0.0000,1.0000,0.0926,0,2000,0,0,0.000201
712,30,493000000,30.493000000,176.05673721733118,-25.283830302140625,-173.6330179767826,-0.006076582746226534,0.5547961127129678,-0.03763699943539394,0.8311123899534938,2000,1988,465,1987,465,0,0.2339,0.9940,0.2562,17.3677,1.7563,0,True,8.20,True,0.340894121258033,0.8248595019062213,-0.4509966742745829,0.03,0.0000,0.00,0.0000,0.0000,1.0000,0.1105,0,1988,0,0,0.000610
713,30,526000000,30.526000000,175.73638921116438,-26.091118911478624,-174.12866125190905,-0.006236501050549944,0.5553274774602773,-0.03776404072184016,0.8307504896541507,465,465,100,465,100,0,0.2151,1.0000,1.0334,1.5435,0.9050,0,True,8.20,True,0.39056651571481893,-0.7971180229012136,-0.46050043905347865,0.08,0.0000,0.00,0.0000,0.0000,1.0000,0.0874,0,465,0,0,0.000558
714,30,559000000,30.559000000,175.73638921116438,-26.091118911478624,-174.12866125190905,-0.006236501050549944,0.5553274774602773,-0.03776404072184016,0.8307504896541507,100,100,1,100,1,0,0.0100,1.0000,1.8326,2.6883,1.2580,1,True,9.84,True,0.0,0.0,0.0,0.00,0.0000,0.00,0.0000,0.0000,1.0000,0.0995,0,100,0,0,0.000803
715,30,592000000,30.592000000,175.91432597847728,-27.0188208441585,-173.80047284422193,-0.006703318676124005,0.5563884288661992,-0.03803670521280827,0.8300242109716335,100,100,99,100,99,0,0.9900,1.0000,2.4850,3.6432,1.3499,0,True,9.84,True,-0.17034098269375827,-0.9322174108429943,0.31930338008876263,0.16,0.0000,0.00,0.0000,0.0000,1.0000,0.1141,0,100,0,0,0.001130
716,30,625000000,30.625000000,175.91432597847728,-27.0188208441585,-173.80047284422193,-0.006703318676124005,0.5563884288661992,-0.03803670521280827,0.8300242109716335,2000,0,0,0,0,0,0.0000,0.0000,0.0000,0.0000,0.0000,1,True,11.48,True,0.0,0.0,0.0,0.00,0.0000,0.00,0.0000,0.0000,1.0000,0.1454,0,2000,0,0,0.001733
717,30,658000000,30.658000000,175.05259217267056,-26.520602474966317,-173.70459112266187,-0.006125803119231839,0.5589577630262709,-0.0380286372592822,0.8283009817916515,2000,1927,1927,1927,1927,0,1.0000,0.9635,2.9812,5.9836,1.5509,0,True,11.48,True,-0.4493954971926313,0.4436223460975696,-0.7753985434251705,0.36,0.0000,0.00,0.0000,0.0000,1.0000,0.0430,0,1927,0,0,0.000569
718,30,691000000,30.691000000,174.23194146800998,-27.07461631370049,-173.84459500629046,-0.006412810974303471,0.5614819865790232,-0.03844470573512928,0.82657054097253,1927,1925,1911,1915,1911,0,0.9927,0.9990,3.4070,9.2132,2.4754,0,True,11.48,True,-0.1372089490989779,-0.5910768242080235,-0.7948596682253486,0.36,0.0000,0.00,0.0000,0.0000,1.0000,0.0961,0,1925,0,0,0.001352
719,30,724000000,30.724000000,173.99800998646157,-26.97507163912396,-174.81173869763316,-0.00617885201797465,0.563620008208739,-0.03853439721777063,0.8251117550765981,1911,1906,390,1903,390,0,0.2046,0.9974,3.7488,17.0754,2.3956,0,True,11.48,True,0.8044506131430369,0.13806596287302753,-0.5777516775481797,0.30,0.0000,0.00,0.0000,0.0000,1.0000,0.1914,0,1906,0,0,0.002932
720,30,757000000,30.757000000,174.2028531081863,-27.608637520283107,-175.5578174935476,-0.006320638367640433,0.5659442874525872,-0.03801587829286153,0.8235422915843674,390,383,32,381,32,0,0.0836,0.9821,4.1674,13.3912,2.2035,0,True,11.48,True,0.8123641266920028,-0.5800214423643261,-0.06032952893522685,0.33,0.0000,0.00,0.0000,0.0000,1.0000,0.1234,0,383,0,0,0.001097
721,30,790000000,30.790000000,174.2028531081863,-27.608637520283107,-175.5578174935476,-0.006320638367640433,0.5659442874525872,-0.03801587829286153,0.8235422915843674,2000,0,0,0,0,0,0.0000,0.0000,0.0000,0.0000,0.0000,1,True,13.11,True,0.0,0.0,0.0,0.00,0.0000,0.00,0.0000,0.0000,1.0000,0.0944,0,2000,0,0,0.002223
722,30,823000000,30.823000000,173.92010357256765,-27.390740101322518,-176.4919338754389,-0.006010631561894003,0.5684779818444367,-0.03812911624671393,0.8217924476171268,2000,1919,389,1860,389,0,0.2027,0.9595,8.3361,339.1442,2.2217,0,True,13.11,True,0.7542857186251201,0.25148811203346727,-0.6064707611946585,0.35,0.0000,0.00,0.0000,0.0000,1.0000,0.0866,0,1919,0,0,0.001630
723,30,856000000,30.856000000,173.91243361045733,-27.642428670506945,-177.45971176102168,-0.006040648110928651,0.5707845917261208,-0.03817773399906973,0.8201895640918273,389,384,291,384,291,0,0.7578,0.9871,4.2284,8.7398,1.7844,0,True,13.11,True,0.9185943894993891,-0.1998518855053908,-0.34094511499680547,0.32,0.0000,0.00,0.0000,0.0000,1.0000,0.0856,0,384,0,0,0.001399
724,30,889000000,30.889000000,173.6790227052115,-27.581143080614005,-178.43015672380102,-0.005759431080044459,0.5732871513264712,-0.03831727454032668,0.8184378153222241,291,287,93,287,93,0,0.3240,0.9863,4.5307,7.9672,0.8441,0,True,13.11,True,0.8232801104674214,0.10000497762182502,-0.558756533885384,0.35,0.0000,0.00,0.0000,0.0000,1.0000,0.1800,0,287,0,0,0.002042
725,30,922000000,30.922000000,173.6790227052115,-27.581143080614005,-178.43015672380102,-0.005759431080044459,0.5732871513264712,-0.03831727454032668,0.8184378153222241,2000,0,0,0,0,0,0.0000,0.0000,0.0000,0.0000,0.0000,1,True,14.75,True,0.0,0.0,0.0,0.00,0.0000,0.00,0.0000,0.0000,1.0000,0.1435,0,2000,0,0,0.002949
726,30,955000000,30.955000000,173.52729503547766,-27.854090623011086,-179.38014533075193,-0.005628192342344483,0.575625806219599,-0.038269601626189746,0.816797828263743,2000,1926,133,1925,133,0,0.0691,0.9630,4.2225,12.5747,2.6776,0,True,14.75,True,0.858422608153196,-0.22995003212742607,-0.4585123864587084,0.33,0.0000,0.00,0.0000,0.0000,1.0000,0.0440,0,1926,0,0,0.000619
727,30,988000000,30.988000000,173.3358889083346,-28.052205441828033,-180.3414539248346,-0.0053593638186641935,0.5777728692769002,-0.03846244230445485,0.8152732236980272,133,125,21,123,21,0,0.1680,0.9398,4.6078,7.5451,1.2861,0,True,14.75,True,0.8532093484775106,-0.15705617125251042,-0.4973601981884799,0.30,0.0000,0.00,0.0000,0.0000,1.0000,0.1112,0,125,0,0,0.001479
728,31,21000000,31.021000000,173.3358889083346,-28.052205441828033,-180.3414539248346,-0.0053593638186641935,0.5777728692769002,-0.03846244230445485,0.8152732236980272,2000,0,0,0,0,0,0.0000,0.0000,0.0000,0.0000,0.0000,1,True,16.39,True,0.0,0.0,0.0,0.00,0.0000,0.00,0.0000,0.0000,1.0000,0.1491,0,2000,0,0,0.001737
729,31,54000000,31.054000000,173.54707919424996,-27.382195343857923,-181.0531316129442,-0.005048218758045348,0.5794347791698381,-0.03844347002338343,0.8140957878458365,2000,1947,151,1947,151,0,0.0776,0.9735,3.1745,7.7963,2.6921,0,True,16.39,True,0.6935646357455992,0.7177758201431541,-0.06136748374258793,0.24,0.0000,0.00,0.0000,0.0000,1.0000,0.1220,0,1947,0,0,0.001171
730,31,87000000,31.087000000,173.25044767457612,-27.908678295313702,-180.2563722745224,-0.004952913818411824,0.5807173261071136,-0.03844997972917969,0.8131816862562373,151,150,30,150,30,0,0.2000,0.9934,1.8728,4.9930,7.7645,0,True,16.39,True,-0.811913533572862,-0.5837770688602408,0.0008647971871103906,0.18,0.0000,0.00,0.0000,0.0000,1.0000,0.0818,0,150,0,0,0.000641
731,31,120000000,31.120000000,173.25044767457612,-27.908678295313702,-180.2563722745224,-0.004952913818411824,0.5807173261071136,-0.03844997972917969,0.8131816862562373,2000,0,0,0,0,0,0.0000,0.0000,0.0000,0.0000,0.0000,1,True,18.03,True,0.0,0.0,0.0,0.00,0.0000,0.00,0.0000,0.0000,1.0000,0.1762,0,2000,0,0,0.000999
732,31,153000000,31.153000000,172.79937239776754,-28.738386937610464,-180.58518021778124,-0.004741304004265177,0.5814550399836002,-0.03856774240407172,0.8126500389219595,2000,1935,19,1934,19,0,0.0098,0.9675,1.4677,14.3941,2.2113,0,True,18.03,True,0.22157049495336195,-0.8354949766719053,-0.5028465568363123,0.11,0.0000,0.00,0.0000,0.0000,1.0000,0.1067,0,1935,0,0,0.000335
733,31,186000000,31.186000000,172.79937239776754,-28.738386937610464,-180.58518021778124,-0.004741304004265177,0.5814550399836002,-0.03856774240407172,0.8126500389219595,2000,0,0,0,0,0,0.0000,0.0000,0.0000,0.0000,0.0000,1,True,19.67,True,0.0,0.0,0.0,0.00,0.0000,0.00,0.0000,0.0000,1.0000,0.1199,0,2000,0,0,0.000581
734,31,219000000,31.219000000,172.895454123807,-29.439322192538302,-179.87845674263664,-0.004763791113228433,0.5815755090784914,-0.038756978567098664,0.8125546936340177,2000,1887,631,1886,631,0,0.3344,0.9435,0.2814,15.0432,1.8899,0,True,19.67,True,-0.5889930841732967,-0.7304686300069144,0.34569166517555716,0.03,0.0000,0.00,0.0000,0.0000,1.0000,0.1266,0,1887,0,0,0.000740
735,31,252000000,31.252000000,173.58255562658783,-29.66594947837806,-179.18814406117323,-0.004577491823128173,0.5811968676544486,-0.038945210299326766,0.8128176414128865,631,631,23,630,23,0,0.0365,1.0000,0.7122,2.6652,1.3056,0,True,19.67,True,-0.41640581625016,-0.22293040019813998,0.8814239801937177,0.06,0.0000,0.00,0.0000,0.0000,1.0000,0.0741,0,631,0,0,0.000592
736,31,285000000,31.285000000,173.58255562658783,-29.66594947837806,-179.18814406117323,-0.004577491823128173,0.5811968676544486,-0.038945210299326766,0.8128176414128865,2000,0,0,0,0,0,0.0000,0.0000,0.0000,0.0000,0.0000,1,True,21.31,True,0.0,0.0,0.0,0.00,0.0000,0.00,0.0000,0.0000,1.0000,0.1128,0,2000,0,0,0.000885
737,31,318000000,31.318000000,173.5545001605168,-29.178683324351454,-178.31534134236236,-0.004319969151540982,0.5802663459661483,-0.03893542394005139,0.8134840738258079,2000,1931,192,1928,192,0,0.0994,0.9655,1.8898,15.5531,2.7134,0,True,21.31,True,-0.8667836484290717,0.43813439515847147,0.2381687607456273,0.13,0.0000,0.00,0.0000,0.0000,1.0000,0.1174,0,1931,0,0,0.000898
738,31,351000000,31.351000000,173.9043987792801,-29.610220475798265,-177.4838687670427,-0.004275235134726337,0.578935280115303,-0.03918568981078362,0.8144201283836321,192,192,18,192,18,0,0.0938,1.0000,2.7621,3.9788,3.0510,0,True,21.31,True,-0.6419830025753656,-0.4532166816250267,0.6184274119903784,0.19,0.0000,0.00,0.0000,0.0000,1.0000,0.1303,0,192,0,0,0.001581
739,31,384000000,31.384000000,173.9043987792801,-29.610220475798265,-177.4838687670427,-0.004275235134726337,0.578935280115303,-0.03918568981078362,0.8144201283836321,2000,0,0,0,0,0,0.0000,0.0000,0.0000,0.0000,0.0000,1,True,22.95,True,0.0,0.0,0.0,0.00,0.0000,0.00,0.0000,0.0000,1.0000,0.1222,0,2000,0,0,0.002542
740,31,417000000,31.417000000,174.22612945028803,-28.67422209451877,-177.62668475205462,-0.004220733374357243,0.5765835401521716,-0.03908334638219208,0.8160919670422822,2000,1894,252,1893,252,0,0.1331,0.9470,3.6758,12.1697,3.5740,0,True,21.31,True,0.17532732504645288,0.9595066012084981,0.2204708854460639,0.33,0.0000,0.00,0.0000,0.0000,1.0000,0.0893,0,1894,0,0,0.002106
741,31,450000000,31.450000000,174.00882534829944,-29.14083782191719,-176.7693349458475,-0.004172324958042279,0.5744877917172794,-0.03908334339606938,0.8175688724145711,252,252,186,252,186,0,0.7381,1.0000,3.4324,6.9038,3.9732,0,True,21.31,True,-0.8466790625276887,-0.522524741870899,0.10051099049350036,0.29,0.0000,0.00,0.0000,0.0000,1.0000,0.1171,0,252,0,0,0.001862
742,31,483000000,31.483000000,174.2865280102899,-29.255632496874867,-177.72311868135822,-0.004406402467102618,0.5722983526635352,-0.03939021522629068,0.8190870467174587,186,186,68,186,68,0,0.3656,1.0000,3.8513,6.6662,4.7918,0,True,21.31,True,0.9970784476579175,-0.048686758312759766,-0.058857189714361796,0.31,0.0000,0.00,0.0000,0.0000,1.0000,0.1061,0,186,0,0,0.004743
743,31,516000000,31.516000000,174.2865280102899,-29.255632496874867,-177.72311868135822,-0.004406402467102618,0.5722983526635352,-0.03939021522629068,0.8190870467174587,2000,0,0,0,0,0,0.0000,0.0000,0.0000,0.0000,0.0000,1,True,22.95,True,0.0,0.0,0.0,0.00,0.0000,0.00,0.0000,0.0000,1.0000,0.0740,0,2000,0,0,0.002100
744,31,549000000,31.549000000,173.7639013264501,-29.682433206612494,-176.98507904590082,-0.004531986348284791,0.5696627753864498,-0.03961230014213034,0.820910865512326,2000,1922,1082,1897,1082,0,0.5630,0.9610,8.3429,490.8473,3.6123,0,True,22.95,True,-0.8406385634292648,-0.4951505663228683,-0.2194372856779917,0.37,0.0000,0.00,0.0000,0.0000,1.0000,0.0871,0,1922,0,0,0.002585
745,31,582000000,31.582000000,174.14489917203738,-29.417427919159127,-176.09929530294795,-0.00437319937342608,0.5665832962312348,-0.039666878101667656,0.823037533980472,1082,1082,643,1081,643,0,0.5943,1.0000,6.1854,163.2468,0.7726,0,True,22.95,True,-0.7142226466682434,0.24040676009000417,0.6573359876723902,0.43,0.0000,0.00,0.0000,0.0000,1.0000,0.1034,0,1082,0,0,0.003195
746,31,615000000,31.615000000,175.00991745747112,-29.665561940603208,-175.66320715444215,-0.004558893048124589,0.563142563757073,-0.039654569455460406,0.825395168692299,643,643,632,643,632,0,0.9829,1.0000,5.8562,8.1083,0.8049,0,True,22.95,True,-0.08220426163562576,-0.21789028642000166,0.9725051580597148,0.48,0.0000,0.00,0.0000,0.0000,1.0000,0.0918,0,643,0,0,0.002923
747,31,648000000,31.648000000,176.00435473064903,-29.749374071492188,-175.72700399159206,-0.006001556119927898,0.5558445846293593,-0.03735438103489788,0.8304248486647386,632,632,632,632,632,0,1.0000,1.0000,5.7677,7.8579,0.8229,0,True,22.95,True,0.42578012105792634,-0.020224437593736815,0.9046006083548224,1.06,0.0000,0.00,0.0000,0.0000,1.0000,0.1052,0,632,0,0,0.003424
748,31,681000000,31.681000000,175.2794779200781,-29.46592746654991,-175.09914124254314,-0.005614199780797087,0.5538549860518105,-0.038162274267966416,0.8317191689561246,632,632,632,632,632,0,1.0000,1.0000,5.6474,7.6587,0.8002,0,True,22.95,True,-0.8737547703861483,0.21016883122732632,-0.4386133418034486,0.29,0.0000,0.00,0.0000,0.0000,1.0000,0.0706,0,632,0,0,0.002312
749,31,714000000,31.714000000,175.25980731739807,-29.11451909937472,-174.1631256300294,-0.005489875545956919,0.5509899020535115,-0.038084203552218886,0.8336243653716852,632,632,331,632,331,0,0.5237,1.0000,5.3913,7.3273,0.7950,0,True,22.95,True,-0.8939916544155034,0.30092701960995333,0.3319967630928077,0.39,0.0000,0.00,0.0000,0.0000,1.0000,0.0450,0,632,0,0,0.001474
750,31,747000000,31.747000000,174.64812972101308,-29.618516687107725,-174.7729099768603,-0.005469146677994978,0.5484244189985147,-0.037966589796454654,0.8353198687568636,331,331,28,331,28,0,0.0846,1.0000,5.4462,6.8396,0.7178,0,True,22.95,True,0.35646142274216647,-0.5064709100891207,-0.7851257678424063,0.35,0.0000,0.00,0.0000,0.0000,1.0000,0.1589,0,331,0,0,0.005138
751,31,780000000,31.780000000,174.64812972101308,-29.618516687107725,-174.7729099768603,-0.005469146677994978,0.5484244189985147,-0.037966589796454654,0.8353198687568636,2000,0,0,0,0,0,0.0000,0.0000,0.0000,0.0000,0.0000,1,True,24.59,True,0.0,0.0,0.0,0.00,0.0000,0.00,0.0000,0.0000,1.0000,0.1178,0,2000,0,0,0.003687
752,31,813000000,31.813000000,173.88225221641932,-29.89641235793004,-174.1930775492612,-0.005569733900313429,0.54657951223663,-0.0382562896117997,0.836514358019386,2000,1925,1635,1923,1635,0,0.8494,0.9625,3.9896,7.4470,3.0711,0,True,24.59,True,-0.8146840902058595,-0.3505062128899567,-0.4619905062779876,0.25,0.0000,0.00,0.0000,0.0000,1.0000,0.0774,0,1925,0,0,0.001484
753,31,846000000,31.846000000,173.3176294926112,-29.84085680632346,-173.36960031190418,-0.005602912625334197,0.5448633270865828,-0.0379351668177149,0.8376475901503952,1635,1635,1178,1635,1178,0,0.7205,1.0000,3.6885,5.7635,1.3836,0,True,24.59,True,-0.9821751648713597,-0.01942220445586441,-0.18696182360041272,0.24,0.0000,0.00,0.0000,0.0000,1.0000,0.1286,0,1635,0,0,0.004440
754,31,879000000,31.879000000,172.50006991856708,-30.050311438324023,-172.83320018138375,-0.0055945703643950065,0.5436130319664971,-0.03819433289019288,0.8384478309314798,1178,1178,1178,1178,1178,0,1.0000,1.0000,3.2811,5.0030,0.7395,0,True,24.59,True,-0.8045902860828746,-0.2830141120525819,-0.5220512272949529,0.17,0.0000,0.00,0.0000,0.0000,1.0000,0.0600,0,1178,0,0,0.001549
755,31,912000000,31.912000000,172.50006991856708,-30.050311438324023,-172.83320018138375,-0.0055945703643950065,0.5436130319664971,-0.03819433289019288,0.8384478309314798,1178,1178,0,1178,0,0,0.0000,1.0000,2.6833,4.0979,1.0803,1,True,24.59,True,0.0,0.0,0.0,0.00,0.0000,0.00,0.0000,0.0000,1.0000,0.0302,0,1178,0,0,0.000749
756,31,945000000,31.945000000,172.50006991856708,-30.050311438324023,-172.83320018138375,-0.0055945703643950065,0.5436130319664971,-0.03819433289019288,0.8384478309314798,1178,1178,0,1178,0,0,0.0000,1.0000,2.0328,3.0819,0.9075,2,True,26.23,True,0.0,0.0,0.0,0.00,0.0000,0.00,0.0000,0.0000,1.0000,0.1041,0,1178,0,0,0.002369
757,31,978000000,31.978000000,173.39037697417587,-30.002844597805478,-173.2860801277099,-0.005533794722036538,0.5421643499131122,-0.03869585793316981,0.8393627495773699,1178,1178,1158,1178,1158,0,0.9830,1.0000,1.3526,2.1080,0.8477,0,True,26.23,True,0.7708260186078386,0.12198727169879849,0.6252570308126663,0.20,0.0000,0.00,0.0000,0.0000,1.0000,0.1026,0,1178,0,0,0.001600
758,32,11000000,32.011000000,173.02345658865036,-29.24841060149508,-172.7418386593368,-0.005142645300026903,0.5418519988159164,-0.038485493471188646,0.8395765786221011,1158,1158,233,1158,233,0,0.2012,1.0000,0.6623,1.0830,1.1668,0,True,26.23,True,-0.6987551998700584,0.7026034033484023,-0.13449768867083553,0.07,0.0000,0.00,0.0000,0.0000,1.0000,0.0454,0,1158,0,0,0.000790
759,32,44000000,32.044000000,173.4589914900244,-28.58163942256865,-172.13708619374597,-0.0026987660668732014,0.5411629393659321,-0.037772282899932036,0.8400646667745694,233,233,233,233,233,0,1.0000,1.0000,0.0705,0.1728,0.2381,0,True,24.59,True,-0.41830541171618946,0.6600345109267065,0.6239992202837217,0.31,0.0000,0.00,0.0000,0.0000,1.0000,0.1084,0,233,0,0,0.001557
760,32,77000000,32.077000000,174.1688377391464,-27.907521998898634,-171.93291959091403,-0.0011782230500407133,0.5407393663090411,-0.03775050285795749,0.8403418643909824,233,233,233,233,233,0,1.0000,1.0000,0.7433,0.9121,1.0242,0,True,24.59,True,0.06171174885407435,0.7058866146720493,0.7056314528705516,0.18,0.0000,0.00,0.0000,0.0000,1.0000,0.0287,0,233,0,0,0.000260
761,32,110000000,32.110000000,174.75017372159908,-27.331433809193733,-171.35831461948732,-0.00043430183181008766,0.5412852834034351,-0.03774626104027751,0.8399912339603677,233,233,233,233,233,0,1.0000,1.0000,1.4035,1.8251,0.7579,0,True,24.59,True,-0.319726762763133,0.585990818118086,0.7445734068943798,0.11,0.0000,0.00,0.0000,0.0000,1.0000,0.0650,0,233,0,0,0.000497
762,32,143000000,32.143000000,175.2419032677867,-26.867482210572426,-172.09516668574136,1.9046505134339464e-05,0.542499347935525,-0.03829348002784874,0.8391829755864436,233,233,107,233,107,0,0.4592,1.0000,2.0578,2.7427,0.7957,0,True,24.59,True,0.8425782800874797,0.5242278474906032,0.12347876675847275,0.19,0.0000,0.00,0.0000,0.0000,1.0000,0.0876,0,233,0,0,0.000419
763,32,176000000,32.176000000,174.3231808172242,-26.575368996975108,-171.8294244623853,0.0005893745322047063,0.5546311342824851,-0.027937335838547264,0.8316269973903139,107,107,107,107,107,0,1.0000,1.0000,2.5749,3.5530,0.9173,0,True,24.59,True,-0.6359880241950485,0.22115813415507332,-0.7393296374267199,2.02,0.0000,0.00,0.0000,0.0000,1.0000,0.0674,0,107,0,0,0.000612
764,32,209000000,32.209000000,174.37937034446645,-27.425144362507123,-172.35356620386676,-0.0013002402393703788,0.5560663981212177,-0.029206331217055632,0.8306235371530564,107,107,107,107,107,0,1.0000,1.0000,3.1773,4.4083,1.0749,0,True,24.59,True,0.5439971708171017,-0.8300713380095806,-0.122672947131687,0.33,0.0000,0.00,0.0000,0.0000,1.0000,0.0605,0,107,0,0,0.000669
765,32,242000000,32.242000000,175.18135055284844,-27.161529678319877,-171.81752978379401,-0.0008284972281923708,0.5579700555013448,-0.029343960257718887,0.829341704457555,107,107,27,107,27,0,0.2523,1.0000,3.7664,5.2643,0.8465,0,True,24.59,True,-0.20365009048784966,0.2823465697485885,0.9374470946114751,0.27,0.0000,0.00,0.0000,0.0000,1.0000,0.0606,0,107,0,0,0.000946
766,32,275000000,32.275000000,175.18135055284844,-27.161529678319877,-171.81752978379401,-0.0008284972281923708,0.5579700555013448,-0.029343960257718887,0.829341704457555,2000,0,0,0,0,0,0.0000,0.0000,0.0000,0.0000,0.0000,1,True,26.23,True,0.0,0.0,0.0,0.00,0.0000,0.00,0.0000,0.0000,1.0000,0.0375,0,2000,0,0,0.001774
767,32,308000000,32.308000000,175.47670983425877,-27.921135103615182,-172.39697994795543,-0.0008277022012098405,0.5608162238097103,-0.02934683308316518,0.8274196283681405,2000,1978,74,1976,74,0,0.0374,0.9890,5.1196,15.8165,3.0380,0,True,26.23,True,0.6848663929422731,-0.7244224634480987,0.07855010038203766,0.39,0.0000,0.00,0.0000,0.0000,1.0000,0.0522,0,1978,0,0,0.001484
768,32,341000000,32.341000000,175.47670983425877,-27.921135103615182,-172.39697994795543,-0.0008277022012098405,0.5608162238097103,-0.02934683308316518,0.8274196283681405,2000,0,0,0,0,0,0.0000,0.0000,0.0000,0.0000,0.0000,1,True,27.87,True,0.0,0.0,0.0,0.00,0.0000,0.00,0.0000,0.0000,1.0000,0.0274,0,2000,0,0,0.000694
769,32,374000000,32.374000000,174.87774317936154,-27.966782661396422,-171.59750809304757,-0.0006444264908507272,0.5647340365345549,-0.029104929816825633,0.8247593320201012,2000,1921,190,1871,190,0,0.0989,0.9605,10.5997,336.3126,2.0943,0,True,27.87,True,-0.9608275044978598,-0.10151194391339546,-0.25788724637588983,0.54,0.0000,0.00,0.0000,0.0000,1.0000,0.0080,0,1921,0,0,0.001277
770,32,407000000,32.407000000,174.523189154495,-28.27988441041286,-170.71645262475187,-0.0003488171503888394,0.5687013829041822,-0.029216064077592304,0.8220249613054827,190,189,28,189,28,0,0.1481,0.9947,5.1274,7.2987,7.1117,0,True,26.23,True,-0.9332465272986452,-0.3592343680650743,-0.001260192804981091,0.55,0.0000,0.00,0.0000,0.0000,1.0000,0.0311,0,189,0,0,0.001430
771,32,440000000,32.440000000,174.523189154495,-28.27988441041286,-170.71645262475187,-0.0003488171503888394,0.5687013829041822,-0.029216064077592304,0.8220249613054827,2000,0,0,0,0,0,0.0000,0.0000,0.0000,0.0000,0.0000,1,True,27.87,True,0.0,0.0,0.0,0.00,0.0000,0.00,0.0000,0.0000,1.0000,0.0701,0,2000,0,0,0.001842
772,32,473000000,32.473000000,175.1496795255924,-28.6547026707052,-171.39984203546413,-0.000293305698346904,0.5714165424908966,-0.029177086723497878,0.8201412966982251,2000,1949,59,1946,59,0,0.0303,0.9745,5.2272,12.0025,3.1116,0,True,26.23,True,0.8772695042963989,-0.32123361825660807,0.35666115478604976,0.38,0.0000,0.00,0.0000,0.0000,1.0000,0.0469,0,1949,0,0,0.002925
773,32,506000000,32.506000000,175.1496795255924,-28.6547026707052,-171.39984203546413,-0.000293305698346904,0.5714165424908966,-0.029177086723497878,0.8201412966982251,2000,0,0,0,0,0,0.0000,0.0000,0.0000,0.0000,0.0000,1,True,27.87,True,0.0,0.0,0.0,0.00,0.0000,0.00,0.0000,0.0000,1.0000,0.0287,0,2000,0,0,0.002797
774,32,539000000,32.539000000,176.0614370328114,-28.35134591954921,-171.676740806783,0.0009338844906284792,0.5847027786331045,-0.029885899536315624,0.8106963806058286,2000,1911,1540,1858,1540,0,0.8059,0.9555,25.5536,97.2615,3.4016,0,True,27.87,True,0.5597050208793247,0.3555363603810789,0.7485480519308364,1.88,0.0000,0.00,0.0000,0.0000,1.0000,0.0664,0,1911,0,0,0.001373
775,32,572000000,32.572000000,177.0594735797894,-28.28902558378252,-171.68300392470755,0.0022164619503589732,0.610763502924912,-0.029998657620128606,0.7912415000063533,1540,1421,365,708,365,0,0.2569,0.9227,38.0138,132.7489,7.1105,0,True,26.23,True,0.31682776957119263,0.11186989062073424,0.9418626715190745,3.73,0.0000,0.00,0.0000,0.0000,1.0000,0.1633,0,1421,0,0,0.005474
776,32,605000000,32.605000000,176.68211042636017,-28.381636814048637,-170.7615809976743,0.002937058898091661,0.6423575173910155,-0.028173642472860444,0.7658814786937284,365,326,123,124,123,0,0.3773,0.8932,53.6278,92.4091,7.1976,0,True,26.23,True,-0.9816999774852454,-0.1419125309073167,-0.12698814030037828,4.65,0.0000,0.00,0.0000,0.0000,1.0000,0.2435,0,326,0,0,0.013819
777,32,638000000,32.638000000,176.5866541576327,-27.90109758228594,-171.63334366462988,0.014994396719847968,0.6475775816415953,-0.12447651446307278,0.7516142901577612,123,48,12,14,12,0,0.2500,0.3902,57.4553,98.5730,8.0856,0,True,24.59,True,0.8224515353786672,0.5029200345038009,-0.2657911037788303,11.26,0.0000,0.00,0.0000,0.0000,1.0000,0.2750,0,48,0,0,0.006698
778,32,671000000,32.671000000,176.5866541576327,-27.90109758228594,-171.63334366462988,0.014994396719847968,0.6475775816415953,-0.12447651446307278,0.7516142901577612,2000,0,0,0,0,0,0.0000,0.0000,0.0000,0.0000,0.0000,1,True,26.23,True,0.0,0.0,0.0,0.00,0.0000,0.00,0.0000,0.0000,1.0000,0.3179,0,2000,0,0,0.007095
779,32,704000000,32.704000000,176.95700829778778,-27.600526674761124,-170.7544267513669,0.018805496550445805,0.6727376548838166,-0.12393298169384177,0.729185173360915,2000,1447,501,897,501,0,0.3462,0.7235,62.6320,986.4934,8.5506,0,True,26.23,True,-0.8610172487322068,0.24572812051900403,0.4452718138079469,3.89,0.0000,0.00,0.0000,0.0000,1.0000,0.5953,0,1447,0,0,0.003644
780,32,737000000,32.737000000,177.47688062570876,-27.13247786212466,-170.03981981629587,0.02229954527123975,0.6936055722735197,-0.12365660919131476,0.7093116969253542,501,480,335,424,335,0,0.6979,0.9581,47.6762,264.0889,5.7763,0,True,26.23,True,-0.7438457228988757,0.46089422523053675,0.48401451804072176,3.33,0.0000,0.00,0.0000,0.0000,1.0000,0.7504,0,480,0,0,0.011360
781,32,770000000,32.770000000,178.05451900045438,-26.58294904873011,-169.43620405169855,0.02550362011651552,0.711076805382601,-0.1230120855714781,0.6918000932431149,335,320,216,314,216,0,0.6750,0.9552,43.5795,69.6857,4.3495,0,True,26.23,True,-0.6724835638347261,0.566928222347996,0.4757712129558568,2.86,0.0000,0.00,0.0000,0.0000,1.0000,0.4760,0,320,0,0,0.021264
782,32,803000000,32.803000000,177.3989779539662,-27.0826920847638,-170.00235141264358,0.028563373917647867,0.7252066679658333,-0.12269070184234791,0.676909457822659,216,162,53,101,53,0,0.3272,0.7500,72.2233,282.7159,9.8585,0,True,24.59,True,0.6547053807028749,-0.5402525819231788,-0.5286662578641108,2.38,0.0000,0.00,0.0000,0.0000,1.0000,0.4913,0,162,0,0,0.010462
783,32,836000000,32.836000000,177.3989779539662,-27.0826920847638,-170.00235141264358,0.028563373917647867,0.7252066679658333,-0.12269070184234791,0.676909457822659,934,0,0,0,0,0,0.0000,0.0000,0.0000,0.0000,0.0000,1,True,26.23,True,0.0,0.0,0.0,0.00,0.0000,0.00,0.0000,0.0000,1.0000,0.5238,0,934,0,0,0.014024
784,32,869000000,32.869000000,177.60866521546026,-27.89745436638434,-169.46180199139187,-0.02277484202326195,0.7395017876875317,-0.12636612120395438,0.6607949878666057,934,347,312,312,312,0,0.8991,0.3715,29.5663,89.6023,6.4834,0,True,26.23,True,-0.45010601015179036,-0.8206763536350942,0.3519870767648182,6.39,0.0000,0.00,0.0000,0.0000,1.0000,0.2535,0,347,0,0,0.007780
785,32,902000000,32.902000000,178.32688142425735,-27.40469848778346,-168.97052088904272,-0.021516596154394222,0.7479005384975335,-0.12520432829791564,0.6515410169594053,312,167,84,113,84,0,0.5030,0.5353,52.7150,328.3714,11.2786,0,True,26.23,True,-0.6664533832241568,0.4656548159462747,0.582241771410396,1.45,0.0000,0.00,0.0000,0.0000,1.0000,0.3828,0,167,0,0,0.016734
786,32,935000000,32.935000000,178.32688142425735,-27.40469848778346,-168.97052088904272,-0.021516596154394222,0.7479005384975335,-0.12520432829791564,0.6515410169594053,158,0,0,0,0,0,0.0000,0.0000,0.0000,0.0000,0.0000,1,True,26.23,True,0.0,0.0,0.0,0.00,0.0000,0.00,0.0000,0.0000,1.0000,0.2770,0,158,0,0,0.018874
787,32,968000000,32.968000000,178.32455866402867,-26.816051258458202,-168.16213419680153,-0.090766740944036,0.7709610241432837,-0.18839148017750598,0.6015722302324683,158,14,9,12,9,0,0.6429,0.0886,108.6100,231.9264,8.6565,0,True,26.23,True,-0.8981140002472953,0.3952818273939034,-0.1927265407045373,12.46,0.0000,0.00,0.0000,0.0000,1.0000,0.2328,0,14,0,0,0.029735
788,33,1000000,33.001000000,178.32455866402867,-26.816051258458202,-168.16213419680153,-0.090766740944036,0.7709610241432837,-0.18839148017750598,0.6015722302324683,45,0,0,0,0,0,0.0000,0.0000,0.0000,0.0000,0.0000,1,True,27.87,True,0.0,0.0,0.0,0.00,0.0000,0.00,0.0000,0.0000,1.0000,0.1016,0,45,0,0,0.018370
789,33,34000000,33.034000000,178.32455866402867,-26.816051258458202,-168.16213419680153,-0.090766740944036,0.7709610241432837,-0.18839148017750598,0.6015722302324683,0,0,0,0,0,0,0.0000,0.0000,0.0000,0.0000,0.0000,2,True,27.87,True,0.0,0.0,0.0,0.00,0.0000,0.00,0.0000,0.0000,1.0000,0.0367,0,0,0,0,0.029870
790,33,67000000,33.067000000,178.32455866402867,-26.816051258458202,-168.16213419680153,-0.090766740944036,0.7709610241432837,-0.18839148017750598,0.6015722302324683,0,0,0,0,0,0,0.0000,0.0000,0.0000,0.0000,0.0000,3,True,29.51,True,0.0,0.0,0.0,0.00,0.0000,0.00,0.0000,0.0000,1.0000,0.0044,0,0,0,0,0.018214
791,33,100000000,33.100000000,178.32455866402867,-26.816051258458202,-168.16213419680153,-0.090766740944036,0.7709610241432837,-0.18839148017750598,0.6015722302324683,14,0,0,0,0,0,0.0000,0.0000,0.0000,0.0000,0.0000,4,True,31.15,True,0.0,0.0,0.0,0.00,0.0000,0.00,0.0000,0.0000,1.0000,0.0583,0,14,0,0,0.033986
792,33,133000000,33.133000000,178.32455866402867,-26.816051258458202,-168.16213419680153,-0.090766740944036,0.7709610241432837,-0.18839148017750598,0.6015722302324683,111,0,0,0,0,0,0.0000,0.0000,0.0000,0.0000,0.0000,5,True,31.15,True,0.0,0.0,0.0,0.00,0.0000,0.00,0.0000,0.0000,1.0000,0.1122,0,111,0,0,0.039935
793,33,166000000,33.166000000,178.34848663559902,-26.490077827869644,-167.21705812857905,0.005116212132133235,0.7979191139799778,-0.11365772802800574,0.5919297532463949,111,75,38,62,38,0,0.5067,0.6757,149.0012,296.1689,5.7638,0,True,31.15,True,-0.9700329771617879,-0.07819935885160224,-0.23004539441996325,14.32,0.0000,0.00,0.0000,0.0000,1.0000,0.2251,0,75,0,0,0.058390
794,33,199000000,33.199000000,178.34848663559902,-26.490077827869644,-167.21705812857905,0.005116212132133235,0.7979191139799778,-0.11365772802800574,0.5919297532463949,206,0,0,0,0,0,0.0000,0.0000,0.0000,0.0000,0.0000,1,True,31.15,True,0.0,0.0,0.0,0.00,0.0000,0.00,0.0000,0.0000,1.0000,0.2748,0,206,0,0,0.053128
795,33,232000000,33.232000000,178.34848663559902,-26.490077827869644,-167.21705812857905,0.005116212132133235,0.7979191139799778,-0.11365772802800574,0.5919297532463949,206,3,0,0,0,0,0.0000,0.0146,0.0000,0.0000,39.3141,2,True,32.79,True,0.0,0.0,0.0,0.00,0.0000,0.00,0.0000,0.0000,1.0000,0.1743,0,3,0,0,0.029191
796,33,265000000,33.265000000,178.34848663559902,-26.490077827869644,-167.21705812857905,0.005116212132133235,0.7979191139799778,-0.11365772802800574,0.5919297532463949,47,0,0,0,0,0,0.0000,0.0000,0.0000,0.0000,0.0000,3,True,34.43,True,0.0,0.0,0.0,0.00,0.0000,0.00,0.0000,0.0000,1.0000,0.3091,0,47,0,0,0.048843
797,33,298000000,33.298000000,178.34848663559902,-26.490077827869644,-167.21705812857905,0.005116212132133235,0.7979191139799778,-0.11365772802800574,0.5919297532463949,105,0,0,0,0,0,0.0000,0.0000,0.0000,0.0000,0.0000,4,True,34.43,True,0.0,0.0,0.0,0.00,0.0000,0.00,0.0000,0.0000,1.0000,0.4808,0,105,0,0,0.076955
798,33,331000000,33.331000000,179.00630550676004,-26.989174026035773,-166.652986043008,-0.03757889043947903,0.7927636237242407,-0.11026158434977723,0.5982942811941506,105,73,58,67,58,0,0.7945,0.6952,45.0136,482.3055,13.8073,0,True,34.43,True,-0.6672214646568125,-0.49118631981081895,0.5599567093373575,5.00,0.0000,0.00,0.0000,0.0000,1.0000,0.3478,0,73,0,0,0.060041
799,33,364000000,33.364000000,179.00630550676004,-26.989174026035773,-166.652986043008,-0.03757889043947903,0.7927636237242407,-0.11026158434977723,0.5982942811941506,878,0,0,0,0,0,0.0000,0.0000,0.0000,0.0000,0.0000,1,True,36.07,True,0.0,0.0,0.0,0.00,0.0000,0.00,0.0000,0.0000,1.0000,0.2210,0,878,0,0,0.041044
800,33,397000000,33.397000000,179.71429996934705,-26.354802496221367,-166.34263687979495,-0.03740059537774387,0.7856630159483183,-0.1095059611842355,0.6077361806750521,878,877,765,842,765,0,0.8723,0.9989,26.5306,546.2532,9.9901,0,True,34.43,True,-0.6124569815841839,0.6001707731147982,0.5144817672255997,1.36,0.0000,0.00,0.0000,0.0000,1.0000,0.4192,0,877,0,0,0.087044
801,33,430000000,33.430000000,180.4854370491535,-26.00660006904749,-165.8096240526906,-0.04024874742044918,0.7790648543734421,-0.10917050840610472,0.6160517763187806,765,765,417,753,417,0,0.5451,1.0000,21.1786,45.0298,6.1815,0,True,34.43,True,-0.7707962580662726,0.2802524771996555,0.5721290742258154,1.26,0.0000,0.00,0.0000,0.0000,1.0000,0.2054,0,765,0,0,0.047724
802,33,463000000,33.463000000,181.16070130824232,-25.448040616569955,-165.32792962834546,-0.04038065703737653,0.7729768863702157,-0.10874302773085544,0.6237396007907169,417,417,398,416,398,0,0.9544,1.0000,19.0923,22.8723,2.8207,0,True,34.43,True,-0.7288243110713944,0.48609277355622954,0.4822125455519789,1.12,0.0000,0.00,0.0000,0.0000,1.0000,0.3369,0,417,0,0,0.088592
803,33,496000000,33.496000000,181.84782194213963,-24.894121364766864,-164.8577821015473,-0.039721578251576364,0.7673496513198068,-0.108274467709607,0.6307720257611112,398,398,249,398,249,0,0.6256,1.0000,17.0068,20.4347,2.8612,0,True,34.43,True,-0.7091722086926636,0.48660854385389424,0.510183205786276,1.04,0.0000,0.00,0.0000,0.0000,1.0000,0.2229,0,398,0,0,0.066676
804,33,529000000,33.529000000,181.38126159682236,-25.778488993406558,-164.87245662340004,-0.0401463368184505,0.7622140388690645,-0.10828164904032359,0.6369404329072508,249,249,201,248,201,0,0.8072,1.0000,15.2060,23.9847,3.5622,0,True,32.79,True,0.2826136756877117,-0.892954642823706,-0.3503733953568233,0.92,0.0000,0.00,0.0000,0.0000,1.0000,0.2328,0,249,0,0,0.077734
805,33,562000000,33.562000000,181.46859118934609,-25.217760612536242,-165.69583820271558,0.011344939693563007,0.7367475304631004,-0.08736594887063742,0.6704040271939045,201,201,201,201,201,0,1.0000,1.0000,13.8283,16.3846,1.9718,0,True,32.79,True,0.6644675916346863,0.730496087572214,0.1576651061867791,7.99,0.0000,0.00,0.0000,0.0000,1.0000,0.2165,0,201,0,0,0.079936
806,33,595000000,33.595000000,182.19529601647162,-25.49764541391845,-165.06849093669172,0.00515441605645074,0.7315475781965389,-0.08687338605062829,0.6762134186970813,201,201,201,201,201,0,1.0000,1.0000,12.3930,14.7885,2.0293,0,True,32.79,True,-0.6661482979692802,-0.24948277607465338,0.702854742855674,1.14,0.0000,0.00,0.0000,0.0000,1.0000,0.1947,0,201,0,0,0.078204
807,33,628000000,33.628000000,182.62286993262927,-25.86013107525688,-164.2403697550126,-0.01031565315043961,0.72988046139263,-0.08917518318268822,0.6776546953144319,201,201,201,201,201,0,1.0000,1.0000,11.1191,13.4195,1.9682,0,True,32.79,True,-0.8167230197387308,-0.4030196612979527,0.4129632691125596,1.81,0.0000,0.00,0.0000,0.0000,1.0000,0.1766,0,201,0,0,0.075332
808,33,661000000,33.661000000,182.3702593914309,-24.96666321710386,-164.61172282275658,0.027361280518693534,0.7273038724943874,-0.08411715186765999,0.6805914649367256,201,201,201,201,201,0,1.0000,1.0000,10.1053,12.2526,1.9082,0,True,32.79,True,0.26577693451841344,0.905873549396446,-0.3297813420766549,4.38,0.0000,0.00,0.0000,0.0000,1.0000,0.1766,0,201,0,0,0.078094
809,33,694000000,33.694000000,182.72049676597663,-24.183548452109296,-164.09785022539532,0.03396110238062817,0.7233656958535757,-0.08674008408551562,0.6841526667347008,201,201,200,200,200,0,0.9950,1.0000,9.1537,11.2473,1.7479,0,True,32.79,True,-0.5948435587620478,0.7811636287043883,0.18959041586719294,1.02,0.0000,0.00,0.0000,0.0000,1.0000,0.1197,0,201,0,0,0.053207
810,33,727000000,33.727000000,183.50780002492363,-23.852769093409776,-164.6181756949908,0.038260060234065314,0.7131194827722023,-0.08431263700173594,0.6949015400208911,200,200,200,200,200,0,1.0000,1.0000,8.3140,10.3590,1.9000,0,True,32.79,True,0.44659964094244303,0.49828008163690096,0.7431458275157066,1.79,0.0000,0.00,0.0000,0.0000,1.0000,0.2706,0,200,0,0,0.081763
811,33,760000000,33.760000000,183.17400336076702,-23.050398459741338,-164.12342206617703,0.04561021808164954,0.7140239250564452,-0.08603384369323912,0.6933164646774945,200,200,200,200,200,0,1.0000,1.0000,7.6308,9.6213,1.9003,0,True,32.79,True,-0.5333300224690449,0.6980997353755309,-0.4777194224665579,0.89,0.0000,0.00,0.0000,0.0000,1.0000,0.2445,0,200,0,0,0.137372
812,33,793000000,33.793000000,183.2481470434255,-22.117702435639583,-164.47638217857866,0.15693755695393935,0.6926918000690342,-0.05099871365216819,0.7021024174152047,200,200,200,200,200,0,1.0000,1.0000,6.9721,8.9087,1.7688,0,True,31.15,True,0.2991583674331279,0.949724557097404,-0.0923446633048469,13.64,0.0000,0.00,0.0000,0.0000,1.0000,0.2549,0,200,0,0,0.096902
813,33,826000000,33.826000000,183.98509023754616,-21.46380934544951,-164.30509716685583,0.15962170980179805,0.6886847951145835,-0.05230176443084399,0.7053358690548464,200,200,200,200,200,0,1.0000,1.0000,6.4748,8.3980,1.9280,0,True,31.15,True,-0.048099120213131834,0.8569261569598686,0.5131900585092363,0.68,0.0000,0.00,0.0000,0.0000,1.0000,0.2572,0,200,0,0,0.089234
814,33,859000000,33.859000000,184.0583203110732,-20.476836405941626,-164.16184294175105,0.16852753239615545,0.6865659378586909,-0.049231904123537965,0.705550780180314,200,200,200,200,200,0,1.0000,1.0000,5.9798,7.8230,1.6946,0,True,31.15,True,0.005975270852897006,0.9747193320829491,-0.2233529041718603,1.11,0.0000,0.00,0.0000,0.0000,1.0000,0.3192,0,200,0,0,0.100846
815,33,892000000,33.892000000,184.51352321297918,-20.197314344374252,-163.31646862513531,0.16987484839807138,0.6848370718662913,-0.048514144402040396,0.7069562211850706,200,200,199,200,199,0,0.9950,1.0000,5.6363,7.4502,1.8261,0,True,31.15,True,-0.763917356631283,0.5431407018372492,0.34846585233737576,0.31,0.0000,0.00,0.0000,0.0000,1.0000,0.3012,0,200,0,0,0.086625
816,33,925000000,33.925000000,185.11728477147219,-20.48478633326493,-162.57294200416652,0.16829374736616012,0.6830745014754184,-0.04707100029309555,0.7091338103369286,199,199,199,199,199,0,1.0000,1.0000,5.2382,7.0625,1.9342,0,True,29.51,True,-0.744790855163405,0.041546650380151026,0.6660033467687332,0.40,0.0000,0.00,0.0000,0.0000,1.0000,0.4244,0,199,0,0,0.111525
817,33,958000000,33.958000000,185.61327687403823,-20.383994262564492,-161.71048458917375,0.16870492323408906,0.681302470987535,-0.04694313119900407,0.710747447646555,199,199,197,199,197,0,0.9899,1.0000,4.9248,6.7188,1.6446,0,True,27.87,True,-0.8018097168864585,0.39217872388917147,0.4508847152378513,0.28,0.0000,0.00,0.0000,0.0000,1.0000,0.2948,0,199,0,0,0.072007
818,33,991000000,33.991000000,186.09121955194075,-20.011254077177703,-160.91510068762858,0.1705607511839392,0.6799523552347934,-0.04513550873806573,0.7117138544507783,197,197,195,197,195,0,0.9898,1.0000,4.7620,8.9606,1.7267,0,True,27.87,True,-0.689949891120725,0.6315083089734741,0.35378864232753837,0.35,0.0000,0.00,0.0000,0.0000,1.0000,0.5187,0,197,0,0,0.117972
819,34,24000000,34.024000000,186.60227977531497,-19.656009454921584,-160.13240106041337,0.1726821549356603,0.6781404561048111,-0.04342499326454434,0.713036229879457,195,195,195,195,195,0,1.0000,1.0000,4.5278,6.3251,1.8543,0,True,27.87,True,-0.6736070830474759,0.6264835233419607,0.39213759402703785,0.40,0.0000,0.00,0.0000,0.0000,1.0000,0.1755,0,195,0,0,0.037996
820,34,57000000,34.057000000,187.08977645251937,-19.309451862704258,-159.330999272924,0.17466398245165546,0.6767712580577011,-0.04139469919135697,0.7139745348259847,195,195,195,195,195,0,1.0000,1.0000,4.3212,6.0216,1.8481,0,True,27.87,True,-0.6900486532990465,0.6190974414839289,0.3749016057957416,0.38,0.0000,0.00,0.0000,0.0000,1.0000,0.8972,0,195,0,0,0.183465
821,34,90000000,34.090000000,187.05582412951145,-20.14016879792041,-158.77534055274822,0.15289029546036056,0.6817478921716716,-0.049240342974376454,0.7137364763673582,195,195,195,195,195,0,1.0000,1.0000,4.1810,5.8260,1.7083,0,True,27.87,True,-0.6950458471985723,-0.6797633007823738,0.23416473944954017,2.71,0.0000,0.00,0.0000,0.0000,1.0000,0.6202,0,195,0,0,0.110951
822,34,123000000,34.123000000,187.49122830250778,-19.831194617063208,-157.92978856635057,0.15419935464565349,0.6810399119812233,-0.04742451614577813,0.7142535352266803,195,195,182,195,182,0,0.9333,1.0000,4.0079,5.6890,1.6113,0,True,27.87,True,-0.7643515742600996,0.5421714337968274,0.3490226458280322,0.28,0.0000,0.00,0.0000,0.0000,1.0000,0.5565,0,195,0,0,0.056772
823,34,156000000,34.156000000,187.67520833364566,-20.74235101683006,-157.56108087276885,0.1373683148628678,0.6806646624850652,-0.051086192812904885,0.7177853190332825,182,182,181,181,181,0,0.9945,1.0000,3.9826,8.4540,1.5523,0,True,27.87,True,-0.4812548507791169,-0.7552223027287807,0.4450090359336625,2.02,0.0000,0.00,0.0000,0.0000,1.0000,0.6262,0,182,0,0,0.169618
824,34,189000000,34.189000000,188.12330381307098,-20.57520082888693,-156.6828603674348,0.13788339382808987,0.6795703700013662,-0.050559817692069194,0.7187600341961139,181,181,168,179,168,0,0.9282,1.0000,3.9407,5.5448,1.5511,0,True,27.87,True,-0.8209257216989327,0.38873805675329126,0.418286603520554,0.19,0.0000,0.00,0.0000,0.0000,1.0000,0.5932,0,181,0,0,0.107834
825,34,222000000,34.222000000,188.4564905229082,-20.097824793036978,-155.86978058242966,0.14389168920397022,0.6768331901003041,-0.05539539510441974,0.7198078665573885,168,168,168,168,168,0,1.0000,1.0000,3.9915,5.8394,1.5651,0,True,27.87,True,-0.7271239162720676,0.6487277732920937,0.22459538406800117,0.95,0.0000,0.00,0.0000,0.0000,1.0000,0.6571,0,168,0,0,0.120086
826,34,255000000,34.255000000,188.89533579802725,-19.72323270804871,-155.0530213802349,0.14511043874045557,0.6762395055757237,-0.05284279080698869,0.7203129397192459,168,168,105,168,105,0,0.6250,1.0000,3.9989,5.9316,1.7902,0,True,27.87,True,-0.7316845882504138,0.5852017316598342,0.3495376897834532,0.34,0.0000,0.00,0.0000,0.0000,1.0000,0.7546,0,168,0,0,0.140671
827,34,288000000,34.288000000,188.39224993467153,-18.87806458018099,-154.87247928063437,0.26183496477555157,0.7198838965733249,-0.03860558956989404,0.6416535164162612,105,105,105,105,105,0,1.0000,1.0000,3.4123,11.2782,2.3929,0,True,26.23,True,-0.1172766123584334,0.692660499090032,-0.7116653913139781,16.98,0.0000,0.00,0.0000,0.0000,1.0000,0.5181,0,105,0,0,0.099465
828,34,321000000,34.321000000,189.2536133016314,-19.19525121315442,-155.2692736731383,0.2478163852905702,0.6624075625934185,-0.046453940605680005,0.7054397859511229,105,105,105,105,105,0,1.0000,1.0000,3.3481,4.7077,2.1127,0,True,26.23,True,0.2367563137604964,-0.016631294774799493,0.9714267074404815,10.01,0.0000,0.00,0.0000,0.0000,1.0000,0.6175,0,105,0,0,0.123431
829,34,354000000,34.354000000,189.66517217241915,-19.185693815026323,-154.35794060997372,0.2488068826976304,0.6612789525564332,-0.04568854423058365,0.7061995744506253,105,105,103,105,103,0,0.9810,1.0000,3.4305,4.6049,2.1380,0,True,24.59,True,-0.8215705186753227,0.4329870450477296,0.3708693862593628,0.21,0.0000,0.00,0.0000,0.0000,1.0000,0.7363,0,105,0,0,0.157196
830,34,387000000,34.387000000,190.06341162848767,-19.227393454675337,-153.44160744147914,0.24965236262568044,0.6600149320838625,-0.04550307360841544,0.7070950838140068,103,103,90,103,90,0,0.8738,1.0000,3.4810,4.6829,1.9812,0,True,24.59,True,-0.8394250665858887,0.3870238910657774,0.38154693725881433,0.20,0.0000,0.00,0.0000,0.0000,1.0000,0.4942,0,103,0,0,0.113891
831,34,420000000,34.420000000,190.06341162848767,-19.227393454675337,-153.44160744147914,0.24965236262568044,0.6600149320838625,-0.04550307360841544,0.7070950838140068,2000,0,0,0,0,0,0.0000,0.0000,0.0000,0.0000,0.0000,1,True,26.23,True,0.0,0.0,0.0,0.00,0.0000,0.00,0.0000,0.0000,1.0000,0.5512,0,2000,0,0,0.138583
832,34,453000000,34.453000000,190.2219133731969,-19.60140098190119,-152.5278265232594,0.24975992426925828,0.658975086788412,-0.04587331153794612,0.7080024396213349,2000,1951,1936,1940,1936,0,0.9923,0.9755,13.2165,38.5734,5.6792,0,True,24.59,True,-0.9531057522715157,0.00432501218535673,0.3026065419923117,0.16,0.0000,0.00,0.0000,0.0000,1.0000,0.3977,0,1951,0,0,0.109649
833,34,486000000,34.486000000,190.36851580588484,-20.074173221370412,-151.6589225375871,0.24806277677642208,0.6579019960550772,-0.047615614112608194,0.7094804970239812,1936,1936,1715,1878,1715,0,0.8858,1.0000,12.8133,36.0227,4.1680,0,True,24.59,True,-0.9369467335919651,-0.09925442145371272,0.33508115171288844,0.35,0.0000,0.00,0.0000,0.0000,1.0000,0.5260,0,1936,0,0,0.165137
834,34,519000000,34.519000000,190.57093254345742,-20.39053280907915,-150.73213017917277,0.24928242770590145,0.6558425401237176,-0.04805641794777422,0.7109285579403537,1715,1715,1606,1704,1606,0,0.9364,1.0000,13.4531,37.8783,3.1473,0,True,22.95,True,-0.9427020145637729,0.07191165234916232,0.3257938397112767,0.32,0.0000,0.00,0.0000,0.0000,1.0000,0.4155,0,1715,0,0,0.153766
835,34,552000000,34.552000000,190.73918424940206,-20.73614929805222,-149.80896139395708,0.24981941704694663,0.6540166836302068,-0.048368027956571136,0.7123994457263861,1606,1606,1606,1606,1606,0,1.0000,1.0000,13.6357,30.7835,2.9453,0,True,22.95,True,-0.9496459783717168,0.0344655426899742,0.31142357349678973,0.28,0.0000,0.00,0.0000,0.0000,1.0000,0.2337,0,1606,0,0,0.100472
836,34,585000000,34.585000000,190.910535340642,-21.080755913854777,-148.88598518414668,0.250372904539524,0.6518334506590927,-0.049180947480174646,0.7141483009006288,1606,1606,1603,1606,1603,0,0.9981,1.0000,13.2422,28.5482,2.7847,0,True,22.95,True,-0.9472700776862726,0.0379532301871988,0.31818069117814296,0.34,0.0000,0.00,0.0000,0.0000,1.0000,0.3652,0,1606,0,0,0.185218
837,34,618000000,34.618000000,191.0653811455015,-21.335561943918076,-147.93147134780864,0.25201658847611047,0.6494779613400692,-0.048483649597392035,0.7157620781992629,1603,1603,1546,1601,1546,0,0.9644,1.0000,12.9019,26.6695,2.7227,0,True,22.95,True,-0.9549280524543796,0.11993310718300892,0.2715298591998947,0.39,0.0000,0.00,0.0000,0.0000,1.0000,0.1645,0,1603,0,0,0.054461
838,34,651000000,34.651000000,191.13741179326087,-21.681251422976953,-146.9958911161602,0.25225199482063526,0.648071927927058,-0.04934664258377007,0.7168937272759653,1546,1546,1539,1539,1539,0,0.9955,1.0000,12.8281,24.8924,2.6277,0,True,22.95,True,-0.9709604287052317,0.007032161645094826,0.23913676963434555,0.23,0.0000,0.00,0.0000,0.0000,1.0000,0.1905,0,1546,0,0,0.243001
839,34,684000000,34.684000000,191.2847894265399,-22.060152748738503,-146.08226448643384,0.25234255841428715,0.6454073659794571,-0.051201198045067745,0.7191321175355337,1539,1539,1530,1530,1530,0,0.9942,1.0000,12.5868,23.5779,2.4706,0,True,21.31,True,-0.9458966503064283,0.0017776868507502683,0.32446319786462513,0.45,0.0000,0.00,0.0000,0.0000,1.0000,0.1023,0,1539,0,0,0.154224
840,34,717000000,34.717000000,191.25328200135962,-22.50532880818684,-145.1873759133408,0.25073401071848467,0.6441242978694471,-0.05327696096595157,0.7206926600108032,1530,1530,1529,1529,1529,0,0.9993,1.0000,12.3629,22.1985,2.3618,0,True,21.31,True,-0.9711355723010743,-0.13308795160979087,0.1979477136715013,0.38,0.0000,0.00,0.0000,0.0000,1.0000,0.0459,0,1530,0,0,0.139445
841,34,750000000,34.750000000,191.34736011625637,-22.92922505010113,-144.2865644544947,0.24984830731798932,0.6413204070002888,-0.05554851685156344,0.7233244923068146,1529,1529,1528,1528,1528,0,0.9993,1.0000,12.1457,20.7489,2.3958,0,True,21.31,True,-0.9492991639359536,-0.06684785419109697,0.30718473552659736,0.52,0.0000,0.00,0.0000,0.0000,1.0000,0.0089,0,1529,0,0,0.091862
842,34,783000000,34.783000000,191.53030328249278,-23.2689815524301,-143.36401509697905,0.250692443885871,0.6373018432150203,-0.05694832344221699,0.7264685455478357,1528,1528,1508,1509,1508,0,0.9869,1.0000,11.9847,20.3497,2.3080,0,True,21.31,True,-0.9317666766401547,0.04580472721383237,0.36015661491610557,0.61,0.0000,0.00,0.0000,0.0000,1.0000,0.0277,0,1528,0,0,0.173127
843,34,816000000,34.816000000,191.55911919797617,-23.62625239685102,-142.43045889259625,0.25042606633812664,0.6343646128993283,-0.05819125917059818,0.7290281891364955,1508,1507,1505,1505,1505,0,0.9987,0.9993,11.8913,36.2940,2.0226,0,True,21.31,True,-0.9704680348408147,-0.026179749884553166,0.2398049500076881,0.47,0.0000,0.00,0.0000,0.0000,1.0000,0.1270,0,1507,0,0,0.245786
844,34,849000000,34.849000000,191.4925244032306,-24.26115929046211,-141.6607457189024,0.24613231703556548,0.6319902075898525,-0.06272001126171424,0.732170376489359,1505,1505,1419,1503,1419,0,0.9429,1.0000,11.7179,18.2958,2.0083,0,True,19.67,True,-0.8947723531586724,-0.35355956486090556,0.27272343155339446,0.85,0.0000,0.00,0.0000,0.0000,1.0000,0.1745,0,1505,0,0,0.205457
845,34,882000000,34.882000000,191.5781160423362,-24.608259395049526,-140.7268315961317,0.24607711287505776,0.6278815767918333,-0.0652712605724734,0.735493332796265,1419,1419,1419,1419,1419,0,1.0000,1.0000,11.7127,17.4178,1.5530,0,True,19.67,True,-0.9526849074561989,-0.005259671995837566,0.30391413747252644,0.67,0.0000,0.00,0.0000,0.0000,1.0000,0.1477,0,1419,0,0,0.137322
846,34,915000000,34.915000000,191.37185111777805,-25.27350192304466,-140.0092612791288,0.24235988187948856,0.6252034684331574,-0.07093223094248162,0.7384787940950187,1419,1419,1406,1406,1406,0,0.9908,1.0000,11.5564,16.7309,1.5358,0,True,19.67,True,-0.8693739195386333,-0.4616235904965009,0.17633107702033937,0.90,0.0000,0.00,0.0000,0.0000,1.0000,0.2414,0,1419,0,0,0.192720
847,34,948000000,34.948000000,191.24801931965735,-25.7905403325901,-139.16230380154866,0.23937638935597452,0.6223326777894723,-0.07472703156321592,0.7414963608326288,1406,1404,1404,1404,1404,0,1.0000,0.9986,11.3653,15.7067,1.5269,0,True,18.03,True,-0.9394998611745086,-0.2735430740235649,0.20618971241751588,0.73,0.0000,0.00,0.0000,0.0000,1.0000,0.2903,0,1404,0,0,0.203618
848,34,981000000,34.981000000,191.0849616980503,-26.11883592111325,-138.2319091441091,0.23760125680560432,0.6199909430671662,-0.07565517005315171,0.7439308896149641,1404,1404,1404,1404,1404,0,1.0000,1.0000,11.2236,15.0844,1.4737,0,True,18.03,True,-0.9883253365810828,-0.10990981792643427,0.105512373659527,0.45,0.0000,0.00,0.0000,0.0000,1.0000,0.2761,0,1404,0,0,0.178071
849,35,14000000,35.014000000,190.17522670130734,-26.289482578624142,-137.853409535151,0.23613842177967803,0.6299872212354833,-0.08827433627769195,0.7345491055022325,1404,1388,1384,1384,1384,0,0.9971,0.9886,11.0487,14.6741,1.4092,0,True,16.39,True,-0.5937631448045403,-0.4215578556268104,-0.6853716526317291,2.14,0.0000,0.00,0.0000,0.0000,1.0000,0.2966,0,1388,0,0,0.181850
850,35,47000000,35.047000000,190.55751890261527,-26.202016025376466,-136.93351700073077,0.23780394178726344,0.6234573138298563,-0.08977565121386094,0.739385282211938,1384,1359,1130,1354,1130,0,0.8315,0.9819,10.8540,14.1182,1.4163,0,True,14.75,True,-0.80215899677299,0.45647556535261574,0.38492986651097905,0.97,0.0000,0.00,0.0000,0.0000,1.0000,0.2526,0,1359,0,0,0.150204
851,35,80000000,35.080000000,190.59231359488837,-26.580368321284805,-136.00850950369602,0.23658742218516213,0.6182485491408118,-0.0928953632610124,0.7437510165597527,1130,1100,1100,1100,1100,0,1.0000,0.9735,10.4654,13.6271,1.5169,0,True,13.11,True,-0.9470827820372519,-0.09278662264982727,0.3072862616939093,0.87,0.0000,0.00,0.0000,0.0000,1.0000,0.2815,0,1100,0,0,0.164847
852,35,113000000,35.113000000,190.6985057836799,-26.955172997384082,-135.08750750922817,0.23627213420990834,0.6119792642525131,-0.0964943994715122,0.7485624152944629,1100,1056,1051,1052,1051,0,0.9953,0.9600,10.3170,20.9869,1.6388,0,True,11.48,True,-0.9221536087011293,-0.06230606249269758,0.38177306942232164,1.00,0.0000,0.00,0.0000,0.0000,1.0000,0.4204,0,1056,0,0,0.205813
853,35,146000000,35.146000000,191.2701283431423,-26.16707687802736,-134.8591390434354,0.24614271609810867,0.60116041568681,-0.0946268694434033,0.7543644169116467,1051,987,986,986,986,0,0.9990,0.9391,10.1150,12.7621,1.5806,0,True,9.84,True,0.027220324611230785,0.9871237352266133,0.15762545885839138,1.82,0.0000,0.00,0.0000,0.0000,1.0000,0.3725,0,987,0,0,0.265631
854,35,179000000,35.179000000,191.53680394279107,-25.852179768833988,-133.94824720837832,0.2493337248892956,0.5939996956758504,-0.09706488370872614,0.7586668989223384,986,915,750,906,750,0,0.8197,0.9280,9.9454,12.3871,1.6141,0,True,9.84,True,-0.7512157239012303,0.6227311659821486,0.21881688938028646,1.06,0.0000,0.00,0.0000,0.0000,1.0000,0.3214,0,915,0,0,0.200476
855,35,212000000,35.212000000,191.7676979294618,-25.862285885167754,-132.97532078087625,0.24979969634175234,0.5871092966863414,-0.0992427924598208,0.763579500508503,750,689,557,687,557,0,0.8084,0.9187,9.7089,11.2795,1.5819,0,True,8.20,True,-0.8618843038740983,0.349628459420295,0.36730829979576035,1.00,0.0000,0.00,0.0000,0.0000,1.0000,0.2954,0,689,0,0,0.193908
856,35,245000000,35.245000000,191.56814134998424,-26.177497134265142,-132.04751743962893,0.24905300901125135,0.5818721898756298,-0.10232472312611685,0.7674157962857842,557,469,468,469,468,0,0.9979,0.8420,9.5082,11.7181,1.9283,0,True,6.56,True,-0.9806158107418077,-0.11261983045471463,0.16034152771985938,0.83,0.0000,0.00,0.0000,0.0000,1.0000,0.2638,0,469,0,0,0.183886
857,35,278000000,35.278000000,191.52873557000737,-26.395938125292197,-131.07246322680612,0.2497589059933331,0.5753402851459505,-0.10502452492125366,0.7717343418108688,468,390,385,390,385,0,0.9872,0.8333,9.3691,10.9376,2.0807,0,True,4.92,True,-0.9613966134129112,0.05223161499988394,0.2701636728220313,0.95,0.0000,0.00,0.0000,0.0000,1.0000,0.3041,0,390,0,0,0.232072
858,35,311000000,35.311000000,191.63590962601822,-26.187086204713527,-130.1004063370158,0.25137824295346817,0.5684571575741174,-0.10643377756851323,0.7761039169884909,385,330,310,330,310,0,0.9394,0.8571,9.1922,10.6545,2.1153,0,True,3.28,True,-0.8541771516857014,0.48361295702594576,0.1910494735264214,0.97,0.0000,0.00,0.0000,0.0000,1.0000,0.2472,0,330,0,0,0.211738
859,35,344000000,35.344000000,191.68861220094848,-26.03977419357406,-129.1127213619505,0.2527328414431637,0.5617844263745336,-0.1079589557406221,0.7803007324195558,310,231,183,231,183,0,0.7922,0.7452,9.0474,20.1177,2.4562,0,True,3.28,True,-0.8891369908521659,0.4149960561905087,0.19290848826497908,0.93,0.0000,0.00,0.0000,0.0000,1.0000,0.2393,0,231,0,0,0.238167
860,35,377000000,35.377000000,191.7310423541853,-25.722594230182416,-128.1653056385644,0.2546117942687479,0.5554899291977644,-0.10841708795190683,0.7841234008873477,183,162,158,162,158,0,0.9753,0.8852,8.9128,10.2263,2.4991,0,True,1.64,True,-0.8310323133647561,0.5472189492939104,0.0996830761829222,0.87,0.0000,0.00,0.0000,0.0000,1.0000,0.1872,0,162,0,0,0.226860
861,35,410000000,35.410000000,191.72588819310118,-25.61065097031063,-127.17160440519856,0.26203891427482673,0.5430013235626373,-0.12048836166770566,0.7886493040113116,158,156,156,156,156,0,1.0000,0.9873,8.7992,10.1063,2.2509,0,True,1.64,True,-0.9097390163431704,0.36955197659505656,0.18922541778959706,2.23,0.0000,0.00,0.0000,0.0000,1.0000,0.1449,0,156,0,0,0.224612
862,35,443000000,35.443000000,191.73295654551583,-25.35160874740369,-126.20576427083596,0.26129793919004585,0.5381146604320497,-0.1183799414628202,0.7925542181216338,156,156,135,155,135,0,0.8654,1.0000,8.7230,17.8140,2.5833,0,True,1.64,True,-0.8610245296004035,0.49211583468262426,0.12829171711777765,0.76,0.0000,0.00,0.0000,0.0000,1.0000,0.0760,0,156,0,0,0.154257
863,35,476000000,35.476000000,191.7053725758904,-25.086089082476686,-125.2420535091669,0.2633311385109101,0.5306488272638562,-0.12024904370493068,0.7966233119248343,135,135,94,135,94,0,0.6963,1.0000,8.4833,9.6532,2.3271,0,True,1.64,True,-0.867627251487016,0.4852616686678217,0.10837003921198626,1.02,0.0000,0.00,0.0000,0.0000,1.0000,0.0949,0,135,0,0,0.309541
864,35,509000000,35.509000000,191.7053725758904,-25.086089082476686,-125.2420535091669,0.2633311385109101,0.5306488272638562,-0.12024904370493068,0.7966233119248343,2000,0,0,0,0,0,0.0000,0.0000,0.0000,0.0000,0.0000,1,True,3.28,True,0.0,0.0,0.0,0.00,0.0000,0.00,0.0000,0.0000,1.0000,0.0189,0,2000,0,0,0.166775
865,35,542000000,35.542000000,191.30786707973192,-25.17430194269295,-124.32870370114355,0.2625145357254437,0.5256311660874612,-0.12221978572307995,0.7999126950787786,2000,1888,1603,1627,1603,0,0.8490,0.9440,41.5690,1061.0660,7.2405,0,True,3.28,True,-0.9999354641301752,0.005959089311056815,0.009672477932475136,0.73,0.0000,0.00,0.0000,0.0000,1.0000,0.0208,0,1888,0,0,0.318651
866,35,575000000,35.575000000,190.8680440552821,-25.27744248243156,-123.43656148365451,0.26163317750502685,0.5214485633878956,-0.1260149894512888,0.8023463707171078,1603,1603,1385,1457,1385,0,0.8640,1.0000,30.1074,70.1619,5.3867,0,True,3.28,True,-0.9994105094367659,-0.03316832505997504,-0.008859787811231052,0.71,0.0000,0.00,0.0000,0.0000,1.0000,0.0667,0,1603,0,0,0.245038
867,35,608000000,35.608000000,190.39924629701687,-25.400090215204305,-122.56181226502599,0.2599897696361418,0.5172494346008997,-0.13137048104657403,0.8047360677881831,1385,1385,1271,1336,1271,0,0.9177,1.0000,26.8604,51.4242,4.9058,0,True,3.28,True,-0.9972723700828076,-0.07237882161565641,-0.014461191200897928,0.85,0.0000,0.00,0.0000,0.0000,1.0000,0.1081,0,1385,0,0,0.248031
868,35,641000000,35.641000000,189.88193307211085,-25.478371538122317,-121.70960392088735,0.2588993156041301,0.5139928825752932,-0.13693690637849423,0.8062448416660669,1271,1271,1227,1227,1227,0,0.9654,1.0000,24.8992,43.2832,4.4534,0,True,3.28,True,-0.9948256818994223,-0.07272578699116006,-0.07094238887904662,0.77,0.0000,0.00,0.0000,0.0000,1.0000,0.0604,0,1271,0,0,0.108341
869,35,674000000,35.674000000,189.40154726684025,-25.436396988402656,-120.83355163062703,0.2575876130370425,0.5092663155356435,-0.1368352492893858,0.8096743518369225,1227,1227,1171,1212,1171,0,0.9544,1.0000,22.5362,36.6121,3.9531,0,True,3.28,True,-0.9948382441727243,0.04325402825051654,-0.09179301156098273,0.69,0.0000,0.00,0.0000,0.0000,1.0000,0.1701,0,1227,0,0,0.259119
870,35,707000000,35.707000000,190.0848949226038,-26.040254503040735,-120.42319558598105,0.2431304315134197,0.4239469773166657,-0.1712869908426625,0.8554632198196638,1171,1171,1127,1127,1127,0,0.9624,1.0000,20.7778,31.5950,3.4434,0,True,3.28,True,-0.08866135417284995,-0.056430281080912616,0.9944620594338256,11.90,0.0000,0.00,0.0000,0.0000,1.0000,0.2876,0,1171,0,0,0.351480
871,35,740000000,35.740000000,189.43163571816777,-25.866705193993507,-119.68621997637864,0.2406536146532728,0.4195848612734452,-0.17121144543226455,0.8583245440376573,1127,1127,1127,1127,1127,0,1.0000,1.0000,19.3278,27.6976,2.9829,0,True,3.28,True,-0.9911305692469244,0.01626799337761948,-0.13189217981265297,0.66,0.0000,0.00,0.0000,0.0000,1.0000,0.2772,0,1127,0,0,0.288879
872,35,773000000,35.773000000,188.74840362628896,-25.753565010081804,-118.96483713252157,0.24029870810198511,0.4157389133374598,-0.17488499050852604,0.8595539115822449,1127,1127,1126,1126,1126,0,0.9991,1.0000,17.7285,24.7782,2.6525,0,True,3.28,True,-0.9920562703853599,-0.051013522783943825,-0.11498685525859789,0.63,0.0000,0.00,0.0000,0.0000,1.0000,0.1648,0,1127,0,0,0.157694
873,35,806000000,35.806000000,189.2856490128812,-26.34686268853307,-118.36536631644323,0.2160039398915853,0.3107495252715448,-0.20961178169971456,0.9015763591995374,1126,1126,1116,1116,1116,0,0.9911,1.0000,16.4291,22.4753,2.3919,0,True,3.28,True,-0.10032830763757072,-0.059153603565123926,0.9931943827226578,13.85,0.0000,0.00,0.0000,0.0000,1.0000,0.3083,0,1126,0,0,0.277582
874,35,839000000,35.839000000,188.59002678710056,-25.92560785884251,-117.78342638186032,0.21482271701838096,0.30492885657827534,-0.20810185705465345,0.9041920204077841,1116,1116,1115,1115,1115,0,0.9991,1.0000,15.3245,20.4565,2.1536,0,True,3.28,True,-0.9815902399528215,0.13947166749669027,-0.1304923553126965,0.76,0.0000,0.00,0.0000,0.0000,1.0000,0.3440,0,1116,0,0,0.292502
875,35,872000000,35.872000000,187.8744882037606,-25.71031318466366,-117.11885679256055,0.21213231837403193,0.2962861992660812,-0.21049208415693715,0.9071424640777144,1115,1115,1115,1115,1115,0,1.0000,1.0000,14.3830,18.5798,1.9921,0,True,3.28,True,-0.9991971220786036,-0.012413565114199178,0.03809218595712316,1.12,0.0000,0.00,0.0000,0.0000,1.0000,0.3755,0,1115,0,0,0.306873
876,35,905000000,35.905000000,187.59805322713135,-26.01417333752179,-116.20712617927556,0.20081218824160973,0.27385661995773336,-0.2179984292515748,0.9149610382976906,1115,1115,1113,1113,1113,0,0.9982,1.0000,13.5796,17.3222,1.8201,0,True,3.28,True,-0.6970795531511754,-0.15272927919192963,0.7005382672317562,3.14,0.0000,0.00,0.0000,0.0000,1.0000,0.3994,0,1115,0,0,0.319504
877,35,938000000,35.938000000,186.76776313954716,-25.811837365083345,-115.687820368874,0.1965752934605352,0.26663896259073044,-0.2217373821119643,0.9171119620872777,1113,1113,1103,1103,1103,0,0.9910,1.0000,12.9071,16.1670,1.6882,0,True,3.28,True,-0.991006016071239,-0.1269307471794063,-0.042375246678799466,1.08,0.0000,0.00,0.0000,0.0000,1.0000,0.3946,0,1113,0,0,0.314828
878,35,971000000,35.971000000,185.96935327250543,-26.390380038570036,-115.52099693177571,0.17706229727473244,0.2644101054018237,-0.2689247118720132,0.9090741105046086,1103,1103,1102,1102,1102,0,0.9991,1.0000,12.3226,15.4232,1.5680,0,True,3.28,True,-0.5278481846390789,-0.8449387030699255,0.08634165870390326,5.93,0.0000,0.00,0.0000,0.0000,1.0000,0.2856,0,1103,0,0,0.229385
879,36,4000000,36.004000000,185.17762612854514,-26.11065447434525,-114.9779299577885,0.17406478897998606,0.25627892909003885,-0.2734120544777981,0.9106417562400954,1102,1102,1088,1101,1088,0,0.9873,1.0000,11.7779,14.2404,1.4748,0,True,3.28,True,-0.9898759983859438,-0.14192127872907198,-0.0019642971609085567,1.13,0.0000,0.00,0.0000,0.0000,1.0000,0.3472,0,1102,0,0,0.285627
880,36,37000000,36.037000000,185.24439593515717,-26.39482641964536,-114.02148440344193,0.1494210578893337,0.2113997016632502,-0.2803729198348191,0.9243238282221331,1088,1088,1088,1088,1088,0,1.0000,1.0000,11.3208,13.6688,1.3792,0,True,3.28,True,-0.3732948417476781,-0.01608220294065087,0.9275733522871126,6.13,0.0000,0.00,0.0000,0.0000,1.0000,0.1605,0,1088,0,0,0.134928
881,36,70000000,36.070000000,184.38362151807075,-26.082656890438244,-113.61946750339402,0.1473332075130999,0.20385543288222502,-0.2850127831545445,0.924934377070505,1088,1088,1084,1088,1084,0,0.9963,1.0000,10.6737,12.5751,1.3084,0,True,3.28,True,-0.9813824880883097,-0.18798450052482885,-0.03937308263305096,1.05,0.0000,0.00,0.0000,0.0000,1.0000,0.5751,0,1088,0,0,0.517896
882,36,103000000,36.103000000,183.57390206912663,-25.67446461024882,-113.19788302028847,0.14549935918107032,0.1964470328628937,-0.2880775722031518,0.92587786027683,1084,1083,1068,1083,1068,0,0.9861,0.9991,9.7706,11.5902,1.2246,0,True,3.28,True,-0.9959517349677177,-0.08548625848062305,-0.027789228592697304,0.95,0.0000,0.00,0.0000,0.0000,1.0000,0.1408,0,1083,0,0,0.135225
883,36,136000000,36.136000000,182.76811794692824,-25.232983469698873,-112.8031598882685,0.14307004088405642,0.18990208120262667,-0.2903027976792134,0.9269263447631463,1068,1067,1062,1067,1062,0,0.9953,0.9991,8.7653,10.3918,1.1505,0,True,3.28,True,-0.9967985299005283,-0.0647217646604319,-0.04694447749613292,0.85,0.0000,0.00,0.0000,0.0000,1.0000,0.2614,0,1067,0,0,0.271937
884,36,169000000,36.169000000,182.87073655302837,-24.29085957282202,-112.48398597859601,0.1523417955838021,0.17648482789122583,-0.2311859967398664,0.9445623948442484,1062,1062,1062,1062,1062,0,1.0000,1.0000,7.7403,9.3524,1.0990,0,True,3.28,True,-0.5167948187269487,0.8550253229405905,-0.04306753379657699,7.31,0.0000,0.00,0.0000,0.0000,1.0000,0.3830,0,1062,0,0,0.344562
885,36,202000000,36.202000000,182.0732273417595,-23.827627113644557,-112.09746981243255,0.15188996360230242,0.17074319664323237,-0.23142488384204363,0.9456313884890023,1062,1061,1034,1061,1034,0,0.9746,0.9991,6.7743,8.1532,1.0604,0,True,3.28,True,-0.9960741288734424,0.08072324201424909,-0.03633301512016676,0.67,0.0000,0.00,0.0000,0.0000,1.0000,0.1633,0,1061,0,0,0.334568
886,36,235000000,36.235000000,182.66028480521257,-23.18820350221473,-111.60098116226011,0.1556390335791056,0.15724046971772834,-0.21946407012196156,0.9502038980318975,1034,1022,1022,1022,1022,0,1.0000,0.9884,5.9110,7.1362,1.0155,0,True,3.28,True,0.04801463189622163,0.9322106723264258,0.35871696018530186,2.18,0.0000,0.00,0.0000,0.0000,1.0000,0.2443,0,1022,0,0,0.415201
887,36,268000000,36.268000000,181.73442904634703,-22.91845000571739,-111.33636036772013,0.1546232626351599,0.15361768856948024,-0.22238060560945389,0.9502842304591826,1022,1009,972,1009,972,0,0.9633,0.9873,5.1326,6.5002,0.9930,0,True,3.28,True,-0.9873411301809645,-0.14075910225329905,-0.07310518302980391,0.55,0.0000,0.00,0.0000,0.0000,1.0000,0.1386,0,1009,0,0,0.281227
888,36,301000000,36.301000000,180.8856255514403,-22.498566856542404,-111.01506491479091,0.1558420315473315,0.1496421948125232,-0.22313926391397024,0.9505416054202062,972,928,844,928,844,0,0.9095,0.9547,4.4580,5.6537,0.9177,0,True,3.28,True,-0.9982086294786162,0.03167501968693443,-0.050756528272283545,0.49,0.0000,0.00,0.0000,0.0000,1.0000,0.1298,0,928,0,0,0.335256
889,36,334000000,36.334000000,179.966855701122,-22.201138913018298,-110.75545254883536,0.1534836892875934,0.14700890525865837,-0.22443776136442345,0.951030404440913,844,794,593,794,593,0,0.7469,0.9408,3.8612,4.9240,0.9142,0,True,3.28,True,-0.9903383650368417,-0.11966055292390386,-0.07008048808406499,0.44,0.0000,0.00,0.0000,0.0000,1.0000,0.0612,0,794,0,0,0.205128
890,36,367000000,36.367000000,179.08717687807527,-21.813265319438027,-110.48028125003002,0.15120590235655992,0.144942655225995,-0.22555949696302102,0.9514469586468631,593,572,485,572,485,0,0.8479,0.9646,3.3381,4.1940,0.8945,0,True,3.28,True,-0.9970121286413444,-0.022530086595481127,-0.07388647061577197,0.38,0.0000,0.00,0.0000,0.0000,1.0000,0.0820,0,572,0,0,0.421470
891,36,400000000,36.400000000,178.53611710674704,-21.298608897419523,-109.8234236583872,0.14830018454873703,0.13802287551658798,-0.22285626812411125,0.9535679445402605,485,437,437,437,437,0,1.0000,0.9010,2.9462,4.7861,0.9209,0,True,3.28,True,-0.8961471488758844,0.32412405673380823,0.30309055314879496,0.95,0.0000,0.00,0.0000,0.0000,1.0000,0.0246,0,437,0,0,0.289692
892,36,433000000,36.433000000,178.74683145513401,-20.367393827450137,-109.52603845894758,0.15309922412779323,0.12344684498457556,-0.1423539476197704,0.970080851079893,437,396,396,396,396,0,1.0000,0.9062,2.5591,4.2565,0.8137,0,True,1.64,True,-0.2738420509436014,0.9617550186002507,-0.006149417227153653,9.58,0.0000,0.00,0.0000,0.0000,1.0000,0.0023,0,396,0,0,0.262255
893,36,466000000,36.466000000,177.93812910701396,-19.84557068720395,-109.25455895244905,0.15487122444402385,0.12054842291605714,-0.13475082230668453,0.9712492972761074,396,354,354,354,354,0,1.0000,0.8939,2.1817,3.4628,0.8684,0,True,1.64,True,-0.9525306336186172,0.29338606353546604,-0.08130196640475212,0.96,0.0000,0.00,0.0000,0.0000,1.0000,0.0211,0,354,0,0,0.277325
894,36,499000000,36.499000000,177.130946037733,-19.329481162115588,-108.96801559663669,0.15396130790558968,0.11723473106990552,-0.12478546228005342,0.9731292421371995,354,286,286,286,286,0,1.0000,0.8079,1.8493,3.3289,0.8701,0,True,1.64,True,-0.949286020104252,0.3080619917055591,-0.0628797368079237,1.23,0.0000,0.00,0.0000,0.0000,1.0000,0.0317,0,286,0,0,0.148995
895,36,532000000,36.532000000,176.17531789325966,-19.095629704516966,-108.7888833960992,0.15411389319440302,0.116264086845823,-0.12563801061915203,0.9731118436860343,286,249,211,249,211,0,0.8474,0.8706,1.5853,3.0367,0.8401,0,True,1.64,True,-0.9957067910990711,-0.0026680687504127194,-0.09252495646221055,0.15,0.0000,0.00,0.0000,0.0000,1.0000,0.0188,0,249,0,0,0.216195
896,36,565000000,36.565000000,175.40003970525498,-18.524565827059437,-108.51901346619341,0.155632836028933,0.1136069945109508,-0.11527006882564063,0.974466357747004,211,179,179,179,179,0,1.0000,0.8483,1.3565,2.8146,0.8157,0,True,1.64,True,-0.9205310234283312,0.38161594718953235,-0.08361760434636571,1.25,0.0000,0.00,0.0000,0.0000,1.0000,0.0952,0,179,0,0,0.433822
897,36,598000000,36.598000000,174.47638863135725,-18.199087779849282,-108.31669506744575,0.15634545002941413,0.11255753414841728,-0.11538205259306869,0.9744608169141221,179,150,106,150,106,0,0.7067,0.8380,1.1109,2.4547,0.7907,0,True,1.64,True,-0.9889285085396172,0.11696571078089368,-0.09132046593797254,0.15,0.0000,0.00,0.0000,0.0000,1.0000,0.0978,0,150,0,0,0.330527
898,36,631000000,36.631000000,174.41812113864802,-18.864400685589043,-109.06098240224966,0.17314885964156893,0.13572046027702142,-0.1491629520201509,0.9640279263650259,106,97,97,97,97,0,1.0000,0.9151,0.9684,1.7450,0.8252,0,True,1.64,True,0.2610777561587561,-0.8376817850575098,-0.47971619966598245,5.21,0.0000,0.00,0.0000,0.0000,1.0000,0.0940,0,97,0,0,0.274826
899,36,664000000,36.664000000,174.41812113864802,-18.864400685589043,-109.06098240224966,0.17314885964156893,0.13572046027702142,-0.1491629520201509,0.9640279263650259,2000,0,0,0,0,0,0.0000,0.0000,0.0000,0.0000,0.0000,1,True,3.28,True,0.0,0.0,0.0,0.00,0.0000,0.00,0.0000,0.0000,1.0000,0.0851,0,2000,0,0,0.226633
900,36,697000000,36.697000000,173.48158123985715,-18.52428739459275,-108.9760355526293,0.1730044497777296,0.13640931454928507,-0.1487476432944462,0.9640207974290014,2000,1995,1728,1751,1728,0,0.8662,0.9975,24.8352,185.9033,6.1925,0,True,3.28,True,-0.9688084489970796,0.01614347815125025,-0.2472844056244817,0.09,0.0000,0.00,0.0000,0.0000,1.0000,0.1074,0,1995,0,0,0.267598
901,36,730000000,36.730000000,172.54019667446994,-18.201235913371857,-108.87891274103642,0.1728003069650113,0.13707462674768212,-0.1487328525955846,0.9639653205243234,1728,1728,1691,1695,1691,0,0.9786,1.0000,20.8231,106.2217,5.1010,0,True,3.28,True,-0.9726361511911719,0.0034591131792077174,-0.23230788176908101,0.08,0.0000,0.00,0.0000,0.0000,1.0000,0.0691,0,1728,0,0,0.164044
902,36,763000000,36.763000000,171.58090297018018,-17.921563905788865,-108.83968064850359,0.17317656102103407,0.1384883313885315,-0.15087643486348015,0.9633624251469611,1691,1691,1448,1550,1448,0,0.8563,1.0000,18.1967,100.0592,5.5621,0,True,3.28,True,-0.9601331135505575,-0.05845203975913966,-0.2733637929787126,0.31,0.0000,0.00,0.0000,0.0000,1.0000,0.1732,0,1691,0,0,0.392455
903,36,796000000,36.796000000,170.63862951477296,-17.602610020293717,-108.7377534481964,0.1730363088832165,0.13936465163507422,-0.15115104748362646,0.9632181946616815,1448,1448,1409,1409,1409,0,0.9731,1.0000,18.2427,365.1899,4.7346,0,True,3.28,True,-0.9731740818559735,-0.004061636195422155,-0.23003414858494145,0.11,0.0000,0.00,0.0000,0.0000,1.0000,0.1168,0,1448,0,0,0.255671
904,36,829000000,36.829000000,169.72490912955658,-17.20899379734241,-108.63685088792394,0.17336848601454674,0.13936830678480083,-0.14908684093010352,0.9634796090122736,1409,1393,1266,1345,1266,0,0.9088,0.9886,15.5204,128.0993,4.1299,0,True,3.28,True,-0.9644742725137425,0.0713150650031121,-0.2543689036865336,0.24,0.0000,0.00,0.0000,0.0000,1.0000,0.1165,0,1393,0,0,0.253044
905,36,862000000,36.862000000,168.78696247545176,-16.873028678208037,-108.55092351871838,0.17357616004092244,0.1399771451996681,-0.1491835414318333,0.9633389779579438,1266,1264,1250,1250,1250,0,0.9889,0.9984,14.4595,149.2785,3.6184,0,True,3.28,True,-0.9676155138635631,0.01118676555062031,-0.25218063685990716,0.08,0.0000,0.00,0.0000,0.0000,1.0000,0.1040,0,1264,0,0,0.226269
906,36,895000000,36.895000000,167.8163654134059,-16.633762916973602,-108.52459409318767,0.1747337846523969,0.14134968673671278,-0.15264497496650317,0.9623865554848314,1250,1250,1227,1235,1227,0,0.9816,1.0000,12.5713,26.8133,3.3880,0,True,3.28,True,-0.9549688774501138,-0.10423823736393137,-0.2777927878346196,0.46,0.0000,0.00,0.0000,0.0000,1.0000,0.0846,0,1250,0,0,0.186527
907,36,928000000,36.928000000,166.8863369652895,-16.271103849060157,-108.46521828873568,0.17512564147395074,0.14243517757753313,-0.15239307127237184,0.9621951889897224,1227,1227,1224,1224,1224,0,0.9976,1.0000,11.3553,23.3977,3.1629,0,True,3.28,True,-0.9574837195496734,0.021831130052545004,-0.2876600920495426,0.14,0.0000,0.00,0.0000,0.0000,1.0000,0.1305,0,1227,0,0,0.168925
908,36,961000000,36.961000000,165.9703234245828,-15.885029791734265,-108.35628704665224,0.17534347088066934,0.14303631859910662,-0.1506937137185069,0.9623339770718166,1224,1223,1210,1211,1210,0,0.9894,0.9992,10.2879,20.9777,2.8947,0,True,3.28,True,-0.9659329029495465,0.06211118086685829,-0.25122863732223355,0.21,0.0000,0.00,0.0000,0.0000,1.0000,0.1073,0,1223,0,0,0.278311
909,36,994000000,36.994000000,165.04018881045351,-15.562403868063408,-108.18089573280217,0.17511852289685867,0.14147027636198353,-0.15082231001933383,0.9625862530936738,1210,1210,1165,1165,1165,0,0.9628,1.0000,9.7188,283.4343,2.7177,0,True,3.28,True,-0.9847738007368558,0.023335992391781104,-0.17226721348352433,0.18,0.0000,0.00,0.0000,0.0000,1.0000,0.0833,0,1210,0,0,0.304636
910,37,27000000,37.027000000,164.7479209732608,-14.714567849536426,-107.73845523168254,0.18427810308711953,0.1276853476112149,-0.10796392886640918,0.9685462419480781,1165,1165,1039,1039,1039,0,0.8918,1.0000,8.6541,16.3497,2.1105,0,True,3.28,True,-0.6153125097219657,0.7882005681344815,0.011418396215600668,5.31,0.0000,0.00,0.0000,0.0000,1.0000,0.1098,0,1165,0,0,0.287339
911,37,60000000,37.060000000,163.77523365218852,-14.487551002574026,-107.69005351042762,0.18408164240749483,0.12792743656677116,-0.10859950717186241,0.9684805970921888,1039,1039,1039,1039,1039,0,1.0000,1.0000,7.9534,14.8168,1.8558,0,True,3.28,True,-0.968986843852546,-0.02694850937979978,-0.24563850325811887,0.08,0.0000,0.00,0.0000,0.0000,1.0000,0.0625,0,1039,0,0,0.174743
