frame_idx,timestamp_sec,timestamp_nanosec,timestamp_total_sec,pos_x,pos_y,pos_z,rot_x,rot_y,rot_z,rot_w,num_detected,num_matched,num_inliers,num_inliers_E,num_inliers_pose,num_inliers_H,inlier_ratio,feature_survival_rate,feature_vel_mean,feature_vel_max,mean_lk_err,consecutive_low_inliers,failure_triggered_streak,window_low_inlier_pct,failure_triggered_window,rel_tx,rel_ty,rel_tz,rel_rot_deg,eis_dt_ms,eis_crop_pct,eis_warp_deg,eis_cum_warp_deg,eis_gate_scale,eis_yaw_rate_deg,is_r_frame,num_active,num_pending,promotions_this_frame,bd_ratio
0,8,350000000,8.350000000,0.0,0.0,0.0,0.0,0.0,0.0,1.0,963,0,0,0,0,0,0.0000,0.0000,0.0000,0.0000,0.0000,1,False,100.00,True,0.0,0.0,0.0,0.00,0.0000,0.00,0.0000,0.0000,1.0000,0.0000,0,963,0,0,0.000000
1,8,383000000,8.383000000,0.0,0.0,0.0,0.0,0.0,0.0,1.0,963,963,0,963,0,0,0.0000,1.0000,0.0000,0.0000,0.0000,2,False,100.00,True,0.0,0.0,0.0,0.00,0.0000,0.00,0.0000,0.0000,1.0000,0.0000,0,963,0,0,0.000000
2,8,416000000,8.416000000,0.0,0.0,0.0,0.0,0.0,0.0,1.0,963,963,0,963,0,0,0.0000,1.0000,0.0000,0.0000,0.0000,3,False,100.00,True,0.0,0.0,0.0,0.00,0.0000,0.00,0.0000,0.0000,1.0000,0.0000,0,963,0,0,0.000000
3,8,449000000,8.449000000,0.0,0.0,0.0,0.0,0.0,0.0,1.0,963,963,0,963,0,0,0.0000,1.0000,0.0000,0.0000,0.0000,4,False,100.00,True,0.0,0.0,0.0,0.00,0.0000,0.00,0.0000,0.0000,1.0000,0.0000,0,963,0,0,0.000000
4,8,482000000,8.482000000,0.0,0.0,0.0,0.0,0.0,0.0,1.0,963,963,0,963,0,0,0.0000,1.0000,0.0000,0.0000,0.0000,5,False,100.00,True,0.0,0.0,0.0,0.00,0.0000,0.00,0.0000,0.0000,1.0000,0.0000,0,963,0,0,0.000000
5,8,515000000,8.515000000,0.0,0.0,0.0,0.0,0.0,0.0,1.0,963,963,0,963,0,0,0.0000,1.0000,0.0000,0.0000,0.0000,6,False,100.00,True,0.0,0.0,0.0,0.00,0.0000,0.00,0.0000,0.0000,1.0000,0.0000,0,963,0,0,0.000000
6,8,548000000,8.548000000,0.0,0.0,0.0,0.0,0.0,0.0,1.0,963,963,0,963,0,0,0.0000,1.0000,0.0000,0.0000,0.0000,7,False,100.00,True,0.0,0.0,0.0,0.00,0.0000,0.00,0.0000,0.0000,1.0000,0.0000,0,963,0,0,0.000000
7,8,581000000,8.581000000,0.0,0.0,0.0,0.0,0.0,0.0,1.0,963,963,0,963,0,0,0.0000,1.0000,0.0000,0.0000,0.0000,8,False,100.00,True,0.0,0.0,0.0,0.00,0.0000,0.00,0.0000,0.0000,1.0000,0.0000,0,963,0,0,0.000000
8,8,614000000,8.614000000,0.0,0.0,0.0,0.0,0.0,0.0,1.0,963,963,0,963,0,0,0.0000,1.0000,0.0000,0.0000,0.0000,9,False,100.00,True,0.0,0.0,0.0,0.00,0.0000,0.00,0.0000,0.0000,1.0000,0.0000,0,963,0,0,0.000000
9,8,647000000,8.647000000,0.0,0.0,0.0,0.0,0.0,0.0,1.0,963,963,0,963,0,0,0.0000,1.0000,0.0000,0.0000,0.0000,10,True,100.00,True,0.0,0.0,0.0,0.00,0.0000,0.00,0.0000,0.0000,1.0000,0.0000,0,963,0,0,0.000000
10,8,680000000,8.680000000,0.0,0.0,0.0,0.0,0.0,0.0,1.0,963,963,0,963,0,0,0.0000,1.0000,0.0000,0.0000,0.0000,11,True,100.00,True,0.0,0.0,0.0,0.00,0.0000,0.00,0.0000,0.0000,1.0000,0.0000,0,963,0,0,0.000000
11,8,713000000,8.713000000,0.0,0.0,0.0,0.0,0.0,0.0,1.0,963,963,0,963,0,0,0.0000,1.0000,0.0000,0.0000,0.0000,12,True,100.00,True,0.0,0.0,0.0,0.00,0.0000,0.00,0.0000,0.0000,1.0000,0.0000,0,963,0,0,0.000000
12,8,746000000,8.746000000,0.0,0.0,0.0,0.0,0.0,0.0,1.0,963,963,0,963,0,0,0.0000,1.0000,0.0000,0.0000,0.0000,13,True,100.00,True,0.0,0.0,0.0,0.00,0.0000,0.00,0.0000,0.0000,1.0000,0.0000,0,963,0,0,0.000000
13,8,779000000,8.779000000,0.0,0.0,0.0,0.0,0.0,0.0,1.0,963,963,0,963,0,0,0.0000,1.0000,0.0000,0.0000,0.0000,14,True,100.00,True,0.0,0.0,0.0,0.00,0.0000,0.00,0.0000,0.0000,1.0000,0.0000,0,963,0,0,0.000000
14,8,812000000,8.812000000,0.0,0.0,0.0,0.0,0.0,0.0,1.0,963,963,0,963,0,0,0.0000,1.0000,0.0000,0.0000,0.0000,15,True,100.00,True,0.0,0.0,0.0,0.00,0.0000,0.00,0.0000,0.0000,1.0000,0.0000,0,963,0,0,0.000000
15,8,845000000,8.845000000,0.0,0.0,0.0,0.0,0.0,0.0,1.0,963,963,0,963,0,0,0.0000,1.0000,0.0000,0.0000,0.0000,16,True,100.00,True,0.0,0.0,0.0,0.00,0.0000,0.00,0.0000,0.0000,1.0000,0.0000,0,963,0,0,0.000000
16,8,878000000,8.878000000,0.0,0.0,0.0,0.0,0.0,0.0,1.0,963,963,0,963,0,0,0.0000,1.0000,0.0000,0.0000,0.0000,17,True,100.00,True,0.0,0.0,0.0,0.00,0.0000,0.00,0.0000,0.0000,1.0000,0.0000,0,963,0,0,0.000000
17,8,911000000,8.911000000,0.0,0.0,0.0,0.0,0.0,0.0,1.0,963,963,0,963,0,0,0.0000,1.0000,0.0000,0.0000,0.0000,18,True,100.00,True,0.0,0.0,0.0,0.00,0.0000,0.00,0.0000,0.0000,1.0000,0.0000,0,963,0,0,0.000000
18,8,944000000,8.944000000,0.0,0.0,0.0,0.0,0.0,0.0,1.0,963,963,0,963,0,0,0.0000,1.0000,0.0000,0.0000,0.0000,19,True,100.00,True,0.0,0.0,0.0,0.00,0.0000,0.00,0.0000,0.0000,1.0000,0.0000,0,963,0,0,0.000000
19,8,977000000,8.977000000,0.0,0.0,0.0,0.0,0.0,0.0,1.0,963,963,0,963,0,0,0.0000,1.0000,0.0000,0.0000,0.0000,20,True,100.00,True,0.0,0.0,0.0,0.00,0.0000,0.00,0.0000,0.0000,1.0000,0.0000,0,963,0,0,0.000000
20,9,10000000,9.010000000,0.0,0.0,0.0,0.0,0.0,0.0,1.0,963,963,0,963,0,0,0.0000,1.0000,0.0000,0.0000,0.0000,21,True,100.00,True,0.0,0.0,0.0,0.00,0.0000,0.00,0.0000,0.0000,1.0000,0.0000,0,963,0,0,0.000000
21,9,43000000,9.043000000,0.0,0.0,0.0,0.0,0.0,0.0,1.0,963,963,0,963,0,0,0.0000,1.0000,0.0000,0.0000,0.0000,22,True,100.00,True,0.0,0.0,0.0,0.00,0.0000,0.00,0.0000,0.0000,1.0000,0.0000,0,963,0,0,0.000000
22,9,76000000,9.076000000,0.0,0.0,0.0,0.0,0.0,0.0,1.0,963,963,0,963,0,0,0.0000,1.0000,0.0000,0.0000,0.0000,23,True,100.00,True,0.0,0.0,0.0,0.00,0.0000,0.00,0.0000,0.0000,1.0000,0.0000,0,963,0,0,0.000000
23,9,109000000,9.109000000,0.0,0.0,0.0,0.0,0.0,0.0,1.0,963,963,0,963,0,0,0.0000,1.0000,0.0000,0.0000,0.0000,24,True,100.00,True,0.0,0.0,0.0,0.00,0.0000,0.00,0.0000,0.0000,1.0000,0.0000,0,963,0,0,0.000000
24,9,142000000,9.142000000,0.0,0.0,0.0,0.0,0.0,0.0,1.0,963,963,0,963,0,0,0.0000,1.0000,0.0000,0.0000,0.0000,25,True,100.00,True,0.0,0.0,0.0,0.00,0.0000,0.00,0.0000,0.0000,1.0000,0.0000,0,963,0,0,0.000000
25,9,175000000,9.175000000,0.0,0.0,0.0,0.0,0.0,0.0,1.0,963,963,0,963,0,0,0.0000,1.0000,0.0000,0.0000,0.0000,26,True,100.00,True,0.0,0.0,0.0,0.00,0.0000,0.00,0.0000,0.0000,1.0000,0.0000,0,963,0,0,0.000000
26,9,208000000,9.208000000,0.0,0.0,0.0,0.0,0.0,0.0,1.0,963,963,0,963,0,0,0.0000,1.0000,0.0000,0.0000,0.0000,27,True,100.00,True,0.0,0.0,0.0,0.00,0.0000,0.00,0.0000,0.0000,1.0000,0.0000,0,963,0,0,0.000000
27,9,241000000,9.241000000,0.0,0.0,0.0,0.0,0.0,0.0,1.0,963,963,0,963,0,0,0.0000,1.0000,0.0000,0.0000,0.0000,28,True,100.00,True,0.0,0.0,0.0,0.00,0.0000,0.00,0.0000,0.0000,1.0000,0.0000,0,963,0,0,0.000000
28,9,274000000,9.274000000,0.0,0.0,0.0,0.0,0.0,0.0,1.0,963,963,0,963,0,0,0.0000,1.0000,0.0000,0.0000,0.0000,29,True,100.00,True,0.0,0.0,0.0,0.00,0.0000,0.00,0.0000,0.0000,1.0000,0.0000,0,963,0,0,0.000000
29,9,307000000,9.307000000,0.0,0.0,0.0,0.0,0.0,0.0,1.0,963,963,0,963,0,0,0.0000,1.0000,0.0000,0.0000,0.0000,30,True,100.00,True,0.0,0.0,0.0,0.00,0.0000,0.00,0.0000,0.0000,1.0000,0.0000,0,963,0,0,0.000000
30,9,340000000,9.340000000,0.0,0.0,0.0,0.0,0.0,0.0,1.0,963,963,0,963,0,0,0.0000,1.0000,0.0000,0.0000,0.0000,31,True,100.00,True,0.0,0.0,0.0,0.00,0.0000,0.00,0.0000,0.0000,1.0000,0.0000,0,963,0,0,0.000000
31,9,373000000,9.373000000,0.0,0.0,0.0,0.0,0.0,0.0,1.0,963,963,0,963,0,0,0.0000,1.0000,0.0000,0.0000,0.0000,32,True,100.00,True,0.0,0.0,0.0,0.00,0.0000,0.00,0.0000,0.0000,1.0000,0.0000,0,963,0,0,0.000000
32,9,406000000,9.406000000,0.0,0.0,0.0,0.0,0.0,0.0,1.0,963,963,0,963,0,0,0.0000,1.0000,0.0000,0.0000,0.0000,33,True,100.00,True,0.0,0.0,0.0,0.00,0.0000,0.00,0.0000,0.0000,1.0000,0.0000,0,963,0,0,0.000000
33,9,439000000,9.439000000,0.0,0.0,0.0,0.0,0.0,0.0,1.0,963,963,0,963,0,0,0.0000,1.0000,0.0000,0.0000,0.0000,34,True,100.00,True,0.0,0.0,0.0,0.00,0.0000,0.00,0.0000,0.0000,1.0000,0.0000,0,963,0,0,0.000000
34,9,472000000,9.472000000,0.0,0.0,0.0,0.0,0.0,0.0,1.0,963,963,0,963,0,0,0.0000,1.0000,0.0000,0.0000,0.0000,35,True,100.00,True,0.0,0.0,0.0,0.00,0.0000,0.00,0.0000,0.0000,1.0000,0.0000,0,963,0,0,0.000000
35,9,505000000,9.505000000,0.0,0.0,0.0,0.0,0.0,0.0,1.0,963,963,0,963,0,0,0.0000,1.0000,0.0000,0.0000,0.0000,36,True,100.00,True,0.0,0.0,0.0,0.00,0.0000,0.00,0.0000,0.0000,1.0000,0.0000,0,963,0,0,0.000000
36,9,538000000,9.538000000,0.0,0.0,0.0,0.0,0.0,0.0,1.0,963,963,0,963,0,0,0.0000,1.0000,0.0000,0.0000,0.0000,37,True,100.00,True,0.0,0.0,0.0,0.00,0.0000,0.00,0.0000,0.0000,1.0000,0.0000,0,963,0,0,0.000000
37,9,571000000,9.571000000,0.0,0.0,0.0,0.0,0.0,0.0,1.0,963,963,0,963,0,0,0.0000,1.0000,0.0000,0.0000,0.0000,38,True,100.00,True,0.0,0.0,0.0,0.00,0.0000,0.00,0.0000,0.0000,1.0000,0.0000,0,963,0,0,0.000000
38,9,604000000,9.604000000,0.0,0.0,0.0,0.0,0.0,0.0,1.0,963,963,0,963,0,0,0.0000,1.0000,0.0000,0.0000,0.0000,39,True,100.00,True,0.0,0.0,0.0,0.00,0.0000,0.00,0.0000,0.0000,1.0000,0.0000,0,963,0,0,0.000000
39,9,637000000,9.637000000,0.0,0.0,0.0,0.0,0.0,0.0,1.0,963,963,0,963,0,0,0.0000,1.0000,0.0000,0.0000,0.0000,40,True,100.00,True,0.0,0.0,0.0,0.00,0.0000,0.00,0.0000,0.0000,1.0000,0.0000,0,963,0,0,0.000000
40,9,670000000,9.670000000,0.0,0.0,0.0,0.0,0.0,0.0,1.0,963,963,0,963,0,0,0.0000,1.0000,0.0000,0.0000,0.0000,41,True,100.00,True,0.0,0.0,0.0,0.00,0.0000,0.00,0.0000,0.0000,1.0000,0.0000,0,963,0,0,0.000000
41,9,703000000,9.703000000,0.0,0.0,0.0,0.0,0.0,0.0,1.0,963,963,0,963,0,0,0.0000,1.0000,0.0000,0.0000,0.0000,42,True,100.00,True,0.0,0.0,0.0,0.00,0.0000,0.00,0.0000,0.0000,1.0000,0.0000,0,963,0,0,0.000000
42,9,736000000,9.736000000,0.0,0.0,0.0,0.0,0.0,0.0,1.0,963,963,0,963,0,0,0.0000,1.0000,0.0000,0.0000,0.0000,43,True,100.00,True,0.0,0.0,0.0,0.00,0.0000,0.00,0.0000,0.0000,1.0000,0.0000,0,963,0,0,0.000000
43,9,769000000,9.769000000,0.0,0.0,0.0,0.0,0.0,0.0,1.0,963,963,0,963,0,0,0.0000,1.0000,0.0000,0.0000,0.0000,44,True,100.00,True,0.0,0.0,0.0,0.00,0.0000,0.00,0.0000,0.0000,1.0000,0.0000,0,963,0,0,0.000000
44,9,802000000,9.802000000,0.0,0.0,0.0,0.0,0.0,0.0,1.0,963,963,0,963,0,0,0.0000,1.0000,0.0000,0.0000,0.0000,45,True,100.00,True,0.0,0.0,0.0,0.00,0.0000,0.00,0.0000,0.0000,1.0000,0.0000,0,963,0,0,0.000000
45,9,835000000,9.835000000,0.0,0.0,0.0,0.0,0.0,0.0,1.0,963,963,0,963,0,0,0.0000,1.0000,0.0000,0.0000,0.0000,46,True,100.00,True,0.0,0.0,0.0,0.00,0.0000,0.00,0.0000,0.0000,1.0000,0.0000,0,963,0,0,0.000000
46,9,868000000,9.868000000,0.0,0.0,0.0,0.0,0.0,0.0,1.0,963,963,0,963,0,0,0.0000,1.0000,0.0000,0.0000,0.0000,47,True,100.00,True,0.0,0.0,0.0,0.00,0.0000,0.00,0.0000,0.0000,1.0000,0.0000,0,963,0,0,0.000000
47,9,901000000,9.901000000,0.0,0.0,0.0,0.0,0.0,0.0,1.0,963,963,0,963,0,0,0.0000,1.0000,0.0000,0.0000,0.0000,48,True,100.00,True,0.0,0.0,0.0,0.00,0.0000,0.00,0.0000,0.0000,1.0000,0.0000,0,963,0,0,0.000000
48,9,934000000,9.934000000,0.0,0.0,0.0,0.0,0.0,0.0,1.0,963,963,0,963,0,0,0.0000,1.0000,0.0000,0.0000,0.0000,49,True,100.00,True,0.0,0.0,0.0,0.00,0.0000,0.00,0.0000,0.0000,1.0000,0.0000,0,963,0,0,0.000000
49,9,967000000,9.967000000,0.0,0.0,0.0,0.0,0.0,0.0,1.0,963,963,0,963,0,0,0.0000,1.0000,0.0000,0.0000,0.0000,50,True,100.00,True,0.0,0.0,0.0,0.00,0.0000,0.00,0.0000,0.0000,1.0000,0.0000,0,963,0,0,0.000000
50,10,0,10.000000000,0.0,0.0,0.0,0.0,0.0,0.0,1.0,963,963,0,963,0,0,0.0000,1.0000,0.0000,0.0000,0.0000,51,True,100.00,True,0.0,0.0,0.0,0.00,0.0000,0.00,0.0000,0.0000,1.0000,0.0000,0,963,0,0,0.000000
51,10,33000000,10.033000000,0.0,0.0,0.0,0.0,0.0,0.0,1.0,963,963,0,963,0,0,0.0000,1.0000,0.0000,0.0000,0.0000,52,True,100.00,True,0.0,0.0,0.0,0.00,0.0000,0.00,0.0000,0.0000,1.0000,0.0000,0,963,0,0,0.000000
52,10,66000000,10.066000000,0.0,0.0,0.0,0.0,0.0,0.0,1.0,963,963,0,963,0,0,0.0000,1.0000,0.0000,0.0000,0.0000,53,True,100.00,True,0.0,0.0,0.0,0.00,0.0000,0.00,0.0000,0.0000,1.0000,0.0000,0,963,0,0,0.000000
53,10,99000000,10.099000000,0.0,0.0,0.0,0.0,0.0,0.0,1.0,963,963,0,963,0,0,0.0000,1.0000,0.0000,0.0000,0.0000,54,True,100.00,True,0.0,0.0,0.0,0.00,0.0000,0.00,0.0000,0.0000,1.0000,0.0000,0,963,0,0,0.000000
54,10,132000000,10.132000000,0.0,0.0,0.0,0.0,0.0,0.0,1.0,963,963,0,963,0,0,0.0000,1.0000,0.0000,0.0000,0.0000,55,True,100.00,True,0.0,0.0,0.0,0.00,0.0000,0.00,0.0000,0.0000,1.0000,0.0000,0,963,0,0,0.000000
55,10,165000000,10.165000000,0.0,0.0,0.0,0.0,0.0,0.0,1.0,963,963,0,963,0,0,0.0000,1.0000,0.0000,0.0000,0.0000,56,True,100.00,True,0.0,0.0,0.0,0.00,0.0000,0.00,0.0000,0.0000,1.0000,0.0000,0,963,0,0,0.000000
56,10,198000000,10.198000000,0.0,0.0,0.0,0.0,0.0,0.0,1.0,963,963,0,963,0,0,0.0000,1.0000,0.0000,0.0000,0.0000,57,True,100.00,True,0.0,0.0,0.0,0.00,0.0000,0.00,0.0000,0.0000,1.0000,0.0000,0,963,0,0,0.000000
57,10,231000000,10.231000000,0.0,0.0,0.0,0.0,0.0,0.0,1.0,963,963,0,963,0,0,0.0000,1.0000,0.0000,0.0000,0.0000,58,True,100.00,True,0.0,0.0,0.0,0.00,0.0000,0.00,0.0000,0.0000,1.0000,0.0000,0,963,0,0,0.000000
58,10,264000000,10.264000000,0.0,0.0,0.0,0.0,0.0,0.0,1.0,963,963,0,963,0,0,0.0000,1.0000,0.0000,0.0000,0.0000,59,True,100.00,True,0.0,0.0,0.0,0.00,0.0000,0.00,0.0000,0.0000,1.0000,0.0000,0,963,0,0,0.000000
59,10,297000000,10.297000000,0.0,0.0,0.0,0.0,0.0,0.0,1.0,963,963,0,963,0,0,0.0000,1.0000,0.0000,0.0000,0.0000,60,True,100.00,True,0.0,0.0,0.0,0.00,0.0000,0.00,0.0000,0.0000,1.0000,0.0000,0,963,0,0,0.000000
60,10,330000000,10.330000000,0.0,0.0,0.0,0.0,0.0,0.0,1.0,963,963,0,963,0,0,0.0000,1.0000,0.0000,0.0000,0.0000,61,True,100.00,True,0.0,0.0,0.0,0.00,0.0000,0.00,0.0000,0.0000,1.0000,0.0000,0,963,0,0,0.000000
61,10,363000000,10.363000000,0.0,0.0,0.0,0.0,0.0,0.0,1.0,963,963,0,963,0,0,0.0000,1.0000,0.0000,0.0000,0.0000,62,True,100.00,True,0.0,0.0,0.0,0.00,0.0000,0.00,0.0000,0.0000,1.0000,0.0000,0,963,0,0,0.000000
62,10,396000000,10.396000000,0.0,0.0,0.0,0.0,0.0,0.0,1.0,963,963,0,963,0,0,0.0000,1.0000,0.0000,0.0000,0.0000,63,True,100.00,True,0.0,0.0,0.0,0.00,0.0000,0.00,0.0000,0.0000,1.0000,0.0000,0,963,0,0,0.000000
63,10,429000000,10.429000000,0.0,0.0,0.0,0.0,0.0,0.0,1.0,963,963,0,963,0,0,0.0000,1.0000,0.0000,0.0000,0.0000,64,True,100.00,True,0.0,0.0,0.0,0.00,0.0000,0.00,0.0000,0.0000,1.0000,0.0000,0,963,0,0,0.000000
64,10,462000000,10.462000000,0.0,0.0,0.0,0.0,0.0,0.0,1.0,963,963,0,963,0,0,0.0000,1.0000,0.0000,0.0000,0.0000,65,True,100.00,True,0.0,0.0,0.0,0.00,0.0000,0.00,0.0000,0.0000,1.0000,0.0000,0,963,0,0,0.000000
65,10,495000000,10.495000000,0.0,0.0,0.0,0.0,0.0,0.0,1.0,963,963,0,963,0,0,0.0000,1.0000,0.0000,0.0000,0.0000,66,True,100.00,True,0.0,0.0,0.0,0.00,0.0000,0.00,0.0000,0.0000,1.0000,0.0000,0,963,0,0,0.000000
66,10,528000000,10.528000000,0.0,0.0,0.0,0.0,0.0,0.0,1.0,963,963,0,963,0,0,0.0000,1.0000,0.0000,0.0000,0.0000,67,True,100.00,True,0.0,0.0,0.0,0.00,0.0000,0.00,0.0000,0.0000,1.0000,0.0000,0,963,0,0,0.000000
67,10,561000000,10.561000000,0.0,0.0,0.0,0.0,0.0,0.0,1.0,963,963,0,963,0,0,0.0000,1.0000,0.0000,0.0000,0.0000,68,True,100.00,True,0.0,0.0,0.0,0.00,0.0000,0.00,0.0000,0.0000,1.0000,0.0000,0,963,0,0,0.000000
68,10,594000000,10.594000000,0.0,0.0,0.0,0.0,0.0,0.0,1.0,963,963,0,963,0,0,0.0000,1.0000,0.0000,0.0000,0.0000,69,True,100.00,True,0.0,0.0,0.0,0.00,0.0000,0.00,0.0000,0.0000,1.0000,0.0000,0,963,0,0,0.000000
69,10,627000000,10.627000000,0.0,0.0,0.0,0.0,0.0,0.0,1.0,963,963,0,963,0,0,0.0000,1.0000,0.0000,0.0000,0.0000,70,True,100.00,True,0.0,0.0,0.0,0.00,0.0000,0.00,0.0000,0.0000,1.0000,0.0000,0,963,0,0,0.000000
70,10,660000000,10.660000000,0.0,0.0,0.0,0.0,0.0,0.0,1.0,963,963,0,963,0,0,0.0000,1.0000,0.0000,0.0000,0.0000,71,True,100.00,True,0.0,0.0,0.0,0.00,0.0000,0.00,0.0000,0.0000,1.0000,0.0000,0,963,0,0,0.000000
71,10,693000000,10.693000000,0.0,0.0,0.0,0.0,0.0,0.0,1.0,963,963,0,963,0,0,0.0000,1.0000,0.0000,0.0000,0.0000,72,True,100.00,True,0.0,0.0,0.0,0.00,0.0000,0.00,0.0000,0.0000,1.0000,0.0000,0,963,0,0,0.000000
72,10,726000000,10.726000000,0.0,0.0,0.0,0.0,0.0,0.0,1.0,963,963,0,963,0,0,0.0000,1.0000,0.0000,0.0000,0.0000,73,True,100.00,True,0.0,0.0,0.0,0.00,0.0000,0.00,0.0000,0.0000,1.0000,0.0000,0,963,0,0,0.000000
73,10,759000000,10.759000000,0.0,0.0,0.0,0.0,0.0,0.0,1.0,963,963,0,963,0,0,0.0000,1.0000,0.0000,0.0000,0.0000,74,True,100.00,True,0.0,0.0,0.0,0.00,0.0000,0.00,0.0000,0.0000,1.0000,0.0000,0,963,0,0,0.000000
74,10,792000000,10.792000000,0.0,0.0,0.0,0.0,0.0,0.0,1.0,963,963,0,963,0,0,0.0000,1.0000,0.0000,0.0000,0.0000,75,True,100.00,True,0.0,0.0,0.0,0.00,0.0000,0.00,0.0000,0.0000,1.0000,0.0000,0,963,0,0,0.000000
75,10,825000000,10.825000000,0.0,0.0,0.0,0.0,0.0,0.0,1.0,963,963,0,963,0,0,0.0000,1.0000,0.0000,0.0000,0.0000,76,True,100.00,True,0.0,0.0,0.0,0.00,0.0000,0.00,0.0000,0.0000,1.0000,0.0000,0,963,0,0,0.000000
76,10,858000000,10.858000000,0.0,0.0,0.0,0.0,0.0,0.0,1.0,963,963,0,963,0,0,0.0000,1.0000,0.0000,0.0000,0.0000,77,True,100.00,True,0.0,0.0,0.0,0.00,0.0000,0.00,0.0000,0.0000,1.0000,0.0000,0,963,0,0,0.000000
77,10,891000000,10.891000000,0.0,0.0,0.0,0.0,0.0,0.0,1.0,963,963,0,963,0,0,0.0000,1.0000,0.0000,0.0000,0.0000,78,True,100.00,True,0.0,0.0,0.0,0.00,0.0000,0.00,0.0000,0.0000,1.0000,0.0000,0,963,0,0,0.000000
78,10,924000000,10.924000000,0.0,0.0,0.0,0.0,0.0,0.0,1.0,963,963,0,963,0,0,0.0000,1.0000,0.0000,0.0000,0.0000,79,True,100.00,True,0.0,0.0,0.0,0.00,0.0000,0.00,0.0000,0.0000,1.0000,0.0000,0,963,0,0,0.000000
79,10,957000000,10.957000000,0.0,0.0,0.0,0.0,0.0,0.0,1.0,963,963,0,963,0,0,0.0000,1.0000,0.0000,0.0000,0.0000,80,True,100.00,True,0.0,0.0,0.0,0.00,0.0000,0.00,0.0000,0.0000,1.0000,0.0000,0,963,0,0,0.000000
80,10,990000000,10.990000000,0.0,0.0,0.0,0.0,0.0,0.0,1.0,963,963,0,963,0,0,0.0000,1.0000,0.0000,0.0000,0.0000,81,True,100.00,True,0.0,0.0,0.0,0.00,0.0000,0.00,0.0000,0.0000,1.0000,0.0000,0,963,0,0,0.000000
81,11,23000000,11.023000000,0.0,0.0,0.0,0.0,0.0,0.0,1.0,963,963,0,963,0,0,0.0000,1.0000,0.0000,0.0000,0.0000,82,True,100.00,True,0.0,0.0,0.0,0.00,0.0000,0.00,0.0000,0.0000,1.0000,0.0000,0,963,0,0,0.000000
82,11,56000000,11.056000000,0.0,0.0,0.0,0.0,0.0,0.0,1.0,963,963,0,963,0,0,0.0000,1.0000,0.0000,0.0000,0.0000,83,True,100.00,True,0.0,0.0,0.0,0.00,0.0000,0.00,0.0000,0.0000,1.0000,0.0000,0,963,0,0,0.000000
83,11,89000000,11.089000000,0.0,0.0,0.0,0.0,0.0,0.0,1.0,963,963,0,963,0,0,0.0000,1.0000,0.0000,0.0000,0.0000,84,True,100.00,True,0.0,0.0,0.0,0.00,0.0000,0.00,0.0000,0.0000,1.0000,0.0000,0,963,0,0,0.000000
84,11,122000000,11.122000000,0.0,0.0,0.0,0.0,0.0,0.0,1.0,963,963,0,963,0,0,0.0000,1.0000,0.0000,0.0000,0.0000,85,True,100.00,True,0.0,0.0,0.0,0.00,0.0000,0.00,0.0000,0.0000,1.0000,0.0000,0,963,0,0,0.000000
85,11,155000000,11.155000000,0.0,0.0,0.0,0.0,0.0,0.0,1.0,963,963,0,963,0,0,0.0000,1.0000,0.0000,0.0000,0.0000,86,True,100.00,True,0.0,0.0,0.0,0.00,0.0000,0.00,0.0000,0.0000,1.0000,0.0000,0,963,0,0,0.000000
86,11,188000000,11.188000000,0.0,0.0,0.0,0.0,0.0,0.0,1.0,963,963,0,963,0,0,0.0000,1.0000,0.0000,0.0000,0.0000,87,True,100.00,True,0.0,0.0,0.0,0.00,0.0000,0.00,0.0000,0.0000,1.0000,0.0000,0,963,0,0,0.000000
87,11,221000000,11.221000000,0.0,0.0,0.0,0.0,0.0,0.0,1.0,963,963,0,963,0,0,0.0000,1.0000,0.0000,0.0000,0.0000,88,True,100.00,True,0.0,0.0,0.0,0.00,0.0000,0.00,0.0000,0.0000,1.0000,0.0000,0,963,0,0,0.000000
88,11,254000000,11.254000000,0.0,0.0,0.0,0.0,0.0,0.0,1.0,963,960,0,960,0,0,0.0000,0.9969,0.0000,0.0021,0.0000,89,True,100.00,True,0.0,0.0,0.0,0.00,0.0000,0.00,0.0000,0.0000,1.0000,0.0000,0,960,0,0,0.000000
89,11,287000000,11.287000000,0.0,0.0,0.0,0.0,0.0,0.0,1.0,960,960,0,960,0,0,0.0000,1.0000,0.0000,0.0000,0.0000,90,True,100.00,True,0.0,0.0,0.0,0.00,0.0000,0.00,0.0000,0.0000,1.0000,0.0000,0,960,0,0,0.000000
90,11,320000000,11.320000000,0.0,0.0,0.0,0.0,0.0,0.0,1.0,960,960,0,960,0,0,0.0000,1.0000,0.0000,0.0000,0.0000,91,True,100.00,True,0.0,0.0,0.0,0.00,0.0000,0.00,0.0000,0.0000,1.0000,0.0000,0,960,0,0,0.000000
91,11,353000000,11.353000000,0.0,0.0,0.0,0.0,0.0,0.0,1.0,960,960,0,960,0,0,0.0000,1.0000,0.0000,0.0000,0.0000,92,True,100.00,True,0.0,0.0,0.0,0.00,0.0000,0.00,0.0000,0.0000,1.0000,0.0000,0,960,0,0,0.000000
92,11,386000000,11.386000000,0.0,0.0,0.0,0.0,0.0,0.0,1.0,960,960,0,960,0,0,0.0000,1.0000,0.0000,0.0000,0.0000,93,True,100.00,True,0.0,0.0,0.0,0.00,0.0000,0.00,0.0000,0.0000,1.0000,0.0000,0,960,0,0,0.000000
93,11,419000000,11.419000000,0.0,0.0,0.0,0.0,0.0,0.0,1.0,960,960,0,960,0,0,0.0000,1.0000,0.0000,0.0000,0.0000,94,True,100.00,True,0.0,0.0,0.0,0.00,0.0000,0.00,0.0000,0.0000,1.0000,0.0000,0,960,0,0,0.000000
94,11,452000000,11.452000000,0.0,0.0,0.0,0.0,0.0,0.0,1.0,960,953,0,953,0,0,0.0000,0.9927,0.0000,0.0022,0.0000,95,True,100.00,True,0.0,0.0,0.0,0.00,0.0000,0.00,0.0000,0.0000,1.0000,0.0000,0,953,0,0,0.000000
95,11,485000000,11.485000000,0.0,0.0,0.0,0.0,0.0,0.0,1.0,953,953,0,953,0,0,0.0000,1.0000,0.0000,0.0013,0.0000,96,True,100.00,True,0.0,0.0,0.0,0.00,0.0000,0.00,0.0000,0.0000,1.0000,0.0000,0,953,0,0,0.000000
96,11,518000000,11.518000000,0.0,0.0,0.0,0.0,0.0,0.0,1.0,953,953,0,953,0,0,0.0000,1.0000,0.0000,0.0000,0.0000,97,True,100.00,True,0.0,0.0,0.0,0.00,0.0000,0.00,0.0000,0.0000,1.0000,0.0000,0,953,0,0,0.000000
97,11,551000000,11.551000000,0.0,0.0,0.0,0.0,0.0,0.0,1.0,953,953,0,953,0,0,0.0000,1.0000,0.0000,0.0000,0.0000,98,True,100.00,True,0.0,0.0,0.0,0.00,0.0000,0.00,0.0000,0.0000,1.0000,0.0000,0,953,0,0,0.000000
98,11,584000000,11.584000000,0.0,0.0,0.0,0.0,0.0,0.0,1.0,953,953,0,953,0,0,0.0000,1.0000,0.0000,0.0000,0.0000,99,True,100.00,True,0.0,0.0,0.0,0.00,0.0000,0.00,0.0000,0.0000,1.0000,0.0000,0,953,0,0,0.000000
99,11,617000000,11.617000000,0.0,0.0,0.0,0.0,0.0,0.0,1.0,953,953,0,953,0,0,0.0000,1.0000,0.0000,0.0000,0.0000,100,True,100.00,True,0.0,0.0,0.0,0.00,0.0000,0.00,0.0000,0.0000,1.0000,0.0000,0,953,0,0,0.000000
100,11,650000000,11.650000000,0.0,0.0,0.0,0.0,0.0,0.0,1.0,953,950,0,950,0,0,0.0000,0.9969,0.0000,0.0015,0.0000,101,True,100.00,True,0.0,0.0,0.0,0.00,0.0000,0.00,0.0000,0.0000,1.0000,0.0000,0,950,0,0,0.000000
101,11,683000000,11.683000000,0.0,0.0,0.0,0.0,0.0,0.0,1.0,950,950,0,950,0,0,0.0000,1.0000,0.0000,0.0027,0.0000,102,True,100.00,True,0.0,0.0,0.0,0.00,0.0000,0.00,0.0000,0.0000,1.0000,0.0000,0,950,0,0,0.000000
102,11,716000000,11.716000000,0.0,0.0,0.0,0.0,0.0,0.0,1.0,950,950,0,950,0,0,0.0000,1.0000,0.0000,0.0000,0.0000,103,True,100.00,True,0.0,0.0,0.0,0.00,0.0000,0.00,0.0000,0.0000,1.0000,0.0000,0,950,0,0,0.000000
103,11,749000000,11.749000000,0.0,0.0,0.0,0.0,0.0,0.0,1.0,950,950,0,950,0,0,0.0000,1.0000,0.0000,0.0000,0.0000,104,True,100.00,True,0.0,0.0,0.0,0.00,0.0000,0.00,0.0000,0.0000,1.0000,0.0000,0,950,0,0,0.000000
104,11,782000000,11.782000000,0.0,0.0,0.0,0.0,0.0,0.0,1.0,950,950,0,950,0,0,0.0000,1.0000,0.0000,0.0000,0.0000,105,True,100.00,True,0.0,0.0,0.0,0.00,0.0000,0.00,0.0000,0.0000,1.0000,0.0000,0,950,0,0,0.000000
105,11,815000000,11.815000000,0.0,0.0,0.0,0.0,0.0,0.0,1.0,950,950,0,950,0,0,0.0000,1.0000,0.0000,0.0000,0.0000,106,True,100.00,True,0.0,0.0,0.0,0.00,0.0000,0.00,0.0000,0.0000,1.0000,0.0000,0,950,0,0,0.000000
106,11,848000000,11.848000000,0.0,0.0,0.0,0.0,0.0,0.0,1.0,950,950,0,950,0,0,0.0000,1.0000,0.0000,0.0000,0.0000,107,True,100.00,True,0.0,0.0,0.0,0.00,0.0000,0.00,0.0000,0.0000,1.0000,0.0000,0,950,0,0,0.000000
107,11,881000000,11.881000000,0.0,0.0,0.0,0.0,0.0,0.0,1.0,950,950,0,950,0,0,0.0000,1.0000,0.0000,0.0023,0.0001,108,True,100.00,True,0.0,0.0,0.0,0.00,0.0000,0.00,0.0000,0.0000,1.0000,0.0000,0,950,0,0,0.000000
108,11,914000000,11.914000000,0.0,0.0,0.0,0.0,0.0,0.0,1.0,950,950,0,950,0,0,0.0000,1.0000,0.0000,0.0000,0.0000,109,True,100.00,True,0.0,0.0,0.0,0.00,0.0000,0.00,0.0000,0.0000,1.0000,0.0000,0,950,0,0,0.000000
109,11,947000000,11.947000000,0.0,0.0,0.0,0.0,0.0,0.0,1.0,950,950,0,950,0,0,0.0000,1.0000,0.0000,0.0000,0.0000,110,True,100.00,True,0.0,0.0,0.0,0.00,0.0000,0.00,0.0000,0.0000,1.0000,0.0000,0,950,0,0,0.000000
110,11,980000000,11.980000000,0.0,0.0,0.0,0.0,0.0,0.0,1.0,950,950,0,950,0,0,0.0000,1.0000,0.0000,0.0000,0.0000,111,True,100.00,True,0.0,0.0,0.0,0.00,0.0000,0.00,0.0000,0.0000,1.0000,0.0000,0,950,0,0,0.000000
111,12,13000000,12.013000000,0.0,0.0,0.0,0.0,0.0,0.0,1.0,950,950,0,950,0,0,0.0000,1.0000,0.0000,0.0000,0.0000,112,True,100.00,True,0.0,0.0,0.0,0.00,0.0000,0.00,0.0000,0.0000,1.0000,0.0000,0,950,0,0,0.000000
112,12,46000000,12.046000000,0.0,0.0,0.0,0.0,0.0,0.0,1.0,950,950,0,950,0,0,0.0000,1.0000,0.0000,0.0000,0.0000,113,True,100.00,True,0.0,0.0,0.0,0.00,0.0000,0.00,0.0000,0.0000,1.0000,0.0000,0,950,0,0,0.000000
113,12,79000000,12.079000000,0.0,0.0,0.0,0.0,0.0,0.0,1.0,950,950,0,950,0,0,0.0000,1.0000,0.0000,0.0028,0.0000,114,True,100.00,True,0.0,0.0,0.0,0.00,0.0000,0.00,0.0000,0.0000,1.0000,0.0000,0,950,0,0,0.000000
114,12,112000000,12.112000000,0.0,0.0,0.0,0.0,0.0,0.0,1.0,950,950,0,950,0,0,0.0000,1.0000,0.0000,0.0036,0.0000,115,True,100.00,True,0.0,0.0,0.0,0.00,0.0000,0.00,0.0000,0.0000,1.0000,0.0000,0,950,0,0,0.000000
115,12,145000000,12.145000000,0.0,0.0,0.0,0.0,0.0,0.0,1.0,950,950,0,950,0,0,0.0000,1.0000,0.0000,0.0000,0.0000,116,True,100.00,True,0.0,0.0,0.0,0.00,0.0000,0.00,0.0000,0.0000,1.0000,0.0000,0,950,0,0,0.000000
116,12,178000000,12.178000000,0.0,0.0,0.0,0.0,0.0,0.0,1.0,950,950,0,950,0,0,0.0000,1.0000,0.0000,0.0000,0.0000,117,True,100.00,True,0.0,0.0,0.0,0.00,0.0000,0.00,0.0000,0.0000,1.0000,0.0000,0,950,0,0,0.000000
117,12,211000000,12.211000000,0.0,0.0,0.0,0.0,0.0,0.0,1.0,950,950,0,950,0,0,0.0000,1.0000,0.0000,0.0000,0.0000,118,True,100.00,True,0.0,0.0,0.0,0.00,0.0000,0.00,0.0000,0.0000,1.0000,0.0000,0,950,0,0,0.000000
118,12,244000000,12.244000000,0.0,0.0,0.0,0.0,0.0,0.0,1.0,950,950,0,950,0,0,0.0000,1.0000,0.0000,0.0000,0.0000,119,True,100.00,True,0.0,0.0,0.0,0.00,0.0000,0.00,0.0000,0.0000,1.0000,0.0000,0,950,0,0,0.000000
119,12,277000000,12.277000000,0.0,0.0,0.0,0.0,0.0,0.0,1.0,950,950,0,950,0,0,0.0000,1.0000,0.0000,0.0020,0.0000,120,True,100.00,True,0.0,0.0,0.0,0.00,0.0000,0.00,0.0000,0.0000,1.0000,0.0000,0,950,0,0,0.000000
120,12,310000000,12.310000000,0.0,0.0,0.0,0.0,0.0,0.0,1.0,950,950,0,950,0,0,0.0000,1.0000,0.0000,0.0013,0.0000,121,True,100.00,True,0.0,0.0,0.0,0.00,0.0000,0.00,0.0000,0.0000,1.0000,0.0000,0,950,0,0,0.000000
121,12,343000000,12.343000000,0.0,0.0,0.0,0.0,0.0,0.0,1.0,950,950,0,950,0,0,0.0000,1.0000,0.0000,0.0000,0.0000,122,True,100.00,True,0.0,0.0,0.0,0.00,0.0000,0.00,0.0000,0.0000,1.0000,0.0000,0,950,0,0,0.000000
122,12,376000000,12.376000000,0.0,0.0,0.0,0.0,0.0,0.0,1.0,950,950,0,950,0,0,0.0000,1.0000,0.0000,0.0000,0.0000,123,True,100.00,True,0.0,0.0,0.0,0.00,0.0000,0.00,0.0000,0.0000,1.0000,0.0000,0,950,0,0,0.000000
123,12,409000000,12.409000000,0.0,0.0,0.0,0.0,0.0,0.0,1.0,950,950,0,950,0,0,0.0000,1.0000,0.0000,0.0000,0.0000,124,True,100.00,True,0.0,0.0,0.0,0.00,0.0000,0.00,0.0000,0.0000,1.0000,0.0000,0,950,0,0,0.000000
124,12,442000000,12.442000000,0.0,0.0,0.0,0.0,0.0,0.0,1.0,950,950,0,950,0,0,0.0000,1.0000,0.0000,0.0014,0.0000,125,True,100.00,True,0.0,0.0,0.0,0.00,0.0000,0.00,0.0000,0.0000,1.0000,0.0000,0,950,0,0,0.000000
125,12,475000000,12.475000000,0.0,0.0,0.0,0.0,0.0,0.0,1.0,950,950,0,950,0,0,0.0000,1.0000,0.0000,0.0015,0.0000,126,True,100.00,True,0.0,0.0,0.0,0.00,0.0000,0.00,0.0000,0.0000,1.0000,0.0000,0,950,0,0,0.000000
126,12,508000000,12.508000000,0.0,0.0,0.0,0.0,0.0,0.0,1.0,950,950,0,950,0,0,0.0000,1.0000,0.0000,0.0000,0.0000,127,True,100.00,True,0.0,0.0,0.0,0.00,0.0000,0.00,0.0000,0.0000,1.0000,0.0000,0,950,0,0,0.000000
127,12,541000000,12.541000000,0.0,0.0,0.0,0.0,0.0,0.0,1.0,950,950,0,950,0,0,0.0000,1.0000,0.0000,0.0000,0.0000,128,True,100.00,True,0.0,0.0,0.0,0.00,0.0000,0.00,0.0000,0.0000,1.0000,0.0000,0,950,0,0,0.000000
128,12,574000000,12.574000000,0.0,0.0,0.0,0.0,0.0,0.0,1.0,950,950,0,950,0,0,0.0000,1.0000,0.0000,0.0000,0.0000,129,True,100.00,True,0.0,0.0,0.0,0.00,0.0000,0.00,0.0000,0.0000,1.0000,0.0000,0,950,0,0,0.000000
129,12,607000000,12.607000000,0.0,0.0,0.0,0.0,0.0,0.0,1.0,950,950,0,950,0,0,0.0000,1.0000,0.0000,0.0026,0.0000,130,True,100.00,True,0.0,0.0,0.0,0.00,0.0000,0.00,0.0000,0.0000,1.0000,0.0000,0,950,0,0,0.000000
130,12,640000000,12.640000000,0.0,0.0,0.0,0.0,0.0,0.0,1.0,950,950,0,950,0,0,0.0000,1.0000,0.0000,0.0000,0.0000,131,True,100.00,True,0.0,0.0,0.0,0.00,0.0000,0.00,0.0000,0.0000,1.0000,0.0000,0,950,0,0,0.000000
131,12,673000000,12.673000000,0.0,0.0,0.0,0.0,0.0,0.0,1.0,950,950,0,950,0,0,0.0000,1.0000,0.0000,0.0000,0.0000,132,True,100.00,True,0.0,0.0,0.0,0.00,0.0000,0.00,0.0000,0.0000,1.0000,0.0000,0,950,0,0,0.000000
132,12,706000000,12.706000000,0.0,0.0,0.0,0.0,0.0,0.0,1.0,950,950,0,950,0,0,0.0000,1.0000,0.0000,0.0000,0.0000,133,True,100.00,True,0.0,0.0,0.0,0.00,0.0000,0.00,0.0000,0.0000,1.0000,0.0000,0,950,0,0,0.000000
133,12,739000000,12.739000000,0.0,0.0,0.0,0.0,0.0,0.0,1.0,950,950,0,950,0,0,0.0000,1.0000,0.0000,0.0013,0.0000,134,True,100.00,True,0.0,0.0,0.0,0.00,0.0000,0.00,0.0000,0.0000,1.0000,0.0000,0,950,0,0,0.000000
134,12,772000000,12.772000000,0.0,0.0,0.0,0.0,0.0,0.0,1.0,950,950,0,950,0,0,0.0000,1.0000,0.0000,0.0000,0.0000,135,True,100.00,True,0.0,0.0,0.0,0.00,0.0000,0.00,0.0000,0.0000,1.0000,0.0000,0,950,0,0,0.000000
135,12,805000000,12.805000000,0.0,0.0,0.0,0.0,0.0,0.0,1.0,950,950,0,950,0,0,0.0000,1.0000,0.0000,0.0000,0.0000,136,True,100.00,True,0.0,0.0,0.0,0.00,0.0000,0.00,0.0000,0.0000,1.0000,0.0000,0,950,0,0,0.000000
136,12,838000000,12.838000000,0.0,0.0,0.0,0.0,0.0,0.0,1.0,950,950,0,950,0,0,0.0000,1.0000,0.0000,0.0000,0.0000,137,True,100.00,True,0.0,0.0,0.0,0.00,0.0000,0.00,0.0000,0.0000,1.0000,0.0000,0,950,0,0,0.000000
137,12,871000000,12.871000000,0.0,0.0,0.0,0.0,0.0,0.0,1.0,950,950,0,950,0,0,0.0000,1.0000,0.0000,0.0010,0.0000,138,True,100.00,True,0.0,0.0,0.0,0.00,0.0000,0.00,0.0000,0.0000,1.0000,0.0000,0,950,0,0,0.000000
138,12,904000000,12.904000000,0.0,0.0,0.0,0.0,0.0,0.0,1.0,950,950,0,950,0,0,0.0000,1.0000,0.0000,0.0000,0.0000,139,True,100.00,True,0.0,0.0,0.0,0.00,0.0000,0.00,0.0000,0.0000,1.0000,0.0000,0,950,0,0,0.000000
139,12,937000000,12.937000000,0.0,0.0,0.0,0.0,0.0,0.0,1.0,950,950,0,950,0,0,0.0000,1.0000,0.0000,0.0000,0.0000,140,True,100.00,True,0.0,0.0,0.0,0.00,0.0000,0.00,0.0000,0.0000,1.0000,0.0000,0,950,0,0,0.000000
140,12,970000000,12.970000000,0.0,0.0,0.0,0.0,0.0,0.0,1.0,950,950,0,950,0,0,0.0000,1.0000,0.0000,0.0024,0.0000,141,True,100.00,True,0.0,0.0,0.0,0.00,0.0000,0.00,0.0000,0.0000,1.0000,0.0000,0,950,0,0,0.000000
141,13,3000000,13.003000000,0.0,0.0,0.0,0.0,0.0,0.0,1.0,950,950,0,950,0,0,0.0000,1.0000,0.0000,0.0000,0.0000,142,True,100.00,True,0.0,0.0,0.0,0.00,0.0000,0.00,0.0000,0.0000,1.0000,0.0000,0,950,0,0,0.000000
142,13,36000000,13.036000000,0.0,0.0,0.0,0.0,0.0,0.0,1.0,950,950,0,950,0,0,0.0000,1.0000,0.0000,0.0000,0.0000,143,True,100.00,True,0.0,0.0,0.0,0.00,0.0000,0.00,0.0000,0.0000,1.0000,0.0000,0,950,0,0,0.000000
143,13,69000000,13.069000000,0.0,0.0,0.0,0.0,0.0,0.0,1.0,950,950,0,950,0,0,0.0000,1.0000,0.0000,0.0024,0.0000,144,True,100.00,True,0.0,0.0,0.0,0.00,0.0000,0.00,0.0000,0.0000,1.0000,0.0000,0,950,0,0,0.000000
144,13,102000000,13.102000000,0.0,0.0,0.0,0.0,0.0,0.0,1.0,950,950,0,950,0,0,0.0000,1.0000,0.0000,0.0000,0.0000,145,True,100.00,True,0.0,0.0,0.0,0.00,0.0000,0.00,0.0000,0.0000,1.0000,0.0000,0,950,0,0,0.000000
145,13,135000000,13.135000000,0.0,0.0,0.0,0.0,0.0,0.0,1.0,950,950,0,950,0,0,0.0000,1.0000,0.0000,0.0000,0.0000,146,True,100.00,True,0.0,0.0,0.0,0.00,0.0000,0.00,0.0000,0.0000,1.0000,0.0000,0,950,0,0,0.000000
146,13,168000000,13.168000000,0.0,0.0,0.0,0.0,0.0,0.0,1.0,950,950,0,950,0,0,0.0000,1.0000,0.0000,0.0000,0.0000,147,True,100.00,True,0.0,0.0,0.0,0.00,0.0000,0.00,0.0000,0.0000,1.0000,0.0000,0,950,0,0,0.000000
147,13,201000000,13.201000000,0.0,0.0,0.0,0.0,0.0,0.0,1.0,950,950,0,950,0,0,0.0000,1.0000,0.0000,0.0000,0.0000,148,True,100.00,True,0.0,0.0,0.0,0.00,0.0000,0.00,0.0000,0.0000,1.0000,0.0000,0,950,0,0,0.000000
148,13,234000000,13.234000000,0.0,0.0,0.0,0.0,0.0,0.0,1.0,950,950,0,950,0,0,0.0000,1.0000,0.0000,0.0029,0.0001,149,True,100.00,True,0.0,0.0,0.0,0.00,0.0000,0.00,0.0000,0.0000,1.0000,0.0000,0,950,0,0,0.000000
149,13,267000000,13.267000000,0.0,0.0,0.0,0.0,0.0,0.0,1.0,950,950,0,950,0,0,0.0000,1.0000,0.0000,0.0000,0.0000,150,True,100.00,True,0.0,0.0,0.0,0.00,0.0000,0.00,0.0000,0.0000,1.0000,0.0000,0,950,0,0,0.000000
150,13,300000000,13.300000000,0.0,0.0,0.0,0.0,0.0,0.0,1.0,950,950,0,950,0,0,0.0000,1.0000,0.0000,0.0021,0.0000,151,True,100.00,True,0.0,0.0,0.0,0.00,0.0000,0.00,0.0000,0.0000,1.0000,0.0000,0,950,0,0,0.000000
151,13,333000000,13.333000000,0.0,0.0,0.0,0.0,0.0,0.0,1.0,950,950,0,950,0,0,0.0000,1.0000,0.0000,0.0000,0.0000,152,True,100.00,True,0.0,0.0,0.0,0.00,0.0000,0.00,0.0000,0.0000,1.0000,0.0000,0,950,0,0,0.000000
152,13,366000000,13.366000000,0.0,0.0,0.0,0.0,0.0,0.0,1.0,950,950,0,950,0,0,0.0000,1.0000,0.0000,0.0000,0.0000,153,True,100.00,True,0.0,0.0,0.0,0.00,0.0000,0.00,0.0000,0.0000,1.0000,0.0000,0,950,0,0,0.000000
153,13,399000000,13.399000000,0.0,0.0,0.0,0.0,0.0,0.0,1.0,950,950,0,950,0,0,0.0000,1.0000,0.0000,0.0000,0.0000,154,True,100.00,True,0.0,0.0,0.0,0.00,0.0000,0.00,0.0000,0.0000,1.0000,0.0000,0,950,0,0,0.000000
154,13,432000000,13.432000000,0.0,0.0,0.0,0.0,0.0,0.0,1.0,950,950,0,950,0,0,0.0000,1.0000,0.0000,0.0000,0.0000,155,True,100.00,True,0.0,0.0,0.0,0.00,0.0000,0.00,0.0000,0.0000,1.0000,0.0000,0,950,0,0,0.000000
155,13,465000000,13.465000000,0.0,0.0,0.0,0.0,0.0,0.0,1.0,950,950,0,950,0,0,0.0000,1.0000,0.0000,0.0000,0.0000,156,True,100.00,True,0.0,0.0,0.0,0.00,0.0000,0.00,0.0000,0.0000,1.0000,0.0000,0,950,0,0,0.000000
156,13,498000000,13.498000000,0.0,0.0,0.0,0.0,0.0,0.0,1.0,950,950,0,950,0,0,0.0000,1.0000,0.0000,0.0000,0.0000,157,True,100.00,True,0.0,0.0,0.0,0.00,0.0000,0.00,0.0000,0.0000,1.0000,0.0000,0,950,0,0,0.000000
157,13,531000000,13.531000000,0.0,0.0,0.0,0.0,0.0,0.0,1.0,950,950,0,950,0,0,0.0000,1.0000,0.0000,0.0000,0.0000,158,True,100.00,True,0.0,0.0,0.0,0.00,0.0000,0.00,0.0000,0.0000,1.0000,0.0000,0,950,0,0,0.000000
158,13,564000000,13.564000000,0.0,0.0,0.0,0.0,0.0,0.0,1.0,950,950,0,950,0,0,0.0000,1.0000,0.0000,0.0000,0.0000,159,True,100.00,True,0.0,0.0,0.0,0.00,0.0000,0.00,0.0000,0.0000,1.0000,0.0000,0,950,0,0,0.000000
159,13,597000000,13.597000000,0.0,0.0,0.0,0.0,0.0,0.0,1.0,950,950,0,950,0,0,0.0000,1.0000,0.0000,0.0000,0.0000,160,True,100.00,True,0.0,0.0,0.0,0.00,0.0000,0.00,0.0000,0.0000,1.0000,0.0000,0,950,0,0,0.000000
160,13,630000000,13.630000000,0.0,0.0,0.0,0.0,0.0,0.0,1.0,950,950,0,950,0,0,0.0000,1.0000,0.0000,0.0000,0.0000,161,True,100.00,True,0.0,0.0,0.0,0.00,0.0000,0.00,0.0000,0.0000,1.0000,0.0000,0,950,0,0,0.000000
161,13,663000000,13.663000000,0.0,0.0,0.0,0.0,0.0,0.0,1.0,950,950,0,950,0,0,0.0000,1.0000,0.0000,0.0000,0.0000,162,True,100.00,True,0.0,0.0,0.0,0.00,0.0000,0.00,0.0000,0.0000,1.0000,0.0000,0,950,0,0,0.000000
162,13,696000000,13.696000000,0.0,0.0,0.0,0.0,0.0,0.0,1.0,950,950,0,950,0,0,0.0000,1.0000,0.0000,0.0023,0.0000,163,True,100.00,True,0.0,0.0,0.0,0.00,0.0000,0.00,0.0000,0.0000,1.0000,0.0000,0,950,0,0,0.000000
163,13,729000000,13.729000000,0.0,0.0,0.0,0.0,0.0,0.0,1.0,950,950,0,950,0,0,0.0000,1.0000,0.0000,0.0000,0.0000,164,True,100.00,True,0.0,0.0,0.0,0.00,0.0000,0.00,0.0000,0.0000,1.0000,0.0000,0,950,0,0,0.000000
164,13,762000000,13.762000000,0.0,0.0,0.0,0.0,0.0,0.0,1.0,950,950,0,950,0,0,0.0000,1.0000,0.0000,0.0000,0.0000,165,True,100.00,True,0.0,0.0,0.0,0.00,0.0000,0.00,0.0000,0.0000,1.0000,0.0000,0,950,0,0,0.000000
165,13,795000000,13.795000000,0.0,0.0,0.0,0.0,0.0,0.0,1.0,950,950,0,950,0,0,0.0000,1.0000,0.0000,0.0000,0.0000,166,True,100.00,True,0.0,0.0,0.0,0.00,0.0000,0.00,0.0000,0.0000,1.0000,0.0000,0,950,0,0,0.000000
166,13,828000000,13.828000000,0.0,0.0,0.0,0.0,0.0,0.0,1.0,950,950,0,950,0,0,0.0000,1.0000,0.0000,0.0000,0.0000,167,True,100.00,True,0.0,0.0,0.0,0.00,0.0000,0.00,0.0000,0.0000,1.0000,0.0000,0,950,0,0,0.000000
167,13,861000000,13.861000000,0.0,0.0,0.0,0.0,0.0,0.0,1.0,950,950,0,950,0,0,0.0000,1.0000,0.0000,0.0003,0.0000,168,True,100.00,True,0.0,0.0,0.0,0.00,0.0000,0.00,0.0000,0.0000,1.0000,0.0000,0,950,0,0,0.000000
168,13,894000000,13.894000000,0.0,0.0,0.0,0.0,0.0,0.0,1.0,950,950,0,950,0,0,0.0000,1.0000,0.0000,0.0000,0.0000,169,True,100.00,True,0.0,0.0,0.0,0.00,0.0000,0.00,0.0000,0.0000,1.0000,0.0000,0,950,0,0,0.000000
169,13,927000000,13.927000000,0.0,0.0,0.0,0.0,0.0,0.0,1.0,950,950,0,950,0,0,0.0000,1.0000,0.0000,0.0000,0.0000,170,True,100.00,True,0.0,0.0,0.0,0.00,0.0000,0.00,0.0000,0.0000,1.0000,0.0000,0,950,0,0,0.000000
170,13,960000000,13.960000000,0.0,0.0,0.0,0.0,0.0,0.0,1.0,950,950,0,950,0,0,0.0000,1.0000,0.0000,0.0000,0.0000,171,True,100.00,True,0.0,0.0,0.0,0.00,0.0000,0.00,0.0000,0.0000,1.0000,0.0000,0,950,0,0,0.000000
171,13,993000000,13.993000000,0.0,0.0,0.0,0.0,0.0,0.0,1.0,950,950,0,950,0,0,0.0000,1.0000,0.0000,0.0029,0.0001,172,True,100.00,True,0.0,0.0,0.0,0.00,0.0000,0.00,0.0000,0.0000,1.0000,0.0000,0,950,0,0,0.000000
172,14,26000000,14.026000000,0.0,0.0,0.0,0.0,0.0,0.0,1.0,950,950,0,950,0,0,0.0000,1.0000,0.0000,0.0000,0.0000,173,True,100.00,True,0.0,0.0,0.0,0.00,0.0000,0.00,0.0000,0.0000,1.0000,0.0000,0,950,0,0,0.000000
173,14,59000000,14.059000000,0.0,0.0,0.0,0.0,0.0,0.0,1.0,950,950,0,950,0,0,0.0000,1.0000,0.0000,0.0000,0.0000,174,True,100.00,True,0.0,0.0,0.0,0.00,0.0000,0.00,0.0000,0.0000,1.0000,0.0000,0,950,0,0,0.000000
174,14,92000000,14.092000000,0.0,0.0,0.0,0.0,0.0,0.0,1.0,950,950,0,950,0,0,0.0000,1.0000,0.0000,0.0000,0.0000,175,True,100.00,True,0.0,0.0,0.0,0.00,0.0000,0.00,0.0000,0.0000,1.0000,0.0000,0,950,0,0,0.000000
175,14,125000000,14.125000000,-0.9840777593515388,0.17716751164636013,0.014235040101513005,6.0197837978682016e-05,-5.2128436898070794e-05,-5.573804200748043e-05,0.9999999952760585,950,950,23,950,23,0,0.0242,1.0000,0.1046,5.0067,0.8482,0,True,98.36,True,-0.9840777593515388,0.17716751164636013,0.014235040101513005,0.01,0.0000,0.00,0.0000,0.0000,1.0000,0.0851,0,950,0,0,0.000011
176,14,158000000,14.158000000,-0.9840777593515388,0.17716751164636013,0.014235040101513005,6.0197837978682016e-05,-5.2128436898070794e-05,-5.573804200748043e-05,0.9999999952760585,1061,0,0,0,0,0,0.0000,0.0000,0.0000,0.0000,0.0000,1,True,98.36,True,0.0,0.0,0.0,0.00,0.0000,0.00,0.0000,0.0000,1.0000,0.0453,0,1061,0,0,0.000022
177,14,191000000,14.191000000,-0.24276264564355987,-0.49264929887099373,0.05663011689688452,0.0004749026248046578,-0.001093134195276939,-0.00041032229100732183,0.9999992055800573,1061,1061,822,1052,822,0,0.7747,1.0000,1.1066,25.6546,3.1220,0,True,96.72,True,0.7413941975251275,-0.6697290628176881,0.04239842324206655,0.13,0.0000,0.00,0.0000,0.0000,1.0000,0.2579,0,1061,0,0,0.000388
178,14,224000000,14.224000000,0.5739624615123495,-1.0659624218449069,0.12199189752644396,0.0026351855341833407,-0.00316641356629849,-0.00026118148718066954,0.9999914806669896,822,822,144,822,144,0,0.1752,1.0000,2.2194,8.7723,2.0015,0,True,95.08,True,0.8173368342555424,-0.5725811392489963,0.06411971885036159,0.34,0.0000,0.00,0.0000,0.0000,1.0000,0.4489,0,822,0,0,0.001429
179,14,257000000,14.257000000,1.4257063860113672,-1.5704839946925466,-0.019395052403013285,0.006430289032739531,-0.0055253935343565295,9.729218679023851e-06,0.9999640600114528,144,144,90,144,90,0,0.6250,1.0000,2.0034,8.3981,1.2143,0,True,93.44,True,0.8511035126532089,-0.5048291845650895,-0.14411906591674756,0.51,0.0000,0.00,0.0000,0.0000,1.0000,0.4918,0,144,0,0,0.003323
180,14,290000000,14.290000000,1.4257063860113672,-1.5704839946925466,-0.019395052403013285,0.006430289032739531,-0.0055253935343565295,9.729218679023851e-06,0.9999640600114528,1144,0,0,0,0,0,0.0000,0.0000,0.0000,0.0000,0.0000,1,True,93.44,True,0.0,0.0,0.0,0.00,0.0000,0.00,0.0000,0.0000,1.0000,0.4739,0,1144,0,0,0.005066
181,14,323000000,14.323000000,1.2418257277213465,-1.760784533135431,0.9449563402828564,0.011139469240576365,-0.00796743128250537,0.0001800572624281395,0.9999061955219495,1144,1068,452,946,452,0,0.4232,0.9336,10.2360,211.6770,3.0814,0,True,91.80,True,-0.17320303106417292,-0.17786658970897448,0.9686919976419144,0.61,0.0000,0.00,0.0000,0.0000,1.0000,0.3540,0,1068,0,0,0.005470
182,14,356000000,14.356000000,0.5568051445738794,-1.1680457115208176,0.5213911268679408,0.015262087257961696,-0.0074976169166030195,0.0008691303251511096,0.9998550390159466,452,450,233,445,233,0,0.5178,0.9956,2.7347,7.2126,1.2855,0,True,90.16,True,-0.6915758688378075,0.583525454971656,-0.4257004358012256,0.48,0.0000,0.00,0.0000,0.0000,1.0000,0.3399,0,450,0,0,0.007523
183,14,389000000,14.389000000,0.9309846971625894,-0.35575006287426825,0.968789653479724,0.020043771806024097,-0.00746736376491603,0.002419927666741341,0.9997682879749079,233,233,232,232,232,0,0.9957,1.0000,2.1251,5.7304,1.7712,0,True,88.52,True,0.3820825371517587,0.8248287019605691,0.416737983900817,0.58,0.0000,0.00,0.0000,0.0000,1.0000,0.2868,0,233,0,0,0.009446
184,14,422000000,14.422000000,1.047981057685109,-0.47689978189675003,1.9545049253535327,0.017887802289658968,-0.015303278723422261,0.002533620254110185,0.9997196691863012,232,232,232,232,232,0,1.0000,1.0000,2.7967,6.1455,2.0501,0,True,86.89,True,0.13124559826197452,-0.08218196936650536,0.987937607770804,0.93,0.0000,0.00,0.0000,0.0000,1.0000,0.1863,0,232,0,0,0.008844
185,14,455000000,14.455000000,0.9327310704703283,-0.38111832762957193,0.965797004142493,0.001780421613873829,-0.003962318571211289,0.0060817374977095474,0.999972070909696,232,232,177,232,177,0,0.7629,1.0000,4.1954,6.7245,2.2248,0,True,85.25,True,-0.14510383490120055,0.06108082461963464,-0.9875292451166956,2.29,0.0000,0.00,0.0000,0.0000,1.0000,0.1844,0,232,0,0,0.013302
186,14,488000000,14.488000000,0.6118413203036441,-0.7837529187823471,1.8230689296394145,0.0025046957190869774,-0.0002010116830307015,0.0060405899095761885,0.999978598454588,177,177,147,177,147,0,0.8305,1.0000,5.3994,8.0897,2.2306,0,True,83.61,True,-0.3189356101782942,-0.39568349170204997,0.8612285706795108,0.44,0.0000,0.00,0.0000,0.0000,1.0000,0.1234,0,177,0,0,0.014206
187,14,521000000,14.521000000,0.5828949893908503,-0.9245622779915987,2.812682406854517,-0.0012051240075485828,0.0038362241889541896,0.006474785080703437,0.9999709536872845,147,147,121,147,121,0,0.8231,1.0000,7.3597,10.9873,2.3485,0,True,81.97,True,-0.03021739652520465,-0.13549273712402438,0.9903174375592295,0.63,0.0000,0.00,0.0000,0.0000,1.0000,0.1100,0,147,0,0,0.021541
188,14,554000000,14.554000000,0.7238259264079873,-0.8914297517329265,3.802147265601501,-0.003268043386255257,-0.022708773395385146,0.007683160751556941,0.999707257422976,121,121,120,120,120,0,0.9917,1.0000,9.0333,13.8186,2.3843,0,True,80.33,True,0.1337368667025912,0.028967774525431336,0.9905934173633585,3.05,0.0000,0.00,0.0000,0.0000,1.0000,0.0459,0,121,0,0,0.016316
189,14,587000000,14.587000000,0.8348154398131854,-0.8082932321410282,4.792485413419822,-0.005228963894850368,-0.06427667968789963,0.011138350997548374,0.9978562539373799,120,120,118,118,118,0,0.9833,1.0000,10.5433,14.8167,2.3651,0,True,78.69,True,0.15706723530643954,0.07461978106276343,0.9847648307425163,4.79,0.0000,0.00,0.0000,0.0000,1.0000,0.0330,0,120,0,0,0.022824
190,14,620000000,14.620000000,0.1225688682728624,-0.6558667638156538,5.477664946887444,-0.00925196268121482,-0.055212000644390115,0.01151553327807581,0.9983653783383671,118,118,98,117,98,0,0.8305,1.0000,11.9584,16.9414,2.3516,0,True,77.05,True,-0.6148803298758466,0.1596027435484063,0.7723012004286876,1.14,0.0000,0.00,0.0000,0.0000,1.0000,0.0101,0,118,0,0,0.030785
191,14,653000000,14.653000000,0.1225688682728624,-0.6558667638156538,5.477664946887444,-0.00925196268121482,-0.055212000644390115,0.01151553327807581,0.9983653783383671,2000,0,0,0,0,0,0.0000,0.0000,0.0000,0.0000,0.0000,1,True,77.05,True,0.0,0.0,0.0,0.00,0.0000,0.00,0.0000,0.0000,1.0000,0.0100,0,2000,0,0,0.025276
192,14,686000000,14.686000000,-0.02528734592829468,-0.6981631126854776,6.465768969141368,-0.015168373359541697,-0.05001734806924752,0.01105984365748046,0.9985719128836026,2000,1967,1375,1777,1375,0,0.6990,0.9835,14.0396,150.1899,3.5073,0,True,75.41,True,-0.03920981251147727,-0.05853960630725826,0.997514764349985,0.90,0.0000,0.00,0.0000,0.0000,1.0000,0.0273,0,1967,0,0,0.034141
193,14,719000000,14.719000000,-0.3526803346373662,-0.6056193797801607,7.406114378256598,-0.019680737328677107,-0.041003687337577255,0.010672982879527509,0.9989081307304367,1375,1374,1011,1310,1011,0,0.7358,0.9993,13.4081,40.7899,2.6506,0,True,73.77,True,-0.22987292977885992,0.06968657290573263,0.9707225235418913,1.16,0.0000,0.00,0.0000,0.0000,1.0000,0.0357,0,1374,0,0,0.032702
194,14,752000000,14.752000000,-0.3686227653629936,-0.4012426034431124,8.384876848009416,-0.019872711294818383,-0.03748685719187822,0.010590210528315274,0.9990433715933631,1011,1011,1008,1008,1008,0,0.9970,1.0000,17.0513,36.6696,2.2820,0,True,72.13,True,0.06856944131277395,0.1651459513757142,0.9838826385612587,0.40,0.0000,0.00,0.0000,0.0000,1.0000,0.0465,0,1011,0,0,0.035967
195,14,785000000,14.785000000,-0.5537469391477003,-0.3825617404086868,9.36741441250088,-0.02565302702027517,-0.030340634147320838,0.010041559012094824,0.9991599147367962,1008,1007,1007,1007,1007,0,1.0000,0.9990,17.9760,38.0496,2.1381,0,True,70.49,True,-0.11095877045661634,-0.017490783012037842,0.9936710842972044,1.06,0.0000,0.00,0.0000,0.0000,1.0000,0.0529,0,1007,0,0,0.036012
196,14,818000000,14.818000000,-0.47095789384054765,-0.24223176148629208,10.354051869215741,-0.02787206544272594,-0.033240003483663835,0.010131209165284098,0.9990073116535292,1007,1001,999,999,999,0,0.9980,0.9940,18.6736,37.3672,1.9919,0,True,68.85,True,0.1449660752476265,0.08740545049880005,0.9855684269752158,0.42,0.0000,0.00,0.0000,0.0000,1.0000,0.0640,0,1001,0,0,0.039209
197,14,851000000,14.851000000,-0.5193017362079217,-0.45268653675386106,11.33045939708115,-0.04009947985910331,-0.026481562280187033,0.009335758405867126,0.9988010823928943,999,991,906,906,906,0,0.9142,0.9920,19.2427,83.2473,1.9555,0,True,67.21,True,0.011418574025948766,-0.26422816612298056,0.9643926028306627,1.60,0.0000,0.00,0.0000,0.0000,1.0000,0.0755,0,991,0,0,0.041394
198,14,884000000,14.884000000,-0.3514438487299155,-0.28388385903644775,12.301710850416923,-0.044606830051802035,-0.03354561609490189,0.010889363840235968,0.9983818628704642,906,889,882,882,882,0,0.9921,0.9812,19.1246,115.8075,1.7659,0,True,65.57,True,0.2217513698165332,0.08717628166000911,0.9711985512244269,0.98,0.0000,0.00,0.0000,0.0000,1.0000,0.0700,0,889,0,0,0.034709
199,14,917000000,14.917000000,-0.2547989357589618,-0.2606334334531943,13.29675817517441,-0.05331283732971553,-0.03706636904148003,0.010911417334445133,0.9978300289296217,882,870,854,854,854,0,0.9816,0.9864,19.0014,74.2949,1.6735,0,True,63.93,True,0.16266386723458998,-0.0680149112516206,0.984334515367475,1.08,0.0000,0.00,0.0000,0.0000,1.0000,0.0936,0,870,0,0,0.041822
200,14,950000000,14.950000000,-0.2745350820466252,0.15608951157034012,14.205577448528922,-0.04997321388152041,-0.030958795655215195,0.009158555355540797,0.998228606948193,854,834,778,816,778,0,0.9329,0.9766,18.5467,37.3187,1.4973,0,True,62.30,True,0.057213819355617805,0.31717828111633317,0.9466385354837564,0.82,0.0000,0.00,0.0000,0.0000,1.0000,0.0680,0,834,0,0,0.027747
201,14,983000000,14.983000000,-0.15527102394540565,0.37013165738969867,15.175093845635374,-0.05075074294575271,-0.03299409683251683,0.008797565879213431,0.9981274239791539,778,772,764,764,764,0,0.9896,0.9923,18.5966,66.6653,1.4520,0,True,60.66,True,0.18262773824876316,0.11384765798291681,0.9765683898191392,0.25,0.0000,0.00,0.0000,0.0000,1.0000,0.0981,0,772,0,0,0.036828
202,15,16000000,15.016000000,-0.01895003477513063,0.5576808106078136,16.147843506667854,-0.05414277263529136,-0.036602258360868375,0.009622217709396058,0.9978157383909118,764,737,734,734,734,0,0.9959,0.9647,18.0450,42.7243,1.3009,0,True,59.02,True,0.2031261119096833,0.08550108028916419,0.975412398901019,0.58,0.0000,0.00,0.0000,0.0000,1.0000,0.1578,0,737,0,0,0.035847
203,15,49000000,15.049000000,0.01914358661610404,1.00569176141261,17.04105964174843,-0.04912302054576074,-0.03160928553297781,0.007129215170533659,0.9982669764204402,734,702,650,693,650,0,0.9259,0.9564,17.4121,42.0095,1.2402,0,True,57.38,True,0.11267702080538608,0.34758054984346026,0.9308553326661132,0.86,0.0000,0.00,0.0000,0.0000,1.0000,0.0899,0,702,0,0,0.040987
204,15,82000000,15.082000000,-0.2175311525484565,1.2929728245872587,17.969205459269915,-0.04933441334632425,-0.025562052127183786,0.006089811589727108,0.9984365835372935,650,630,619,619,619,0,0.9825,0.9692,17.0583,31.3549,1.1953,0,True,55.74,True,-0.17327223317338517,0.1970522352842809,0.9649596622556699,0.70,0.0000,0.00,0.0000,0.0000,1.0000,0.1701,0,630,0,0,0.050449
205,15,115000000,15.115000000,-0.3209007809901029,1.254488871044977,18.96310369613101,-0.055278513098640916,-0.020936919084805453,0.005655951890003102,0.9982354139265235,619,592,580,580,580,0,0.9797,0.9564,16.4841,96.6957,1.1927,0,True,54.10,True,-0.0536564163633475,-0.13552034007500346,0.9893205882872337,0.86,0.0000,0.00,0.0000,0.0000,1.0000,0.1096,0,592,0,0,0.022083
206,15,148000000,15.148000000,-0.17497755502370432,1.666396952150423,19.862569173424934,-0.053241936541687684,-0.020418213272237563,0.005742326071014432,0.9983563584468996,580,552,541,541,541,0,0.9801,0.9517,15.6993,37.9957,1.2075,0,True,52.46,True,0.18842582338288338,0.3085746158443652,0.9323504789181936,0.24,0.0000,0.00,0.0000,0.0000,1.0000,0.1561,0,552,0,0,0.043121
207,15,181000000,15.181000000,-0.6609588349627395,1.9877397841286062,20.675318199807037,-0.0550915622890714,-0.0130303829589313,0.005670100686288679,0.9983801775088988,541,518,505,505,505,0,0.9749,0.9575,14.9431,34.9340,1.2662,0,True,50.82,True,-0.44852265775812583,0.23742234081922314,0.8616600591634197,0.87,0.0000,0.00,0.0000,0.0000,1.0000,0.2058,0,518,0,0,0.044860
208,15,214000000,15.214000000,-0.3717922986980503,2.506549192831969,21.47981774097878,-0.04984577200330224,-0.010019831495127852,0.0032410142477771785,0.9987014057348922,505,472,465,465,465,0,0.9852,0.9347,14.2275,43.9370,1.0550,0,True,49.18,True,0.3160977922207433,0.42415049537579697,0.8486333383892231,0.75,0.0000,0.00,0.0000,0.0000,1.0000,0.1624,0,472,0,0,0.032706
209,15,247000000,15.247000000,-0.08717433318840817,2.750161380610229,22.406988553545183,-0.053572700012680025,-0.015394158125409937,0.006254763937640708,0.9984256925966227,465,439,426,426,426,0,0.9704,0.9441,13.5849,30.2982,1.2803,0,True,47.54,True,0.30463172148576473,0.14846703044217882,0.9408278562714333,0.83,0.0000,0.00,0.0000,0.0000,1.0000,0.1868,0,439,0,0,0.035064
210,15,280000000,15.280000000,0.23975674784151457,2.9756404338284397,23.32474411185928,-0.054965450755071234,-0.022884601102290392,0.008171208628754815,0.9981925293274971,426,397,393,393,393,0,0.9899,0.9319,12.7150,26.0342,1.0349,0,True,45.90,True,0.3575352653631058,0.12226785999063658,0.9258612771009724,0.90,0.0000,0.00,0.0000,0.0000,1.0000,0.1815,0,397,0,0,0.031903
211,15,313000000,15.313000000,0.3057102161966112,3.4871347038784277,24.18149597308747,-0.05178784656743508,-0.02019255261080051,0.00705275038802317,0.9984290352743815,393,375,369,369,369,0,0.9840,0.9542,12.0759,19.5271,0.9516,0,True,44.26,True,0.11387868370403406,0.41309165563022576,0.9035413269167688,0.49,0.0000,0.00,0.0000,0.0000,1.0000,0.1846,0,375,0,0,0.030808
212,15,346000000,15.346000000,0.3130205376359875,3.7113495350107053,25.15600829661179,-0.052262122708872386,-0.019247423992238572,0.006862300563812853,0.9984243166262516,369,341,335,335,335,0,0.9824,0.9241,11.5944,26.2018,0.9571,0,True,42.62,True,0.04951234389530084,0.12184739195520251,0.9913131396666285,0.12,0.0000,0.00,0.0000,0.0000,1.0000,0.0900,0,341,0,0,0.014555
213,15,379000000,15.379000000,0.5602148644973853,4.173588821245958,26.00761255154965,-0.04938897498104606,-0.018244232026437553,0.006409136075704957,0.9985924094057846,335,322,312,312,312,0,0.9689,0.9612,11.0786,27.4716,1.0994,0,True,40.98,True,0.286371775378544,0.3676827112878849,0.8847602105014276,0.35,0.0000,0.00,0.0000,0.0000,1.0000,0.2826,0,322,0,0,0.044123
214,15,412000000,15.412000000,-0.04661623337788223,4.51246070336521,26.726585336959815,-0.04937014206662011,-0.012897410559238766,0.006128408067761816,0.998678471024455,312,297,279,290,279,0,0.9394,0.9519,10.4445,27.7142,0.9565,0,True,39.34,True,-0.5756868287507946,0.2727780005163515,0.7708286694442253,0.61,0.0000,0.00,0.0000,0.0000,1.0000,0.1654,0,297,0,0,0.025059
215,15,445000000,15.445000000,-0.5975810988044314,4.684862066562728,27.54311181358696,-0.05022022822489684,-0.008167435250647104,0.005975434286675054,0.9986868958104694,279,266,262,262,262,0,0.9850,0.9534,9.9641,22.4352,1.0088,0,True,37.70,True,-0.5278701068747091,0.09694390084773168,0.8437742768990462,0.55,0.0000,0.00,0.0000,0.0000,1.0000,0.1837,0,266,0,0,0.027479
216,15,478000000,15.478000000,-1.184394374135227,5.304536009688434,27.021907070605295,-0.05200838405909137,-0.0010939673921464001,0.007919706960801161,0.9986146451282206,262,246,186,243,186,0,0.7561,0.9389,9.4555,19.1026,1.0788,0,True,36.07,True,-0.586978637786505,0.6753584750695769,-0.44648293241062936,0.87,0.0000,0.00,0.0000,0.0000,1.0000,0.1688,0,246,0,0,0.025199
217,15,511000000,15.511000000,-0.950117231605621,5.392770027880055,27.99006458801758,-0.05272643385510652,-0.0038604191847938472,0.00774373484080693,0.9985715071577779,186,175,170,170,170,0,0.9714,0.9409,9.0832,23.4994,1.2840,0,True,34.43,True,0.23697065237465198,-0.016515267270212786,0.9713764233602366,0.33,0.0000,0.00,0.0000,0.0000,1.0000,0.1751,0,175,0,0,0.016604
218,15,544000000,15.544000000,-0.5938223164548264,5.497711272763268,28.918526363515124,-0.05410668523185059,-0.00977483799042659,0.008583961799146547,0.9984504167735688,170,160,157,157,157,0,0.9812,0.9412,8.3607,14.4327,1.0572,0,True,32.79,True,0.36430732035723534,0.0011553849999525337,0.9312780687955841,0.70,0.0000,0.00,0.0000,0.0000,1.0000,0.1548,0,160,0,0,0.033434
219,15,577000000,15.577000000,-1.5416645999037528,5.7984495064614014,29.02412712344826,-0.054639775003610565,-0.003890229243609097,0.009266007627072989,0.9984555584534757,157,150,140,144,140,0,0.9333,0.9554,8.0744,18.3080,1.1791,0,True,31.15,True,-0.9400851423563253,0.3027503150926883,0.15678702698936986,0.68,0.0000,0.00,0.0000,0.0000,1.0000,0.1408,0,150,0,0,0.022040
220,15,610000000,15.610000000,-1.3572273967026312,6.72268864694677,28.689814501385893,-0.03996151508117897,0.002776038181260918,0.027216650382391808,0.9988266240276115,140,136,131,131,131,0,0.9632,0.9714,7.8718,33.4404,1.1681,0,True,29.51,True,0.1996358568100047,0.9517286960954869,-0.23314805104079164,2.77,0.0000,0.00,0.0000,0.0000,1.0000,0.1363,0,136,0,0,0.021636
221,15,643000000,15.643000000,-1.0443793044802199,6.80070518426106,29.63640812649557,-0.04131228230542031,-0.0008758133552131847,0.028115024107428194,0.9987502559204292,131,128,125,125,125,0,0.9766,0.9771,7.1215,13.7747,1.1246,0,True,27.87,True,0.30929573458832305,-0.014849820986847563,0.9508499520860946,0.46,0.0000,0.00,0.0000,0.0000,1.0000,0.1648,0,128,0,0,0.026833
222,15,676000000,15.676000000,-1.686869799089805,7.290348183402861,29.046954398262596,-0.041796098643771484,0.004962836457945386,0.030045799707427323,0.9986619579779701,125,117,114,116,114,0,0.9744,0.9360,6.9199,17.4524,0.8997,0,True,26.23,True,-0.6136020332514397,0.5719047144755803,-0.5444424141727978,0.71,0.0000,0.00,0.0000,0.0000,1.0000,0.1202,0,117,0,0,0.020570
223,15,709000000,15.709000000,-1.3140971897923155,7.329593444085999,29.9740468377051,-0.04136832702228865,-0.002207499032613603,0.029306670756121162,0.998711623801681,114,110,109,109,109,0,0.9909,0.9649,6.5254,9.6725,0.9469,0,True,24.59,True,0.36290189577175136,-0.060605405668394716,0.929854396585314,0.83,0.0000,0.00,0.0000,0.0000,1.0000,0.1012,0,110,0,0,0.018260
224,15,742000000,15.742000000,-2.1920045155740335,7.6283910977431235,30.348210825159526,-0.04109614005482176,0.00188190114001702,0.029968997100070283,0.9987038724934982,109,104,100,103,100,0,0.9615,0.9541,6.3762,14.6447,1.1705,0,True,22.95,True,-0.8581026400939755,0.3175265417729522,0.4035303635830378,0.48,0.0000,0.00,0.0000,0.0000,1.0000,0.1070,0,104,0,0,0.020596
225,15,775000000,15.775000000,-2.7831959656273138,7.016814487049875,29.82240979945032,-0.038698889096240106,0.009556604731454928,0.023610865545227882,0.9989262206574261,100,95,92,92,92,0,0.9684,0.9500,6.1858,15.4046,1.3041,0,True,21.31,True,-0.6233682728436231,-0.5298304647632057,-0.575057975356193,1.17,0.0000,0.00,0.0000,0.0000,1.0000,0.0867,0,95,0,0,0.017895
226,15,808000000,15.808000000,-2.7831959656273138,7.016814487049875,29.82240979945032,-0.038698889096240106,0.009556604731454928,0.023610865545227882,0.9989262206574261,2000,0,0,0,0,0,0.0000,0.0000,0.0000,0.0000,0.0000,1,True,21.31,True,0.0,0.0,0.0,0.00,0.0000,0.00,0.0000,0.0000,1.0000,0.0595,0,2000,0,0,0.013122
227,15,841000000,15.841000000,-2.666625420072449,7.160339974118048,30.805167013858274,-0.037723013605205434,0.008580007711741472,0.02362185024515509,0.9989721547186405,2000,1999,1986,1986,1986,0,0.9935,0.9995,2.8662,15.9451,2.2869,0,True,19.67,True,0.10252397398381974,0.061812548814357875,0.9928081605061663,0.16,0.0000,0.00,0.0000,0.0000,1.0000,0.0748,0,1999,0,0,0.013379
228,15,874000000,15.874000000,-2.7657059385833422,7.438882630564174,31.760466463974073,-0.03584261248210708,0.009292618486783897,0.023376516386342677,0.9990407863814948,1986,1986,1532,1982,1532,0,0.7714,1.0000,2.7500,8.8546,1.6173,0,True,18.03,True,-0.10406842108792187,0.21056708130594465,0.9720243145120201,0.23,0.0000,0.00,0.0000,0.0000,1.0000,0.0659,0,1986,0,0,0.022699
229,15,907000000,15.907000000,-2.6521124195616754,7.303299192126994,32.74469897901197,-0.036463988500311934,0.008393347346429983,0.023213563287175474,0.9990300594789345,1532,1528,1468,1525,1468,0,0.9607,0.9974,3.1809,8.9709,1.1383,0,True,16.39,True,0.08728323642657349,-0.210527951108538,0.9736835309488109,0.13,0.0000,0.00,0.0000,0.0000,1.0000,0.0464,0,1528,0,0,0.014704
230,15,940000000,15.940000000,-2.3334733129546796,7.3410840582525525,33.691821686813114,-0.035330495021561284,0.004454108552584655,0.02273452447000882,0.999107130609954,1468,1465,1464,1464,1464,0,0.9993,0.9980,3.1934,6.3933,0.9108,0,True,14.75,True,0.3024931745417241,-0.0459662005064246,0.9520425346415323,0.47,0.0000,0.00,0.0000,0.0000,1.0000,0.0370,0,1465,0,0,0.013694
231,15,973000000,15.973000000,-2.2066490546718187,7.647247226128743,34.63531504775797,-0.032841462850858434,0.004626074806651993,0.02239392091707919,0.9991989541906349,1464,1460,1426,1458,1426,0,0.9767,0.9973,3.0945,7.0888,0.8878,0,True,13.11,True,0.13058727640147985,0.23286343503324666,0.9637020202669291,0.29,0.0000,0.00,0.0000,0.0000,1.0000,0.0356,0,1460,0,0,0.015601
232,16,6000000,16.006000000,-2.1906050783302735,7.361271944227802,35.59341771916893,-0.03354810814595682,0.005022139934389488,0.022381235950747445,0.9991738501520261,1426,1424,1417,1421,1417,0,0.9951,0.9986,3.0159,19.9850,0.8594,0,True,11.48,True,-0.006950542948692055,-0.34847651111950534,0.9372917428158086,0.09,0.0000,0.00,0.0000,0.0000,1.0000,0.0203,0,1424,0,0,0.010434
233,16,39000000,16.039000000,-2.051867440289452,7.6483289908211045,36.54123105511224,-0.03178159039200651,0.003989075140763832,0.02262220284797253,0.9992308310545573,1417,1416,1415,1415,1415,0,0.9993,0.9993,2.9092,6.8742,0.8357,0,True,9.84,True,0.1403981204758065,0.21654237296374795,0.9661251308593987,0.24,0.0000,0.00,0.0000,0.0000,1.0000,0.0265,0,1416,0,0,0.016058
234,16,72000000,16.072000000,-1.9940856343248807,7.433428278408125,37.51615615310894,-0.03260556781599035,0.0035654485144280463,0.02269431256108705,0.9992042497415968,1415,1412,1412,1412,1412,0,1.0000,0.9979,2.8318,5.1769,0.8212,0,True,8.20,True,0.03888573998665962,-0.2786192875022791,0.9596140848577684,0.11,0.0000,0.00,0.0000,0.0000,1.0000,0.0193,0,1412,0,0,0.013282
235,16,105000000,16.105000000,-1.7514541361997007,7.453965842435851,38.486057263831746,-0.032026581434888846,0.0007922173864917594,0.022633602668326654,0.9992303991089639,1412,1407,1407,1407,1407,0,1.0000,0.9965,2.7541,13.5742,0.7940,0,True,6.56,True,0.23495591904520094,-0.053628682248280456,0.970525466201654,0.32,0.0000,0.00,0.0000,0.0000,1.0000,0.0132,0,1407,0,0,0.009692
236,16,138000000,16.138000000,-1.5951522065669885,7.478739782341644,39.47345584530461,-0.0315419916748705,-0.0010605351394214395,0.02265056865741028,0.9992451800063369,1407,1403,1401,1401,1401,0,0.9986,0.9972,2.6569,13.6194,0.7770,0,True,6.56,True,0.1542661700589107,-0.045542019987101647,0.9869791655302809,0.22,0.0000,0.00,0.0000,0.0000,1.0000,0.0151,0,1403,0,0,0.011918
237,16,171000000,16.171000000,-1.4494592608613353,7.867064857524276,40.38338837113057,-0.029323244024383,-0.0008360268969490349,0.022467004093574567,0.999317107902178,1401,1399,1306,1399,1306,0,0.9335,0.9986,2.5611,4.9353,0.7529,0,True,4.92,True,0.16377577431936455,0.3231660457619709,0.9320628748172862,0.26,0.0000,0.00,0.0000,0.0000,1.0000,0.0131,0,1399,0,0,0.006440
238,16,204000000,16.204000000,-1.6308340322746058,7.687030143520004,41.35018239989171,-0.02953979619484022,-0.0005137451901971511,0.022541832131184596,0.9993092625963277,1306,1304,1304,1304,1304,0,1.0000,0.9985,2.4722,5.9622,0.7807,0,True,4.92,True,-0.18894282881189609,-0.22810459302700686,0.9551276888880053,0.05,0.0000,0.00,0.0000,0.0000,1.0000,0.0174,0,1304,0,0,0.013121
239,16,237000000,16.237000000,-1.9983380902688799,7.7645581640069485,42.2769672580962,-0.028731854107261617,6.685694555185511e-05,0.022568467578197863,0.9993323473003761,1304,1302,1302,1302,1302,0,1.0000,0.9985,2.3957,4.1327,0.8045,0,True,4.92,True,-0.36391784750331024,0.039122043366119054,0.9306090833381206,0.11,0.0000,0.00,0.0000,0.0000,1.0000,0.0122,0,1302,0,0,0.016606
240,16,270000000,16.270000000,-2.2336197869251304,7.710311430864122,43.247379446375945,-0.028525586900518252,0.00018496906835527532,0.022664425333548142,0.9993360698497401,1302,1301,1299,1299,1299,0,0.9985,0.9992,2.3203,5.5465,0.8592,0,True,4.92,True,-0.23887687521517606,-0.09921152564321646,0.9659683802625106,0.03,0.0000,0.00,0.0000,0.0000,1.0000,0.0158,0,1301,0,0,0.012627
241,16,303000000,16.303000000,-2.5403960049826417,7.791032520796121,44.19573194290586,-0.027793131020268837,0.00041241596610453574,0.02274216400001242,0.9993548747856077,1299,1293,1291,1291,1291,0,0.9985,0.9954,2.2432,4.6341,0.8493,0,True,3.28,True,-0.3043821657260189,0.0403458621507078,0.9516951763013485,0.09,0.0000,0.00,0.0000,0.0000,1.0000,0.0119,0,1293,0,0,0.004303
242,16,336000000,16.336000000,-3.455753701092233,7.929866323927296,44.57368096497244,-0.02730345464310692,0.0021264582260541267,0.02369329095376401,0.9993440986485811,1291,1283,777,1281,777,0,0.6056,0.9938,2.1641,4.9761,0.8108,0,True,3.28,True,-0.9088923502696508,0.15911612935850644,0.38548249376499244,0.23,0.0000,0.00,0.0000,0.0000,1.0000,0.0167,0,1283,0,0,0.014825
243,16,369000000,16.369000000,-4.271793889198257,8.330157140956056,44.15673291881041,-0.02737831989960006,0.004729941541095818,0.02493971402122145,0.9993027899075597,777,775,774,775,774,0,0.9987,0.9974,1.9467,5.3364,0.7779,0,True,3.28,True,-0.7938955763909383,0.46069462273566136,-0.3968504483673247,0.33,0.0000,0.00,0.0000,0.0000,1.0000,0.0204,0,775,0,0,0.010638
244,16,402000000,16.402000000,-4.305605668782177,8.143977076971618,45.13866659647715,-0.027670503557152684,0.00418357683137809,0.02492583548788242,0.9992975250860079,774,774,774,774,774,0,1.0000,1.0000,1.8763,3.3147,0.7600,0,True,3.28,True,-0.053623510854940326,-0.23747349268096196,0.9699128101832117,0.07,0.0000,0.00,0.0000,0.0000,1.0000,0.0239,0,774,0,0,0.010152
245,16,435000000,16.435000000,-4.306698789019621,8.276271492381435,46.129876459593696,-0.02656619132381807,0.0033975596432903126,0.024923132798927678,0.9993305416720254,774,774,773,773,773,0,0.9987,1.0000,1.8320,19.6602,0.7681,0,True,3.28,True,-0.004186962864756663,0.07737285843416716,0.9969934353443334,0.16,0.0000,0.00,0.0000,0.0000,1.0000,0.0253,0,774,0,0,0.008814
246,16,468000000,16.468000000,-3.485495230771492,7.976045367824404,45.64460438121489,-0.026736072132491198,0.004553064817343276,0.024641111683000066,0.9993284083136641,773,772,514,771,514,0,0.6658,0.9987,1.7588,6.2397,0.7455,0,True,3.28,True,0.8092013455879719,-0.31479992345853003,-0.49607881479571303,0.14,0.0000,0.00,0.0000,0.0000,1.0000,0.0253,0,772,0,0,0.007492
247,16,501000000,16.501000000,-3.205331878925725,7.618929990649634,46.53565830981173,-0.028435866333036724,0.00042611727723361616,0.02328157390357466,0.9993243658825338,514,513,512,512,512,0,0.9981,0.9981,1.7203,6.2558,0.7311,0,True,3.28,True,0.2530281707848879,-0.41745179797686155,0.8727604145211555,0.53,0.0000,0.00,0.0000,0.0000,1.0000,0.0352,0,513,0,0,0.008809
248,16,534000000,16.534000000,-2.3540732186736433,8.136317027657315,46.44808350017881,-0.02701439109072771,0.0015992027517361797,0.022676163684625897,0.9993765340576615,512,511,146,511,146,0,0.2857,0.9980,1.6710,2.4513,0.6840,0,True,3.28,True,0.8745884251343936,0.4813337365129151,-0.05842020810863886,0.22,0.0000,0.00,0.0000,0.0000,1.0000,0.0575,0,511,0,0,0.012026
249,16,567000000,16.567000000,-2.204974880176737,8.977437112694217,46.96797453492068,-0.023903078391944464,-0.00017157966141501707,0.024504593387928382,0.9994138973952187,146,145,145,145,145,0,1.0000,0.9932,1.7449,2.4233,0.5886,0,True,3.28,True,0.18469579741283654,0.8042229184721259,0.5649008406988015,0.46,0.0000,0.00,0.0000,0.0000,1.0000,0.0447,0,145,0,0,0.008123
250,16,600000000,16.600000000,-1.7021780495644074,8.17357989004461,47.28579352856369,-0.025367577109630793,-0.002207089063850444,0.023258658453644845,0.9994051478736679,145,145,145,145,145,0,1.0000,1.0000,1.6849,2.2603,0.6082,0,True,3.28,True,0.46254975800090575,-0.8417838201256027,0.27829430743019185,0.32,0.0000,0.00,0.0000,0.0000,1.0000,0.0498,0,145,0,0,0.008187
251,16,633000000,16.633000000,-1.3823176148100234,8.55466254540643,48.15324111318256,-0.020786923172001037,-0.01062847126188486,0.02523563526172492,0.999408876354725,145,145,145,145,145,0,1.0000,1.0000,1.6288,2.6458,0.6451,0,True,3.28,True,0.34007349687126764,0.32127253859399035,0.8838178390772168,1.12,0.0000,0.00,0.0000,0.0000,1.0000,0.0550,0,145,0,0,0.008324
252,16,666000000,16.666000000,-1.5272290778129047,8.47110815588295,49.13915152081691,-0.020490150410390623,-0.011157185480141716,0.025186004880610537,0.9994104942947493,145,145,145,145,145,0,1.0000,1.0000,1.5790,2.3512,0.6275,0,True,1.64,True,-0.12903498453916845,-0.11762298371835449,0.9846394296726941,0.07,0.0000,0.00,0.0000,0.0000,1.0000,0.0446,0,145,0,0,0.006326
253,16,699000000,16.699000000,-1.0345107279253472,7.706109255185796,49.553886749144844,-0.024834632712713755,-0.016138930144505768,0.018714216267854102,0.9993860885870361,145,145,145,145,145,0,1.0000,1.0000,1.5054,2.1293,0.5972,0,True,1.64,True,0.46193003032467206,-0.8051843458076577,0.37188548822257345,1.06,0.0000,0.00,0.0000,0.0000,1.0000,0.0649,0,145,0,0,0.008609
254,16,732000000,16.732000000,-0.15776166658377966,7.745825746742662,49.07458133113343,-0.024698782081149954,-0.015191944362602822,0.018382510905610334,0.999410455360057,145,144,140,144,140,0,0.9722,0.9931,1.4646,2.2456,0.5742,0,True,1.64,True,0.8621797425359151,0.03162895332840682,-0.5056141818343828,0.12,0.0000,0.00,0.0000,0.0000,1.0000,0.0670,0,144,0,0,0.008180
255,16,765000000,16.765000000,-0.4684175561531336,7.184544272375792,48.307472456977735,-0.030817214669153648,-0.0028590190525608567,0.013026618881090983,0.9994360572295855,140,140,140,140,140,0,1.0000,1.0000,1.3777,1.8838,0.5634,0,True,1.64,True,-0.35394454869658076,-0.5107365126524741,-0.7834995029300038,1.69,0.0000,0.00,0.0000,0.0000,1.0000,0.0603,0,140,0,0,0.006801
256,16,798000000,16.798000000,-1.1887332971807782,7.195308396830169,49.001035263688514,-0.03002073009854713,-0.0019440689273305016,0.012696599602092634,0.9994667441785644,140,140,87,140,87,0,0.6214,1.0000,1.3476,2.2562,0.6147,0,True,1.64,True,-0.7163705929458812,-0.013405831802025474,0.6975911820228681,0.14,0.0000,0.00,0.0000,0.0000,1.0000,0.0723,0,140,0,0,0.007502
257,16,831000000,16.831000000,-1.1887332971807782,7.195308396830169,49.001035263688514,-0.03002073009854713,-0.0019440689273305016,0.012696599602092634,0.9994667441785644,2000,0,0,0,0,0,0.0000,0.0000,0.0000,0.0000,0.0000,1,True,3.28,True,0.0,0.0,0.0,0.00,0.0000,0.00,0.0000,0.0000,1.0000,0.1014,0,2000,0,0,0.009510
258,16,864000000,16.864000000,-0.978973401964161,6.822506662451589,49.90492665827253,-0.030570960361643848,-0.003190584528214985,0.012293890188842483,0.9994518982006887,2000,1894,1881,1881,1881,0,0.9931,0.9470,1.0959,15.8571,2.0194,0,True,3.28,True,0.20300910941533,-0.4315953603231605,0.8789270427298934,0.16,0.0000,0.00,0.0000,0.0000,1.0000,0.0780,0,1894,0,0,0.006610
259,16,897000000,16.897000000,-1.8396693773250639,6.78960131423792,50.41298145458538,-0.030869006240918935,-0.002496512217698098,0.012002448414472854,0.9994482543446173,1881,1881,993,1879,993,0,0.5279,1.0000,1.0038,9.1523,1.3998,0,True,3.28,True,-0.8583750102935243,-0.042937071639710125,0.5112227983791398,0.09,0.0000,0.00,0.0000,0.0000,1.0000,0.0966,0,1881,0,0,0.007491
260,16,930000000,16.930000000,-2.4656590831548844,6.648610111599573,49.64600142291983,-0.02916235610651343,-0.0022657196851450906,0.011698319146870105,0.9995036632397918,993,993,269,993,269,0,0.2709,1.0000,1.2372,2.8299,0.7281,0,True,3.28,True,-0.6324649862902578,-0.07838817652412484,-0.7706123116704576,0.20,0.0000,0.00,0.0000,0.0000,1.0000,0.0884,0,993,0,0,0.006289
261,16,963000000,16.963000000,-3.116475760791104,5.9234314422650405,49.42116025753248,-0.030623083842843794,0.005583454686589367,-0.003964404475758382,0.99950754637815,269,269,269,269,269,0,1.0000,1.0000,1.3010,3.0225,0.9104,0,True,3.28,True,-0.668550957679765,-0.6954941734500912,-0.26330110459784156,2.01,0.0000,0.00,0.0000,0.0000,1.0000,0.0980,0,269,0,0,0.006483
262,16,996000000,16.996000000,-2.678673372384963,5.241448523034638,48.83530330691752,-0.02892962604224738,0.005578500194151955,-0.004443007215779674,0.9995560098161184,269,268,264,268,264,0,0.9851,0.9963,1.2686,2.3483,0.9577,0,True,3.28,True,0.4497959348486479,-0.6414728038389763,-0.621446907570223,0.20,0.0000,0.00,0.0000,0.0000,1.0000,0.0763,0,268,0,0,0.004814
263,17,29000000,17.029000000,-1.8348814354902583,5.54373253914585,49.27874387884926,-0.02841408779774843,0.0010597783266102438,-5.436933955798432e-05,0.9995956750249049,264,264,264,264,264,0,1.0000,1.0000,1.2470,2.2607,0.8950,0,True,3.28,True,0.8360923561784441,0.2833206441561499,0.46976481832393746,0.72,0.0000,0.00,0.0000,0.0000,1.0000,0.1401,0,264,0,0,0.008451
264,17,62000000,17.062000000,-1.5791541416530332,4.898007570215604,48.559269893435804,-0.02654645759923561,0.0007753287076640978,-0.0005215485380184444,0.9996471439670348,264,264,193,264,193,0,0.7311,1.0000,1.2394,2.1657,0.9227,0,True,3.28,True,0.257357920070133,-0.6037999591326518,-0.754448480897525,0.22,0.0000,0.00,0.0000,0.0000,1.0000,0.1001,0,264,0,0,0.005853
265,17,95000000,17.095000000,-0.7685707175321609,4.360342705300248,48.32716861042333,-0.024798794262049118,-0.00016828422428651752,-0.0006900608026064422,0.9996922102825735,193,193,180,193,180,0,0.9326,1.0000,1.2187,2.0042,0.9587,0,True,3.28,True,0.8115181356128136,-0.5237761472055975,-0.2590306221085903,0.23,0.0000,0.00,0.0000,0.0000,1.0000,0.0902,0,193,0,0,0.005200
266,17,128000000,17.128000000,-0.43121641085910783,4.2861851350514755,49.26562091424273,-0.03265115736971954,-0.012033711550107745,0.0013261205509594897,0.9993934826248523,180,180,180,180,180,0,1.0000,1.0000,1.2594,2.7232,0.9345,0,True,3.28,True,0.33780353736806984,-0.12012845355353256,0.9335191078860977,1.65,0.0000,0.00,0.0000,0.0000,1.0000,0.1195,0,180,0,0,0.006783
267,17,161000000,17.161000000,-0.46214587073118263,5.147452520826334,48.75841103784781,-0.032133863570361125,-0.011454183169036425,0.0018210438858938954,0.9994162797849239,180,179,13,179,13,0,0.0726,0.9944,1.2385,2.2322,0.8853,0,True,3.28,True,-0.040116587965997465,0.89260372107778,-0.44905373452190245,0.11,0.0000,0.00,0.0000,0.0000,1.0000,0.1221,0,179,0,0,0.006856
268,17,194000000,17.194000000,-0.46214587073118263,5.147452520826334,48.75841103784781,-0.032133863570361125,-0.011454183169036425,0.0018210438858938954,0.9994162797849239,2000,0,0,0,0,0,0.0000,0.0000,0.0000,0.0000,0.0000,1,True,4.92,True,0.0,0.0,0.0,0.00,0.0000,0.00,0.0000,0.0000,1.0000,0.0820,0,2000,0,0,0.004540
269,17,227000000,17.227000000,0.07456719808503776,4.607755491686626,48.109823188362746,-0.031411195937238096,-0.010975270739980142,0.0018228603357572388,0.9994446244700969,2000,1921,643,1863,643,0,0.3347,0.9605,4.6233,348.4313,1.9668,0,True,4.92,True,0.5194334033078839,-0.4984514126983983,-0.6940714147023778,0.10,0.0000,0.00,0.0000,0.0000,1.0000,0.1225,0,1921,0,0,0.003790
270,17,260000000,17.260000000,-0.7424790983490697,4.440649312258556,48.6616482279181,-0.03313657192488567,-0.008765536419272992,0.0029882700241821497,0.9994079263316915,643,643,309,643,309,0,0.4806,1.0000,0.8730,1.8232,1.3379,0,True,4.92,True,-0.8055251938671,-0.19903138884169433,0.5581358869496902,0.35,0.0000,0.00,0.0000,0.0000,1.0000,0.0872,0,643,0,0,0.004766
271,17,293000000,17.293000000,-0.629362272395043,5.238878489444632,48.07001086907831,-0.030214931165825108,-0.006687338058960646,0.00605576932360023,0.9995027089018963,309,309,309,309,309,0,1.0000,1.0000,1.2694,1.8474,0.5445,0,True,4.92,True,0.10808022670596064,0.8350694702466163,-0.5394234370670449,0.54,0.0000,0.00,0.0000,0.0000,1.0000,0.1231,0,309,0,0,0.009271
272,17,326000000,17.326000000,-0.06816526535089851,5.373678943163019,48.88664221611442,-0.03207557140670466,-0.014391424777189785,0.009115915487961675,0.9993402547163965,309,309,309,309,309,0,1.0000,1.0000,1.2508,1.8743,0.5582,0,True,4.92,True,0.5734098586941049,0.07858712442310026,0.81549077114785,0.97,0.0000,0.00,0.0000,0.0000,1.0000,0.0940,0,309,0,0,0.002515
273,17,359000000,17.359000000,0.37634741475343003,6.180262534832862,48.49698674409402,-0.028161792055736535,-0.013080810929451736,0.015492089396316782,0.9993977191387691,309,309,309,309,309,0,1.0000,1.0000,1.2362,1.9465,0.6148,0,True,4.92,True,0.4487150000101884,0.8221838864119969,-0.35024063968980135,0.87,0.0000,0.00,0.0000,0.0000,1.0000,0.0779,0,309,0,0,0.006780
274,17,392000000,17.392000000,0.42218138281657563,6.284093206874051,49.49052508704565,-0.027263381188436984,-0.013710711286727528,0.01543871678276874,0.9994150141289091,309,309,309,309,309,0,1.0000,1.0000,1.2237,1.9147,0.6583,0,True,4.92,True,0.07419793868027913,0.045902018610453954,0.9961865641450316,0.13,0.0000,0.00,0.0000,0.0000,1.0000,0.0976,0,309,0,0,0.005228
275,17,425000000,17.425000000,0.8186502711620969,7.104810029004839,49.079141666809,-0.022723194213665077,-0.012027679398077673,0.02249185129181467,0.9994163836952504,309,309,309,309,309,0,1.0000,1.0000,1.2029,1.8613,0.6982,0,True,4.92,True,0.41114339487626195,0.8297595792593847,-0.3774389347654943,0.98,0.0000,0.00,0.0000,0.0000,1.0000,0.1070,0,309,0,0,0.003540
276,17,458000000,17.458000000,1.1100476446821863,7.948620264361485,48.62850671763955,-0.018776394294098664,-0.010129915151400921,0.027997685919461935,0.9993802886886919,309,309,309,309,309,0,1.0000,1.0000,1.1865,1.6755,0.7286,0,True,4.92,True,0.3190418003985926,0.8498554981276537,-0.4194734340820909,0.81,0.0000,0.00,0.0000,0.0000,1.0000,0.0767,0,309,0,0,0.006324
277,17,491000000,17.491000000,1.673475009656047,7.2087301175684315,48.26093063697438,-0.018447586330546217,-0.009601421916612897,0.028275767859950514,0.999383800252779,309,309,140,309,140,0,0.4531,1.0000,1.1768,1.6908,0.7581,0,True,4.92,True,0.5136862686703079,-0.7555204794694071,-0.4065897471431042,0.08,0.0000,0.00,0.0000,0.0000,1.0000,0.0704,0,309,0,0,0.003766
278,17,524000000,17.524000000,1.3677399107006842,6.361941648134381,48.696218285892066,-0.021520943034478515,-0.0095427367217472,0.02498752054304786,0.9994105307649489,140,137,137,137,137,0,1.0000,0.9786,1.2666,1.8035,0.7203,0,True,4.92,True,-0.34544799804874615,-0.8439737126490282,0.4103340748725713,0.52,0.0000,0.00,0.0000,0.0000,1.0000,0.1201,0,137,0,0,0.006381
279,17,557000000,17.557000000,2.0892237080476037,5.931779610232312,48.15361184351065,-0.021201106605962937,-0.008914492621549999,0.02546720478604641,0.999411059764884,137,137,40,137,40,0,0.2920,1.0000,1.2603,1.6705,0.7438,0,True,4.92,True,0.6890238457874283,-0.441365194108946,-0.5748416350313142,0.10,0.0000,0.00,0.0000,0.0000,1.0000,0.0850,0,137,0,0,0.004495
280,17,590000000,17.590000000,2.0892237080476037,5.931779610232312,48.15361184351065,-0.021201106605962937,-0.008914492621549999,0.02546720478604641,0.999411059764884,2000,0,0,0,0,0,0.0000,0.0000,0.0000,0.0000,0.0000,1,True,6.56,True,0.0,0.0,0.0,0.00,0.0000,0.00,0.0000,0.0000,1.0000,0.0775,0,2000,0,0,0.004102
281,17,623000000,17.623000000,2.353291469346214,5.720473325149215,49.09468456722924,-0.020978814346844593,-0.009551176301329265,0.025475699684510942,0.9994096522975181,2000,1902,1893,1893,1893,0,0.9953,0.9510,0.8310,15.8811,1.4858,0,True,6.56,True,0.2685992171262875,-0.2644919906125731,0.9262280752929832,0.08,0.0000,0.00,0.0000,0.0000,1.0000,0.0717,0,1902,0,0,0.003854
282,17,656000000,17.656000000,1.5241796598155892,6.212492896389544,49.36018475331833,-0.020918925030132082,-0.008896934576265064,0.025883196641743666,0.9994064754954984,1893,1893,435,1891,435,0,0.2298,1.0000,0.8348,15.9003,1.0770,0,True,6.56,True,-0.7978479808921427,0.5215726520587504,0.3023252685614168,0.09,0.0000,0.00,0.0000,0.0000,1.0000,0.0911,0,1893,0,0,0.005059
283,17,689000000,17.689000000,1.8290886466487006,5.854946238840796,50.242902656968255,-0.020357135153044232,-0.012829518499041051,0.024475156445358772,0.9994108050348558,435,435,435,435,435,0,1.0000,1.0000,0.7756,1.5451,1.3150,0,True,6.56,True,0.30056292211613544,-0.40973148298447026,0.8612676945644465,0.48,0.0000,0.00,0.0000,0.0000,1.0000,0.0517,0,435,0,0,0.002995
284,17,722000000,17.722000000,1.5851313740003885,5.918876096177152,49.27522614983224,-0.020664990580878482,-0.011853979958573659,0.024837188162434038,0.9994076022362536,435,435,368,435,368,0,0.8460,1.0000,0.7712,1.7547,1.3061,0,True,6.56,True,-0.26427449007623466,0.11559033657901274,-0.9574956229584011,0.12,0.0000,0.00,0.0000,0.0000,1.0000,0.0831,0,435,0,0,0.003465
285,17,755000000,17.755000000,1.2248801226665633,5.810021418861589,48.34874371873118,-0.023558179448066645,-0.008651500721209307,0.02581987854841502,0.9993515385429237,368,368,368,368,368,0,1.0000,1.0000,0.7820,1.3143,1.2205,0,True,6.56,True,-0.3861638993877138,-0.052104878699442456,-0.9209573955538833,0.51,0.0000,0.00,0.0000,0.0000,1.0000,0.0611,0,368,0,0,0.005500
286,17,788000000,17.788000000,0.6730526612392506,6.3652095480347874,47.7264474918104,-0.02444149956469813,-0.004005212954384059,0.0306411456382643,0.9992235443394003,368,368,368,368,368,0,1.0000,1.0000,0.7901,1.8985,1.1758,0,True,6.56,True,-0.532135149243051,0.6116637882936987,-0.5854054945337265,0.77,0.0000,0.00,0.0000,0.0000,1.0000,0.0596,0,368,0,0,0.003982
287,17,821000000,17.821000000,1.392810893573289,7.0578804614743245,47.680024516224876,-0.024615479856097598,-0.004104688551033614,0.0309896304334476,0.9992081227096542,368,368,308,368,308,0,0.8370,1.0000,0.7927,4.0094,1.1951,0,True,4.92,True,0.7606326789331472,0.6488883194143209,-0.019541664889212957,0.05,0.0000,0.00,0.0000,0.0000,1.0000,0.0420,0,368,0,0,0.002983
288,17,854000000,17.854000000,1.5536573682944286,6.968188810813599,48.66292014617321,-0.0241512319008732,-0.004808326506103621,0.030910868370057163,0.9992187529317542,308,307,307,307,307,0,1.0000,0.9968,0.9170,7.0301,0.9834,0,True,4.92,True,0.16152238698464086,-0.14794006534436932,0.9757173030999747,0.10,0.0000,0.00,0.0000,0.0000,1.0000,0.0548,0,307,0,0,0.004114
289,17,887000000,17.887000000,1.327420304178505,7.031313824383725,47.69089544304989,-0.027472447628786426,-0.0013319836695750386,0.03260003753644545,0.9990899499011137,307,306,306,306,306,0,1.0000,0.9967,0.9301,2.9371,0.9952,0,True,4.92,True,-0.22976918142379088,0.12405709228593467,-0.9653061489089357,0.58,0.0000,0.00,0.0000,0.0000,1.0000,0.0489,0,306,0,0,0.002282
290,17,920000000,17.920000000,0.6266484255904139,6.5089744537048695,48.176776453194286,-0.027914689066916527,-0.0011607990428123525,0.03291100825763532,0.9990677095249078,306,304,178,304,178,0,0.5855,0.9935,0.9281,1.5955,0.9560,0,True,4.92,True,-0.7329208043079248,-0.5015577397017533,0.45963782302797157,0.07,0.0000,0.00,0.0000,0.0000,1.0000,0.0434,0,304,0,0,0.005295
291,17,953000000,17.953000000,-0.07005108639967828,5.962146117454351,48.641091605506006,-0.028501447210248297,-0.0009961389424797825,0.03333479905927382,0.9990372697681537,178,178,129,178,129,0,0.7247,1.0000,0.8901,1.2169,0.9228,0,True,4.92,True,-0.7309598065844342,-0.5249550217164934,0.4360275063945879,0.09,0.0000,0.00,0.0000,0.0000,1.0000,0.0411,0,178,0,0,0.003633
292,17,986000000,17.986000000,0.045936056489326776,5.485787831164962,49.51265902445183,-0.028583390230192122,-0.0010329649904493822,0.033301499454899845,0.9990360018139148,129,129,129,129,129,0,1.0000,1.0000,0.9651,1.2881,0.6894,0,True,4.92,True,0.08405264914100039,-0.5319364001302185,0.8426024082501095,0.01,0.0000,0.00,0.0000,0.0000,1.0000,0.0326,0,129,0,0,0.002975
293,18,19000000,18.019000000,0.045936056489326776,5.485787831164962,49.51265902445183,-0.028583390230192122,-0.0010329649904493822,0.033301499454899845,0.9990360018139148,129,129,0,129,0,0,0.0000,1.0000,0.9822,1.3028,0.6926,1,True,6.56,True,0.0,0.0,0.0,0.00,0.0000,0.00,0.0000,0.0000,1.0000,0.0434,0,129,0,0,0.004106
294,18,52000000,18.052000000,-0.3782846349392476,6.390755751415715,49.545367865472095,-0.022599710722858397,0.001457819080667825,0.04366898317634969,0.9987893410259817,129,129,129,129,129,0,1.0000,1.0000,1.0045,1.3085,0.6479,0,True,6.56,True,-0.36300472000784684,0.9278137591046911,0.08596046572725796,1.40,0.0000,0.00,0.0000,0.0000,1.0000,0.0335,0,129,0,0,0.003389
295,18,85000000,18.085000000,-0.7999080553344624,7.297078855173019,49.573865636787886,-0.019184985728207374,0.0031700724452801313,0.04953760329673007,0.998582952399507,129,129,129,129,129,0,1.0000,1.0000,1.0114,1.3339,0.6416,0,True,6.56,True,-0.341151945872874,0.937464658100428,0.06910401319604682,0.80,0.0000,0.00,0.0000,0.0000,1.0000,0.0286,0,129,0,0,0.001893
296,18,118000000,18.118000000,-0.03874064990976511,7.624560831798399,49.01406233570386,-0.019110422741949417,0.003774950419994614,0.04966966343278713,0.9985757187246364,129,129,28,129,28,0,0.2171,1.0000,1.0220,1.3424,0.6536,0,True,6.56,True,0.7943841254319159,0.2715084826105578,-0.5433571616646663,0.07,0.0000,0.00,0.0000,0.0000,1.0000,0.0280,0,129,0,0,0.004269
297,18,151000000,18.151000000,-0.03874064990976511,7.624560831798399,49.01406233570386,-0.019110422741949417,0.003774950419994614,0.04966966343278713,0.9985757187246364,2000,0,0,0,0,0,0.0000,0.0000,0.0000,0.0000,0.0000,1,True,8.20,True,0.0,0.0,0.0,0.00,0.0000,0.00,0.0000,0.0000,1.0000,0.0116,0,2000,0,0,0.001325
298,18,184000000,18.184000000,0.7886095744750803,7.880323343063129,48.513985197612236,-0.018485325646412084,0.004467419183186358,0.050314025461094126,0.9985523690540663,2000,1815,1303,1810,1303,0,0.7179,0.9075,1.0224,15.8931,2.0591,0,True,8.20,True,0.8532980704236257,0.19102161950471983,-0.48517331325322416,0.13,0.0000,0.00,0.0000,0.0000,1.0000,0.0423,0,1815,0,0,0.005073
299,18,217000000,18.217000000,0.9202283545526135,7.294966559154096,47.713963990229225,-0.01841087227561816,0.0067152818216426845,0.04920910825591093,0.9985962189177189,1303,1303,1303,1303,1303,0,1.0000,1.0000,1.0661,2.0035,1.2355,0,True,8.20,True,0.080851643456779,-0.5660653461456094,-0.8203859065363015,0.29,0.0000,0.00,0.0000,0.0000,1.0000,0.0160,0,1303,0,0,0.001991
300,18,250000000,18.250000000,1.754937718729137,7.3128516627182085,48.2643642086399,-0.018493366873716954,0.006689667943379183,0.04964378444289047,0.9985733515324096,1303,1303,1238,1303,1238,0,0.9501,1.0000,1.1018,2.2886,1.2975,0,True,8.20,True,0.8239657360209667,-0.08432980607012344,0.5603293225163233,0.05,0.0000,0.00,0.0000,0.0000,1.0000,0.0212,0,1303,0,0,0.002716
301,18,283000000,18.283000000,1.5449483494408232,6.786120717289135,47.44067799659475,-0.017353512159319632,0.007723963156376879,0.04912417141361031,0.9986120426831542,1238,1238,973,1238,973,0,0.7859,1.0000,1.1534,2.0513,1.1191,0,True,8.20,True,-0.24851135745613875,-0.4730279413824846,-0.8452731344877558,0.19,0.0000,0.00,0.0000,0.0000,1.0000,0.0240,0,1238,0,0,0.003217
302,18,316000000,18.316000000,1.7106617448969463,5.806833921765819,47.557024215613986,-0.01853467774977385,0.00806261543032724,0.04734538425614892,0.9986740582105716,973,973,973,973,973,0,1.0000,1.0000,1.1562,2.1956,1.2329,0,True,8.20,True,0.06708340881824534,-0.9942176111978523,0.08385199965033781,0.25,0.0000,0.00,0.0000,0.0000,1.0000,0.0357,0,973,0,0,0.004961
303,18,349000000,18.349000000,1.0159245176796101,5.716062586830796,46.84351125156044,-0.017316787819300922,0.008526567971926455,0.047001982078965804,0.9987082858266922,973,973,218,973,218,0,0.2240,1.0000,1.1628,2.1140,1.2659,0,True,8.20,True,-0.6873463933675037,0.0014732495072163148,-0.7263282763741026,0.15,0.0000,0.00,0.0000,0.0000,1.0000,0.0208,0,973,0,0,0.003027
304,18,382000000,18.382000000,0.5865945693904242,5.507548686859475,47.72225908172605,-0.017124860987190852,0.009079340861160119,0.04711420038699476,0.9987014352786274,218,218,23,218,23,0,0.1055,1.0000,0.7846,1.7398,2.6531,0,True,8.20,True,-0.4632813369025863,-0.19672470799238959,0.8641005683038643,0.07,0.0000,0.00,0.0000,0.0000,1.0000,0.0172,0,218,0,0,0.002675
305,18,415000000,18.415000000,0.5865945693904242,5.507548686859475,47.72225908172605,-0.017124860987190852,0.009079340861160119,0.04711420038699476,0.9987014352786274,2000,0,0,0,0,0,0.0000,0.0000,0.0000,0.0000,0.0000,1,True,9.84,True,0.0,0.0,0.0,0.00,0.0000,0.00,0.0000,0.0000,1.0000,0.0142,0,2000,0,0,0.002338
306,18,448000000,18.448000000,-0.40425480756955123,5.382701298825432,47.77354886510546,-0.017211746761401782,0.01006057462736024,0.04765756510742831,0.9986647571130263,2000,2000,838,2000,838,0,0.4190,1.0000,1.1096,15.8514,2.2281,0,True,9.84,True,-0.9990101242690617,-0.03237737293789163,0.030503726486362383,0.13,0.0000,0.00,0.0000,0.0000,1.0000,0.0212,0,2000,0,0,0.003729
307,18,481000000,18.481000000,0.21547029072308066,5.30447651008925,46.99263806035669,-0.016409745604956512,0.011058553842172029,0.04747601313993096,0.9986763523847141,838,838,198,833,198,0,0.2363,1.0000,0.9886,17.9724,1.9366,0,True,9.84,True,0.6263385521389969,-0.1109310867975215,-0.7716179832574834,0.15,0.0000,0.00,0.0000,0.0000,1.0000,0.0105,0,838,0,0,0.002028
308,18,514000000,18.514000000,1.1228779063047483,5.38698001118913,46.58056453355515,-0.015499031559030749,0.011811663548554724,0.04730371155487289,0.9986904542940627,198,198,104,197,104,0,0.5253,1.0000,0.6691,1.6750,3.1012,0,True,9.84,True,0.9206325769930549,0.0087851218962639,-0.3903312437051309,0.14,0.0000,0.00,0.0000,0.0000,1.0000,0.0141,0,198,0,0,0.003122
309,18,547000000,18.547000000,2.014930372290399,5.475272995105449,46.137341399095675,-0.015438686546368785,0.012514726165489033,0.047514713272290954,0.9986728095874934,104,104,73,104,73,0,0.7019,1.0000,0.5692,1.2105,5.0469,0,True,9.84,True,0.9072278767367197,0.016470324984439753,-0.4203169138479799,0.08,0.0000,0.00,0.0000,0.0000,1.0000,0.0090,0,104,0,0,0.002634
310,18,580000000,18.580000000,2.014930372290399,5.475272995105449,46.137341399095675,-0.015438686546368785,0.012514726165489033,0.047514713272290954,0.9986728095874934,2000,0,0,0,0,0,0.0000,0.0000,0.0000,0.0000,0.0000,1,True,11.48,True,0.0,0.0,0.0,0.00,0.0000,0.00,0.0000,0.0000,1.0000,0.0056,0,2000,0,0,0.002438
311,18,613000000,18.613000000,1.4113286011247332,6.27204323132866,46.10866924336091,-0.015158579310511277,0.01333212204654106,0.04780400190998068,0.9986527171126176,2000,1982,177,1982,177,0,0.0893,0.9910,1.0544,13.2760,2.2725,0,True,11.48,True,-0.5246202597903517,0.851159852134298,-0.01733462235597113,0.10,0.0000,0.00,0.0000,0.0000,1.0000,0.0050,0,1982,0,0,0.001809
312,18,646000000,18.646000000,2.0708948043361484,5.5284572857169545,45.99888597929017,-0.014845105558084,0.013524759390691116,0.047630230123578025,0.9986631388525203,177,177,106,176,106,0,0.5989,1.0000,0.5879,2.7133,3.1450,0,True,11.48,True,0.5887032386010377,-0.7999032444030041,-0.11654740003190786,0.05,0.0000,0.00,0.0000,0.0000,1.0000,0.0029,0,177,0,0,0.003592
313,18,679000000,18.679000000,2.911545507471945,4.996905167952406,45.89516162623209,-0.014791235629334896,0.01387095398570912,0.047624164200392914,0.9986594789858542,106,106,29,106,29,0,0.2736,1.0000,0.7315,2.6330,2.4995,0,True,11.48,True,0.7891227604084581,-0.606275471024336,-0.09856633420978468,0.04,0.0000,0.00,0.0000,0.0000,1.0000,0.0028,0,106,0,0,0.002360
314,18,712000000,18.712000000,2.911545507471945,4.996905167952406,45.89516162623209,-0.014791235629334896,0.01387095398570912,0.047624164200392914,0.9986594789858542,2000,0,0,0,0,0,0.0000,0.0000,0.0000,0.0000,0.0000,1,True,13.11,True,0.0,0.0,0.0,0.00,0.0000,0.00,0.0000,0.0000,1.0000,0.0029,0,2000,0,0,0.001439
315,18,745000000,18.745000000,3.8255611384762283,5.287360164359255,46.178377659221276,-0.014149323360361062,0.013743047834189828,0.047098966261388694,0.9986954554125995,2000,1869,1129,1812,1129,0,0.6041,0.9345,5.2288,1048.8206,2.4928,0,True,13.11,True,0.9287814807133025,0.1937007352850195,0.3159825726745834,0.10,0.0000,0.00,0.0000,0.0000,1.0000,0.0059,0,1869,0,0,0.004377
316,18,778000000,18.778000000,4.390829596125439,5.120498019350707,46.986231974893364,-0.013914757658982469,0.01094524157502836,0.04624158039688569,0.998773396446138,1129,1127,1123,1123,1123,0,0.9965,0.9982,0.9178,18.9297,1.7241,0,True,13.11,True,0.5236618454013281,-0.24123806178971424,0.8170572006994479,0.34,0.0000,0.00,0.0000,0.0000,1.0000,0.0027,0,1127,0,0,0.001181
317,18,811000000,18.811000000,3.739148087086061,4.42176702092725,46.691128259873864,-0.01370544066327159,0.011660191442852057,0.04619647887882287,0.9987702869884246,1123,1123,179,1122,179,0,0.1594,1.0000,0.8820,17.7578,1.5981,0,True,13.11,True,-0.7062353591070464,-0.6271743083912412,-0.3284570054678533,0.09,0.0000,0.00,0.0000,0.0000,1.0000,0.0060,0,1123,0,0,0.002131
318,18,844000000,18.844000000,2.810977630809497,4.061085261696426,46.78282489369164,-0.01353862571808989,0.011974730332183194,0.04704948314963564,0.9987290210975593,179,179,161,179,161,0,0.8994,1.0000,0.3067,13.0918,6.4418,0,True,11.48,True,-0.9593765041857523,-0.2754707783722645,0.060930891010259426,0.11,0.0000,0.00,0.0000,0.0000,1.0000,0.0079,0,179,0,0,0.002434
319,18,877000000,18.877000000,3.127021383422593,3.119256001077142,46.66848334273328,-0.016345910081393814,0.01375467489709189,0.028102926148052307,0.9993767286083879,161,161,161,161,161,0,1.0000,1.0000,0.2589,0.4220,6.4256,0,True,11.48,True,0.2292273599875731,-0.9641550170856046,-0.13364101339702916,2.21,0.0000,0.00,0.0000,0.0000,1.0000,0.0087,0,161,0,0,0.002621
320,18,910000000,18.910000000,4.040140322370059,3.5205672718385754,46.59662885578016,-0.016405383878760355,0.0138333733270502,0.027764203834961174,0.9993841354292131,161,161,61,161,61,0,0.3789,1.0000,0.4542,0.7057,7.2087,0,True,11.48,True,0.9357340961990627,0.351053729653968,-0.03410249413990176,0.04,0.0000,0.00,0.0000,0.0000,1.0000,0.7619,0,161,0,0,0.003014
321,18,943000000,18.943000000,4.040140322370059,3.5205672718385754,46.59662885578016,-0.016405383878760355,0.0138333733270502,0.027764203834961174,0.9993841354292131,2000,0,0,0,0,0,0.0000,0.0000,0.0000,0.0000,0.0000,1,True,13.11,True,0.0,0.0,0.0,0.00,0.0000,0.00,0.0000,0.0000,1.0000,2.0357,0,2000,0,0,0.001489
322,18,976000000,18.976000000,4.688889323088531,2.9870732631385035,47.13931557640994,-0.015490922650156244,0.01368374785646818,0.024226235348129954,0.999492809319259,2000,2000,689,1873,689,0,0.3445,1.0000,7.5358,273.1917,2.7591,0,True,13.11,True,0.6026373490522985,-0.5860587636646208,0.5416302715498039,0.42,0.0000,0.00,0.0000,0.0000,1.0000,16.7360,1,2000,0,0,0.004022
323,19,9000000,19.009000000,4.473054597958507,2.0242883175459543,47.301982475219724,-0.01536577593909599,0.01346895377132453,0.014558378125305603,0.9996852173761779,689,685,683,683,683,0,0.9971,0.9942,9.2194,20.9018,1.3904,0,True,13.11,True,-0.2662896458382866,-0.9555781222776466,0.1263339888693739,1.11,0.0000,0.00,0.0000,0.0000,1.0000,23.5901,1,685,0,0,0.002626
324,19,42000000,19.042000000,3.724502093791902,2.435716988196168,47.82197824200337,-0.013907623293149663,0.013160208476299525,0.005277130761087167,0.9998027499552732,683,670,198,668,198,0,0.2955,0.9810,13.6900,29.2126,1.4930,0,True,13.11,True,-0.7503940416848495,0.4173870701448414,0.5125395749401034,1.08,0.0000,0.00,0.0000,0.0000,1.0000,27.1832,1,670,0,0,0.001830
325,19,75000000,19.075000000,2.968095808702809,2.9245563271841686,48.25658798940384,-0.012222549591998737,0.012638797117377407,-0.007127794785492227,0.9998200161180975,198,197,81,197,81,0,0.4112,0.9949,18.4616,24.6212,1.6859,0,True,13.11,True,-0.7626234191888899,0.48485560175511333,0.4281595099391506,1.44,0.0000,0.00,0.0000,0.0000,1.0000,22.1902,1,197,0,0,0.001008
326,19,108000000,19.108000000,2.968095808702809,2.9245563271841686,48.25658798940384,-0.012222549591998737,0.012638797117377407,-0.007127794785492227,0.9998200161180975,2000,0,0,0,0,0,0.0000,0.0000,0.0000,0.0000,0.0000,1,True,14.75,True,0.0,0.0,0.0,0.00,0.0000,0.00,0.0000,0.0000,1.0000,75.2041,1,0,2000,0,0.001909
327,19,141000000,19.141000000,2.968095808702809,2.9245563271841686,48.25658798940384,-0.012222549591998737,0.012638797117377407,-0.007127794785492227,0.9998200161180975,2000,1927,0,0,0,0,0.0000,0.9635,0.0000,0.0000,4.1186,2,True,16.39,True,0.0,0.0,0.0,0.00,0.0000,0.00,0.0000,0.0000,1.0000,37.4339,1,0,1927,0,0.000454
328,19,174000000,19.174000000,2.968095808702809,2.9245563271841686,48.25658798940384,-0.012222549591998737,0.012638797117377407,-0.007127794785492227,0.9998200161180975,1927,1847,0,0,0,0,0.0000,0.9585,0.0000,0.0000,3.3576,3,True,18.03,True,0.0,0.0,0.0,0.00,0.0000,0.00,0.0000,0.0000,1.0000,61.9576,1,0,1847,0,0.000378
329,19,207000000,19.207000000,2.968095808702809,2.9245563271841686,48.25658798940384,-0.012222549591998737,0.012638797117377407,-0.007127794785492227,0.9998200161180975,1847,1790,0,0,0,0,0.0000,0.9691,0.0000,0.0000,3.4898,4,True,18.03,True,0.0,0.0,0.0,0.00,0.0000,0.00,0.0000,0.0000,1.0000,113.9372,1,0,1790,0,0.000777
330,19,240000000,19.240000000,2.968095808702809,2.9245563271841686,48.25658798940384,-0.012222549591998737,0.012638797117377407,-0.007127794785492227,0.9998200161180975,1790,1732,0,0,0,0,0.0000,0.9676,0.0000,0.0000,3.6829,5,True,19.67,True,0.0,0.0,0.0,0.00,0.0000,0.00,0.0000,0.0000,1.0000,91.9529,1,0,1732,0,0.001063
331,19,273000000,19.273000000,2.968095808702809,2.9245563271841686,48.25658798940384,-0.012222549591998737,0.012638797117377407,-0.007127794785492227,0.9998200161180975,1732,1606,0,0,0,0,0.0000,0.9273,0.0000,0.0000,4.1800,6,True,21.31,True,0.0,0.0,0.0,0.00,0.0000,0.00,0.0000,0.0000,1.0000,96.3010,1,0,1606,0,0.001387
332,19,306000000,19.306000000,2.968095808702809,2.9245563271841686,48.25658798940384,-0.012222549591998737,0.012638797117377407,-0.007127794785492227,0.9998200161180975,1606,1517,0,0,0,0,0.0000,0.9446,0.0000,0.0000,4.3373,7,True,22.95,True,0.0,0.0,0.0,0.00,0.0000,0.00,0.0000,0.0000,1.0000,79.7037,1,0,1517,0,0.001238
333,19,339000000,19.339000000,2.968095808702809,2.9245563271841686,48.25658798940384,-0.012222549591998737,0.012638797117377407,-0.007127794785492227,0.9998200161180975,1517,1425,0,0,0,0,0.0000,0.9394,0.0000,0.0000,4.2272,8,True,24.59,True,0.0,0.0,0.0,0.00,0.0000,0.00,0.0000,0.0000,1.0000,104.4656,1,0,1425,0,0.001530
334,19,372000000,19.372000000,2.968095808702809,2.9245563271841686,48.25658798940384,-0.012222549591998737,0.012638797117377407,-0.007127794785492227,0.9998200161180975,1425,1345,0,0,0,0,0.0000,0.9439,0.0000,0.0000,3.9827,9,True,26.23,True,0.0,0.0,0.0,0.00,0.0000,0.00,0.0000,0.0000,1.0000,104.5650,1,0,1345,0,0.001328
335,19,405000000,19.405000000,2.968095808702809,2.9245563271841686,48.25658798940384,-0.012222549591998737,0.012638797117377407,-0.007127794785492227,0.9998200161180975,1345,1263,0,0,0,0,0.0000,0.9390,0.0000,0.0000,4.1476,10,True,27.87,True,0.0,0.0,0.0,0.00,0.0000,0.00,0.0000,0.0000,1.0000,123.5994,1,0,1263,0,0.001688
336,19,438000000,19.438000000,2.968095808702809,2.9245563271841686,48.25658798940384,-0.012222549591998737,0.012638797117377407,-0.007127794785492227,0.9998200161180975,1263,1150,0,0,0,0,0.0000,0.9105,0.0000,0.0000,3.9170,11,True,29.51,True,0.0,0.0,0.0,0.00,0.0000,0.00,0.0000,0.0000,1.0000,81.6209,1,0,1150,0,0.001376
337,19,471000000,19.471000000,2.968095808702809,2.9245563271841686,48.25658798940384,-0.012222549591998737,0.012638797117377407,-0.007127794785492227,0.9998200161180975,1150,1074,0,0,0,0,0.0000,0.9339,0.0000,0.0000,4.1499,12,True,31.15,True,0.0,0.0,0.0,0.00,0.0000,0.00,0.0000,0.0000,1.0000,152.4988,1,0,1074,0,0.003196
338,19,504000000,19.504000000,2.968095808702809,2.9245563271841686,48.25658798940384,-0.012222549591998737,0.012638797117377407,-0.007127794785492227,0.9998200161180975,1074,1030,0,0,0,0,0.0000,0.9590,0.0000,0.0000,4.4688,13,True,32.79,True,0.0,0.0,0.0,0.00,0.0000,0.00,0.0000,0.0000,1.0000,108.6174,1,0,1030,0,0.001749
339,19,537000000,19.537000000,2.968095808702809,2.9245563271841686,48.25658798940384,-0.012222549591998737,0.012638797117377407,-0.007127794785492227,0.9998200161180975,1030,1010,0,0,0,0,0.0000,0.9806,0.0000,0.0000,4.6557,14,True,34.43,True,0.0,0.0,0.0,0.00,0.0000,0.00,0.0000,0.0000,1.0000,139.6834,1,0,1010,0,0.004967
340,19,570000000,19.570000000,2.968095808702809,2.9245563271841686,48.25658798940384,-0.012222549591998737,0.012638797117377407,-0.007127794785492227,0.9998200161180975,1010,988,0,0,0,0,0.0000,0.9782,0.0000,0.0000,4.6259,15,True,36.07,True,0.0,0.0,0.0,0.00,0.0000,0.00,0.0000,0.0000,1.0000,79.0803,1,0,988,0,0.002612
341,19,603000000,19.603000000,2.968095808702809,2.9245563271841686,48.25658798940384,-0.012222549591998737,0.012638797117377407,-0.007127794785492227,0.9998200161180975,988,931,0,0,0,0,0.0000,0.9423,0.0000,0.0000,4.4083,16,True,36.07,True,0.0,0.0,0.0,0.00,0.0000,0.00,0.0000,0.0000,1.0000,102.4977,1,0,931,0,0.003831
342,19,636000000,19.636000000,2.968095808702809,2.9245563271841686,48.25658798940384,-0.012222549591998737,0.012638797117377407,-0.007127794785492227,0.9998200161180975,931,876,0,0,0,0,0.0000,0.9409,0.0000,0.0000,4.5860,17,True,37.70,True,0.0,0.0,0.0,0.00,0.0000,0.00,0.0000,0.0000,1.0000,110.0382,1,0,876,0,0.004947
343,19,669000000,19.669000000,2.968095808702809,2.9245563271841686,48.25658798940384,-0.012222549591998737,0.012638797117377407,-0.007127794785492227,0.9998200161180975,876,824,0,0,0,0,0.0000,0.9406,0.0000,0.0000,4.1972,18,True,39.34,True,0.0,0.0,0.0,0.00,0.0000,0.00,0.0000,0.0000,1.0000,74.5991,1,0,824,0,0.004105
344,19,702000000,19.702000000,2.968095808702809,2.9245563271841686,48.25658798940384,-0.012222549591998737,0.012638797117377407,-0.007127794785492227,0.9998200161180975,824,765,0,0,0,0,0.0000,0.9284,0.0000,0.0000,4.4743,19,True,40.98,True,0.0,0.0,0.0,0.00,0.0000,0.00,0.0000,0.0000,1.0000,66.2778,1,0,765,0,0.004435
345,19,735000000,19.735000000,2.968095808702809,2.9245563271841686,48.25658798940384,-0.012222549591998737,0.012638797117377407,-0.007127794785492227,0.9998200161180975,765,691,0,0,0,0,0.0000,0.9033,0.0000,0.0000,4.3777,20,True,42.62,True,0.0,0.0,0.0,0.00,0.0000,0.00,0.0000,0.0000,1.0000,76.6430,1,0,691,0,0.006410
346,19,768000000,19.768000000,2.968095808702809,2.9245563271841686,48.25658798940384,-0.012222549591998737,0.012638797117377407,-0.007127794785492227,0.9998200161180975,691,611,0,0,0,0,0.0000,0.8842,0.0000,0.0000,3.7768,21,True,44.26,True,0.0,0.0,0.0,0.00,0.0000,0.00,0.0000,0.0000,1.0000,51.6023,1,0,611,0,0.005646
347,19,801000000,19.801000000,2.968095808702809,2.9245563271841686,48.25658798940384,-0.012222549591998737,0.012638797117377407,-0.007127794785492227,0.9998200161180975,611,496,0,0,0,0,0.0000,0.8118,0.0000,0.0000,3.2942,22,True,45.90,True,0.0,0.0,0.0,0.00,0.0000,0.00,0.0000,0.0000,1.0000,45.6119,1,0,496,0,0.006414
348,19,834000000,19.834000000,2.968095808702809,2.9245563271841686,48.25658798940384,-0.012222549591998737,0.012638797117377407,-0.007127794785492227,0.9998200161180975,496,460,0,0,0,0,0.0000,0.9274,0.0000,0.0000,3.1628,23,True,47.54,True,0.0,0.0,0.0,0.00,0.0000,0.00,0.0000,0.0000,1.0000,29.4115,1,0,460,0,0.005344
349,19,867000000,19.867000000,2.968095808702809,2.9245563271841686,48.25658798940384,-0.012222549591998737,0.012638797117377407,-0.007127794785492227,0.9998200161180975,460,435,0,0,0,0,0.0000,0.9457,0.0000,0.0000,3.0509,24,True,49.18,True,0.0,0.0,0.0,0.00,0.0000,0.00,0.0000,0.0000,1.0000,34.4423,1,0,435,0,0.008739
350,19,900000000,19.900000000,2.968095808702809,2.9245563271841686,48.25658798940384,-0.012222549591998737,0.012638797117377407,-0.007127794785492227,0.9998200161180975,435,417,0,0,0,0,0.0000,0.9586,0.0000,0.0000,2.8786,25,True,50.82,True,0.0,0.0,0.0,0.00,0.0000,0.00,0.0000,0.0000,1.0000,19.3499,1,0,417,0,0.007573
351,19,933000000,19.933000000,2.968095808702809,2.9245563271841686,48.25658798940384,-0.012222549591998737,0.012638797117377407,-0.007127794785492227,0.9998200161180975,417,413,0,0,0,0,0.0000,0.9904,0.0000,0.0000,2.2643,26,True,52.46,True,0.0,0.0,0.0,0.00,0.0000,0.00,0.0000,0.0000,1.0000,6.7448,0,0,413,0,0.003942
352,19,966000000,19.966000000,2.968095808702809,2.9245563271841686,48.25658798940384,-0.012222549591998737,0.012638797117377407,-0.007127794785492227,0.9998200161180975,413,413,0,0,0,0,0.0000,1.0000,0.0000,0.0000,2.0010,27,True,54.10,True,0.0,0.0,0.0,0.00,0.0000,0.00,0.0000,0.0000,1.0000,9.9382,0,0,413,0,0.014688
353,19,999000000,19.999000000,3.2606209841259366,2.141610204875762,48.8056092925478,-0.009770092893142597,0.011703613836506095,-0.0057589413107181275,0.9998671938327636,413,412,269,411,269,0,0.6529,0.9976,4.4790,25.6924,2.1830,0,True,54.10,True,0.2900234636806695,-0.7920710297390592,0.537131151919877,0.34,0.0000,0.00,0.0000,0.0000,1.0000,2.0202,0,412,0,412,0.006815
354,20,32000000,20.032000000,3.6566021449364907,1.3595408666655275,49.28682283196095,-0.006253673501456879,0.010757087445197247,-0.002352904729125802,0.9999198170237298,269,269,269,269,269,0,1.0000,1.0000,9.2912,13.6358,0.8703,0,True,52.46,True,0.393823627331663,-0.7868650781108405,0.47512766642761656,0.57,0.0000,0.00,0.0000,0.0000,1.0000,8.8388,0,269,0,0,0.010167
355,20,65000000,20.065000000,4.167861041886857,0.5263426355151037,49.49752415586969,-0.0021317543476444783,0.01000180853277483,0.0028827488863871274,0.9999435530110352,269,269,250,269,250,0,0.9294,1.0000,12.3234,17.7739,1.0627,0,True,52.46,True,0.5106410729459469,-0.8334326967663875,0.21127147129065724,0.77,0.0000,0.00,0.0000,0.0000,1.0000,17.2572,1,269,0,0,0.011736
356,20,98000000,20.098000000,4.795534796284612,-0.24179777879768483,49.371088551945775,0.0021916635571931483,0.009775601706650702,0.010077150128958457,0.9998990375369923,250,250,148,250,148,0,0.5920,1.0000,14.7381,21.2451,0.8555,0,True,52.46,True,0.6256726164042493,-0.7712343412264581,-0.11718091992663436,0.96,0.0000,0.00,0.0000,0.0000,1.0000,21.4143,1,250,0,0,0.010955
357,20,131000000,20.131000000,5.2652946164390535,-0.8698049863184462,48.750659137209134,0.008258819489715748,0.009953677277270492,0.016772883044519817,0.9997756681394436,148,148,147,147,147,0,0.9932,1.0000,17.4801,23.8460,0.8700,0,True,52.46,True,0.4689934640807321,-0.640161730742478,-0.6084719296256403,1.04,0.0000,0.00,0.0000,0.0000,1.0000,21.6250,1,148,0,0,0.009458
358,20,164000000,20.164000000,6.1480425742392635,-0.8627275537162293,48.28086561559849,0.01372430674880992,0.0097384418794035,0.027860172048838647,0.9994701681228085,147,147,147,147,147,0,1.0000,1.0000,18.9890,25.5542,0.8774,0,True,50.82,True,0.8915349746666877,-0.030303199659748238,-0.45193705871111073,1.42,0.0000,0.00,0.0000,0.0000,1.0000,23.5564,1,147,0,0,0.006100
359,20,197000000,20.197000000,5.858558411486654,-0.6983680730579097,47.33789961375477,0.02333815006117997,0.01420160922294178,0.03767128350162331,0.9989166729244944,147,147,147,147,147,0,1.0000,1.0000,19.9412,26.5304,0.8295,0,True,50.82,True,-0.26214741669646313,0.15370556935269267,-0.9527084180741427,1.66,0.0000,0.00,0.0000,0.0000,1.0000,42.7698,1,147,0,0,0.019010
360,20,230000000,20.230000000,6.273808741156019,-1.147482251131064,48.12901504070785,0.025234613051232545,0.002889794301625122,0.044828997443310294,0.9986717300400951,147,147,147,147,147,0,1.0000,1.0000,20.4311,26.7768,0.7896,0,True,50.82,True,0.3587509595589546,-0.4405942941108244,0.8229060803108174,1.55,0.0000,0.00,0.0000,0.0000,1.0000,32.2393,1,147,0,0,0.011285
361,20,263000000,20.263000000,6.692806428933767,-0.8140750641677468,47.28445563763539,0.03185244160621015,0.002646105580983539,0.05625528247872089,0.9979046864717174,147,147,84,147,84,0,0.5714,1.0000,20.5167,26.4533,0.7631,0,True,50.82,True,0.4501720814707192,0.25140056531350946,-0.8568213657608964,1.52,0.0000,0.00,0.0000,0.0000,1.0000,35.3347,1,147,0,0,0.012189
362,20,296000000,20.296000000,6.692806428933767,-0.8140750641677468,47.28445563763539,0.03185244160621015,0.002646105580983539,0.05625528247872089,0.9979046864717174,2000,0,0,0,0,0,0.0000,0.0000,0.0000,0.0000,0.0000,1,True,52.46,True,0.0,0.0,0.0,0.00,0.0000,0.00,0.0000,0.0000,1.0000,36.7068,1,0,2000,0,0.012726
363,20,329000000,20.329000000,6.692806428933767,-0.8140750641677468,47.28445563763539,0.03185244160621015,0.002646105580983539,0.05625528247872089,0.9979046864717174,2000,1950,0,0,0,0,0.0000,0.9750,0.0000,0.0000,3.9981,2,True,54.10,True,0.0,0.0,0.0,0.00,0.0000,0.00,0.0000,0.0000,1.0000,35.4626,1,0,1950,0,0.012597
364,20,362000000,20.362000000,6.692806428933767,-0.8140750641677468,47.28445563763539,0.03185244160621015,0.002646105580983539,0.05625528247872089,0.9979046864717174,1950,1895,0,0,0,0,0.0000,0.9718,0.0000,0.0000,2.5715,3,True,55.74,True,0.0,0.0,0.0,0.00,0.0000,0.00,0.0000,0.0000,1.0000,33.4531,1,0,1895,0,0.012423
365,20,395000000,20.395000000,6.692806428933767,-0.8140750641677468,47.28445563763539,0.03185244160621015,0.002646105580983539,0.05625528247872089,0.9979046864717174,1895,1820,0,0,0,0,0.0000,0.9604,0.0000,0.0000,2.3558,4,True,57.38,True,0.0,0.0,0.0,0.00,0.0000,0.00,0.0000,0.0000,1.0000,28.5096,1,0,1820,0,0.011233
366,20,428000000,20.428000000,6.692806428933767,-0.8140750641677468,47.28445563763539,0.03185244160621015,0.002646105580983539,0.05625528247872089,0.9979046864717174,1820,1780,0,0,0,0,0.0000,0.9780,0.0000,0.0000,2.2603,5,True,57.38,True,0.0,0.0,0.0,0.00,0.0000,0.00,0.0000,0.0000,1.0000,20.1011,1,0,1780,0,0.008389
367,20,461000000,20.461000000,6.692806428933767,-0.8140750641677468,47.28445563763539,0.03185244160621015,0.002646105580983539,0.05625528247872089,0.9979046864717174,1780,1754,0,0,0,0,0.0000,0.9854,0.0000,0.0000,2.2927,6,True,59.02,True,0.0,0.0,0.0,0.00,0.0000,0.00,0.0000,0.0000,1.0000,30.8872,1,0,1754,0,0.014083
368,20,494000000,20.494000000,6.692806428933767,-0.8140750641677468,47.28445563763539,0.03185244160621015,0.002646105580983539,0.05625528247872089,0.9979046864717174,1754,1719,0,0,0,0,0.0000,0.9800,0.0000,0.0000,2.2702,7,True,60.66,True,0.0,0.0,0.0,0.00,0.0000,0.00,0.0000,0.0000,1.0000,32.4082,1,0,1719,0,0.017406
369,20,527000000,20.527000000,6.692806428933767,-0.8140750641677468,47.28445563763539,0.03185244160621015,0.002646105580983539,0.05625528247872089,0.9979046864717174,1719,1687,0,0,0,0,0.0000,0.9814,0.0000,0.0000,2.1877,8,True,62.30,True,0.0,0.0,0.0,0.00,0.0000,0.00,0.0000,0.0000,1.0000,20.0640,1,0,1687,0,0.013241
370,20,560000000,20.560000000,6.692806428933767,-0.8140750641677468,47.28445563763539,0.03185244160621015,0.002646105580983539,0.05625528247872089,0.9979046864717174,1687,1657,0,0,0,0,0.0000,0.9822,0.0000,0.0000,2.1679,9,True,63.93,True,0.0,0.0,0.0,0.00,0.0000,0.00,0.0000,0.0000,1.0000,12.6116,0,0,1657,0,0.010179
371,20,593000000,20.593000000,6.692806428933767,-0.8140750641677468,47.28445563763539,0.03185244160621015,0.002646105580983539,0.05625528247872089,0.9979046864717174,1657,1633,0,0,0,0,0.0000,0.9855,0.0000,0.0000,2.1888,10,True,63.93,True,0.0,0.0,0.0,0.00,0.0000,0.00,0.0000,0.0000,1.0000,13.7516,0,0,1633,0,0.015734
372,20,626000000,20.626000000,7.375744228274069,-1.5366257065719835,47.17714053434861,0.03327478272359592,0.0027711702704224855,0.058040334683433475,0.997755696049822,1633,1617,1334,1604,1334,0,0.8250,0.9902,6.8360,21.1942,2.1657,0,True,63.93,True,0.597541819703478,-0.7999269413851742,-0.055323251455572986,0.26,0.0000,0.00,0.0000,0.0000,1.0000,6.3260,0,1617,0,1617,0.012894
373,20,659000000,20.659000000,7.865327778264391,-2.3806240584280656,47.396171878322676,0.03485765889045939,0.002639692736834851,0.05807064395886301,0.9977002435346672,1334,1318,1316,1317,1316,0,0.9985,0.9880,5.4130,14.2769,1.0110,0,True,63.93,True,0.38800466394387195,-0.8784422275695363,0.2789115156827951,0.18,0.0000,0.00,0.0000,0.0000,1.0000,1.3463,0,1318,0,0,0.007899
374,20,692000000,20.692000000,8.507017026420503,-3.1474332226683184,47.38072472848811,0.03548938987829367,0.002699892259954513,0.05628115934644833,0.9977803590422448,1316,1309,1307,1309,1307,0,0.9985,0.9947,3.5016,28.1368,0.9932,0,True,63.93,True,0.5483768191521808,-0.8350903608384143,0.04366867814925731,0.22,0.0000,0.00,0.0000,0.0000,1.0000,2.5306,0,1309,0,0,0.015668
375,20,725000000,20.725000000,9.25545032435091,-3.800045448899724,47.262636283997104,0.03631006760230084,0.0033633993606108276,0.05407676969269946,0.9978707178362636,1307,1305,1237,1305,1237,0,0.9479,0.9985,2.1718,7.4476,0.9702,0,True,62.30,True,0.6704239044679314,-0.7391479356372145,-0.06474656408812969,0.28,0.0000,0.00,0.0000,0.0000,1.0000,5.0374,0,1305,0,0,0.009462
376,20,758000000,20.758000000,9.684182303480918,-4.387126356288383,47.949312989769886,0.038770902504824366,0.0012975502537871636,0.04861527087148384,0.9980639703548028,1237,1233,1231,1231,1231,0,0.9984,0.9968,2.5857,7.9616,0.9369,0,True,62.30,True,0.36079904714529887,-0.5782545372380576,0.7317415785252633,0.73,0.0000,0.00,0.0000,0.0000,1.0000,1.1865,0,1233,0,0,0.001545
377,20,791000000,20.791000000,9.815029016119448,-4.311281074754393,46.96081583192839,0.04296691334538956,0.005285056601776031,0.04337350343552605,0.9981205597191224,1231,1231,895,1230,895,0,0.7271,1.0000,4.4990,10.9925,0.9706,0,True,62.30,True,0.136429535539265,-0.014051918084129285,-0.9905501125287388,0.89,0.0000,0.00,0.0000,0.0000,1.0000,1.1865,0,1231,0,0,0.001545
378,20,824000000,20.824000000,10.511962483503956,-4.973336387120195,46.685195612409515,0.04296170016393837,0.0067015659227222055,0.03688171918421145,0.9983732368824919,895,892,892,892,892,0,1.0000,0.9966,6.1202,14.2702,0.9629,0,True,62.30,True,0.6385288021761704,-0.7409134920062916,-0.20815418841452085,0.76,0.0000,0.00,0.0000,0.0000,1.0000,1.1865,0,892,0,0,0.001544
379,20,857000000,20.857000000,11.076277952990175,-5.785700810726276,46.83220613637874,0.04255421937110381,0.007154142522400585,0.028083887254168608,0.9986737464934083,892,888,888,888,888,0,1.0000,0.9955,7.9870,17.6555,1.0364,0,True,62.30,True,0.5009351396952562,-0.8357050153348237,0.22508023716603018,1.01,0.0000,0.00,0.0000,0.0000,1.0000,24.8776,1,888,0,0,0.014893
380,20,890000000,20.890000000,11.259232881391144,-5.562515380451014,45.87475339191213,0.04569501167808888,0.010063072225676744,0.018991822116653363,0.9987241917455537,888,880,579,879,579,0,0.6580,0.9910,9.8368,22.6965,1.0515,0,True,62.30,True,0.20669555895856795,0.13010994365506798,-0.9697156018487484,1.15,0.0000,0.00,0.0000,0.0000,1.0000,92.4957,1,880,0,0,0.049969
381,20,923000000,20.923000000,11.537882398848247,-6.4212454242705626,45.4447101868006,0.04341304227392262,0.013325434644596512,0.004654627310022856,0.9989574940890429,579,574,572,572,572,0,0.9965,0.9914,12.3267,25.2482,1.1077,0,True,62.30,True,0.25292390382125063,-0.9042547094162428,-0.3440245912349364,1.71,0.0000,0.00,0.0000,0.0000,1.0000,42.6599,1,574,0,0,0.014458
382,20,956000000,20.956000000,11.690892357428089,-6.3888619767085535,44.457016274245,0.04645534267765527,0.017017096240363527,-0.0074259023290161865,0.9987478037757318,572,565,562,562,562,0,0.9947,0.9878,14.0710,34.1814,1.1686,0,True,60.66,True,0.17918389829857337,-0.0547766288721275,-0.9822894947620745,1.49,0.0000,0.00,0.0000,0.0000,1.0000,41.9433,1,565,0,0,0.012694
383,20,989000000,20.989000000,12.422019970290178,-6.980680508008447,44.11760024674979,0.04563355111393751,0.018896205020918103,-0.019721865876774602,0.9985847788019191,562,555,550,555,550,0,0.9910,0.9875,15.6885,34.0171,1.1686,0,True,60.66,True,0.7502378604196945,-0.6086080286525736,-0.25833973804373767,1.43,0.0000,0.00,0.0000,0.0000,1.0000,53.3384,1,555,0,0,0.014704
384,21,22000000,21.022000000,12.534540613796109,-6.6392190452553015,43.184464043272776,0.04787978630519726,0.02198980673390332,-0.03309335135339227,0.9980625253757277,550,547,544,546,544,0,0.9945,0.9945,17.4105,60.2846,1.2376,0,True,60.66,True,0.1363873533399431,0.2600511021118265,-0.9559141771829466,1.59,0.0000,0.00,0.0000,0.0000,1.0000,42.9127,1,547,0,0,0.005892
385,21,55000000,21.055000000,12.33307190708454,-6.530871198450603,42.210980040163975,0.0510687890103971,0.027328987419346876,-0.048304973653882664,0.997151811288503,544,534,524,524,524,0,0.9813,0.9816,18.5394,37.4828,1.3590,0,True,60.66,True,-0.16194624563605603,0.0022578459742958966,-0.9867969981997019,1.89,0.0000,0.00,0.0000,0.0000,1.0000,40.5493,1,534,0,0,0.014328
386,21,88000000,21.088000000,13.082596900088804,-6.974904067748554,41.72001456699402,0.0500574684151485,0.029564408305497527,-0.06265387271934052,0.9963406484986351,524,519,425,516,425,0,0.8189,0.9905,20.2502,42.7936,1.2885,0,True,60.66,True,0.8156249766567261,-0.4140540252208582,-0.40412270618231777,1.67,0.0000,0.00,0.0000,0.0000,1.0000,77.3279,1,519,0,0,0.018346
387,21,121000000,21.121000000,12.506530157045596,-6.723849224525542,40.942120889648685,0.051885938943462495,0.03356318855027448,-0.08033762982954715,0.9948503540471123,425,413,411,411,411,0,0.9952,0.9718,21.9667,44.0208,1.2082,0,True,59.02,True,-0.5504308972282644,0.09948714212896621,-0.8289319247848395,2.10,0.0000,0.00,0.0000,0.0000,1.0000,44.6621,1,413,0,0,0.009597
388,21,154000000,21.154000000,13.195608239535265,-6.949522575719622,40.25346790389083,0.051483728735701846,0.036186978060853185,-0.09585713165017971,0.9934039151352747,411,404,344,401,344,0,0.8515,0.9830,23.1471,45.3267,1.2957,0,True,57.38,True,0.7656480789047586,-0.17637861802193025,-0.6186061771225102,1.81,0.0000,0.00,0.0000,0.0000,1.0000,64.2473,1,404,0,0,0.007946
389,21,187000000,21.187000000,13.538377068722298,-7.859882042837008,40.02161629107026,0.04992820767685101,0.03823504550927875,-0.11311155351719632,0.9915901531550255,344,344,334,334,334,0,0.9709,1.0000,24.9022,102.2810,1.4913,0,True,55.74,True,0.5245153588407532,-0.8443534891495005,-0.10931982300214443,2.01,0.0000,0.00,0.0000,0.0000,1.0000,74.6493,1,344,0,0,0.021383
390,21,220000000,21.220000000,14.304219691404791,-8.044397549053405,39.405630004495215,0.049999734806621704,0.040350221385287606,-0.12886870949066156,0.9895780625436466,334,326,319,324,319,0,0.9785,0.9760,25.6401,53.9631,1.4031,0,True,54.10,True,0.8383587449458568,-0.059820656847455835,-0.5418266362842884,1.84,0.0000,0.00,0.0000,0.0000,1.0000,62.1959,1,326,0,0,0.008167
391,21,253000000,21.253000000,14.466125809129624,-8.739118503780524,40.10645038384095,0.046132405687597015,0.035859907543201404,-0.15006226560143382,0.9869484204450771,319,302,300,300,300,0,0.9934,0.9467,25.8496,50.3500,1.3325,0,True,52.46,True,0.26538916920005207,-0.564162153722284,0.7818501475210837,2.54,0.0000,0.00,0.0000,0.0000,1.0000,65.1565,1,302,0,0,0.010618
392,21,286000000,21.286000000,14.975237621981147,-9.463244727753029,39.64121240842368,0.0458431783693976,0.03766643481515206,-0.1673413077186373,0.9841120512504273,300,296,270,274,270,0,0.9122,0.9867,24.7325,44.8755,1.8813,0,True,50.82,True,0.7363418388514978,-0.5733019212084075,-0.3593405119041598,2.02,0.0000,0.00,0.0000,0.0000,1.0000,68.7211,1,296,0,0,0.020217
393,21,319000000,21.319000000,14.644153403233874,-9.001315059786325,38.81840974560065,0.05172509760472708,0.04416595159597141,-0.18514638786477092,0.9803543737129098,270,268,262,262,262,0,0.9776,0.9926,25.6864,44.0655,1.4634,0,True,49.18,True,-0.3885267877438127,0.2600574360742412,-0.883977977750558,2.31,0.0000,0.00,0.0000,0.0000,1.0000,62.9158,1,268,0,0,0.006322
394,21,352000000,21.352000000,14.176057392048044,-8.929648868207684,37.93764298799878,0.05680117100121742,0.051331750448605495,-0.20548591079398987,0.975660913859901,262,258,254,254,254,0,0.9845,0.9847,26.6437,51.8572,1.5078,0,True,47.54,True,-0.3667255503632534,-0.18061779279715567,-0.9126278450912249,2.60,0.0000,0.00,0.0000,0.0000,1.0000,55.4557,1,258,0,0,0.018193
395,21,385000000,21.385000000,14.367379241990825,-9.689894226798078,37.31681858087851,0.05653145074836864,0.05333967902272753,-0.22259029272666095,0.971808950000923,254,243,238,239,238,0,0.9794,0.9567,26.4581,48.1500,1.5843,0,True,45.90,True,0.551235367449219,-0.6690216456238247,-0.49854749759668243,2.02,0.0000,0.00,0.0000,0.0000,1.0000,81.4883,1,243,0,0,0.016789
396,21,418000000,21.418000000,14.626393441588341,-10.467765627110722,36.7442561572228,0.056476014136697915,0.05485426585127423,-0.23926008911524915,0.9677582751398783,238,211,209,209,209,0,0.9905,0.8866,25.3734,46.2564,1.4220,0,True,44.26,True,0.6374817946776378,-0.6315132095819527,-0.44137062382772907,1.97,0.0000,0.00,0.0000,0.0000,1.0000,63.6217,1,211,0,0,0.013411
397,21,451000000,21.451000000,14.469674802626173,-11.171878668871646,36.05167829688938,0.05701741022278824,0.056816266423090456,-0.2571395760533706,0.9630161811871696,209,199,199,199,199,0,1.0000,0.9522,24.8064,45.7945,1.5390,0,True,42.62,True,0.2761225105357261,-0.7500796135483268,-0.6009466968996839,2.13,0.0000,0.00,0.0000,0.0000,1.0000,52.9911,1,199,0,0,0.011423
398,21,484000000,21.484000000,14.439832574848708,-12.039432203087442,35.55523060910047,0.05694590773048527,0.058048115557217846,-0.27317672808718824,0.9585207640445695,199,184,182,182,182,0,0.9891,0.9246,24.3878,45.4203,1.5098,0,True,40.98,True,0.46722325774398993,-0.8021717801470772,-0.3717833543325504,1.91,0.0000,0.00,0.0000,0.0000,1.0000,63.6435,1,184,0,0,0.014089
399,21,517000000,21.517000000,15.35800709140025,-11.659853014907544,35.44176168359206,0.06410666067386393,0.0527049269466122,-0.27625910924894415,0.9574933061331439,182,173,170,170,170,0,0.9827,0.9505,23.9729,49.1066,1.8600,0,True,39.34,True,0.5948327037132943,0.79858636668279,-0.09183610151521425,1.09,0.0000,0.00,0.0000,0.0000,1.0000,41.5900,1,173,0,0,0.009473
400,21,550000000,21.550000000,14.972641309147331,-12.58163197329513,35.39913814851475,0.0643928286222507,0.05363716350000337,-0.29062316318472753,0.9531604247629056,170,155,81,154,81,0,0.5226,0.9118,23.0572,38.2090,1.6543,0,True,37.70,True,0.16283051501219967,-0.9839703971777117,0.07272194207251545,1.72,0.0000,0.00,0.0000,0.0000,1.0000,70.9562,1,155,0,0,0.016730
401,21,583000000,21.583000000,14.972641309147331,-12.58163197329513,35.39913814851475,0.0643928286222507,0.05363716350000337,-0.29062316318472753,0.9531604247629056,2000,0,0,0,0,0,0.0000,0.0000,0.0000,0.0000,0.0000,1,True,37.70,True,0.0,0.0,0.0,0.00,0.0000,0.00,0.0000,0.0000,1.0000,81.0615,1,0,2000,0,0.020231
402,21,616000000,21.616000000,14.972641309147331,-12.58163197329513,35.39913814851475,0.0643928286222507,0.05363716350000337,-0.29062316318472753,0.9531604247629056,2000,1940,0,0,0,0,0.0000,0.9700,0.0000,0.0000,2.8741,2,True,37.70,True,0.0,0.0,0.0,0.00,0.0000,0.00,0.0000,0.0000,1.0000,52.5912,1,0,1940,0,0.013884
403,21,649000000,21.649000000,14.972641309147331,-12.58163197329513,35.39913814851475,0.0643928286222507,0.05363716350000337,-0.29062316318472753,0.9531604247629056,1940,1912,0,0,0,0,0.0000,0.9856,0.0000,0.0000,2.2224,3,True,37.70,True,0.0,0.0,0.0,0.00,0.0000,0.00,0.0000,0.0000,1.0000,54.3774,1,0,1912,0,0.015127
404,21,682000000,21.682000000,14.972641309147331,-12.58163197329513,35.39913814851475,0.0643928286222507,0.05363716350000337,-0.29062316318472753,0.9531604247629056,1912,1893,0,0,0,0,0.0000,0.9901,0.0000,0.0000,2.0321,4,True,37.70,True,0.0,0.0,0.0,0.00,0.0000,0.00,0.0000,0.0000,1.0000,51.7227,1,0,1893,0,0.015289
405,21,715000000,21.715000000,14.972641309147331,-12.58163197329513,35.39913814851475,0.0643928286222507,0.05363716350000337,-0.29062316318472753,0.9531604247629056,1893,1861,0,0,0,0,0.0000,0.9831,0.0000,0.0000,1.8093,5,True,37.70,True,0.0,0.0,0.0,0.00,0.0000,0.00,0.0000,0.0000,1.0000,47.4923,1,0,1861,0,0.014953
406,21,748000000,21.748000000,14.972641309147331,-12.58163197329513,35.39913814851475,0.0643928286222507,0.05363716350000337,-0.29062316318472753,0.9531604247629056,1861,1843,0,0,0,0,0.0000,0.9903,0.0000,0.0000,1.5349,6,True,37.70,True,0.0,0.0,0.0,0.00,0.0000,0.00,0.0000,0.0000,1.0000,48.6092,1,0,1843,0,0.016428
407,21,781000000,21.781000000,14.972641309147331,-12.58163197329513,35.39913814851475,0.0643928286222507,0.05363716350000337,-0.29062316318472753,0.9531604247629056,1843,1822,0,0,0,0,0.0000,0.9886,0.0000,0.0000,1.5296,7,True,37.70,True,0.0,0.0,0.0,0.00,0.0000,0.00,0.0000,0.0000,1.0000,42.6961,1,0,1822,0,0.015601
408,21,814000000,21.814000000,14.972641309147331,-12.58163197329513,35.39913814851475,0.0643928286222507,0.05363716350000337,-0.29062316318472753,0.9531604247629056,1822,1809,0,0,0,0,0.0000,0.9929,0.0000,0.0000,1.4670,8,True,37.70,True,0.0,0.0,0.0,0.00,0.0000,0.00,0.0000,0.0000,1.0000,38.6103,1,0,1809,0,0.015282
409,21,847000000,21.847000000,14.972641309147331,-12.58163197329513,35.39913814851475,0.0643928286222507,0.05363716350000337,-0.29062316318472753,0.9531604247629056,1809,1802,0,0,0,0,0.0000,0.9961,0.0000,0.0000,1.5047,9,True,37.70,True,0.0,0.0,0.0,0.00,0.0000,0.00,0.0000,0.0000,1.0000,35.6983,1,0,1802,0,0.015387
410,21,880000000,21.880000000,14.972641309147331,-12.58163197329513,35.39913814851475,0.0643928286222507,0.05363716350000337,-0.29062316318472753,0.9531604247629056,1802,1791,0,0,0,0,0.0000,0.9939,0.0000,0.0000,1.4339,10,True,37.70,True,0.0,0.0,0.0,0.00,0.0000,0.00,0.0000,0.0000,1.0000,12.2245,0,0,1791,0,0.005649
411,21,913000000,21.913000000,14.972641309147331,-12.58163197329513,35.39913814851475,0.0643928286222507,0.05363716350000337,-0.29062316318472753,0.9531604247629056,1791,1784,0,0,0,0,0.0000,0.9961,0.0000,0.0000,1.4415,11,True,37.70,True,0.0,0.0,0.0,0.00,0.0000,0.00,0.0000,0.0000,1.0000,31.4413,1,0,1784,0,0.015470
412,21,946000000,21.946000000,14.972641309147331,-12.58163197329513,35.39913814851475,0.0643928286222507,0.05363716350000337,-0.29062316318472753,0.9531604247629056,1784,1781,0,0,0,0,0.0000,0.9983,0.0000,0.0000,1.4337,12,True,37.70,True,0.0,0.0,0.0,0.00,0.0000,0.00,0.0000,0.0000,1.0000,42.7329,1,0,1781,0,0.017805
413,21,979000000,21.979000000,14.972641309147331,-12.58163197329513,35.39913814851475,0.0643928286222507,0.05363716350000337,-0.29062316318472753,0.9531604247629056,1781,1780,0,0,0,0,0.0000,0.9994,0.0000,0.0000,1.3772,13,True,37.70,True,0.0,0.0,0.0,0.00,0.0000,0.00,0.0000,0.0000,1.0000,17.8283,1,0,1780,0,0.016971
414,22,12000000,22.012000000,14.972641309147331,-12.58163197329513,35.39913814851475,0.0643928286222507,0.05363716350000337,-0.29062316318472753,0.9531604247629056,1780,1768,0,0,0,0,0.0000,0.9933,0.0000,0.0000,1.3403,14,True,39.34,True,0.0,0.0,0.0,0.00,0.0000,0.00,0.0000,0.0000,1.0000,32.6841,1,0,1768,0,0.017935
415,22,45000000,22.045000000,14.972641309147331,-12.58163197329513,35.39913814851475,0.0643928286222507,0.05363716350000337,-0.29062316318472753,0.9531604247629056,1768,1767,0,0,0,0,0.0000,0.9994,0.0000,0.0000,1.3132,15,True,40.98,True,0.0,0.0,0.0,0.00,0.0000,0.00,0.0000,0.0000,1.0000,13.3210,0,0,1767,0,0.020238
416,22,78000000,22.078000000,14.972641309147331,-12.58163197329513,35.39913814851475,0.0643928286222507,0.05363716350000337,-0.29062316318472753,0.9531604247629056,1767,1767,0,0,0,0,0.0000,1.0000,0.0000,0.0000,1.3158,16,True,42.62,True,0.0,0.0,0.0,0.00,0.0000,0.00,0.0000,0.0000,1.0000,16.5455,1,0,1767,0,0.018651
417,22,111000000,22.111000000,14.042680279514654,-12.922438248915295,35.537064091913535,0.06500495611237964,0.05316822977350977,-0.29308343567246997,0.9523915133798705,1767,1767,1551,1767,1551,0,0.8778,1.0000,2.4853,12.0215,1.2944,0,True,42.62,True,-0.6003232662472228,-0.7894207561039565,0.1281672572637944,0.31,0.0000,0.00,0.0000,0.0000,1.0000,8.4410,0,1767,0,1767,0.011920
418,22,144000000,22.144000000,13.23654799264656,-13.513005129574529,35.57423256695941,0.0650217569847918,0.05269262119237106,-0.2957432745841902,0.9515942277718525,1551,1551,1551,1551,1551,0,1.0000,1.0000,2.7966,6.0801,1.2534,0,True,42.62,True,-0.34265711132785603,-0.9362790806852351,0.07725015940216755,0.32,0.0000,0.00,0.0000,0.0000,1.0000,10.7968,0,1551,0,0,0.021519
419,22,177000000,22.177000000,12.5833995313007,-14.200114994798321,35.25599190244014,0.06551197399297465,0.05298058658138013,-0.2981586751911377,0.9507905358791191,1551,1551,1550,1550,1550,0,0.9994,1.0000,3.4994,20.0245,1.2763,0,True,42.62,True,-0.10907858426978059,-0.9626718741869202,-0.24771904469205222,0.30,0.0000,0.00,0.0000,0.0000,1.0000,3.8619,0,1551,0,0,0.012446
420,22,210000000,22.210000000,11.936066228352189,-14.59687598999605,34.605192157830885,0.06846880129570818,0.05374584049577196,-0.2993231129996211,0.9501731852155942,1550,1550,1550,1550,1550,0,1.0000,1.0000,4.3377,10.1189,1.2727,0,True,42.62,True,-0.21541654244899672,-0.7548397669782199,-0.6195261410365075,0.38,0.0000,0.00,0.0000,0.0000,1.0000,2.3288,0,1550,0,0,0.022176
421,22,243000000,22.243000000,11.021915004940617,-14.993692169046604,34.52234011634222,0.07020348367339745,0.05274564199809658,-0.2977918022893589,0.9505837209944125,1550,1550,1395,1550,1395,0,0.9000,1.0000,5.2976,12.3034,1.2075,0,True,42.62,True,-0.5104107698801743,-0.8568184878511313,-0.07309531357637487,0.29,0.0000,0.00,0.0000,0.0000,1.0000,0.8416,0,1550,0,0,0.010909
422,22,276000000,22.276000000,10.311412421224436,-15.442760646612875,33.98056195049486,0.07221577094800648,0.05338792708952156,-0.2969301034246284,0.9506666741543581,1395,1395,1395,1395,1395,0,1.0000,1.0000,6.6192,14.2601,1.0581,0,True,42.62,True,-0.25263776318320946,-0.8278003345216386,-0.5009199205258738,0.26,0.0000,0.00,0.0000,0.0000,1.0000,1.6568,0,1395,0,0,0.008793
423,22,309000000,22.309000000,9.47305938570579,-15.970445425048394,34.1173572809858,0.0727373478075378,0.05268416282824988,-0.2950885995716825,0.9512393892306158,1395,1395,1395,1395,1395,0,1.0000,1.0000,7.5777,16.1029,1.0443,0,True,40.98,True,-0.4116530446794599,-0.8944535101109685,0.17462728611616837,0.24,0.0000,0.00,0.0000,0.0000,1.0000,10.5594,0,1395,0,0,0.027418
424,22,342000000,22.342000000,8.850910529325365,-16.165188886690395,33.35906592230353,0.07684670501867409,0.05495872908122529,-0.29328341681841624,0.951345867413563,1395,1395,1395,1395,1395,0,1.0000,1.0000,8.5327,17.6562,1.2608,0,True,39.34,True,-0.29395291302945986,-0.5941656230858091,-0.7487048131704157,0.58,0.0000,0.00,0.0000,0.0000,1.0000,11.5437,0,1395,0,0,0.018180
425,22,375000000,22.375000000,8.030019375990765,-16.704415742618647,33.547140673992104,0.0788921715917468,0.05384718714387848,-0.2879766154020911,0.9528619914131252,1395,1395,1061,1395,1061,0,0.7606,1.0000,9.4640,19.0405,1.3405,0,True,37.70,True,-0.4065096237813553,-0.8836723580008857,0.23210577217789155,0.69,0.0000,0.00,0.0000,0.0000,1.0000,9.4080,0,1395,0,0,0.011849
426,22,408000000,22.408000000,7.185130795569264,-16.56711297901284,34.06416218010143,0.08086995902573225,0.05206896108338073,-0.28136048527835295,0.9547696844489793,1061,1061,967,1061,967,0,0.9114,1.0000,10.7319,20.2313,1.1934,0,True,36.07,True,-0.8505888375116664,-0.2963382665281858,0.43437571443581185,0.85,0.0000,0.00,0.0000,0.0000,1.0000,21.0356,1,1061,0,0,0.014428
427,22,441000000,22.441000000,6.371488368271768,-16.42809297648864,34.628661462120114,0.08342893689341377,0.05006333704759626,-0.2743260917260536,0.9567018711023839,967,967,905,967,905,0,0.9359,1.0000,11.7076,21.1702,1.1016,0,True,34.43,True,-0.8357446725653042,-0.2581735831717349,0.48464135526281704,0.92,0.0000,0.00,0.0000,0.0000,1.0000,14.7133,0,967,0,0,0.020356
428,22,474000000,22.474000000,5.5837721098825215,-17.04098465078371,34.69084579977058,0.08332570844014266,0.049344769927777685,-0.2694824554884182,0.9581237530599352,905,905,905,905,905,0,1.0000,1.0000,12.5192,21.8904,1.1555,0,True,32.79,True,-0.35742697172523286,-0.9239447334008306,0.13627945371257372,0.58,0.0000,0.00,0.0000,0.0000,1.0000,19.9704,1,905,0,0,0.015598
429,22,507000000,22.507000000,5.80722204049824,-17.370442890489716,35.60819382358577,0.08931817259555443,0.04154881164021166,-0.26357876478784315,0.9595948077435559,905,905,905,905,905,0,1.0000,1.0000,13.2633,22.4743,1.1350,0,True,31.15,True,0.229389655165623,-0.037727815696881425,0.9726032068761333,1.33,0.0000,0.00,0.0000,0.0000,1.0000,26.2205,1,905,0,0,0.018171
430,22,540000000,22.540000000,5.012048744789583,-17.969117334464677,35.511817789619336,0.0903681334963881,0.04056651504360235,-0.25579367406832215,0.9616431534681797,905,905,905,905,905,0,1.0000,1.0000,13.9973,22.9128,1.1266,0,True,29.51,True,-0.37131704186668085,-0.9284940644970402,-0.00473567451833769,0.94,0.0000,0.00,0.0000,0.0000,1.0000,23.4127,1,905,0,0,0.009114
431,22,573000000,22.573000000,4.198955987359742,-18.55053757705065,35.54063912418942,0.09169591755914329,0.03906505240878257,-0.24677716305183023,0.9639329915400635,905,905,905,905,905,0,1.0000,1.0000,14.7090,23.2256,1.1497,0,True,27.87,True,-0.4258205565641225,-0.8974019956371976,0.11552710432533174,1.09,0.0000,0.00,0.0000,0.0000,1.0000,21.0521,1,905,0,0,0.016380
432,22,606000000,22.606000000,3.4376567073286473,-19.196891809412737,35.59211351133248,0.09231449352376514,0.037759615225513826,-0.23804157496091696,0.966120310486017,905,905,905,905,905,0,1.0000,1.0000,15.4077,23.4012,1.1551,0,True,26.23,True,-0.36958267550783835,-0.9162980508300262,0.15429364215534822,1.05,0.0000,0.00,0.0000,0.0000,1.0000,39.8918,1,905,0,0,0.022605
433,22,639000000,22.639000000,2.72780215803637,-19.884397293881626,35.43900332984787,0.09342931906369627,0.03668675683526857,-0.22842284297015397,0.9683739200441307,905,905,905,905,905,0,1.0000,1.0000,16.1048,23.4591,1.1639,0,True,26.23,True,-0.29805646195508795,-0.9538817028512058,-0.03566570414978048,1.15,0.0000,0.00,0.0000,0.0000,1.0000,37.3435,1,905,0,0,0.018186
434,22,672000000,22.672000000,2.1219542798408755,-20.640308672369848,35.19091798897088,0.09381098742626671,0.03607637944407388,-0.2191196260235927,0.970507384297305,905,905,905,905,905,0,1.0000,1.0000,16.8287,23.5164,1.1734,0,True,26.23,True,-0.18354689930063517,-0.9767438837256543,-0.11082383029677394,1.10,0.0000,0.00,0.0000,0.0000,1.0000,33.4952,1,905,0,0,0.015239
435,22,705000000,22.705000000,1.4977088115812531,-21.377793141131715,34.933169557952674,0.09486317676429022,0.03510236396069917,-0.20834937628884626,0.9728100221207666,905,905,905,905,905,0,1.0000,1.0000,17.5598,24.2511,1.2013,0,True,26.23,True,-0.22536003980602362,-0.9662696664737662,-0.12464262557931041,1.27,0.0000,0.00,0.0000,0.0000,1.0000,25.1752,1,905,0,0,0.010915
436,22,738000000,22.738000000,0.8423758605524292,-22.129396679980353,34.858130610158504,0.09575174196462927,0.03375669359346006,-0.19696967323541292,0.9751384708716557,905,905,905,905,905,0,1.0000,1.0000,18.3139,26.3951,1.2248,0,True,26.23,True,-0.2890605811554393,-0.9555907924491678,0.05736042022554677,1.34,0.0000,0.00,0.0000,0.0000,1.0000,46.2851,1,905,0,0,0.018599
437,22,771000000,22.771000000,0.29665884196706804,-22.9200147265373,34.58043286064515,0.09687681862171788,0.0325234891081713,-0.18478529167182325,0.9774515336586898,905,905,905,905,905,0,1.0000,1.0000,19.0968,28.7153,1.2194,0,True,26.23,True,-0.17477049688843047,-0.9761009370690111,-0.12915972309651913,1.43,0.0000,0.00,0.0000,0.0000,1.0000,37.0273,1,905,0,0,0.007229
438,22,804000000,22.804000000,-0.30757861020309074,-23.71360790528371,34.50896980695948,0.0980462390304082,0.030879563619476136,-0.17185830870882404,0.9797438998485295,905,905,905,905,905,0,1.0000,1.0000,19.9337,31.3161,1.2477,0,True,26.23,True,-0.2729182088982063,-0.9592576149057898,0.07307858439413357,1.52,0.0000,0.00,0.0000,0.0000,1.0000,38.5770,1,905,0,0,0.022057
439,22,837000000,22.837000000,-0.6708851669024976,-24.525074619009043,34.05122520745553,0.09847133611591581,0.030485559556344233,-0.15989447603991605,0.9817371252804916,905,905,905,905,905,0,1.0000,1.0000,20.8332,34.2408,1.2510,0,True,26.23,True,-0.029678420444354658,-0.9555601626235506,-0.29329842646489196,1.39,0.0000,0.00,0.0000,0.0000,1.0000,39.4139,1,905,0,0,0.008346
440,22,870000000,22.870000000,-1.3791889699802242,-25.227556414166667,34.12068778743749,0.10016538020022439,0.028605258025881177,-0.14518810422042655,0.9839050006049852,905,905,853,905,853,0,0.9425,1.0000,21.7956,37.4622,1.2703,0,True,26.23,True,-0.4607895592193013,-0.8668092970655124,0.19056396468187378,1.73,0.0000,0.00,0.0000,0.0000,1.0000,63.4409,1,905,0,0,0.027634
441,22,903000000,22.903000000,-2.134636179189769,-25.882282733184706,34.095529065637706,0.1016401631392994,0.026959604194371985,-0.13005475377360254,0.985914914178494,853,853,853,853,853,0,1.0000,1.0000,22.2366,36.6929,1.2682,0,True,26.23,True,-0.536908844275699,-0.8388980314293271,0.08932516891970142,1.77,0.0000,0.00,0.0000,0.0000,1.0000,47.1383,1,853,0,0,0.015536
442,22,936000000,22.936000000,-2.386399380060652,-26.787788678955437,34.43710522531677,0.10183576257195075,0.022573557193325888,-0.1200285315167887,0.9872755763204883,853,853,853,853,853,0,1.0000,1.0000,23.2744,40.2135,1.2964,0,True,26.23,True,-0.04281827075043077,-0.8560459548786667,0.5151232074230537,1.26,0.0000,0.00,0.0000,0.0000,1.0000,31.4633,1,853,0,0,0.010091
443,22,969000000,22.969000000,-2.516477623867599,-27.568650460052783,33.826094153968974,0.1000034703107639,0.025283698817571976,-0.1106863579589775,0.9884880225180697,853,852,850,850,850,0,0.9977,0.9988,24.3309,41.8363,1.3496,0,True,26.23,True,0.09744984604254807,-0.8931443147577709,-0.4390862791321948,1.14,0.0000,0.00,0.0000,0.0000,1.0000,53.8291,1,852,0,0,0.011333
444,23,2000000,23.002000000,-2.6181144411807886,-28.553058603433712,33.969657953764596,0.09911614168031464,0.021578077368684494,-0.10139606679871947,0.9896611615463288,850,849,836,836,836,0,0.9847,0.9988,25.1851,37.7931,1.4676,0,True,26.23,True,0.10106356620711311,-0.9357726323178228,0.33781020735092204,1.16,0.0000,0.00,0.0000,0.0000,1.0000,53.4216,1,849,0,0,0.021798
445,23,35000000,23.035000000,-3.4463233966651488,-28.824707494219936,34.459838335042875,0.10153443405602204,0.019620835569067706,-0.08433605577220507,0.9910566135238099,836,833,563,811,563,0,0.6759,0.9964,25.6451,41.1115,1.8041,0,True,26.23,True,-0.7878392667722078,-0.33646625207539077,0.5158485736591398,1.99,0.0000,0.00,0.0000,0.0000,1.0000,53.5165,1,833,0,0,0.015910
446,23,68000000,23.068000000,-3.9324984348524374,-29.64726684938333,34.754846706918606,0.10271183454025797,0.01733787121356104,-0.06835131658331778,0.9922085339224229,563,563,527,532,527,0,0.9361,1.0000,27.0612,42.4242,2.0942,0,True,26.23,True,-0.36118560322219695,-0.8187113707696275,0.4463817328224076,1.86,0.0000,0.00,0.0000,0.0000,1.0000,56.8570,1,563,0,0,0.016542
447,23,101000000,23.101000000,-4.847390291044858,-29.729787292197017,35.150021690932796,0.10459246156580362,0.015404910019595956,-0.04931180006661066,0.9931724181153464,527,526,471,498,471,0,0.8954,0.9981,27.7588,44.8170,2.1057,0,True,26.23,True,-0.9140391492655755,-0.12775122144314038,0.38498319317815494,2.21,0.0000,0.00,0.0000,0.0000,1.0000,41.2892,1,526,0,0,0.011816
448,23,134000000,23.134000000,-5.462740181742356,-28.965452230669325,35.34272982708184,0.11416399981595574,0.01774002536177172,-0.015872447204257185,0.9931766902550293,471,460,449,449,449,0,0.9761,0.9766,30.5316,49.5169,1.8041,0,True,26.23,True,-0.692353552858686,0.7213818593990045,0.01596154046418045,3.99,0.0000,0.00,0.0000,0.0000,1.0000,55.4547,1,460,0,0,0.015652
449,23,167000000,23.167000000,-5.700735686969509,-29.889358575852498,35.6423215573114,0.11553102601781574,0.015048657705923674,-0.0008596982952375412,0.9931894989614831,449,428,425,425,425,0,0.9930,0.9532,32.0923,51.8767,1.7009,0,True,26.23,True,-0.22398168440132166,-0.8400553889202409,0.4941043903860899,1.75,0.0000,0.00,0.0000,0.0000,1.0000,60.4251,1,428,0,0,0.016828
450,23,200000000,23.200000000,-6.503853633012492,-30.368480813758147,35.99650151988407,0.11743399491910098,0.013212562160892885,0.017133216239618387,0.9928449717552945,425,397,381,393,381,0,0.9597,0.9341,32.8945,48.5321,1.8126,0,True,26.23,True,-0.8142584305870528,-0.38922446459464927,0.430682626047207,2.08,0.0000,0.00,0.0000,0.0000,1.0000,52.1982,1,397,0,0,0.014388
451,23,233000000,23.233000000,-7.087356821890923,-31.116231489230653,36.31334999455155,0.11908429568637698,0.011330815380304247,0.034330373575900325,0.9922257649314676,381,359,307,343,307,0,0.8552,0.9423,32.7759,49.5665,2.1025,0,True,26.23,True,-0.6177545742766659,-0.6346182643155043,0.4643694052771267,1.99,0.0000,0.00,0.0000,0.0000,1.0000,43.7665,1,359,0,0,0.011991
452,23,266000000,23.266000000,-6.719475749061544,-31.69685368598115,35.58702955501089,0.11883117827827229,0.011468391277951203,0.048723297052465905,0.9916519890540383,307,289,286,287,286,0,0.9896,0.9414,33.3814,47.9395,1.6794,0,True,26.23,True,0.3361894865569477,-0.7590626770508271,-0.557494826376898,1.65,0.0000,0.00,0.0000,0.0000,1.0000,61.0670,1,289,0,0,0.016660
453,23,299000000,23.299000000,-7.239418469909148,-32.50150823583631,35.873718624274055,0.1199856417673117,0.009316646814565914,0.06616657224454527,0.9905244220003999,286,267,217,260,217,0,0.8127,0.9336,33.9813,47.8780,1.8846,0,True,26.23,True,-0.60048780499168,-0.661395983741197,0.4494104457478582,2.02,0.0000,0.00,0.0000,0.0000,1.0000,50.1173,1,267,0,0,0.013652
454,23,332000000,23.332000000,-6.8403105167861415,-31.60415317172754,35.68539249578333,0.1215945620692403,0.0072881204221742985,0.08449908226498618,0.988949721104302,217,197,151,190,151,0,0.7665,0.9078,33.2716,51.4013,1.9907,0,True,26.23,True,0.5156605305259057,0.7672408731887211,-0.3813602755483983,2.13,0.0000,0.00,0.0000,0.0000,1.0000,51.0300,1,197,0,0,0.013912
455,23,365000000,23.365000000,-7.132513388486248,-32.51989372987278,35.96114004688408,0.12250280418580106,0.0047994161287723686,0.10091945916890346,0.9873121549603723,151,131,119,123,119,0,0.9084,0.8675,33.5908,47.4894,2.4812,0,True,26.23,True,-0.4409790577585335,-0.7606091374729511,0.4764569346867032,1.92,0.0000,0.00,0.0000,0.0000,1.0000,55.1966,1,131,0,0,0.015101
456,23,398000000,23.398000000,-6.843646288962847,-31.58308770461963,35.763781819636435,0.12368727031835922,0.0027923955724135766,0.11848198832605138,0.9852185950998213,119,99,43,80,43,0,0.4343,0.8319,26.9243,45.8277,4.1924,0,True,26.23,True,0.4677466691573026,0.784449863260694,-0.4072486531868792,2.04,0.0000,0.00,0.0000,0.0000,1.0000,55.0327,1,99,0,0,0.014333
457,23,431000000,23.431000000,-6.843646288962847,-31.58308770461963,35.763781819636435,0.12368727031835922,0.0027923955724135766,0.11848198832605138,0.9852185950998213,2000,0,0,0,0,0,0.0000,0.0000,0.0000,0.0000,0.0000,1,True,27.87,True,0.0,0.0,0.0,0.00,0.0000,0.00,0.0000,0.0000,1.0000,49.2203,1,0,2000,0,0.007946
458,23,464000000,23.464000000,-6.843646288962847,-31.58308770461963,35.763781819636435,0.12368727031835922,0.0027923955724135766,0.11848198832605138,0.9852185950998213,2000,1914,0,0,0,0,0.0000,0.9570,0.0000,0.0000,5.2819,2,True,29.51,True,0.0,0.0,0.0,0.00,0.0000,0.00,0.0000,0.0000,1.0000,43.7690,1,0,1914,0,0.018897
459,23,497000000,23.497000000,-6.843646288962847,-31.58308770461963,35.763781819636435,0.12368727031835922,0.0027923955724135766,0.11848198832605138,0.9852185950998213,1914,1890,0,0,0,0,0.0000,0.9875,0.0000,0.0000,4.0307,3,True,31.15,True,0.0,0.0,0.0,0.00,0.0000,0.00,0.0000,0.0000,1.0000,47.1495,1,0,1890,0,0.013460
460,23,530000000,23.530000000,-6.843646288962847,-31.58308770461963,35.763781819636435,0.12368727031835922,0.0027923955724135766,0.11848198832605138,0.9852185950998213,1890,1881,0,0,0,0,0.0000,0.9952,0.0000,0.0000,3.8226,4,True,32.79,True,0.0,0.0,0.0,0.00,0.0000,0.00,0.0000,0.0000,1.0000,56.8139,1,0,1881,0,0.009582
461,23,563000000,23.563000000,-6.843646288962847,-31.58308770461963,35.763781819636435,0.12368727031835922,0.0027923955724135766,0.11848198832605138,0.9852185950998213,1881,1866,0,0,0,0,0.0000,0.9920,0.0000,0.0000,3.4543,5,True,34.43,True,0.0,0.0,0.0,0.00,0.0000,0.00,0.0000,0.0000,1.0000,47.7609,1,0,1866,0,0.021200
462,23,596000000,23.596000000,-6.843646288962847,-31.58308770461963,35.763781819636435,0.12368727031835922,0.0027923955724135766,0.11848198832605138,0.9852185950998213,1866,1773,0,0,0,0,0.0000,0.9502,0.0000,0.0000,3.4332,6,True,34.43,True,0.0,0.0,0.0,0.00,0.0000,0.00,0.0000,0.0000,1.0000,43.8968,1,0,1773,0,0.013431
463,23,629000000,23.629000000,-6.843646288962847,-31.58308770461963,35.763781819636435,0.12368727031835922,0.0027923955724135766,0.11848198832605138,0.9852185950998213,1773,1702,0,0,0,0,0.0000,0.9600,0.0000,0.0000,2.9909,7,True,34.43,True,0.0,0.0,0.0,0.00,0.0000,0.00,0.0000,0.0000,1.0000,46.3696,1,0,1702,0,0.014603
464,23,662000000,23.662000000,-6.843646288962847,-31.58308770461963,35.763781819636435,0.12368727031835922,0.0027923955724135766,0.11848198832605138,0.9852185950998213,1702,1653,0,0,0,0,0.0000,0.9712,0.0000,0.0000,2.6559,8,True,34.43,True,0.0,0.0,0.0,0.00,0.0000,0.00,0.0000,0.0000,1.0000,41.6811,1,0,1653,0,0.013579
465,23,695000000,23.695000000,-6.843646288962847,-31.58308770461963,35.763781819636435,0.12368727031835922,0.0027923955724135766,0.11848198832605138,0.9852185950998213,1653,1598,0,0,0,0,0.0000,0.9667,0.0000,0.0000,2.6352,9,True,34.43,True,0.0,0.0,0.0,0.00,0.0000,0.00,0.0000,0.0000,1.0000,43.2667,1,0,1598,0,0.014637
466,23,728000000,23.728000000,-6.843646288962847,-31.58308770461963,35.763781819636435,0.12368727031835922,0.0027923955724135766,0.11848198832605138,0.9852185950998213,1598,1571,0,0,0,0,0.0000,0.9831,0.0000,0.0000,2.6394,10,True,34.43,True,0.0,0.0,0.0,0.00,0.0000,0.00,0.0000,0.0000,1.0000,31.4835,1,0,1571,0,0.011067
467,23,761000000,23.761000000,-6.843646288962847,-31.58308770461963,35.763781819636435,0.12368727031835922,0.0027923955724135766,0.11848198832605138,0.9852185950998213,1571,1535,0,0,0,0,0.0000,0.9771,0.0000,0.0000,2.5308,11,True,34.43,True,0.0,0.0,0.0,0.00,0.0000,0.00,0.0000,0.0000,1.0000,45.4286,1,0,1535,0,0.016733
468,23,794000000,23.794000000,-6.843646288962847,-31.58308770461963,35.763781819636435,0.12368727031835922,0.0027923955724135766,0.11848198832605138,0.9852185950998213,1535,1486,0,0,0,0,0.0000,0.9681,0.0000,0.0000,2.5578,12,True,34.43,True,0.0,0.0,0.0,0.00,0.0000,0.00,0.0000,0.0000,1.0000,33.1157,1,0,1486,0,0.012889
469,23,827000000,23.827000000,-6.843646288962847,-31.58308770461963,35.763781819636435,0.12368727031835922,0.0027923955724135766,0.11848198832605138,0.9852185950998213,1486,1457,0,0,0,0,0.0000,0.9805,0.0000,0.0000,2.6310,13,True,34.43,True,0.0,0.0,0.0,0.00,0.0000,0.00,0.0000,0.0000,1.0000,35.2719,1,0,1457,0,0.014543
470,23,860000000,23.860000000,-6.843646288962847,-31.58308770461963,35.763781819636435,0.12368727031835922,0.0027923955724135766,0.11848198832605138,0.9852185950998213,1457,1388,0,0,0,0,0.0000,0.9526,0.0000,0.0000,2.6708,14,True,34.43,True,0.0,0.0,0.0,0.00,0.0000,0.00,0.0000,0.0000,1.0000,31.5422,1,0,1388,0,0.013902
471,23,893000000,23.893000000,-6.843646288962847,-31.58308770461963,35.763781819636435,0.12368727031835922,0.0027923955724135766,0.11848198832605138,0.9852185950998213,1388,1336,0,0,0,0,0.0000,0.9625,0.0000,0.0000,2.6605,15,True,34.43,True,0.0,0.0,0.0,0.00,0.0000,0.00,0.0000,0.0000,1.0000,26.1622,1,0,1336,0,0.012328
472,23,926000000,23.926000000,-6.843646288962847,-31.58308770461963,35.763781819636435,0.12368727031835922,0.0027923955724135766,0.11848198832605138,0.9852185950998213,1336,1311,0,0,0,0,0.0000,0.9813,0.0000,0.0000,2.6885,16,True,34.43,True,0.0,0.0,0.0,0.00,0.0000,0.00,0.0000,0.0000,1.0000,29.3937,1,0,1311,0,0.015052
473,23,959000000,23.959000000,-6.843646288962847,-31.58308770461963,35.763781819636435,0.12368727031835922,0.0027923955724135766,0.11848198832605138,0.9852185950998213,1311,1273,0,0,0,0,0.0000,0.9710,0.0000,0.0000,2.7524,17,True,34.43,True,0.0,0.0,0.0,0.00,0.0000,0.00,0.0000,0.0000,1.0000,24.9531,1,0,1273,0,0.014061
474,23,992000000,23.992000000,-6.843646288962847,-31.58308770461963,35.763781819636435,0.12368727031835922,0.0027923955724135766,0.11848198832605138,0.9852185950998213,1273,1223,0,0,0,0,0.0000,0.9607,0.0000,0.0000,2.7443,18,True,34.43,True,0.0,0.0,0.0,0.00,0.0000,0.00,0.0000,0.0000,1.0000,22.4240,1,0,1223,0,0.014061
475,24,25000000,24.025000000,-6.843646288962847,-31.58308770461963,35.763781819636435,0.12368727031835922,0.0027923955724135766,0.11848198832605138,0.9852185950998213,1223,1199,0,0,0,0,0.0000,0.9804,0.0000,0.0000,2.7741,19,True,34.43,True,0.0,0.0,0.0,0.00,0.0000,0.00,0.0000,0.0000,1.0000,16.3096,1,0,1199,0,0.011457
476,24,58000000,24.058000000,-6.843646288962847,-31.58308770461963,35.763781819636435,0.12368727031835922,0.0027923955724135766,0.11848198832605138,0.9852185950998213,1199,1191,0,0,0,0,0.0000,0.9933,0.0000,0.0000,2.8050,20,True,34.43,True,0.0,0.0,0.0,0.00,0.0000,0.00,0.0000,0.0000,1.0000,11.7126,0,0,1191,0,0.009029
477,24,91000000,24.091000000,-6.843646288962847,-31.58308770461963,35.763781819636435,0.12368727031835922,0.0027923955724135766,0.11848198832605138,0.9852185950998213,1191,1166,0,0,0,0,0.0000,0.9790,0.0000,0.0000,2.7482,21,True,34.43,True,0.0,0.0,0.0,0.00,0.0000,0.00,0.0000,0.0000,1.0000,20.9984,1,0,1166,0,0.019172
478,24,124000000,24.124000000,-6.843646288962847,-31.58308770461963,35.763781819636435,0.12368727031835922,0.0027923955724135766,0.11848198832605138,0.9852185950998213,1166,1157,0,0,0,0,0.0000,0.9923,0.0000,0.0000,2.7441,22,True,36.07,True,0.0,0.0,0.0,0.00,0.0000,0.00,0.0000,0.0000,1.0000,13.1419,0,0,1157,0,0.015251
479,24,157000000,24.157000000,-6.073768938265624,-32.216453634507396,35.68544623550748,0.12360107523594231,0.0022661538035318274,0.1212051009978314,0.9848994680877653,1157,1137,894,1137,894,0,0.7863,0.9827,7.3351,16.9117,2.7234,0,True,36.07,True,0.5980813942202047,-0.7945528217070686,0.10480677175140483,0.32,0.0000,0.00,0.0000,0.0000,1.0000,9.1919,0,1137,0,1137,0.014043
480,24,190000000,24.190000000,-5.277697551930033,-32.54562497229158,35.17759135639426,0.12251522070753429,0.0028886118253402737,0.12257934357169707,0.9848634327388943,894,882,881,881,881,0,0.9989,0.9866,7.2555,15.3966,0.9373,0,True,36.07,True,0.680950169993328,-0.6229840583790653,-0.38496458147679885,0.21,0.0000,0.00,0.0000,0.0000,1.0000,5.7739,0,882,0,0,0.012362
481,24,223000000,24.223000000,-4.466723617236945,-33.1304376792168,35.19535015892153,0.12262042853305762,0.0023008727756545777,0.12338861530653189,0.9847508243731387,881,875,872,872,872,0,0.9966,0.9932,6.2406,22.1796,0.9874,0,True,36.07,True,0.6454061742305807,-0.7406179489495925,0.18691154046431754,0.12,0.0000,0.00,0.0000,0.0000,1.0000,4.1206,0,875,0,0,0.015018
482,24,256000000,24.256000000,-3.6049786228506306,-33.407432441521124,34.77029784883946,0.12238966970334922,0.0030018964092255853,0.12400795374030205,0.9846998450172502,872,866,865,866,865,0,0.9988,0.9931,5.1538,15.1298,0.9854,0,True,36.07,True,0.7570903407678086,-0.5720526260539499,-0.31554715803008526,0.11,0.0000,0.00,0.0000,0.0000,1.0000,0.9708,0,866,0,0,0.011996
483,24,289000000,24.289000000,-3.295178949549171,-34.26791923989764,35.17475629199777,0.12395986102288012,0.0031593522498828317,0.12314828059924018,0.9846108227792341,865,850,849,849,849,0,0.9988,0.9827,4.0923,14.9206,0.9077,0,True,36.07,True,0.09937051654060587,-0.7858854317022881,0.6103356360893254,0.21,0.0000,0.00,0.0000,0.0000,1.0000,2.1662,0,850,0,0,0.017108
484,24,322000000,24.322000000,-2.557584236382862,-34.89959768443683,35.41336974889752,0.12444769060257062,0.0018836949036719179,0.1203448684952348,0.9848991504839779,849,842,841,841,841,0,0.9988,0.9918,3.1983,6.5394,0.8896,0,True,36.07,True,0.5673278110969899,-0.7129675290835615,0.41208792414772244,0.36,0.0000,0.00,0.0000,0.0000,1.0000,2.2883,0,842,0,0,0.007591
485,24,355000000,24.355000000,-2.604179534035628,-34.58101803395361,34.466619578823796,0.12859433219948221,0.006277985218349048,0.11884676263015896,0.9845301070257313,841,841,561,840,561,0,0.6671,1.0000,2.5540,65.6813,0.8907,0,True,36.07,True,0.005579643041433331,0.07799512353277073,-0.9969381266099907,0.71,0.0000,0.00,0.0000,0.0000,1.0000,7.0008,0,841,0,0,0.015159
486,24,388000000,24.388000000,-2.6975546905413745,-34.252803845751295,33.52664270314535,0.13210707962334856,0.010533838597341619,0.11694235516712859,0.9842566958501022,561,561,560,561,560,0,0.9982,1.0000,2.1038,12.1976,0.8686,0,True,36.07,True,-0.030504204540719608,0.09037375968867666,-0.9954406446720322,0.67,0.0000,0.00,0.0000,0.0000,1.0000,12.1326,0,561,0,0,0.017498
487,24,421000000,24.421000000,-2.6241552120284055,-33.91300669361976,32.58901249247735,0.13592912204569113,0.014367701446896397,0.11411253164856601,0.9840199048066941,560,559,460,559,460,0,0.8229,0.9982,2.2983,6.7707,0.8753,0,True,36.07,True,0.1410155103303418,0.0558053637783238,-0.9884332993276997,0.70,0.0000,0.00,0.0000,0.0000,1.0000,12.9335,0,559,0,0,0.014202
488,24,454000000,24.454000000,-2.0439075950939998,-34.58989166685757,33.041935704563876,0.1361721837676933,0.010197925475862095,0.1054468388164481,0.9850046207341082,460,460,459,459,459,0,0.9978,1.0000,2.9561,7.2019,0.9074,0,True,36.07,True,0.4114829228967012,-0.6396393767916277,0.6492636381486381,1.11,0.0000,0.00,0.0000,0.0000,1.0000,16.7773,1,460,0,0,0.015102
489,24,487000000,24.487000000,-1.6498732343223608,-35.162795331139705,32.323243618908705,0.13378453237824242,0.015619920156022402,0.09600112349815343,0.9862258875520085,459,458,458,458,458,0,1.0000,0.9978,3.6015,6.3598,0.9087,0,True,36.07,True,0.2583879298903257,-0.8140180663330199,-0.5202021389521994,1.29,0.0000,0.00,0.0000,0.0000,1.0000,19.5057,1,458,0,0,0.014903
490,24,520000000,24.520000000,-0.8047236884917575,-35.348609997398235,31.82204988891445,0.13409919097624726,0.017525952304404468,0.09081408972368735,0.9866423106085599,458,458,444,458,444,0,0.9694,1.0000,4.3257,7.2872,0.9263,0,True,36.07,True,0.79576438967749,-0.4660012552076137,-0.38678400466686885,0.64,0.0000,0.00,0.0000,0.0000,1.0000,20.6308,1,458,0,0,0.013798
491,24,553000000,24.553000000,0.06988606842616607,-35.70615758115498,31.494609056925402,0.13470480942936022,0.019245112095749146,0.08512796335521187,0.9870346852223663,444,441,433,440,433,0,0.9819,0.9932,5.0068,7.9354,0.9211,0,True,36.07,True,0.797241321439033,-0.5790999539673527,-0.17043919357106277,0.69,0.0000,0.00,0.0000,0.0000,1.0000,19.7194,1,441,0,0,0.011914
492,24,586000000,24.586000000,-0.034420248325530534,-35.40816740417601,30.545756040536812,0.1387067116186821,0.024569792685509944,0.07833266677380706,0.9869249043141157,433,430,430,430,430,0,1.0000,0.9931,5.7190,8.8833,0.8687,0,True,36.07,True,-0.03680867606096723,0.04441985137695065,-0.9983346123270936,1.09,0.0000,0.00,0.0000,0.0000,1.0000,23.9723,1,430,0,0,0.013211
493,24,619000000,24.619000000,0.39942501374389183,-35.02708727084537,29.729327096561523,0.14183753360551718,0.027690131966275053,0.071150129099143,0.986941249407263,430,430,248,430,248,0,0.5767,1.0000,6.4565,9.8950,0.8887,0,True,36.07,True,0.5113691630933669,0.07094754005743148,-0.8564274783056581,0.97,0.0000,0.00,0.0000,0.0000,1.0000,29.1395,1,430,0,0,0.014731
494,24,652000000,24.652000000,1.1766096815178453,-34.6731948522559,29.208996290014397,0.1424528293139576,0.030068023101574252,0.06489146925804433,0.9872143650822469,248,248,212,248,212,0,0.8548,1.0000,7.7946,10.9576,0.9499,0,True,36.07,True,0.838542949699442,0.08529804907551765,-0.5381170544902567,0.77,0.0000,0.00,0.0000,0.0000,1.0000,19.4584,1,248,0,0,0.009218
495,24,685000000,24.685000000,2.053659671579138,-34.925366585481484,28.800104211471066,0.14373359380032086,0.03221543274964984,0.05648070903653779,0.9874779741405513,212,212,185,212,185,0,0.8726,1.0000,8.7231,11.9998,1.0195,0,True,36.07,True,0.8503235910290349,-0.46127276176688814,-0.2533322517790307,1.01,0.0000,0.00,0.0000,0.0000,1.0000,46.5846,1,212,0,0,0.020428
496,24,718000000,24.718000000,2.7996406237343323,-34.87095765493057,29.46384519054191,0.14616508709847384,0.028036511467881296,0.04811139593944037,0.9876917610869118,185,185,185,185,185,0,1.0000,1.0000,9.2229,13.0487,0.9973,0,True,36.07,True,0.7147929373264695,0.16634017966470419,0.6792657811028845,1.11,0.0000,0.00,0.0000,0.0000,1.0000,38.1780,1,185,0,0,0.009024
497,24,751000000,24.751000000,2.9130241032169235,-34.50129303526613,28.541623820398733,0.15024200144431019,0.032128992558408336,0.03800843195481031,0.9873957807989286,185,185,185,185,185,0,1.0000,1.0000,9.9397,14.1436,1.0617,0,True,36.07,True,0.18894718560654986,0.07354873713787258,-0.9792290561032124,1.33,0.0000,0.00,0.0000,0.0000,1.0000,41.4420,1,185,0,0,0.022313
498,24,784000000,24.784000000,3.254726363520852,-33.897469848922995,27.821459169129593,0.151134238303905,0.03605558063563611,0.030175266826313607,0.9873944958269144,185,185,184,185,184,0,0.9946,1.0000,10.6511,15.2966,1.1433,0,True,36.07,True,0.4286292930294255,0.3370406011851413,-0.8382604382349518,1.01,0.0000,0.00,0.0000,0.0000,1.0000,36.2180,1,185,0,0,0.013166
499,24,817000000,24.817000000,2.8969313583525884,-33.11042990479032,27.318914782417067,0.15924402316590414,0.048384391932489064,0.027417662361684147,0.9856716306630119,184,181,181,181,181,0,1.0000,0.9837,11.3378,16.4267,1.0548,0,True,36.07,True,-0.2695375637223387,0.6159917131707949,-0.7402051817216192,1.73,0.0000,0.00,0.0000,0.0000,1.0000,42.6206,1,181,0,0,0.014857
500,24,850000000,24.850000000,3.7965266943813933,-33.2673469921422,26.911354652997836,0.16210242813346884,0.05083399580727693,0.015641712821971278,0.9853395579613631,181,181,110,181,110,0,0.6077,1.0000,12.0130,20.9668,1.1880,0,True,36.07,True,0.918446565502077,-0.31250740707457403,-0.2424768583617108,1.42,0.0000,0.00,0.0000,0.0000,1.0000,46.7509,1,181,0,0,0.015641
501,24,883000000,24.883000000,4.148603326090988,-32.376111642568766,26.625449778826837,0.16404304868567454,0.05398533395766674,0.007022451167791198,0.9849498195720352,110,107,106,107,106,0,0.9907,0.9727,11.8236,18.8749,1.3644,0,True,36.07,True,0.4194363954695779,0.7471231538696997,-0.5156356301762719,1.08,0.0000,0.00,0.0000,0.0000,1.0000,44.2661,1,107,0,0,0.014294
502,24,916000000,24.916000000,4.1526499565299035,-32.1648184548697,25.64803542778934,0.16869860480924412,0.05933210264560387,-0.0063619337788647905,0.9838597502335683,106,104,103,103,103,0,0.9904,0.9811,12.3790,20.1375,1.2510,0,True,36.07,True,0.11237983568022665,-0.11667473007909053,-0.9867916598215941,1.74,0.0000,0.00,0.0000,0.0000,1.0000,47.6390,1,104,0,0,0.014921
503,24,949000000,24.949000000,3.745731279434253,-32.30342928221064,24.745148818754416,0.17080446626137266,0.07619565977126108,-0.024186616808416887,0.9820565479159296,103,102,102,102,102,0,1.0000,0.9903,12.9590,22.4700,1.3061,0,True,36.07,True,-0.2977112711157948,-0.4429829784910331,-0.8456560056061984,2.83,0.0000,0.00,0.0000,0.0000,1.0000,44.4115,1,102,0,0,0.013548
504,24,982000000,24.982000000,3.0344585295735667,-32.4999856299788,25.42002412387208,0.17268978721277806,0.07869823343469505,-0.037071198547169185,0.9811271842554053,102,100,65,99,65,0,0.6500,0.9804,13.2221,19.6628,1.2423,0,True,36.07,True,-0.8045361242267911,-0.013241426034207911,0.5937560858220434,1.52,0.0000,0.00,0.0000,0.0000,1.0000,35.3892,1,100,0,0,0.010590
505,25,15000000,25.015000000,3.0344585295735667,-32.4999856299788,25.42002412387208,0.17268978721277806,0.07869823343469505,-0.037071198547169185,0.9811271842554053,2000,0,0,0,0,0,0.0000,0.0000,0.0000,0.0000,0.0000,1,True,37.70,True,0.0,0.0,0.0,0.00,0.0000,0.00,0.0000,0.0000,1.0000,59.5106,1,0,2000,0,0.017436
506,25,48000000,25.048000000,3.0344585295735667,-32.4999856299788,25.42002412387208,0.17268978721277806,0.07869823343469505,-0.037071198547169185,0.9811271842554053,2000,1951,0,0,0,0,0.0000,0.9755,0.0000,0.0000,5.1294,2,True,39.34,True,0.0,0.0,0.0,0.00,0.0000,0.00,0.0000,0.0000,1.0000,57.1435,1,0,1951,0,0.016395
507,25,81000000,25.081000000,3.0344585295735667,-32.4999856299788,25.42002412387208,0.17268978721277806,0.07869823343469505,-0.037071198547169185,0.9811271842554053,1951,1908,0,0,0,0,0.0000,0.9780,0.0000,0.0000,4.0551,3,True,40.98,True,0.0,0.0,0.0,0.00,0.0000,0.00,0.0000,0.0000,1.0000,52.1831,1,0,1908,0,0.014738
508,25,114000000,25.114000000,3.0344585295735667,-32.4999856299788,25.42002412387208,0.17268978721277806,0.07869823343469505,-0.037071198547169185,0.9811271842554053,1908,1767,0,0,0,0,0.0000,0.9261,0.0000,0.0000,3.5816,4,True,42.62,True,0.0,0.0,0.0,0.00,0.0000,0.00,0.0000,0.0000,1.0000,54.2150,1,0,1767,0,0.015133
509,25,147000000,25.147000000,3.0344585295735667,-32.4999856299788,25.42002412387208,0.17268978721277806,0.07869823343469505,-0.037071198547169185,0.9811271842554053,1767,1741,0,0,0,0,0.0000,0.9853,0.0000,0.0000,3.7459,5,True,44.26,True,0.0,0.0,0.0,0.00,0.0000,0.00,0.0000,0.0000,1.0000,44.8554,1,0,1741,0,0.012420
510,25,180000000,25.180000000,3.0344585295735667,-32.4999856299788,25.42002412387208,0.17268978721277806,0.07869823343469505,-0.037071198547169185,0.9811271842554053,1741,1717,0,0,0,0,0.0000,0.9862,0.0000,0.0000,3.5771,6,True,45.90,True,0.0,0.0,0.0,0.00,0.0000,0.00,0.0000,0.0000,1.0000,62.6186,1,0,1717,0,0.009550
511,25,213000000,25.213000000,3.0344585295735667,-32.4999856299788,25.42002412387208,0.17268978721277806,0.07869823343469505,-0.037071198547169185,0.9811271842554053,1717,1697,0,0,0,0,0.0000,0.9884,0.0000,0.0000,3.9598,7,True,47.54,True,0.0,0.0,0.0,0.00,0.0000,0.00,0.0000,0.0000,1.0000,43.0646,1,0,1697,0,0.011796
512,25,246000000,25.246000000,3.0344585295735667,-32.4999856299788,25.42002412387208,0.17268978721277806,0.07869823343469505,-0.037071198547169185,0.9811271842554053,1697,1669,0,0,0,0,0.0000,0.9835,0.0000,0.0000,3.5054,8,True,49.18,True,0.0,0.0,0.0,0.00,0.0000,0.00,0.0000,0.0000,1.0000,57.6862,1,0,1669,0,0.023509
513,25,279000000,25.279000000,3.0344585295735667,-32.4999856299788,25.42002412387208,0.17268978721277806,0.07869823343469505,-0.037071198547169185,0.9811271842554053,1669,1649,0,0,0,0,0.0000,0.9880,0.0000,0.0000,3.4207,9,True,50.82,True,0.0,0.0,0.0,0.00,0.0000,0.00,0.0000,0.0000,1.0000,65.6459,1,0,1649,0,0.018040
514,25,312000000,25.312000000,3.0344585295735667,-32.4999856299788,25.42002412387208,0.17268978721277806,0.07869823343469505,-0.037071198547169185,0.9811271842554053,1649,1612,0,0,0,0,0.0000,0.9776,0.0000,0.0000,3.2013,10,True,52.46,True,0.0,0.0,0.0,0.00,0.0000,0.00,0.0000,0.0000,1.0000,44.0532,1,0,1612,0,0.012174
515,25,345000000,25.345000000,3.0344585295735667,-32.4999856299788,25.42002412387208,0.17268978721277806,0.07869823343469505,-0.037071198547169185,0.9811271842554053,1612,1588,0,0,0,0,0.0000,0.9851,0.0000,0.0000,3.1373,11,True,54.10,True,0.0,0.0,0.0,0.00,0.0000,0.00,0.0000,0.0000,1.0000,64.2527,1,0,1588,0,0.017888
516,25,378000000,25.378000000,3.0344585295735667,-32.4999856299788,25.42002412387208,0.17268978721277806,0.07869823343469505,-0.037071198547169185,0.9811271842554053,1588,1559,0,0,0,0,0.0000,0.9817,0.0000,0.0000,2.9142,12,True,55.74,True,0.0,0.0,0.0,0.00,0.0000,0.00,0.0000,0.0000,1.0000,50.1686,1,0,1559,0,0.014123
517,25,411000000,25.411000000,3.0344585295735667,-32.4999856299788,25.42002412387208,0.17268978721277806,0.07869823343469505,-0.037071198547169185,0.9811271842554053,1559,1539,0,0,0,0,0.0000,0.9872,0.0000,0.0000,2.7638,13,True,57.38,True,0.0,0.0,0.0,0.00,0.0000,0.00,0.0000,0.0000,1.0000,52.3527,1,0,1539,0,0.014928
518,25,444000000,25.444000000,3.0344585295735667,-32.4999856299788,25.42002412387208,0.17268978721277806,0.07869823343469505,-0.037071198547169185,0.9811271842554053,1539,1520,0,0,0,0,0.0000,0.9877,0.0000,0.0000,2.4188,14,True,57.38,True,0.0,0.0,0.0,0.00,0.0000,0.00,0.0000,0.0000,1.0000,52.0432,1,0,1520,0,0.015082
519,25,477000000,25.477000000,3.0344585295735667,-32.4999856299788,25.42002412387208,0.17268978721277806,0.07869823343469505,-0.037071198547169185,0.9811271842554053,1520,1495,0,0,0,0,0.0000,0.9836,0.0000,0.0000,2.2757,15,True,57.38,True,0.0,0.0,0.0,0.00,0.0000,0.00,0.0000,0.0000,1.0000,55.6495,1,0,1495,0,0.016445
520,25,510000000,25.510000000,3.0344585295735667,-32.4999856299788,25.42002412387208,0.17268978721277806,0.07869823343469505,-0.037071198547169185,0.9811271842554053,1495,1479,0,0,0,0,0.0000,0.9893,0.0000,0.0000,2.3584,16,True,57.38,True,0.0,0.0,0.0,0.00,0.0000,0.00,0.0000,0.0000,1.0000,32.7174,1,0,1479,0,0.009843
521,25,543000000,25.543000000,3.0344585295735667,-32.4999856299788,25.42002412387208,0.17268978721277806,0.07869823343469505,-0.037071198547169185,0.9811271842554053,1479,1462,0,0,0,0,0.0000,0.9885,0.0000,0.0000,2.2113,17,True,57.38,True,0.0,0.0,0.0,0.00,0.0000,0.00,0.0000,0.0000,1.0000,64.8741,1,0,1462,0,0.020022
522,25,576000000,25.576000000,3.0344585295735667,-32.4999856299788,25.42002412387208,0.17268978721277806,0.07869823343469505,-0.037071198547169185,0.9811271842554053,1462,1282,0,0,0,0,0.0000,0.8769,0.0000,0.0000,1.5222,18,True,57.38,True,0.0,0.0,0.0,0.00,0.0000,0.00,0.0000,0.0000,1.0000,37.0919,1,0,1282,0,0.011766
523,25,609000000,25.609000000,3.0344585295735667,-32.4999856299788,25.42002412387208,0.17268978721277806,0.07869823343469505,-0.037071198547169185,0.9811271842554053,1282,1229,0,0,0,0,0.0000,0.9587,0.0000,0.0000,1.2938,19,True,57.38,True,0.0,0.0,0.0,0.00,0.0000,0.00,0.0000,0.0000,1.0000,47.2054,1,0,1229,0,0.015417
524,25,642000000,25.642000000,3.0344585295735667,-32.4999856299788,25.42002412387208,0.17268978721277806,0.07869823343469505,-0.037071198547169185,0.9811271842554053,1229,1211,0,0,0,0,0.0000,0.9854,0.0000,0.0000,1.3564,20,True,57.38,True,0.0,0.0,0.0,0.00,0.0000,0.00,0.0000,0.0000,1.0000,47.5805,1,0,1211,0,0.016116
525,25,675000000,25.675000000,3.0344585295735667,-32.4999856299788,25.42002412387208,0.17268978721277806,0.07869823343469505,-0.037071198547169185,0.9811271842554053,1211,1192,0,0,0,0,0.0000,0.9843,0.0000,0.0000,1.3281,21,True,57.38,True,0.0,0.0,0.0,0.00,0.0000,0.00,0.0000,0.0000,1.0000,47.9085,1,0,1192,0,0.016928
526,25,708000000,25.708000000,3.0344585295735667,-32.4999856299788,25.42002412387208,0.17268978721277806,0.07869823343469505,-0.037071198547169185,0.9811271842554053,1192,1169,0,0,0,0,0.0000,0.9807,0.0000,0.0000,1.3209,22,True,57.38,True,0.0,0.0,0.0,0.00,0.0000,0.00,0.0000,0.0000,1.0000,41.2593,1,0,1169,0,0.015247
527,25,741000000,25.741000000,3.0344585295735667,-32.4999856299788,25.42002412387208,0.17268978721277806,0.07869823343469505,-0.037071198547169185,0.9811271842554053,1169,1147,0,0,0,0,0.0000,0.9812,0.0000,0.0000,1.2200,23,True,57.38,True,0.0,0.0,0.0,0.00,0.0000,0.00,0.0000,0.0000,1.0000,39.3882,1,0,1147,0,0.015296
528,25,774000000,25.774000000,3.0344585295735667,-32.4999856299788,25.42002412387208,0.17268978721277806,0.07869823343469505,-0.037071198547169185,0.9811271842554053,1147,1137,0,0,0,0,0.0000,0.9913,0.0000,0.0000,1.1811,24,True,57.38,True,0.0,0.0,0.0,0.00,0.0000,0.00,0.0000,0.0000,1.0000,36.3430,1,0,1137,0,0.014868
529,25,807000000,25.807000000,3.0344585295735667,-32.4999856299788,25.42002412387208,0.17268978721277806,0.07869823343469505,-0.037071198547169185,0.9811271842554053,1137,1127,0,0,0,0,0.0000,0.9912,0.0000,0.0000,1.2403,25,True,57.38,True,0.0,0.0,0.0,0.00,0.0000,0.00,0.0000,0.0000,1.0000,25.0644,1,0,1127,0,0.010787
530,25,840000000,25.840000000,3.0344585295735667,-32.4999856299788,25.42002412387208,0.17268978721277806,0.07869823343469505,-0.037071198547169185,0.9811271842554053,1127,1112,0,0,0,0,0.0000,0.9867,0.0000,0.0000,1.2205,26,True,57.38,True,0.0,0.0,0.0,0.00,0.0000,0.00,0.0000,0.0000,1.0000,42.8383,1,0,1112,0,0.019629
531,25,873000000,25.873000000,3.0344585295735667,-32.4999856299788,25.42002412387208,0.17268978721277806,0.07869823343469505,-0.037071198547169185,0.9811271842554053,1112,1108,0,0,0,0,0.0000,0.9964,0.0000,0.0000,1.1874,27,True,57.38,True,0.0,0.0,0.0,0.00,0.0000,0.00,0.0000,0.0000,1.0000,28.8010,1,0,1108,0,0.014307
532,25,906000000,25.906000000,3.0344585295735667,-32.4999856299788,25.42002412387208,0.17268978721277806,0.07869823343469505,-0.037071198547169185,0.9811271842554053,1108,1094,0,0,0,0,0.0000,0.9874,0.0000,0.0000,1.1507,28,True,57.38,True,0.0,0.0,0.0,0.00,0.0000,0.00,0.0000,0.0000,1.0000,22.7455,1,0,1094,0,0.012180
533,25,939000000,25.939000000,3.0344585295735667,-32.4999856299788,25.42002412387208,0.17268978721277806,0.07869823343469505,-0.037071198547169185,0.9811271842554053,1094,1091,0,0,0,0,0.0000,0.9973,0.0000,0.0000,1.1748,29,True,57.38,True,0.0,0.0,0.0,0.00,0.0000,0.00,0.0000,0.0000,1.0000,33.2242,1,0,1091,0,0.019463
534,25,972000000,25.972000000,3.0344585295735667,-32.4999856299788,25.42002412387208,0.17268978721277806,0.07869823343469505,-0.037071198547169185,0.9811271842554053,1091,1084,0,0,0,0,0.0000,0.9936,0.0000,0.0000,1.1386,30,True,57.38,True,0.0,0.0,0.0,0.00,0.0000,0.00,0.0000,0.0000,1.0000,16.4567,1,0,1084,0,0.010754
535,26,5000000,26.005000000,3.0344585295735667,-32.4999856299788,25.42002412387208,0.17268978721277806,0.07869823343469505,-0.037071198547169185,0.9811271842554053,1084,1075,0,0,0,0,0.0000,0.9917,0.0000,0.0000,1.0650,31,True,57.38,True,0.0,0.0,0.0,0.00,0.0000,0.00,0.0000,0.0000,1.0000,23.3993,1,0,1075,0,0.016941
536,26,38000000,26.038000000,3.0344585295735667,-32.4999856299788,25.42002412387208,0.17268978721277806,0.07869823343469505,-0.037071198547169185,0.9811271842554053,1075,1073,0,0,0,0,0.0000,0.9981,0.0000,0.0000,1.0236,32,True,57.38,True,0.0,0.0,0.0,0.00,0.0000,0.00,0.0000,0.0000,1.0000,19.0502,1,0,1073,0,0.016036
537,26,71000000,26.071000000,3.0344585295735667,-32.4999856299788,25.42002412387208,0.17268978721277806,0.07869823343469505,-0.037071198547169185,0.9811271842554053,1073,1073,0,0,0,0,0.0000,1.0000,0.0000,0.0000,1.0051,33,True,57.38,True,0.0,0.0,0.0,0.00,0.0000,0.00,0.0000,0.0000,1.0000,15.5944,1,0,1073,0,0.015593
538,26,104000000,26.104000000,3.0344585295735667,-32.4999856299788,25.42002412387208,0.17268978721277806,0.07869823343469505,-0.037071198547169185,0.9811271842554053,1073,1073,0,0,0,0,0.0000,1.0000,0.0000,0.0000,1.0040,34,True,57.38,True,0.0,0.0,0.0,0.00,0.0000,0.00,0.0000,0.0000,1.0000,8.1793,0,0,1073,0,0.009596
539,26,137000000,26.137000000,3.0344585295735667,-32.4999856299788,25.42002412387208,0.17268978721277806,0.07869823343469505,-0.037071198547169185,0.9811271842554053,1073,1073,0,0,0,0,0.0000,1.0000,0.0000,0.0000,1.0626,35,True,57.38,True,0.0,0.0,0.0,0.00,0.0000,0.00,0.0000,0.0000,1.0000,13.6366,0,0,1073,0,0.020759
540,26,170000000,26.170000000,2.5045661730951196,-33.32130502747212,25.208722117618162,0.17233040494461163,0.0790537787090767,-0.039065678406618336,0.981084402268262,1073,1073,1057,1073,1057,0,0.9851,1.0000,2.4138,5.3614,1.1123,0,True,57.38,True,-0.4491150424085088,-0.8933936294344135,0.011979214014670166,0.24,0.0000,0.00,0.0000,0.0000,1.0000,5.9462,0,1073,0,1073,0.013283
541,26,203000000,26.203000000,1.9866197360806095,-34.14474923019741,24.97705180579102,0.17230760854976854,0.07916154073563751,-0.03996869804428549,0.9810433434262037,1057,1057,977,1057,977,0,0.9243,1.0000,3.0890,7.3648,1.0779,0,True,57.38,True,-0.4301527716474018,-0.9027430474541401,-0.004856265774258814,0.10,0.0000,0.00,0.0000,0.0000,1.0000,4.0212,0,1057,0,0,0.014887
542,26,236000000,26.236000000,2.3495862340804616,-34.5442421217021,25.818871709907654,0.17799698088395466,0.0735644972182002,-0.04184012570355189,0.9803849975526663,977,977,939,976,939,0,0.9611,1.0000,4.2359,9.3510,0.9930,0,True,57.38,True,0.23534044005864413,-0.056850755953849225,0.9702488695280606,0.94,0.0000,0.00,0.0000,0.0000,1.0000,1.0561,0,977,0,0,0.009515
543,26,269000000,26.269000000,1.775963145473347,-35.348751566116235,25.664855132665817,0.17803304250851273,0.07341733308886286,-0.041288459427056896,0.9804128692012469,939,939,937,939,937,0,0.9979,1.0000,5.2222,11.0605,0.9890,0,True,57.38,True,-0.49596412700727727,-0.8656013921315128,0.06894791267251421,0.07,0.0000,0.00,0.0000,0.0000,1.0000,2.3887,0,939,0,0,0.020782
544,26,302000000,26.302000000,1.294678747133491,-36.19909135767761,25.87766388906929,0.17687474576108467,0.07198902904205813,-0.04136984933914106,0.9807249561294901,937,937,937,937,937,0,1.0000,1.0000,6.2477,12.8500,0.9818,0,True,57.38,True,-0.4616053953646862,-0.7720826153323764,0.4368167740274285,0.21,0.0000,0.00,0.0000,0.0000,1.0000,5.0821,0,937,0,0,0.005069
545,26,335000000,26.335000000,0.8528016568968522,-37.026318519347626,26.224708353251277,0.17579548004758483,0.06969101650140067,-0.040908626429561924,0.981104273610857,937,937,937,937,937,0,1.0000,1.0000,7.2261,14.4822,0.9675,0,True,57.38,True,-0.44380809113087394,-0.701412151363694,0.55772338319827,0.30,0.0000,0.00,0.0000,0.0000,1.0000,5.4567,0,937,0,0,0.023158
546,26,368000000,26.368000000,0.3270291268161125,-37.68687511911769,25.688771579823,0.17594124118304533,0.07199631626466341,-0.040598599543892666,0.980924545421493,937,937,937,937,937,0,1.0000,1.0000,8.1720,16.0020,0.9644,0,True,57.38,True,-0.401070420813651,-0.8544193517458327,-0.33031816315575485,0.27,0.0000,0.00,0.0000,0.0000,1.0000,10.9342,0,937,0,0,0.016713
547,26,401000000,26.401000000,-0.15112986789708693,-38.56017757666244,25.59546137983843,0.17532798980864053,0.0712677466302377,-0.03792809288342432,0.9811944068583635,937,937,937,937,937,0,1.0000,1.0000,9.0874,17.3109,0.9540,0,True,57.38,True,-0.40968037226155046,-0.8982176820452825,0.1592701737452348,0.33,0.0000,0.00,0.0000,0.0000,1.0000,14.7808,0,937,0,0,0.016654
548,26,434000000,26.434000000,-0.6855325109955812,-39.1821667057129,25.023147359048806,0.17544801002970103,0.0747225101582752,-0.037139136907481086,0.9809460875919898,937,937,937,937,937,0,1.0000,1.0000,9.9786,18.5545,0.9871,0,True,57.38,True,-0.4090333105696129,-0.8289075629023182,-0.381580925896201,0.41,0.0000,0.00,0.0000,0.0000,1.0000,15.6646,1,937,0,0,0.014002
549,26,467000000,26.467000000,-1.1825456180868732,-40.04491425982171,24.93017086062728,0.17574317894285987,0.07358028142993055,-0.0321186207978563,0.9811568026762051,937,937,937,937,937,0,1.0000,1.0000,10.8300,19.5732,1.0212,0,True,57.38,True,-0.43500887760850165,-0.8879862153966039,0.14915682239645592,0.59,0.0000,0.00,0.0000,0.0000,1.0000,13.9742,0,937,0,0,0.005604
550,26,500000000,26.500000000,-1.1119224219080046,-40.472916970805244,25.831184758162834,0.18180813906235974,0.0683522006204358,-0.02720888269655567,0.9805781223051178,937,937,904,937,904,0,0.9648,1.0000,11.6503,20.4209,1.0384,0,True,57.38,True,-0.05464779197414384,-0.08793587290263118,0.9946260106639091,1.08,0.0000,0.00,0.0000,0.0000,1.0000,14.3858,0,937,0,0,0.016799
551,26,533000000,26.533000000,-1.4835216377619098,-41.24619799680757,25.317423648695065,0.1839203845787203,0.06658776968505616,-0.018344560305731655,0.9805115186329914,904,904,523,904,523,0,0.5785,1.0000,12.2040,19.4249,1.0501,0,True,57.38,True,-0.2715806420529985,-0.9313529659885946,-0.24253990930634256,1.06,0.0000,0.00,0.0000,0.0000,1.0000,31.6187,1,904,0,0,0.020332
552,26,566000000,26.566000000,-1.3997730490082472,-41.11918503087038,24.329064462788644,0.19035987739334714,0.06408634173841081,-0.010834041992591768,0.9795604531704413,523,523,330,523,330,0,0.6310,1.0000,14.2206,19.9811,0.8793,0,True,57.38,True,0.21722080787520914,-0.23066027405304973,-0.9484782330659008,1.17,0.0000,0.00,0.0000,0.0000,1.0000,30.5991,1,523,0,0,0.017320
553,26,599000000,26.599000000,-0.4873543963029703,-40.873535564359635,24.00172894409495,0.19420795022024892,0.06028729817854135,0.0004032577250389758,0.9791059958619333,330,330,330,330,330,0,1.0000,1.0000,15.7135,20.4630,0.9077,0,True,57.38,True,0.9479374648729538,0.14779565756544036,-0.28208333218224085,1.43,0.0000,0.00,0.0000,0.0000,1.0000,22.4064,1,330,0,0,0.011567
554,26,632000000,26.632000000,-0.6057375670050787,-40.57357666158369,23.05515085352875,0.20148607843175614,0.056815568222278894,0.008605971580153169,0.9778043202292233,330,330,126,330,126,0,0.3818,1.0000,16.2400,20.7901,0.9521,0,True,57.38,True,0.0013385828672307916,-0.08537676533074184,-0.9963478389285375,1.33,0.0000,0.00,0.0000,0.0000,1.0000,34.2869,1,330,0,0,0.016449
555,26,665000000,26.665000000,-0.9000331810803939,-41.4324689875838,22.635992096165687,0.20247729184513227,0.05500757536749442,0.01863304102587225,0.977563257657211,126,126,126,126,126,0,1.0000,1.0000,18.2301,21.0445,0.9087,0,True,57.38,True,-0.28135285678312744,-0.9563839227598283,-0.07855165349307197,1.17,0.0000,0.00,0.0000,0.0000,1.0000,33.8933,1,126,0,0,0.015049
556,26,698000000,26.698000000,-1.0948787744194082,-42.22121652581119,22.052971928678648,0.20273357337178863,0.0544099187029008,0.02729632791035665,0.9773400480166868,126,126,126,126,126,0,1.0000,1.0000,18.5832,21.2776,0.9211,0,True,57.38,True,-0.18153225595656267,-0.9527638693441816,-0.24348932075067373,1.00,0.0000,0.00,0.0000,0.0000,1.0000,34.1561,1,126,0,0,0.014218
557,26,731000000,26.731000000,-0.50074814071363,-42.643253822595476,22.737729776545585,0.20940565252795404,0.04767627039609666,0.03681866427030091,0.9759716347782915,126,126,126,126,126,0,1.0000,1.0000,18.9056,21.4354,0.9163,0,True,57.38,True,0.4926507131560567,-0.13191963471551674,0.8601700324955254,1.55,0.0000,0.00,0.0000,0.0000,1.0000,40.4732,1,126,0,0,0.015880
558,26,764000000,26.764000000,-0.7004752131084812,-43.486751699574896,22.2391112569499,0.20878892996392742,0.04690809105532274,0.04605370420128795,0.9757488765288967,126,126,126,126,126,0,1.0000,1.0000,19.1855,21.5734,0.9055,0,True,57.38,True,-0.23702709033382996,-0.9624288458919091,-0.132472167050465,1.06,0.0000,0.00,0.0000,0.0000,1.0000,37.3783,1,126,0,0,0.013910
559,26,797000000,26.797000000,-0.8057815779145961,-44.32833021512305,21.709341333587805,0.20880796014794353,0.04579016651829562,0.05567401435010214,0.97529631423236,126,126,126,126,126,0,1.0000,1.0000,19.4221,21.6122,0.9334,0,True,57.38,True,-0.1582089941644815,-0.9753777901173434,-0.1536492131814238,1.11,0.0000,0.00,0.0000,0.0000,1.0000,31.2856,1,126,0,0,0.011192
560,26,830000000,26.830000000,-1.6882193294209484,-44.00983635865293,22.055556986190627,0.21536333911413233,0.043421929463220474,0.07000456270765715,0.9730531996799621,126,126,126,126,126,0,1.0000,1.0000,19.6440,21.6593,0.9614,0,True,57.38,True,-0.8554624631168745,0.510480695355097,0.08714031138220012,1.84,0.0000,0.00,0.0000,0.0000,1.0000,43.6314,1,126,0,0,0.015004
561,26,863000000,26.863000000,-0.8043990943477246,-43.56973275928256,21.89690449205218,0.22051716460814424,0.03872922748034711,0.0850939582241295,0.9708919843760738,126,126,126,126,126,0,1.0000,1.0000,19.8500,21.6824,0.9775,0,True,57.38,True,0.9486370934406135,0.2236275087428763,-0.22378204191131895,1.92,0.0000,0.00,0.0000,0.0000,1.0000,45.6725,1,126,0,0,0.015060
562,26,896000000,26.896000000,-0.8644114100044398,-44.29055706093228,21.206389576847076,0.21841919545630994,0.04016579581785083,0.09389988886184321,0.9704960457283021,126,126,126,126,126,0,1.0000,1.0000,20.0499,21.7052,0.9650,0,True,57.38,True,-0.16436551258285156,-0.9316176659564691,-0.3241488897886235,1.05,0.0000,0.00,0.0000,0.0000,1.0000,40.8251,1,126,0,0,0.013023
563,26,929000000,26.929000000,-0.8282927551355946,-45.11791752256955,20.645880781831487,0.2160784497434577,0.039802950219507374,0.10262533007708888,0.9701514677290635,126,126,126,126,126,0,1.0000,1.0000,20.2523,21.7423,0.9516,0,True,57.38,True,-0.10923894309126655,-0.9816336598913643,-0.15640399956710935,1.04,0.0000,0.00,0.0000,0.0000,1.0000,63.4901,1,126,0,0,0.019508
564,26,962000000,26.962000000,-0.6514966039643155,-44.77805783773202,19.72217167418279,0.2231570873549404,0.03774570314683078,0.11648780585208326,0.9670608912291812,126,126,126,126,126,0,1.0000,1.0000,20.4828,21.7713,0.9715,0,True,57.38,True,0.27640333672401796,-0.12601685102468127,-0.9527439051002388,1.83,0.0000,0.00,0.0000,0.0000,1.0000,48.1411,1,126,0,0,0.014321
565,26,995000000,26.995000000,-0.15402424577984908,-43.91059409689262,19.71688857175089,0.22582611430566407,0.03380354388371467,0.1339260827781202,0.9643255108469416,126,126,66,126,66,0,0.5238,1.0000,20.7332,21.8646,1.0266,0,True,57.38,True,0.6927196822486825,0.6514966036848013,-0.30934061681656605,2.10,0.0000,0.00,0.0000,0.0000,1.0000,53.7400,1,126,0,0,0.015591
566,27,28000000,27.028000000,-0.15402424577984908,-43.91059409689262,19.71688857175089,0.22582611430566407,0.03380354388371467,0.1339260827781202,0.9643255108469416,2000,0,0,0,0,0,0.0000,0.0000,0.0000,0.0000,0.0000,1,True,57.38,True,0.0,0.0,0.0,0.00,0.0000,0.00,0.0000,0.0000,1.0000,44.8876,1,0,2000,0,0.012761
567,27,61000000,27.061000000,-0.15402424577984908,-43.91059409689262,19.71688857175089,0.22582611430566407,0.03380354388371467,0.1339260827781202,0.9643255108469416,2000,1848,0,0,0,0,0.0000,0.9240,0.0000,0.0000,5.2513,2,True,57.38,True,0.0,0.0,0.0,0.00,0.0000,0.00,0.0000,0.0000,1.0000,32.1431,1,0,1848,0,0.009007
568,27,94000000,27.094000000,-0.15402424577984908,-43.91059409689262,19.71688857175089,0.22582611430566407,0.03380354388371467,0.1339260827781202,0.9643255108469416,1848,1786,0,0,0,0,0.0000,0.9665,0.0000,0.0000,3.2475,3,True,57.38,True,0.0,0.0,0.0,0.00,0.0000,0.00,0.0000,0.0000,1.0000,41.4884,1,0,1786,0,0.011501
569,27,127000000,27.127000000,-0.15402424577984908,-43.91059409689262,19.71688857175089,0.22582611430566407,0.03380354388371467,0.1339260827781202,0.9643255108469416,1786,1740,0,0,0,0,0.0000,0.9742,0.0000,0.0000,2.1934,4,True,57.38,True,0.0,0.0,0.0,0.00,0.0000,0.00,0.0000,0.0000,1.0000,76.3167,1,0,1740,0,0.020825
570,27,160000000,27.160000000,-0.15402424577984908,-43.91059409689262,19.71688857175089,0.22582611430566407,0.03380354388371467,0.1339260827781202,0.9643255108469416,1740,1683,0,0,0,0,0.0000,0.9672,0.0000,0.0000,2.6884,5,True,57.38,True,0.0,0.0,0.0,0.00,0.0000,0.00,0.0000,0.0000,1.0000,65.4168,1,0,1683,0,0.017620
571,27,193000000,27.193000000,-0.15402424577984908,-43.91059409689262,19.71688857175089,0.22582611430566407,0.03380354388371467,0.1339260827781202,0.9643255108469416,1683,1582,0,0,0,0,0.0000,0.9400,0.0000,0.0000,2.5770,6,True,57.38,True,0.0,0.0,0.0,0.00,0.0000,0.00,0.0000,0.0000,1.0000,55.1603,1,0,1582,0,0.014746
572,27,226000000,27.226000000,-0.15402424577984908,-43.91059409689262,19.71688857175089,0.22582611430566407,0.03380354388371467,0.1339260827781202,0.9643255108469416,1582,1481,0,0,0,0,0.0000,0.9362,0.0000,0.0000,2.1972,7,True,57.38,True,0.0,0.0,0.0,0.00,0.0000,0.00,0.0000,0.0000,1.0000,56.0381,1,0,1481,0,0.014921
573,27,259000000,27.259000000,-0.15402424577984908,-43.91059409689262,19.71688857175089,0.22582611430566407,0.03380354388371467,0.1339260827781202,0.9643255108469416,1481,1430,0,0,0,0,0.0000,0.9656,0.0000,0.0000,2.1606,8,True,57.38,True,0.0,0.0,0.0,0.00,0.0000,0.00,0.0000,0.0000,1.0000,43.1878,1,0,1430,0,0.011485
574,27,292000000,27.292000000,-0.15402424577984908,-43.91059409689262,19.71688857175089,0.22582611430566407,0.03380354388371467,0.1339260827781202,0.9643255108469416,1430,1392,0,0,0,0,0.0000,0.9734,0.0000,0.0000,2.0565,9,True,57.38,True,0.0,0.0,0.0,0.00,0.0000,0.00,0.0000,0.0000,1.0000,67.4764,1,0,1392,0,0.017977
575,27,325000000,27.325000000,-0.15402424577984908,-43.91059409689262,19.71688857175089,0.22582611430566407,0.03380354388371467,0.1339260827781202,0.9643255108469416,1392,1356,0,0,0,0,0.0000,0.9741,0.0000,0.0000,2.1278,10,True,57.38,True,0.0,0.0,0.0,0.00,0.0000,0.00,0.0000,0.0000,1.0000,45.4632,1,0,1356,0,0.012172
576,27,358000000,27.358000000,-0.15402424577984908,-43.91059409689262,19.71688857175089,0.22582611430566407,0.03380354388371467,0.1339260827781202,0.9643255108469416,1356,1303,0,0,0,0,0.0000,0.9609,0.0000,0.0000,1.9297,11,True,57.38,True,0.0,0.0,0.0,0.00,0.0000,0.00,0.0000,0.0000,1.0000,56.6941,1,0,1303,0,0.015279
577,27,391000000,27.391000000,-0.15402424577984908,-43.91059409689262,19.71688857175089,0.22582611430566407,0.03380354388371467,0.1339260827781202,0.9643255108469416,1303,1249,0,0,0,0,0.0000,0.9586,0.0000,0.0000,2.0342,12,True,57.38,True,0.0,0.0,0.0,0.00,0.0000,0.00,0.0000,0.0000,1.0000,52.6816,1,0,1249,0,0.014337
578,27,424000000,27.424000000,-0.15402424577984908,-43.91059409689262,19.71688857175089,0.22582611430566407,0.03380354388371467,0.1339260827781202,0.9643255108469416,1249,1208,0,0,0,0,0.0000,0.9672,0.0000,0.0000,1.9138,13,True,57.38,True,0.0,0.0,0.0,0.00,0.0000,0.00,0.0000,0.0000,1.0000,52.7484,1,0,1208,0,0.014537
579,27,457000000,27.457000000,-0.15402424577984908,-43.91059409689262,19.71688857175089,0.22582611430566407,0.03380354388371467,0.1339260827781202,0.9643255108469416,1208,1178,0,0,0,0,0.0000,0.9752,0.0000,0.0000,1.9646,14,True,57.38,True,0.0,0.0,0.0,0.00,0.0000,0.00,0.0000,0.0000,1.0000,54.7292,1,0,1178,0,0.015330
580,27,490000000,27.490000000,-0.15402424577984908,-43.91059409689262,19.71688857175089,0.22582611430566407,0.03380354388371467,0.1339260827781202,0.9643255108469416,1178,1141,0,0,0,0,0.0000,0.9686,0.0000,0.0000,2.0363,15,True,57.38,True,0.0,0.0,0.0,0.00,0.0000,0.00,0.0000,0.0000,1.0000,48.4700,1,0,1141,0,0.013837
581,27,523000000,27.523000000,-0.15402424577984908,-43.91059409689262,19.71688857175089,0.22582611430566407,0.03380354388371467,0.1339260827781202,0.9643255108469416,1141,1088,0,0,0,0,0.0000,0.9535,0.0000,0.0000,2.1285,16,True,57.38,True,0.0,0.0,0.0,0.00,0.0000,0.00,0.0000,0.0000,1.0000,41.3011,1,0,1088,0,0.012014
582,27,556000000,27.556000000,-0.15402424577984908,-43.91059409689262,19.71688857175089,0.22582611430566407,0.03380354388371467,0.1339260827781202,0.9643255108469416,1088,1042,0,0,0,0,0.0000,0.9577,0.0000,0.0000,2.0966,17,True,57.38,True,0.0,0.0,0.0,0.00,0.0000,0.00,0.0000,0.0000,1.0000,59.3778,1,0,1042,0,0.017738
583,27,589000000,27.589000000,-0.15402424577984908,-43.91059409689262,19.71688857175089,0.22582611430566407,0.03380354388371467,0.1339260827781202,0.9643255108469416,1042,1006,0,0,0,0,0.0000,0.9655,0.0000,0.0000,2.2467,18,True,57.38,True,0.0,0.0,0.0,0.00,0.0000,0.00,0.0000,0.0000,1.0000,43.6833,1,0,1006,0,0.013457
584,27,622000000,27.622000000,-0.15402424577984908,-43.91059409689262,19.71688857175089,0.22582611430566407,0.03380354388371467,0.1339260827781202,0.9643255108469416,1006,984,0,0,0,0,0.0000,0.9781,0.0000,0.0000,2.2744,19,True,57.38,True,0.0,0.0,0.0,0.00,0.0000,0.00,0.0000,0.0000,1.0000,47.4285,1,0,984,0,0.015100
585,27,655000000,27.655000000,-0.15402424577984908,-43.91059409689262,19.71688857175089,0.22582611430566407,0.03380354388371467,0.1339260827781202,0.9643255108469416,984,934,0,0,0,0,0.0000,0.9492,0.0000,0.0000,2.3100,20,True,57.38,True,0.0,0.0,0.0,0.00,0.0000,0.00,0.0000,0.0000,1.0000,32.8682,1,0,934,0,0.010805
586,27,688000000,27.688000000,-0.15402424577984908,-43.91059409689262,19.71688857175089,0.22582611430566407,0.03380354388371467,0.1339260827781202,0.9643255108469416,934,876,0,0,0,0,0.0000,0.9379,0.0000,0.0000,2.3178,21,True,57.38,True,0.0,0.0,0.0,0.00,0.0000,0.00,0.0000,0.0000,1.0000,51.1062,1,0,876,0,0.017517
587,27,721000000,27.721000000,-0.15402424577984908,-43.91059409689262,19.71688857175089,0.22582611430566407,0.03380354388371467,0.1339260827781202,0.9643255108469416,876,822,0,0,0,0,0.0000,0.9384,0.0000,0.0000,2.2138,22,True,57.38,True,0.0,0.0,0.0,0.00,0.0000,0.00,0.0000,0.0000,1.0000,39.4009,1,0,822,0,0.014202
588,27,754000000,27.754000000,-0.15402424577984908,-43.91059409689262,19.71688857175089,0.22582611430566407,0.03380354388371467,0.1339260827781202,0.9643255108469416,822,771,0,0,0,0,0.0000,0.9380,0.0000,0.0000,1.8507,23,True,57.38,True,0.0,0.0,0.0,0.00,0.0000,0.00,0.0000,0.0000,1.0000,35.7796,1,0,771,0,0.013555
589,27,787000000,27.787000000,-0.15402424577984908,-43.91059409689262,19.71688857175089,0.22582611430566407,0.03380354388371467,0.1339260827781202,0.9643255108469416,771,726,0,0,0,0,0.0000,0.9416,0.0000,0.0000,2.0772,24,True,57.38,True,0.0,0.0,0.0,0.00,0.0000,0.00,0.0000,0.0000,1.0000,16.4798,1,0,726,0,0.006496
590,27,820000000,27.820000000,-0.15402424577984908,-43.91059409689262,19.71688857175089,0.22582611430566407,0.03380354388371467,0.1339260827781202,0.9643255108469416,726,707,0,0,0,0,0.0000,0.9738,0.0000,0.0000,1.9591,25,True,57.38,True,0.0,0.0,0.0,0.00,0.0000,0.00,0.0000,0.0000,1.0000,32.8229,1,0,707,0,0.013532
591,27,853000000,27.853000000,-0.15402424577984908,-43.91059409689262,19.71688857175089,0.22582611430566407,0.03380354388371467,0.1339260827781202,0.9643255108469416,707,686,0,0,0,0,0.0000,0.9703,0.0000,0.0000,1.9288,26,True,57.38,True,0.0,0.0,0.0,0.00,0.0000,0.00,0.0000,0.0000,1.0000,43.7849,1,0,686,0,0.019525
592,27,886000000,27.886000000,-0.15402424577984908,-43.91059409689262,19.71688857175089,0.22582611430566407,0.03380354388371467,0.1339260827781202,0.9643255108469416,686,657,0,0,0,0,0.0000,0.9577,0.0000,0.0000,2.0004,27,True,57.38,True,0.0,0.0,0.0,0.00,0.0000,0.00,0.0000,0.0000,1.0000,27.1069,1,0,657,0,0.013199
593,27,919000000,27.919000000,-0.15402424577984908,-43.91059409689262,19.71688857175089,0.22582611430566407,0.03380354388371467,0.1339260827781202,0.9643255108469416,657,629,0,0,0,0,0.0000,0.9574,0.0000,0.0000,1.9738,28,True,57.38,True,0.0,0.0,0.0,0.00,0.0000,0.00,0.0000,0.0000,1.0000,26.8731,1,0,629,0,0.009554
594,27,952000000,27.952000000,-0.15402424577984908,-43.91059409689262,19.71688857175089,0.22582611430566407,0.03380354388371467,0.1339260827781202,0.9643255108469416,629,611,0,0,0,0,0.0000,0.9714,0.0000,0.0000,2.0025,29,True,57.38,True,0.0,0.0,0.0,0.00,0.0000,0.00,0.0000,0.0000,1.0000,26.1720,1,0,611,0,0.020110
595,27,985000000,27.985000000,-0.15402424577984908,-43.91059409689262,19.71688857175089,0.22582611430566407,0.03380354388371467,0.1339260827781202,0.9643255108469416,611,583,0,0,0,0,0.0000,0.9542,0.0000,0.0000,1.9408,30,True,57.38,True,0.0,0.0,0.0,0.00,0.0000,0.00,0.0000,0.0000,1.0000,17.1530,1,0,583,0,0.011181
596,28,18000000,28.018000000,-0.15402424577984908,-43.91059409689262,19.71688857175089,0.22582611430566407,0.03380354388371467,0.1339260827781202,0.9643255108469416,583,569,0,0,0,0,0.0000,0.9760,0.0000,0.0000,1.9308,31,True,57.38,True,0.0,0.0,0.0,0.00,0.0000,0.00,0.0000,0.0000,1.0000,22.9330,1,0,569,0,0.017206
597,28,51000000,28.051000000,-0.15402424577984908,-43.91059409689262,19.71688857175089,0.22582611430566407,0.03380354388371467,0.1339260827781202,0.9643255108469416,569,551,0,0,0,0,0.0000,0.9684,0.0000,0.0000,1.8963,32,True,57.38,True,0.0,0.0,0.0,0.00,0.0000,0.00,0.0000,0.0000,1.0000,16.7990,1,0,551,0,0.015031
598,28,84000000,28.084000000,-0.15402424577984908,-43.91059409689262,19.71688857175089,0.22582611430566407,0.03380354388371467,0.1339260827781202,0.9643255108469416,551,535,0,0,0,0,0.0000,0.9710,0.0000,0.0000,1.9048,33,True,57.38,True,0.0,0.0,0.0,0.00,0.0000,0.00,0.0000,0.0000,1.0000,13.4514,0,0,535,0,0.014770
599,28,117000000,28.117000000,-0.15402424577984908,-43.91059409689262,19.71688857175089,0.22582611430566407,0.03380354388371467,0.1339260827781202,0.9643255108469416,535,516,0,0,0,0,0.0000,0.9645,0.0000,0.0000,1.7565,34,True,57.38,True,0.0,0.0,0.0,0.00,0.0000,0.00,0.0000,0.0000,1.0000,6.9435,0,0,516,0,0.009342
600,28,150000000,28.150000000,0.6621911321875984,-44.36818437194415,19.364179630911963,0.22553184659147557,0.033830892367066406,0.1330544409352336,0.9645140603651663,516,505,504,504,504,0,0.9980,0.9787,7.8673,20.1600,1.6257,0,True,55.74,True,0.6615504338730677,-0.7496800738729082,-0.018188190681504263,0.11,0.0000,0.00,0.0000,0.0000,1.0000,9.0151,0,505,0,505,0.015961
601,28,183000000,28.183000000,1.4517553802142644,-44.89986972574816,19.057750221767886,0.22556729775364445,0.0334544734716427,0.13495726124470112,0.9642544944288222,504,498,357,497,357,0,0.7169,0.9881,6.4958,14.0564,1.6431,0,True,55.74,True,0.6168290647601551,-0.7854505275594733,0.05088588825653984,0.22,0.0000,0.00,0.0000,0.0000,1.0000,5.1669,0,498,0,0,0.015684
602,28,216000000,28.216000000,2.281149341140445,-44.66134743988626,18.552564338427512,0.22546838092225818,0.03357593115545815,0.13668193036087242,0.9640304538572239,357,350,347,347,347,0,0.9914,0.9804,6.8142,13.3140,1.0635,0,True,55.74,True,0.8648398962865552,-0.2221062870308303,-0.45024521213716284,0.20,0.0000,0.00,0.0000,0.0000,1.0000,1.6491,0,350,0,0,0.014536
603,28,249000000,28.249000000,2.100532521776231,-43.69485929557079,18.734987559154412,0.22771467459071343,0.03453100829426034,0.14123396214255576,0.9628118218944667,347,340,339,339,339,0,0.9971,0.9798,5.4520,13.0107,0.9552,0,True,55.74,True,0.09530607435007121,0.9579519039261292,-0.2706379536507822,0.61,0.0000,0.00,0.0000,0.0000,1.0000,0.6481,0,340,0,0,0.009901
604,28,282000000,28.282000000,2.818289171448062,-44.23812374663841,18.299454405355455,0.22416634954606718,0.03464159224983726,0.13386755161848013,0.9646910834258083,339,337,336,336,336,0,0.9970,0.9941,4.0921,10.4168,0.9951,0,True,55.74,True,0.5320648552889782,-0.844392693502381,-0.06251374989642501,0.96,0.0000,0.00,0.0000,0.0000,1.0000,4.5882,0,337,0,0,0.017700
605,28,315000000,28.315000000,2.935621776525177,-44.744964440466596,19.153471718333105,0.2283861155913687,0.03897114245816385,0.13281566501631994,0.9636809800898138,336,332,144,332,144,0,0.4337,0.9881,2.7061,5.7107,0.9070,0,True,55.74,True,-0.03175782236646801,-0.08893403211610731,0.9955311038084702,0.71,0.0000,0.00,0.0000,0.0000,1.0000,2.5058,0,332,0,0,0.005757
606,28,348000000,28.348000000,3.5564409608054586,-45.1018914835923,18.455484163777072,0.21981334899787988,0.04299005792714531,0.12003595860368914,0.967173880521931,144,142,142,142,142,0,1.0000,0.9861,1.5234,3.3448,0.8664,0,True,55.74,True,0.5093921695813498,-0.7694359919168259,-0.385341240866035,1.87,0.0000,0.00,0.0000,0.0000,1.0000,12.7381,0,142,0,0,0.020462
607,28,381000000,28.381000000,2.7573108925984764,-44.63746750638933,18.837192826878237,0.2272900448264583,0.04617633028631056,0.13758418744164183,0.9629525291571228,142,142,142,142,142,0,1.0000,1.0000,0.9303,2.9007,0.7485,0,True,55.74,True,-0.6681337628416786,0.7428486714118704,0.042108506654102464,2.27,0.0000,0.00,0.0000,0.0000,1.0000,12.0126,0,142,0,0,0.013881
608,28,414000000,28.414000000,2.2887958053433364,-44.06978776339872,19.514122160274592,0.23527763631615975,0.04679523902329797,0.1437512653103815,0.9600990642511311,142,142,142,142,142,0,1.0000,1.0000,2.0522,4.6812,0.7657,0,True,55.74,True,-0.3043061241941092,0.9067639956532215,0.29185071349058544,1.20,0.0000,0.00,0.0000,0.0000,1.0000,15.0802,1,142,0,0,0.014207
609,28,447000000,28.447000000,2.9612088477819736,-44.518727885842694,18.925638119013993,0.20904886351229232,0.05116687860253418,0.09754842834620646,0.971681443337001,142,142,142,142,142,0,1.0000,1.0000,3.6645,6.1154,0.8766,0,True,55.74,True,0.5209433141166527,-0.8252661397324936,-0.2180684802721083,6.25,0.0000,0.00,0.0000,0.0000,1.0000,17.1335,1,142,0,0,0.013660
610,28,480000000,28.480000000,3.481382896902968,-44.77990768835145,19.73878267527846,0.22110726206216103,0.04650196367473847,0.08682290871023186,0.9702633294940415,142,142,142,142,142,0,1.0000,1.0000,5.2791,7.9624,0.8416,0,True,55.74,True,0.40475922700365513,0.017599730949234386,0.9142539131039683,1.93,0.0000,0.00,0.0000,0.0000,1.0000,23.3520,1,142,0,0,0.016063
611,28,513000000,28.513000000,4.044434672996382,-45.11024692396219,20.496310685885426,0.23763657145616007,0.03470477570780383,0.06960879270521003,0.9682350202444422,142,142,142,142,142,0,1.0000,1.0000,6.8095,9.9420,0.8830,0,True,55.74,True,0.4504052807153727,-0.04519969976202022,0.891679353941275,3.06,0.0000,0.00,0.0000,0.0000,1.0000,10.8027,0,142,0,0,0.006718
612,28,546000000,28.546000000,3.3512297946739116,-45.162093851457094,19.777437336275604,0.23876117180881162,0.0435305015262807,0.06515501948462564,0.96791168073813,142,142,142,142,142,0,1.0000,1.0000,8.2123,11.6348,0.9170,0,True,55.74,True,-0.6681321829442561,-0.297763468069501,-0.6818623784880395,1.14,0.0000,0.00,0.0000,0.0000,1.0000,37.6629,1,142,0,0,0.021053
613,28,579000000,28.579000000,3.9480785456811933,-45.584907541718025,20.459346532392626,0.255065150046591,0.028701951439406563,0.04253651381490649,0.9655612938637061,142,142,142,142,142,0,1.0000,1.0000,9.5463,13.1767,0.8635,0,True,55.74,True,0.49115504739647253,-0.11484423251117065,0.8634683095956035,3.63,0.0000,0.00,0.0000,0.0000,1.0000,26.2279,1,142,0,0,0.013074
614,28,612000000,28.612000000,4.392509764568905,-45.928859591263496,21.28649698986178,0.26950396989614983,0.021384731021436176,0.028269647177651226,0.962346678976868,142,142,142,142,142,0,1.0000,1.0000,10.7418,14.5870,0.8311,0,True,55.74,True,0.38090333639425616,0.08148931658599877,0.9210169051684507,2.50,0.0000,0.00,0.0000,0.0000,1.0000,23.8759,1,142,0,0,0.011096
615,28,645000000,28.645000000,4.124941996826798,-45.46603787828889,22.13160263513032,0.29162922480444886,0.013791602355083555,0.041457349125726684,0.955533084276993,142,142,142,142,142,0,1.0000,1.0000,11.8396,15.8444,0.8166,0,True,55.74,True,-0.25828472609947317,0.8457132699908483,0.46696687808141873,3.17,0.0000,0.00,0.0000,0.0000,1.0000,23.5990,1,142,0,0,0.010371
616,28,678000000,28.678000000,3.328303831317328,-46.0606465834767,22.240267813400898,0.29283398011005857,0.017620624001708007,0.03492836583458205,0.9553626447390634,142,142,142,142,142,0,1.0000,1.0000,12.8227,16.8516,0.8233,0,True,55.74,True,-0.8457257935611275,-0.3740312266345864,0.38058970507309814,0.88,0.0000,0.00,0.0000,0.0000,1.0000,45.0103,1,142,0,0,0.018416
617,28,711000000,28.711000000,3.9583945299759433,-46.8343333734072,22.306558555974217,0.2938310256713055,0.01647912247572305,0.015513590899219424,0.9555893968503367,142,142,142,142,142,0,1.0000,1.0000,13.6718,17.7111,0.8612,0,True,55.74,True,0.5676671783209117,-0.637484969738612,0.5209288703983824,2.23,0.0000,0.00,0.0000,0.0000,1.0000,38.9005,1,142,0,0,0.014820
618,28,744000000,28.744000000,3.6159221800551578,-46.34157690568633,23.106498399374324,0.31731549139726806,0.007582998400463357,0.03559734543317288,0.9476213410707255,142,142,142,142,142,0,1.0000,1.0000,14.4298,18.3902,0.9117,0,True,55.74,True,-0.3406406054230312,0.8638969959916892,0.37100668222225613,3.80,0.0000,0.00,0.0000,0.0000,1.0000,25.7859,1,142,0,0,0.009375
619,28,777000000,28.777000000,2.682030829024009,-46.61435345613543,22.875327687573954,0.32002356020568723,0.015574714414894537,0.027420339236073944,0.9468846150299147,142,142,142,142,142,0,1.0000,1.0000,15.0684,19.0529,0.9430,0,True,55.74,True,-0.9530330179737471,-0.2977912196764308,-0.055212825824035056,1.35,0.0000,0.00,0.0000,0.0000,1.0000,55.5089,1,142,0,0,0.019176
620,28,810000000,28.810000000,3.1906214622966176,-47.310505838873866,23.38199071933663,0.3280021515655729,0.011064922261957724,0.006238574404588926,0.9445915711317194,142,142,142,142,142,0,1.0000,1.0000,15.5934,19.5026,0.9625,0,True,55.74,True,0.4584379218829514,-0.26635634301961714,0.8478732041483898,2.66,0.0000,0.00,0.0000,0.0000,1.0000,25.9905,1,142,0,0,0.008596
621,28,843000000,28.843000000,2.5491494573116835,-46.82703809507878,22.786362809035012,0.32226592513566676,0.03700119093481178,0.010493832650286588,0.9458675725714282,142,142,142,142,142,0,1.0000,1.0000,15.9949,19.7783,0.9949,0,True,55.74,True,-0.6220444435648393,0.01313929270034846,-0.7828716811952287,3.09,0.0000,0.00,0.0000,0.0000,1.0000,56.0264,1,142,0,0,0.017834
622,28,876000000,28.876000000,3.335986532635816,-46.513833181589625,23.31814293188806,0.326510851307537,0.044506502382056876,-0.0012639949431069591,0.9441441826018563,142,142,71,142,71,0,0.5000,1.0000,16.3152,20.0028,1.0198,0,True,55.74,True,0.764570367508956,0.5758331828496522,0.28956570697591055,1.68,0.0000,0.00,0.0000,0.0000,1.0000,52.7181,1,142,0,0,0.016086
623,28,909000000,28.909000000,3.335986532635816,-46.513833181589625,23.31814293188806,0.326510851307537,0.044506502382056876,-0.0012639949431069591,0.9441441826018563,2000,0,0,0,0,0,0.0000,0.0000,0.0000,0.0000,0.0000,1,True,57.38,True,0.0,0.0,0.0,0.00,0.0000,0.00,0.0000,0.0000,1.0000,49.5126,1,0,2000,0,0.014619
624,28,942000000,28.942000000,3.335986532635816,-46.513833181589625,23.31814293188806,0.326510851307537,0.044506502382056876,-0.0012639949431069591,0.9441441826018563,2000,1843,0,0,0,0,0.0000,0.9215,0.0000,0.0000,4.7734,2,True,59.02,True,0.0,0.0,0.0,0.00,0.0000,0.00,0.0000,0.0000,1.0000,46.9566,1,0,1843,0,0.013502
625,28,975000000,28.975000000,3.335986532635816,-46.513833181589625,23.31814293188806,0.326510851307537,0.044506502382056876,-0.0012639949431069591,0.9441441826018563,1843,1765,0,0,0,0,0.0000,0.9577,0.0000,0.0000,4.1506,3,True,60.66,True,0.0,0.0,0.0,0.00,0.0000,0.00,0.0000,0.0000,1.0000,50.4494,1,0,1765,0,0.014179
626,29,8000000,29.008000000,3.335986532635816,-46.513833181589625,23.31814293188806,0.326510851307537,0.044506502382056876,-0.0012639949431069591,0.9441441826018563,1765,1708,0,0,0,0,0.0000,0.9677,0.0000,0.0000,3.8766,4,True,62.30,True,0.0,0.0,0.0,0.00,0.0000,0.00,0.0000,0.0000,1.0000,40.3930,1,0,1708,0,0.011151
627,29,41000000,29.041000000,3.335986532635816,-46.513833181589625,23.31814293188806,0.326510851307537,0.044506502382056876,-0.0012639949431069591,0.9441441826018563,1708,1673,0,0,0,0,0.0000,0.9795,0.0000,0.0000,4.1249,5,True,62.30,True,0.0,0.0,0.0,0.00,0.0000,0.00,0.0000,0.0000,1.0000,62.9148,1,0,1673,0,0.017085
628,29,74000000,29.074000000,3.335986532635816,-46.513833181589625,23.31814293188806,0.326510851307537,0.044506502382056876,-0.0012639949431069591,0.9441441826018563,1673,1634,0,0,0,0,0.0000,0.9767,0.0000,0.0000,3.7177,6,True,62.30,True,0.0,0.0,0.0,0.00,0.0000,0.00,0.0000,0.0000,1.0000,54.8658,1,0,1634,0,0.014681
629,29,107000000,29.107000000,3.335986532635816,-46.513833181589625,23.31814293188806,0.326510851307537,0.044506502382056876,-0.0012639949431069591,0.9441441826018563,1634,1610,0,0,0,0,0.0000,0.9853,0.0000,0.0000,3.9260,7,True,62.30,True,0.0,0.0,0.0,0.00,0.0000,0.00,0.0000,0.0000,1.0000,52.3750,1,0,1610,0,0.013876
630,29,140000000,29.140000000,3.335986532635816,-46.513833181589625,23.31814293188806,0.326510851307537,0.044506502382056876,-0.0012639949431069591,0.9441441826018563,1610,1579,0,0,0,0,0.0000,0.9807,0.0000,0.0000,3.9687,8,True,62.30,True,0.0,0.0,0.0,0.00,0.0000,0.00,0.0000,0.0000,1.0000,54.2414,1,0,1579,0,0.014266
631,29,173000000,29.173000000,3.335986532635816,-46.513833181589625,23.31814293188806,0.326510851307537,0.044506502382056876,-0.0012639949431069591,0.9441441826018563,1579,1547,0,0,0,0,0.0000,0.9797,0.0000,0.0000,3.6262,9,True,62.30,True,0.0,0.0,0.0,0.00,0.0000,0.00,0.0000,0.0000,1.0000,56.2649,1,0,1547,0,0.014733
632,29,206000000,29.206000000,3.335986532635816,-46.513833181589625,23.31814293188806,0.326510851307537,0.044506502382056876,-0.0012639949431069591,0.9441441826018563,1547,1501,0,0,0,0,0.0000,0.9703,0.0000,0.0000,3.6677,10,True,62.30,True,0.0,0.0,0.0,0.00,0.0000,0.00,0.0000,0.0000,1.0000,54.8100,1,0,1501,0,0.014335
633,29,239000000,29.239000000,3.335986532635816,-46.513833181589625,23.31814293188806,0.326510851307537,0.044506502382056876,-0.0012639949431069591,0.9441441826018563,1501,1468,0,0,0,0,0.0000,0.9780,0.0000,0.0000,3.4578,11,True,62.30,True,0.0,0.0,0.0,0.00,0.0000,0.00,0.0000,0.0000,1.0000,40.0872,1,0,1468,0,0.010500
634,29,272000000,29.272000000,3.335986532635816,-46.513833181589625,23.31814293188806,0.326510851307537,0.044506502382056876,-0.0012639949431069591,0.9441441826018563,1468,1440,0,0,0,0,0.0000,0.9809,0.0000,0.0000,3.3593,12,True,62.30,True,0.0,0.0,0.0,0.00,0.0000,0.00,0.0000,0.0000,1.0000,67.0260,1,0,1440,0,0.017625
635,29,305000000,29.305000000,3.335986532635816,-46.513833181589625,23.31814293188806,0.326510851307537,0.044506502382056876,-0.0012639949431069591,0.9441441826018563,1440,1416,0,0,0,0,0.0000,0.9833,0.0000,0.0000,3.2993,13,True,62.30,True,0.0,0.0,0.0,0.00,0.0000,0.00,0.0000,0.0000,1.0000,51.0241,1,0,1416,0,0.013515
636,29,338000000,29.338000000,3.335986532635816,-46.513833181589625,23.31814293188806,0.326510851307537,0.044506502382056876,-0.0012639949431069591,0.9441441826018563,1416,1399,0,0,0,0,0.0000,0.9880,0.0000,0.0000,3.1979,14,True,62.30,True,0.0,0.0,0.0,0.00,0.0000,0.00,0.0000,0.0000,1.0000,58.7640,1,0,1399,0,0.015723
637,29,371000000,29.371000000,3.335986532635816,-46.513833181589625,23.31814293188806,0.326510851307537,0.044506502382056876,-0.0012639949431069591,0.9441441826018563,1399,1376,0,0,0,0,0.0000,0.9836,0.0000,0.0000,3.1147,15,True,62.30,True,0.0,0.0,0.0,0.00,0.0000,0.00,0.0000,0.0000,1.0000,54.1184,1,0,1376,0,0.008413
638,29,404000000,29.404000000,3.335986532635816,-46.513833181589625,23.31814293188806,0.326510851307537,0.044506502382056876,-0.0012639949431069591,0.9441441826018563,1376,1357,0,0,0,0,0.0000,0.9862,0.0000,0.0000,2.6569,16,True,62.30,True,0.0,0.0,0.0,0.00,0.0000,0.00,0.0000,0.0000,1.0000,47.3465,1,0,1357,0,0.019312
639,29,437000000,29.437000000,3.335986532635816,-46.513833181589625,23.31814293188806,0.326510851307537,0.044506502382056876,-0.0012639949431069591,0.9441441826018563,1357,1326,0,0,0,0,0.0000,0.9772,0.0000,0.0000,2.4607,17,True,62.30,True,0.0,0.0,0.0,0.00,0.0000,0.00,0.0000,0.0000,1.0000,41.2151,1,0,1326,0,0.011531
640,29,470000000,29.470000000,3.335986532635816,-46.513833181589625,23.31814293188806,0.326510851307537,0.044506502382056876,-0.0012639949431069591,0.9441441826018563,1326,1308,0,0,0,0,0.0000,0.9864,0.0000,0.0000,2.4224,18,True,62.30,True,0.0,0.0,0.0,0.00,0.0000,0.00,0.0000,0.0000,1.0000,51.5878,1,0,1308,0,0.014718
641,29,503000000,29.503000000,3.335986532635816,-46.513833181589625,23.31814293188806,0.326510851307537,0.044506502382056876,-0.0012639949431069591,0.9441441826018563,1308,1284,0,0,0,0,0.0000,0.9817,0.0000,0.0000,2.3801,19,True,62.30,True,0.0,0.0,0.0,0.00,0.0000,0.00,0.0000,0.0000,1.0000,60.5922,1,0,1284,0,0.010252
642,29,536000000,29.536000000,3.335986532635816,-46.513833181589625,23.31814293188806,0.326510851307537,0.044506502382056876,-0.0012639949431069591,0.9441441826018563,1284,1268,0,0,0,0,0.0000,0.9875,0.0000,0.0000,2.3540,20,True,62.30,True,0.0,0.0,0.0,0.00,0.0000,0.00,0.0000,0.0000,1.0000,47.1722,1,0,1268,0,0.014794
643,29,569000000,29.569000000,3.335986532635816,-46.513833181589625,23.31814293188806,0.326510851307537,0.044506502382056876,-0.0012639949431069591,0.9441441826018563,1268,1241,0,0,0,0,0.0000,0.9787,0.0000,0.0000,2.6609,21,True,62.30,True,0.0,0.0,0.0,0.00,0.0000,0.00,0.0000,0.0000,1.0000,19.6387,1,0,1241,0,0.012144
644,29,602000000,29.602000000,3.335986532635816,-46.513833181589625,23.31814293188806,0.326510851307537,0.044506502382056876,-0.0012639949431069591,0.9441441826018563,1241,1210,0,0,0,0,0.0000,0.9750,0.0000,0.0000,2.3129,22,True,62.30,True,0.0,0.0,0.0,0.00,0.0000,0.00,0.0000,0.0000,1.0000,75.7764,1,0,1210,0,0.025204
645,29,635000000,29.635000000,3.335986532635816,-46.513833181589625,23.31814293188806,0.326510851307537,0.044506502382056876,-0.0012639949431069591,0.9441441826018563,1210,1146,0,0,0,0,0.0000,0.9471,0.0000,0.0000,3.3879,23,True,62.30,True,0.0,0.0,0.0,0.00,0.0000,0.00,0.0000,0.0000,1.0000,45.1642,1,0,1146,0,0.015253
646,29,668000000,29.668000000,3.335986532635816,-46.513833181589625,23.31814293188806,0.326510851307537,0.044506502382056876,-0.0012639949431069591,0.9441441826018563,1146,999,0,0,0,0,0.0000,0.8717,0.0000,0.0000,1.3662,24,True,62.30,True,0.0,0.0,0.0,0.00,0.0000,0.00,0.0000,0.0000,1.0000,35.6579,1,0,999,0,0.012562
647,29,701000000,29.701000000,3.335986532635816,-46.513833181589625,23.31814293188806,0.326510851307537,0.044506502382056876,-0.0012639949431069591,0.9441441826018563,999,983,0,0,0,0,0.0000,0.9840,0.0000,0.0000,1.2641,25,True,62.30,True,0.0,0.0,0.0,0.00,0.0000,0.00,0.0000,0.0000,1.0000,22.6594,1,0,983,0,0.008246
648,29,734000000,29.734000000,3.335986532635816,-46.513833181589625,23.31814293188806,0.326510851307537,0.044506502382056876,-0.0012639949431069591,0.9441441826018563,983,973,0,0,0,0,0.0000,0.9898,0.0000,0.0000,1.2873,26,True,62.30,True,0.0,0.0,0.0,0.00,0.0000,0.00,0.0000,0.0000,1.0000,61.0345,1,0,973,0,0.023497
649,29,767000000,29.767000000,3.335986532635816,-46.513833181589625,23.31814293188806,0.326510851307537,0.044506502382056876,-0.0012639949431069591,0.9441441826018563,973,960,0,0,0,0,0.0000,0.9866,0.0000,0.0000,1.2681,27,True,62.30,True,0.0,0.0,0.0,0.00,0.0000,0.00,0.0000,0.0000,1.0000,34.5831,1,0,960,0,0.014361
650,29,800000000,29.800000000,3.335986532635816,-46.513833181589625,23.31814293188806,0.326510851307537,0.044506502382056876,-0.0012639949431069591,0.9441441826018563,960,950,0,0,0,0,0.0000,0.9896,0.0000,0.0000,1.2506,28,True,62.30,True,0.0,0.0,0.0,0.00,0.0000,0.00,0.0000,0.0000,1.0000,34.2226,1,0,950,0,0.015161
651,29,833000000,29.833000000,3.335986532635816,-46.513833181589625,23.31814293188806,0.326510851307537,0.044506502382056876,-0.0012639949431069591,0.9441441826018563,950,942,0,0,0,0,0.0000,0.9916,0.0000,0.0000,1.2370,29,True,62.30,True,0.0,0.0,0.0,0.00,0.0000,0.00,0.0000,0.0000,1.0000,17.6480,1,0,942,0,0.008258
652,29,866000000,29.866000000,3.335986532635816,-46.513833181589625,23.31814293188806,0.326510851307537,0.044506502382056876,-0.0012639949431069591,0.9441441826018563,942,932,0,0,0,0,0.0000,0.9894,0.0000,0.0000,1.2134,30,True,62.30,True,0.0,0.0,0.0,0.00,0.0000,0.00,0.0000,0.0000,1.0000,37.2259,1,0,932,0,0.018765
653,29,899000000,29.899000000,3.335986532635816,-46.513833181589625,23.31814293188806,0.326510851307537,0.044506502382056876,-0.0012639949431069591,0.9441441826018563,932,928,0,0,0,0,0.0000,0.9957,0.0000,0.0000,1.1803,31,True,62.30,True,0.0,0.0,0.0,0.00,0.0000,0.00,0.0000,0.0000,1.0000,27.6533,1,0,928,0,0.015415
654,29,932000000,29.932000000,3.335986532635816,-46.513833181589625,23.31814293188806,0.326510851307537,0.044506502382056876,-0.0012639949431069591,0.9441441826018563,928,926,0,0,0,0,0.0000,0.9978,0.0000,0.0000,1.1380,32,True,62.30,True,0.0,0.0,0.0,0.00,0.0000,0.00,0.0000,0.0000,1.0000,26.7943,1,0,926,0,0.016657
655,29,965000000,29.965000000,3.335986532635816,-46.513833181589625,23.31814293188806,0.326510851307537,0.044506502382056876,-0.0012639949431069591,0.9441441826018563,926,922,0,0,0,0,0.0000,0.9957,0.0000,0.0000,1.1061,33,True,62.30,True,0.0,0.0,0.0,0.00,0.0000,0.00,0.0000,0.0000,1.0000,21.0127,1,0,922,0,0.014772
656,29,998000000,29.998000000,3.335986532635816,-46.513833181589625,23.31814293188806,0.326510851307537,0.044506502382056876,-0.0012639949431069591,0.9441441826018563,922,921,0,0,0,0,0.0000,0.9989,0.0000,0.0000,1.1073,34,True,62.30,True,0.0,0.0,0.0,0.00,0.0000,0.00,0.0000,0.0000,1.0000,18.3714,1,0,921,0,0.014769
657,30,31000000,30.031000000,3.335986532635816,-46.513833181589625,23.31814293188806,0.326510851307537,0.044506502382056876,-0.0012639949431069591,0.9441441826018563,921,920,0,0,0,0,0.0000,0.9989,0.0000,0.0000,1.1311,35,True,62.30,True,0.0,0.0,0.0,0.00,0.0000,0.00,0.0000,0.0000,1.0000,15.1707,1,0,920,0,0.012999
658,30,64000000,30.064000000,3.335986532635816,-46.513833181589625,23.31814293188806,0.326510851307537,0.044506502382056876,-0.0012639949431069591,0.9441441826018563,920,920,0,0,0,0,0.0000,1.0000,0.0000,0.0000,1.1162,36,True,62.30,True,0.0,0.0,0.0,0.00,0.0000,0.00,0.0000,0.0000,1.0000,11.6233,0,0,920,0,0.006782
659,30,97000000,30.097000000,3.335986532635816,-46.513833181589625,23.31814293188806,0.326510851307537,0.044506502382056876,-0.0012639949431069591,0.9441441826018563,920,913,0,0,0,0,0.0000,0.9924,0.0000,0.0000,1.0616,37,True,62.30,True,0.0,0.0,0.0,0.00,0.0000,0.00,0.0000,0.0000,1.0000,11.7386,0,0,913,0,0.023903
660,30,130000000,30.130000000,2.8301759645828426,-47.187704429341764,22.77957704854704,0.3270702383796219,0.04450609182797471,-0.0024396001750327362,0.9439482588084387,913,913,746,913,746,0,0.8171,1.0000,2.4882,5.2326,1.0560,0,True,60.66,True,-0.4760757003690083,-0.8780855481867786,-0.04814247172386196,0.15,0.0000,0.00,0.0000,0.0000,1.0000,5.4682,0,913,0,913,0.010156
661,30,163000000,30.163000000,1.990369109142623,-47.32892467532691,23.303772897137527,0.3288596417268674,0.04334558398505069,-0.0015030663044487342,0.943382338812825,746,746,606,746,606,0,0.8123,1.0000,3.5854,6.9337,0.8781,0,True,60.66,True,-0.8848118382004162,0.18424196218495126,0.427975361850001,0.27,0.0000,0.00,0.0000,0.0000,1.0000,6.7903,0,746,0,0,0.018958
662,30,196000000,30.196000000,1.6040951328897268,-47.06043801178251,22.421328946074034,0.3335978686299141,0.043823370649903604,-0.001967024055154127,0.941694273661482,606,606,593,606,593,0,0.9785,1.0000,4.7231,8.9254,0.8353,0,True,60.66,True,-0.30488657961050697,-0.3491198217244346,-0.8860922771655924,0.58,0.0000,0.00,0.0000,0.0000,1.0000,1.9317,0,606,0,0,0.013530
663,30,229000000,30.229000000,1.185845717983206,-47.59316747367746,21.68562061571515,0.33400633175198935,0.04451032703995346,-0.002034382486293056,0.9415171068144624,593,593,593,593,593,0,1.0000,1.0000,5.7839,10.7264,0.8231,0,True,60.66,True,-0.3685541788511158,-0.8900462014391585,-0.2683012794511138,0.09,0.0000,0.00,0.0000,0.0000,1.0000,0.6439,0,593,0,0,0.015240
664,30,262000000,30.262000000,1.2379890548128873,-48.30343709351952,22.387616441595664,0.3390419143539431,0.04016592944011628,-0.002315731301619552,0.9399105892647256,593,593,551,593,551,0,0.9292,1.0000,6.7665,12.5885,0.8323,0,True,60.66,True,-0.02625298466450396,-0.10864802589280734,0.9937335594945969,0.78,0.0000,0.00,0.0000,0.0000,1.0000,3.6969,0,593,0,0,0.015431
665,30,295000000,30.295000000,0.8254387048968379,-49.21308238343096,22.339163832521663,0.33858975368664296,0.03785917358973314,-0.0026958442461803974,0.9401682796698265,551,551,551,551,551,0,1.0000,1.0000,7.3613,12.5658,0.8709,0,True,60.66,True,-0.4282954488249763,-0.74441288566108,0.5122621049595177,0.27,0.0000,0.00,0.0000,0.0000,1.0000,5.3819,0,551,0,0,0.012628
666,30,328000000,30.328000000,0.8272038087772376,-48.75824164219746,23.229734876584093,0.34287066978535513,0.03146597903063756,0.006197449489015194,0.9388350161686645,551,551,551,551,551,0,1.0000,1.0000,8.2544,13.7577,0.8918,0,True,60.66,True,-0.05390841384184134,0.9174112677880184,0.39427204903801827,1.36,0.0000,0.00,0.0000,0.0000,1.0000,8.8137,0,551,0,0,0.014704
667,30,361000000,30.361000000,0.7982030679961327,-49.51171693502928,23.886571188100252,0.3487759745623502,0.02598027135024291,0.007059981032255015,0.9368193538438854,551,551,551,551,551,0,1.0000,1.0000,9.1126,14.8312,0.9387,0,True,60.66,True,-0.08998345623462453,-0.15342207606878222,0.9840552038269073,0.96,0.0000,0.00,0.0000,0.0000,1.0000,12.7855,0,551,0,0,0.016030
668,30,394000000,30.394000000,-0.027458481890967334,-50.04817990708759,23.711955940632034,0.3502041694612081,0.02339757247581942,0.012822852478400567,0.936293312882529,551,551,449,551,449,0,0.8149,1.0000,9.9345,15.7624,0.9638,0,True,60.66,True,-0.8336430629165387,-0.5241068117720344,0.1742162262973376,0.74,0.0000,0.00,0.0000,0.0000,1.0000,14.5646,0,551,0,0,0.014652
669,30,427000000,30.427000000,-0.047257441350325634,-50.838809177744075,24.32393090546761,0.3557884575408642,0.017373786838346898,0.015088235081027235,0.9342831852140592,449,449,449,449,449,0,1.0000,1.0000,11.2725,16.5934,0.8632,0,True,60.66,True,-0.07302877119804546,-0.1945952603601907,0.9781612766934975,1.00,0.0000,0.00,0.0000,0.0000,1.0000,17.6874,1,449,0,0,0.014960
670,30,460000000,30.460000000,0.16349145087747494,-51.73022520674553,24.725132061577643,0.3590511125380071,0.006314514186497777,0.01312812561792447,0.9332041994191667,449,449,449,449,449,0,1.0000,1.0000,12.0345,17.3638,0.8704,0,True,60.66,True,0.16565614984005517,-0.4017312539392818,0.9006497874471193,1.35,0.0000,0.00,0.0000,0.0000,1.0000,20.1634,1,449,0,0,0.014735
671,30,493000000,30.493000000,-0.0802293008200114,-52.43426609756108,24.058103861835193,0.35749878240209804,0.0054012264928903425,0.01677873583104911,0.9337472470413509,449,449,449,449,449,0,1.0000,1.0000,12.7558,17.9837,0.8597,0,True,60.66,True,-0.2624875422883118,-0.9645151420295117,-0.02847509331385145,0.47,0.0000,0.00,0.0000,0.0000,1.0000,14.9214,0,449,0,0,0.009834
672,30,526000000,30.526000000,-0.3090641684930978,-53.04853215918742,23.30291394607155,0.3561005576680423,0.005057636368460623,0.02133295644190142,0.9341904078464528,449,449,449,449,449,0,1.0000,1.0000,13.4329,18.5534,0.8547,0,True,60.66,True,-0.2517548241565098,-0.9549426191689598,-0.15717538804994743,0.55,0.0000,0.00,0.0000,0.0000,1.0000,27.5272,1,449,0,0,0.016419
673,30,559000000,30.559000000,-0.1859781739714203,-53.94504896400031,23.728481163606787,0.3601161909865762,-0.004353961048648567,0.023526748501750662,0.9326005919564077,449,449,449,449,449,0,1.0000,1.0000,14.0882,18.9791,0.8717,0,True,60.66,True,0.08644927720777386,-0.38955802563298103,0.9169356941111995,1.21,0.0000,0.00,0.0000,0.0000,1.0000,28.7739,1,449,0,0,0.015374
674,30,592000000,30.592000000,0.07508425044328915,-54.82075337817676,24.134668545920146,0.3640615880490297,-0.01741278986352264,0.02305718543004987,0.9309265927324407,449,449,449,449,449,0,1.0000,1.0000,14.7377,19.4216,0.8848,0,True,60.66,True,0.23526323762501525,-0.38713205725740907,0.8915043349674987,1.58,0.0000,0.00,0.0000,0.0000,1.0000,11.6333,0,449,0,0,0.005823
675,30,625000000,30.625000000,0.004913574452370742,-55.563975129600024,24.800023717570824,0.3702648321019075,-0.023318563336059566,0.03055517963438584,0.9281306910721134,449,449,433,449,433,0,0.9644,1.0000,15.3604,19.7267,0.8801,0,True,60.66,True,-0.05979514776947122,-0.09105208892644251,0.99404932342684,1.34,0.0000,0.00,0.0000,0.0000,1.0000,53.1869,1,449,0,0,0.024540
676,30,658000000,30.658000000,-0.2695067928269833,-55.32029880341469,23.86980045938005,0.37334538521462374,-0.016547997933658097,0.03991720280915277,0.9266854935862678,433,433,433,433,433,0,1.0000,1.0000,15.8774,19.2624,0.8928,0,True,60.66,True,-0.3253096323202389,-0.4413139989893848,-0.8363107062663184,1.38,0.0000,0.00,0.0000,0.0000,1.0000,24.5866,1,433,0,0,0.010404
677,30,691000000,30.691000000,-0.8121759892418352,-56.15705419057649,23.796652900855126,0.37434247930313425,-0.02137751470172097,0.048764704509552864,0.9257606135759159,433,433,433,433,433,0,1.0000,1.0000,16.4797,19.5172,0.9244,0,True,60.66,True,-0.5966314332363,-0.6044884378491245,0.5278490895901248,1.17,0.0000,0.00,0.0000,0.0000,1.0000,21.9531,1,433,0,0,0.008920
678,30,724000000,30.724000000,-1.0758548657557365,-55.91411512653509,22.863135862315904,0.3766205728129855,-0.013710728565476307,0.059399774232025346,0.9243595766136721,433,433,433,433,433,0,1.0000,1.0000,17.0949,19.7773,0.9577,0,True,60.66,True,-0.3151689813153059,-0.44335328934479185,-0.8391104659362947,1.53,0.0000,0.00,0.0000,0.0000,1.0000,62.9831,1,433,0,0,0.023934
679,30,757000000,30.757000000,-1.1096299439845279,-56.68833249612001,23.49515382782292,0.383122697156259,-0.019932166190735838,0.06909954316242371,0.9208935664936544,433,433,433,433,433,0,1.0000,1.0000,17.7159,19.9842,0.9509,0,True,60.66,True,-0.06624992960238818,-0.10603852835281556,0.9921525978056237,1.57,0.0000,0.00,0.0000,0.0000,1.0000,40.4779,1,433,0,0,0.014353
680,30,790000000,30.790000000,-0.9770228909723155,-57.426667473431095,24.156422933989578,0.38942110147340553,-0.027543807128744047,0.07893303244802374,0.9172579358090358,433,433,433,433,433,0,1.0000,1.0000,18.3611,20.6836,0.9347,0,True,60.66,True,0.10783455033335677,-0.06864587520758067,0.9917960745896245,1.65,0.0000,0.00,0.0000,0.0000,1.0000,41.4989,1,433,0,0,0.014056
681,30,823000000,30.823000000,-1.2848637337061946,-57.132387560124805,23.251639342090765,0.3889496696174134,-0.013517464378812802,0.09262347506794649,0.916491311757842,433,433,433,433,433,0,1.0000,1.0000,19.0029,22.1041,0.9533,0,True,60.66,True,-0.3685790127457913,-0.3899034662338337,-0.8438748712825732,2.25,0.0000,0.00,0.0000,0.0000,1.0000,35.0579,1,433,0,0,0.011435
682,30,856000000,30.856000000,-1.2038595899347084,-57.89508064572823,23.893307157914933,0.3957231545519853,-0.01997539060018456,0.10361736190227651,0.9122870222875081,433,433,433,433,433,0,1.0000,1.0000,19.6819,23.6112,1.0077,0,True,60.66,True,0.020248697377294796,-0.07758525324585142,0.9967800754094657,1.72,0.0000,0.00,0.0000,0.0000,1.0000,43.5903,1,433,0,0,0.013772
683,30,889000000,30.889000000,-1.8499079961625866,-57.40208811750452,24.47604193800448,0.4000030672830713,-0.027137086600361286,0.12626463876464128,0.9073689247999481,433,433,433,433,433,0,1.0000,1.0000,20.3872,25.2509,0.9904,0,True,60.66,True,-0.4772227902408351,0.8786958121656829,0.012331997293330843,2.82,0.0000,0.00,0.0000,0.0000,1.0000,40.2665,1,433,0,0,0.012342
684,30,922000000,30.922000000,-2.0415372223031327,-57.14249837661213,23.529526536063138,0.39926669128467357,-0.020161991049716027,0.14011817714576988,0.905840217577497,433,433,433,433,433,0,1.0000,1.0000,21.1211,26.9826,0.9888,0,True,59.02,True,-0.2736134002920402,-0.4642775914017072,-0.8423669184523197,1.79,0.0000,0.00,0.0000,0.0000,1.0000,46.8859,1,433,0,0,0.013956
685,30,955000000,30.955000000,-2.2493871950252484,-57.96101864757859,22.99396799131158,0.39989732074523804,-0.026253343127855492,0.154552780065405,0.9030538926384437,433,433,433,433,433,0,1.0000,1.0000,21.9057,28.9844,1.0226,0,True,57.38,True,-0.47360768491992145,-0.8536710130030901,0.21666001556140949,1.82,0.0000,0.00,0.0000,0.0000,1.0000,55.6424,1,433,0,0,0.016105
686,30,988000000,30.988000000,-1.9902841557669073,-58.829946238751134,22.572268505485276,0.39956783937204937,-0.0326790194783253,0.16400012618105575,0.9013221300057406,433,433,433,433,433,0,1.0000,1.0000,22.7502,31.1334,1.0149,0,True,55.74,True,-0.050060667693797724,-0.928421900988085,0.36813951610187384,1.32,0.0000,0.00,0.0000,0.0000,1.0000,51.5557,1,433,0,0,0.014527
687,31,21000000,31.021000000,-2.874836922148188,-58.56358816382524,22.955178128515293,0.40235618565823206,-0.039112168843173215,0.18704149376553875,0.8953185007140739,433,433,433,433,433,0,1.0000,1.0000,23.6673,33.4461,1.0377,0,True,54.10,True,-0.690552839027464,0.7232807833551691,0.0012980524806220708,2.84,0.0000,0.00,0.0000,0.0000,1.0000,45.9658,1,433,0,0,0.012689
688,31,54000000,31.054000000,-2.6426197884741605,-59.45376699299123,22.563187242227258,0.40244346315765983,-0.04568912688334803,0.19863862779499272,0.8924653820703797,433,433,433,433,433,0,1.0000,1.0000,24.6680,36.0929,1.0330,0,True,52.46,True,-0.14131926597624606,-0.9014385443682894,0.4091911726700793,1.56,0.0000,0.00,0.0000,0.0000,1.0000,52.7097,1,433,0,0,0.014313
689,31,87000000,31.087000000,-2.469459989634249,-60.17476738259867,23.23413740598879,0.40907348115584496,-0.051525503998518594,0.21177227342006721,0.8860905787013162,433,433,433,433,433,0,1.0000,1.0000,25.7458,38.9442,1.0608,0,True,50.82,True,0.09164123908728884,-0.028530628880731754,0.99538328623411,1.96,0.0000,0.00,0.0000,0.0000,1.0000,55.2670,1,433,0,0,0.014776
690,31,120000000,31.120000000,-2.459211028504594,-59.887620336170635,22.276305723215973,0.4064499333638632,-0.0482132527305861,0.22655769868355133,0.883824384760265,433,433,433,433,433,0,1.0000,1.0000,26.9196,42.2856,1.0694,0,True,49.18,True,-0.1484803517798689,-0.5124692943573259,-0.8457711318531927,1.78,0.0000,0.00,0.0000,0.0000,1.0000,53.4715,1,433,0,0,0.014113
691,31,153000000,31.153000000,-2.4692695593209284,-59.60147060667761,21.318173603793568,0.40272123281335154,-0.04391108138551678,0.24158656004008458,0.8817728503309951,433,433,433,433,433,0,1.0000,1.0000,28.2245,46.3126,1.1292,0,True,47.54,True,-0.16371239020295966,-0.500796615951831,-0.8499417643257848,1.86,0.0000,0.00,0.0000,0.0000,1.0000,52.8696,1,433,0,0,0.013818
692,31,186000000,31.186000000,-1.7558107000422685,-60.22550822200975,20.99949898797461,0.40187149171305614,-0.05190582074663053,0.25157545072518295,0.8789282578876179,433,430,425,427,425,0,0.9884,0.9931,29.1944,47.1805,1.2964,0,True,45.90,True,0.29694017313531307,-0.8975454601351899,0.325942756583239,1.51,0.0000,0.00,0.0000,0.0000,1.0000,55.6993,1,430,0,0,0.014458
693,31,219000000,31.219000000,-2.12084629226948,-61.12344344004568,20.75361006870802,0.4028344290744628,-0.0578509711773724,0.2677274220218002,0.8733268090375145,425,416,354,412,354,0,0.8510,0.9788,30.2231,47.3494,1.2780,0,True,44.26,True,-0.7486533085653164,-0.484862154882573,0.4521359467426063,2.08,0.0000,0.00,0.0000,0.0000,1.0000,55.7819,1,416,0,0,0.014418
694,31,252000000,31.252000000,-2.0543734156032025,-62.08210133404855,20.476921798386194,0.4037828647760476,-0.06363607986395704,0.28227938296230226,0.8678872031590384,354,338,336,336,336,0,0.9941,0.9548,32.0846,49.5359,1.4042,0,True,42.62,True,-0.4347535955952319,-0.7303881811652104,0.5268039634733145,1.90,0.0000,0.00,0.0000,0.0000,1.0000,53.1566,1,338,0,0,0.013718
695,31,285000000,31.285000000,-1.4459613798666575,-62.85261214046775,20.66704778809339,0.40825905383442385,-0.0720007628051137,0.2902056800945917,0.862508607701128,336,318,315,315,315,0,0.9906,0.9464,32.8672,47.6452,1.3757,0,True,40.98,True,0.23293481924170928,-0.5994185166012269,0.7657929301974633,1.54,0.0000,0.00,0.0000,0.0000,1.0000,55.8740,1,318,0,0,0.014433
696,31,318000000,31.318000000,-1.8278982642106187,-63.75733499357031,20.478366110520877,0.4083931156940122,-0.07907577185208886,0.3066497058734021,0.8561121674450665,315,289,229,287,229,0,0.7924,0.9175,33.9180,71.7317,1.3728,0,True,39.34,True,-0.7815128836284576,-0.3620817507433623,0.5080693048210593,2.18,0.0000,0.00,0.0000,0.0000,1.0000,56.8869,1,289,0,0,0.014754
697,31,351000000,31.351000000,-2.0056984989002307,-62.950421628211615,21.04164037528878,0.4087133125990297,-0.08496378135190748,0.3221367893625134,0.8496837487571036,229,209,97,180,97,0,0.4641,0.9127,34.1798,57.9877,3.0598,0,True,37.70,True,0.44676384866027863,0.8573933850057396,-0.2554968627569728,2.04,0.0000,0.00,0.0000,0.0000,1.0000,54.9138,1,209,0,0,0.014346
698,31,384000000,31.384000000,-2.0056984989002307,-62.950421628211615,21.04164037528878,0.4087133125990297,-0.08496378135190748,0.3221367893625134,0.8496837487571036,2000,0,0,0,0,0,0.0000,0.0000,0.0000,0.0000,0.0000,1,True,37.70,True,0.0,0.0,0.0,0.00,0.0000,0.00,0.0000,0.0000,1.0000,33.4503,1,0,2000,0,0.008805
699,31,417000000,31.417000000,-2.0056984989002307,-62.950421628211615,21.04164037528878,0.4087133125990297,-0.08496378135190748,0.3221367893625134,0.8496837487571036,2000,1968,0,0,0,0,0.0000,0.9840,0.0000,0.0000,4.6702,2,True,37.70,True,0.0,0.0,0.0,0.00,0.0000,0.00,0.0000,0.0000,1.0000,68.2033,1,0,1968,0,0.018182
700,31,450000000,31.450000000,-2.0056984989002307,-62.950421628211615,21.04164037528878,0.4087133125990297,-0.08496378135190748,0.3221367893625134,0.8496837487571036,1968,1937,0,0,0,0,0.0000,0.9842,0.0000,0.0000,3.9963,3,True,37.70,True,0.0,0.0,0.0,0.00,0.0000,0.00,0.0000,0.0000,1.0000,48.8350,1,0,1937,0,0.013240
701,31,483000000,31.483000000,-2.0056984989002307,-62.950421628211615,21.04164037528878,0.4087133125990297,-0.08496378135190748,0.3221367893625134,0.8496837487571036,1937,1904,0,0,0,0,0.0000,0.9830,0.0000,0.0000,3.8594,4,True,37.70,True,0.0,0.0,0.0,0.00,0.0000,0.00,0.0000,0.0000,1.0000,33.9210,1,0,1904,0,0.009334
702,31,516000000,31.516000000,-2.0056984989002307,-62.950421628211615,21.04164037528878,0.4087133125990297,-0.08496378135190748,0.3221367893625134,0.8496837487571036,1904,1870,0,0,0,0,0.0000,0.9821,0.0000,0.0000,3.9152,5,True,37.70,True,0.0,0.0,0.0,0.00,0.0000,0.00,0.0000,0.0000,1.0000,62.6562,1,0,1870,0,0.017618
703,31,549000000,31.549000000,-2.0056984989002307,-62.950421628211615,21.04164037528878,0.4087133125990297,-0.08496378135190748,0.3221367893625134,0.8496837487571036,1870,1818,0,0,0,0,0.0000,0.9722,0.0000,0.0000,3.8595,6,True,37.70,True,0.0,0.0,0.0,0.00,0.0000,0.00,0.0000,0.0000,1.0000,51.9448,1,0,1818,0,0.013677
704,31,582000000,31.582000000,-2.0056984989002307,-62.950421628211615,21.04164037528878,0.4087133125990297,-0.08496378135190748,0.3221367893625134,0.8496837487571036,1818,1734,0,0,0,0,0.0000,0.9538,0.0000,0.0000,4.1083,7,True,37.70,True,0.0,0.0,0.0,0.00,0.0000,0.00,0.0000,0.0000,1.0000,44.2207,1,0,1734,0,0.007605
705,31,615000000,31.615000000,-2.0056984989002307,-62.950421628211615,21.04164037528878,0.4087133125990297,-0.08496378135190748,0.3221367893625134,0.8496837487571036,1734,1686,0,0,0,0,0.0000,0.9723,0.0000,0.0000,3.8572,8,True,37.70,True,0.0,0.0,0.0,0.00,0.0000,0.00,0.0000,0.0000,1.0000,42.0275,1,0,1686,0,0.013905
706,31,648000000,31.648000000,-2.0056984989002307,-62.950421628211615,21.04164037528878,0.4087133125990297,-0.08496378135190748,0.3221367893625134,0.8496837487571036,1686,1627,0,0,0,0,0.0000,0.9650,0.0000,0.0000,3.9067,9,True,37.70,True,0.0,0.0,0.0,0.00,0.0000,0.00,0.0000,0.0000,1.0000,31.2107,1,0,1627,0,0.015983
707,31,681000000,31.681000000,-2.0056984989002307,-62.950421628211615,21.04164037528878,0.4087133125990297,-0.08496378135190748,0.3221367893625134,0.8496837487571036,1627,1605,0,0,0,0,0.0000,0.9865,0.0000,0.0000,3.4624,10,True,37.70,True,0.0,0.0,0.0,0.00,0.0000,0.00,0.0000,0.0000,1.0000,53.6249,1,0,1605,0,0.017790
708,31,714000000,31.714000000,-2.0056984989002307,-62.950421628211615,21.04164037528878,0.4087133125990297,-0.08496378135190748,0.3221367893625134,0.8496837487571036,1605,1587,0,0,0,0,0.0000,0.9888,0.0000,0.0000,2.8924,11,True,37.70,True,0.0,0.0,0.0,0.00,0.0000,0.00,0.0000,0.0000,1.0000,30.3240,1,0,1587,0,0.010570
709,31,747000000,31.747000000,-2.0056984989002307,-62.950421628211615,21.04164037528878,0.4087133125990297,-0.08496378135190748,0.3221367893625134,0.8496837487571036,1587,1555,0,0,0,0,0.0000,0.9798,0.0000,0.0000,3.4413,12,True,37.70,True,0.0,0.0,0.0,0.00,0.0000,0.00,0.0000,0.0000,1.0000,45.7071,1,0,1555,0,0.016747
710,31,780000000,31.780000000,-2.0056984989002307,-62.950421628211615,21.04164037528878,0.4087133125990297,-0.08496378135190748,0.3221367893625134,0.8496837487571036,1555,1502,0,0,0,0,0.0000,0.9659,0.0000,0.0000,3.0784,13,True,37.70,True,0.0,0.0,0.0,0.00,0.0000,0.00,0.0000,0.0000,1.0000,25.5600,1,0,1502,0,0.009943
711,31,813000000,31.813000000,-2.0056984989002307,-62.950421628211615,21.04164037528878,0.4087133125990297,-0.08496378135190748,0.3221367893625134,0.8496837487571036,1502,1472,0,0,0,0,0.0000,0.9800,0.0000,0.0000,2.9911,14,True,37.70,True,0.0,0.0,0.0,0.00,0.0000,0.00,0.0000,0.0000,1.0000,36.7151,1,0,1472,0,0.015113
712,31,846000000,31.846000000,-2.0056984989002307,-62.950421628211615,21.04164037528878,0.4087133125990297,-0.08496378135190748,0.3221367893625134,0.8496837487571036,1472,1442,0,0,0,0,0.0000,0.9796,0.0000,0.0000,3.2018,15,True,37.70,True,0.0,0.0,0.0,0.00,0.0000,0.00,0.0000,0.0000,1.0000,34.6749,1,0,1442,0,0.015455
713,31,879000000,31.879000000,-2.0056984989002307,-62.950421628211615,21.04164037528878,0.4087133125990297,-0.08496378135190748,0.3221367893625134,0.8496837487571036,1442,1401,0,0,0,0,0.0000,0.9716,0.0000,0.0000,2.8600,16,True,37.70,True,0.0,0.0,0.0,0.00,0.0000,0.00,0.0000,0.0000,1.0000,25.9369,1,0,1401,0,0.012607
714,31,912000000,31.912000000,-2.0056984989002307,-62.950421628211615,21.04164037528878,0.4087133125990297,-0.08496378135190748,0.3221367893625134,0.8496837487571036,1401,1384,0,0,0,0,0.0000,0.9879,0.0000,0.0000,2.8935,17,True,37.70,True,0.0,0.0,0.0,0.00,0.0000,0.00,0.0000,0.0000,1.0000,24.7718,1,0,1384,0,0.013110
715,31,945000000,31.945000000,-2.0056984989002307,-62.950421628211615,21.04164037528878,0.4087133125990297,-0.08496378135190748,0.3221367893625134,0.8496837487571036,1384,1363,0,0,0,0,0.0000,0.9848,0.0000,0.0000,2.8653,18,True,37.70,True,0.0,0.0,0.0,0.00,0.0000,0.00,0.0000,0.0000,1.0000,24.6444,1,0,1363,0,0.014493
716,31,978000000,31.978000000,-2.0056984989002307,-62.950421628211615,21.04164037528878,0.4087133125990297,-0.08496378135190748,0.3221367893625134,0.8496837487571036,1363,1339,0,0,0,0,0.0000,0.9824,0.0000,0.0000,2.8663,19,True,37.70,True,0.0,0.0,0.0,0.00,0.0000,0.00,0.0000,0.0000,1.0000,19.8344,1,0,1339,0,0.013189
717,32,11000000,32.011000000,-2.0056984989002307,-62.950421628211615,21.04164037528878,0.4087133125990297,-0.08496378135190748,0.3221367893625134,0.8496837487571036,1339,1311,0,0,0,0,0.0000,0.9791,0.0000,0.0000,2.8986,20,True,37.70,True,0.0,0.0,0.0,0.00,0.0000,0.00,0.0000,0.0000,1.0000,17.0580,1,0,1311,0,0.012979
718,32,44000000,32.044000000,-2.0056984989002307,-62.950421628211615,21.04164037528878,0.4087133125990297,-0.08496378135190748,0.3221367893625134,0.8496837487571036,1311,1283,0,0,0,0,0.0000,0.9786,0.0000,0.0000,2.8150,21,True,37.70,True,0.0,0.0,0.0,0.00,0.0000,0.00,0.0000,0.0000,1.0000,14.5912,0,0,1283,0,0.013001
719,32,77000000,32.077000000,-2.0056984989002307,-62.950421628211615,21.04164037528878,0.4087133125990297,-0.08496378135190748,0.3221367893625134,0.8496837487571036,1283,1268,0,0,0,0,0.0000,0.9883,0.0000,0.0000,2.7680,22,True,37.70,True,0.0,0.0,0.0,0.00,0.0000,0.00,0.0000,0.0000,1.0000,11.9363,0,0,1268,0,0.012883
720,32,110000000,32.110000000,-1.205794136018483,-62.42398129481752,20.75351959225039,0.408062529204353,-0.08505519689667931,0.32498911717969026,0.8489008537249678,1268,1251,1231,1245,1231,0,0.9840,0.9866,7.3988,18.7158,2.8366,0,True,36.07,True,0.7564973924840404,-0.436488550981724,-0.4870209852015853,0.35,0.0000,0.00,0.0000,0.0000,1.0000,10.2381,0,1251,0,1251,0.013361
721,32,143000000,32.143000000,-0.23567882919402516,-62.510318199188916,20.52675488951109,0.40779905903487657,-0.08592782674397695,0.32659260802592865,0.8483239973171505,1231,1213,961,1212,961,0,0.7923,0.9854,6.2561,15.9382,2.8070,0,True,36.07,True,0.6166194878936865,-0.7865337899964933,0.03383791281211115,0.22,0.0000,0.00,0.0000,0.0000,1.0000,6.4258,0,1213,0,0,0.007581
722,32,176000000,32.176000000,0.7400754162091501,-62.721478527643484,20.469179128425136,0.40797124077903246,-0.08752879526921441,0.32479637755102125,0.8487670409633442,961,950,949,949,949,0,0.9989,0.9886,6.0434,12.5593,0.9235,0,True,36.07,True,0.6272536316045961,-0.7415483143951255,0.23803146652615834,0.28,0.0000,0.00,0.0000,0.0000,1.0000,3.1699,0,950,0,0,0.015523
723,32,209000000,32.209000000,1.7181703849668022,-62.64564207033635,20.275325926661374,0.40763031296229213,-0.08782074946666531,0.3249095900774426,0.8488573509094949,949,938,938,938,938,0,1.0000,0.9884,4.9412,11.2380,0.9001,0,True,36.07,True,0.7129634769240863,-0.6977679662352839,-0.06930328901425657,0.05,0.0000,0.00,0.0000,0.0000,1.0000,2.1102,0,938,0,0,0.014293
724,32,242000000,32.242000000,1.7170409055702527,-61.82651984157395,19.70170802367752,0.4096258262321351,-0.08340969561112109,0.3267682765707262,0.8476272757460663,938,934,791,934,791,0,0.8469,0.9957,3.8842,10.1680,0.9147,0,True,36.07,True,0.15484413863235283,0.010436543628755995,-0.9878837843027335,0.61,0.0000,0.00,0.0000,0.0000,1.0000,1.2709,0,934,0,0,0.015336
725,32,275000000,32.275000000,1.7134204187850368,-60.94801592459496,19.223986598652417,0.41252085202987937,-0.07892202249513247,0.3275491441205947,0.8463506478946453,791,790,584,789,584,0,0.7392,0.9987,2.7556,12.1894,0.8455,0,True,36.07,True,0.22838502728185262,0.09263569159510313,-0.9691537070847762,0.64,0.0000,0.00,0.0000,0.0000,1.0000,1.9205,0,790,0,0,0.007356
726,32,308000000,32.308000000,1.6172809311632959,-60.17265969951341,18.59982322008307,0.4150113967305132,-0.07332433844086376,0.3278469136121417,0.8455208354682878,584,583,581,583,581,0,0.9966,0.9983,1.9114,8.6475,0.8485,0,True,36.07,True,0.05303383796321958,0.0010893599889633186,-0.998592121602061,0.71,0.0000,0.00,0.0000,0.0000,1.0000,8.4879,0,583,0,0,0.018144
727,32,341000000,32.341000000,1.6312629446401354,-59.48685429004181,17.872172587128894,0.4166559313386663,-0.06614609884392764,0.32732270889550047,0.8455071689402459,581,580,580,580,580,0,1.0000,0.9983,1.7941,8.0323,0.8292,0,True,36.07,True,0.06106643624869587,-0.18214366664632634,-0.9813738202461464,0.85,0.0000,0.00,0.0000,0.0000,1.0000,10.3925,0,580,0,0,0.008593
728,32,374000000,32.374000000,2.596967908629194,-59.30882652516806,17.68317513354568,0.41703033371393367,-0.0645057201107496,0.3251504944953554,0.8462871077624098,580,579,551,579,551,0,0.9516,0.9983,2.0540,4.5078,0.8337,0,True,36.07,True,0.766358203205862,-0.6346650446904831,-0.09947555190653495,0.33,0.0000,0.00,0.0000,0.0000,1.0000,12.1068,0,579,0,0,0.018933
729,32,407000000,32.407000000,2.379771731618913,-58.65914671993655,16.954654734815175,0.41919661124487195,-0.05572204107962484,0.3238267912051635,0.846348311604923,551,550,550,550,550,0,1.0000,0.9982,2.4937,5.5116,0.8198,0,True,36.07,True,-0.12398333540427221,-0.06612139051685939,-0.9900788323452576,1.05,0.0000,0.00,0.0000,0.0000,1.0000,14.0344,0,550,0,0,0.012520
730,32,440000000,32.440000000,2.17925837034891,-57.964614956940814,16.26369885913119,0.4214855632337016,-0.047971335078060555,0.3216224507954683,0.8465268277737653,550,550,550,550,550,0,1.0000,1.0000,3.1826,6.5368,0.8179,0,True,36.07,True,-0.0617222562022719,-0.04129592750062008,-0.997238692320532,0.96,0.0000,0.00,0.0000,0.0000,1.0000,19.4858,1,550,0,0,0.014735
731,32,473000000,32.473000000,2.0616864084887485,-57.168535595160094,15.670036932163365,0.4239364741155879,-0.041683341863120525,0.31847869068362694,0.8468244732564171,550,550,550,550,550,0,1.0000,1.0000,3.9399,7.6014,0.8226,0,True,36.07,True,0.09941608491685436,0.011995980040007601,-0.9949736370993377,0.85,0.0000,0.00,0.0000,0.0000,1.0000,19.0521,1,550,0,0,0.012526
732,32,506000000,32.506000000,2.8690991790518527,-57.14886801102005,15.080377874685485,0.42318341796780146,-0.037917498454797936,0.3119359782147623,0.8498082157541306,550,550,550,550,550,0,1.0000,1.0000,4.7263,8.6808,0.8633,0,True,36.07,True,0.4498773663701465,-0.8631577131651706,-0.22927956173923114,0.93,0.0000,0.00,0.0000,0.0000,1.0000,22.8845,1,550,0,0,0.013432
733,32,539000000,32.539000000,2.349592896542966,-56.59234119764636,14.43200211293162,0.424178491008776,-0.02731131925617861,0.3100710692520392,0.8504014532083667,550,549,549,549,549,0,1.0000,0.9982,5.5043,9.8508,0.8734,0,True,36.07,True,-0.35268164146052994,0.08998516799651361,-0.9314066401509845,1.24,0.0000,0.00,0.0000,0.0000,1.0000,28.3700,1,549,0,0,0.014936
734,32,572000000,32.572000000,3.2020460620868407,-57.0586663609136,14.195645512308731,0.42384133074746444,-0.025245177546116826,0.3002070068670141,0.8541644808752189,549,549,549,549,549,0,1.0000,1.0000,6.2678,11.0228,0.8811,0,True,36.07,True,0.37899080090918147,-0.8446710916039523,0.3780168248038765,1.23,0.0000,0.00,0.0000,0.0000,1.0000,19.1550,1,549,0,0,0.009324
735,32,605000000,32.605000000,3.833886985732476,-56.31059150469791,13.99276363360957,0.42512359958313223,-0.020518114675906172,0.29417003728070834,0.8557528388582147,549,549,506,549,506,0,0.9217,1.0000,7.0108,12.2253,0.9230,0,True,36.07,True,0.8244112457549181,-0.13692101204627685,-0.5491800563868352,0.91,0.0000,0.00,0.0000,0.0000,1.0000,31.3472,1,549,0,0,0.014210
736,32,638000000,32.638000000,3.497933147928032,-55.54732918769224,13.440888960967682,0.4281467132657678,-0.013195573600119543,0.287812115355859,0.8565514899943084,506,505,500,505,500,0,0.9901,0.9980,7.5589,13.4580,0.9526,0,True,36.07,True,-0.0639732211501794,0.13539605566282592,-0.9887240945211253,1.17,0.0000,0.00,0.0000,0.0000,1.0000,32.0677,1,505,0,0,0.013507
737,32,671000000,32.671000000,3.896137127428506,-56.445148770496836,13.62891445775618,0.4311313887705529,-0.008226562433675977,0.2791938542022904,0.8579678554951633,500,497,444,497,444,0,0.8934,0.9940,8.2507,14.7041,0.8952,0,True,36.07,True,-0.04984305619259036,-0.4842721586612052,0.8734965060576939,1.20,0.0000,0.00,0.0000,0.0000,1.0000,20.2297,1,497,0,0,0.008113
738,32,704000000,32.704000000,3.719999572615743,-55.76902636150172,12.913488675554277,0.433824878986901,0.0023497206707831244,0.27176226159585376,0.8590318540991811,444,444,444,444,444,0,1.0000,1.0000,8.5918,10.5840,0.8736,0,True,36.07,True,-0.011863984352619063,-0.1209794836616841,-0.9925841074731316,1.52,0.0000,0.00,0.0000,0.0000,1.0000,49.9754,1,444,0,0,0.018894
739,32,737000000,32.737000000,3.3454990811613805,-55.143343526685335,12.229185838999761,0.4365408486754109,0.013164112790815535,0.2641731039220655,0.8599252088038613,444,444,444,444,444,0,1.0000,1.0000,9.1938,11.3918,0.8878,0,True,36.07,True,-0.18436143191667587,-0.039067277707771284,-0.982081773700203,1.55,0.0000,0.00,0.0000,0.0000,1.0000,50.1330,1,444,0,0,0.017743
740,32,770000000,32.770000000,3.182599371101583,-54.764472643402236,11.318186092423122,0.43525109033806864,0.028021618519638403,0.2553426252838116,0.8628855201984984,444,442,442,442,442,0,1.0000,0.9955,9.7520,12.1999,0.8802,0,True,36.07,True,-0.1531084821811407,-0.4365730337652488,-0.8865448544056834,2.01,0.0000,0.00,0.0000,0.0000,1.0000,41.3984,1,442,0,0,0.013722
741,32,803000000,32.803000000,3.879772915887994,-55.02220966362659,11.98715595486522,0.4433331391446978,0.025688227503054283,0.24041444999741035,0.8631319336789144,442,442,442,442,442,0,1.0000,1.0000,10.2682,12.9676,0.9016,0,True,36.07,True,0.6016508738216751,0.09537820096083377,0.793044276702814,1.96,0.0000,0.00,0.0000,0.0000,1.0000,40.1997,1,442,0,0,0.006501
742,32,836000000,32.836000000,3.4630363016750634,-54.487371744974006,11.252119224391366,0.44463978835351464,0.040071894621391976,0.23228340815702844,0.8641377900366058,442,441,441,441,441,0,1.0000,0.9977,10.7475,13.7717,0.9000,0,True,36.07,True,-0.25795379244262956,-0.1453753465120961,-0.9551574998872977,1.90,0.0000,0.00,0.0000,0.0000,1.0000,42.2783,1,441,0,0,0.019983
743,32,869000000,32.869000000,4.199865401956427,-55.08098647006558,11.575699871422351,0.448681484639899,0.03621203215699535,0.21208424531253067,0.8674064139482778,441,441,441,441,441,0,1.0000,1.0000,11.1712,14.5299,0.9303,0,True,36.07,True,0.43992140328818147,-0.30969666282536945,0.8429455118593293,2.43,0.0000,0.00,0.0000,0.0000,1.0000,47.6661,1,441,0,0,0.014533
744,32,902000000,32.902000000,4.241211617264178,-56.0217570129828,11.912213282832592,0.45191281017121687,0.0433082600520825,0.20086446340515082,0.8680741177776099,441,441,229,441,229,0,0.5193,1.0000,11.5176,15.2932,0.9526,0,True,36.07,True,-0.29628281417119723,-0.22412194584364867,0.9284319293400309,1.57,0.0000,0.00,0.0000,0.0000,1.0000,49.6421,1,441,0,0,0.014764
745,32,935000000,32.935000000,5.005072209633136,-56.626770765337646,12.136880492027082,0.458281229047884,0.0325395710747617,0.168305159631282,0.872119753622242,229,228,228,228,228,0,1.0000,0.9956,10.9366,12.7887,0.9604,0,True,36.07,True,0.48858298162187874,-0.3653769208619071,0.7923297140527715,4.02,0.0000,0.00,0.0000,0.0000,1.0000,48.4351,1,228,0,0,0.014122
746,32,968000000,32.968000000,4.680793583925056,-55.93160204043159,12.778428476843002,0.46176335799249885,0.03858982050756252,0.1617653377784586,0.8712734372526839,228,228,228,228,228,0,1.0000,1.0000,11.0220,12.8562,1.1092,0,True,36.07,True,-0.01785613615659809,0.9691591566787507,-0.24578789113235347,1.10,0.0000,0.00,0.0000,0.0000,1.0000,49.5953,1,228,0,0,0.014240
747,33,1000000,33.001000000,5.07106233365449,-56.679650066477436,13.315191416802092,0.46663277862280705,0.046983480364943965,0.14945508682978148,0.8704651512313734,228,225,41,225,41,0,0.1822,0.9868,11.0955,13.1703,1.0908,0,True,36.07,True,0.17525435100223036,-0.04738946233178054,0.9833819966395012,1.80,0.0000,0.00,0.0000,0.0000,1.0000,50.6208,1,225,0,0,0.014354
748,33,34000000,33.034000000,5.07106233365449,-56.679650066477436,13.315191416802092,0.46663277862280705,0.046983480364943965,0.14945508682978148,0.8704651512313734,2000,0,0,0,0,0,0.0000,0.0000,0.0000,0.0000,0.0000,1,True,37.70,True,0.0,0.0,0.0,0.00,0.0000,0.00,0.0000,0.0000,1.0000,45.5033,1,0,2000,0,0.012777
749,33,67000000,33.067000000,5.07106233365449,-56.679650066477436,13.315191416802092,0.46663277862280705,0.046983480364943965,0.14945508682978148,0.8704651512313734,2000,1981,0,0,0,0,0.0000,0.9905,0.0000,0.0000,4.4042,2,True,39.34,True,0.0,0.0,0.0,0.00,0.0000,0.00,0.0000,0.0000,1.0000,51.2988,1,0,1981,0,0.014287
750,33,100000000,33.100000000,5.07106233365449,-56.679650066477436,13.315191416802092,0.46663277862280705,0.046983480364943965,0.14945508682978148,0.8704651512313734,1981,1944,0,0,0,0,0.0000,0.9813,0.0000,0.0000,4.0097,3,True,40.98,True,0.0,0.0,0.0,0.00,0.0000,0.00,0.0000,0.0000,1.0000,53.1510,1,0,1944,0,0.014689
751,33,133000000,33.133000000,5.07106233365449,-56.679650066477436,13.315191416802092,0.46663277862280705,0.046983480364943965,0.14945508682978148,0.8704651512313734,1944,1914,0,0,0,0,0.0000,0.9846,0.0000,0.0000,4.2318,4,True,42.62,True,0.0,0.0,0.0,0.00,0.0000,0.00,0.0000,0.0000,1.0000,59.9893,1,0,1914,0,0.016458
752,33,166000000,33.166000000,5.07106233365449,-56.679650066477436,13.315191416802092,0.46663277862280705,0.046983480364943965,0.14945508682978148,0.8704651512313734,1914,1878,0,0,0,0,0.0000,0.9812,0.0000,0.0000,4.1142,5,True,44.26,True,0.0,0.0,0.0,0.00,0.0000,0.00,0.0000,0.0000,1.0000,38.3910,1,0,1878,0,0.010474
753,33,199000000,33.199000000,5.07106233365449,-56.679650066477436,13.315191416802092,0.46663277862280705,0.046983480364943965,0.14945508682978148,0.8704651512313734,1878,1851,0,0,0,0,0.0000,0.9856,0.0000,0.0000,3.9786,6,True,45.90,True,0.0,0.0,0.0,0.00,0.0000,0.00,0.0000,0.0000,1.0000,66.7718,1,0,1851,0,0.012184
754,33,232000000,33.232000000,5.07106233365449,-56.679650066477436,13.315191416802092,0.46663277862280705,0.046983480364943965,0.14945508682978148,0.8704651512313734,1851,1824,0,0,0,0,0.0000,0.9854,0.0000,0.0000,3.9582,7,True,47.54,True,0.0,0.0,0.0,0.00,0.0000,0.00,0.0000,0.0000,1.0000,41.8920,1,0,1824,0,0.017249
755,33,265000000,33.265000000,5.07106233365449,-56.679650066477436,13.315191416802092,0.46663277862280705,0.046983480364943965,0.14945508682978148,0.8704651512313734,1824,1788,0,0,0,0,0.0000,0.9803,0.0000,0.0000,3.8660,8,True,49.18,True,0.0,0.0,0.0,0.00,0.0000,0.00,0.0000,0.0000,1.0000,64.7200,1,0,1788,0,0.010383
756,33,298000000,33.298000000,5.07106233365449,-56.679650066477436,13.315191416802092,0.46663277862280705,0.046983480364943965,0.14945508682978148,0.8704651512313734,1788,1763,0,0,0,0,0.0000,0.9860,0.0000,0.0000,3.7181,9,True,50.82,True,0.0,0.0,0.0,0.00,0.0000,0.00,0.0000,0.0000,1.0000,25.3217,1,0,1763,0,0.013606
757,33,331000000,33.331000000,5.07106233365449,-56.679650066477436,13.315191416802092,0.46663277862280705,0.046983480364943965,0.14945508682978148,0.8704651512313734,1763,1728,0,0,0,0,0.0000,0.9801,0.0000,0.0000,3.3444,10,True,52.46,True,0.0,0.0,0.0,0.00,0.0000,0.00,0.0000,0.0000,1.0000,71.8835,1,0,1728,0,0.019426
758,33,364000000,33.364000000,5.07106233365449,-56.679650066477436,13.315191416802092,0.46663277862280705,0.046983480364943965,0.14945508682978148,0.8704651512313734,1728,1704,0,0,0,0,0.0000,0.9861,0.0000,0.0000,3.2122,11,True,54.10,True,0.0,0.0,0.0,0.00,0.0000,0.00,0.0000,0.0000,1.0000,36.2531,1,0,1704,0,0.009672
759,33,397000000,33.397000000,5.07106233365449,-56.679650066477436,13.315191416802092,0.46663277862280705,0.046983480364943965,0.14945508682978148,0.8704651512313734,1704,1680,0,0,0,0,0.0000,0.9859,0.0000,0.0000,2.6888,12,True,54.10,True,0.0,0.0,0.0,0.00,0.0000,0.00,0.0000,0.0000,1.0000,55.9179,1,0,1680,0,0.014903
760,33,430000000,33.430000000,5.07106233365449,-56.679650066477436,13.315191416802092,0.46663277862280705,0.046983480364943965,0.14945508682978148,0.8704651512313734,1680,1652,0,0,0,0,0.0000,0.9833,0.0000,0.0000,2.2975,13,True,54.10,True,0.0,0.0,0.0,0.00,0.0000,0.00,0.0000,0.0000,1.0000,74.6570,1,0,1652,0,0.013525
761,33,463000000,33.463000000,5.07106233365449,-56.679650066477436,13.315191416802092,0.46663277862280705,0.046983480364943965,0.14945508682978148,0.8704651512313734,1652,1617,0,0,0,0,0.0000,0.9788,0.0000,0.0000,2.2737,14,True,54.10,True,0.0,0.0,0.0,0.00,0.0000,0.00,0.0000,0.0000,1.0000,45.0234,1,0,1617,0,0.018403
762,33,496000000,33.496000000,5.07106233365449,-56.679650066477436,13.315191416802092,0.46663277862280705,0.046983480364943965,0.14945508682978148,0.8704651512313734,1617,1578,0,0,0,0,0.0000,0.9759,0.0000,0.0000,2.2040,15,True,54.10,True,0.0,0.0,0.0,0.00,0.0000,0.00,0.0000,0.0000,1.0000,41.2806,1,0,1578,0,0.011055
763,33,529000000,33.529000000,5.07106233365449,-56.679650066477436,13.315191416802092,0.46663277862280705,0.046983480364943965,0.14945508682978148,0.8704651512313734,1578,1540,0,0,0,0,0.0000,0.9759,0.0000,0.0000,2.3851,16,True,54.10,True,0.0,0.0,0.0,0.00,0.0000,0.00,0.0000,0.0000,1.0000,58.8330,1,0,1540,0,0.015834
764,33,562000000,33.562000000,5.07106233365449,-56.679650066477436,13.315191416802092,0.46663277862280705,0.046983480364943965,0.14945508682978148,0.8704651512313734,1540,1498,0,0,0,0,0.0000,0.9727,0.0000,0.0000,2.2044,17,True,54.10,True,0.0,0.0,0.0,0.00,0.0000,0.00,0.0000,0.0000,1.0000,47.0231,1,0,1498,0,0.012748
765,33,595000000,33.595000000,5.07106233365449,-56.679650066477436,13.315191416802092,0.46663277862280705,0.046983480364943965,0.14945508682978148,0.8704651512313734,1498,1451,0,0,0,0,0.0000,0.9686,0.0000,0.0000,2.2449,18,True,54.10,True,0.0,0.0,0.0,0.00,0.0000,0.00,0.0000,0.0000,1.0000,33.7505,1,0,1451,0,0.009213
766,33,628000000,33.628000000,5.07106233365449,-56.679650066477436,13.315191416802092,0.46663277862280705,0.046983480364943965,0.14945508682978148,0.8704651512313734,1451,1420,0,0,0,0,0.0000,0.9786,0.0000,0.0000,2.0116,19,True,54.10,True,0.0,0.0,0.0,0.00,0.0000,0.00,0.0000,0.0000,1.0000,47.2452,1,0,1420,0,0.006876
767,33,661000000,33.661000000,5.07106233365449,-56.679650066477436,13.315191416802092,0.46663277862280705,0.046983480364943965,0.14945508682978148,0.8704651512313734,1420,1404,0,0,0,0,0.0000,0.9887,0.0000,0.0000,3.8017,20,True,54.10,True,0.0,0.0,0.0,0.00,0.0000,0.00,0.0000,0.0000,1.0000,36.5765,1,0,1404,0,0.010363
768,33,694000000,33.694000000,5.07106233365449,-56.679650066477436,13.315191416802092,0.46663277862280705,0.046983480364943965,0.14945508682978148,0.8704651512313734,1404,1353,0,0,0,0,0.0000,0.9637,0.0000,0.0000,1.9277,21,True,54.10,True,0.0,0.0,0.0,0.00,0.0000,0.00,0.0000,0.0000,1.0000,53.0682,1,0,1353,0,0.021096
769,33,727000000,33.727000000,5.07106233365449,-56.679650066477436,13.315191416802092,0.46663277862280705,0.046983480364943965,0.14945508682978148,0.8704651512313734,1353,1256,0,0,0,0,0.0000,0.9283,0.0000,0.0000,1.3823,22,True,54.10,True,0.0,0.0,0.0,0.00,0.0000,0.00,0.0000,0.0000,1.0000,38.5834,1,0,1256,0,0.011221
770,33,760000000,33.760000000,5.07106233365449,-56.679650066477436,13.315191416802092,0.46663277862280705,0.046983480364943965,0.14945508682978148,0.8704651512313734,1256,1228,0,0,0,0,0.0000,0.9777,0.0000,0.0000,1.2714,23,True,54.10,True,0.0,0.0,0.0,0.00,0.0000,0.00,0.0000,0.0000,1.0000,24.3743,1,0,1228,0,0.007231
771,33,793000000,33.793000000,5.07106233365449,-56.679650066477436,13.315191416802092,0.46663277862280705,0.046983480364943965,0.14945508682978148,0.8704651512313734,1228,1210,0,0,0,0,0.0000,0.9853,0.0000,0.0000,1.1847,24,True,54.10,True,0.0,0.0,0.0,0.00,0.0000,0.00,0.0000,0.0000,1.0000,18.3345,1,0,1210,0,0.005526
772,33,826000000,33.826000000,5.07106233365449,-56.679650066477436,13.315191416802092,0.46663277862280705,0.046983480364943965,0.14945508682978148,0.8704651512313734,1210,1204,0,0,0,0,0.0000,0.9950,0.0000,0.0000,1.2137,25,True,54.10,True,0.0,0.0,0.0,0.00,0.0000,0.00,0.0000,0.0000,1.0000,49.6330,1,0,1204,0,0.015452
773,33,859000000,33.859000000,5.07106233365449,-56.679650066477436,13.315191416802092,0.46663277862280705,0.046983480364943965,0.14945508682978148,0.8704651512313734,1204,1186,0,0,0,0,0.0000,0.9850,0.0000,0.0000,1.1257,26,True,54.10,True,0.0,0.0,0.0,0.00,0.0000,0.00,0.0000,0.0000,1.0000,31.7466,1,0,1186,0,0.010376
774,33,892000000,33.892000000,5.07106233365449,-56.679650066477436,13.315191416802092,0.46663277862280705,0.046983480364943965,0.14945508682978148,0.8704651512313734,1186,1175,0,0,0,0,0.0000,0.9907,0.0000,0.0000,1.0751,27,True,54.10,True,0.0,0.0,0.0,0.00,0.0000,0.00,0.0000,0.0000,1.0000,31.9014,1,0,1175,0,0.006772
775,33,925000000,33.925000000,5.07106233365449,-56.679650066477436,13.315191416802092,0.46663277862280705,0.046983480364943965,0.14945508682978148,0.8704651512313734,1175,1163,0,0,0,0,0.0000,0.9898,0.0000,0.0000,1.0369,28,True,54.10,True,0.0,0.0,0.0,0.00,0.0000,0.00,0.0000,0.0000,1.0000,20.7462,1,0,1163,0,0.011799
776,33,958000000,33.958000000,5.07106233365449,-56.679650066477436,13.315191416802092,0.46663277862280705,0.046983480364943965,0.14945508682978148,0.8704651512313734,1163,1158,0,0,0,0,0.0000,0.9957,0.0000,0.0000,1.0475,29,True,54.10,True,0.0,0.0,0.0,0.00,0.0000,0.00,0.0000,0.0000,1.0000,21.1536,1,0,1158,0,0.008217
777,33,991000000,33.991000000,5.07106233365449,-56.679650066477436,13.315191416802092,0.46663277862280705,0.046983480364943965,0.14945508682978148,0.8704651512313734,1158,1151,0,0,0,0,0.0000,0.9940,0.0000,0.0000,1.0679,30,True,54.10,True,0.0,0.0,0.0,0.00,0.0000,0.00,0.0000,0.0000,1.0000,21.2672,1,0,1151,0,0.008979
778,34,24000000,34.024000000,5.07106233365449,-56.679650066477436,13.315191416802092,0.46663277862280705,0.046983480364943965,0.14945508682978148,0.8704651512313734,1151,1142,0,0,0,0,0.0000,0.9922,0.0000,0.0000,1.0511,31,True,54.10,True,0.0,0.0,0.0,0.00,0.0000,0.00,0.0000,0.0000,1.0000,15.9178,1,0,1142,0,0.007470
779,34,57000000,34.057000000,5.07106233365449,-56.679650066477436,13.315191416802092,0.46663277862280705,0.046983480364943965,0.14945508682978148,0.8704651512313734,1142,1137,0,0,0,0,0.0000,0.9956,0.0000,0.0000,1.0535,32,True,54.10,True,0.0,0.0,0.0,0.00,0.0000,0.00,0.0000,0.0000,1.0000,14.2658,0,0,1137,0,0.007593
780,34,90000000,34.090000000,5.07106233365449,-56.679650066477436,13.315191416802092,0.46663277862280705,0.046983480364943965,0.14945508682978148,0.8704651512313734,1137,1131,0,0,0,0,0.0000,0.9947,0.0000,0.0000,0.9974,33,True,54.10,True,0.0,0.0,0.0,0.00,0.0000,0.00,0.0000,0.0000,1.0000,12.2800,0,0,1131,0,0.007793
781,34,123000000,34.123000000,4.771787431420455,-57.581510492879694,13.003611083368897,0.46645123838552316,0.04772679865153469,0.14701520535233242,0.8709373825334973,1131,1130,1124,1130,1124,0,0.9947,0.9991,1.4994,5.3003,1.0016,0,True,54.10,True,-0.5767585571166377,-0.6615676863303381,0.479247079486414,0.30,0.0000,0.00,0.0000,0.0000,1.0000,8.6645,0,1130,0,1130,0.007056
782,34,156000000,34.156000000,4.688276865354936,-58.0258032982622,12.111630204403015,0.46598123456716956,0.0488544549364558,0.1457691629178874,0.8713358034686378,1124,1123,997,1123,997,0,0.8878,0.9991,0.7074,3.3653,1.0142,0,True,54.10,True,-0.26125942929463936,-0.9513359409617363,-0.16341186627380264,0.21,0.0000,0.00,0.0000,0.0000,1.0000,5.2740,0,1123,0,0,0.006120
783,34,189000000,34.189000000,4.555095567830106,-58.78742343547169,11.477439768818726,0.4652304963975932,0.049479074974568826,0.14462379124828506,0.8718924046958331,997,997,994,997,994,0,0.9970,1.0000,0.7779,2.9085,0.8161,0,True,54.10,True,-0.3871977509752775,-0.8947597994065735,0.22244730388475217,0.18,0.0000,0.00,0.0000,0.0000,1.0000,2.4312,0,997,0,0,0.004492
784,34,222000000,34.222000000,3.803970625234408,-59.40829016569808,11.701796234980483,0.4655266365298112,0.04922178790572857,0.1455312137764443,0.8715978614552466,994,994,550,994,550,0,0.5533,1.0000,1.6037,2.6721,0.8663,0,True,54.10,True,-0.8903545637981339,0.013935978803746606,0.45505443544549284,0.12,0.0000,0.00,0.0000,0.0000,1.0000,0.4303,0,994,0,0,0.007728
785,34,255000000,34.255000000,3.1783767396145937,-59.354946360900655,12.48011925838711,0.4664718133342381,0.04833574047261688,0.14799543178204447,0.8707267399875105,550,550,550,550,550,0,1.0000,1.0000,2.5874,4.0211,0.8570,0,True,54.10,True,-0.5414077363082006,0.8007631812278825,0.2562342495753274,0.33,0.0000,0.00,0.0000,0.0000,1.0000,2.7975,0,550,0,0,0.005414
786,34,288000000,34.288000000,2.5917958008255084,-58.84481724130979,11.851079447568473,0.46738433065622653,0.052337371570289455,0.1512530874635907,0.8694453349848258,550,550,550,550,550,0,1.0000,1.0000,3.4657,5.4277,0.8269,0,True,54.10,True,-0.4375698485919568,-0.12948822866756934,-0.8898120173608286,0.62,0.0000,0.00,0.0000,0.0000,1.0000,5.6872,0,550,0,0,0.005260
787,34,321000000,34.321000000,2.6811473061583566,-59.76092715031452,12.24192333343352,0.46905403026220427,0.05106657071255601,0.15307623253140318,0.8683018997355899,550,550,369,550,369,0,0.6709,1.0000,4.3480,6.8896,0.7635,0,True,54.10,True,-0.18130405258345167,-0.16923890418133863,0.968755404541475,0.34,0.0000,0.00,0.0000,0.0000,1.0000,8.1153,0,550,0,0,0.004771
788,34,354000000,34.354000000,2.3061310238264485,-60.65308348200079,12.49375634917621,0.47010897399775986,0.04958991415135706,0.15608649877428818,0.8672804609130882,369,369,365,369,365,0,0.9892,1.0000,4.7695,5.8019,0.7507,0,True,54.10,True,-0.621558751580905,-0.16697943752854366,0.7653643483830678,0.42,0.0000,0.00,0.0000,0.0000,1.0000,11.2907,0,369,0,0,0.004446
789,34,387000000,34.387000000,2.4619648600037056,-61.54002150693466,12.928562921606622,0.4719635136563132,0.04830506109437635,0.15955674729190264,0.865712831857934,365,365,103,365,103,0,0.2822,1.0000,5.5835,6.6290,0.7977,0,True,54.10,True,-0.10760096324135755,-0.12532847381624992,0.9862630513004234,0.51,0.0000,0.00,0.0000,0.0000,1.0000,12.0629,0,365,0,0,0.001925
790,34,420000000,34.420000000,2.512113157960683,-61.953795635683285,13.837560236558824,0.47652625436438173,0.039047987263161325,0.16468054255552442,0.8627156556454547,103,103,103,103,103,0,1.0000,1.0000,6.2504,7.8872,1.2245,0,True,54.10,True,-0.02493670623373249,0.5368795894530108,0.8432902626681864,1.36,0.0000,0.00,0.0000,0.0000,1.0000,14.4455,0,103,0,0,0.005918
791,34,453000000,34.453000000,1.6872048979244334,-62.50738162303027,13.72324087189555,0.47628388697542157,0.0379538971492024,0.17057065587864415,0.861753335967956,103,103,91,103,91,0,0.8835,1.0000,7.1338,8.9563,1.4483,0,True,54.10,True,-0.9657905743922782,-0.1639166516579318,0.20094749992046518,0.70,0.0000,0.00,0.0000,0.0000,1.0000,22.3856,1,103,0,0,0.004626
792,34,486000000,34.486000000,1.6872048979244334,-62.50738162303027,13.72324087189555,0.47628388697542157,0.0379538971492024,0.17057065587864415,0.861753335967956,2000,0,0,0,0,0,0.0000,0.0000,0.0000,0.0000,0.0000,1,True,55.74,True,0.0,0.0,0.0,0.00,0.0000,0.00,0.0000,0.0000,1.0000,9.1374,0,2000,0,0,0.001602
793,34,519000000,34.519000000,1.88394461306434,-62.775750230640504,12.780228796184957,0.47546060986702887,0.03595838352399116,0.17644903896776043,0.8611097141285587,2000,1935,1885,1894,1885,0,0.9742,0.9675,12.1979,213.6367,1.9051,0,True,55.74,True,0.00459275360207148,-0.9680284097843816,-0.2507985336174679,0.72,0.0000,0.00,0.0000,0.0000,1.0000,31.7738,1,1935,0,0,0.004736
794,34,552000000,34.552000000,2.0077432911116406,-63.39584454897256,12.005530839761919,0.4750874729070036,0.03297607515637087,0.1832637267512157,0.8600109755179723,1885,1839,1621,1820,1621,0,0.8815,0.9756,12.1883,178.1941,1.4839,0,True,55.74,True,-0.1758804272642935,-0.9786988913829987,0.1058987974956234,0.86,0.0000,0.00,0.0000,0.0000,1.0000,28.6277,1,1839,0,0,0.003485
795,34,585000000,34.585000000,2.677394722341528,-62.67565559920918,12.186900179206239,0.4753195196885404,0.02918769704297343,0.19135931563039696,0.8582546503607477,1621,1611,522,1594,522,0,0.3240,0.9938,14.6135,296.9036,1.4537,0,True,55.74,True,0.8940908517307354,0.30700438526637774,-0.3261132568274734,1.04,0.0000,0.00,0.0000,0.0000,1.0000,32.9851,1,1611,0,0,0.003380
796,34,618000000,34.618000000,3.1137769072880723,-62.73239541984635,11.288929588699327,0.47474135783970056,0.025979569520960175,0.1991473466518891,0.856904918556041,522,518,518,518,518,0,1.0000,0.9923,13.6398,22.0070,1.0101,0,True,55.74,True,0.26510383242844127,-0.9008527736053625,-0.34377934539363814,0.98,0.0000,0.00,0.0000,0.0000,1.0000,31.4091,1,518,0,0,0.002738
797,34,651000000,34.651000000,3.0774184193856264,-61.984820208680105,10.625748343482622,0.4754636027932884,0.022463605351884068,0.20806556515195107,0.8544814038066715,518,511,100,509,100,0,0.1957,0.9865,14.6219,36.8278,1.0653,0,True,55.74,True,0.14429158481113774,-0.1836231065871734,-0.972348956537706,1.14,0.0000,0.00,0.0000,0.0000,1.0000,33.6223,1,511,0,0,0.002541
798,34,684000000,34.684000000,2.8464226217956003,-61.05794615694788,10.921629119676723,0.4777949743748815,0.019028030488804092,0.2228899827000102,0.8495115962303355,100,100,100,100,100,0,1.0000,1.0000,17.4145,22.9443,1.4258,0,True,55.74,True,0.18579403281712334,0.7479400981181499,-0.6372332281014244,1.85,0.0000,0.00,0.0000,0.0000,1.0000,25.5951,1,100,0,0,0.001719
799,34,717000000,34.717000000,3.6066615406180627,-60.703523967317345,10.377182889269031,0.4782446912227856,0.014034121551518348,0.2322078711790017,0.8468556921412383,100,99,40,99,40,0,0.4040,0.9900,17.8244,23.2012,1.3285,0,True,55.74,True,0.7264526656599994,-0.5632806065307727,-0.39367687620916453,1.25,0.0000,0.00,0.0000,0.0000,1.0000,33.7745,1,99,0,0,0.002029
800,34,750000000,34.750000000,3.6066615406180627,-60.703523967317345,10.377182889269031,0.4782446912227856,0.014034121551518348,0.2322078711790017,0.8468556921412383,2000,0,0,0,0,0,0.0000,0.0000,0.0000,0.0000,0.0000,1,True,57.38,True,0.0,0.0,0.0,0.00,0.0000,0.00,0.0000,0.0000,1.0000,53.2474,1,0,2000,0,0.002735
801,34,783000000,34.783000000,3.6066615406180627,-60.703523967317345,10.377182889269031,0.4782446912227856,0.014034121551518348,0.2322078711790017,0.8468556921412383,2000,1976,0,0,0,0,0.0000,0.9880,0.0000,0.0000,1.9610,2,True,59.02,True,0.0,0.0,0.0,0.00,0.0000,0.00,0.0000,0.0000,1.0000,42.1249,1,0,1976,0,0.001849
802,34,816000000,34.816000000,3.6066615406180627,-60.703523967317345,10.377182889269031,0.4782446912227856,0.014034121551518348,0.2322078711790017,0.8468556921412383,1976,1958,0,0,0,0,0.0000,0.9909,0.0000,0.0000,1.9239,3,True,60.66,True,0.0,0.0,0.0,0.00,0.0000,0.00,0.0000,0.0000,1.0000,41.0895,1,0,1958,0,0.001579
803,34,849000000,34.849000000,3.6066615406180627,-60.703523967317345,10.377182889269031,0.4782446912227856,0.014034121551518348,0.2322078711790017,0.8468556921412383,1958,1902,0,0,0,0,0.0000,0.9714,0.0000,0.0000,2.1177,4,True,62.30,True,0.0,0.0,0.0,0.00,0.0000,0.00,0.0000,0.0000,1.0000,44.5165,1,0,1902,0,0.001494
804,34,882000000,34.882000000,3.6066615406180627,-60.703523967317345,10.377182889269031,0.4782446912227856,0.014034121551518348,0.2322078711790017,0.8468556921412383,1902,1854,0,0,0,0,0.0000,0.9748,0.0000,0.0000,1.7825,5,True,63.93,True,0.0,0.0,0.0,0.00,0.0000,0.00,0.0000,0.0000,1.0000,45.2472,1,0,1854,0,0.001320
805,34,915000000,34.915000000,3.6066615406180627,-60.703523967317345,10.377182889269031,0.4782446912227856,0.014034121551518348,0.2322078711790017,0.8468556921412383,1854,1816,0,0,0,0,0.0000,0.9795,0.0000,0.0000,1.9852,6,True,65.57,True,0.0,0.0,0.0,0.00,0.0000,0.00,0.0000,0.0000,1.0000,50.2502,1,0,1816,0,0.001259
806,34,948000000,34.948000000,3.6066615406180627,-60.703523967317345,10.377182889269031,0.4782446912227856,0.014034121551518348,0.2322078711790017,0.8468556921412383,1816,1731,0,0,0,0,0.0000,0.9532,0.0000,0.0000,2.2367,7,True,67.21,True,0.0,0.0,0.0,0.00,0.0000,0.00,0.0000,0.0000,1.0000,39.4592,1,0,1731,0,0.000853
807,34,981000000,34.981000000,3.6066615406180627,-60.703523967317345,10.377182889269031,0.4782446912227856,0.014034121551518348,0.2322078711790017,0.8468556921412383,1731,1706,0,0,0,0,0.0000,0.9856,0.0000,0.0000,2.2440,8,True,68.85,True,0.0,0.0,0.0,0.00,0.0000,0.00,0.0000,0.0000,1.0000,58.6227,1,0,1706,0,0.001081
808,35,14000000,35.014000000,3.6066615406180627,-60.703523967317345,10.377182889269031,0.4782446912227856,0.014034121551518348,0.2322078711790017,0.8468556921412383,1706,1663,0,0,0,0,0.0000,0.9748,0.0000,0.0000,2.2931,9,True,70.49,True,0.0,0.0,0.0,0.00,0.0000,0.00,0.0000,0.0000,1.0000,44.6617,1,0,1663,0,0.000675
809,35,47000000,35.047000000,3.6066615406180627,-60.703523967317345,10.377182889269031,0.4782446912227856,0.014034121551518348,0.2322078711790017,0.8468556921412383,1663,1615,0,0,0,0,0.0000,0.9711,0.0000,0.0000,2.3436,10,True,70.49,True,0.0,0.0,0.0,0.00,0.0000,0.00,0.0000,0.0000,1.0000,59.4105,1,0,1615,0,0.000741
810,35,80000000,35.080000000,3.6066615406180627,-60.703523967317345,10.377182889269031,0.4782446912227856,0.014034121551518348,0.2322078711790017,0.8468556921412383,1615,1565,0,0,0,0,0.0000,0.9690,0.0000,0.0000,1.8987,11,True,70.49,True,0.0,0.0,0.0,0.00,0.0000,0.00,0.0000,0.0000,1.0000,45.5111,1,0,1565,0,0.000444
811,35,113000000,35.113000000,3.6066615406180627,-60.703523967317345,10.377182889269031,0.4782446912227856,0.014034121551518348,0.2322078711790017,0.8468556921412383,1565,1526,0,0,0,0,0.0000,0.9751,0.0000,0.0000,1.8957,12,True,70.49,True,0.0,0.0,0.0,0.00,0.0000,0.00,0.0000,0.0000,1.0000,57.4820,1,0,1526,0,0.000429
812,35,146000000,35.146000000,3.6066615406180627,-60.703523967317345,10.377182889269031,0.4782446912227856,0.014034121551518348,0.2322078711790017,0.8468556921412383,1526,1480,0,0,0,0,0.0000,0.9699,0.0000,0.0000,2.1323,13,True,70.49,True,0.0,0.0,0.0,0.00,0.0000,0.00,0.0000,0.0000,1.0000,46.3423,1,0,1480,0,0.000242
813,35,179000000,35.179000000,3.6066615406180627,-60.703523967317345,10.377182889269031,0.4782446912227856,0.014034121551518348,0.2322078711790017,0.8468556921412383,1480,1420,0,0,0,0,0.0000,0.9595,0.0000,0.0000,2.2879,14,True,70.49,True,0.0,0.0,0.0,0.00,0.0000,0.00,0.0000,0.0000,1.0000,62.5669,1,0,1420,0,0.000195
814,35,212000000,35.212000000,3.6066615406180627,-60.703523967317345,10.377182889269031,0.4782446912227856,0.014034121551518348,0.2322078711790017,0.8468556921412383,1420,1367,0,0,0,0,0.0000,0.9627,0.0000,0.0000,2.4153,15,True,70.49,True,0.0,0.0,0.0,0.00,0.0000,0.00,0.0000,0.0000,1.0000,46.8481,1,0,1367,0,0.000062
815,35,245000000,35.245000000,3.6066615406180627,-60.703523967317345,10.377182889269031,0.4782446912227856,0.014034121551518348,0.2322078711790017,0.8468556921412383,1367,1328,0,0,0,0,0.0000,0.9715,0.0000,0.0000,2.0465,16,True,70.49,True,0.0,0.0,0.0,0.00,0.0000,0.00,0.0000,0.0000,1.0000,51.7799,1,0,1328,0,0.000072
816,35,278000000,35.278000000,3.6066615406180627,-60.703523967317345,10.377182889269031,0.4782446912227856,0.014034121551518348,0.2322078711790017,0.8468556921412383,1328,1294,0,0,0,0,0.0000,0.9744,0.0000,0.0000,2.0203,17,True,70.49,True,0.0,0.0,0.0,0.00,0.0000,0.00,0.0000,0.0000,1.0000,48.9005,1,0,1294,0,0.000139
817,35,311000000,35.311000000,3.6066615406180627,-60.703523967317345,10.377182889269031,0.4782446912227856,0.014034121551518348,0.2322078711790017,0.8468556921412383,1294,1246,0,0,0,0,0.0000,0.9629,0.0000,0.0000,1.9211,18,True,70.49,True,0.0,0.0,0.0,0.00,0.0000,0.00,0.0000,0.0000,1.0000,62.0216,1,0,1246,0,0.000293
818,35,344000000,35.344000000,3.6066615406180627,-60.703523967317345,10.377182889269031,0.4782446912227856,0.014034121551518348,0.2322078711790017,0.8468556921412383,1246,1202,0,0,0,0,0.0000,0.9647,0.0000,0.0000,1.8343,19,True,70.49,True,0.0,0.0,0.0,0.00,0.0000,0.00,0.0000,0.0000,1.0000,55.8446,1,0,1202,0,0.000334
819,35,377000000,35.377000000,3.6066615406180627,-60.703523967317345,10.377182889269031,0.4782446912227856,0.014034121551518348,0.2322078711790017,0.8468556921412383,1202,1153,0,0,0,0,0.0000,0.9592,0.0000,0.0000,1.7708,20,True,70.49,True,0.0,0.0,0.0,0.00,0.0000,0.00,0.0000,0.0000,1.0000,49.9761,1,0,1153,0,0.000266
820,35,410000000,35.410000000,3.6066615406180627,-60.703523967317345,10.377182889269031,0.4782446912227856,0.014034121551518348,0.2322078711790017,0.8468556921412383,1153,1096,0,0,0,0,0.0000,0.9506,0.0000,0.0000,1.8921,21,True,70.49,True,0.0,0.0,0.0,0.00,0.0000,0.00,0.0000,0.0000,1.0000,49.8481,1,0,1096,0,0.000674
821,35,443000000,35.443000000,3.6066615406180627,-60.703523967317345,10.377182889269031,0.4782446912227856,0.014034121551518348,0.2322078711790017,0.8468556921412383,1096,1051,0,0,0,0,0.0000,0.9589,0.0000,0.0000,1.7202,22,True,70.49,True,0.0,0.0,0.0,0.00,0.0000,0.00,0.0000,0.0000,1.0000,19.1255,1,0,1051,0,0.000212
822,35,476000000,35.476000000,3.6066615406180627,-60.703523967317345,10.377182889269031,0.4782446912227856,0.014034121551518348,0.2322078711790017,0.8468556921412383,1051,1019,0,0,0,0,0.0000,0.9696,0.0000,0.0000,1.5750,23,True,70.49,True,0.0,0.0,0.0,0.00,0.0000,0.00,0.0000,0.0000,1.0000,82.8660,1,0,1019,0,0.001053
823,35,509000000,35.509000000,3.6066615406180627,-60.703523967317345,10.377182889269031,0.4782446912227856,0.014034121551518348,0.2322078711790017,0.8468556921412383,1019,959,0,0,0,0,0.0000,0.9411,0.0000,0.0000,1.6240,24,True,70.49,True,0.0,0.0,0.0,0.00,0.0000,0.00,0.0000,0.0000,1.0000,49.4117,1,0,959,0,0.000739
824,35,542000000,35.542000000,3.6066615406180627,-60.703523967317345,10.377182889269031,0.4782446912227856,0.014034121551518348,0.2322078711790017,0.8468556921412383,959,925,0,0,0,0,0.0000,0.9645,0.0000,0.0000,1.8626,25,True,70.49,True,0.0,0.0,0.0,0.00,0.0000,0.00,0.0000,0.0000,1.0000,46.9201,1,0,925,0,0.000780
825,35,575000000,35.575000000,3.6066615406180627,-60.703523967317345,10.377182889269031,0.4782446912227856,0.014034121551518348,0.2322078711790017,0.8468556921412383,925,893,0,0,0,0,0.0000,0.9654,0.0000,0.0000,1.7311,26,True,70.49,True,0.0,0.0,0.0,0.00,0.0000,0.00,0.0000,0.0000,1.0000,45.4258,1,0,893,0,0.000830
826,35,608000000,35.608000000,3.6066615406180627,-60.703523967317345,10.377182889269031,0.4782446912227856,0.014034121551518348,0.2322078711790017,0.8468556921412383,893,846,0,0,0,0,0.0000,0.9474,0.0000,0.0000,1.5167,27,True,70.49,True,0.0,0.0,0.0,0.00,0.0000,0.00,0.0000,0.0000,1.0000,36.6013,1,0,846,0,0.000727
827,35,641000000,35.641000000,3.6066615406180627,-60.703523967317345,10.377182889269031,0.4782446912227856,0.014034121551518348,0.2322078711790017,0.8468556921412383,846,827,0,0,0,0,0.0000,0.9775,0.0000,0.0000,1.5663,28,True,70.49,True,0.0,0.0,0.0,0.00,0.0000,0.00,0.0000,0.0000,1.0000,49.6043,1,0,827,0,0.001067
828,35,674000000,35.674000000,3.6066615406180627,-60.703523967317345,10.377182889269031,0.4782446912227856,0.014034121551518348,0.2322078711790017,0.8468556921412383,827,803,0,0,0,0,0.0000,0.9710,0.0000,0.0000,1.5657,29,True,70.49,True,0.0,0.0,0.0,0.00,0.0000,0.00,0.0000,0.0000,1.0000,33.8976,1,0,803,0,0.000791
829,35,707000000,35.707000000,3.6066615406180627,-60.703523967317345,10.377182889269031,0.4782446912227856,0.014034121551518348,0.2322078711790017,0.8468556921412383,803,778,0,0,0,0,0.0000,0.9689,0.0000,0.0000,1.5794,30,True,70.49,True,0.0,0.0,0.0,0.00,0.0000,0.00,0.0000,0.0000,1.0000,41.9008,1,0,778,0,0.001051
830,35,740000000,35.740000000,3.6066615406180627,-60.703523967317345,10.377182889269031,0.4782446912227856,0.014034121551518348,0.2322078711790017,0.8468556921412383,778,760,0,0,0,0,0.0000,0.9769,0.0000,0.0000,1.5308,31,True,70.49,True,0.0,0.0,0.0,0.00,0.0000,0.00,0.0000,0.0000,1.0000,40.1983,1,0,760,0,0.001095
831,35,773000000,35.773000000,3.6066615406180627,-60.703523967317345,10.377182889269031,0.4782446912227856,0.014034121551518348,0.2322078711790017,0.8468556921412383,760,740,0,0,0,0,0.0000,0.9737,0.0000,0.0000,1.4163,32,True,70.49,True,0.0,0.0,0.0,0.00,0.0000,0.00,0.0000,0.0000,1.0000,30.3875,1,0,740,0,0.000894
832,35,806000000,35.806000000,3.6066615406180627,-60.703523967317345,10.377182889269031,0.4782446912227856,0.014034121551518348,0.2322078711790017,0.8468556921412383,740,718,0,0,0,0,0.0000,0.9703,0.0000,0.0000,1.3672,33,True,70.49,True,0.0,0.0,0.0,0.00,0.0000,0.00,0.0000,0.0000,1.0000,36.3114,1,0,718,0,0.001155
833,35,839000000,35.839000000,3.6066615406180627,-60.703523967317345,10.377182889269031,0.4782446912227856,0.014034121551518348,0.2322078711790017,0.8468556921412383,718,709,0,0,0,0,0.0000,0.9875,0.0000,0.0000,1.3865,34,True,70.49,True,0.0,0.0,0.0,0.00,0.0000,0.00,0.0000,0.0000,1.0000,28.5112,1,0,709,0,0.000986
834,35,872000000,35.872000000,3.6066615406180627,-60.703523967317345,10.377182889269031,0.4782446912227856,0.014034121551518348,0.2322078711790017,0.8468556921412383,709,688,0,0,0,0,0.0000,0.9704,0.0000,0.0000,1.3182,35,True,70.49,True,0.0,0.0,0.0,0.00,0.0000,0.00,0.0000,0.0000,1.0000,21.7564,1,0,688,0,0.000808
835,35,905000000,35.905000000,3.6066615406180627,-60.703523967317345,10.377182889269031,0.4782446912227856,0.014034121551518348,0.2322078711790017,0.8468556921412383,688,673,0,0,0,0,0.0000,0.9782,0.0000,0.0000,1.3146,36,True,70.49,True,0.0,0.0,0.0,0.00,0.0000,0.00,0.0000,0.0000,1.0000,34.1260,1,0,673,0,0.001398
836,35,938000000,35.938000000,3.6066615406180627,-60.703523967317345,10.377182889269031,0.4782446912227856,0.014034121551518348,0.2322078711790017,0.8468556921412383,673,659,0,0,0,0,0.0000,0.9792,0.0000,0.0000,1.3457,37,True,70.49,True,0.0,0.0,0.0,0.00,0.0000,0.00,0.0000,0.0000,1.0000,21.8491,1,0,659,0,0.000999
837,35,971000000,35.971000000,3.6066615406180627,-60.703523967317345,10.377182889269031,0.4782446912227856,0.014034121551518348,0.2322078711790017,0.8468556921412383,659,649,0,0,0,0,0.0000,0.9848,0.0000,0.0000,1.3562,38,True,70.49,True,0.0,0.0,0.0,0.00,0.0000,0.00,0.0000,0.0000,1.0000,21.8341,1,0,649,0,0.001116
838,36,4000000,36.004000000,3.6066615406180627,-60.703523967317345,10.377182889269031,0.4782446912227856,0.014034121551518348,0.2322078711790017,0.8468556921412383,649,639,0,0,0,0,0.0000,0.9846,0.0000,0.0000,1.2700,39,True,70.49,True,0.0,0.0,0.0,0.00,0.0000,0.00,0.0000,0.0000,1.0000,16.9386,1,0,639,0,0.000979
839,36,37000000,36.037000000,3.6066615406180627,-60.703523967317345,10.377182889269031,0.4782446912227856,0.014034121551518348,0.2322078711790017,0.8468556921412383,639,632,0,0,0,0,0.0000,0.9890,0.0000,0.0000,1.2572,40,True,70.49,True,0.0,0.0,0.0,0.00,0.0000,0.00,0.0000,0.0000,1.0000,8.0527,0,0,632,0,0.000517
840,36,70000000,36.070000000,3.6066615406180627,-60.703523967317345,10.377182889269031,0.4782446912227856,0.014034121551518348,0.2322078711790017,0.8468556921412383,632,626,0,0,0,0,0.0000,0.9905,0.0000,0.0000,1.2337,41,True,70.49,True,0.0,0.0,0.0,0.00,0.0000,0.00,0.0000,0.0000,1.0000,20.6650,1,0,626,0,0.001578
841,36,103000000,36.103000000,3.6066615406180627,-60.703523967317345,10.377182889269031,0.4782446912227856,0.014034121551518348,0.2322078711790017,0.8468556921412383,626,623,0,0,0,0,0.0000,0.9952,0.0000,0.0000,1.1475,42,True,70.49,True,0.0,0.0,0.0,0.00,0.0000,0.00,0.0000,0.0000,1.0000,10.1694,0,0,623,0,0.001029
842,36,136000000,36.136000000,2.6106001224285675,-60.6151532746872,10.38441281861743,0.4768024834695523,0.012457359827781327,0.23597872684067908,0.8466511952522365,623,620,611,619,611,0,0.9855,0.9952,3.0228,11.3406,1.1009,0,True,70.49,True,-0.850877033043936,0.422693681543008,-0.31199090727450157,0.50,0.0000,0.00,0.0000,0.0000,1.0000,6.1080,0,620,0,620,0.000828
843,36,169000000,36.169000000,2.731662057254166,-61.191078402125584,9.575923947004863,0.47646337324410576,0.011703369851592385,0.23669759807985666,0.8466521907809554,611,611,472,611,472,0,0.7725,1.0000,1.7184,5.0251,0.8844,0,True,70.49,True,-0.2943105888212301,-0.9543607716259024,0.05076214031453866,0.13,0.0000,0.00,0.0000,0.0000,1.0000,4.6364,0,611,0,0,0.000922
844,36,202000000,36.202000000,3.1013682316106235,-61.98603011658944,9.09491551016234,0.47620845709643606,0.011236081874878507,0.23663991754184246,0.8468180473275962,472,471,442,471,442,0,0.9384,0.9979,0.4011,1.1384,0.5059,0,True,70.49,True,-0.09826616797388102,-0.879737376628713,0.4651944844838113,0.06,0.0000,0.00,0.0000,0.0000,1.0000,2.3646,0,471,0,0,0.001174
845,36,235000000,36.235000000,3.661609059567194,-61.292260801906764,9.547479707481632,0.47608661424529874,0.011367302832950578,0.2361875400078316,0.8470110779132709,442,442,9,442,9,0,0.0204,1.0000,1.0416,1.7564,0.7859,0,True,70.49,True,0.8762152799622509,0.45028238494280204,-0.17173397151087075,0.06,0.0000,0.00,0.0000,0.0000,1.0000,0.2727,0,442,0,0,0.000463
846,36,268000000,36.268000000,3.661609059567194,-61.292260801906764,9.547479707481632,0.47608661424529874,0.011367302832950578,0.2361875400078316,0.8470110779132709,2000,0,0,0,0,0,0.0000,0.0000,0.0000,0.0000,0.0000,1,True,72.13,True,0.0,0.0,0.0,0.00,0.0000,0.00,0.0000,0.0000,1.0000,4.2330,0,2000,0,0,0.001248
847,36,301000000,36.301000000,2.7838610858655293,-61.77121565216848,9.534801139999923,0.47593738951291537,0.012268247257554552,0.2344818719999441,0.8475561002531105,2000,1997,10,1997,10,0,0.0050,0.9985,2.9559,5.8190,1.7733,0,True,72.13,True,-0.9790159230604192,0.12299931075811366,0.16247766599500507,0.23,0.0000,0.00,0.0000,0.0000,1.0000,7.6544,0,1997,0,0,0.001047
848,36,334000000,36.334000000,2.7838610858655293,-61.77121565216848,9.534801139999923,0.47593738951291537,0.012268247257554552,0.2344818719999441,0.8475561002531105,2000,0,0,0,0,0,0.0000,0.0000,0.0000,0.0000,0.0000,1,True,73.77,True,0.0,0.0,0.0,0.00,0.0000,0.00,0.0000,0.0000,1.0000,7.8722,0,2000,0,0,0.000741
849,36,367000000,36.367000000,2.344489349917765,-61.10511205229101,10.137510416418102,0.4758588475975247,0.013856078927487074,0.23188307535083885,0.8482904016937526,2000,1941,1722,1852,1722,0,0.8872,0.9705,10.8504,318.4195,1.8749,0,True,73.77,True,0.0036014306763454225,0.9503109953133536,-0.31128129060967785,0.36,0.0000,0.00,0.0000,0.0000,1.0000,14.0923,0,1941,0,0,0.001004
850,36,400000000,36.400000000,1.3451997302163536,-61.13507457631531,10.114652089465213,0.47525340662520443,0.01604692700938458,0.2287643280895524,0.8494372124050306,1722,1719,1425,1713,1425,0,0.8290,0.9983,6.4923,22.9494,1.3842,0,True,73.77,True,-0.9081325974368476,0.3481791863285598,-0.23252191225814903,0.46,0.0000,0.00,0.0000,0.0000,1.0000,14.4475,0,1719,0,0,0.000709
851,36,433000000,36.433000000,0.7344371445762004,-61.87324189784535,10.40114479339905,0.47509323019663885,0.018415178448864634,0.22434281337974613,0.8506571612047243,1425,1425,522,1422,522,0,0.3663,1.0000,7.1514,23.4468,1.0536,0,True,73.77,True,-0.7901783181752378,0.13401593521141747,0.5980451108362661,0.59,0.0000,0.00,0.0000,0.0000,1.0000,14.2793,0,1425,0,0,0.000384
852,36,466000000,36.466000000,1.2453465068767386,-62.39172236033627,9.71547021057652,0.47340805814959525,0.02169672285759028,0.21608329310432894,0.8536521968210818,522,522,520,522,520,0,0.9962,1.0000,7.6415,15.6475,0.6405,0,True,73.77,True,0.12748897165313955,-0.9781817602946179,0.16403355124409041,1.09,0.0000,0.00,0.0000,0.0000,1.0000,19.7793,1,522,0,0,0.001202
853,36,499000000,36.499000000,0.7847569368048943,-63.26321701473523,9.54708281409135,0.4731123368889734,0.025012873727885753,0.21007015240498111,0.8552248849863264,520,520,226,520,226,0,0.4346,1.0000,8.4691,15.7639,0.6569,0,True,72.13,True,-0.7847719668462686,-0.3767000486847513,0.4921687041789074,0.81,0.0000,0.00,0.0000,0.0000,1.0000,18.9861,1,520,0,0,0.000667
854,36,532000000,36.532000000,0.259786023049578,-64.07932728295101,9.305484863306019,0.47237921834124064,0.02837075750820002,0.20369158505437454,0.8570663407086793,226,226,94,226,94,0,0.4159,1.0000,8.8800,10.3870,0.7913,0,True,72.13,True,-0.8282233253796532,-0.4005763935924967,0.3918988086145433,0.86,0.0000,0.00,0.0000,0.0000,1.0000,33.9687,1,226,0,0,0.001034
855,36,565000000,36.565000000,0.259786023049578,-64.07932728295101,9.305484863306019,0.47237921834124064,0.02837075750820002,0.20369158505437454,0.8570663407086793,2000,0,0,0,0,0,0.0000,0.0000,0.0000,0.0000,0.0000,1,True,73.77,True,0.0,0.0,0.0,0.00,0.0000,0.00,0.0000,0.0000,1.0000,19.3074,1,0,2000,0,0.000517
856,36,598000000,36.598000000,0.259786023049578,-64.07932728295101,9.305484863306019,0.47237921834124064,0.02837075750820002,0.20369158505437454,0.8570663407086793,2000,1937,0,0,0,0,0.0000,0.9685,0.0000,0.0000,2.9175,2,True,75.41,True,0.0,0.0,0.0,0.00,0.0000,0.00,0.0000,0.0000,1.0000,37.9985,1,0,1937,0,0.000914
857,36,631000000,36.631000000,0.259786023049578,-64.07932728295101,9.305484863306019,0.47237921834124064,0.02837075750820002,0.20369158505437454,0.8570663407086793,1937,1928,0,0,0,0,0.0000,0.9954,0.0000,0.0000,2.1968,3,True,77.05,True,0.0,0.0,0.0,0.00,0.0000,0.00,0.0000,0.0000,1.0000,33.1564,1,0,1928,0,0.000710
858,36,664000000,36.664000000,0.259786023049578,-64.07932728295101,9.305484863306019,0.47237921834124064,0.02837075750820002,0.20369158505437454,0.8570663407086793,1928,1916,0,0,0,0,0.0000,0.9938,0.0000,0.0000,2.3618,4,True,78.69,True,0.0,0.0,0.0,0.00,0.0000,0.00,0.0000,0.0000,1.0000,31.7844,1,0,1916,0,0.000622
859,36,697000000,36.697000000,0.259786023049578,-64.07932728295101,9.305484863306019,0.47237921834124064,0.02837075750820002,0.20369158505437454,0.8570663407086793,1916,1903,0,0,0,0,0.0000,0.9932,0.0000,0.0000,2.4123,5,True,80.33,True,0.0,0.0,0.0,0.00,0.0000,0.00,0.0000,0.0000,1.0000,37.7755,1,0,1903,0,0.000681
860,36,730000000,36.730000000,0.259786023049578,-64.07932728295101,9.305484863306019,0.47237921834124064,0.02837075750820002,0.20369158505437454,0.8570663407086793,1903,1882,0,0,0,0,0.0000,0.9890,0.0000,0.0000,2.7854,6,True,81.97,True,0.0,0.0,0.0,0.00,0.0000,0.00,0.0000,0.0000,1.0000,19.2461,1,0,1882,0,0.000327
861,36,763000000,36.763000000,0.259786023049578,-64.07932728295101,9.305484863306019,0.47237921834124064,0.02837075750820002,0.20369158505437454,0.8570663407086793,1882,1864,0,0,0,0,0.0000,0.9904,0.0000,0.0000,3.5144,7,True,81.97,True,0.0,0.0,0.0,0.00,0.0000,0.00,0.0000,0.0000,1.0000,39.7950,1,0,1864,0,0.000641
862,36,796000000,36.796000000,0.259786023049578,-64.07932728295101,9.305484863306019,0.47237921834124064,0.02837075750820002,0.20369158505437454,0.8570663407086793,1864,1851,0,0,0,0,0.0000,0.9930,0.0000,0.0000,3.5997,8,True,81.97,True,0.0,0.0,0.0,0.00,0.0000,0.00,0.0000,0.0000,1.0000,58.9005,1,0,1851,0,0.000879
863,36,829000000,36.829000000,0.259786023049578,-64.07932728295101,9.305484863306019,0.47237921834124064,0.02837075750820002,0.20369158505437454,0.8570663407086793,1851,1835,0,0,0,0,0.0000,0.9914,0.0000,0.0000,3.6219,9,True,81.97,True,0.0,0.0,0.0,0.00,0.0000,0.00,0.0000,0.0000,1.0000,29.3641,1,0,1835,0,0.000416
864,36,862000000,36.862000000,0.259786023049578,-64.07932728295101,9.305484863306019,0.47237921834124064,0.02837075750820002,0.20369158505437454,0.8570663407086793,1835,1783,0,0,0,0,0.0000,0.9717,0.0000,0.0000,2.9635,10,True,81.97,True,0.0,0.0,0.0,0.00,0.0000,0.00,0.0000,0.0000,1.0000,57.6057,1,0,1783,0,0.000782
865,36,895000000,36.895000000,0.259786023049578,-64.07932728295101,9.305484863306019,0.47237921834124064,0.02837075750820002,0.20369158505437454,0.8570663407086793,1783,1759,0,0,0,0,0.0000,0.9865,0.0000,0.0000,3.1623,11,True,81.97,True,0.0,0.0,0.0,0.00,0.0000,0.00,0.0000,0.0000,1.0000,50.1168,1,0,1759,0,0.000652
866,36,928000000,36.928000000,0.259786023049578,-64.07932728295101,9.305484863306019,0.47237921834124064,0.02837075750820002,0.20369158505437454,0.8570663407086793,1759,1728,0,0,0,0,0.0000,0.9824,0.0000,0.0000,3.1022,12,True,81.97,True,0.0,0.0,0.0,0.00,0.0000,0.00,0.0000,0.0000,1.0000,54.6197,1,0,1728,0,0.000692
867,36,961000000,36.961000000,0.259786023049578,-64.07932728295101,9.305484863306019,0.47237921834124064,0.02837075750820002,0.20369158505437454,0.8570663407086793,1728,1701,0,0,0,0,0.0000,0.9844,0.0000,0.0000,3.2230,13,True,81.97,True,0.0,0.0,0.0,0.00,0.0000,0.00,0.0000,0.0000,1.0000,40.0698,1,0,1701,0,0.000498
868,36,994000000,36.994000000,0.259786023049578,-64.07932728295101,9.305484863306019,0.47237921834124064,0.02837075750820002,0.20369158505437454,0.8570663407086793,1701,1675,0,0,0,0,0.0000,0.9847,0.0000,0.0000,3.0531,14,True,81.97,True,0.0,0.0,0.0,0.00,0.0000,0.00,0.0000,0.0000,1.0000,56.8178,1,0,1675,0,0.000699
869,37,27000000,37.027000000,0.259786023049578,-64.07932728295101,9.305484863306019,0.47237921834124064,0.02837075750820002,0.20369158505437454,0.8570663407086793,1675,1648,0,0,0,0,0.0000,0.9839,0.0000,0.0000,2.9264,15,True,81.97,True,0.0,0.0,0.0,0.00,0.0000,0.00,0.0000,0.0000,1.0000,52.9467,1,0,1648,0,0.000649
870,37,60000000,37.060000000,0.259786023049578,-64.07932728295101,9.305484863306019,0.47237921834124064,0.02837075750820002,0.20369158505437454,0.8570663407086793,1648,1615,0,0,0,0,0.0000,0.9800,0.0000,0.0000,2.9163,16,True,81.97,True,0.0,0.0,0.0,0.00,0.0000,0.00,0.0000,0.0000,1.0000,38.6681,1,0,1615,0,0.000475
871,37,93000000,37.093000000,0.259786023049578,-64.07932728295101,9.305484863306019,0.47237921834124064,0.02837075750820002,0.20369158505437454,0.8570663407086793,1615,1582,0,0,0,0,0.0000,0.9796,0.0000,0.0000,3.0472,17,True,81.97,True,0.0,0.0,0.0,0.00,0.0000,0.00,0.0000,0.0000,1.0000,58.3563,1,0,1582,0,0.000722
872,37,126000000,37.126000000,0.259786023049578,-64.07932728295101,9.305484863306019,0.47237921834124064,0.02837075750820002,0.20369158505437454,0.8570663407086793,1582,1552,0,0,0,0,0.0000,0.9810,0.0000,0.0000,3.0350,18,True,81.97,True,0.0,0.0,0.0,0.00,0.0000,0.00,0.0000,0.0000,1.0000,62.4791,1,0,1552,0,0.000478
873,37,159000000,37.159000000,0.259786023049578,-64.07932728295101,9.305484863306019,0.47237921834124064,0.02837075750820002,0.20369158505437454,0.8570663407086793,1552,1500,0,0,0,0,0.0000,0.9665,0.0000,0.0000,3.3144,19,True,81.97,True,0.0,0.0,0.0,0.00,0.0000,0.00,0.0000,0.0000,1.0000,49.4489,1,0,1500,0,0.000942
874,37,192000000,37.192000000,0.259786023049578,-64.07932728295101,9.305484863306019,0.47237921834124064,0.02837075750820002,0.20369158505437454,0.8570663407086793,1500,1485,0,0,0,0,0.0000,0.9900,0.0000,0.0000,3.1456,20,True,81.97,True,0.0,0.0,0.0,0.00,0.0000,0.00,0.0000,0.0000,1.0000,55.6883,1,0,1485,0,0.000729
875,37,225000000,37.225000000,0.259786023049578,-64.07932728295101,9.305484863306019,0.47237921834124064,0.02837075750820002,0.20369158505437454,0.8570663407086793,1485,1464,0,0,0,0,0.0000,0.9859,0.0000,0.0000,2.9861,21,True,81.97,True,0.0,0.0,0.0,0.00,0.0000,0.00,0.0000,0.0000,1.0000,54.3558,1,0,1464,0,0.000734
876,37,258000000,37.258000000,0.259786023049578,-64.07932728295101,9.305484863306019,0.47237921834124064,0.02837075750820002,0.20369158505437454,0.8570663407086793,1464,1428,0,0,0,0,0.0000,0.9754,0.0000,0.0000,2.7880,22,True,81.97,True,0.0,0.0,0.0,0.00,0.0000,0.00,0.0000,0.0000,1.0000,55.4282,1,0,1428,0,0.000770
877,37,291000000,37.291000000,0.259786023049578,-64.07932728295101,9.305484863306019,0.47237921834124064,0.02837075750820002,0.20369158505437454,0.8570663407086793,1428,1398,0,0,0,0,0.0000,0.9790,0.0000,0.0000,2.9804,23,True,81.97,True,0.0,0.0,0.0,0.00,0.0000,0.00,0.0000,0.0000,1.0000,53.6012,1,0,1398,0,0.000771
878,37,324000000,37.324000000,0.259786023049578,-64.07932728295101,9.305484863306019,0.47237921834124064,0.02837075750820002,0.20369158505437454,0.8570663407086793,1398,1348,0,0,0,0,0.0000,0.9642,0.0000,0.0000,3.0703,24,True,81.97,True,0.0,0.0,0.0,0.00,0.0000,0.00,0.0000,0.0000,1.0000,54.9620,1,0,1348,0,0.000816
879,37,357000000,37.357000000,0.259786023049578,-64.07932728295101,9.305484863306019,0.47237921834124064,0.02837075750820002,0.20369158505437454,0.8570663407086793,1348,1309,0,0,0,0,0.0000,0.9711,0.0000,0.0000,3.0521,25,True,81.97,True,0.0,0.0,0.0,0.00,0.0000,0.00,0.0000,0.0000,1.0000,50.9195,1,0,1309,0,0.000781
880,37,390000000,37.390000000,0.259786023049578,-64.07932728295101,9.305484863306019,0.47237921834124064,0.02837075750820002,0.20369158505437454,0.8570663407086793,1309,1270,0,0,0,0,0.0000,0.9702,0.0000,0.0000,3.0731,26,True,81.97,True,0.0,0.0,0.0,0.00,0.0000,0.00,0.0000,0.0000,1.0000,47.0213,1,0,1270,0,0.000745
881,37,423000000,37.423000000,0.259786023049578,-64.07932728295101,9.305484863306019,0.47237921834124064,0.02837075750820002,0.20369158505437454,0.8570663407086793,1270,1236,0,0,0,0,0.0000,0.9732,0.0000,0.0000,2.7788,27,True,81.97,True,0.0,0.0,0.0,0.00,0.0000,0.00,0.0000,0.0000,1.0000,59.3885,1,0,1236,0,0.000976
882,37,456000000,37.456000000,0.259786023049578,-64.07932728295101,9.305484863306019,0.47237921834124064,0.02837075750820002,0.20369158505437454,0.8570663407086793,1236,1203,0,0,0,0,0.0000,0.9733,0.0000,0.0000,2.4580,28,True,81.97,True,0.0,0.0,0.0,0.00,0.0000,0.00,0.0000,0.0000,1.0000,35.1654,1,0,1203,0,0.000594
883,37,489000000,37.489000000,0.259786023049578,-64.07932728295101,9.305484863306019,0.47237921834124064,0.02837075750820002,0.20369158505437454,0.8570663407086793,1203,1166,0,0,0,0,0.0000,0.9692,0.0000,0.0000,2.4694,29,True,81.97,True,0.0,0.0,0.0,0.00,0.0000,0.00,0.0000,0.0000,1.0000,59.6183,1,0,1166,0,0.001046
884,37,522000000,37.522000000,0.259786023049578,-64.07932728295101,9.305484863306019,0.47237921834124064,0.02837075750820002,0.20369158505437454,0.8570663407086793,1166,1136,0,0,0,0,0.0000,0.9743,0.0000,0.0000,2.9409,30,True,81.97,True,0.0,0.0,0.0,0.00,0.0000,0.00,0.0000,0.0000,1.0000,49.1155,1,0,1136,0,0.000895
885,37,555000000,37.555000000,0.259786023049578,-64.07932728295101,9.305484863306019,0.47237921834124064,0.02837075750820002,0.20369158505437454,0.8570663407086793,1136,1063,0,0,0,0,0.0000,0.9357,0.0000,0.0000,2.5258,31,True,81.97,True,0.0,0.0,0.0,0.00,0.0000,0.00,0.0000,0.0000,1.0000,34.6935,1,0,1063,0,0.000653
886,37,588000000,37.588000000,0.259786023049578,-64.07932728295101,9.305484863306019,0.47237921834124064,0.02837075750820002,0.20369158505437454,0.8570663407086793,1063,1028,0,0,0,0,0.0000,0.9671,0.0000,0.0000,2.6668,32,True,81.97,True,0.0,0.0,0.0,0.00,0.0000,0.00,0.0000,0.0000,1.0000,44.3867,1,0,1028,0,0.000862
887,37,621000000,37.621000000,0.259786023049578,-64.07932728295101,9.305484863306019,0.47237921834124064,0.02837075750820002,0.20369158505437454,0.8570663407086793,1028,986,0,0,0,0,0.0000,0.9591,0.0000,0.0000,2.2046,33,True,81.97,True,0.0,0.0,0.0,0.00,0.0000,0.00,0.0000,0.0000,1.0000,57.0095,1,0,986,0,0.001155
888,37,654000000,37.654000000,0.259786023049578,-64.07932728295101,9.305484863306019,0.47237921834124064,0.02837075750820002,0.20369158505437454,0.8570663407086793,986,953,0,0,0,0,0.0000,0.9665,0.0000,0.0000,2.7447,34,True,81.97,True,0.0,0.0,0.0,0.00,0.0000,0.00,0.0000,0.0000,1.0000,42.2190,1,0,953,0,0.000895
889,37,687000000,37.687000000,0.259786023049578,-64.07932728295101,9.305484863306019,0.47237921834124064,0.02837075750820002,0.20369158505437454,0.8570663407086793,953,781,0,0,0,0,0.0000,0.8195,0.0000,0.0000,1.9032,35,True,81.97,True,0.0,0.0,0.0,0.00,0.0000,0.00,0.0000,0.0000,1.0000,29.9361,1,0,781,0,0.000661
890,37,720000000,37.720000000,0.259786023049578,-64.07932728295101,9.305484863306019,0.47237921834124064,0.02837075750820002,0.20369158505437454,0.8570663407086793,781,745,0,0,0,0,0.0000,0.9539,0.0000,0.0000,1.2953,36,True,81.97,True,0.0,0.0,0.0,0.00,0.0000,0.00,0.0000,0.0000,1.0000,39.5569,1,0,745,0,0.000909
891,37,753000000,37.753000000,0.259786023049578,-64.07932728295101,9.305484863306019,0.47237921834124064,0.02837075750820002,0.20369158505437454,0.8570663407086793,745,722,0,0,0,0,0.0000,0.9691,0.0000,0.0000,1.2390,37,True,81.97,True,0.0,0.0,0.0,0.00,0.0000,0.00,0.0000,0.0000,1.0000,35.3997,1,0,722,0,0.000855
892,37,786000000,37.786000000,0.259786023049578,-64.07932728295101,9.305484863306019,0.47237921834124064,0.02837075750820002,0.20369158505437454,0.8570663407086793,722,696,0,0,0,0,0.0000,0.9640,0.0000,0.0000,1.2295,38,True,81.97,True,0.0,0.0,0.0,0.00,0.0000,0.00,0.0000,0.0000,1.0000,34.6261,1,0,696,0,0.000883
893,37,819000000,37.819000000,0.259786023049578,-64.07932728295101,9.305484863306019,0.47237921834124064,0.02837075750820002,0.20369158505437454,0.8570663407086793,696,684,0,0,0,0,0.0000,0.9828,0.0000,0.0000,1.2240,39,True,81.97,True,0.0,0.0,0.0,0.00,0.0000,0.00,0.0000,0.0000,1.0000,34.5314,1,0,684,0,0.000936
894,37,852000000,37.852000000,0.259786023049578,-64.07932728295101,9.305484863306019,0.47237921834124064,0.02837075750820002,0.20369158505437454,0.8570663407086793,684,671,0,0,0,0,0.0000,0.9810,0.0000,0.0000,1.2023,40,True,81.97,True,0.0,0.0,0.0,0.00,0.0000,0.00,0.0000,0.0000,1.0000,29.4975,1,0,671,0,0.000854
895,37,885000000,37.885000000,0.259786023049578,-64.07932728295101,9.305484863306019,0.47237921834124064,0.02837075750820002,0.20369158505437454,0.8570663407086793,671,657,0,0,0,0,0.0000,0.9791,0.0000,0.0000,1.2345,41,True,81.97,True,0.0,0.0,0.0,0.00,0.0000,0.00,0.0000,0.0000,1.0000,26.7479,1,0,657,0,0.000831
896,37,918000000,37.918000000,0.259786023049578,-64.07932728295101,9.305484863306019,0.47237921834124064,0.02837075750820002,0.20369158505437454,0.8570663407086793,657,638,0,0,0,0,0.0000,0.9711,0.0000,0.0000,1.1672,42,True,81.97,True,0.0,0.0,0.0,0.00,0.0000,0.00,0.0000,0.0000,1.0000,19.7500,1,0,638,0,0.000655
897,37,951000000,37.951000000,0.259786023049578,-64.07932728295101,9.305484863306019,0.47237921834124064,0.02837075750820002,0.20369158505437454,0.8570663407086793,638,625,0,0,0,0,0.0000,0.9796,0.0000,0.0000,1.1323,43,True,81.97,True,0.0,0.0,0.0,0.00,0.0000,0.00,0.0000,0.0000,1.0000,29.0175,1,0,625,0,0.001064
898,37,984000000,37.984000000,0.259786023049578,-64.07932728295101,9.305484863306019,0.47237921834124064,0.02837075750820002,0.20369158505437454,0.8570663407086793,625,617,0,0,0,0,0.0000,0.9872,0.0000,0.0000,1.1436,44,True,81.97,True,0.0,0.0,0.0,0.00,0.0000,0.00,0.0000,0.0000,1.0000,17.0339,1,0,617,0,0.000699
899,38,17000000,38.017000000,0.259786023049578,-64.07932728295101,9.305484863306019,0.47237921834124064,0.02837075750820002,0.20369158505437454,0.8570663407086793,617,609,0,0,0,0,0.0000,0.9870,0.0000,0.0000,1.1460,45,True,81.97,True,0.0,0.0,0.0,0.00,0.0000,0.00,0.0000,0.0000,1.0000,17.1596,1,0,609,0,0.000793
900,38,50000000,38.050000000,0.259786023049578,-64.07932728295101,9.305484863306019,0.47237921834124064,0.02837075750820002,0.20369158505437454,0.8570663407086793,609,602,0,0,0,0,0.0000,0.9885,0.0000,0.0000,1.1363,46,True,81.97,True,0.0,0.0,0.0,0.00,0.0000,0.00,0.0000,0.0000,1.0000,15.7690,1,0,602,0,0.000856
901,38,83000000,38.083000000,0.259786023049578,-64.07932728295101,9.305484863306019,0.47237921834124064,0.02837075750820002,0.20369158505437454,0.8570663407086793,602,596,0,0,0,0,0.0000,0.9900,0.0000,0.0000,1.1268,47,True,81.97,True,0.0,0.0,0.0,0.00,0.0000,0.00,0.0000,0.0000,1.0000,11.3878,0,0,596,0,0.000758
902,38,116000000,38.116000000,0.259786023049578,-64.07932728295101,9.305484863306019,0.47237921834124064,0.02837075750820002,0.20369158505437454,0.8570663407086793,596,591,0,0,0,0,0.0000,0.9916,0.0000,0.0000,1.0762,48,True,81.97,True,0.0,0.0,0.0,0.00,0.0000,0.00,0.0000,0.0000,1.0000,8.3067,0,0,591,0,0.000716
903,38,149000000,38.149000000,0.1458338426320695,-63.84820935870943,10.27171434209061,0.47253824873404165,0.028766046244731995,0.20243353552028115,0.8572635427705823,591,585,33,584,33,0,0.0564,0.9898,2.4170,9.8896,0.8679,0,True,81.97,True,0.12152931068260402,0.9390713596007275,0.32152077416965186,0.15,0.0000,0.00,0.0000,0.0000,1.0000,5.6364,0,585,0,585,0.000708
904,38,182000000,38.182000000,0.1458338426320695,-63.84820935870943,10.27171434209061,0.47253824873404165,0.028766046244731995,0.20243353552028115,0.8572635427705823,2000,0,0,0,0,0,0.0000,0.0000,0.0000,0.0000,0.0000,1,True,83.61,True,0.0,0.0,0.0,0.00,0.0000,0.00,0.0000,0.0000,1.0000,2.6676,0,2000,0,0,0.000610
905,38,215000000,38.215000000,-0.4315782930259016,-64.48795606115762,9.764447762961293,0.47259002182183735,0.028687373674733292,0.20241352045840083,0.8572423651463559,2000,1970,212,1919,212,0,0.1076,0.9850,5.1387,614.0989,2.8165,0,True,83.61,True,-0.8405960188288631,-0.5337883231643907,0.0920236881591556,0.01,0.0000,0.00,0.0000,0.0000,1.0000,0.1057,0,1970,0,0,0.000723
906,38,248000000,38.248000000,-0.4315782930259016,-64.48795606115762,9.764447762961293,0.47259002182183735,0.028687373674733292,0.20241352045840083,0.8572423651463559,212,212,2,212,2,0,0.0094,1.0000,1.3737,2.9714,0.4674,1,True,85.25,True,0.0,0.0,0.0,0.00,0.0000,0.00,0.0000,0.0000,1.0000,1.8110,0,212,0,0,0.000470
907,38,281000000,38.281000000,-0.4315782930259016,-64.48795606115762,9.764447762961293,0.47259002182183735,0.028687373674733292,0.20241352045840083,0.8572423651463559,212,212,1,212,1,0,0.0047,1.0000,2.7652,5.8744,0.8261,2,True,85.25,True,0.0,0.0,0.0,0.00,0.0000,0.00,0.0000,0.0000,1.0000,3.1382,0,212,0,0,0.000455
908,38,314000000,38.314000000,-0.8205319907967088,-65.40920731739732,9.767786006090441,0.47278515918892366,0.027225691199448315,0.2044016534755911,0.8567105223153622,212,212,55,212,55,0,0.2594,1.0000,4.2177,7.9629,0.9233,0,True,85.25,True,-0.7006530168337224,-0.3070769941552219,0.6440412018360298,0.29,0.0000,0.00,0.0000,0.0000,1.0000,9.7941,0,212,0,0,0.000805
909,38,347000000,38.347000000,-0.8205319907967088,-65.40920731739732,9.767786006090441,0.47278515918892366,0.027225691199448315,0.2044016534755911,0.8567105223153622,2000,0,0,0,0,0,0.0000,0.0000,0.0000,0.0000,0.0000,1,True,85.25,True,0.0,0.0,0.0,0.00,0.0000,0.00,0.0000,0.0000,1.0000,11.3557,0,2000,0,0,0.000623
910,38,380000000,38.380000000,-0.8831844653212253,-66.38815192589894,9.962059321091644,0.4736301725926826,0.025158956730478278,0.20760437751705807,0.8555360360275974,2000,1973,945,1963,945,0,0.4790,0.9865,5.9481,11.6725,1.4674,0,True,85.25,True,-0.3968923292560108,-0.27963635369735673,0.8742310842498024,0.47,0.0000,0.00,0.0000,0.0000,1.0000,14.8433,0,1973,0,0,0.000613
911,38,413000000,38.413000000,-1.475002340330834,-66.10469062426881,10.71664615724588,0.4739675027835129,0.022476201382445084,0.21171668420023923,0.8544153979814694,945,929,31,899,31,0,0.0334,0.9831,12.2073,279.0113,2.7907,0,True,85.25,True,-0.3166966295185195,0.9473881754202793,0.04646385611896161,0.58,0.0000,0.00,0.0000,0.0000,1.0000,17.0694,1,929,0,0,0.000327
912,38,446000000,38.446000000,-1.475002340330834,-66.10469062426881,10.71664615724588,0.4739675027835129,0.022476201382445084,0.21171668420023923,0.8544153979814694,2000,0,0,0,0,0,0.0000,0.0000,0.0000,0.0000,0.0000,1,True,86.89,True,0.0,0.0,0.0,0.00,0.0000,0.00,0.0000,0.0000,1.0000,17.2257,1,0,2000,0,0.000700
913,38,479000000,38.479000000,-1.475002340330834,-66.10469062426881,10.71664615724588,0.4739675027835129,0.022476201382445084,0.21171668420023923,0.8544153979814694,2000,1984,0,0,0,0,0.0000,0.9920,0.0000,0.0000,2.8036,2,True,88.52,True,0.0,0.0,0.0,0.00,0.0000,0.00,0.0000,0.0000,1.0000,18.1095,1,0,1984,0,0.000420
914,38,512000000,38.512000000,-1.475002340330834,-66.10469062426881,10.71664615724588,0.4739675027835129,0.022476201382445084,0.21171668420023923,0.8544153979814694,1984,1948,0,0,0,0,0.0000,0.9819,0.0000,0.0000,1.2089,3,True,90.16,True,0.0,0.0,0.0,0.00,0.0000,0.00,0.0000,0.0000,1.0000,17.4762,1,0,1948,0,0.000355
915,38,545000000,38.545000000,-1.475002340330834,-66.10469062426881,10.71664615724588,0.4739675027835129,0.022476201382445084,0.21171668420023923,0.8544153979814694,1948,1892,0,0,0,0,0.0000,0.9713,0.0000,0.0000,1.5923,4,True,91.80,True,0.0,0.0,0.0,0.00,0.0000,0.00,0.0000,0.0000,1.0000,38.2983,1,0,1892,0,0.000649
916,38,578000000,38.578000000,-1.475002340330834,-66.10469062426881,10.71664615724588,0.4739675027835129,0.022476201382445084,0.21171668420023923,0.8544153979814694,1892,1867,0,0,0,0,0.0000,0.9868,0.0000,0.0000,1.8753,5,True,91.80,True,0.0,0.0,0.0,0.00,0.0000,0.00,0.0000,0.0000,1.0000,28.1489,1,0,1867,0,0.000394
917,38,611000000,38.611000000,-1.475002340330834,-66.10469062426881,10.71664615724588,0.4739675027835129,0.022476201382445084,0.21171668420023923,0.8544153979814694,1867,1856,0,0,0,0,0.0000,0.9941,0.0000,0.0000,1.1564,6,True,91.80,True,0.0,0.0,0.0,0.00,0.0000,0.00,0.0000,0.0000,1.0000,31.8642,1,0,1856,0,0.000380
918,38,644000000,38.644000000,-1.475002340330834,-66.10469062426881,10.71664615724588,0.4739675027835129,0.022476201382445084,0.21171668420023923,0.8544153979814694,1856,1844,0,0,0,0,0.0000,0.9935,0.0000,0.0000,1.1877,7,True,91.80,True,0.0,0.0,0.0,0.00,0.0000,0.00,0.0000,0.0000,1.0000,29.4827,1,0,1844,0,0.000302
919,38,677000000,38.677000000,-1.475002340330834,-66.10469062426881,10.71664615724588,0.4739675027835129,0.022476201382445084,0.21171668420023923,0.8544153979814694,1844,1828,0,0,0,0,0.0000,0.9913,0.0000,0.0000,1.4356,8,True,91.80,True,0.0,0.0,0.0,0.00,0.0000,0.00,0.0000,0.0000,1.0000,14.0235,0,0,1828,0,0.000130
920,38,710000000,38.710000000,-1.475002340330834,-66.10469062426881,10.71664615724588,0.4739675027835129,0.022476201382445084,0.21171668420023923,0.8544153979814694,1828,1798,0,0,0,0,0.0000,0.9836,0.0000,0.0000,1.4649,9,True,91.80,True,0.0,0.0,0.0,0.00,0.0000,0.00,0.0000,0.0000,1.0000,33.0922,1,0,1798,0,0.000270
921,38,743000000,38.743000000,-1.475002340330834,-66.10469062426881,10.71664615724588,0.4739675027835129,0.022476201382445084,0.21171668420023923,0.8544153979814694,1798,1779,0,0,0,0,0.0000,0.9894,0.0000,0.0000,1.6096,10,True,91.80,True,0.0,0.0,0.0,0.00,0.0000,0.00,0.0000,0.0000,1.0000,71.0879,1,0,1779,0,0.000448
922,38,776000000,38.776000000,-1.475002340330834,-66.10469062426881,10.71664615724588,0.4739675027835129,0.022476201382445084,0.21171668420023923,0.8544153979814694,1779,1734,0,0,0,0,0.0000,0.9747,0.0000,0.0000,1.2979,11,True,91.80,True,0.0,0.0,0.0,0.00,0.0000,0.00,0.0000,0.0000,1.0000,42.0253,1,0,1734,0,0.000200
923,38,809000000,38.809000000,-1.475002340330834,-66.10469062426881,10.71664615724588,0.4739675027835129,0.022476201382445084,0.21171668420023923,0.8544153979814694,1734,1713,0,0,0,0,0.0000,0.9879,0.0000,0.0000,1.2885,12,True,91.80,True,0.0,0.0,0.0,0.00,0.0000,0.00,0.0000,0.0000,1.0000,43.8210,1,0,1713,0,0.000999
924,38,842000000,38.842000000,-1.475002340330834,-66.10469062426881,10.71664615724588,0.4739675027835129,0.022476201382445084,0.21171668420023923,0.8544153979814694,1713,1694,0,0,0,0,0.0000,0.9889,0.0000,0.0000,1.8680,13,True,91.80,True,0.0,0.0,0.0,0.00,0.0000,0.00,0.0000,0.0000,1.0000,43.1111,1,0,1694,0,0.003885
925,38,875000000,38.875000000,-1.475002340330834,-66.10469062426881,10.71664615724588,0.4739675027835129,0.022476201382445084,0.21171668420023923,0.8544153979814694,1694,1657,0,0,0,0,0.0000,0.9782,0.0000,0.0000,4.9122,14,True,91.80,True,0.0,0.0,0.0,0.00,0.0000,0.00,0.0000,0.0000,1.0000,41.9152,1,0,1657,0,0.007269
926,38,908000000,38.908000000,-1.475002340330834,-66.10469062426881,10.71664615724588,0.4739675027835129,0.022476201382445084,0.21171668420023923,0.8544153979814694,1657,1633,0,0,0,0,0.0000,0.9855,0.0000,0.0000,6.4457,15,True,91.80,True,0.0,0.0,0.0,0.00,0.0000,0.00,0.0000,0.0000,1.0000,42.3371,1,0,1633,0,0.009981
927,38,941000000,38.941000000,-1.475002340330834,-66.10469062426881,10.71664615724588,0.4739675027835129,0.022476201382445084,0.21171668420023923,0.8544153979814694,1633,1612,0,0,0,0,0.0000,0.9871,0.0000,0.0000,4.8339,16,True,91.80,True,0.0,0.0,0.0,0.00,0.0000,0.00,0.0000,0.0000,1.0000,33.3224,1,0,1612,0,0.005042
928,38,974000000,38.974000000,-1.475002340330834,-66.10469062426881,10.71664615724588,0.4739675027835129,0.022476201382445084,0.21171668420023923,0.8544153979814694,1612,1591,0,0,0,0,0.0000,0.9870,0.0000,0.0000,4.1065,17,True,91.80,True,0.0,0.0,0.0,0.00,0.0000,0.00,0.0000,0.0000,1.0000,30.9682,1,0,1591,0,0.016775
929,39,7000000,39.007000000,-1.475002340330834,-66.10469062426881,10.71664615724588,0.4739675027835129,0.022476201382445084,0.21171668420023923,0.8544153979814694,1591,1537,0,0,0,0,0.0000,0.9661,0.0000,0.0000,3.5209,18,True,91.80,True,0.0,0.0,0.0,0.00,0.0000,0.00,0.0000,0.0000,1.0000,32.7555,1,0,1537,0,0.013203
930,39,40000000,39.040000000,-1.475002340330834,-66.10469062426881,10.71664615724588,0.4739675027835129,0.022476201382445084,0.21171668420023923,0.8544153979814694,1537,1492,0,0,0,0,0.0000,0.9707,0.0000,0.0000,3.2696,19,True,91.80,True,0.0,0.0,0.0,0.00,0.0000,0.00,0.0000,0.0000,1.0000,23.5231,1,0,1492,0,0.011071
931,39,73000000,39.073000000,-1.475002340330834,-66.10469062426881,10.71664615724588,0.4739675027835129,0.022476201382445084,0.21171668420023923,0.8544153979814694,1492,1448,0,0,0,0,0.0000,0.9705,0.0000,0.0000,2.3865,20,True,91.80,True,0.0,0.0,0.0,0.00,0.0000,0.00,0.0000,0.0000,1.0000,18.9507,1,0,1448,0,0.010886
932,39,106000000,39.106000000,-1.475002340330834,-66.10469062426881,10.71664615724588,0.4739675027835129,0.022476201382445084,0.21171668420023923,0.8544153979814694,1448,1399,0,0,0,0,0.0000,0.9662,0.0000,0.0000,2.0335,21,True,91.80,True,0.0,0.0,0.0,0.00,0.0000,0.00,0.0000,0.0000,1.0000,11.1988,0,0,1399,0,0.008180
933,39,139000000,39.139000000,-1.475002340330834,-66.10469062426881,10.71664615724588,0.4739675027835129,0.022476201382445084,0.21171668420023923,0.8544153979814694,1399,1375,0,0,0,0,0.0000,0.9828,0.0000,0.0000,1.7469,22,True,91.80,True,0.0,0.0,0.0,0.00,0.0000,0.00,0.0000,0.0000,1.0000,15.8267,1,0,1375,0,0.015930
934,39,172000000,39.172000000,-1.4549946838382224,-65.53073504734546,11.535288136013301,0.48680797724682917,0.02380956734033165,0.2178604617198418,0.8455695814131053,1375,1365,1321,1321,1321,0,0.9678,0.9927,9.6121,103.9369,1.5168,0,True,90.16,True,0.3709265466473568,0.9286507618228091,-0.004610808842553331,1.93,0.0000,0.00,0.0000,0.0000,1.0000,9.3571,0,1365,0,1365,0.014883
935,39,205000000,39.205000000,-1.3649763095366785,-65.93826549892009,12.444032117191423,0.4988980499925699,0.023143718527053343,0.21918284242114283,0.8381670391959709,1321,1314,1313,1313,1313,0,0.9992,0.9947,5.4355,15.7177,1.2413,0,True,88.52,True,0.07794171859717525,0.5507909762727035,0.8309960222279531,1.63,0.0000,0.00,0.0000,0.0000,1.0000,5.9074,0,1314,0,0,0.014062
936,39,238000000,39.238000000,-1.2992391056100288,-66.1771201223383,13.412859805117213,0.5070546299842752,0.024489255680030412,0.2207127579726467,0.8328155600346668,1313,1313,1310,1312,1310,0,0.9977,1.0000,2.9976,37.6896,1.0984,0,True,86.89,True,0.1403691447034225,0.7004401259087588,0.69977148643836,1.14,0.0000,0.00,0.0000,0.0000,1.0000,6.0239,0,1313,0,0,0.022069
937,39,271000000,39.271000000,-1.3378003690709663,-66.4291970880849,14.379798392774289,0.5141416093468677,0.02409909714272193,0.22288256656732938,0.8278894857258899,1310,1310,1307,1307,1307,0,0.9977,1.0000,3.5005,8.1643,1.0468,0,True,85.25,True,0.04329694305823754,0.7424173169560754,0.6685371359958653,1.02,0.0000,0.00,0.0000,0.0000,1.0000,3.6697,0,1310,0,0,0.022903
938,39,304000000,39.304000000,-1.2362926718093736,-66.75272185659668,15.320557613593323,0.518843028573362,0.024874415435119132,0.2232701643314657,0.8248233804136392,1307,1307,1307,1307,1307,0,1.0000,1.0000,5.4086,9.1574,1.0067,0,True,83.61,True,0.14196285530176375,0.6556942240688846,0.7415602687828373,0.65,0.0000,0.00,0.0000,0.0000,1.0000,2.2645,0,1307,0,0,0.023988
939,39,337000000,39.337000000,-1.1349285909439515,-67.07155592141889,16.26293235976346,0.522177010992699,0.025741959056939476,0.22340477614127657,0.8226535277575292,1307,1307,1306,1306,1306,0,0.9992,1.0000,7.3669,12.2566,0.9703,0,True,81.97,True,0.14513513073566542,0.666947927750215,0.7308325769258204,0.47,0.0000,0.00,0.0000,0.0000,1.0000,1.5206,0,1307,0,0,0.029629
940,39,370000000,39.370000000,-1.0381586355932833,-67.37838180571552,17.20976574133965,0.5245524550610504,0.02633856522702007,0.22345080730319616,0.8211094559111816,1306,1306,1306,1306,1306,0,1.0000,1.0000,9.2598,16.1202,0.9582,0,True,80.33,True,0.14676128402812033,0.6825109694119518,0.7159887583913418,0.33,0.0000,0.00,0.0000,0.0000,1.0000,0.7008,0,1306,0,0,0.032156
941,39,403000000,39.403000000,-0.9220574053308964,-67.70370862068437,18.14821284575937,0.52564434614904,0.027299488890387084,0.22310928481848558,0.8204724287236321,1306,1301,1231,1255,1231,0,0.9462,0.9962,12.6468,80.1277,2.4952,0,True,78.69,True,0.15537906914310973,0.6662481060661064,0.7293632881051437,0.19,0.0000,0.00,0.0000,0.0000,1.0000,0.1250,0,1301,0,0,0.035161
942,39,436000000,39.436000000,-0.8185287052730262,-67.96125220447871,19.108917332430828,0.5268651053066896,0.027538878809345985,0.22319960606610176,0.8196564565816779,1231,1230,1202,1203,1202,0,0.9772,0.9992,15.0516,254.4558,1.4844,0,True,77.05,True,0.1736856166043609,0.7158460101665522,0.6763119075643953,0.17,0.0000,0.00,0.0000,0.0000,1.0000,0.2916,0,1230,0,0,0.038511
943,39,469000000,39.469000000,-0.7373742493419886,-68.26403271047404,20.058516152707966,0.5274830158008178,0.027742686756705503,0.2231553047527995,0.8192641340458392,1202,1201,1195,1197,1195,0,0.9950,0.9992,15.7130,55.8808,1.0650,0,True,75.41,True,0.13384234523194993,0.6999833646515224,0.7015051787648793,0.09,0.0000,0.00,0.0000,0.0000,1.0000,0.7010,0,1201,0,0,0.048943
944,39,502000000,39.502000000,-0.6651941165531341,-68.59127615366027,21.00069541236198,0.5269219397824976,0.029183333540350593,0.22280295177627155,0.8196709383033555,1195,1195,1182,1194,1182,0,0.9891,1.0000,17.4905,47.2156,1.0590,0,True,73.77,True,0.11462738240981345,0.6891599009773914,0.7154852857234077,0.19,0.0000,0.00,0.0000,0.0000,1.0000,0.8346,0,1195,0,0,0.047866
945,39,535000000,39.535000000,-0.5597436380338258,-68.96506698706351,21.922194522206233,0.525231133802156,0.03169104185839283,0.22172138844260952,0.8209552727511485,1182,1182,1141,1173,1141,0,0.9653,1.0000,19.4140,33.2452,1.0981,0,True,72.13,True,0.11906018909517227,0.6435900196416867,0.7560532772167815,0.40,0.0000,0.00,0.0000,0.0000,1.0000,0.6659,0,1182,0,0,0.036642
946,39,568000000,39.568000000,-0.4587558354918785,-69.244677750438,22.876982082212574,0.523531428416296,0.034562204257818925,0.22132492682401766,0.8220313706079451,1141,1130,1129,1129,1129,0,0.9991,0.9904,21.8004,36.6330,1.1690,0,True,70.49,True,0.15245432247019286,0.7055594952238754,0.6920574241055324,0.40,0.0000,0.00,0.0000,0.0000,1.0000,1.1598,0,1130,0,0,0.047692
947,39,601000000,39.601000000,-0.36884533905974304,-69.509240602191,23.8371500883988,0.5230879730726935,0.035418591533852996,0.22157810774909362,0.8222089989575585,1129,1114,1097,1097,1097,0,0.9847,0.9867,23.7639,49.5111,1.3123,0,True,68.85,True,0.14299728497967137,0.7180435081107637,0.6811499812438011,0.12,0.0000,0.00,0.0000,0.0000,1.0000,0.9077,0,1114,0,0,0.076750
948,39,634000000,39.634000000,-0.05667341033365819,-70.43993668872129,23.646484198862566,0.49756827720566893,0.03394697441175525,0.2227305777701877,0.8376541662124224,1097,1074,724,1034,724,0,0.6741,0.9790,25.5884,61.3633,1.5479,0,True,67.21,True,-0.125958923358536,-0.5991682256819796,0.7906527600403775,3.43,0.0000,0.00,0.0000,0.0000,1.0000,0.5305,0,1074,0,0,0.039153
949,39,667000000,39.667000000,0.1538782108533719,-71.41219474827825,23.544590722908296,0.46918187722869015,0.03257738178054494,0.22596481838130053,0.8530808760782256,724,692,615,688,615,0,0.8887,0.9558,26.6873,55.5773,1.4506,0,True,65.57,True,-0.22324909696061213,-0.5523108683652876,0.8031889848546563,3.72,0.0000,0.00,0.0000,0.0000,1.0000,0.8993,0,692,0,0,0.084676
950,39,700000000,39.700000000,0.2179451379887834,-71.60716684843901,24.523304832853746,0.46912760172521006,0.03299454954116609,0.22627588806254637,0.8530122364196391,615,576,575,575,575,0,0.9983,0.9366,28.1186,43.2780,1.6166,0,True,63.93,True,0.12938476975151997,0.6859062624258665,0.7160950918148542,0.06,0.0000,0.00,0.0000,0.0000,1.0000,0.4029,0,576,0,0,0.060033
951,39,733000000,39.733000000,0.5158746292816532,-72.54906605680854,24.368179401377155,0.4364187159540652,0.03352299683177063,0.23390752885064847,0.8681602277203241,575,502,372,494,372,0,0.7410,0.8730,30.0549,46.6784,1.7980,0,True,62.30,True,-0.1501916151473271,-0.6631167331093129,0.73329303624804,4.22,0.0000,0.00,0.0000,0.0000,1.0000,0.2350,0,502,0,0,0.087395
952,39,766000000,39.766000000,0.44462004283786627,-72.99451125682623,25.26064864885402,0.4316178962894247,0.03524217666859362,0.23246603854478726,0.8708751469123714,372,305,300,301,300,0,0.9836,0.8199,31.0090,41.7889,2.1716,0,True,60.66,True,-0.12698180483021293,0.49010844555220423,0.8623626457821926,0.68,0.0000,0.00,0.0000,0.0000,1.0000,0.1751,0,305,0,0,0.077030
953,39,799000000,39.799000000,0.7102482896787958,-73.92675946471887,25.50632101881278,0.39219151733917246,0.027622747261436466,0.23319813443072865,0.8894050976124187,300,246,242,242,242,0,0.9837,0.8200,33.9705,59.1578,2.2613,0,True,59.02,True,-0.1353476187013806,-0.39490206079942064,0.9086987314221565,5.07,0.0000,0.00,0.0000,0.0000,1.0000,0.2272,0,246,0,0,0.038315
954,39,832000000,39.832000000,0.7000258004526546,-74.11468163096029,26.488451743385195,0.3863641411110692,0.02467130597424028,0.23351423323694676,0.8919558172918611,242,200,176,180,176,0,0.8800,0.8264,37.0821,73.6201,3.1775,0,True,57.38,True,0.040270753064645476,0.5921668933097559,0.8048084473435144,0.80,0.0000,0.00,0.0000,0.0000,1.0000,1.1314,0,200,0,0,0.104160
955,39,865000000,39.865000000,0.7568908116546467,-74.22904911366146,27.480261427448408,0.38104562218158705,0.015388230783230613,0.23493584192910344,0.894076387310767,176,142,140,140,140,0,0.9859,0.8068,38.3279,48.0124,2.4298,0,True,55.74,True,0.13608617199210402,0.6046682380737344,0.7847654908680306,1.26,0.0000,0.00,0.0000,0.0000,1.0000,1.9622,0,142,0,0,0.065924
956,39,898000000,39.898000000,1.19542923648351,-74.83190276400394,28.146783389740232,0.3445287799393449,-0.04353251103372204,0.21113371583500096,0.9136888936144022,140,111,103,103,103,0,0.9279,0.7929,42.1272,75.4554,3.0146,0,True,54.10,True,0.23058670855037722,-0.0813630096196795,0.9696441772658315,8.70,0.0000,0.00,0.0000,0.0000,1.0000,1.1420,0,111,0,0,0.091182
957,39,931000000,39.931000000,1.4735238798207138,-75.56209141173511,27.522693726252943,0.306775454498727,-0.027885796492899483,0.2040998616562363,0.9292224972217157,103,72,59,59,59,0,0.8194,0.6990,44.7095,81.6411,4.1729,0,True,52.46,True,-0.1480131626856653,-0.9888232404873568,0.01790817533613183,5.07,0.0000,0.00,0.0000,0.0000,1.0000,3.8194,0,72,0,0,0.132849
958,39,964000000,39.964000000,1.4735238798207138,-75.56209141173511,27.522693726252943,0.306775454498727,-0.027885796492899483,0.2040998616562363,0.9292224972217157,2000,0,0,0,0,0,0.0000,0.0000,0.0000,0.0000,0.0000,1,True,52.46,True,0.0,0.0,0.0,0.00,0.0000,0.00,0.0000,0.0000,1.0000,2.0461,0,2000,0,0,0.059516
959,39,997000000,39.997000000,1.3404459016725503,-75.15337228115366,28.42559954860029,0.28715527102396693,-0.024857363309008142,0.20744695251342266,0.9348206906703391,2000,1942,1355,1383,1355,0,0.6977,0.9710,38.8429,530.2972,6.7841,0,True,50.82,True,0.18611320973088138,0.8549834024870218,0.4841128532020036,2.39,0.0000,0.00,0.0000,0.0000,1.0000,4.0237,0,1942,0,0,0.104997
960,40,30000000,40.030000000,1.1882203200496835,-74.67568444021535,29.29084038150131,0.26539726148553566,-0.02189201901252445,0.21085660505728854,0.9405448023370541,1355,1326,1196,1198,1196,0,0.9020,0.9786,38.7600,222.5815,5.4302,0,True,49.18,True,0.18281227512761428,0.8746143751192282,0.4490315878615529,2.63,0.0000,0.00,0.0000,0.0000,1.0000,6.0093,0,1326,0,0,0.140737
961,40,63000000,40.063000000,1.0153982975073232,-74.14083556054213,30.117925156138504,0.2414866037864922,-0.019357146632757956,0.21401612842347267,0.9463121143896085,1196,1158,877,881,877,0,0.7573,0.9682,39.6542,226.5307,7.7939,0,True,47.54,True,0.175267306475228,0.887775778331891,0.42560020992490544,2.86,0.0000,0.00,0.0000,0.0000,1.0000,3.6373,0,1158,0,0,0.079991
962,40,96000000,40.096000000,0.8435866332335108,-73.48579613079721,30.85372682608694,0.2155751897076042,-0.016794628749612715,0.21750613691061313,0.9518068913566002,877,835,619,622,619,0,0.7413,0.9521,45.1728,393.7918,7.5814,0,True,45.90,True,0.20626931900192438,0.9200315083164419,0.3331591087505421,3.08,0.0000,0.00,0.0000,0.0000,1.0000,6.3418,0,835,0,0,0.136076
963,40,129000000,40.129000000,0.6931284602761993,-72.75805976357596,31.522877121621477,0.18789021196503408,-0.014415127005373514,0.2195629508474827,0.9572259832329562,619,590,512,520,512,0,0.8678,0.9532,36.6227,146.6521,6.4050,0,True,44.26,True,0.24405527742226782,0.9243379131868833,0.29331969556723875,3.25,0.0000,0.00,0.0000,0.0000,1.0000,4.2719,0,590,0,0,0.091181
964,40,162000000,40.162000000,0.4091042260612265,-72.02726741747358,32.143580578399984,0.1603632568585942,-0.014135260558007116,0.22482850563863205,0.9610077852499227,512,488,428,430,428,0,0.8770,0.9531,35.5355,287.8475,6.5169,0,True,44.26,True,0.11504508135000296,0.9490027158367941,0.29352763854799113,3.24,0.0000,0.00,0.0000,0.0000,1.0000,4.9097,0,488,0,0,0.106989
965,40,195000000,40.195000000,0.01905026568579704,-71.34085062413247,32.75733125564177,0.1315054863218777,-0.013294874904275592,0.22704561762217357,0.9648729661914524,428,417,375,376,375,0,0.8993,0.9743,34.8060,184.8842,6.2394,0,True,42.62,True,0.003970993651308756,0.9373082977993079,0.34847867378935127,3.35,0.0000,0.00,0.0000,0.0000,1.0000,3.3962,0,417,0,0,0.076176
966,40,228000000,40.228000000,-0.26095094234939054,-70.4667984598057,33.15436039504408,0.1021316397418585,-0.013277173712852438,0.23103432013115288,0.9674791924084848,375,374,362,362,362,0,0.9679,0.9973,32.8450,91.9690,6.0417,0,True,42.62,True,0.16276183074593076,0.9757236682887288,0.14653296418696965,3.41,0.0000,0.00,0.0000,0.0000,1.0000,7.3746,0,374,0,0,0.123297
967,40,261000000,40.261000000,-0.3604047497740314,-69.48849263680124,33.33609277208325,0.07111409553740397,-0.013158411763374518,0.2308585734890678,0.9702958109063211,362,357,328,337,328,0,0.9188,0.9862,32.3557,59.5897,6.3115,0,True,40.98,True,0.3591338368342201,0.9329877250641045,-0.023596442961572834,3.57,0.0000,0.00,0.0000,0.0000,1.0000,4.8204,0,357,0,0,0.125458
968,40,294000000,40.294000000,-0.6110186266261697,-68.53880530530756,33.52394020254098,0.04062694315395703,-0.014349563546830278,0.23089237152895423,0.9720248218464979,328,321,300,302,300,0,0.9346,0.9787,31.6419,60.5305,4.2856,0,True,39.34,True,0.21083546999533634,0.9763802420144284,0.04722316799720329,3.50,0.0000,0.00,0.0000,0.0000,1.0000,4.1850,0,321,0,0,0.193864
969,40,327000000,40.327000000,-0.7219729891910086,-67.54777413714187,33.44946636047555,0.010840443374383205,-0.014986743027398435,0.22958690176392568,0.973112396827478,300,300,295,295,295,0,0.9833,1.0000,30.6842,60.9141,3.6080,0,True,39.34,True,0.3411317583175912,0.9266379093996455,-0.15802312593605675,3.42,0.0000,0.00,0.0000,0.0000,1.0000,2.5125,0,300,0,0,0.092017
970,40,360000000,40.360000000,-0.6221076549418112,-66.57832637481876,33.22541736774854,-0.019161699277734957,-0.018028592152465744,0.22575445925419055,0.9738288983556803,295,295,186,280,186,0,0.6305,1.0000,29.4587,61.2407,3.5136,0,True,37.70,True,0.5145035749816256,0.8191802244201429,-0.2534360496261158,3.48,0.0000,0.00,0.0000,0.0000,1.0000,2.7521,0,295,0,0,0.118891
971,40,393000000,40.393000000,-0.8510438308750308,-65.62627669300379,33.02246508097876,-0.04582913612640934,-0.019902487229971795,0.22486937179529126,0.973107058299527,186,186,180,180,180,0,0.9677,1.0000,32.7011,96.9014,3.4070,0,True,37.70,True,0.20844448046536063,0.9640376250680426,-0.16487072516579204,3.07,0.0000,0.00,0.0000,0.0000,1.0000,2.3457,0,186,0,0,0.130199
972,40,426000000,40.426000000,-1.1848017881391866,-64.71319861259657,32.788170298615356,-0.07012076116551415,-0.021763681352856255,0.22508966553856516,0.971567837824656,180,180,174,174,174,0,0.9667,1.0000,29.8358,60.5502,3.2706,0,True,37.70,True,0.09728276461187778,0.9853537266345319,-0.1400503377964875,2.80,0.0000,0.00,0.0000,0.0000,1.0000,1.7009,0,180,0,0,0.081886
973,40,459000000,40.459000000,-1.4054245476499896,-63.812846759296846,32.41308079163658,-0.09317889097005451,-0.02417050820493317,0.22529456813338472,0.9695235109992422,174,174,172,172,172,0,0.9885,1.0000,29.0745,100.8581,3.1104,0,True,36.07,True,0.19446377192133069,0.9508696536519644,-0.2408957101608954,2.67,0.0000,0.00,0.0000,0.0000,1.0000,0.8205,0,174,0,0,0.152780
974,40,492000000,40.492000000,-1.9275109585027856,-64.32150989415898,33.09768841271238,-0.11425686744226594,-0.028323741145323076,0.21935653097265326,0.9685173443204085,172,172,74,155,74,0,0.4302,1.0000,27.6462,107.7346,2.8880,0,True,34.43,True,-0.6896382750057298,-0.35361774946663843,0.6319442514251326,2.56,0.0000,0.00,0.0000,0.0000,1.0000,0.4751,0,172,0,0,0.102773
975,40,525000000,40.525000000,-1.9275109585027856,-64.32150989415898,33.09768841271238,-0.11425686744226594,-0.028323741145323076,0.21935653097265326,0.9685173443204085,2000,0,0,0,0,0,0.0000,0.0000,0.0000,0.0000,0.0000,1,True,34.43,True,0.0,0.0,0.0,0.00,0.0000,0.00,0.0000,0.0000,1.0000,0.1253,0,2000,0,0,0.092081
976,40,558000000,40.558000000,-2.208705320188083,-63.481688474251165,32.6333289467591,-0.1320473284407801,-0.032396554662095844,0.21889087736908958,0.9662301744937739,2000,1838,1278,1294,1278,0,0.6953,0.9190,41.2275,342.4763,5.5285,0,True,32.79,True,0.10639401643181386,0.9632762162204898,-0.2465344692562146,2.11,0.0000,0.00,0.0000,0.0000,1.0000,0.3223,0,1838,0,0,0.154962
977,40,591000000,40.591000000,-2.452414786288083,-62.701050676049874,32.05782019430378,-0.14781249922580106,-0.03542346669562319,0.21833099444857473,0.9639648437277072,1278,1274,1226,1228,1226,0,0.9623,0.9969,30.9601,292.1737,3.3770,0,True,31.15,True,0.11428223586376315,0.9346307432694391,-0.3367565059528847,1.86,0.0000,0.00,0.0000,0.0000,1.0000,0.3261,0,1274,0,0,0.072160
978,40,624000000,40.624000000,-2.6809603179835655,-61.96392022474661,31.421891237812996,-0.1619965669608149,-0.03864349420498644,0.21696383452131693,0.9618682275438492,1226,1223,1212,1214,1212,0,0.9910,0.9976,29.2428,99.4011,3.0912,0,True,29.51,True,0.1094294486164389,0.9195105300892378,-0.3775256028807992,1.69,0.0000,0.00,0.0000,0.0000,1.0000,0.8750,0,1223,0,0,0.140317
979,40,657000000,40.657000000,-2.888675991984914,-61.266237655885206,30.73625778480687,-0.17443386952428847,-0.04154041686105525,0.21594176325987985,0.9598001738955912,1212,1207,1196,1196,1196,0,0.9909,0.9959,27.9100,83.3501,2.8007,0,True,27.87,True,0.10962172289513225,0.9046426373959178,-0.4118310047517801,1.49,0.0000,0.00,0.0000,0.0000,1.0000,0.7369,0,1207,0,0,0.100463
980,40,690000000,40.690000000,-2.9651425019167976,-60.635008823024876,29.96443977942956,-0.18599496151965092,-0.04432975765031535,0.2144908483551722,0.9578279714269398,1196,1186,1181,1182,1181,0,0.9958,0.9916,26.3581,57.6916,2.7697,0,True,26.23,True,0.1983342510987116,0.8368202210487602,-0.510289567290002,1.39,0.0000,0.00,0.0000,0.0000,1.0000,0.7276,0,1186,0,0,0.095930
981,40,723000000,40.723000000,-3.124650879922659,-59.953701994125524,29.250032275100953,-0.19621534922432574,-0.04753062690417599,0.21452344443181906,0.955625485231521,1181,1138,1123,1124,1123,0,0.9868,0.9636,25.4096,55.8436,2.2541,0,True,24.59,True,0.1433064068785951,0.902520446411672,-0.4061035798369952,1.25,0.0000,0.00,0.0000,0.0000,1.0000,0.7560,0,1138,0,0,0.097263
982,40,756000000,40.756000000,-3.3868098684465746,-59.32286879722479,28.519743193692708,-0.20455044497612487,-0.050984105472531904,0.2135502603424987,0.953916150799894,1123,1086,1076,1082,1076,0,0.9908,0.9671,24.0271,47.9764,2.0954,0,True,22.95,True,0.028706347337820362,0.9155569308949056,-0.4011626252691313,1.06,0.0000,0.00,0.0000,0.0000,1.0000,0.4925,0,1086,0,0,0.038539
983,40,789000000,40.789000000,-3.707383297671961,-58.7114198332397,27.796304985608415,-0.2110168116215388,-0.053721045950076325,0.21341723011041724,0.9523859723489773,1076,1051,1049,1049,1049,0,0.9981,0.9768,22.5745,47.0058,2.0255,0,True,21.31,True,-0.0349654507113936,0.9265075388465962,-0.37464809850975117,0.82,0.0000,0.00,0.0000,0.0000,1.0000,0.5203,0,1051,0,0,0.149766
984,40,822000000,40.822000000,-3.9119801896603628,-58.132445560936674,27.007046533769067,-0.21681194348593275,-0.0562787153081875,0.21319282881089668,0.9509858595734851,1049,1012,1009,1010,1009,0,0.9970,0.9647,20.6727,43.2154,1.9197,0,True,19.67,True,0.054033574127355447,0.8885356938400831,-0.4556146328193876,0.74,0.0000,0.00,0.0000,0.0000,1.0000,0.1440,0,1012,0,0,0.040216
985,40,855000000,40.855000000,-4.190692762104556,-57.535378646013314,26.254829543090565,-0.22026310235137753,-0.058425495850310066,0.21384996135424603,0.9499151652679199,1009,989,988,988,988,0,0.9990,0.9802,18.4415,40.2015,1.8183,0,True,18.03,True,-0.005916624407464182,0.9211139640313954,-0.38924806848845145,0.49,0.0000,0.00,0.0000,0.0000,1.0000,0.1574,0,989,0,0,0.142282
986,40,888000000,40.888000000,-4.39627743414504,-56.98695165567783,25.44429713849866,-0.22064896795095373,-0.05937847283011776,0.2142670842847619,0.949672494336152,988,952,949,949,949,0,0.9968,0.9636,15.8227,44.0603,1.6635,0,True,16.39,True,0.03794147922010465,0.8827159105591796,-0.4683727846494376,0.13,0.0000,0.00,0.0000,0.0000,1.0000,0.1537,0,952,0,0,0.063291
987,40,921000000,40.921000000,-4.1995633946048505,-56.5766929948632,24.553796482758106,-0.21942210922945798,-0.060970503877899894,0.21269327678282698,0.9502095061877431,949,934,918,932,918,0,0.9829,0.9842,14.4066,27.5689,1.5852,0,True,14.75,True,0.3387474882557132,0.6535971983586155,-0.6768019219078902,0.30,0.0000,0.00,0.0000,0.0000,1.0000,0.4294,0,934,0,0,0.051790
988,40,954000000,40.954000000,-4.496117334873255,-56.011663604980015,23.783863012203998,-0.21552061719751525,-0.0617151398107579,0.21427480691254974,0.950698907227483,918,902,899,899,899,0,0.9967,0.9826,13.8612,34.2475,1.6297,0,True,13.11,True,-0.0413579701217841,0.9124602656228006,-0.4070697507393221,0.49,0.0000,0.00,0.0000,0.0000,1.0000,0.5552,0,902,0,0,0.107590
989,40,987000000,40.987000000,-4.640517001336002,-55.48776834804287,22.944409323139386,-0.21062374887089638,-0.06371928102068351,0.21444756420063638,0.9516247852206197,899,889,886,886,886,0,0.9966,0.9889,13.6970,117.1065,1.6535,0,True,11.48,True,0.07637025021407759,0.8483105833735062,-0.523962535892349,0.62,0.0000,0.00,0.0000,0.0000,1.0000,1.0367,0,889,0,0,0.092750
990,41,20000000,41.020000000,-5.025652710298699,-54.88962623680582,22.24163161970347,-0.2057641985696973,-0.06712014501376976,0.2153700499016923,0.9522456207962541,886,872,866,866,866,0,0.9931,0.9842,13.4197,21.6007,1.6780,0,True,9.84,True,-0.10814277933214195,0.9378404295748035,-0.32978852001436876,0.69,0.0000,0.00,0.0000,0.0000,1.0000,1.0575,0,872,0,0,0.067248
991,41,53000000,41.053000000,-5.326557781807823,-54.26248276280968,21.523197766823383,-0.20043611718626442,-0.07101084776686183,0.21710517020154763,0.95270570875716,866,845,843,843,843,0,0.9976,0.9758,13.3299,26.5066,1.6437,0,True,8.20,True,-0.023882569139021016,0.9332779101982878,-0.35836010551850866,0.78,0.0000,0.00,0.0000,0.0000,1.0000,1.3466,0,845,0,0,0.065692
992,41,86000000,41.086000000,-5.6640405088687755,-53.66543795820283,20.79543206948155,-0.19464526099186144,-0.07319434737995822,0.22059395988661443,0.9529397225147952,843,832,831,831,831,0,0.9988,0.9870,13.2643,20.1770,1.6413,0,True,6.56,True,-0.07341872483304786,0.9231739083436885,-0.37730574577831205,0.81,0.0000,0.00,0.0000,0.0000,1.0000,1.8315,0,832,0,0,0.068743
993,41,119000000,41.119000000,-5.762265657796883,-53.07658124097749,19.993185482267478,-0.18974983492024652,-0.07715675931381312,0.22242408271169448,0.9531890484420132,831,823,820,820,820,0,0.9964,0.9904,13.1355,19.5912,1.6392,0,True,4.92,True,0.1337160576802241,0.8489412169422917,-0.5112913319185057,0.75,0.0000,0.00,0.0000,0.0000,1.0000,2.6451,0,823,0,0,0.075637
994,41,152000000,41.152000000,-5.975695034557389,-52.47335497592571,19.224702577911575,-0.18465596208736568,-0.08015441323075333,0.22541556484901992,0.953239355476378,820,811,811,811,811,0,1.0000,0.9890,12.6964,18.7952,1.6335,0,True,3.28,True,0.035506666158220616,0.8887153780775242,-0.4570823267496262,0.76,0.0000,0.00,0.0000,0.0000,1.0000,2.8014,0,811,0,0,0.062808
995,41,185000000,41.185000000,-6.299920859041297,-51.86857510962682,18.497296963376463,-0.17984107553347106,-0.08354157179451013,0.2280042821445854,0.953253397925651,811,791,785,785,785,0,0.9924,0.9753,12.4922,210.8862,1.7666,0,True,3.28,True,-0.059904906667262066,0.9141778747852811,-0.4008618408008594,0.74,0.0000,0.00,0.0000,0.0000,1.0000,2.9412,0,791,0,0,0.054588
996,41,218000000,41.218000000,-6.454220044341631,-51.2710038488173,17.710467661894775,-0.17601958450147537,-0.08716881154671384,0.2295761735571365,0.9532646456783789,785,772,769,769,769,0,0.9961,0.9834,11.4158,116.8155,1.7025,0,True,3.28,True,0.08081951712727925,0.8589760626911317,-0.505597002933121,0.63,0.0000,0.00,0.0000,0.0000,1.0000,3.6285,0,772,0,0,0.056908
997,41,251000000,41.251000000,-6.6637178290634145,-50.66478609278638,16.94325797056555,-0.17231463633381297,-0.09008658663061646,0.23169488559673151,0.9531576747856085,769,761,761,761,761,0,1.0000,0.9896,10.3506,15.9194,1.5572,0,True,3.28,True,0.034213004341177744,0.8781901816371568,-0.4770864441692385,0.59,0.0000,0.00,0.0000,0.0000,1.0000,5.7721,0,761,0,0,0.075861
998,41,284000000,41.284000000,-7.203764788594064,-50.00416036742527,16.421795668483423,-0.1680424705983181,-0.09019605047002326,0.24111277400339368,0.9515729245660632,761,751,740,740,740,0,0.9854,0.9869,9.5346,19.4322,1.5579,0,True,3.28,True,-0.20891595631642496,0.9652914988610612,-0.15673686682768523,1.20,0.0000,0.00,0.0000,0.0000,1.0000,5.1876,0,751,0,0,0.058525
999,41,317000000,41.317000000,-7.415528814523551,-49.39588058669449,15.656843574770209,-0.16486875792104932,-0.09230429202156304,0.24336266439056892,0.9513531541529106,740,738,738,738,738,0,1.0000,0.9973,8.7475,13.8557,1.5718,0,True,3.28,True,0.04454422779363966,0.8718648169044626,-0.48771667268447605,0.51,0.0000,0.00,0.0000,0.0000,1.0000,5.6274,0,738,0,0,0.056557
1000,41,350000000,41.350000000,-7.504407160203864,-48.8518034096458,14.822529086652064,-0.16175456240681038,-0.09240375742741147,0.24604353149364114,0.9511885132632831,738,731,708,708,708,0,0.9685,0.9905,10.1896,222.3049,2.1422,0,True,3.28,True,0.1120784561361033,0.7877076327039579,-0.6057681941552181,0.47,0.0000,0.00,0.0000,0.0000,1.0000,6.2526,0,731,0,0,0.056821
1001,41,383000000,41.383000000,-7.852033302958536,-48.23866804265287,14.113148309765677,-0.15907261696241634,-0.0953803691855244,0.24712548403743304,0.9510664975941618,708,702,659,696,659,0,0.9387,0.9915,9.0154,338.3396,1.6365,0,True,3.28,True,-0.06251842283538174,0.9096814526429216,-0.41057411209626965,0.48,0.0000,0.00,0.0000,0.0000,1.0000,5.0692,0,702,0,0,0.042558
1002,41,416000000,41.416000000,-8.55979394582694,-47.74069652312294,13.61205027729744,-0.15584667148891956,-0.09890478213402572,0.24804955343966212,0.9510000410595312,659,656,552,654,552,0,0.8415,0.9954,6.9042,10.6093,1.4666,0,True,3.28,True,-0.4107607090417501,0.8984074217568958,-0.15536970245078585,0.56,0.0000,0.00,0.0000,0.0000,1.0000,6.6531,0,656,0,0,0.052418
1003,41,449000000,41.449000000,-9.433670834349389,-47.383532801898085,13.282242363585366,-0.15362012122712743,-0.10353892919231032,0.24682553987428368,0.9511875216599727,552,552,281,543,281,0,0.5091,1.0000,6.6654,9.4929,1.4724,0,True,3.28,True,-0.606269494842951,0.795153552854316,0.012966379835229858,0.61,0.0000,0.00,0.0000,0.0000,1.0000,7.1107,0,552,0,0,0.052631
1004,41,482000000,41.482000000,-9.656569757704258,-46.578141386294504,12.733005859300286,-0.14777966081843952,-0.1016809384966709,0.25974709336673224,0.948869646517559,281,281,281,281,281,0,1.0000,1.0000,6.4856,8.4357,1.5290,0,True,3.28,True,0.14630353413888453,0.9554005882692808,-0.256524836678994,1.66,0.0000,0.00,0.0000,0.0000,1.0000,4.8594,0,281,0,0,0.034458
1005,41,515000000,41.515000000,-10.283442500597886,-46.49724573590023,13.507916472186896,-0.15286380406203245,-0.1027868286227555,0.2575347898081148,0.9485480258309809,281,280,162,280,162,0,0.5786,0.9964,5.5355,7.4149,1.5483,0,True,3.28,True,-0.3969752726753476,0.0983586427874954,0.9125438127965886,0.65,0.0000,0.00,0.0000,0.0000,1.0000,9.1708,0,280,0,0,0.062381
1006,41,548000000,41.548000000,-10.909833686949105,-47.05283168035392,14.054687301682222,-0.1544040190679978,-0.11899679873778732,0.23962057087266578,0.9510947075872442,162,161,161,161,161,0,1.0000,0.9938,4.1622,5.6256,1.6376,0,True,3.28,True,-0.755398312137917,-0.35708204150835826,0.5494231571852513,2.79,0.0000,0.00,0.0000,0.0000,1.0000,7.0489,0,161,0,0,0.046339
1007,41,581000000,41.581000000,-10.665741813344123,-46.57176598428006,13.212668921062788,-0.13414401489270905,-0.08319998031255071,0.2704698373389956,0.9496995386090662,161,159,159,159,159,0,1.0000,0.9876,3.4819,4.6772,1.4984,0,True,3.28,True,0.31780988739620547,0.5959202808462335,-0.7374794196107152,5.89,0.0000,0.00,0.0000,0.0000,1.0000,6.8768,0,159,0,0,0.044373
1008,41,614000000,41.614000000,-11.009174644706677,-45.63460110488532,13.151220738247254,-0.13640100305142797,-0.08585956723511559,0.29127431556196925,0.9429645667651937,159,159,159,159,159,0,1.0000,1.0000,2.8914,3.9132,1.5287,0,True,3.28,True,0.2086858444806134,0.9535104027474502,0.21741235053650662,2.54,0.0000,0.00,0.0000,0.0000,1.0000,6.0581,0,159,0,0,0.038747
1009,41,647000000,41.647000000,-11.204801027060325,-44.964862352368336,13.867586791256617,-0.17627551276331832,-0.14501478927782516,0.3325358411496684,0.9150505826683133,159,158,158,158,158,0,1.0000,0.9937,2.5475,3.3140,1.4571,0,True,3.28,True,0.2831168385375833,0.41394450807132055,0.8651559396860641,9.97,0.0000,0.00,0.0000,0.0000,1.0000,7.4926,0,158,0,0,0.048015
1010,41,680000000,41.680000000,-12.084798991547643,-44.72994371456629,13.454771074366647,-0.1708264631384516,-0.14692534573208021,0.3336383022908131,0.9153779249673984,158,157,157,157,157,0,1.0000,0.9937,2.3047,2.8825,1.4836,0,True,3.28,True,-0.55455140672536,0.8319080917781435,0.02004156014317241,0.67,0.0000,0.00,0.0000,0.0000,1.0000,5.8949,0,157,0,0,0.038195
1011,41,713000000,41.713000000,-11.89708489916989,-44.56331921402363,12.486783628507103,-0.15756549478512907,-0.12275348708025113,0.34220479369508966,0.9181506278573561,157,155,155,155,155,0,1.0000,0.9873,2.2006,2.5758,1.3480,0,True,3.28,True,0.09792506339277926,0.4122005913124035,-0.9058152982154943,3.32,0.0000,0.00,0.0000,0.0000,1.0000,5.8617,0,155,0,0,0.038794
1012,41,746000000,41.746000000,-11.833579853674935,-45.03990785184225,11.609953896176556,-0.12647569890777963,-0.06234658486038476,0.3176854157121914,0.937652802259881,155,155,155,155,155,0,1.0000,1.0000,2.2209,2.8290,1.4477,0,True,3.28,True,-0.3742938811853435,-0.051387050236775034,-0.9258852313192901,8.58,0.0000,0.00,0.0000,0.0000,1.0000,5.2717,0,155,0,0,0.035992
1013,41,779000000,41.779000000,-12.218231111905368,-45.55733393331184,12.374358016885468,-0.1270207128482279,-0.07284014447335331,0.3084159844298401,0.9399146942190029,155,155,155,155,155,0,1.0000,1.0000,2.2865,3.0521,1.3644,0,True,3.28,True,-0.5924937218020007,-0.3849207793192559,0.707663184907531,1.63,0.0000,0.00,0.0000,0.0000,1.0000,5.2906,0,155,0,0,0.037713
1014,41,812000000,41.812000000,-12.467353839929018,-45.85689564173859,13.295336110667552,-0.13044009082556063,-0.08345400065383345,0.30217279385552226,0.9405915240601722,155,153,153,153,153,0,1.0000,0.9871,2.3921,3.1851,1.2420,0,True,3.28,True,-0.3243580396348948,-0.3543708508262239,0.8770479817027721,1.47,0.0000,0.00,0.0000,0.0000,1.0000,4.4688,0,153,0,0,0.033645
1015,41,845000000,41.845000000,-13.295955282040056,-45.31441033924083,13.157027229154446,-0.12800353843809267,-0.08422389563943018,0.3059658124436442,0.9396309654147988,153,153,153,153,153,0,1.0000,1.0000,2.5223,3.1657,1.3253,0,True,3.28,True,-0.35637127748085484,0.9188443473643397,0.16948326732531516,0.54,0.0000,0.00,0.0000,0.0000,1.0000,4.1548,0,153,0,0,0.030476
1016,41,878000000,41.878000000,-13.70024537171891,-45.8017610702652,13.931003190252376,-0.12761048150331272,-0.09411059933550804,0.29781656114805743,0.9413628715905198,153,153,153,153,153,0,1.0000,1.0000,2.6413,3.3521,1.3368,0,True,3.28,True,-0.5517100871711698,-0.3824598884372999,0.7411750221439659,1.48,0.0000,0.00,0.0000,0.0000,1.0000,3.3909,0,153,0,0,0.015702
1017,41,911000000,41.911000000,-14.213818849198717,-45.168605835666256,13.351903257486684,-0.12090387651489098,-0.09343077593615609,0.30080021803760515,0.9413671821240471,153,153,153,153,153,0,1.0000,1.0000,2.7888,3.6548,1.3383,0,True,3.28,True,-0.10174215307464007,0.9474413662017861,-0.3033206090878592,0.84,0.0000,0.00,0.0000,0.0000,1.0000,3.2457,0,153,0,0,0.031281
1018,41,944000000,41.944000000,-14.073093982696612,-44.622813150931144,12.525884578982627,-0.10778592189922574,-0.07344845502500925,0.3177888957054112,0.9391473458734303,153,152,152,152,152,0,1.0000,0.9935,2.8576,3.8645,1.2599,0,True,3.28,True,0.3490100628486609,0.5890070869815385,-0.7288776492086283,3.37,0.0000,0.00,0.0000,0.0000,1.0000,2.6107,0,152,0,0,0.044118
1019,41,977000000,41.977000000,-15.066501511814678,-44.51062829760736,12.502304083308431,-0.10273023631725167,-0.07488845684693822,0.3168989940022239,0.9399006570790682,152,151,89,151,89,0,0.5894,0.9934,2.9934,3.9336,1.2079,0,True,1.64,True,-0.7149394444685853,0.6700309754056653,0.19980010695663672,0.62,0.0000,0.00,0.0000,0.0000,1.0000,2.2297,0,151,0,0,0.026831
1020,42,10000000,42.010000000,-15.066501511814678,-44.51062829760736,12.502304083308431,-0.10273023631725167,-0.07488845684693822,0.3168989940022239,0.9399006570790682,2000,0,0,0,0,0,0.0000,0.0000,0.0000,0.0000,0.0000,1,True,3.28,True,0.0,0.0,0.0,0.00,0.0000,0.00,0.0000,0.0000,1.0000,1.6996,0,2000,0,0,0.023306
1021,42,43000000,42.043000000,-15.574420658223588,-43.925553577532725,11.870081248667985,-0.0978261214440176,-0.07409690459245259,0.31785047216435397,0.9401652918704958,2000,1973,1875,1922,1875,0,0.9503,0.9865,19.5434,893.6207,3.3287,0,True,3.28,True,-0.09050826374383682,0.902067239539771,-0.4219987553810718,0.58,0.0000,0.00,0.0000,0.0000,1.0000,2.1719,0,1973,0,0,0.037224
1022,42,76000000,42.076000000,-16.06422796434271,-43.337887050579425,11.226080584094609,-0.09323434659461213,-0.0733998733909144,0.3183992256062023,0.9405007965624719,1875,1868,1817,1832,1817,0,0.9727,0.9963,17.5676,948.7390,2.1156,0,True,3.28,True,-0.07539008567223265,0.8921110034522683,-0.44548208998984484,0.54,0.0000,0.00,0.0000,0.0000,1.0000,1.4410,0,1868,0,0,0.034548
1023,42,109000000,42.109000000,-16.50693635410841,-42.71350345759817,10.582532287191528,-0.08872621806507251,-0.07296833234383139,0.31852780241305517,0.9409268408291577,1817,1813,1700,1798,1700,0,0.9377,0.9978,6.4371,78.8067,1.3679,0,True,3.28,True,-0.01632454950365158,0.8889555415747235,-0.45770247343344433,0.52,0.0000,0.00,0.0000,0.0000,1.0000,0.6767,0,1813,0,0,0.025449
1024,42,142000000,42.142000000,-16.73214872423883,-42.123085233146185,9.807493121358487,-0.0853168135531221,-0.07128741223991263,0.31917900085533135,0.9411503129650816,1700,1692,1665,1667,1665,0,0.9840,0.9953,7.6489,339.6667,1.5004,0,True,3.28,True,0.12182389888486621,0.7588316358051794,-0.6397917521832596,0.44,0.0000,0.00,0.0000,0.0000,1.0000,0.3759,0,1692,0,0,0.027969
1025,42,175000000,42.175000000,-17.25650492576984,-41.55880130959756,9.169814340513058,-0.08100172024171286,-0.07007812257558768,0.31958448858026345,0.9414847490602573,1665,1662,1641,1641,1641,0,0.9874,0.9982,7.4109,240.6163,1.2389,0,True,3.28,True,-0.11714517541693605,0.8811709451655492,-0.4580554259831314,0.52,0.0000,0.00,0.0000,0.0000,1.0000,0.0456,0,1662,0,0,0.017310
1026,42,208000000,42.208000000,-17.818855114180145,-41.03074482731777,8.533482181089104,-0.07659192955428484,-0.06802636910801657,0.3204052325931523,0.9417253189545556,1641,1641,1640,1640,1640,0,0.9994,1.0000,5.8927,104.9864,1.1699,0,True,3.28,True,-0.16921590653834817,0.8708399044881586,-0.4615233880590018,0.57,0.0000,0.00,0.0000,0.0000,1.0000,0.2227,0,1641,0,0,0.025996
1027,42,241000000,42.241000000,-18.3602680488875,-40.4465931670946,7.928801379351482,-0.0726791484590678,-0.06720964648727636,0.3204506762256267,0.9420785364845432,1640,1640,1636,1636,1636,0,0.9976,1.0000,5.7748,47.8678,1.1853,0,True,3.28,True,-0.1144320292951119,0.8920325874612368,-0.4372449811931675,0.46,0.0000,0.00,0.0000,0.0000,1.0000,0.5340,0,1640,0,0,0.025643
1028,42,274000000,42.274000000,-18.81070588722261,-39.84987391435644,7.264699062530057,-0.06934118006854473,-0.06576273651370114,0.3210187087127102,0.9422388507641548,1636,1636,1634,1634,1634,0,0.9988,1.0000,5.6615,10.5700,1.1880,0,True,3.28,True,-0.04090595761091299,0.8549746830917232,-0.5170541498761437,0.42,0.0000,0.00,0.0000,0.0000,1.0000,1.1804,0,1636,0,0,0.024508
1029,42,307000000,42.307000000,-19.101143606910465,-39.1858912470528,6.575661365083222,-0.06650288748160621,-0.06486633613155009,0.3211625802131989,0.9424565355836195,1634,1634,1631,1631,1631,0,0.9982,1.0000,5.6811,88.3569,1.2312,0,True,3.28,True,0.12495338463251564,0.8129294564384584,-0.5687990423018938,0.34,0.0000,0.00,0.0000,0.0000,1.0000,1.1171,0,1634,0,0,0.034078
1030,42,340000000,42.340000000,-18.90827208668183,-39.19249607327414,5.594459574952742,-0.071479360583436,-0.06600473889447332,0.319738983159738,0.9424972456734462,1631,1630,1256,1528,1256,0,0.7706,0.9994,6.7506,436.1612,1.2586,0,True,3.28,True,0.0693500136827983,0.04360055340093245,-0.9966391359691469,0.61,0.0000,0.00,0.0000,0.0000,1.0000,1.3255,0,1630,0,0,0.015573
1031,42,373000000,42.373000000,-19.488324047268694,-38.57901321083095,5.05856919389723,-0.0678026576450043,-0.06517704098390172,0.31996900094504616,0.9427484242251939,1256,1256,1256,1256,1256,0,1.0000,1.0000,5.6206,9.7239,1.1795,0,True,3.28,True,-0.1230376100408766,0.9207291779017849,-0.3702965399186613,0.43,0.0000,0.00,0.0000,0.0000,1.0000,1.5750,0,1256,0,0,0.020656
1032,42,406000000,42.406000000,-19.21580917319426,-38.62629346157706,4.097580004937458,-0.07279131789435209,-0.06727501641093858,0.3183717198477377,0.94276982567714,1256,1256,1040,1244,1040,0,0.8280,1.0000,5.5373,9.4850,1.1795,0,True,3.28,True,0.10905706219652835,-0.036227564401949734,-0.9933751158361906,0.65,0.0000,0.00,0.0000,0.0000,1.0000,1.7891,0,1256,0,0,0.038172
1033,42,439000000,42.439000000,-19.808962970101007,-38.05096125582835,3.5344091372219815,-0.06942401757515577,-0.06650632895162653,0.318068624577813,0.9431805575033239,1040,1040,1040,1040,1040,0,1.0000,1.0000,5.5596,9.1627,1.1857,0,True,3.28,True,-0.1618670863869223,0.9042858848537253,-0.3950520026514534,0.40,0.0000,0.00,0.0000,0.0000,1.0000,1.7876,0,1040,0,0,0.023541
1034,42,472000000,42.472000000,-20.198274360348176,-37.484492661201,2.808082783077574,-0.06714747539290641,-0.06362941410269254,0.31950002381417936,0.9430600452739188,1040,1040,1040,1040,1040,0,1.0000,1.0000,5.4769,8.9691,1.1804,0,True,3.28,True,-0.02103266084491754,0.8022280181002706,-0.596647160516745,0.45,0.0000,0.00,0.0000,0.0000,1.0000,1.9766,0,1040,0,0,0.024638
1035,42,505000000,42.505000000,-19.492283554495238,-37.93525839975059,3.354331106645652,-0.06472164819626818,-0.06649069563158937,0.31445344300772765,0.944727012332013,1040,1040,920,1038,920,0,0.8846,1.0000,5.4157,8.7366,1.1958,0,True,3.28,True,0.3227671678997125,-0.8654719166097475,0.38311841105048605,0.75,0.0000,0.00,0.0000,0.0000,1.0000,2.0927,0,1040,0,0,0.023963
1036,42,538000000,42.538000000,-19.94578117436519,-37.328486546282605,2.7015157984525264,-0.06206002380067892,-0.0653125303527474,0.31440745304098816,0.9450030583532836,920,920,920,920,920,0,1.0000,1.0000,5.1982,8.5324,1.2551,0,True,1.64,True,-0.04951199827214583,0.8543626911716456,-0.5173132068302936,0.34,0.0000,0.00,0.0000,0.0000,1.0000,1.5958,0,920,0,0,0.009341
1037,42,571000000,42.571000000,-20.305240207674345,-36.70524839097025,2.0069919290748968,-0.059792319430701533,-0.06432881306520327,0.31404028376076715,0.9453387660104583,920,920,920,920,920,0,1.0000,1.0000,5.1276,8.2723,1.2639,0,True,1.64,True,0.03144510489959372,0.8158958630918296,-0.5773431786792775,0.29,0.0000,0.00,0.0000,0.0000,1.0000,1.1851,0,920,0,0,0.021703
1038,42,604000000,42.604000000,-20.845799437001403,-36.13776460708966,1.3858978342536044,-0.05714342345753918,-0.06233124867591595,0.3149415037872842,0.9453366034308931,920,920,920,920,920,0,1.0000,1.0000,5.0631,8.1881,1.2825,0,True,1.64,True,-0.14037144279814087,0.8636001597346765,-0.48424231759833797,0.39,0.0000,0.00,0.0000,0.0000,1.0000,2.7466,0,920,0,0,0.034926
1039,42,637000000,42.637000000,-21.135381127597,-35.431630068192064,0.7397427000577507,-0.05456743941950925,-0.062378011680383726,0.31340078328702,0.9459975302552763,920,920,851,920,851,0,0.9250,1.0000,4.9757,7.8707,1.2811,0,True,1.64,True,0.14272309585554585,0.8269908182206444,-0.5437980364879575,0.35,0.0000,0.00,0.0000,0.0000,1.0000,2.3432,0,920,0,0,0.027857
1040,42,670000000,42.670000000,-21.107468065973627,-35.53077818503621,-0.2549384106089012,-0.06065138165855194,-0.060491031870001905,0.3118533865222156,0.9462609102572275,851,851,851,851,851,0,1.0000,1.0000,5.0583,7.6751,1.2854,0,True,1.64,True,-0.12062263853040385,0.046140763289222196,-0.9916255387176408,0.75,0.0000,0.00,0.0000,0.0000,1.0000,1.3334,0,851,0,0,0.016089
1041,42,703000000,42.703000000,-21.51067398436234,-35.35551776053931,0.6432312676710272,-0.06620107257093741,-0.06554388686526483,0.31114773464817,0.9457845970982837,851,851,442,851,442,0,0.5194,1.0000,4.9626,7.4861,1.2931,0,True,1.64,True,-0.14826025121012806,0.23790887022449297,0.9599053429269029,0.87,0.0000,0.00,0.0000,0.0000,1.0000,2.9896,0,851,0,0,0.037479
1042,42,736000000,42.736000000,-21.658005867139096,-35.77988184546782,-0.25019384935905675,-0.07400156742154312,-0.06439940742889438,0.30920991200130793,0.9459205646681467,442,442,442,442,442,0,1.0000,1.0000,4.4976,5.9394,1.4035,0,True,1.64,True,-0.4449455537795057,-0.104722996730932,-0.8894135978989429,0.93,0.0000,0.00,0.0000,0.0000,1.0000,1.1126,0,442,0,0,0.014428
1043,42,769000000,42.769000000,-22.029271292316583,-35.144684871979166,-0.9274580437017126,-0.0714952483653386,-0.062193524006318314,0.3102227084346492,0.9459293135347507,442,442,442,442,442,0,1.0000,1.0000,4.4385,5.8558,1.4193,0,True,1.64,True,0.028918183583861893,0.8422084725330327,-0.5383759164856708,0.40,0.0000,0.00,0.0000,0.0000,1.0000,2.2512,0,442,0,0,0.022929
1044,42,802000000,42.802000000,-21.4792142510077,-34.83327245092918,-1.7023512978485633,-0.07577374634441446,-0.06321870514418743,0.3086622979579744,0.9460387521154339,442,442,442,442,442,0,1.0000,1.0000,4.3830,5.7612,1.4183,0,True,1.64,True,0.5686638529893346,0.06506645634852795,-0.8199925478695336,0.54,0.0000,0.00,0.0000,0.0000,1.0000,1.5938,0,442,0,0,0.031000
1045,42,835000000,42.835000000,-21.47435112531669,-35.08285859592927,-2.670691685435741,-0.08288816013366196,-0.06258698236734558,0.3071082284667861,0.9459899357581972,442,442,442,442,442,0,1.0000,1.0000,4.3401,5.7146,1.4222,0,True,1.64,True,-0.2147868141001252,-0.025334587189629144,-0.9763323118593634,0.84,0.0000,0.00,0.0000,0.0000,1.0000,2.0011,0,442,0,0,0.031561
1046,42,868000000,42.868000000,-21.33245079802939,-35.89629490041974,-2.106612191345918,-0.0812797931372504,-0.06474867350527812,0.3029195388571696,0.9473336041149562,442,442,313,442,313,0,0.7081,1.0000,4.3119,5.6646,1.4171,0,True,1.64,True,-0.32898252508175296,-0.8399423770635719,0.4315869569433608,0.59,0.0000,0.00,0.0000,0.0000,1.0000,0.8718,0,442,0,0,0.014860
1047,42,901000000,42.901000000,-22.151793743866996,-35.39747522651137,-1.8240240280621345,-0.07958648629270758,-0.06855614035742692,0.30706789133414114,0.9458728016654657,313,313,313,313,313,0,1.0000,1.0000,4.0156,4.9761,1.5685,0,True,1.64,True,-0.34981616410815536,0.807704905822139,0.4745960771429804,0.69,0.0000,0.00,0.0000,0.0000,1.0000,1.7562,0,313,0,0,0.021028
1048,42,934000000,42.934000000,-22.10652814805209,-34.753660804753174,-2.587865645265379,-0.07865679535400379,-0.06789641880000145,0.30634331393349334,0.946233036237384,313,313,313,313,313,0,1.0000,1.0000,4.0042,4.8753,1.5971,0,True,1.64,True,0.3555884956316901,0.6356084318973482,-0.6852435647821769,0.16,0.0000,0.00,0.0000,0.0000,1.0000,1.2378,0,313,0,0,0.037730
1049,42,967000000,42.967000000,-22.815417572715738,-34.05291035674644,-2.6680192055006327,-0.07370364202427088,-0.06805389525775755,0.31491870925807636,0.9438022287809197,313,313,313,313,313,0,1.0000,1.0000,3.9862,4.9311,1.5951,0,True,1.64,True,-0.16199585124796506,0.9792225084951338,0.12198615919416751,1.17,0.0000,0.00,0.0000,0.0000,1.0000,1.0891,0,313,0,0,0.014521
1050,43,0,43.000000000,-22.968567541818363,-33.45027146957865,-3.4511995542307425,-0.07271263697232076,-0.06509650948951519,0.3162314750775182,0.9436487540643023,313,313,313,313,313,0,1.0000,1.0000,3.9855,4.8444,1.6078,0,True,1.64,True,0.17867465479161723,0.7085900239352647,-0.682624014897306,0.39,0.0000,0.00,0.0000,0.0000,1.0000,0.6051,0,313,0,0,0.024872
1051,43,33000000,43.033000000,-23.00157197521258,-33.13027834627166,-2.50435473673817,-0.07811349601505986,-0.07211146519935686,0.3157601789687731,0.9428646391209692,313,313,313,313,313,0,1.0000,1.0000,3.9853,4.9583,1.6030,0,True,1.64,True,0.2406672877066163,0.10307612266980704,0.9651189406302727,1.02,0.0000,0.00,0.0000,0.0000,1.0000,1.3196,0,313,0,0,0.042496
1052,43,66000000,43.066000000,-22.013084747788778,-33.09085967583422,-2.3582754102031456,-0.07742897470486057,-0.07464539564795103,0.3118479099131131,0.9440252644222705,313,313,313,313,313,0,1.0000,1.0000,3.9869,4.8422,1.5946,0,True,1.64,True,0.8176671976348039,-0.5745398712074389,-0.036390799729958324,0.56,0.0000,0.00,0.0000,0.0000,1.0000,0.5972,0,313,0,0,0.012687
1053,43,99000000,43.099000000,-22.212928629336425,-32.827699941438425,-1.4144484254222005,-0.08374269052654501,-0.07967631515011019,0.3110400132745939,0.9433413786798585,313,313,313,313,313,0,1.0000,1.0000,3.9512,4.9050,1.5772,0,True,1.64,True,0.0866769766496228,0.1422564122057057,0.9860274919621871,0.93,0.0000,0.00,0.0000,0.0000,1.0000,0.6724,0,313,0,0,0.038205
1054,43,132000000,43.132000000,-23.210237612797158,-32.898101209034486,-1.4349045499176851,-0.08150048163123187,-0.08069964164622964,0.308079865290819,0.9444215350861278,313,313,217,313,217,0,0.6933,1.0000,3.8229,4.6792,1.5229,0,True,1.64,True,-0.835938143565645,0.5204000596179904,0.1743307146822248,0.46,0.0000,0.00,0.0000,0.0000,1.0000,0.5863,0,313,0,0,0.031586
1055,43,165000000,43.165000000,-24.14228556116457,-33.18544745647624,-1.2141812932698368,-0.07974310682115293,-0.08167284282229367,0.30480235073236667,0.9455506917388715,217,217,149,217,149,0,0.6866,1.0000,4.0034,4.7589,1.6704,0,True,1.64,True,-0.8914110904292395,0.2561752077418709,0.37384559753749025,0.46,0.0000,0.00,0.0000,0.0000,1.0000,0.4234,0,217,0,0,0.029527
1056,43,198000000,43.198000000,-24.339719644017375,-32.752743430783205,-2.0938329340214956,-0.08097544663337017,-0.06565692166750421,0.31287082658752596,0.9440571971814588,149,149,149,149,149,0,1.0000,1.0000,4.0314,4.5503,1.6318,0,True,1.64,True,0.0038348111828260542,0.634482054090075,-0.7729280802641545,2.07,0.0000,0.00,0.0000,0.0000,1.0000,0.2986,0,149,0,0,0.027516
1057,43,231000000,43.231000000,-23.852591283255514,-33.400244686192735,-1.5077884951053706,-0.0827319413038206,-0.07246698775706377,0.3006762537354585,0.9473635796319854,149,149,149,149,149,0,1.0000,1.0000,4.2554,4.7761,1.4168,0,True,1.64,True,0.04112898532762113,-0.9085070468713035,0.4158405371667165,1.66,0.0000,0.00,0.0000,0.0000,1.0000,0.1721,0,149,0,0,0.020838
1058,43,264000000,43.264000000,-23.99105802341121,-32.94977260257333,-0.6258010440890663,-0.08810740533670074,-0.11302863869046113,0.3140706920246297,0.9385207575604206,149,149,149,149,149,0,1.0000,1.0000,4.5332,5.0955,1.3270,0,True,1.64,True,0.2272808646025363,0.2633877831390998,0.9375341509932287,5.04,0.0000,0.00,0.0000,0.0000,1.0000,0.2487,0,149,0,0,0.044238
1059,43,297000000,43.297000000,-24.09706150607964,-32.3593024570562,-1.425868709299404,-0.09013341897492229,-0.10366357426799748,0.32002367676960186,0.9373978218775313,149,149,149,149,149,0,1.0000,1.0000,4.8390,5.4521,1.3517,0,True,1.64,True,0.15201115986574418,0.7143138204769816,-0.6831166614509192,1.30,0.0000,0.00,0.0000,0.0000,1.0000,0.1039,0,149,0,0,0.033688
1060,43,330000000,43.330000000,-24.97782396119607,-32.80785653876425,-1.2740242710070318,-0.08977158280308298,-0.1048883056323544,0.31528345221678633,0.9389014064431199,149,149,121,149,121,0,0.8121,1.0000,5.1727,5.7709,2.0768,0,True,1.64,True,-0.9381804155498961,0.12685784296691122,0.32206303040927686,0.59,0.0000,0.00,0.0000,0.0000,1.0000,0.0433,0,149,0,0,0.027888
1061,43,363000000,43.363000000,-24.735900981968616,-33.35234402555534,-0.47090121141428687,-0.10439665757136701,-0.16204240519215884,0.2621380955864281,0.9455830030461565,121,121,121,121,121,0,1.0000,1.0000,5.4072,6.1305,2.0928,0,True,1.64,True,-0.03138798571523634,-0.7546386033804484,0.6553894816372523,9.13,0.0000,0.00,0.0000,0.0000,1.0000,0.0089,0,121,0,0,0.041205
1062,43,396000000,43.396000000,-25.67086811906048,-33.396874486447814,-0.11897296501888605,-0.11695261721045999,-0.16405159095209448,0.25956461996671915,0.9444762405138855,121,121,97,121,97,0,0.8017,1.0000,5.7043,6.4680,1.1250,0,True,1.64,True,-0.692368099968804,0.2950541239949025,0.6584599289700087,1.49,0.0000,0.00,0.0000,0.0000,1.0000,0.0233,0,121,0,0,0.026607
1063,43,429000000,43.429000000,-25.67086811906048,-33.396874486447814,-0.11897296501888605,-0.11695261721045999,-0.16405159095209448,0.25956461996671915,0.9444762405138855,2000,0,0,0,0,0,0.0000,0.0000,0.0000,0.0000,0.0000,1,True,3.28,True,0.0,0.0,0.0,0.00,0.0000,0.00,0.0000,0.0000,1.0000,0.0770,0,2000,0,0,0.046160
1064,43,462000000,43.462000000,-25.83608051478266,-32.61686874011924,-0.7225422650947946,-0.11867135243610401,-0.16381200245641328,0.2591878195237038,0.9444069102737199,2000,1996,1810,1867,1810,0,0.9068,0.9980,11.1720,357.6396,3.0285,0,True,3.28,True,0.12792131063789028,0.9129706844479449,-0.38745408453561964,0.20,0.0000,0.00,0.0000,0.0000,1.0000,0.0416,0,1996,0,0,0.017998
1065,43,495000000,43.495000000,-26.164122637072747,-31.815190192512627,-1.222242047274813,-0.12045817718790838,-0.16515464797555354,0.25721179236758324,0.9444870902599424,1810,1800,1255,1735,1255,0,0.6972,0.9945,8.4825,104.9777,1.5752,0,True,3.28,True,0.033402234168942176,0.9736684871147827,-0.2255082436456217,0.34,0.0000,0.00,0.0000,0.0000,1.0000,0.1091,0,1800,0,0,0.040283
1066,43,528000000,43.528000000,-26.197076344603754,-31.07532178728099,-1.8941860896622298,-0.12303156044453825,-0.1648281094072031,0.25667817768640755,0.944357581948392,1255,1251,1248,1248,1248,0,0.9976,0.9968,8.9218,50.5288,1.2136,0,True,3.28,True,0.19412945926084438,0.8451845478197444,-0.4979727233231015,0.30,0.0000,0.00,0.0000,0.0000,1.0000,0.1590,0,1251,0,0,0.050589
1067,43,561000000,43.561000000,-26.268171109035215,-30.33323607620965,-2.560710156665185,-0.12562353942796847,-0.16485249191123935,0.2560134536214361,0.9441925088757427,1248,1244,1244,1244,1244,0,1.0000,0.9968,9.0509,18.0435,1.1921,0,True,3.28,True,0.16659022218730918,0.8646997246668673,-0.4738587173753659,0.31,0.0000,0.00,0.0000,0.0000,1.0000,0.1517,0,1244,0,0,0.044650
1068,43,594000000,43.594000000,-26.456202400387145,-29.578580361287177,-3.1893109722925246,-0.12780402130197394,-0.16558288687161007,0.2548932292958476,0.9440751460415864,1244,1244,1243,1243,1243,0,0.9992,1.0000,9.2270,18.5779,1.2165,0,True,3.28,True,0.0876802962731468,0.917208035272247,-0.38864068968325655,0.29,0.0000,0.00,0.0000,0.0000,1.0000,0.1803,0,1244,0,0,0.052220
1069,43,627000000,43.627000000,-26.598794776389862,-28.836547260275335,-3.84433333168847,-0.13013085915192585,-0.16632033019120024,0.253819054717362,0.9439170486456193,1243,1240,1239,1239,1239,0,0.9992,0.9976,9.3491,18.4883,1.2518,0,True,3.28,True,0.11017145218339108,0.8973204492420941,-0.4274087768118119,0.31,0.0000,0.00,0.0000,0.0000,1.0000,0.1426,0,1240,0,0,0.041858
1070,43,660000000,43.660000000,-26.194285163984922,-28.951100775838242,-4.751664288695987,-0.14561789641080278,-0.1670276787887839,0.2502579424777406,0.9424797849238632,1239,1230,908,1230,908,0,0.7382,0.9927,9.4179,18.6555,1.2520,0,True,3.28,True,0.04520998509670991,0.027274302054965765,-0.9986051119912064,1.83,0.0000,0.00,0.0000,0.0000,1.0000,0.1539,0,1230,0,0,0.046936
1071,43,693000000,43.693000000,-26.53842843165728,-28.15715890099014,-5.252884510433351,-0.14785668648084863,-0.16955223164274924,0.24853566074069247,0.9421361188002799,908,908,908,908,908,0,1.0000,1.0000,8.9214,17.3102,1.2394,0,True,3.28,True,0.010035990214489502,0.9859034239593448,-0.16701412373106417,0.44,0.0000,0.00,0.0000,0.0000,1.0000,0.1390,0,908,0,0,0.044724
1072,43,726000000,43.726000000,-26.470255715390724,-27.660127455484808,-6.117934926846001,-0.15246004919150372,-0.1669859316272013,0.2483340419990045,0.9419139215573559,908,908,908,908,908,0,1.0000,1.0000,8.9672,17.4044,1.2372,0,True,3.28,True,0.10072445491782557,0.6992996706019592,-0.7076966545614711,0.60,0.0000,0.00,0.0000,0.0000,1.0000,0.1119,0,908,0,0,0.039046
1073,43,759000000,43.759000000,-26.715321162801253,-26.87995408810033,-6.69349764567812,-0.15427880456880486,-0.16900422467084988,0.24741835807488768,0.94149868751462,908,908,908,908,908,0,1.0000,1.0000,8.9845,17.4396,1.2144,0,True,3.28,True,0.06605819285102724,0.9628880834192199,-0.2616922887028154,0.33,0.0000,0.00,0.0000,0.0000,1.0000,0.0483,0,908,0,0,0.018067
1074,43,792000000,43.792000000,-26.806977556985757,-26.140308741134046,-7.360223875937738,-0.15618524378578655,-0.1703698285852936,0.24659743859218944,0.9411535445458213,908,908,908,908,908,0,1.0000,1.0000,8.9722,17.4312,1.2201,0,True,3.28,True,0.1466882378435989,0.9012476238608211,-0.4077196112079524,0.29,0.0000,0.00,0.0000,0.0000,1.0000,0.1710,0,908,0,0,0.076268
1075,43,825000000,43.825000000,-26.398446444961554,-26.406664774886938,-8.233239794344549,-0.1730502054624583,-0.17173186311746672,0.24292505725300886,0.9389085206441717,908,908,768,908,768,0,0.8458,1.0000,8.9492,17.4031,1.2445,0,True,3.28,True,-0.01539855848403555,-0.05884175576919598,-0.9981485521577497,2.00,0.0000,0.00,0.0000,0.0000,1.0000,0.0628,0,908,0,0,0.037397
1076,43,858000000,43.858000000,-26.44773222265975,-25.759853948829306,-8.994296078341542,-0.1748859613587686,-0.17094509612473952,0.24399788401408573,0.9384336456176172,768,768,768,768,768,0,1.0000,1.0000,8.6791,15.9307,1.2334,0,True,3.28,True,0.1114980315700914,0.8620945870413411,-0.4943289511550123,0.27,0.0000,0.00,0.0000,0.0000,1.0000,0.0545,0,768,0,0,0.045323
1077,43,891000000,43.891000000,-26.006182849577073,-26.02610106263308,-9.851119645665323,-0.19082745070657736,-0.17244371241577902,0.24018707747841203,0.9360332354769633,768,768,740,768,740,0,0.9635,1.0000,8.6401,15.8603,1.2350,0,True,3.28,True,0.023540372710058603,-0.04134746369273244,-0.9988674777460971,1.91,0.0000,0.00,0.0000,0.0000,1.0000,0.0291,0,768,0,0,0.044705
1078,43,924000000,43.924000000,-25.68489809450498,-26.374240171174417,-10.73178715798896,-0.20749194742189891,-0.169423041566248,0.23550442788171602,0.9342272684896405,740,740,738,738,738,0,0.9973,1.0000,8.5360,15.5466,1.2483,0,True,3.28,True,-0.11791771169065743,-0.018371880920936858,-0.99285340673287,2.02,0.0000,0.00,0.0000,0.0000,1.0000,0.0028,0,740,0,0,0.043761
1079,43,957000000,43.957000000,-25.743925319118095,-25.76450348324174,-11.522190193245875,-0.20867027547614933,-0.17014155607383932,0.23527093265438914,0.933893010615999,738,738,738,738,738,0,1.0000,1.0000,8.4873,15.4461,1.2437,0,True,3.28,True,0.08911741593385826,0.8809283471520439,-0.46478310356685704,0.16,0.0000,0.00,0.0000,0.0000,1.0000,0.0233,0,738,0,0,0.042471
1080,43,990000000,43.990000000,-25.39183749636662,-25.274329017575482,-12.319537770077282,-0.2115986569464459,-0.17086168196803628,0.2338908824569525,0.9334491679341848,738,738,738,738,738,0,1.0000,1.0000,8.4151,15.3414,1.2625,0,True,3.28,True,0.3678339496965483,0.6381048698544096,-0.6764025136845102,0.38,0.0000,0.00,0.0000,0.0000,1.0000,0.0289,0,738,0,0,0.027989
1081,44,23000000,44.023000000,-24.915999435851095,-25.708196394993628,-13.084611125368864,-0.2271224826751738,-0.17535654216574945,0.23066345381521916,0.9297633204515928,738,738,435,738,435,0,0.5894,1.0000,8.3570,15.2304,1.3213,0,True,1.64,True,0.0068574552870128,-0.15753537963060782,-0.9874895338542211,1.94,0.0000,0.00,0.0000,0.0000,1.0000,0.1034,0,738,0,0,0.059550
1082,44,56000000,44.056000000,-24.977729712494405,-25.175665897256273,-13.928767889201938,-0.2276662958655759,-0.1762336498709726,0.23003552801154917,0.9296200375596748,435,435,435,435,435,0,1.0000,1.0000,8.0201,14.9199,1.2005,0,True,1.64,True,0.03265514366572577,0.8672939392188397,-0.49672413328369547,0.14,0.0000,0.00,0.0000,0.0000,1.0000,0.1088,0,435,0,0,0.043572
1083,44,89000000,44.089000000,-24.44644763639996,-25.54118433603382,-14.693055548748001,-0.24338893255233465,-0.18063201342530713,0.2268157911998504,0.9255746863972355,435,435,425,435,425,0,0.9770,1.0000,7.9664,14.8149,1.1885,0,True,1.64,True,0.08602011471076981,-0.0880546547138749,-0.9923945372926871,1.96,0.0000,0.00,0.0000,0.0000,1.0000,0.1289,0,435,0,0,0.041239
1084,44,122000000,44.122000000,-23.96661580699645,-25.96147070664637,-15.463198900448585,-0.25936358936622605,-0.18206708246407466,0.22270136911620828,0.9219469649539792,425,425,425,425,425,0,1.0000,1.0000,7.8562,14.6654,1.1869,0,True,1.64,True,0.013241898776653462,-0.07643185975936433,-0.9969868719950699,1.94,0.0000,0.00,0.0000,0.0000,1.0000,0.1511,0,425,0,0,0.040764
1085,44,155000000,44.155000000,-24.3062340739282,-25.481719731988385,-16.272209676075807,-0.25908987384394033,-0.18432028367773703,0.22157052729993199,0.9218486707310044,425,425,425,425,425,0,1.0000,1.0000,7.7761,14.5292,1.1895,0,True,1.64,True,-0.21923927289123937,0.9275095875163125,-0.30275420110617873,0.29,0.0000,0.00,0.0000,0.0000,1.0000,0.1058,0,425,0,0,0.025460
1086,44,188000000,44.188000000,-23.941864426487406,-25.054621781438833,-17.099749464037835,-0.26054673182093196,-0.18541732098966798,0.2204549027954969,0.9214854602476773,425,425,425,425,425,0,1.0000,1.0000,7.6985,14.3716,1.2246,0,True,1.64,True,0.3328901444103609,0.676670743230213,-0.6567349975528335,0.25,0.0000,0.00,0.0000,0.0000,1.0000,0.2391,0,425,0,0,0.050866
1087,44,221000000,44.221000000,-24.17326482623205,-24.63121417155573,-17.97563749962861,-0.26018597441414193,-0.18845047556114985,0.21812010909823926,0.9215276962663207,425,425,367,425,367,0,0.8635,1.0000,7.6118,14.2263,1.2544,0,True,1.64,True,-0.1787479852920027,0.8886144809906258,-0.42239017735715695,0.44,0.0000,0.00,0.0000,0.0000,1.0000,0.2112,0,425,0,0,0.039987
1088,44,254000000,44.254000000,-23.771996109683535,-25.14670575884513,-18.732771464362305,-0.27578272223251854,-0.18840375914702648,0.21323967975345096,0.9181376545137099,367,367,367,367,367,0,1.0000,1.0000,7.8223,14.0584,1.2691,0,True,1.64,True,-0.10023076817143471,-0.0932921832006332,-0.990580820360168,1.91,0.0000,0.00,0.0000,0.0000,1.0000,0.1603,0,367,0,0,0.028190
1089,44,287000000,44.287000000,-23.540223659146573,-24.755408113023048,-19.623371084588012,-0.27630250388621774,-0.1886236411955513,0.21300841612036758,0.9179899035339283,367,367,367,367,367,0,1.0000,1.0000,7.7404,13.9232,1.2868,0,True,1.64,True,0.18475773205745477,0.7520928752281513,-0.6326301348149946,0.07,0.0000,0.00,0.0000,0.0000,1.0000,0.2357,0,367,0,0,0.038983
1090,44,320000000,44.320000000,-23.247962458201794,-24.392543689691784,-20.508194683223792,-0.27699615948115636,-0.18916860364337434,0.21231522158592395,0.9178292944285587,367,367,367,367,367,0,1.0000,1.0000,7.6429,13.7507,1.2968,0,True,1.64,True,0.2224045211944873,0.7106583546022015,-0.6674585619994267,0.13,0.0000,0.00,0.0000,0.0000,1.0000,0.2537,0,367,0,0,0.039552
1091,44,353000000,44.353000000,-22.953178075221793,-24.03171323736179,-21.393013055672295,-0.27762291994042704,-0.18960365926263045,0.21179343348031154,0.9176706970654519,367,367,367,367,367,0,1.0000,1.0000,7.5491,13.5939,1.3331,0,True,1.64,True,0.22237504929046975,0.7099113793063875,-0.6682628008383853,0.11,0.0000,0.00,0.0000,0.0000,1.0000,0.3276,0,367,0,0,0.048389
1092,44,386000000,44.386000000,-22.544368174365395,-24.54282184734424,-22.149083458322462,-0.29301772552128397,-0.18814270940778563,0.20670250411010546,0.9143396569227668,367,367,367,367,367,0,1.0000,1.0000,7.4540,13.4459,1.3322,0,True,1.64,True,-0.08393225647303065,-0.056374944481491336,-0.9948754906811477,1.90,0.0000,0.00,0.0000,0.0000,1.0000,0.2207,0,367,0,0,0.031282
1093,44,419000000,44.419000000,-22.174489244957254,-25.00553609134225,-22.954741640172077,-0.30970144544732375,-0.18045044388985448,0.20127245916648873,0.9115986228427877,367,367,367,367,367,0,1.0000,1.0000,7.3773,13.3023,1.3310,0,True,1.64,True,-0.09342971994339792,0.051616608995192687,-0.9942869872964926,2.22,0.0000,0.00,0.0000,0.0000,1.0000,0.3032,0,367,0,0,0.041784
1094,44,452000000,44.452000000,-21.955134657479462,-24.729534209252925,-23.890533564712776,-0.30947079022255003,-0.17976915828780773,0.20158160953957102,0.9117432393075144,367,367,367,367,367,0,1.0000,1.0000,7.2826,13.1244,1.3703,0,True,1.64,True,0.12821894095746933,0.7410851237889278,-0.6590544305886232,0.09,0.0000,0.00,0.0000,0.0000,1.0000,0.2143,0,367,0,0,0.029001
1095,44,485000000,44.485000000,-21.503218725155357,-24.486955882161894,-24.74897852237596,-0.3103920004770517,-0.18068610998181586,0.20064743538286878,0.9114548493336193,367,367,367,367,367,0,1.0000,1.0000,7.1950,12.9963,1.4090,0,True,1.64,True,0.3278394974405032,0.6072176785168073,-0.7237457805159334,0.19,0.0000,0.00,0.0000,0.0000,1.0000,0.2679,0,367,0,0,0.035953
1096,44,518000000,44.518000000,-21.073698750665116,-24.888873293765613,-25.557665721337134,-0.3240003116086444,-0.17351082897502337,0.1959167121184749,0.9091393909729069,367,367,367,367,367,0,1.0000,1.0000,7.0988,12.8419,1.3745,0,True,1.64,True,0.009170127361376498,0.1151695939701739,-0.9933035152403928,1.86,0.0000,0.00,0.0000,0.0000,1.0000,0.2837,0,367,0,0,0.038051
1097,44,551000000,44.551000000,-20.654718603413176,-25.49673262618328,-26.232174926760965,-0.33886244846593117,-0.17397994919078233,0.19136285890233656,0.9045902246497975,367,367,367,367,367,0,1.0000,1.0000,7.0129,12.6939,1.4208,0,True,1.64,True,-0.0504643014494935,-0.09249325313913336,-0.9944336842660525,1.86,0.0000,0.00,0.0000,0.0000,1.0000,0.2438,0,367,0,0,0.032975
1098,44,584000000,44.584000000,-20.38503913291517,-25.312368300598365,-27.177311307736495,-0.3384714466303254,-0.17383667872942776,0.19136892161566918,0.9047628555505318,367,367,367,367,367,0,1.0000,1.0000,6.9311,12.5339,1.4875,0,True,1.64,True,0.14425352403798222,0.7093154944388607,-0.6899727894283785,0.05,0.0000,0.00,0.0000,0.0000,1.0000,0.2690,0,367,0,0,0.037026
1099,44,617000000,44.617000000,-19.91249750736049,-25.162781617759837,-28.045832025068847,-0.33912347628293615,-0.1749127667673447,0.19045267307978644,0.9045045998624514,367,367,367,367,367,0,1.0000,1.0000,6.8574,12.4441,1.4668,0,True,1.64,True,0.3180836606643466,0.5860600190452221,-0.7452224090129622,0.18,0.0000,0.00,0.0000,0.0000,1.0000,0.2220,0,367,0,0,0.031408
1100,44,650000000,44.650000000,-19.46086062606869,-25.706984920137383,-28.752844679226033,-0.35380918182790644,-0.1715627229337446,0.18518012376815554,0.9006073599049905,367,367,367,367,367,0,1.0000,1.0000,6.7835,12.2780,1.4945,0,True,1.64,True,0.006797710636215527,-0.0007344851659768735,-0.9999766255576413,1.88,0.0000,0.00,0.0000,0.0000,1.0000,0.1689,0,367,0,0,0.024545
1101,44,683000000,44.683000000,-19.03388965511137,-25.571895323534573,-29.64696245158572,-0.35381199771379335,-0.1730229631584964,0.18439674258336963,0.9004876266880466,367,367,367,367,367,0,1.0000,1.0000,6.7099,12.1856,1.4952,0,True,1.64,True,0.27487310879243393,0.6280435446753455,-0.728015164714589,0.19,0.0000,0.00,0.0000,0.0000,1.0000,0.2953,0,367,0,0,0.044849
1102,44,716000000,44.716000000,-18.80994001142408,-25.448752434032812,-30.6137521835634,-0.3527719380115167,-0.17288192369715707,0.18457122334534928,0.9008869317085081,367,367,367,367,367,0,1.0000,1.0000,6.6462,12.0510,1.5124,0,True,1.64,True,0.07617214473911472,0.7147203107278811,-0.6952500857956684,0.13,0.0000,0.00,0.0000,0.0000,1.0000,0.1818,0,367,0,0,0.029112
1103,44,749000000,44.749000000,-18.442232365026758,-25.43168191459698,-31.543536935076954,-0.35301112819755864,-0.17053112763571154,0.18458411010969242,0.9012385833790031,367,367,367,367,367,0,1.0000,1.0000,6.5926,11.9452,1.5273,0,True,1.64,True,0.1598904273273233,0.5845492858056378,-0.7954477881754433,0.27,0.0000,0.00,0.0000,0.0000,1.0000,0.1371,0,367,0,0,0.022961
1104,44,782000000,44.782000000,-18.154424799148803,-25.334879062039857,-32.496320232978526,-0.35222396665997885,-0.1708307311908642,0.18446455792099345,0.901514262484026,367,367,367,367,367,0,1.0000,1.0000,6.5303,11.8503,1.5507,0,True,1.64,True,0.12662043749606383,0.6712084650253837,-0.7303741926482438,0.10,0.0000,0.00,0.0000,0.0000,1.0000,0.2294,0,367,0,0,0.031480
