frame_idx,timestamp_sec,timestamp_nanosec,timestamp_total_sec,pos_x,pos_y,pos_z,rot_x,rot_y,rot_z,rot_w,num_detected,num_matched,num_inliers,num_inliers_E,num_inliers_pose,num_inliers_H,inlier_ratio,feature_survival_rate,feature_vel_mean,feature_vel_max,mean_lk_err,consecutive_low_inliers,failure_triggered_streak,window_low_inlier_pct,failure_triggered_window,rel_tx,rel_ty,rel_tz,rel_rot_deg,eis_dt_ms,eis_crop_pct,eis_warp_deg,eis_cum_warp_deg,eis_gate_scale,eis_yaw_rate_deg,is_r_frame,num_active,num_pending,promotions_this_frame,bd_ratio
0,8,350000000,8.350000000,0.0,0.0,0.0,0.0,0.0,0.0,1.0,963,0,0,0,0,0,0.0000,0.0000,0.0000,0.0000,0.0000,1,False,100.00,True,0.0,0.0,0.0,0.00,0.0000,0.00,0.0000,0.0000,1.0000,0.0000,1,0,963,0,0.000000
1,8,383000000,8.383000000,0.0,0.0,0.0,0.0,0.0,0.0,1.0,963,963,0,0,0,0,0.0000,1.0000,0.0000,0.0000,0.0000,2,False,100.00,True,0.0,0.0,0.0,0.00,0.0000,0.00,0.0000,0.0000,1.0000,0.0000,1,0,963,0,0.000000
2,8,416000000,8.416000000,0.0,0.0,0.0,0.0,0.0,0.0,1.0,963,963,0,0,0,0,0.0000,1.0000,0.0000,0.0000,0.0000,3,False,100.00,True,0.0,0.0,0.0,0.00,0.0000,0.00,0.0000,0.0000,1.0000,0.0000,1,0,963,0,0.000000
3,8,449000000,8.449000000,0.0,0.0,0.0,0.0,0.0,0.0,1.0,963,963,0,0,0,0,0.0000,1.0000,0.0000,0.0000,0.0000,4,False,100.00,True,0.0,0.0,0.0,0.00,0.0000,0.00,0.0000,0.0000,1.0000,0.0000,1,0,963,0,0.000000
4,8,482000000,8.482000000,0.0,0.0,0.0,0.0,0.0,0.0,1.0,963,963,0,0,0,0,0.0000,1.0000,0.0000,0.0000,0.0000,5,False,100.00,True,0.0,0.0,0.0,0.00,0.0000,0.00,0.0000,0.0000,1.0000,0.0000,1,0,963,0,0.000000
5,8,515000000,8.515000000,0.0,0.0,0.0,0.0,0.0,0.0,1.0,963,963,0,0,0,0,0.0000,1.0000,0.0000,0.0000,0.0000,6,False,100.00,True,0.0,0.0,0.0,0.00,0.0000,0.00,0.0000,0.0000,1.0000,0.0000,1,0,963,0,0.000000
6,8,548000000,8.548000000,0.0,0.0,0.0,0.0,0.0,0.0,1.0,963,963,0,0,0,0,0.0000,1.0000,0.0000,0.0000,0.0000,7,False,100.00,True,0.0,0.0,0.0,0.00,0.0000,0.00,0.0000,0.0000,1.0000,0.0000,1,0,963,0,0.000000
7,8,581000000,8.581000000,0.0,0.0,0.0,0.0,0.0,0.0,1.0,963,963,0,0,0,0,0.0000,1.0000,0.0000,0.0000,0.0000,8,False,100.00,True,0.0,0.0,0.0,0.00,0.0000,0.00,0.0000,0.0000,1.0000,0.0000,1,0,963,0,0.000000
8,8,614000000,8.614000000,0.0,0.0,0.0,0.0,0.0,0.0,1.0,963,963,0,0,0,0,0.0000,1.0000,0.0000,0.0000,0.0000,9,False,100.00,True,0.0,0.0,0.0,0.00,0.0000,0.00,0.0000,0.0000,1.0000,0.0000,1,0,963,0,0.000000
9,8,647000000,8.647000000,0.0,0.0,0.0,0.0,0.0,0.0,1.0,963,963,0,0,0,0,0.0000,1.0000,0.0000,0.0000,0.0000,10,True,100.00,True,0.0,0.0,0.0,0.00,0.0000,0.00,0.0000,0.0000,1.0000,0.0000,1,0,963,0,0.000000
10,8,680000000,8.680000000,0.0,0.0,0.0,0.0,0.0,0.0,1.0,963,963,0,0,0,0,0.0000,1.0000,0.0000,0.0000,0.0000,11,True,100.00,True,0.0,0.0,0.0,0.00,0.0000,0.00,0.0000,0.0000,1.0000,0.0000,1,0,963,0,0.000000
11,8,713000000,8.713000000,0.0,0.0,0.0,0.0,0.0,0.0,1.0,963,963,0,0,0,0,0.0000,1.0000,0.0000,0.0000,0.0000,12,True,100.00,True,0.0,0.0,0.0,0.00,0.0000,0.00,0.0000,0.0000,1.0000,0.0000,1,0,963,0,0.000000
12,8,746000000,8.746000000,0.0,0.0,0.0,0.0,0.0,0.0,1.0,963,963,0,0,0,0,0.0000,1.0000,0.0000,0.0000,0.0000,13,True,100.00,True,0.0,0.0,0.0,0.00,0.0000,0.00,0.0000,0.0000,1.0000,0.0000,1,0,963,0,0.000000
13,8,779000000,8.779000000,0.0,0.0,0.0,0.0,0.0,0.0,1.0,963,963,0,0,0,0,0.0000,1.0000,0.0000,0.0000,0.0000,14,True,100.00,True,0.0,0.0,0.0,0.00,0.0000,0.00,0.0000,0.0000,1.0000,0.0000,1,0,963,0,0.000000
14,8,812000000,8.812000000,0.0,0.0,0.0,0.0,0.0,0.0,1.0,963,963,0,0,0,0,0.0000,1.0000,0.0000,0.0000,0.0000,15,True,100.00,True,0.0,0.0,0.0,0.00,0.0000,0.00,0.0000,0.0000,1.0000,0.0000,1,0,963,0,0.000000
15,8,845000000,8.845000000,0.0,0.0,0.0,0.0,0.0,0.0,1.0,963,963,0,0,0,0,0.0000,1.0000,0.0000,0.0000,0.0000,16,True,100.00,True,0.0,0.0,0.0,0.00,0.0000,0.00,0.0000,0.0000,1.0000,0.0000,1,0,963,0,0.000000
16,8,878000000,8.878000000,0.0,0.0,0.0,0.0,0.0,0.0,1.0,963,963,0,0,0,0,0.0000,1.0000,0.0000,0.0000,0.0000,17,True,100.00,True,0.0,0.0,0.0,0.00,0.0000,0.00,0.0000,0.0000,1.0000,0.0000,1,0,963,0,0.000000
17,8,911000000,8.911000000,0.0,0.0,0.0,0.0,0.0,0.0,1.0,963,963,0,0,0,0,0.0000,1.0000,0.0000,0.0000,0.0000,18,True,100.00,True,0.0,0.0,0.0,0.00,0.0000,0.00,0.0000,0.0000,1.0000,0.0000,1,0,963,0,0.000000
18,8,944000000,8.944000000,0.0,0.0,0.0,0.0,0.0,0.0,1.0,963,963,0,0,0,0,0.0000,1.0000,0.0000,0.0000,0.0000,19,True,100.00,True,0.0,0.0,0.0,0.00,0.0000,0.00,0.0000,0.0000,1.0000,0.0000,1,0,963,0,0.000000
19,8,977000000,8.977000000,0.0,0.0,0.0,0.0,0.0,0.0,1.0,963,963,0,0,0,0,0.0000,1.0000,0.0000,0.0000,0.0000,20,True,100.00,True,0.0,0.0,0.0,0.00,0.0000,0.00,0.0000,0.0000,1.0000,0.0000,1,0,963,0,0.000000
20,9,10000000,9.010000000,0.0,0.0,0.0,0.0,0.0,0.0,1.0,963,963,0,0,0,0,0.0000,1.0000,0.0000,0.0000,0.0000,21,True,100.00,True,0.0,0.0,0.0,0.00,0.0000,0.00,0.0000,0.0000,1.0000,0.0000,1,0,963,0,0.000000
21,9,43000000,9.043000000,0.0,0.0,0.0,0.0,0.0,0.0,1.0,963,963,0,0,0,0,0.0000,1.0000,0.0000,0.0000,0.0000,22,True,100.00,True,0.0,0.0,0.0,0.00,0.0000,0.00,0.0000,0.0000,1.0000,0.0000,1,0,963,0,0.000000
22,9,76000000,9.076000000,0.0,0.0,0.0,0.0,0.0,0.0,1.0,963,963,0,0,0,0,0.0000,1.0000,0.0000,0.0000,0.0000,23,True,100.00,True,0.0,0.0,0.0,0.00,0.0000,0.00,0.0000,0.0000,1.0000,0.0000,1,0,963,0,0.000000
23,9,109000000,9.109000000,0.0,0.0,0.0,0.0,0.0,0.0,1.0,963,963,0,0,0,0,0.0000,1.0000,0.0000,0.0000,0.0000,24,True,100.00,True,0.0,0.0,0.0,0.00,0.0000,0.00,0.0000,0.0000,1.0000,0.0000,1,0,963,0,0.000000
24,9,142000000,9.142000000,0.0,0.0,0.0,0.0,0.0,0.0,1.0,963,963,0,0,0,0,0.0000,1.0000,0.0000,0.0000,0.0000,25,True,100.00,True,0.0,0.0,0.0,0.00,0.0000,0.00,0.0000,0.0000,1.0000,0.0000,1,0,963,0,0.000000
25,9,175000000,9.175000000,0.0,0.0,0.0,0.0,0.0,0.0,1.0,963,963,0,0,0,0,0.0000,1.0000,0.0000,0.0000,0.0000,26,True,100.00,True,0.0,0.0,0.0,0.00,0.0000,0.00,0.0000,0.0000,1.0000,0.0000,1,0,963,0,0.000000
26,9,208000000,9.208000000,0.0,0.0,0.0,0.0,0.0,0.0,1.0,963,963,0,0,0,0,0.0000,1.0000,0.0000,0.0000,0.0000,27,True,100.00,True,0.0,0.0,0.0,0.00,0.0000,0.00,0.0000,0.0000,1.0000,0.0000,1,0,963,0,0.000000
27,9,241000000,9.241000000,0.0,0.0,0.0,0.0,0.0,0.0,1.0,963,963,0,0,0,0,0.0000,1.0000,0.0000,0.0000,0.0000,28,True,100.00,True,0.0,0.0,0.0,0.00,0.0000,0.00,0.0000,0.0000,1.0000,0.0000,1,0,963,0,0.000000
28,9,274000000,9.274000000,0.0,0.0,0.0,0.0,0.0,0.0,1.0,963,963,0,0,0,0,0.0000,1.0000,0.0000,0.0000,0.0000,29,True,100.00,True,0.0,0.0,0.0,0.00,0.0000,0.00,0.0000,0.0000,1.0000,0.0000,1,0,963,0,0.000000
29,9,307000000,9.307000000,0.0,0.0,0.0,0.0,0.0,0.0,1.0,963,963,0,0,0,0,0.0000,1.0000,0.0000,0.0000,0.0000,30,True,100.00,True,0.0,0.0,0.0,0.00,0.0000,0.00,0.0000,0.0000,1.0000,0.0000,1,0,963,0,0.000000
30,9,340000000,9.340000000,0.0,0.0,0.0,0.0,0.0,0.0,1.0,963,963,0,0,0,0,0.0000,1.0000,0.0000,0.0000,0.0000,31,True,100.00,True,0.0,0.0,0.0,0.00,0.0000,0.00,0.0000,0.0000,1.0000,0.0000,1,0,963,0,0.000000
31,9,373000000,9.373000000,0.0,0.0,0.0,0.0,0.0,0.0,1.0,963,963,0,0,0,0,0.0000,1.0000,0.0000,0.0000,0.0000,32,True,100.00,True,0.0,0.0,0.0,0.00,0.0000,0.00,0.0000,0.0000,1.0000,0.0000,1,0,963,0,0.000000
32,9,406000000,9.406000000,0.0,0.0,0.0,0.0,0.0,0.0,1.0,963,963,0,0,0,0,0.0000,1.0000,0.0000,0.0000,0.0000,33,True,100.00,True,0.0,0.0,0.0,0.00,0.0000,0.00,0.0000,0.0000,1.0000,0.0000,1,0,963,0,0.000000
33,9,439000000,9.439000000,0.0,0.0,0.0,0.0,0.0,0.0,1.0,963,963,0,0,0,0,0.0000,1.0000,0.0000,0.0000,0.0000,34,True,100.00,True,0.0,0.0,0.0,0.00,0.0000,0.00,0.0000,0.0000,1.0000,0.0000,1,0,963,0,0.000000
34,9,472000000,9.472000000,0.0,0.0,0.0,0.0,0.0,0.0,1.0,963,963,0,0,0,0,0.0000,1.0000,0.0000,0.0000,0.0000,35,True,100.00,True,0.0,0.0,0.0,0.00,0.0000,0.00,0.0000,0.0000,1.0000,0.0000,1,0,963,0,0.000000
35,9,505000000,9.505000000,0.0,0.0,0.0,0.0,0.0,0.0,1.0,963,963,0,0,0,0,0.0000,1.0000,0.0000,0.0000,0.0000,36,True,100.00,True,0.0,0.0,0.0,0.00,0.0000,0.00,0.0000,0.0000,1.0000,0.0000,1,0,963,0,0.000000
36,9,538000000,9.538000000,0.0,0.0,0.0,0.0,0.0,0.0,1.0,963,963,0,0,0,0,0.0000,1.0000,0.0000,0.0000,0.0000,37,True,100.00,True,0.0,0.0,0.0,0.00,0.0000,0.00,0.0000,0.0000,1.0000,0.0000,1,0,963,0,0.000000
37,9,571000000,9.571000000,0.0,0.0,0.0,0.0,0.0,0.0,1.0,963,963,0,0,0,0,0.0000,1.0000,0.0000,0.0000,0.0000,38,True,100.00,True,0.0,0.0,0.0,0.00,0.0000,0.00,0.0000,0.0000,1.0000,0.0000,1,0,963,0,0.000000
38,9,604000000,9.604000000,0.0,0.0,0.0,0.0,0.0,0.0,1.0,963,963,0,0,0,0,0.0000,1.0000,0.0000,0.0000,0.0000,39,True,100.00,True,0.0,0.0,0.0,0.00,0.0000,0.00,0.0000,0.0000,1.0000,0.0000,1,0,963,0,0.000000
39,9,637000000,9.637000000,0.0,0.0,0.0,0.0,0.0,0.0,1.0,963,963,0,0,0,0,0.0000,1.0000,0.0000,0.0000,0.0000,40,True,100.00,True,0.0,0.0,0.0,0.00,0.0000,0.00,0.0000,0.0000,1.0000,0.0000,1,0,963,0,0.000000
40,9,670000000,9.670000000,0.0,0.0,0.0,0.0,0.0,0.0,1.0,963,963,0,0,0,0,0.0000,1.0000,0.0000,0.0000,0.0000,41,True,100.00,True,0.0,0.0,0.0,0.00,0.0000,0.00,0.0000,0.0000,1.0000,0.0000,1,0,963,0,0.000000
41,9,703000000,9.703000000,0.0,0.0,0.0,0.0,0.0,0.0,1.0,963,963,0,0,0,0,0.0000,1.0000,0.0000,0.0000,0.0000,42,True,100.00,True,0.0,0.0,0.0,0.00,0.0000,0.00,0.0000,0.0000,1.0000,0.0000,1,0,963,0,0.000000
42,9,736000000,9.736000000,0.0,0.0,0.0,0.0,0.0,0.0,1.0,963,963,0,0,0,0,0.0000,1.0000,0.0000,0.0000,0.0000,43,True,100.00,True,0.0,0.0,0.0,0.00,0.0000,0.00,0.0000,0.0000,1.0000,0.0000,1,0,963,0,0.000000
43,9,769000000,9.769000000,0.0,0.0,0.0,0.0,0.0,0.0,1.0,963,963,0,0,0,0,0.0000,1.0000,0.0000,0.0000,0.0000,44,True,100.00,True,0.0,0.0,0.0,0.00,0.0000,0.00,0.0000,0.0000,1.0000,0.0000,1,0,963,0,0.000000
44,9,802000000,9.802000000,0.0,0.0,0.0,0.0,0.0,0.0,1.0,963,963,0,0,0,0,0.0000,1.0000,0.0000,0.0000,0.0000,45,True,100.00,True,0.0,0.0,0.0,0.00,0.0000,0.00,0.0000,0.0000,1.0000,0.0000,1,0,963,0,0.000000
45,9,835000000,9.835000000,0.0,0.0,0.0,0.0,0.0,0.0,1.0,963,963,0,0,0,0,0.0000,1.0000,0.0000,0.0000,0.0000,46,True,100.00,True,0.0,0.0,0.0,0.00,0.0000,0.00,0.0000,0.0000,1.0000,0.0000,1,0,963,0,0.000000
46,9,868000000,9.868000000,0.0,0.0,0.0,0.0,0.0,0.0,1.0,963,963,0,0,0,0,0.0000,1.0000,0.0000,0.0000,0.0000,47,True,100.00,True,0.0,0.0,0.0,0.00,0.0000,0.00,0.0000,0.0000,1.0000,0.0000,1,0,963,0,0.000000
47,9,901000000,9.901000000,0.0,0.0,0.0,0.0,0.0,0.0,1.0,963,963,0,0,0,0,0.0000,1.0000,0.0000,0.0000,0.0000,48,True,100.00,True,0.0,0.0,0.0,0.00,0.0000,0.00,0.0000,0.0000,1.0000,0.0000,1,0,963,0,0.000000
48,9,934000000,9.934000000,0.0,0.0,0.0,0.0,0.0,0.0,1.0,963,963,0,0,0,0,0.0000,1.0000,0.0000,0.0000,0.0000,49,True,100.00,True,0.0,0.0,0.0,0.00,0.0000,0.00,0.0000,0.0000,1.0000,0.0000,1,0,963,0,0.000000
49,9,967000000,9.967000000,0.0,0.0,0.0,0.0,0.0,0.0,1.0,963,963,0,0,0,0,0.0000,1.0000,0.0000,0.0000,0.0000,50,True,100.00,True,0.0,0.0,0.0,0.00,0.0000,0.00,0.0000,0.0000,1.0000,0.0000,1,0,963,0,0.000000
50,10,0,10.000000000,0.0,0.0,0.0,0.0,0.0,0.0,1.0,963,963,0,0,0,0,0.0000,1.0000,0.0000,0.0000,0.0000,51,True,100.00,True,0.0,0.0,0.0,0.00,0.0000,0.00,0.0000,0.0000,1.0000,0.0000,1,0,963,0,0.000000
51,10,33000000,10.033000000,0.0,0.0,0.0,0.0,0.0,0.0,1.0,963,963,0,0,0,0,0.0000,1.0000,0.0000,0.0000,0.0000,52,True,100.00,True,0.0,0.0,0.0,0.00,0.0000,0.00,0.0000,0.0000,1.0000,0.0000,1,0,963,0,0.000000
52,10,66000000,10.066000000,0.0,0.0,0.0,0.0,0.0,0.0,1.0,963,963,0,0,0,0,0.0000,1.0000,0.0000,0.0000,0.0000,53,True,100.00,True,0.0,0.0,0.0,0.00,0.0000,0.00,0.0000,0.0000,1.0000,0.0000,1,0,963,0,0.000000
53,10,99000000,10.099000000,0.0,0.0,0.0,0.0,0.0,0.0,1.0,963,963,0,0,0,0,0.0000,1.0000,0.0000,0.0000,0.0000,54,True,100.00,True,0.0,0.0,0.0,0.00,0.0000,0.00,0.0000,0.0000,1.0000,0.0000,1,0,963,0,0.000000
54,10,132000000,10.132000000,0.0,0.0,0.0,0.0,0.0,0.0,1.0,963,963,0,0,0,0,0.0000,1.0000,0.0000,0.0000,0.0000,55,True,100.00,True,0.0,0.0,0.0,0.00,0.0000,0.00,0.0000,0.0000,1.0000,0.0000,1,0,963,0,0.000000
55,10,165000000,10.165000000,0.0,0.0,0.0,0.0,0.0,0.0,1.0,963,963,0,0,0,0,0.0000,1.0000,0.0000,0.0000,0.0000,56,True,100.00,True,0.0,0.0,0.0,0.00,0.0000,0.00,0.0000,0.0000,1.0000,0.0000,1,0,963,0,0.000000
56,10,198000000,10.198000000,0.0,0.0,0.0,0.0,0.0,0.0,1.0,963,963,0,0,0,0,0.0000,1.0000,0.0000,0.0000,0.0000,57,True,100.00,True,0.0,0.0,0.0,0.00,0.0000,0.00,0.0000,0.0000,1.0000,0.0000,1,0,963,0,0.000000
57,10,231000000,10.231000000,0.0,0.0,0.0,0.0,0.0,0.0,1.0,963,963,0,0,0,0,0.0000,1.0000,0.0000,0.0000,0.0000,58,True,100.00,True,0.0,0.0,0.0,0.00,0.0000,0.00,0.0000,0.0000,1.0000,0.0000,1,0,963,0,0.000000
58,10,264000000,10.264000000,0.0,0.0,0.0,0.0,0.0,0.0,1.0,963,963,0,0,0,0,0.0000,1.0000,0.0000,0.0000,0.0000,59,True,100.00,True,0.0,0.0,0.0,0.00,0.0000,0.00,0.0000,0.0000,1.0000,0.0000,1,0,963,0,0.000000
59,10,297000000,10.297000000,0.0,0.0,0.0,0.0,0.0,0.0,1.0,963,963,0,0,0,0,0.0000,1.0000,0.0000,0.0000,0.0000,60,True,100.00,True,0.0,0.0,0.0,0.00,0.0000,0.00,0.0000,0.0000,1.0000,0.0000,1,0,963,0,0.000000
60,10,330000000,10.330000000,0.0,0.0,0.0,0.0,0.0,0.0,1.0,963,963,0,0,0,0,0.0000,1.0000,0.0000,0.0000,0.0000,61,True,100.00,True,0.0,0.0,0.0,0.00,0.0000,0.00,0.0000,0.0000,1.0000,0.0000,1,0,963,0,0.000000
61,10,363000000,10.363000000,0.0,0.0,0.0,0.0,0.0,0.0,1.0,963,963,0,0,0,0,0.0000,1.0000,0.0000,0.0000,0.0000,62,True,100.00,True,0.0,0.0,0.0,0.00,0.0000,0.00,0.0000,0.0000,1.0000,0.0000,1,0,963,0,0.000000
62,10,396000000,10.396000000,0.0,0.0,0.0,0.0,0.0,0.0,1.0,963,963,0,0,0,0,0.0000,1.0000,0.0000,0.0000,0.0000,63,True,100.00,True,0.0,0.0,0.0,0.00,0.0000,0.00,0.0000,0.0000,1.0000,0.0000,1,0,963,0,0.000000
63,10,429000000,10.429000000,0.0,0.0,0.0,0.0,0.0,0.0,1.0,963,963,0,0,0,0,0.0000,1.0000,0.0000,0.0000,0.0000,64,True,100.00,True,0.0,0.0,0.0,0.00,0.0000,0.00,0.0000,0.0000,1.0000,0.0000,1,0,963,0,0.000000
64,10,462000000,10.462000000,0.0,0.0,0.0,0.0,0.0,0.0,1.0,963,963,0,0,0,0,0.0000,1.0000,0.0000,0.0000,0.0000,65,True,100.00,True,0.0,0.0,0.0,0.00,0.0000,0.00,0.0000,0.0000,1.0000,0.0000,1,0,963,0,0.000000
65,10,495000000,10.495000000,0.0,0.0,0.0,0.0,0.0,0.0,1.0,963,963,0,0,0,0,0.0000,1.0000,0.0000,0.0000,0.0000,66,True,100.00,True,0.0,0.0,0.0,0.00,0.0000,0.00,0.0000,0.0000,1.0000,0.0000,1,0,963,0,0.000000
66,10,528000000,10.528000000,0.0,0.0,0.0,0.0,0.0,0.0,1.0,963,963,0,0,0,0,0.0000,1.0000,0.0000,0.0000,0.0000,67,True,100.00,True,0.0,0.0,0.0,0.00,0.0000,0.00,0.0000,0.0000,1.0000,0.0000,1,0,963,0,0.000000
67,10,561000000,10.561000000,0.0,0.0,0.0,0.0,0.0,0.0,1.0,963,963,0,0,0,0,0.0000,1.0000,0.0000,0.0000,0.0000,68,True,100.00,True,0.0,0.0,0.0,0.00,0.0000,0.00,0.0000,0.0000,1.0000,0.0000,1,0,963,0,0.000000
68,10,594000000,10.594000000,0.0,0.0,0.0,0.0,0.0,0.0,1.0,963,963,0,0,0,0,0.0000,1.0000,0.0000,0.0000,0.0000,69,True,100.00,True,0.0,0.0,0.0,0.00,0.0000,0.00,0.0000,0.0000,1.0000,0.0000,1,0,963,0,0.000000
69,10,627000000,10.627000000,0.0,0.0,0.0,0.0,0.0,0.0,1.0,963,963,0,0,0,0,0.0000,1.0000,0.0000,0.0000,0.0000,70,True,100.00,True,0.0,0.0,0.0,0.00,0.0000,0.00,0.0000,0.0000,1.0000,0.0000,1,0,963,0,0.000000
70,10,660000000,10.660000000,0.0,0.0,0.0,0.0,0.0,0.0,1.0,963,963,0,0,0,0,0.0000,1.0000,0.0000,0.0000,0.0000,71,True,100.00,True,0.0,0.0,0.0,0.00,0.0000,0.00,0.0000,0.0000,1.0000,0.0000,1,0,963,0,0.000000
71,10,693000000,10.693000000,0.0,0.0,0.0,0.0,0.0,0.0,1.0,963,963,0,0,0,0,0.0000,1.0000,0.0000,0.0000,0.0000,72,True,100.00,True,0.0,0.0,0.0,0.00,0.0000,0.00,0.0000,0.0000,1.0000,0.0000,1,0,963,0,0.000000
72,10,726000000,10.726000000,0.0,0.0,0.0,0.0,0.0,0.0,1.0,963,963,0,0,0,0,0.0000,1.0000,0.0000,0.0000,0.0000,73,True,100.00,True,0.0,0.0,0.0,0.00,0.0000,0.00,0.0000,0.0000,1.0000,0.0000,1,0,963,0,0.000000
73,10,759000000,10.759000000,0.0,0.0,0.0,0.0,0.0,0.0,1.0,963,963,0,0,0,0,0.0000,1.0000,0.0000,0.0000,0.0000,74,True,100.00,True,0.0,0.0,0.0,0.00,0.0000,0.00,0.0000,0.0000,1.0000,0.0000,1,0,963,0,0.000000
74,10,792000000,10.792000000,0.0,0.0,0.0,0.0,0.0,0.0,1.0,963,963,0,0,0,0,0.0000,1.0000,0.0000,0.0000,0.0000,75,True,100.00,True,0.0,0.0,0.0,0.00,0.0000,0.00,0.0000,0.0000,1.0000,0.0000,1,0,963,0,0.000000
75,10,825000000,10.825000000,0.0,0.0,0.0,0.0,0.0,0.0,1.0,963,963,0,0,0,0,0.0000,1.0000,0.0000,0.0000,0.0000,76,True,100.00,True,0.0,0.0,0.0,0.00,0.0000,0.00,0.0000,0.0000,1.0000,0.0000,1,0,963,0,0.000000
76,10,858000000,10.858000000,0.0,0.0,0.0,0.0,0.0,0.0,1.0,963,963,0,0,0,0,0.0000,1.0000,0.0000,0.0000,0.0000,77,True,100.00,True,0.0,0.0,0.0,0.00,0.0000,0.00,0.0000,0.0000,1.0000,0.0000,1,0,963,0,0.000000
77,10,891000000,10.891000000,0.0,0.0,0.0,0.0,0.0,0.0,1.0,963,963,0,0,0,0,0.0000,1.0000,0.0000,0.0000,0.0000,78,True,100.00,True,0.0,0.0,0.0,0.00,0.0000,0.00,0.0000,0.0000,1.0000,0.0000,1,0,963,0,0.000000
78,10,924000000,10.924000000,0.0,0.0,0.0,0.0,0.0,0.0,1.0,963,963,0,0,0,0,0.0000,1.0000,0.0000,0.0000,0.0000,79,True,100.00,True,0.0,0.0,0.0,0.00,0.0000,0.00,0.0000,0.0000,1.0000,0.0000,1,0,963,0,0.000000
79,10,957000000,10.957000000,0.0,0.0,0.0,0.0,0.0,0.0,1.0,963,963,0,0,0,0,0.0000,1.0000,0.0000,0.0000,0.0000,80,True,100.00,True,0.0,0.0,0.0,0.00,0.0000,0.00,0.0000,0.0000,1.0000,0.0000,1,0,963,0,0.000000
80,10,990000000,10.990000000,0.0,0.0,0.0,0.0,0.0,0.0,1.0,963,963,0,0,0,0,0.0000,1.0000,0.0000,0.0000,0.0000,81,True,100.00,True,0.0,0.0,0.0,0.00,0.0000,0.00,0.0000,0.0000,1.0000,0.0000,1,0,963,0,0.000000
81,11,23000000,11.023000000,0.0,0.0,0.0,0.0,0.0,0.0,1.0,963,963,0,0,0,0,0.0000,1.0000,0.0000,0.0000,0.0000,82,True,100.00,True,0.0,0.0,0.0,0.00,0.0000,0.00,0.0000,0.0000,1.0000,0.0000,1,0,963,0,0.000000
82,11,56000000,11.056000000,0.0,0.0,0.0,0.0,0.0,0.0,1.0,963,963,0,0,0,0,0.0000,1.0000,0.0000,0.0000,0.0000,83,True,100.00,True,0.0,0.0,0.0,0.00,0.0000,0.00,0.0000,0.0000,1.0000,0.0000,1,0,963,0,0.000000
83,11,89000000,11.089000000,0.0,0.0,0.0,0.0,0.0,0.0,1.0,963,963,0,0,0,0,0.0000,1.0000,0.0000,0.0000,0.0000,84,True,100.00,True,0.0,0.0,0.0,0.00,0.0000,0.00,0.0000,0.0000,1.0000,0.0000,1,0,963,0,0.000000
84,11,122000000,11.122000000,0.0,0.0,0.0,0.0,0.0,0.0,1.0,963,963,0,0,0,0,0.0000,1.0000,0.0000,0.0000,0.0000,85,True,100.00,True,0.0,0.0,0.0,0.00,0.0000,0.00,0.0000,0.0000,1.0000,0.0000,1,0,963,0,0.000000
85,11,155000000,11.155000000,0.0,0.0,0.0,0.0,0.0,0.0,1.0,963,963,0,0,0,0,0.0000,1.0000,0.0000,0.0000,0.0000,86,True,100.00,True,0.0,0.0,0.0,0.00,0.0000,0.00,0.0000,0.0000,1.0000,0.0000,1,0,963,0,0.000000
86,11,188000000,11.188000000,0.0,0.0,0.0,0.0,0.0,0.0,1.0,963,963,0,0,0,0,0.0000,1.0000,0.0000,0.0000,0.0000,87,True,100.00,True,0.0,0.0,0.0,0.00,0.0000,0.00,0.0000,0.0000,1.0000,0.0000,1,0,963,0,0.000000
87,11,221000000,11.221000000,0.0,0.0,0.0,0.0,0.0,0.0,1.0,963,963,0,0,0,0,0.0000,1.0000,0.0000,0.0000,0.0000,88,True,100.00,True,0.0,0.0,0.0,0.00,0.0000,0.00,0.0000,0.0000,1.0000,0.0000,1,0,963,0,0.000000
88,11,254000000,11.254000000,0.0,0.0,0.0,0.0,0.0,0.0,1.0,963,960,0,0,0,0,0.0000,0.9969,0.0000,0.0000,0.0000,89,True,100.00,True,0.0,0.0,0.0,0.00,0.0000,0.00,0.0000,0.0000,1.0000,0.0000,1,0,960,0,0.000000
89,11,287000000,11.287000000,0.0,0.0,0.0,0.0,0.0,0.0,1.0,960,960,0,0,0,0,0.0000,1.0000,0.0000,0.0000,0.0000,90,True,100.00,True,0.0,0.0,0.0,0.00,0.0000,0.00,0.0000,0.0000,1.0000,0.0000,1,0,960,0,0.000000
90,11,320000000,11.320000000,0.0,0.0,0.0,0.0,0.0,0.0,1.0,960,960,0,0,0,0,0.0000,1.0000,0.0000,0.0000,0.0000,91,True,100.00,True,0.0,0.0,0.0,0.00,0.0000,0.00,0.0000,0.0000,1.0000,0.0000,1,0,960,0,0.000000
91,11,353000000,11.353000000,0.0,0.0,0.0,0.0,0.0,0.0,1.0,960,960,0,0,0,0,0.0000,1.0000,0.0000,0.0000,0.0000,92,True,100.00,True,0.0,0.0,0.0,0.00,0.0000,0.00,0.0000,0.0000,1.0000,0.0000,1,0,960,0,0.000000
92,11,386000000,11.386000000,0.0,0.0,0.0,0.0,0.0,0.0,1.0,960,960,0,0,0,0,0.0000,1.0000,0.0000,0.0000,0.0000,93,True,100.00,True,0.0,0.0,0.0,0.00,0.0000,0.00,0.0000,0.0000,1.0000,0.0000,1,0,960,0,0.000000
93,11,419000000,11.419000000,0.0,0.0,0.0,0.0,0.0,0.0,1.0,960,960,0,0,0,0,0.0000,1.0000,0.0000,0.0000,0.0000,94,True,100.00,True,0.0,0.0,0.0,0.00,0.0000,0.00,0.0000,0.0000,1.0000,0.0000,1,0,960,0,0.000000
94,11,452000000,11.452000000,0.0,0.0,0.0,0.0,0.0,0.0,1.0,960,953,0,0,0,0,0.0000,0.9927,0.0000,0.0000,0.0000,95,True,100.00,True,0.0,0.0,0.0,0.00,0.0000,0.00,0.0000,0.0000,1.0000,0.0000,1,0,953,0,0.000000
95,11,485000000,11.485000000,0.0,0.0,0.0,0.0,0.0,0.0,1.0,953,953,0,0,0,0,0.0000,1.0000,0.0000,0.0000,0.0000,96,True,100.00,True,0.0,0.0,0.0,0.00,0.0000,0.00,0.0000,0.0000,1.0000,0.0000,1,0,953,0,0.000000
96,11,518000000,11.518000000,0.0,0.0,0.0,0.0,0.0,0.0,1.0,953,953,0,0,0,0,0.0000,1.0000,0.0000,0.0000,0.0000,97,True,100.00,True,0.0,0.0,0.0,0.00,0.0000,0.00,0.0000,0.0000,1.0000,0.0000,1,0,953,0,0.000000
97,11,551000000,11.551000000,0.0,0.0,0.0,0.0,0.0,0.0,1.0,953,953,0,0,0,0,0.0000,1.0000,0.0000,0.0000,0.0000,98,True,100.00,True,0.0,0.0,0.0,0.00,0.0000,0.00,0.0000,0.0000,1.0000,0.0000,1,0,953,0,0.000000
98,11,584000000,11.584000000,0.0,0.0,0.0,0.0,0.0,0.0,1.0,953,953,0,0,0,0,0.0000,1.0000,0.0000,0.0000,0.0000,99,True,100.00,True,0.0,0.0,0.0,0.00,0.0000,0.00,0.0000,0.0000,1.0000,0.0000,1,0,953,0,0.000000
99,11,617000000,11.617000000,0.0,0.0,0.0,0.0,0.0,0.0,1.0,953,953,0,0,0,0,0.0000,1.0000,0.0000,0.0000,0.0000,100,True,100.00,True,0.0,0.0,0.0,0.00,0.0000,0.00,0.0000,0.0000,1.0000,0.0000,1,0,953,0,0.000000
100,11,650000000,11.650000000,0.0,0.0,0.0,0.0,0.0,0.0,1.0,953,950,0,0,0,0,0.0000,0.9969,0.0000,0.0000,0.0000,101,True,100.00,True,0.0,0.0,0.0,0.00,0.0000,0.00,0.0000,0.0000,1.0000,0.0000,1,0,950,0,0.000000
101,11,683000000,11.683000000,0.0,0.0,0.0,0.0,0.0,0.0,1.0,950,950,0,0,0,0,0.0000,1.0000,0.0000,0.0000,0.0000,102,True,100.00,True,0.0,0.0,0.0,0.00,0.0000,0.00,0.0000,0.0000,1.0000,0.0000,1,0,950,0,0.000000
102,11,716000000,11.716000000,0.0,0.0,0.0,0.0,0.0,0.0,1.0,950,950,0,0,0,0,0.0000,1.0000,0.0000,0.0000,0.0000,103,True,100.00,True,0.0,0.0,0.0,0.00,0.0000,0.00,0.0000,0.0000,1.0000,0.0000,1,0,950,0,0.000000
103,11,749000000,11.749000000,0.0,0.0,0.0,0.0,0.0,0.0,1.0,950,950,0,0,0,0,0.0000,1.0000,0.0000,0.0000,0.0000,104,True,100.00,True,0.0,0.0,0.0,0.00,0.0000,0.00,0.0000,0.0000,1.0000,0.0000,1,0,950,0,0.000000
104,11,782000000,11.782000000,0.0,0.0,0.0,0.0,0.0,0.0,1.0,950,950,0,0,0,0,0.0000,1.0000,0.0000,0.0000,0.0000,105,True,100.00,True,0.0,0.0,0.0,0.00,0.0000,0.00,0.0000,0.0000,1.0000,0.0000,1,0,950,0,0.000000
105,11,815000000,11.815000000,0.0,0.0,0.0,0.0,0.0,0.0,1.0,950,950,0,0,0,0,0.0000,1.0000,0.0000,0.0000,0.0000,106,True,100.00,True,0.0,0.0,0.0,0.00,0.0000,0.00,0.0000,0.0000,1.0000,0.0000,1,0,950,0,0.000000
106,11,848000000,11.848000000,0.0,0.0,0.0,0.0,0.0,0.0,1.0,950,950,0,0,0,0,0.0000,1.0000,0.0000,0.0000,0.0000,107,True,100.00,True,0.0,0.0,0.0,0.00,0.0000,0.00,0.0000,0.0000,1.0000,0.0000,1,0,950,0,0.000000
107,11,881000000,11.881000000,0.0,0.0,0.0,0.0,0.0,0.0,1.0,950,950,0,0,0,0,0.0000,1.0000,0.0000,0.0000,0.0001,108,True,100.00,True,0.0,0.0,0.0,0.00,0.0000,0.00,0.0000,0.0000,1.0000,0.0000,1,0,950,0,0.000000
108,11,914000000,11.914000000,0.0,0.0,0.0,0.0,0.0,0.0,1.0,950,950,0,0,0,0,0.0000,1.0000,0.0000,0.0000,0.0000,109,True,100.00,True,0.0,0.0,0.0,0.00,0.0000,0.00,0.0000,0.0000,1.0000,0.0000,1,0,950,0,0.000000
109,11,947000000,11.947000000,0.0,0.0,0.0,0.0,0.0,0.0,1.0,950,950,0,0,0,0,0.0000,1.0000,0.0000,0.0000,0.0000,110,True,100.00,True,0.0,0.0,0.0,0.00,0.0000,0.00,0.0000,0.0000,1.0000,0.0000,1,0,950,0,0.000000
110,11,980000000,11.980000000,0.0,0.0,0.0,0.0,0.0,0.0,1.0,950,950,0,0,0,0,0.0000,1.0000,0.0000,0.0000,0.0000,111,True,100.00,True,0.0,0.0,0.0,0.00,0.0000,0.00,0.0000,0.0000,1.0000,0.0000,1,0,950,0,0.000000
111,12,13000000,12.013000000,0.0,0.0,0.0,0.0,0.0,0.0,1.0,950,950,0,0,0,0,0.0000,1.0000,0.0000,0.0000,0.0000,112,True,100.00,True,0.0,0.0,0.0,0.00,0.0000,0.00,0.0000,0.0000,1.0000,0.0000,1,0,950,0,0.000000
112,12,46000000,12.046000000,0.0,0.0,0.0,0.0,0.0,0.0,1.0,950,950,0,0,0,0,0.0000,1.0000,0.0000,0.0000,0.0000,113,True,100.00,True,0.0,0.0,0.0,0.00,0.0000,0.00,0.0000,0.0000,1.0000,0.0000,1,0,950,0,0.000000
113,12,79000000,12.079000000,0.0,0.0,0.0,0.0,0.0,0.0,1.0,950,950,0,0,0,0,0.0000,1.0000,0.0000,0.0000,0.0000,114,True,100.00,True,0.0,0.0,0.0,0.00,0.0000,0.00,0.0000,0.0000,1.0000,0.0000,1,0,950,0,0.000000
114,12,112000000,12.112000000,0.0,0.0,0.0,0.0,0.0,0.0,1.0,950,950,0,0,0,0,0.0000,1.0000,0.0000,0.0000,0.0000,115,True,100.00,True,0.0,0.0,0.0,0.00,0.0000,0.00,0.0000,0.0000,1.0000,0.0000,1,0,950,0,0.000000
115,12,145000000,12.145000000,0.0,0.0,0.0,0.0,0.0,0.0,1.0,950,950,0,0,0,0,0.0000,1.0000,0.0000,0.0000,0.0000,116,True,100.00,True,0.0,0.0,0.0,0.00,0.0000,0.00,0.0000,0.0000,1.0000,0.0000,1,0,950,0,0.000000
116,12,178000000,12.178000000,0.0,0.0,0.0,0.0,0.0,0.0,1.0,950,950,0,0,0,0,0.0000,1.0000,0.0000,0.0000,0.0000,117,True,100.00,True,0.0,0.0,0.0,0.00,0.0000,0.00,0.0000,0.0000,1.0000,0.0000,1,0,950,0,0.000000
117,12,211000000,12.211000000,0.0,0.0,0.0,0.0,0.0,0.0,1.0,950,950,0,0,0,0,0.0000,1.0000,0.0000,0.0000,0.0000,118,True,100.00,True,0.0,0.0,0.0,0.00,0.0000,0.00,0.0000,0.0000,1.0000,0.0000,1,0,950,0,0.000000
118,12,244000000,12.244000000,0.0,0.0,0.0,0.0,0.0,0.0,1.0,950,950,0,0,0,0,0.0000,1.0000,0.0000,0.0000,0.0000,119,True,100.00,True,0.0,0.0,0.0,0.00,0.0000,0.00,0.0000,0.0000,1.0000,0.0000,1,0,950,0,0.000000
119,12,277000000,12.277000000,0.0,0.0,0.0,0.0,0.0,0.0,1.0,950,950,0,0,0,0,0.0000,1.0000,0.0000,0.0000,0.0000,120,True,100.00,True,0.0,0.0,0.0,0.00,0.0000,0.00,0.0000,0.0000,1.0000,0.0000,1,0,950,0,0.000000
120,12,310000000,12.310000000,0.0,0.0,0.0,0.0,0.0,0.0,1.0,950,950,0,0,0,0,0.0000,1.0000,0.0000,0.0000,0.0000,121,True,100.00,True,0.0,0.0,0.0,0.00,0.0000,0.00,0.0000,0.0000,1.0000,0.0000,1,0,950,0,0.000000
121,12,343000000,12.343000000,0.0,0.0,0.0,0.0,0.0,0.0,1.0,950,950,0,0,0,0,0.0000,1.0000,0.0000,0.0000,0.0000,122,True,100.00,True,0.0,0.0,0.0,0.00,0.0000,0.00,0.0000,0.0000,1.0000,0.0000,1,0,950,0,0.000000
122,12,376000000,12.376000000,0.0,0.0,0.0,0.0,0.0,0.0,1.0,950,950,0,0,0,0,0.0000,1.0000,0.0000,0.0000,0.0000,123,True,100.00,True,0.0,0.0,0.0,0.00,0.0000,0.00,0.0000,0.0000,1.0000,0.0000,1,0,950,0,0.000000
123,12,409000000,12.409000000,0.0,0.0,0.0,0.0,0.0,0.0,1.0,950,950,0,0,0,0,0.0000,1.0000,0.0000,0.0000,0.0000,124,True,100.00,True,0.0,0.0,0.0,0.00,0.0000,0.00,0.0000,0.0000,1.0000,0.0000,1,0,950,0,0.000000
124,12,442000000,12.442000000,0.0,0.0,0.0,0.0,0.0,0.0,1.0,950,950,0,0,0,0,0.0000,1.0000,0.0000,0.0000,0.0000,125,True,100.00,True,0.0,0.0,0.0,0.00,0.0000,0.00,0.0000,0.0000,1.0000,0.0000,1,0,950,0,0.000000
125,12,475000000,12.475000000,0.0,0.0,0.0,0.0,0.0,0.0,1.0,950,950,0,0,0,0,0.0000,1.0000,0.0000,0.0000,0.0000,126,True,100.00,True,0.0,0.0,0.0,0.00,0.0000,0.00,0.0000,0.0000,1.0000,0.0000,1,0,950,0,0.000000
126,12,508000000,12.508000000,0.0,0.0,0.0,0.0,0.0,0.0,1.0,950,950,0,0,0,0,0.0000,1.0000,0.0000,0.0000,0.0000,127,True,100.00,True,0.0,0.0,0.0,0.00,0.0000,0.00,0.0000,0.0000,1.0000,0.0000,1,0,950,0,0.000000
127,12,541000000,12.541000000,0.0,0.0,0.0,0.0,0.0,0.0,1.0,950,950,0,0,0,0,0.0000,1.0000,0.0000,0.0000,0.0000,128,True,100.00,True,0.0,0.0,0.0,0.00,0.0000,0.00,0.0000,0.0000,1.0000,0.0000,1,0,950,0,0.000000
128,12,574000000,12.574000000,0.0,0.0,0.0,0.0,0.0,0.0,1.0,950,950,0,0,0,0,0.0000,1.0000,0.0000,0.0000,0.0000,129,True,100.00,True,0.0,0.0,0.0,0.00,0.0000,0.00,0.0000,0.0000,1.0000,0.0000,1,0,950,0,0.000000
129,12,607000000,12.607000000,0.0,0.0,0.0,0.0,0.0,0.0,1.0,950,950,0,0,0,0,0.0000,1.0000,0.0000,0.0000,0.0000,130,True,100.00,True,0.0,0.0,0.0,0.00,0.0000,0.00,0.0000,0.0000,1.0000,0.0000,1,0,950,0,0.000000
130,12,640000000,12.640000000,0.0,0.0,0.0,0.0,0.0,0.0,1.0,950,950,0,0,0,0,0.0000,1.0000,0.0000,0.0000,0.0000,131,True,100.00,True,0.0,0.0,0.0,0.00,0.0000,0.00,0.0000,0.0000,1.0000,0.0000,1,0,950,0,0.000000
131,12,673000000,12.673000000,0.0,0.0,0.0,0.0,0.0,0.0,1.0,950,950,0,0,0,0,0.0000,1.0000,0.0000,0.0000,0.0000,132,True,100.00,True,0.0,0.0,0.0,0.00,0.0000,0.00,0.0000,0.0000,1.0000,0.0000,1,0,950,0,0.000000
132,12,706000000,12.706000000,0.0,0.0,0.0,0.0,0.0,0.0,1.0,950,950,0,0,0,0,0.0000,1.0000,0.0000,0.0000,0.0000,133,True,100.00,True,0.0,0.0,0.0,0.00,0.0000,0.00,0.0000,0.0000,1.0000,0.0000,1,0,950,0,0.000000
133,12,739000000,12.739000000,0.0,0.0,0.0,0.0,0.0,0.0,1.0,950,950,0,0,0,0,0.0000,1.0000,0.0000,0.0000,0.0000,134,True,100.00,True,0.0,0.0,0.0,0.00,0.0000,0.00,0.0000,0.0000,1.0000,0.0000,1,0,950,0,0.000000
134,12,772000000,12.772000000,0.0,0.0,0.0,0.0,0.0,0.0,1.0,950,950,0,0,0,0,0.0000,1.0000,0.0000,0.0000,0.0000,135,True,100.00,True,0.0,0.0,0.0,0.00,0.0000,0.00,0.0000,0.0000,1.0000,0.0000,1,0,950,0,0.000000
135,12,805000000,12.805000000,0.0,0.0,0.0,0.0,0.0,0.0,1.0,950,950,0,0,0,0,0.0000,1.0000,0.0000,0.0000,0.0000,136,True,100.00,True,0.0,0.0,0.0,0.00,0.0000,0.00,0.0000,0.0000,1.0000,0.0000,1,0,950,0,0.000000
136,12,838000000,12.838000000,0.0,0.0,0.0,0.0,0.0,0.0,1.0,950,950,0,0,0,0,0.0000,1.0000,0.0000,0.0000,0.0000,137,True,100.00,True,0.0,0.0,0.0,0.00,0.0000,0.00,0.0000,0.0000,1.0000,0.0000,1,0,950,0,0.000000
137,12,871000000,12.871000000,0.0,0.0,0.0,0.0,0.0,0.0,1.0,950,950,0,0,0,0,0.0000,1.0000,0.0000,0.0000,0.0000,138,True,100.00,True,0.0,0.0,0.0,0.00,0.0000,0.00,0.0000,0.0000,1.0000,0.0000,1,0,950,0,0.000000
138,12,904000000,12.904000000,0.0,0.0,0.0,0.0,0.0,0.0,1.0,950,950,0,0,0,0,0.0000,1.0000,0.0000,0.0000,0.0000,139,True,100.00,True,0.0,0.0,0.0,0.00,0.0000,0.00,0.0000,0.0000,1.0000,0.0000,1,0,950,0,0.000000
139,12,937000000,12.937000000,0.0,0.0,0.0,0.0,0.0,0.0,1.0,950,950,0,0,0,0,0.0000,1.0000,0.0000,0.0000,0.0000,140,True,100.00,True,0.0,0.0,0.0,0.00,0.0000,0.00,0.0000,0.0000,1.0000,0.0000,1,0,950,0,0.000000
140,12,970000000,12.970000000,0.0,0.0,0.0,0.0,0.0,0.0,1.0,950,950,0,0,0,0,0.0000,1.0000,0.0000,0.0000,0.0000,141,True,100.00,True,0.0,0.0,0.0,0.00,0.0000,0.00,0.0000,0.0000,1.0000,0.0000,1,0,950,0,0.000000
141,13,3000000,13.003000000,0.0,0.0,0.0,0.0,0.0,0.0,1.0,950,950,0,0,0,0,0.0000,1.0000,0.0000,0.0000,0.0000,142,True,100.00,True,0.0,0.0,0.0,0.00,0.0000,0.00,0.0000,0.0000,1.0000,0.0000,1,0,950,0,0.000000
142,13,36000000,13.036000000,0.0,0.0,0.0,0.0,0.0,0.0,1.0,950,950,0,0,0,0,0.0000,1.0000,0.0000,0.0000,0.0000,143,True,100.00,True,0.0,0.0,0.0,0.00,0.0000,0.00,0.0000,0.0000,1.0000,0.0000,1,0,950,0,0.000000
143,13,69000000,13.069000000,0.0,0.0,0.0,0.0,0.0,0.0,1.0,950,950,0,0,0,0,0.0000,1.0000,0.0000,0.0000,0.0000,144,True,100.00,True,0.0,0.0,0.0,0.00,0.0000,0.00,0.0000,0.0000,1.0000,0.0000,1,0,950,0,0.000000
144,13,102000000,13.102000000,0.0,0.0,0.0,0.0,0.0,0.0,1.0,950,950,0,0,0,0,0.0000,1.0000,0.0000,0.0000,0.0000,145,True,100.00,True,0.0,0.0,0.0,0.00,0.0000,0.00,0.0000,0.0000,1.0000,0.0000,1,0,950,0,0.000000
145,13,135000000,13.135000000,0.0,0.0,0.0,0.0,0.0,0.0,1.0,950,950,0,0,0,0,0.0000,1.0000,0.0000,0.0000,0.0000,146,True,100.00,True,0.0,0.0,0.0,0.00,0.0000,0.00,0.0000,0.0000,1.0000,0.0000,1,0,950,0,0.000000
146,13,168000000,13.168000000,0.0,0.0,0.0,0.0,0.0,0.0,1.0,950,950,0,0,0,0,0.0000,1.0000,0.0000,0.0000,0.0000,147,True,100.00,True,0.0,0.0,0.0,0.00,0.0000,0.00,0.0000,0.0000,1.0000,0.0000,1,0,950,0,0.000000
147,13,201000000,13.201000000,0.0,0.0,0.0,0.0,0.0,0.0,1.0,950,950,0,0,0,0,0.0000,1.0000,0.0000,0.0000,0.0000,148,True,100.00,True,0.0,0.0,0.0,0.00,0.0000,0.00,0.0000,0.0000,1.0000,0.0000,1,0,950,0,0.000000
148,13,234000000,13.234000000,0.0,0.0,0.0,0.0,0.0,0.0,1.0,950,950,0,0,0,0,0.0000,1.0000,0.0000,0.0000,0.0001,149,True,100.00,True,0.0,0.0,0.0,0.00,0.0000,0.00,0.0000,0.0000,1.0000,0.0000,1,0,950,0,0.000000
149,13,267000000,13.267000000,0.0,0.0,0.0,0.0,0.0,0.0,1.0,950,950,0,0,0,0,0.0000,1.0000,0.0000,0.0000,0.0000,150,True,100.00,True,0.0,0.0,0.0,0.00,0.0000,0.00,0.0000,0.0000,1.0000,0.0000,1,0,950,0,0.000000
150,13,300000000,13.300000000,0.0,0.0,0.0,0.0,0.0,0.0,1.0,950,950,0,0,0,0,0.0000,1.0000,0.0000,0.0000,0.0000,151,True,100.00,True,0.0,0.0,0.0,0.00,0.0000,0.00,0.0000,0.0000,1.0000,0.0000,1,0,950,0,0.000000
151,13,333000000,13.333000000,0.0,0.0,0.0,0.0,0.0,0.0,1.0,950,950,0,0,0,0,0.0000,1.0000,0.0000,0.0000,0.0000,152,True,100.00,True,0.0,0.0,0.0,0.00,0.0000,0.00,0.0000,0.0000,1.0000,0.0000,1,0,950,0,0.000000
152,13,366000000,13.366000000,0.0,0.0,0.0,0.0,0.0,0.0,1.0,950,950,0,0,0,0,0.0000,1.0000,0.0000,0.0000,0.0000,153,True,100.00,True,0.0,0.0,0.0,0.00,0.0000,0.00,0.0000,0.0000,1.0000,0.0000,1,0,950,0,0.000000
153,13,399000000,13.399000000,0.0,0.0,0.0,0.0,0.0,0.0,1.0,950,950,0,0,0,0,0.0000,1.0000,0.0000,0.0000,0.0000,154,True,100.00,True,0.0,0.0,0.0,0.00,0.0000,0.00,0.0000,0.0000,1.0000,0.0000,1,0,950,0,0.000000
154,13,432000000,13.432000000,0.0,0.0,0.0,0.0,0.0,0.0,1.0,950,950,0,0,0,0,0.0000,1.0000,0.0000,0.0000,0.0000,155,True,100.00,True,0.0,0.0,0.0,0.00,0.0000,0.00,0.0000,0.0000,1.0000,0.0000,1,0,950,0,0.000000
155,13,465000000,13.465000000,0.0,0.0,0.0,0.0,0.0,0.0,1.0,950,950,0,0,0,0,0.0000,1.0000,0.0000,0.0000,0.0000,156,True,100.00,True,0.0,0.0,0.0,0.00,0.0000,0.00,0.0000,0.0000,1.0000,0.0000,1,0,950,0,0.000000
156,13,498000000,13.498000000,0.0,0.0,0.0,0.0,0.0,0.0,1.0,950,950,0,0,0,0,0.0000,1.0000,0.0000,0.0000,0.0000,157,True,100.00,True,0.0,0.0,0.0,0.00,0.0000,0.00,0.0000,0.0000,1.0000,0.0000,1,0,950,0,0.000000
157,13,531000000,13.531000000,0.0,0.0,0.0,0.0,0.0,0.0,1.0,950,950,0,0,0,0,0.0000,1.0000,0.0000,0.0000,0.0000,158,True,100.00,True,0.0,0.0,0.0,0.00,0.0000,0.00,0.0000,0.0000,1.0000,0.0000,1,0,950,0,0.000000
158,13,564000000,13.564000000,0.0,0.0,0.0,0.0,0.0,0.0,1.0,950,950,0,0,0,0,0.0000,1.0000,0.0000,0.0000,0.0000,159,True,100.00,True,0.0,0.0,0.0,0.00,0.0000,0.00,0.0000,0.0000,1.0000,0.0000,1,0,950,0,0.000000
159,13,597000000,13.597000000,0.0,0.0,0.0,0.0,0.0,0.0,1.0,950,950,0,0,0,0,0.0000,1.0000,0.0000,0.0000,0.0000,160,True,100.00,True,0.0,0.0,0.0,0.00,0.0000,0.00,0.0000,0.0000,1.0000,0.0000,1,0,950,0,0.000000
160,13,630000000,13.630000000,0.0,0.0,0.0,0.0,0.0,0.0,1.0,950,950,0,0,0,0,0.0000,1.0000,0.0000,0.0000,0.0000,161,True,100.00,True,0.0,0.0,0.0,0.00,0.0000,0.00,0.0000,0.0000,1.0000,0.0000,1,0,950,0,0.000000
161,13,663000000,13.663000000,0.0,0.0,0.0,0.0,0.0,0.0,1.0,950,950,0,0,0,0,0.0000,1.0000,0.0000,0.0000,0.0000,162,True,100.00,True,0.0,0.0,0.0,0.00,0.0000,0.00,0.0000,0.0000,1.0000,0.0000,1,0,950,0,0.000000
162,13,696000000,13.696000000,0.0,0.0,0.0,0.0,0.0,0.0,1.0,950,950,0,0,0,0,0.0000,1.0000,0.0000,0.0000,0.0000,163,True,100.00,True,0.0,0.0,0.0,0.00,0.0000,0.00,0.0000,0.0000,1.0000,0.0000,1,0,950,0,0.000000
163,13,729000000,13.729000000,0.0,0.0,0.0,0.0,0.0,0.0,1.0,950,950,0,0,0,0,0.0000,1.0000,0.0000,0.0000,0.0000,164,True,100.00,True,0.0,0.0,0.0,0.00,0.0000,0.00,0.0000,0.0000,1.0000,0.0000,1,0,950,0,0.000000
164,13,762000000,13.762000000,0.0,0.0,0.0,0.0,0.0,0.0,1.0,950,950,0,0,0,0,0.0000,1.0000,0.0000,0.0000,0.0000,165,True,100.00,True,0.0,0.0,0.0,0.00,0.0000,0.00,0.0000,0.0000,1.0000,0.0000,1,0,950,0,0.000000
165,13,795000000,13.795000000,0.0,0.0,0.0,0.0,0.0,0.0,1.0,950,950,0,0,0,0,0.0000,1.0000,0.0000,0.0000,0.0000,166,True,100.00,True,0.0,0.0,0.0,0.00,0.0000,0.00,0.0000,0.0000,1.0000,0.0000,1,0,950,0,0.000000
166,13,828000000,13.828000000,0.0,0.0,0.0,0.0,0.0,0.0,1.0,950,950,0,0,0,0,0.0000,1.0000,0.0000,0.0000,0.0000,167,True,100.00,True,0.0,0.0,0.0,0.00,0.0000,0.00,0.0000,0.0000,1.0000,0.0000,1,0,950,0,0.000000
167,13,861000000,13.861000000,0.0,0.0,0.0,0.0,0.0,0.0,1.0,950,950,0,0,0,0,0.0000,1.0000,0.0000,0.0000,0.0000,168,True,100.00,True,0.0,0.0,0.0,0.00,0.0000,0.00,0.0000,0.0000,1.0000,0.0000,1,0,950,0,0.000000
168,13,894000000,13.894000000,0.0,0.0,0.0,0.0,0.0,0.0,1.0,950,950,0,0,0,0,0.0000,1.0000,0.0000,0.0000,0.0000,169,True,100.00,True,0.0,0.0,0.0,0.00,0.0000,0.00,0.0000,0.0000,1.0000,0.0000,1,0,950,0,0.000000
169,13,927000000,13.927000000,0.0,0.0,0.0,0.0,0.0,0.0,1.0,950,950,0,0,0,0,0.0000,1.0000,0.0000,0.0000,0.0000,170,True,100.00,True,0.0,0.0,0.0,0.00,0.0000,0.00,0.0000,0.0000,1.0000,0.0000,1,0,950,0,0.000000
170,13,960000000,13.960000000,0.0,0.0,0.0,0.0,0.0,0.0,1.0,950,950,0,0,0,0,0.0000,1.0000,0.0000,0.0000,0.0000,171,True,100.00,True,0.0,0.0,0.0,0.00,0.0000,0.00,0.0000,0.0000,1.0000,0.0000,1,0,950,0,0.000000
171,13,993000000,13.993000000,0.0,0.0,0.0,0.0,0.0,0.0,1.0,950,950,0,0,0,0,0.0000,1.0000,0.0000,0.0000,0.0001,172,True,100.00,True,0.0,0.0,0.0,0.00,0.0000,0.00,0.0000,0.0000,1.0000,0.0000,1,0,950,0,0.000000
172,14,26000000,14.026000000,0.0,0.0,0.0,0.0,0.0,0.0,1.0,950,950,0,0,0,0,0.0000,1.0000,0.0000,0.0000,0.0000,173,True,100.00,True,0.0,0.0,0.0,0.00,0.0000,0.00,0.0000,0.0000,1.0000,0.0000,1,0,950,0,0.000000
173,14,59000000,14.059000000,0.0,0.0,0.0,0.0,0.0,0.0,1.0,950,950,0,0,0,0,0.0000,1.0000,0.0000,0.0000,0.0000,174,True,100.00,True,0.0,0.0,0.0,0.00,0.0000,0.00,0.0000,0.0000,1.0000,0.0000,1,0,950,0,0.000000
174,14,92000000,14.092000000,0.0,0.0,0.0,0.0,0.0,0.0,1.0,950,950,0,0,0,0,0.0000,1.0000,0.0000,0.0000,0.0000,175,True,100.00,True,0.0,0.0,0.0,0.00,0.0000,0.00,0.0000,0.0000,1.0000,0.0000,1,0,950,0,0.000000
175,14,125000000,14.125000000,0.0,0.0,0.0,0.0,0.0,0.0,1.0,950,950,0,0,0,0,0.0000,1.0000,0.0000,0.0000,0.8482,176,True,100.00,True,0.0,0.0,0.0,0.00,0.0000,0.00,0.0000,0.0000,1.0000,0.0851,1,0,950,0,0.000011
176,14,158000000,14.158000000,0.0,0.0,0.0,0.0,0.0,0.0,1.0,950,949,0,0,0,0,0.0000,0.9989,0.0000,0.0000,2.9062,177,True,100.00,True,0.0,0.0,0.0,0.00,0.0000,0.00,0.0000,0.0000,1.0000,0.0453,1,0,949,0,0.000022
177,14,191000000,14.191000000,0.0,0.0,0.0,0.0,0.0,0.0,1.0,949,947,0,0,0,0,0.0000,0.9979,0.0000,0.0000,2.3513,178,True,100.00,True,0.0,0.0,0.0,0.00,0.0000,0.00,0.0000,0.0000,1.0000,0.2579,1,0,947,0,0.000388
178,14,224000000,14.224000000,0.0,0.0,0.0,0.0,0.0,0.0,1.0,947,945,0,0,0,0,0.0000,0.9979,0.0000,0.0000,2.2906,179,True,100.00,True,0.0,0.0,0.0,0.00,0.0000,0.00,0.0000,0.0000,1.0000,0.4489,1,0,945,0,0.001429
179,14,257000000,14.257000000,0.0,0.0,0.0,0.0,0.0,0.0,1.0,945,945,0,0,0,0,0.0000,1.0000,0.0000,0.0000,2.2274,180,True,100.00,True,0.0,0.0,0.0,0.00,0.0000,0.00,0.0000,0.0000,1.0000,0.4918,1,0,945,0,0.003323
180,14,290000000,14.290000000,0.0,0.0,0.0,0.0,0.0,0.0,1.0,945,944,0,0,0,0,0.0000,0.9989,0.0000,0.0000,2.3146,181,True,100.00,True,0.0,0.0,0.0,0.00,0.0000,0.00,0.0000,0.0000,1.0000,0.4739,0,0,944,0,0.005066
181,14,323000000,14.323000000,0.0,0.0,0.0,0.0,0.0,0.0,1.0,944,944,0,0,0,0,0.0000,1.0000,0.0000,0.0000,2.3100,182,True,100.00,True,0.0,0.0,0.0,0.00,0.0000,0.00,0.0000,0.0000,1.0000,0.3540,0,0,944,0,0.005470
182,14,356000000,14.356000000,0.010600825633939878,0.1404149406413084,-0.9900359927500496,0.0036995515090861575,-0.0006294411597950775,0.00032418189243005785,0.9999929059891168,944,944,485,932,485,0,0.5138,1.0000,2.9678,8.4229,2.2634,0,True,98.36,True,0.010600825633939878,0.1404149406413084,-0.9900359927500496,0.43,0.0000,0.00,0.0000,0.0000,1.0000,0.3399,0,944,0,944,0.007523
183,14,389000000,14.389000000,-0.1134754215793677,0.3065242839254363,-1.968306288195627,0.013660504816383609,0.0007604602773765592,0.00051284036953832,0.9999062702589094,485,485,337,479,337,0,0.6948,1.0000,2.8015,6.8471,3.1648,0,True,96.72,True,-0.12520306289487415,0.15894791312546558,-0.9793159622689716,1.15,0.0000,0.00,0.0000,0.0000,1.0000,0.2868,0,485,0,0,0.009446
184,14,422000000,14.422000000,0.5210421191630892,1.0736232848322458,-1.8737197495237894,0.016459992578221182,-0.003259506006138058,0.029575954621867,0.9994216863632318,337,337,337,337,337,0,1.0000,1.0000,1.5973,5.0094,2.9526,0,True,95.08,True,0.6351766158405087,0.7687587646039518,0.07456962205888394,3.38,0.0000,0.00,0.0000,0.0000,1.0000,0.1863,0,337,0,0,0.008844
185,14,455000000,14.455000000,1.2512101009439753,0.3903578970883599,-1.8754884476958233,0.019218438343120457,-0.004158235850727374,0.029521728327514405,0.9993707161303146,337,337,152,337,152,0,0.4510,1.0000,1.4000,2.8957,2.9064,0,True,93.44,True,0.6885420485424387,-0.7250018488602954,0.016797813492699473,0.33,0.0000,0.00,0.0000,0.0000,1.0000,0.1844,0,337,0,0,0.013302
186,14,488000000,14.488000000,2.0614724012545143,-0.19488358301379016,-1.9065917379288144,0.022657341023711173,-0.0055192911968579205,0.02967717625794809,0.999287469916327,152,152,97,152,97,0,0.6382,1.0000,1.3390,3.0555,2.3001,0,True,91.80,True,0.7740887433499949,-0.6329162604241365,-0.014269713015765592,0.42,0.0000,0.00,0.0000,0.0000,1.0000,0.1234,0,152,0,0,0.014206
187,14,521000000,14.521000000,2.0614724012545143,-0.19488358301379016,-1.9065917379288144,0.022657341023711173,-0.0055192911968579205,0.02967717625794809,0.999287469916327,1484,0,0,0,0,0,0.0000,0.0000,0.0000,0.0000,0.0000,1,True,91.80,True,0.0,0.0,0.0,0.00,0.0000,0.00,0.0000,0.0000,1.0000,0.1100,0,1484,0,0,0.021541
188,14,554000000,14.554000000,2.2317049055475535,-0.30401062729934786,-2.8859344678694714,0.025451091438636844,0.00027655957179029475,0.029621274670705685,0.9992370817510067,1484,1484,686,1413,686,0,0.4623,1.0000,6.2178,22.4443,3.3793,0,True,90.16,True,0.15135713256901814,-0.16298835166485226,-0.9749491348998978,0.74,0.0000,0.00,0.0000,0.0000,1.0000,0.0459,0,1484,0,0,0.016316
189,14,587000000,14.587000000,2.317356344312208,-0.24532014924300574,-3.8805294903902268,0.02298062347630631,0.0028630202531796612,0.029540870207746126,0.9992952671993596,686,686,271,681,271,0,0.3950,1.0000,2.3684,10.4545,3.3884,0,True,88.52,True,0.08802634007708426,0.0028375896276271457,-0.9961141056815422,0.41,0.0000,0.00,0.0000,0.0000,1.0000,0.0330,0,686,0,0,0.022824
190,14,620000000,14.620000000,1.7809980877011244,-1.085264814830269,-3.96306905252026,0.02216159567682761,0.00399208285361977,0.02938937055966462,0.9993143608743214,271,271,138,271,138,0,0.5092,1.0000,1.5067,5.5684,4.6799,0,True,86.89,True,-0.5847540653988791,-0.809800364270429,-0.047812686882918176,0.16,0.0000,0.00,0.0000,0.0000,1.0000,0.0101,0,271,0,0,0.030785
191,14,653000000,14.653000000,1.7809980877011244,-1.085264814830269,-3.96306905252026,0.02216159567682761,0.00399208285361977,0.02938937055966462,0.9993143608743214,138,138,3,138,3,0,0.0217,1.0000,2.6055,3.1829,3.5004,1,True,86.89,True,0.0,0.0,0.0,0.00,0.0000,0.00,0.0000,0.0000,1.0000,0.0100,0,138,0,0,0.025276
192,14,686000000,14.686000000,1.0451269379430315,-1.757036488948704,-4.0480188542022875,0.020005431113233843,0.004967346825299575,0.02956539281911353,0.9993502868058539,138,138,73,138,73,0,0.5290,1.0000,3.2155,12.7650,3.7050,0,True,85.25,True,-0.7735870542580101,-0.6306402267225325,-0.06209648881995929,0.27,0.0000,0.00,0.0000,0.0000,1.0000,0.0273,0,138,0,0,0.034141
193,14,719000000,14.719000000,1.0451269379430315,-1.757036488948704,-4.0480188542022875,0.020005431113233843,0.004967346825299575,0.02956539281911353,0.9993502868058539,2000,0,0,0,0,0,0.0000,0.0000,0.0000,0.0000,0.0000,1,True,85.25,True,0.0,0.0,0.0,0.00,0.0000,0.00,0.0000,0.0000,1.0000,0.0357,0,2000,0,0,0.032702
194,14,752000000,14.752000000,1.2063880747510902,-1.8856427374388058,-3.0695224164956025,0.010201611105312921,0.003799093235178248,0.029752964390364827,0.9994980015645014,2000,1956,1701,1861,1701,0,0.8696,0.9780,12.5799,153.1725,3.8023,0,True,83.61,True,0.14478880312102518,-0.0983632704342763,0.9845612573731787,1.13,0.0000,0.00,0.0000,0.0000,1.0000,0.0465,0,1956,0,0,0.035967
195,14,785000000,14.785000000,1.3741285504680147,-1.7574629251665612,-2.0920598501882726,0.010130507963936742,0.0067892436063844135,0.029271118767821583,0.9994971138456208,1701,1700,1236,1608,1236,0,0.7271,0.9994,12.5853,37.0445,3.0142,0,True,81.97,True,0.16824237872236894,0.13811700075598532,0.9760216166171783,0.35,0.0000,0.00,0.0000,0.0000,1.0000,0.0529,0,1700,0,0,0.036012
196,14,818000000,14.818000000,1.558056182250591,-1.688332412027285,-1.111554063147751,0.008815540109386066,-0.0004952863609479313,0.029337166663356708,0.9995305756184585,1236,1235,1214,1214,1214,0,0.9830,0.9992,16.1023,37.2275,2.3413,0,True,80.33,True,0.17492443856522893,0.07850680463753279,0.9814469534408081,0.85,0.0000,0.00,0.0000,0.0000,1.0000,0.0640,0,1235,0,0,0.039209
197,14,851000000,14.851000000,1.3895180482088803,-1.7092132751367521,-0.1260801228887798,0.0029238195515930185,0.006724946031500396,0.029291206465215765,0.9995440218439182,1214,1211,1187,1207,1187,0,0.9802,0.9975,16.3647,81.7897,2.2221,0,True,78.69,True,-0.16798689564626382,0.006382193116850495,0.9857685684287923,1.07,0.0000,0.00,0.0000,0.0000,1.0000,0.0755,0,1211,0,0,0.041394
198,14,884000000,14.884000000,1.3250809584431054,-1.837010577601971,0.8636247376353716,-0.006349763263156924,0.013865594136724222,0.02943975613920615,0.9994502121487602,1187,1179,1090,1176,1090,0,0.9245,0.9933,16.6079,117.8982,2.0231,0,True,77.05,True,-0.08494480969180718,-0.11763049323509144,0.9894177309749871,1.34,0.0000,0.00,0.0000,0.0000,1.0000,0.0700,0,1179,0,0,0.034709
199,14,917000000,14.917000000,1.485558902821219,-1.9791490257595634,1.840376236699246,-0.017253426346202163,0.0161190690759571,0.02995140528467477,0.9992724394342686,1090,1090,1088,1088,1088,0,0.9982,1.0000,16.7886,48.0661,1.8550,0,True,75.41,True,0.12436188730386974,-0.16295257240054686,0.9787648237111223,1.28,0.0000,0.00,0.0000,0.0000,1.0000,0.0936,0,1090,0,0,0.041822
200,14,950000000,14.950000000,1.705994174985391,-1.6929918370821297,2.772858061805846,-0.01369940811672073,0.019407809927855128,0.028563319315378817,0.9993096616768715,1088,1078,1035,1036,1035,0,0.9601,0.9908,16.6380,37.4409,1.7060,0,True,73.77,True,0.20589185346266467,0.24090249209438525,0.9484590312609308,0.58,0.0000,0.00,0.0000,0.0000,1.0000,0.0680,0,1078,0,0,0.027747
201,14,983000000,14.983000000,1.7764060818051972,-1.4361668047849268,3.7367476126173176,-0.012877664701691627,0.022734130938298486,0.02796881673851337,0.9992672667172474,1035,1032,1030,1030,1030,0,0.9981,0.9971,16.1139,28.6924,1.5978,0,True,72.13,True,0.046626343076200505,0.22692997106486223,0.9727943114368223,0.40,0.0000,0.00,0.0000,0.0000,1.0000,0.0981,0,1032,0,0,0.036828
202,15,16000000,15.016000000,1.9039318333006952,-1.4344145486620945,4.728581324639644,-0.017590376143949312,0.023954332271878053,0.027632562949128366,0.9991762657796598,1030,1019,1017,1017,1017,0,0.9980,0.9893,15.8649,30.9395,1.5006,0,True,70.49,True,0.08151296005591233,-0.029718975610807125,0.9962291000726526,0.56,0.0000,0.00,0.0000,0.0000,1.0000,0.1578,0,1019,0,0,0.035847
203,15,49000000,15.049000000,2.2308393555520527,-1.321222529424563,5.666834509380527,-0.022077712868337304,0.015448780682652645,0.02929996454520695,0.9992073968138808,1017,998,989,989,989,0,0.9910,0.9813,15.4474,40.4482,1.3946,0,True,68.85,True,0.2863626203468991,0.06288274881993176,0.956055547323955,1.12,0.0000,0.00,0.0000,0.0000,1.0000,0.0899,0,998,0,0,0.040987
204,15,82000000,15.082000000,2.4105018629161523,-1.0421390725239044,6.61014453664199,-0.021234474271114894,0.016731518439926762,0.029134377392203557,0.9992098585618,989,982,974,974,974,0,0.9919,0.9929,15.0407,32.9957,1.3228,0,True,67.21,True,0.16507591731816237,0.22692452480522338,0.9598204006810287,0.18,0.0000,0.00,0.0000,0.0000,1.0000,0.1701,0,982,0,0,0.050449
205,15,115000000,15.115000000,2.548278109993359,-1.1806526701381055,7.590874718199227,-0.028762285926688152,0.019345767335224574,0.029374178640842692,0.9989672816582427,974,956,949,949,949,0,0.9927,0.9815,14.5433,34.6439,1.2603,0,True,65.57,True,0.09549325872524951,-0.18693467962774882,0.9777200330823256,0.91,0.0000,0.00,0.0000,0.0000,1.0000,0.1096,0,956,0,0,0.022083
206,15,148000000,15.148000000,2.6828011186352074,-0.8148583070192885,8.511797105839165,-0.026962793997138496,0.02172238792150325,0.02884240964142107,0.9989841144927842,949,923,915,915,915,0,0.9913,0.9726,13.9990,33.8274,1.2313,0,True,63.93,True,0.1180995002662399,0.3046390482550289,0.9451177483864825,0.35,0.0000,0.00,0.0000,0.0000,1.0000,0.1561,0,923,0,0,0.043121
207,15,181000000,15.181000000,2.8750231765530803,-0.6520668761037383,9.479552049236657,-0.027972113784568785,0.020760533681150977,0.02854430221673589,0.998985377221637,915,898,890,890,890,0,0.9911,0.9814,13.5062,54.1083,1.2131,0,True,62.30,True,0.1574048254465146,0.10006059830655582,0.9824518296551166,0.16,0.0000,0.00,0.0000,0.0000,1.0000,0.2058,0,898,0,0,0.044860
208,15,214000000,15.214000000,3.034091301143039,-0.37430735412891447,10.426941609919986,-0.028135156147848804,0.020526029180266303,0.029010712400063844,0.9989722086628176,890,853,843,843,843,0,0.9883,0.9584,12.8290,36.6394,1.1195,0,True,60.66,True,0.13338042384244939,0.21579136294503176,0.9672867983250542,0.06,0.0000,0.00,0.0000,0.0000,1.0000,0.1624,0,853,0,0,0.032706
209,15,247000000,15.247000000,3.270998143898918,-0.1445492554066019,11.370915319260956,-0.028266648925966614,0.019583518768792458,0.029248883248571823,0.9989804728721378,843,816,806,806,806,0,0.9877,0.9680,12.2488,30.1793,1.1206,0,True,59.02,True,0.20910704674387431,0.1630635627291704,0.9642014921748074,0.11,0.0000,0.00,0.0000,0.0000,1.0000,0.1868,0,816,0,0,0.035064
210,15,280000000,15.280000000,3.596776276389266,0.07145334011522361,12.291356239211245,-0.028448635892943608,0.015194359688842578,0.03010181627963531,0.9990263696250185,806,781,777,777,777,0,0.9949,0.9690,11.6579,25.6608,1.0107,0,True,57.38,True,0.2998183216776839,0.14496124402941343,0.9429184544359185,0.51,0.0000,0.00,0.0000,0.0000,1.0000,0.1815,0,781,0,0,0.031903
211,15,313000000,15.313000000,3.7878866229334136,-0.1659613993173364,13.243780029833855,-0.03418110275380198,0.017294202128619394,0.030243521050361676,0.9988082359601089,777,754,746,746,746,0,0.9894,0.9704,11.1214,24.1143,0.9926,0,True,55.74,True,0.14605571555531435,-0.30152606803777643,0.942204732660213,0.70,0.0000,0.00,0.0000,0.0000,1.0000,0.1846,0,754,0,0,0.030808
212,15,346000000,15.346000000,4.010363323596714,-0.019940711405551315,14.207720938999838,-0.03572141490513682,0.015772883123787686,0.03068582482350698,0.9987660270704242,746,711,698,698,698,0,0.9817,0.9531,10.5943,25.1837,1.0444,0,True,54.10,True,0.19529142742260774,0.06689817475112882,0.978460981639129,0.25,0.0000,0.00,0.0000,0.0000,1.0000,0.0900,0,711,0,0,0.014555
213,15,379000000,15.379000000,4.2565273090660005,0.07941660655534968,15.171843034807983,-0.03829923687129571,0.013050994638446804,0.031349093604325376,0.9986891780349936,698,679,669,669,669,0,0.9853,0.9728,10.0562,27.4555,1.0490,0,True,52.46,True,0.21906608486886428,0.01568906326057645,0.9755838783796262,0.44,0.0000,0.00,0.0000,0.0000,1.0000,0.2826,0,679,0,0,0.044123
214,15,412000000,15.412000000,4.669741552440826,0.2475768792027055,16.066815722533892,-0.04025643465621357,0.006620297459264521,0.033421242884888146,0.9986083374648692,669,647,642,642,642,0,0.9923,0.9671,9.5278,27.3795,0.9886,0,True,50.82,True,0.3971436724739604,0.07331816685910848,0.9148231248838846,0.81,0.0000,0.00,0.0000,0.0000,1.0000,0.1654,0,647,0,0,0.025059
215,15,445000000,15.445000000,5.095564558467146,0.3143011327752536,16.96915858504453,-0.045048426639674906,-0.005101367078947486,0.035815393153499415,0.9983295412460136,642,618,610,610,610,0,0.9871,0.9626,9.0421,21.3373,0.9979,0,True,49.18,True,0.41489366174332915,-0.03444130497605767,0.9092178209630287,1.48,0.0000,0.00,0.0000,0.0000,1.0000,0.1837,0,618,0,0,0.027479
216,15,478000000,15.478000000,4.933101965586122,0.6978118305918966,17.878293036363235,-0.04464556198679532,-0.0029886152820851864,0.03608335178950416,0.9983465498999902,610,587,581,581,581,0,0.9898,0.9623,8.5387,17.8404,0.9607,0,True,47.54,True,-0.1281092720984596,0.3104079198219456,0.9419314931109457,0.25,0.0000,0.00,0.0000,0.0000,1.0000,0.1688,0,587,0,0,0.025199
217,15,511000000,15.511000000,5.208514760752986,0.8721831916206758,18.823672547835397,-0.04441120380951056,-0.007546648412100859,0.036395174119604065,0.998321633730702,581,560,551,551,551,0,0.9839,0.9639,8.1461,23.5457,1.0481,0,True,45.90,True,0.289895695676087,0.06897457471254057,0.9545695331780194,0.52,0.0000,0.00,0.0000,0.0000,1.0000,0.1751,0,560,0,0,0.016604
218,15,544000000,15.544000000,5.103100596191179,1.1104615215079927,19.789131656972522,-0.043637994631571975,-0.006123455494123977,0.03601397977307596,0.9983792976510735,551,537,530,530,530,0,0.9870,0.9746,7.6316,17.2139,0.9966,0,True,44.26,True,-0.07622146192460856,0.15815591067315465,0.9844678748751636,0.19,0.0000,0.00,0.0000,0.0000,1.0000,0.1548,0,537,0,0,0.033434
219,15,577000000,15.577000000,4.985964425651959,1.3187465289426108,20.760160221552045,-0.04317380096762623,-0.004943179947765745,0.035832494024147336,0.9984125501284633,530,512,507,507,507,0,0.9902,0.9660,7.2939,19.2004,0.9471,0,True,42.62,True,-0.0929134567852973,0.13027384382833154,0.9871148946107533,0.15,0.0000,0.00,0.0000,0.0000,1.0000,0.1408,0,512,0,0,0.022040
220,15,610000000,15.610000000,5.242391749016277,1.4861782676689468,21.71211171228006,-0.042983007066991416,-0.008136600143369862,0.03620650810852145,0.9983863709066613,507,493,484,484,484,0,0.9817,0.9724,6.9957,34.9649,0.9467,0,True,40.98,True,0.27425872349004005,0.06573389598316713,0.959406695572054,0.37,0.0000,0.00,0.0000,0.0000,1.0000,0.1363,0,493,0,0,0.021636
221,15,643000000,15.643000000,5.231701260773705,1.2439994687516285,22.682284450928233,-0.04476590329951117,-0.006584946164382597,0.036072850411245576,0.998324296934117,484,477,473,473,473,0,0.9916,0.9855,6.5648,13.5374,0.9334,0,True,39.34,True,-0.015596391836681631,-0.3237225012697162,0.9460235170086181,0.27,0.0000,0.00,0.0000,0.0000,1.0000,0.1648,0,477,0,0,0.026833
222,15,676000000,15.676000000,4.823416459654856,1.3960663379110865,23.582383994578482,-0.043565010910386025,-0.0047583332947657864,0.03544983335507429,0.9984101148344459,473,455,447,447,447,0,0.9824,0.9619,6.3295,18.4176,0.9593,0,True,37.70,True,-0.387217264445652,0.09934744677590203,0.9166203548549069,0.26,0.0000,0.00,0.0000,0.0000,1.0000,0.1202,0,455,0,0,0.020570
223,15,709000000,15.709000000,4.025951083262977,1.6108605405824281,24.146221226370553,-0.04269708396492617,-0.0011653824376445165,0.03576861280617377,0.9984468975576959,447,435,294,431,294,0,0.6759,0.9732,6.0248,37.9577,1.0045,0,True,36.07,True,-0.776515481606149,0.22031927355139908,0.5903245925147913,0.43,0.0000,0.00,0.0000,0.0000,1.0000,0.1012,0,435,0,0,0.018260
224,15,742000000,15.742000000,4.363714642750725,1.7731854967665155,25.073349257702795,-0.04235174885423506,-0.005637347700141813,0.03646742581890507,0.9984210917914537,294,284,280,280,280,0,0.9859,0.9660,5.9659,22.6997,1.0556,0,True,34.43,True,0.34783448574710957,0.05810056472105188,0.9357539713536559,0.52,0.0000,0.00,0.0000,0.0000,1.0000,0.1070,0,284,0,0,0.020596
225,15,775000000,15.775000000,4.495577660767059,1.5470126929694878,26.03846997932378,-0.044364829465001226,-0.0059713014739662855,0.03652025038568365,0.998329793593788,280,269,267,267,267,0,0.9926,0.9607,5.6404,16.6627,1.0551,0,True,32.79,True,0.12280916418679971,-0.31631598683293793,0.9406710932444157,0.23,0.0000,0.00,0.0000,0.0000,1.0000,0.0867,0,269,0,0,0.017895
226,15,808000000,15.808000000,4.117986710730722,1.59129548772196,26.96338300687803,-0.044350841403561714,-0.004396667560861882,0.03627970517269194,0.9983473619806574,267,256,249,249,249,0,0.9727,0.9588,5.4559,13.9634,1.1911,0,True,31.15,True,-0.36527401258720704,-0.011009882930411363,0.9308349360688498,0.18,0.0000,0.00,0.0000,0.0000,1.0000,0.0595,0,256,0,0,0.013122
227,15,841000000,15.841000000,3.6476959599629573,2.470975497444117,26.89274526740745,-0.044128903834212876,-0.0012418950842656936,0.03713269719744494,0.9983347436315303,249,243,154,239,154,0,0.6337,0.9759,5.1801,15.3447,1.3124,0,True,29.51,True,-0.405360712390458,0.9140657356736195,0.01290440691179595,0.38,0.0000,0.00,0.0000,0.0000,1.0000,0.0748,0,243,0,0,0.013379
228,15,874000000,15.874000000,3.709014042628048,3.396616021670365,26.51934238492202,-0.040027964908199924,0.003100370099055062,0.0433536983646072,0.9982527768900357,154,149,147,147,147,0,0.9866,0.9675,4.7963,14.7692,1.2737,0,True,27.87,True,0.1301766634271142,0.9478785696050038,-0.2908268446731756,0.99,0.0000,0.00,0.0000,0.0000,1.0000,0.0659,0,149,0,0,0.022699
229,15,907000000,15.907000000,2.9790101085774667,3.1862957198937574,27.169618962180706,-0.03956243286736119,0.00579529166050699,0.04305012569849182,0.9982724654008691,147,138,66,138,66,0,0.4783,0.9388,4.4580,6.1514,1.2421,0,True,26.23,True,-0.7516800923045026,-0.19728111449685967,0.6293307561973842,0.32,0.0000,0.00,0.0000,0.0000,1.0000,0.0464,0,138,0,0,0.014704
230,15,940000000,15.940000000,2.9790101085774667,3.1862957198937574,27.169618962180706,-0.03956243286736119,0.00579529166050699,0.04305012569849182,0.9982724654008691,2000,0,0,0,0,0,0.0000,0.0000,0.0000,0.0000,0.0000,1,True,26.23,True,0.0,0.0,0.0,0.00,0.0000,0.00,0.0000,0.0000,1.0000,0.0370,0,2000,0,0,0.013694
231,15,973000000,15.973000000,3.2526992600451416,2.945608575970926,28.100835342577426,-0.04085836488930725,0.004693283769420932,0.042896835785396464,0.9982326525342841,2000,1940,1773,1930,1773,0,0.9139,0.9700,2.4924,15.9094,2.2824,0,True,24.59,True,0.238132517509906,-0.335781490257112,0.9113417004094061,0.20,0.0000,0.00,0.0000,0.0000,1.0000,0.0356,0,1940,0,0,0.015601
232,16,6000000,16.006000000,3.279522040455303,3.1108895749506416,29.086717044318227,-0.0395880966919121,0.004152222105224801,0.042863241731705144,0.998287676053426,1773,1770,1563,1770,1563,0,0.8831,0.9983,2.5664,5.5789,1.3134,0,True,22.95,True,0.02812090853461159,0.08178975562655803,0.9962528044516291,0.16,0.0000,0.00,0.0000,0.0000,1.0000,0.0203,0,1770,0,0,0.010434
233,16,39000000,16.039000000,3.157563625908322,3.2149070348679976,30.073786704045204,-0.03871662919858749,0.004182724382941791,0.04287138088417752,0.9983213771833794,1563,1562,1515,1561,1515,0,0.9699,0.9994,2.7663,6.9934,1.0391,0,True,21.31,True,-0.12417138035946364,0.03611922527446621,0.9916031816534261,0.10,0.0000,0.00,0.0000,0.0000,1.0000,0.0265,0,1562,0,0,0.016058
234,16,72000000,16.072000000,3.3049178624931024,3.345009469422188,31.05427642121902,-0.03770462514850397,0.002689061802681153,0.04295440259315861,0.9983616827016635,1515,1514,1514,1514,1514,0,1.0000,0.9993,2.7705,5.1271,0.9109,0,True,19.67,True,0.14645852717956853,0.041129645341694186,0.9883613975112837,0.21,0.0000,0.00,0.0000,0.0000,1.0000,0.0193,0,1514,0,0,0.013282
235,16,105000000,16.105000000,2.6400244116156157,3.3691922099652407,31.800823066807933,-0.037080982818140915,0.004031249539118328,0.04297948591775762,0.9983794436639004,1514,1508,1351,1507,1351,0,0.8959,0.9960,2.6903,13.4786,0.8818,0,True,18.03,True,-0.6667876937889073,0.02515436369741624,0.7448230859732051,0.17,0.0000,0.00,0.0000,0.0000,1.0000,0.0132,0,1508,0,0,0.009692
236,16,138000000,16.138000000,2.516261492341816,3.4685072060287556,32.78815242997391,-0.03625668294257718,0.003989257489888551,0.04301951512809016,0.9984081630700066,1351,1348,1346,1346,1346,0,0.9985,0.9978,2.6787,5.4510,0.8084,0,True,16.39,True,-0.12590266767767477,0.03657176317876668,0.991368258726111,0.09,0.0000,0.00,0.0000,0.0000,1.0000,0.0151,0,1348,0,0,0.011918
237,16,171000000,16.171000000,2.585725483362326,3.6879968171538806,33.76129119939976,-0.03482688598367637,0.0032493640166146713,0.04310886574358683,0.9984578886164748,1346,1346,1346,1346,1346,0,1.0000,1.0000,2.5887,4.9285,0.7778,0,True,14.75,True,0.0772082488586585,0.1419937214498667,0.9868518984006653,0.18,0.0000,0.00,0.0000,0.0000,1.0000,0.0131,0,1346,0,0,0.006440
238,16,204000000,16.204000000,2.893603409347697,3.728129361663156,34.71187026584408,-0.03474434723177176,-0.0007949778242334328,0.043399666768081525,0.9984531372428636,1346,1345,1345,1345,1345,0,1.0000,0.9993,2.5159,5.1593,0.7690,0,True,13.11,True,0.30115051010975363,-0.05253026120158174,0.9521286372747796,0.46,0.0000,0.00,0.0000,0.0000,1.0000,0.0174,0,1345,0,0,0.013121
239,16,237000000,16.237000000,2.161460274488973,4.152879786340234,35.244367690078114,-0.034010451844792476,0.0006334193791210925,0.043854739589250916,0.9984586369804019,1345,1343,1049,1343,1049,0,0.7811,0.9985,2.4368,4.0228,0.7707,0,True,11.48,True,-0.6933102534743673,0.4485536033338106,0.5640217702922142,0.19,0.0000,0.00,0.0000,0.0000,1.0000,0.0122,0,1343,0,0,0.016606
240,16,270000000,16.270000000,2.3124111139262737,4.229681819964875,36.229920982246675,-0.033020602476051646,-0.0011278421061973929,0.0437733535850311,0.9984949981348038,1049,1049,1049,1049,1049,0,1.0000,1.0000,2.3646,4.4434,0.7229,0,True,9.84,True,0.15290610715014155,-0.003777116099458348,0.9882335026653167,0.23,0.0000,0.00,0.0000,0.0000,1.0000,0.0158,0,1049,0,0,0.012627
241,16,303000000,16.303000000,2.5432508916056342,3.530949329788036,36.90703685431896,-0.03414459637787011,-0.0006069503078249851,0.043607846712792345,0.998464888643857,1049,1047,985,1047,985,0,0.9408,0.9981,2.2869,3.9326,0.7188,0,True,8.20,True,0.16839047751154704,-0.7594098175899393,0.6284436140430167,0.14,0.0000,0.00,0.0000,0.0000,1.0000,0.0119,1,1047,0,0,0.004303
242,16,336000000,16.336000000,2.820502911664767,3.4530084733811575,37.8646675452827,-0.0341292970264335,-0.005076085533617343,0.04309818799867721,0.998474822232072,985,984,984,984,984,0,1.0000,0.9990,2.2598,4.7244,0.6817,0,True,6.56,True,0.26771579794807643,-0.16694093480946812,0.9489251687114034,0.52,0.0000,0.00,0.0000,0.0000,1.0000,0.0167,0,984,0,0,0.014825
243,16,369000000,16.369000000,3.0637824825577358,3.476064398433368,38.8343496966633,-0.03358865473699304,-0.008218949466442497,0.043052583170769244,0.9984741990782492,984,982,982,982,982,0,1.0000,0.9980,2.1733,7.0216,0.6749,0,True,6.56,True,0.25133230011375274,-0.06444944368816051,0.9657527344656173,0.37,0.0000,0.00,0.0000,0.0000,1.0000,0.0204,0,982,0,0,0.010638
244,16,402000000,16.402000000,3.0437614459684252,3.983395828652232,39.69586811086347,-0.03188368511099432,-0.007586660879216267,0.042905644290807975,0.9985414257247606,982,981,697,981,697,0,0.7105,0.9990,2.0908,3.7647,0.6696,0,True,6.56,True,0.035601501588701866,0.4476203415718084,0.8935147244985768,0.21,0.0000,0.00,0.0000,0.0000,1.0000,0.0239,0,981,0,0,0.010152
245,16,435000000,16.435000000,3.0818384677459187,3.8820289606063048,40.689988273859434,-0.031020443429074607,-0.00966726748388975,0.04294366856530999,0.9985490059876937,697,696,696,696,696,0,1.0000,0.9986,1.8991,3.5000,0.6504,0,True,6.56,True,0.04153988414710186,-0.16797897446521673,0.9849149720471608,0.26,0.0000,0.00,0.0000,0.0000,1.0000,0.0253,0,696,0,0,0.008814
246,16,468000000,16.468000000,2.9799424632473452,4.577917015858822,39.97910360049526,-0.031121903352981498,-0.008862329696115463,0.04361000790527941,0.9985244380857918,696,695,127,695,127,0,0.1827,0.9986,1.8362,3.0417,0.6568,0,True,6.56,True,-0.05323321244690608,0.7452900677182894,-0.6646118717364672,0.12,0.0000,0.00,0.0000,0.0000,1.0000,0.0253,0,695,0,0,0.007492
247,16,501000000,16.501000000,3.7907579120186226,4.054548135518276,40.24114047409306,-0.03307270792462608,-0.011110554651415524,0.04012672042673095,0.9985852982463067,127,127,127,127,127,0,1.0000,1.0000,1.7362,3.5005,0.6871,0,True,6.56,True,0.7656607992991348,-0.6070206908169273,0.21281311363905758,0.53,0.0000,0.00,0.0000,0.0000,1.0000,0.0352,0,127,0,0,0.008809
248,16,534000000,16.534000000,3.9518463394517087,4.255578488737157,41.207389570150504,-0.0309655032761056,-0.014203027595097605,0.04028752584874006,0.9986071934824912,127,127,127,127,127,0,1.0000,1.0000,1.7034,2.6931,0.6827,0,True,4.92,True,0.1956643300887861,0.12246787606139889,0.9729938793558345,0.43,0.0000,0.00,0.0000,0.0000,1.0000,0.0575,0,127,0,0,0.012026
249,16,567000000,16.567000000,3.8047942988837766,4.964622721018535,41.89705033750886,-0.014481849162477564,-0.022615659210874904,0.0517236775589228,0.9983002900846385,127,126,126,126,126,0,1.0000,0.9921,1.6585,2.5332,0.6275,0,True,4.92,True,-0.07099745265355467,0.6736445262385571,0.7356374201911812,2.49,0.0000,0.00,0.0000,0.0000,1.0000,0.0447,0,126,0,0,0.008123
250,16,600000000,16.600000000,3.2085808914225007,4.311544817282496,42.36397519700464,-0.016127681660401762,-0.02267241501360907,0.05229573647167158,0.9982439658863944,126,126,87,126,87,0,0.6905,1.0000,1.6223,2.3035,0.6259,0,True,4.92,True,-0.639901286557083,-0.6027215030736559,0.47671074373798517,0.20,0.0000,0.00,0.0000,0.0000,1.0000,0.0498,0,126,0,0,0.008187
251,16,633000000,16.633000000,3.2085808914225007,4.311544817282496,42.36397519700464,-0.016127681660401762,-0.02267241501360907,0.05229573647167158,0.9982439658863944,2000,0,0,0,0,0,0.0000,0.0000,0.0000,0.0000,0.0000,1,True,6.56,True,0.0,0.0,0.0,0.00,0.0000,0.00,0.0000,0.0000,1.0000,0.0550,0,2000,0,0,0.008324
252,16,666000000,16.666000000,3.2052434594054913,4.321291725200137,43.36392212526312,-0.015384425983111691,-0.023776147568531383,0.05224314441430598,0.9982327725063306,2000,1924,1858,1859,1858,0,0.9657,0.9620,5.8667,804.9305,2.2364,0,True,4.92,True,0.041285107289748456,-0.02453369013215505,0.9988461533011844,0.15,0.0000,0.00,0.0000,0.0000,1.0000,0.0446,0,1924,0,0,0.006326
253,16,699000000,16.699000000,3.339832296757741,4.111980902490575,44.33246475434912,-0.015688305619524338,-0.02620681659916475,0.05180090016025238,0.9981902356630792,1858,1857,1854,1854,1854,0,0.9984,0.9995,1.1791,17.7896,1.3868,0,True,4.92,True,0.15613554243908367,-0.2541629676323276,0.954475184733255,0.29,0.0000,0.00,0.0000,0.0000,1.0000,0.0649,0,1857,0,0,0.008609
254,16,732000000,16.732000000,3.7792097749772213,3.2781424233101095,43.9983078716256,-0.01567847330435456,-0.025210618216721405,0.05075934930097293,0.9982695521063022,1854,1854,1851,1852,1851,0,0.9984,1.0000,1.1611,18.0400,1.3169,0,True,3.28,True,0.3325599205800014,-0.8626567213448236,-0.38108697214995774,0.17,0.0000,0.00,0.0000,0.0000,1.0000,0.0670,0,1854,0,0,0.008180
255,16,765000000,16.765000000,4.00483449967442,3.1063215252034913,44.95725055113212,-0.015947853807087048,-0.02787718834194198,0.05047957520363436,0.9982085657899136,1851,1850,1848,1848,1848,0,0.9989,0.9995,1.1099,12.8520,1.3197,0,True,3.28,True,0.25336769091996086,-0.2260099083436997,0.9405978601551035,0.31,0.0000,0.00,0.0000,0.0000,1.0000,0.0603,0,1850,0,0,0.006801
256,16,798000000,16.798000000,4.006628611442332,3.5185959311746813,45.868308505020934,-0.014219297840651696,-0.027851646073476084,0.050334389373228566,0.9982427293130368,1848,1848,1052,1848,1052,0,0.5693,1.0000,1.0840,3.0685,1.3954,0,True,3.28,True,0.09293466168042556,0.3782134631127054,0.9210416521410089,0.20,0.0000,0.00,0.0000,0.0000,1.0000,0.0723,0,1848,0,0,0.007502
257,16,831000000,16.831000000,4.090752546404962,3.5841334051875084,46.86260624869051,-0.013010377965848242,-0.029574828462109532,0.05017747298004413,0.9982175518352497,1052,1050,1049,1049,1049,0,0.9990,0.9981,1.1019,17.4181,1.1329,0,True,3.28,True,0.14407010483949179,0.02577720097449868,0.9892316921740113,0.24,0.0000,0.00,0.0000,0.0000,1.0000,0.1014,0,1050,0,0,0.009510
258,16,864000000,16.864000000,4.447921271139767,3.2978481641900728,47.75169075696762,-0.012440873312331442,-0.03433321187747831,0.04802003586922476,0.9981786069579538,1049,1048,1048,1048,1048,0,1.0000,0.9990,1.0525,2.2729,1.1740,0,True,3.28,True,0.3771805958446649,-0.34598381228156216,0.8590867242353246,0.60,0.0000,0.00,0.0000,0.0000,1.0000,0.0780,0,1048,0,0,0.006610
259,16,897000000,16.897000000,4.793131357780733,4.077109392013093,47.22864015244346,-0.012566878723823172,-0.0336001068011708,0.048708605940995756,0.998168612053783,1048,1048,618,1047,618,0,0.5897,1.0000,1.0418,19.1846,1.1704,0,True,3.28,True,0.3829482297047418,0.7573428571585213,-0.528944656913152,0.12,0.0000,0.00,0.0000,0.0000,1.0000,0.0966,0,1048,0,0,0.007491
260,16,930000000,16.930000000,4.90851541876201,4.174769332329942,48.21714865242147,-0.011435347440788992,-0.03553987579425243,0.04875153919529837,0.9981129382407218,618,618,618,618,618,0,1.0000,1.0000,0.8362,1.9810,1.5186,0,True,3.28,True,0.18925100157751287,0.05800827911255546,0.9802138021657867,0.26,0.0000,0.00,0.0000,0.0000,1.0000,0.0884,0,618,0,0,0.006289
261,16,963000000,16.963000000,4.992742087102491,4.176829536361804,49.21359314354961,-0.010578032914624506,-0.03728207943416919,0.0486114490843361,0.9980656685762929,618,618,617,617,617,0,0.9984,1.0000,0.8381,15.7298,1.4815,0,True,3.28,True,0.15339805909360915,-0.032277828301708326,0.987637168836025,0.22,0.0000,0.00,0.0000,0.0000,1.0000,0.0980,0,618,0,0,0.006483
262,16,996000000,16.996000000,4.737637989853693,3.2591060320981025,48.90911741497864,-0.011604490402175467,-0.035875136984369914,0.04873361493828789,0.9980998673098326,617,617,615,615,615,0,0.9968,1.0000,0.8023,1.8587,1.5143,0,True,3.28,True,-0.3653102005698308,-0.8810953858413675,-0.3003654081426182,0.20,0.0000,0.00,0.0000,0.0000,1.0000,0.0763,1,617,0,0,0.004814
263,17,29000000,17.029000000,4.48949041519954,2.921467634076212,49.81709488902437,-0.011872705705085215,-0.03619904078849496,0.048708383697037456,0.9980862496111523,615,614,478,614,478,0,0.7785,0.9984,0.7880,1.8092,1.5348,0,True,3.28,True,-0.21546055262427516,-0.33621808733292874,0.9168064943122017,0.05,0.0000,0.00,0.0000,0.0000,1.0000,0.1401,0,614,0,0,0.008451
264,17,62000000,17.062000000,4.375137902866752,2.5349226328562464,50.73224868208597,-0.012210121529501693,-0.03658176381288886,0.04861061510892952,0.998072991112025,478,477,477,477,477,0,1.0000,0.9979,0.9617,1.5408,0.7354,0,True,3.28,True,-0.08635626394698831,-0.3984979327784804,0.9130947339944502,0.06,0.0000,0.00,0.0000,0.0000,1.0000,0.1001,0,477,0,0,0.005853
265,17,95000000,17.095000000,3.5604408290875096,1.966624626364505,50.84760055156823,-0.013142319783949903,-0.03629922851181037,0.04887110841190652,0.9980587458675644,477,476,145,476,145,0,0.3046,0.9979,0.9628,1.4835,0.7250,0,True,3.28,True,-0.8560318212276585,-0.49033910819414067,0.16363703743661812,0.12,0.0000,0.00,0.0000,0.0000,1.0000,0.0902,0,476,0,0,0.005200
266,17,128000000,17.128000000,4.425655918812318,1.622096225215194,51.21188482149212,-0.014086383065703196,-0.037530169101719996,0.04764346901406685,0.9980596976532156,145,145,145,145,145,0,1.0000,1.0000,0.8960,1.2857,0.7530,0,True,3.28,True,0.8507909572397931,-0.4371909760546201,0.2915798304674125,0.23,0.0000,0.00,0.0000,0.0000,1.0000,0.1195,0,145,0,0,0.006783
267,17,161000000,17.161000000,3.8296219666650284,1.0235637208503534,51.74714398218573,-0.014608603100182206,-0.037397882423937996,0.04766303494572857,0.998056221966192,145,145,133,145,133,0,0.9172,1.0000,0.9021,1.2682,0.7547,0,True,3.28,True,-0.6098232205535629,-0.5564885397140507,0.5643014662754333,0.06,0.0000,0.00,0.0000,0.0000,1.0000,0.1221,0,145,0,0,0.006856
268,17,194000000,17.194000000,4.191998378138709,0.5897977150709895,52.57208663997333,-0.01544201037065805,-0.03769329896484828,0.04769022960612804,0.9980312628014083,133,133,100,133,100,0,0.7519,1.0000,0.9083,1.2749,0.7179,0,True,3.28,True,0.3784069909982356,-0.4926874392106697,0.7836244230546249,0.10,0.0000,0.00,0.0000,0.0000,1.0000,0.0820,1,133,0,0,0.004540
269,17,227000000,17.227000000,4.896591349780762,-0.09007988291861102,52.77534803833638,-0.020526765112203624,-0.04538123167140597,0.031255914778940054,0.998269634676597,100,100,100,100,100,0,1.0000,1.0000,0.8858,1.2578,0.7158,0,True,3.28,True,0.6488686392805941,-0.7497085853659703,0.1300250975262312,2.16,0.0000,0.00,0.0000,0.0000,1.0000,0.1225,1,100,0,0,0.003790
270,17,260000000,17.260000000,5.581457995583911,-0.7789375833205082,53.0129038129733,-0.02397820976045672,-0.05071519633068874,0.02017231279072428,0.9982214644629198,100,100,100,100,100,0,1.0000,1.0000,0.8876,1.2725,0.7228,0,True,3.28,True,0.6576559930922213,-0.7388030479453495,0.14716878438223846,1.46,0.0000,0.00,0.0000,0.0000,1.0000,0.0872,1,100,0,0,0.004766
271,17,293000000,17.293000000,5.709236754627784,-1.091720610926354,53.95409421155316,-0.02430223707558999,-0.051451356268059446,0.019947736370152375,0.9981804681644526,100,100,100,100,100,0,1.0000,1.0000,0.8974,1.2556,0.7236,0,True,3.28,True,0.20804509219504566,-0.363985644709861,0.9078720670109318,0.10,0.0000,0.00,0.0000,0.0000,1.0000,0.1231,0,100,0,0,0.009271
272,17,326000000,17.326000000,6.374434468708064,-1.7918902584064758,54.21346742900231,-0.026123682589240044,-0.053687063248364676,0.015176183599949895,0.9981006642113226,100,100,100,100,100,0,1.0000,1.0000,0.8791,1.2204,0.7346,0,True,3.28,True,0.6579028900962484,-0.7367281525266428,0.15619032133164754,0.64,0.0000,0.00,0.0000,0.0000,1.0000,0.0940,1,100,0,0,0.002515
273,17,359000000,17.359000000,5.8735962079780215,-2.353298381445178,54.87224049764967,-0.026849043965139235,-0.053602816383694775,0.015299596580584982,0.9980840592146362,100,100,43,100,43,0,0.4300,1.0000,0.8813,1.2469,0.7278,0,True,3.28,True,-0.4462243983018253,-0.582042632526242,0.6797868491535389,0.08,0.0000,0.00,0.0000,0.0000,1.0000,0.0779,0,100,0,0,0.006780
274,17,392000000,17.392000000,5.8735962079780215,-2.353298381445178,54.87224049764967,-0.026849043965139235,-0.053602816383694775,0.015299596580584982,0.9980840592146362,2000,0,0,0,0,0,0.0000,0.0000,0.0000,0.0000,0.0000,1,True,4.92,True,0.0,0.0,0.0,0.00,0.0000,0.00,0.0000,0.0000,1.0000,0.0976,0,2000,0,0,0.005228
275,17,425000000,17.425000000,5.563111896466401,-2.710047638402184,55.753336099707575,-0.027083084971734013,-0.05357053223508267,0.015278097335038227,0.9980797985763887,2000,1893,1520,1885,1520,0,0.8030,0.9465,0.8436,15.8712,1.6405,0,True,4.92,True,-0.2269233688692259,-0.3961468993533011,0.88970411867868,0.03,0.0000,0.00,0.0000,0.0000,1.0000,0.1070,1,1893,0,0,0.003540
276,17,458000000,17.458000000,6.027410996468406,-3.4346565106242126,56.26261826907386,-0.027661903203601554,-0.057352731898792475,0.013459234275616384,0.9978799187615782,1520,1520,1520,1520,1520,0,1.0000,1.0000,0.9808,1.6426,0.7803,0,True,4.92,True,0.4912548725976486,-0.764386857452502,0.4175899691119942,0.49,0.0000,0.00,0.0000,0.0000,1.0000,0.0767,0,1520,0,0,0.006324
277,17,491000000,17.491000000,6.254738635044556,-3.2225095269576145,57.21304754159263,-0.026398393543034068,-0.0593144745847987,0.01345438036484994,0.997799527746969,1520,1520,1518,1519,1518,0,0.9987,1.0000,0.9710,1.6528,0.8706,0,True,4.92,True,0.3402020601083779,0.15242322004605668,0.9279168714323536,0.27,0.0000,0.00,0.0000,0.0000,1.0000,0.0704,1,1520,0,0,0.003766
278,17,524000000,17.524000000,6.247297881605177,-3.1439505699661217,58.20992924243013,-0.025608379373793417,-0.06006130120497531,0.013426594622787736,0.9977758152812927,1518,1518,1515,1518,1515,0,0.9980,1.0000,0.9616,1.7611,0.9413,0,True,4.92,True,0.11226025541441181,0.024490065909587064,0.9933770038238429,0.12,0.0000,0.00,0.0000,0.0000,1.0000,0.1201,0,1518,0,0,0.006381
279,17,557000000,17.557000000,5.796706687098223,-3.100740498414068,59.10161330371488,-0.02521220379511293,-0.0600090411864362,0.013557534893892385,0.9977872784332737,1515,1515,1419,1515,1419,0,0.9366,1.0000,0.9718,1.9833,0.9039,0,True,4.92,True,-0.3396271851327116,0.006818901121496588,0.9405354207611354,0.05,0.0000,0.00,0.0000,0.0000,1.0000,0.0850,1,1515,0,0,0.004495
280,17,590000000,17.590000000,5.12881031095023,-2.420828566195813,58.79890189799054,-0.02525882822901212,-0.058988047868406696,0.01433180269527715,0.9978361595155165,1419,1418,1139,1418,1139,0,0.8032,0.9993,0.9849,1.7704,0.8412,0,True,4.92,True,-0.6784316293129021,0.7105694162618451,-0.1866055439185603,0.15,0.0000,0.00,0.0000,0.0000,1.0000,0.0775,1,1418,0,0,0.004102
281,17,623000000,17.623000000,4.189614202644868,-2.582215072472366,59.10199440158624,-0.025175426135100362,-0.058343750037845,0.01452333416873328,0.9978733774958929,1139,1139,528,1139,528,0,0.4636,1.0000,0.9444,1.6218,0.9030,0,True,4.92,True,-0.901910227647327,-0.15284139145703995,0.4039770418261695,0.08,0.0000,0.00,0.0000,0.0000,1.0000,0.0717,1,1139,0,0,0.003854
282,17,656000000,17.656000000,4.29843508712562,-3.4950957169803143,58.708539265664015,-0.027086867432649757,-0.05681067995801103,0.011362119192589996,0.9979527796959372,528,528,528,528,528,0,1.0000,1.0000,0.9524,1.3040,0.7215,0,True,4.92,True,0.03336670329415866,-0.8937373976384071,-0.4473478816020114,0.46,0.0000,0.00,0.0000,0.0000,1.0000,0.0911,0,528,0,0,0.005059
283,17,689000000,17.689000000,4.219517234070633,-4.316634348486012,59.27320398867487,-0.027353845702673612,-0.05646419588254657,0.011266830875195418,0.9979662420295796,528,528,269,528,269,0,0.5095,1.0000,0.9527,1.5500,0.7424,0,True,4.92,True,-0.035868034560365865,-0.8498305384036196,0.5258341374363121,0.05,0.0000,0.00,0.0000,0.0000,1.0000,0.0517,1,528,0,0,0.002995
284,17,722000000,17.722000000,4.229358195687272,-3.9818391636518573,60.215443522809544,-0.02626175077387024,-0.0563217499767233,0.011206786017455624,0.9980043030333133,269,269,118,269,118,0,0.4387,1.0000,1.0618,6.7472,0.5382,0,True,4.92,True,0.1239471348095581,0.28137650572908784,0.9515589155676015,0.13,0.0000,0.00,0.0000,0.0000,1.0000,0.0831,1,269,0,0,0.003465
285,17,755000000,17.755000000,4.795491219762255,-3.3851194571332934,59.6467441374537,-0.026444216932508965,-0.05529729109592164,0.012542270802796887,0.998040883146271,118,117,117,117,117,0,1.0000,0.9915,1.0459,1.3501,0.4468,0,True,4.92,True,0.5139145718806717,0.6152861143250313,-0.5977581537106044,0.19,0.0000,0.00,0.0000,0.0000,1.0000,0.0611,0,117,0,0,0.005500
286,17,788000000,17.788000000,4.2128138954588525,-3.9429333296788727,60.23778628429124,-0.026364354472470077,-0.05529074261453831,0.01158039070789415,0.9980549830272055,117,117,117,117,117,0,1.0000,1.0000,1.0558,1.3532,0.4715,0,True,4.92,True,-0.5296811243803435,-0.5759926436049692,0.622631818162334,0.11,0.0000,0.00,0.0000,0.0000,1.0000,0.0596,1,117,0,0,0.003982
287,17,821000000,17.821000000,3.2942950788841245,-3.9771251417798985,60.63168234111767,-0.026453827157899523,-0.05470591724663873,0.011955803586549133,0.9980804158020052,117,117,81,117,81,0,0.6923,1.0000,1.0592,1.3802,0.4674,0,True,4.92,True,-0.8703141958091156,-0.036814379318050476,0.4911190304280204,0.08,0.0000,0.00,0.0000,0.0000,1.0000,0.0420,1,117,0,0,0.002983
288,17,854000000,17.854000000,3.2942950788841245,-3.9771251417798985,60.63168234111767,-0.026453827157899523,-0.05470591724663873,0.011955803586549133,0.9980804158020052,2000,0,0,0,0,0,0.0000,0.0000,0.0000,0.0000,0.0000,1,True,6.56,True,0.0,0.0,0.0,0.00,0.0000,0.00,0.0000,0.0000,1.0000,0.0548,1,0,2000,0,0.004114
289,17,887000000,17.887000000,3.2942950788841245,-3.9771251417798985,60.63168234111767,-0.026453827157899523,-0.05470591724663873,0.011955803586549133,0.9980804158020052,2000,1990,0,0,0,0,0.0000,0.9950,0.0000,0.0000,1.7825,2,True,8.20,True,0.0,0.0,0.0,0.00,0.0000,0.00,0.0000,0.0000,1.0000,0.0489,1,0,1990,0,0.002282
290,17,920000000,17.920000000,3.2942950788841245,-3.9771251417798985,60.63168234111767,-0.026453827157899523,-0.05470591724663873,0.011955803586549133,0.9980804158020052,1990,1990,0,0,0,0,0.0000,1.0000,0.0000,0.0000,1.2521,3,True,9.84,True,0.0,0.0,0.0,0.00,0.0000,0.00,0.0000,0.0000,1.0000,0.0434,0,0,1990,0,0.005295
291,17,953000000,17.953000000,3.2942950788841245,-3.9771251417798985,60.63168234111767,-0.026453827157899523,-0.05470591724663873,0.011955803586549133,0.9980804158020052,1990,1990,0,0,0,0,0.0000,1.0000,0.0000,0.0000,1.2587,4,True,9.84,True,0.0,0.0,0.0,0.00,0.0000,0.00,0.0000,0.0000,1.0000,0.0411,1,0,1990,0,0.003633
292,17,986000000,17.986000000,3.2942950788841245,-3.9771251417798985,60.63168234111767,-0.026453827157899523,-0.05470591724663873,0.011955803586549133,0.9980804158020052,1990,1989,0,0,0,0,0.0000,0.9995,0.0000,0.0000,1.2804,5,True,11.48,True,0.0,0.0,0.0,0.00,0.0000,0.00,0.0000,0.0000,1.0000,0.0326,1,0,1989,0,0.002975
293,18,19000000,18.019000000,3.2942950788841245,-3.9771251417798985,60.63168234111767,-0.026453827157899523,-0.05470591724663873,0.011955803586549133,0.9980804158020052,1989,1989,0,0,0,0,0.0000,1.0000,0.0000,0.0000,1.3319,6,True,13.11,True,0.0,0.0,0.0,0.00,0.0000,0.00,0.0000,0.0000,1.0000,0.0434,1,0,1989,0,0.004106
294,18,52000000,18.052000000,3.2942950788841245,-3.9771251417798985,60.63168234111767,-0.026453827157899523,-0.05470591724663873,0.011955803586549133,0.9980804158020052,1989,1989,0,0,0,0,0.0000,1.0000,0.0000,0.0000,1.3468,7,True,14.75,True,0.0,0.0,0.0,0.00,0.0000,0.00,0.0000,0.0000,1.0000,0.0335,1,0,1989,0,0.003389
295,18,85000000,18.085000000,3.2942950788841245,-3.9771251417798985,60.63168234111767,-0.026453827157899523,-0.05470591724663873,0.011955803586549133,0.9980804158020052,1989,1987,0,0,0,0,0.0000,0.9990,0.0000,0.0000,1.3569,8,True,16.39,True,0.0,0.0,0.0,0.00,0.0000,0.00,0.0000,0.0000,1.0000,0.0286,1,0,1987,0,0.001893
296,18,118000000,18.118000000,3.2942950788841245,-3.9771251417798985,60.63168234111767,-0.026453827157899523,-0.05470591724663873,0.011955803586549133,0.9980804158020052,1987,1981,0,0,0,0,0.0000,0.9970,0.0000,0.0000,1.3613,9,True,18.03,True,0.0,0.0,0.0,0.00,0.0000,0.00,0.0000,0.0000,1.0000,0.0280,1,0,1981,0,0.004269
297,18,151000000,18.151000000,3.2942950788841245,-3.9771251417798985,60.63168234111767,-0.026453827157899523,-0.05470591724663873,0.011955803586549133,0.9980804158020052,1981,1976,0,0,0,0,0.0000,0.9975,0.0000,0.0000,1.4177,10,True,19.67,True,0.0,0.0,0.0,0.00,0.0000,0.00,0.0000,0.0000,1.0000,0.0116,1,0,1976,0,0.001325
298,18,184000000,18.184000000,3.2942950788841245,-3.9771251417798985,60.63168234111767,-0.026453827157899523,-0.05470591724663873,0.011955803586549133,0.9980804158020052,1976,1971,0,0,0,0,0.0000,0.9975,0.0000,0.0000,1.4390,11,True,21.31,True,0.0,0.0,0.0,0.00,0.0000,0.00,0.0000,0.0000,1.0000,0.0423,0,0,1971,0,0.005073
299,18,217000000,18.217000000,3.2942950788841245,-3.9771251417798985,60.63168234111767,-0.026453827157899523,-0.05470591724663873,0.011955803586549133,0.9980804158020052,1971,1967,0,0,0,0,0.0000,0.9980,0.0000,0.0000,1.4593,12,True,22.95,True,0.0,0.0,0.0,0.00,0.0000,0.00,0.0000,0.0000,1.0000,0.0160,1,0,1967,0,0.001991
300,18,250000000,18.250000000,3.2942950788841245,-3.9771251417798985,60.63168234111767,-0.026453827157899523,-0.05470591724663873,0.011955803586549133,0.9980804158020052,1967,1958,0,0,0,0,0.0000,0.9954,0.0000,0.0000,1.5145,13,True,24.59,True,0.0,0.0,0.0,0.00,0.0000,0.00,0.0000,0.0000,1.0000,0.0212,1,0,1958,0,0.002716
301,18,283000000,18.283000000,3.2942950788841245,-3.9771251417798985,60.63168234111767,-0.026453827157899523,-0.05470591724663873,0.011955803586549133,0.9980804158020052,1958,1958,0,0,0,0,0.0000,1.0000,0.0000,0.0000,1.5120,14,True,26.23,True,0.0,0.0,0.0,0.00,0.0000,0.00,0.0000,0.0000,1.0000,0.0240,1,0,1958,0,0.003217
302,18,316000000,18.316000000,3.2942950788841245,-3.9771251417798985,60.63168234111767,-0.026453827157899523,-0.05470591724663873,0.011955803586549133,0.9980804158020052,1958,1948,0,0,0,0,0.0000,0.9949,0.0000,0.0000,1.4719,15,True,27.87,True,0.0,0.0,0.0,0.00,0.0000,0.00,0.0000,0.0000,1.0000,0.0357,1,0,1948,0,0.004961
303,18,349000000,18.349000000,3.2942950788841245,-3.9771251417798985,60.63168234111767,-0.026453827157899523,-0.05470591724663873,0.011955803586549133,0.9980804158020052,1948,1947,0,0,0,0,0.0000,0.9995,0.0000,0.0000,1.5049,16,True,29.51,True,0.0,0.0,0.0,0.00,0.0000,0.00,0.0000,0.0000,1.0000,0.0208,1,0,1947,0,0.003027
304,18,382000000,18.382000000,3.2942950788841245,-3.9771251417798985,60.63168234111767,-0.026453827157899523,-0.05470591724663873,0.011955803586549133,0.9980804158020052,1947,1942,0,0,0,0,0.0000,0.9974,0.0000,0.0000,1.5133,17,True,31.15,True,0.0,0.0,0.0,0.00,0.0000,0.00,0.0000,0.0000,1.0000,0.0172,1,0,1942,0,0.002675
305,18,415000000,18.415000000,3.2942950788841245,-3.9771251417798985,60.63168234111767,-0.026453827157899523,-0.05470591724663873,0.011955803586549133,0.9980804158020052,1942,1941,0,0,0,0,0.0000,0.9995,0.0000,0.0000,1.6095,18,True,32.79,True,0.0,0.0,0.0,0.00,0.0000,0.00,0.0000,0.0000,1.0000,0.0142,1,0,1941,0,0.002338
306,18,448000000,18.448000000,3.2942950788841245,-3.9771251417798985,60.63168234111767,-0.026453827157899523,-0.05470591724663873,0.011955803586549133,0.9980804158020052,1941,1939,0,0,0,0,0.0000,0.9990,0.0000,0.0000,1.6460,19,True,34.43,True,0.0,0.0,0.0,0.00,0.0000,0.00,0.0000,0.0000,1.0000,0.0212,1,0,1939,0,0.003729
307,18,481000000,18.481000000,3.2942950788841245,-3.9771251417798985,60.63168234111767,-0.026453827157899523,-0.05470591724663873,0.011955803586549133,0.9980804158020052,1939,1938,0,0,0,0,0.0000,0.9995,0.0000,0.0000,1.6596,20,True,36.07,True,0.0,0.0,0.0,0.00,0.0000,0.00,0.0000,0.0000,1.0000,0.0105,1,0,1938,0,0.002028
308,18,514000000,18.514000000,3.2942950788841245,-3.9771251417798985,60.63168234111767,-0.026453827157899523,-0.05470591724663873,0.011955803586549133,0.9980804158020052,1938,1934,0,0,0,0,0.0000,0.9979,0.0000,0.0000,1.6375,21,True,37.70,True,0.0,0.0,0.0,0.00,0.0000,0.00,0.0000,0.0000,1.0000,0.0141,1,0,1934,0,0.003122
309,18,547000000,18.547000000,3.2942950788841245,-3.9771251417798985,60.63168234111767,-0.026453827157899523,-0.05470591724663873,0.011955803586549133,0.9980804158020052,1934,1929,0,0,0,0,0.0000,0.9974,0.0000,0.0000,1.6567,22,True,39.34,True,0.0,0.0,0.0,0.00,0.0000,0.00,0.0000,0.0000,1.0000,0.0090,1,0,1929,0,0.002634
310,18,580000000,18.580000000,3.2942950788841245,-3.9771251417798985,60.63168234111767,-0.026453827157899523,-0.05470591724663873,0.011955803586549133,0.9980804158020052,1929,1920,0,0,0,0,0.0000,0.9953,0.0000,0.0000,1.6508,23,True,40.98,True,0.0,0.0,0.0,0.00,0.0000,0.00,0.0000,0.0000,1.0000,0.0056,1,0,1920,0,0.002438
311,18,613000000,18.613000000,3.2942950788841245,-3.9771251417798985,60.63168234111767,-0.026453827157899523,-0.05470591724663873,0.011955803586549133,0.9980804158020052,1920,1916,0,0,0,0,0.0000,0.9979,0.0000,0.0000,1.7015,24,True,42.62,True,0.0,0.0,0.0,0.00,0.0000,0.00,0.0000,0.0000,1.0000,0.0050,1,0,1916,0,0.001809
312,18,646000000,18.646000000,3.2942950788841245,-3.9771251417798985,60.63168234111767,-0.026453827157899523,-0.05470591724663873,0.011955803586549133,0.9980804158020052,1916,1912,0,0,0,0,0.0000,0.9979,0.0000,0.0000,1.6497,25,True,42.62,True,0.0,0.0,0.0,0.00,0.0000,0.00,0.0000,0.0000,1.0000,0.0029,1,0,1912,0,0.003592
313,18,679000000,18.679000000,3.2942950788841245,-3.9771251417798985,60.63168234111767,-0.026453827157899523,-0.05470591724663873,0.011955803586549133,0.9980804158020052,1912,1908,0,0,0,0,0.0000,0.9979,0.0000,0.0000,1.6272,26,True,44.26,True,0.0,0.0,0.0,0.00,0.0000,0.00,0.0000,0.0000,1.0000,0.0028,1,0,1908,0,0.002360
314,18,712000000,18.712000000,3.2942950788841245,-3.9771251417798985,60.63168234111767,-0.026453827157899523,-0.05470591724663873,0.011955803586549133,0.9980804158020052,1908,1903,0,0,0,0,0.0000,0.9974,0.0000,0.0000,1.6357,27,True,45.90,True,0.0,0.0,0.0,0.00,0.0000,0.00,0.0000,0.0000,1.0000,0.0029,1,0,1903,0,0.001439
315,18,745000000,18.745000000,3.2942950788841245,-3.9771251417798985,60.63168234111767,-0.026453827157899523,-0.05470591724663873,0.011955803586549133,0.9980804158020052,1903,1901,0,0,0,0,0.0000,0.9989,0.0000,0.0000,1.6450,28,True,47.54,True,0.0,0.0,0.0,0.00,0.0000,0.00,0.0000,0.0000,1.0000,0.0059,1,0,1901,0,0.004377
316,18,778000000,18.778000000,3.2942950788841245,-3.9771251417798985,60.63168234111767,-0.026453827157899523,-0.05470591724663873,0.011955803586549133,0.9980804158020052,1901,1897,0,0,0,0,0.0000,0.9979,0.0000,0.0000,1.6366,29,True,49.18,True,0.0,0.0,0.0,0.00,0.0000,0.00,0.0000,0.0000,1.0000,0.0027,1,0,1897,0,0.001181
317,18,811000000,18.811000000,3.2942950788841245,-3.9771251417798985,60.63168234111767,-0.026453827157899523,-0.05470591724663873,0.011955803586549133,0.9980804158020052,1897,1892,0,0,0,0,0.0000,0.9974,0.0000,0.0000,1.6147,30,True,50.82,True,0.0,0.0,0.0,0.00,0.0000,0.00,0.0000,0.0000,1.0000,0.0060,1,0,1892,0,0.002131
318,18,844000000,18.844000000,3.2942950788841245,-3.9771251417798985,60.63168234111767,-0.026453827157899523,-0.05470591724663873,0.011955803586549133,0.9980804158020052,1892,1889,0,0,0,0,0.0000,0.9984,0.0000,0.0000,1.6188,31,True,52.46,True,0.0,0.0,0.0,0.00,0.0000,0.00,0.0000,0.0000,1.0000,0.0079,1,0,1889,0,0.002434
319,18,877000000,18.877000000,3.2942950788841245,-3.9771251417798985,60.63168234111767,-0.026453827157899523,-0.05470591724663873,0.011955803586549133,0.9980804158020052,1889,1885,0,0,0,0,0.0000,0.9979,0.0000,0.0000,1.6105,32,True,54.10,True,0.0,0.0,0.0,0.00,0.0000,0.00,0.0000,0.0000,1.0000,0.0087,1,0,1885,0,0.002621
320,18,910000000,18.910000000,3.2942950788841245,-3.9771251417798985,60.63168234111767,-0.026453827157899523,-0.05470591724663873,0.011955803586549133,0.9980804158020052,1885,1883,0,0,0,0,0.0000,0.9989,0.0000,0.0000,1.8407,33,True,55.74,True,0.0,0.0,0.0,0.00,0.0000,0.00,0.0000,0.0000,1.0000,0.7619,1,0,1883,0,0.003014
321,18,943000000,18.943000000,3.2942950788841245,-3.9771251417798985,60.63168234111767,-0.026453827157899523,-0.05470591724663873,0.011955803586549133,0.9980804158020052,1883,1873,0,0,0,0,0.0000,0.9947,0.0000,0.0000,1.9943,34,True,57.38,True,0.0,0.0,0.0,0.00,0.0000,0.00,0.0000,0.0000,1.0000,2.0357,1,0,1873,0,0.001489
322,18,976000000,18.976000000,3.2942950788841245,-3.9771251417798985,60.63168234111767,-0.026453827157899523,-0.05470591724663873,0.011955803586549133,0.9980804158020052,1873,1861,0,0,0,0,0.0000,0.9936,0.0000,0.0000,2.0100,35,True,59.02,True,0.0,0.0,0.0,0.00,0.0000,0.00,0.0000,0.0000,1.0000,16.7360,1,0,1861,0,0.004022
323,19,9000000,19.009000000,3.2942950788841245,-3.9771251417798985,60.63168234111767,-0.026453827157899523,-0.05470591724663873,0.011955803586549133,0.9980804158020052,1861,1848,0,0,0,0,0.0000,0.9930,0.0000,0.0000,2.1167,36,True,60.66,True,0.0,0.0,0.0,0.00,0.0000,0.00,0.0000,0.0000,1.0000,23.5901,1,0,1848,0,0.002626
324,19,42000000,19.042000000,3.2942950788841245,-3.9771251417798985,60.63168234111767,-0.026453827157899523,-0.05470591724663873,0.011955803586549133,0.9980804158020052,1848,1830,0,0,0,0,0.0000,0.9903,0.0000,0.0000,2.5479,37,True,62.30,True,0.0,0.0,0.0,0.00,0.0000,0.00,0.0000,0.0000,1.0000,27.1832,1,0,1830,0,0.001830
325,19,75000000,19.075000000,3.2942950788841245,-3.9771251417798985,60.63168234111767,-0.026453827157899523,-0.05470591724663873,0.011955803586549133,0.9980804158020052,1830,1805,0,0,0,0,0.0000,0.9863,0.0000,0.0000,3.2683,38,True,63.93,True,0.0,0.0,0.0,0.00,0.0000,0.00,0.0000,0.0000,1.0000,22.1902,1,0,1805,0,0.001008
326,19,108000000,19.108000000,3.2942950788841245,-3.9771251417798985,60.63168234111767,-0.026453827157899523,-0.05470591724663873,0.011955803586549133,0.9980804158020052,1805,1757,0,0,0,0,0.0000,0.9734,0.0000,0.0000,3.5259,39,True,65.57,True,0.0,0.0,0.0,0.00,0.0000,0.00,0.0000,0.0000,1.0000,75.2041,1,0,1757,0,0.001909
327,19,141000000,19.141000000,3.2942950788841245,-3.9771251417798985,60.63168234111767,-0.026453827157899523,-0.05470591724663873,0.011955803586549133,0.9980804158020052,1757,1726,0,0,0,0,0.0000,0.9824,0.0000,0.0000,3.5472,40,True,67.21,True,0.0,0.0,0.0,0.00,0.0000,0.00,0.0000,0.0000,1.0000,37.4339,1,0,1726,0,0.000454
328,19,174000000,19.174000000,3.2942950788841245,-3.9771251417798985,60.63168234111767,-0.026453827157899523,-0.05470591724663873,0.011955803586549133,0.9980804158020052,1726,1665,0,0,0,0,0.0000,0.9647,0.0000,0.0000,3.3149,41,True,68.85,True,0.0,0.0,0.0,0.00,0.0000,0.00,0.0000,0.0000,1.0000,61.9576,1,0,1665,0,0.000378
329,19,207000000,19.207000000,3.2942950788841245,-3.9771251417798985,60.63168234111767,-0.026453827157899523,-0.05470591724663873,0.011955803586549133,0.9980804158020052,1665,1606,0,0,0,0,0.0000,0.9646,0.0000,0.0000,3.4026,42,True,70.49,True,0.0,0.0,0.0,0.00,0.0000,0.00,0.0000,0.0000,1.0000,113.9372,1,0,1606,0,0.000777
330,19,240000000,19.240000000,3.2942950788841245,-3.9771251417798985,60.63168234111767,-0.026453827157899523,-0.05470591724663873,0.011955803586549133,0.9980804158020052,1606,1557,0,0,0,0,0.0000,0.9695,0.0000,0.0000,3.7148,43,True,72.13,True,0.0,0.0,0.0,0.00,0.0000,0.00,0.0000,0.0000,1.0000,91.9529,1,0,1557,0,0.001063
331,19,273000000,19.273000000,3.2942950788841245,-3.9771251417798985,60.63168234111767,-0.026453827157899523,-0.05470591724663873,0.011955803586549133,0.9980804158020052,1557,1437,0,0,0,0,0.0000,0.9229,0.0000,0.0000,3.9061,44,True,73.77,True,0.0,0.0,0.0,0.00,0.0000,0.00,0.0000,0.0000,1.0000,96.3010,1,0,1437,0,0.001387
332,19,306000000,19.306000000,3.2942950788841245,-3.9771251417798985,60.63168234111767,-0.026453827157899523,-0.05470591724663873,0.011955803586549133,0.9980804158020052,1437,1360,0,0,0,0,0.0000,0.9464,0.0000,0.0000,4.0909,45,True,75.41,True,0.0,0.0,0.0,0.00,0.0000,0.00,0.0000,0.0000,1.0000,79.7037,1,0,1360,0,0.001238
333,19,339000000,19.339000000,3.2942950788841245,-3.9771251417798985,60.63168234111767,-0.026453827157899523,-0.05470591724663873,0.011955803586549133,0.9980804158020052,1360,1288,0,0,0,0,0.0000,0.9471,0.0000,0.0000,4.1747,46,True,77.05,True,0.0,0.0,0.0,0.00,0.0000,0.00,0.0000,0.0000,1.0000,104.4656,1,0,1288,0,0.001530
334,19,372000000,19.372000000,3.2942950788841245,-3.9771251417798985,60.63168234111767,-0.026453827157899523,-0.05470591724663873,0.011955803586549133,0.9980804158020052,1288,1222,0,0,0,0,0.0000,0.9488,0.0000,0.0000,3.9347,47,True,78.69,True,0.0,0.0,0.0,0.00,0.0000,0.00,0.0000,0.0000,1.0000,104.5650,1,0,1222,0,0.001328
335,19,405000000,19.405000000,3.2942950788841245,-3.9771251417798985,60.63168234111767,-0.026453827157899523,-0.05470591724663873,0.011955803586549133,0.9980804158020052,1222,1157,0,0,0,0,0.0000,0.9468,0.0000,0.0000,4.2666,48,True,78.69,True,0.0,0.0,0.0,0.00,0.0000,0.00,0.0000,0.0000,1.0000,123.5994,1,0,1157,0,0.001688
336,19,438000000,19.438000000,3.2942950788841245,-3.9771251417798985,60.63168234111767,-0.026453827157899523,-0.05470591724663873,0.011955803586549133,0.9980804158020052,1157,1042,0,0,0,0,0.0000,0.9006,0.0000,0.0000,4.0955,49,True,80.33,True,0.0,0.0,0.0,0.00,0.0000,0.00,0.0000,0.0000,1.0000,81.6209,1,0,1042,0,0.001376
337,19,471000000,19.471000000,3.2942950788841245,-3.9771251417798985,60.63168234111767,-0.026453827157899523,-0.05470591724663873,0.011955803586549133,0.9980804158020052,1042,969,0,0,0,0,0.0000,0.9299,0.0000,0.0000,4.4188,50,True,81.97,True,0.0,0.0,0.0,0.00,0.0000,0.00,0.0000,0.0000,1.0000,152.4988,1,0,969,0,0.003196
338,19,504000000,19.504000000,3.2942950788841245,-3.9771251417798985,60.63168234111767,-0.026453827157899523,-0.05470591724663873,0.011955803586549133,0.9980804158020052,969,930,0,0,0,0,0.0000,0.9598,0.0000,0.0000,4.6928,51,True,83.61,True,0.0,0.0,0.0,0.00,0.0000,0.00,0.0000,0.0000,1.0000,108.6174,1,0,930,0,0.001749
339,19,537000000,19.537000000,3.2942950788841245,-3.9771251417798985,60.63168234111767,-0.026453827157899523,-0.05470591724663873,0.011955803586549133,0.9980804158020052,930,906,0,0,0,0,0.0000,0.9742,0.0000,0.0000,4.5800,52,True,85.25,True,0.0,0.0,0.0,0.00,0.0000,0.00,0.0000,0.0000,1.0000,139.6834,1,0,906,0,0.004967
340,19,570000000,19.570000000,3.2942950788841245,-3.9771251417798985,60.63168234111767,-0.026453827157899523,-0.05470591724663873,0.011955803586549133,0.9980804158020052,906,886,0,0,0,0,0.0000,0.9779,0.0000,0.0000,4.7925,53,True,86.89,True,0.0,0.0,0.0,0.00,0.0000,0.00,0.0000,0.0000,1.0000,79.0803,1,0,886,0,0.002612
341,19,603000000,19.603000000,3.2942950788841245,-3.9771251417798985,60.63168234111767,-0.026453827157899523,-0.05470591724663873,0.011955803586549133,0.9980804158020052,886,830,0,0,0,0,0.0000,0.9368,0.0000,0.0000,4.5112,54,True,88.52,True,0.0,0.0,0.0,0.00,0.0000,0.00,0.0000,0.0000,1.0000,102.4977,1,0,830,0,0.003831
342,19,636000000,19.636000000,3.2942950788841245,-3.9771251417798985,60.63168234111767,-0.026453827157899523,-0.05470591724663873,0.011955803586549133,0.9980804158020052,830,773,0,0,0,0,0.0000,0.9313,0.0000,0.0000,4.5729,55,True,90.16,True,0.0,0.0,0.0,0.00,0.0000,0.00,0.0000,0.0000,1.0000,110.0382,1,0,773,0,0.004947
343,19,669000000,19.669000000,3.2942950788841245,-3.9771251417798985,60.63168234111767,-0.026453827157899523,-0.05470591724663873,0.011955803586549133,0.9980804158020052,773,734,0,0,0,0,0.0000,0.9495,0.0000,0.0000,4.3858,56,True,91.80,True,0.0,0.0,0.0,0.00,0.0000,0.00,0.0000,0.0000,1.0000,74.5991,1,0,734,0,0.004105
344,19,702000000,19.702000000,3.2942950788841245,-3.9771251417798985,60.63168234111767,-0.026453827157899523,-0.05470591724663873,0.011955803586549133,0.9980804158020052,734,670,0,0,0,0,0.0000,0.9128,0.0000,0.0000,4.9484,57,True,93.44,True,0.0,0.0,0.0,0.00,0.0000,0.00,0.0000,0.0000,1.0000,66.2778,1,0,670,0,0.004435
345,19,735000000,19.735000000,4.274034955300175,-3.7901804609614405,60.70352564890583,-0.026608018442833153,-0.05576926531687394,-0.005706089298492736,0.9980727643541224,670,597,501,516,501,0,0.8392,0.8910,32.2937,109.5542,4.7458,0,True,93.44,True,0.9863982045839604,0.16219538081958967,-0.026669091366735797,2.03,0.0000,0.00,0.0000,0.0000,1.0000,76.6430,0,597,0,597,0.006410
346,19,768000000,19.768000000,5.217256583799484,-4.083136485700154,60.86008147632977,-0.026637442955667872,-0.05654510893441168,-0.021346272096895012,0.9978163327767011,501,455,312,445,312,0,0.6857,0.9082,27.3353,50.9114,2.9940,0,True,93.44,True,0.9572362457097608,-0.28719493459073897,0.03489755643169718,1.79,0.0000,0.00,0.0000,0.0000,1.0000,51.6023,0,455,0,0,0.005646
347,19,801000000,19.801000000,5.168956170080354,-4.826880245507803,61.52679902505766,-0.02883614296040523,-0.05795258130978897,-0.03598451757422477,0.9972537739580881,312,267,260,260,260,0,0.9738,0.8558,24.5905,37.9813,1.7823,0,True,93.44,True,0.05748775869860269,-0.7780458274759936,0.6255716169608461,1.71,0.0000,0.00,0.0000,0.0000,1.0000,45.6119,0,267,0,0,0.006414
348,19,834000000,19.834000000,5.795314028197071,-5.585455036916992,61.34724368703081,-0.027450400055407147,-0.05835050921150311,-0.046313609493408,0.9968433894986958,260,240,101,240,101,0,0.4208,0.9231,19.2404,28.6948,1.4172,0,True,93.44,True,0.6513102322111504,-0.6987226458844134,-0.29594196313693377,1.20,0.0000,0.00,0.0000,0.0000,1.0000,29.4115,0,240,0,0,0.005344
349,19,867000000,19.867000000,6.4075221497134125,-6.2412303922329535,60.90547463049827,-0.024063246248467885,-0.05953717860690646,-0.05467286950496933,0.9964372342920589,101,93,70,91,70,0,0.7527,0.9208,14.4452,25.1818,1.2209,0,True,91.80,True,0.6113476500638866,-0.5716953002998103,-0.5471914969884614,1.04,0.0000,0.00,0.0000,0.0000,1.0000,34.4423,0,93,0,0,0.008739
350,19,900000000,19.900000000,6.4075221497134125,-6.2412303922329535,60.90547463049827,-0.024063246248467885,-0.05953717860690646,-0.05467286950496933,0.9964372342920589,2000,0,0,0,0,0,0.0000,0.0000,0.0000,0.0000,0.0000,1,True,91.80,True,0.0,0.0,0.0,0.00,0.0000,0.00,0.0000,0.0000,1.0000,19.3499,0,2000,0,0,0.007573
351,19,933000000,19.933000000,6.555593723676141,-7.159010461358666,61.27392347864382,-0.02346011633713569,-0.06031598289256819,-0.05852339093121693,0.9961860357699578,2000,1993,1854,1868,1854,0,0.9303,0.9965,6.0264,464.7036,2.7377,0,True,90.16,True,0.2881906709598685,-0.909943232390354,0.2982439454518649,0.46,0.0000,0.00,0.0000,0.0000,1.0000,6.7448,1,1993,0,0,0.003942
352,19,966000000,19.966000000,6.941165091807303,-7.420097742537085,60.38895559691911,-0.019186862011310802,-0.0599214757291739,-0.058977851381481934,0.9962745074119987,1854,1841,824,1805,824,0,0.4476,0.9930,2.5321,219.5112,1.5722,0,True,88.52,True,0.30105045438138994,-0.17784565745636344,-0.9368775512523889,0.49,0.0000,0.00,0.0000,0.0000,1.0000,9.9382,0,1841,0,0,0.014688
353,19,999000000,19.999000000,6.776751323958996,-8.066669165647905,61.13388076615315,-0.017126598358174226,-0.061328141545426235,-0.057803491981671326,0.9962952850425354,824,823,796,821,796,0,0.9672,0.9988,4.5194,43.3832,2.0622,0,True,86.89,True,0.003033982193015019,-0.6845105326878265,0.7289966567766143,0.32,0.0000,0.00,0.0000,0.0000,1.0000,2.0202,0,823,0,0,0.006815
354,20,32000000,20.032000000,6.531246409402684,-8.885267142888368,61.653134739259286,-0.016829976417245866,-0.0630640399147197,-0.056957524258023515,0.9962406934038712,796,796,793,793,793,0,0.9962,1.0000,7.3891,35.0000,1.8740,0,True,85.25,True,-0.08497023606985507,-0.8554788726891583,0.5108189085818183,0.22,0.0000,0.00,0.0000,0.0000,1.0000,8.8388,0,796,0,0,0.010167
355,20,65000000,20.065000000,6.621758926975571,-9.829760803675681,61.9689498891416,-0.014740368048665624,-0.06396147635761841,-0.052665272573749436,0.9964527184752301,793,793,788,788,788,0,0.9937,1.0000,9.8322,30.8369,1.9661,0,True,83.61,True,0.23467684616171294,-0.9356878842492435,0.2634671917806194,0.56,0.0000,0.00,0.0000,0.0000,1.0000,17.2572,0,793,0,0,0.011736
356,20,98000000,20.098000000,6.5439254599374665,-10.796425476423163,62.212878899041655,-0.012763451982285874,-0.06489007225757058,-0.04808618037076673,0.9966514396082781,788,788,760,760,760,0,0.9645,1.0000,11.8258,25.0810,1.8209,0,True,81.97,True,0.054342658157924106,-0.9747205092251957,0.216718260421465,0.58,0.0000,0.00,0.0000,0.0000,1.0000,21.4143,0,788,0,0,0.010955
357,20,131000000,20.131000000,7.126579654997285,-11.557196876791437,61.92697512963509,-0.009211498556219928,-0.06505220133672014,-0.039739463532461106,0.997047709206409,760,760,667,727,667,0,0.8776,1.0000,13.4944,21.9773,1.9233,0,True,80.33,True,0.6093815653836702,-0.6947029934840422,-0.3821542340663759,1.04,0.0000,0.00,0.0000,0.0000,1.0000,21.6250,0,760,0,0,0.009458
358,20,164000000,20.164000000,7.2598081709805475,-11.428431956056249,60.9442901558429,-0.002278820613779867,-0.06572755184647877,-0.03053951867191317,0.9973675519607436,667,667,281,654,281,0,0.4213,1.0000,15.3751,23.6765,1.5182,0,True,78.69,True,-0.006563063727071842,0.15202343653916184,-0.9883550986044125,1.32,0.0000,0.00,0.0000,0.0000,1.0000,23.5564,0,667,0,0,0.006100
359,20,197000000,20.197000000,7.392982340217891,-12.418018722699959,60.998903999615166,-0.0002181433096254207,-0.06611241899315688,-0.02212181346568113,0.9975669029380232,281,281,267,281,267,0,0.9502,1.0000,17.2286,24.7089,2.2852,0,True,77.05,True,0.1989305236641679,-0.9796069607352368,0.028228518093802838,0.99,0.0000,0.00,0.0000,0.0000,1.0000,42.7698,0,281,0,0,0.019010
360,20,230000000,20.230000000,7.481561182945129,-13.411973012625152,61.063778171366316,0.0003322457184446446,-0.06677477523178219,-0.016100646655357164,0.9976381048169756,267,267,258,267,258,0,0.9663,1.0000,18.0038,25.0115,1.8805,0,True,75.41,True,0.14011602315008204,-0.9889077689541019,0.049284120757360564,0.70,0.0000,0.00,0.0000,0.0000,1.0000,32.2393,0,267,0,0,0.011285
361,20,263000000,20.263000000,7.5033308260083995,-14.404261872819752,61.18579825403546,0.0007910465228966742,-0.06730590089551983,-0.008664430423196048,0.997694451019691,258,258,254,254,254,0,0.9845,1.0000,18.4005,24.7810,1.3949,0,True,73.77,True,0.0697416973711098,-0.9907325268661936,0.11655537678341397,0.86,0.0000,0.00,0.0000,0.0000,1.0000,35.3347,0,258,0,0,0.012189
362,20,296000000,20.296000000,7.842196556294484,-14.716717182487294,62.073233714392,0.005783409697592083,-0.07288753494667093,0.0017678803561561932,0.9973218307149975,254,254,253,253,253,0,0.9961,1.0000,18.2943,24.0801,1.2226,0,True,72.13,True,0.4603516556444865,-0.3041496552792247,0.8340079977667534,1.47,0.0000,0.00,0.0000,0.0000,1.0000,36.7068,0,254,0,0,0.012726
363,20,329000000,20.329000000,8.510835239430543,-13.996472742782839,61.88838172362942,0.010530937646226798,-0.07296992974180265,0.01728535538585393,0.9971287305032146,253,253,253,253,253,0,1.0000,1.0000,17.8960,22.9743,1.2365,0,True,70.49,True,0.6365842400719736,0.7151854431833102,-0.2885659147416411,1.86,0.0000,0.00,0.0000,0.0000,1.0000,35.4626,0,253,0,0,0.012597
364,20,362000000,20.362000000,8.803610787528221,-13.799229455132862,60.952765582301616,0.017664628691222886,-0.07281401663920889,0.02845789425657617,0.9967829393245792,253,253,246,253,246,0,0.9723,1.0000,17.2007,21.5908,1.1157,0,True,68.85,True,0.15948662868590938,0.16925026990008524,-0.9725833441968617,1.52,0.0000,0.00,0.0000,0.0000,1.0000,33.4531,0,253,0,0,0.012423
365,20,395000000,20.395000000,8.883669433461671,-13.288446425661723,60.09679168666251,0.02363897683223648,-0.07301642448148823,0.039289818558240146,0.9962761217092,246,246,90,246,90,0,0.3659,1.0000,16.2748,19.9948,1.0228,0,True,67.21,True,-0.018369195080962353,0.4782928030054716,-0.8780082956699479,1.42,0.0000,0.00,0.0000,0.0000,1.0000,28.5096,0,246,0,0,0.011233
366,20,428000000,20.428000000,8.883669433461671,-13.288446425661723,60.09679168666251,0.02363897683223648,-0.07301642448148823,0.039289818558240146,0.9962761217092,2000,0,0,0,0,0,0.0000,0.0000,0.0000,0.0000,0.0000,1,True,67.21,True,0.0,0.0,0.0,0.00,0.0000,0.00,0.0000,0.0000,1.0000,20.1011,0,2000,0,0,0.008389
367,20,461000000,20.461000000,9.410830812800244,-14.137890801754072,60.1201397499424,0.025994332146442232,-0.07324431503437888,0.04758939883158776,0.9958387490604356,2000,1980,1598,1970,1598,0,0.8071,0.9900,16.3822,211.7205,2.8525,0,True,65.57,True,0.4597849482916449,-0.8879963894233507,-0.007759748420051381,0.99,0.0000,0.00,0.0000,0.0000,1.0000,30.8872,0,1980,0,0,0.014083
368,20,494000000,20.494000000,9.529879889608686,-14.927240127259548,60.72243117411769,0.02956852375428562,-0.0747517113620555,0.054052562743062645,0.995297043355572,1598,1574,1569,1569,1569,0,0.9968,0.9850,15.5554,81.7180,1.2150,0,True,63.93,True,0.13477340470854882,-0.7694610817793872,0.6243122399970715,0.87,0.0000,0.00,0.0000,0.0000,1.0000,32.4082,0,1574,0,0,0.017406
369,20,527000000,20.527000000,9.825208571767902,-15.843379117139278,60.99348526598171,0.03140988138602476,-0.07560925667621515,0.05904364411167126,0.9948922091092082,1569,1545,1537,1538,1537,0,0.9948,0.9847,13.6833,33.6793,1.1586,0,True,62.30,True,0.2369781826133186,-0.9285020746837371,0.2858762639207465,0.62,0.0000,0.00,0.0000,0.0000,1.0000,20.0640,0,1545,0,0,0.013241
370,20,560000000,20.560000000,10.474572640240476,-16.59398631368996,60.87135769717326,0.033283145958948296,-0.07517641771620943,0.06401232929902383,0.9945567656560116,1537,1514,1510,1513,1510,0,0.9974,0.9850,11.7434,29.3018,1.0339,0,True,60.66,True,0.5339661574210568,-0.8298093775504395,-0.16216207836095167,0.61,0.0000,0.00,0.0000,0.0000,1.0000,12.6116,0,1514,0,0,0.010179
371,20,593000000,20.593000000,10.616390388109597,-16.521407228280438,59.88412925210574,0.04001916183101363,-0.07154153959785604,0.06782377138694583,0.9943239969110486,1510,1486,1068,1483,1068,0,0.7187,0.9841,9.6969,21.7910,0.9813,0,True,59.02,True,-0.0039005873503602123,-0.002800452457006634,-0.9999884713757246,0.98,0.0000,0.00,0.0000,0.0000,1.0000,13.7516,0,1486,0,0,0.015734
372,20,626000000,20.626000000,10.787163594006065,-16.42271064656623,58.90377447096486,0.04631058993854953,-0.06811137473956878,0.07031842368032923,0.9941184482654687,1068,1065,1000,1065,1000,0,0.9390,0.9972,6.7174,14.2590,0.9040,0,True,57.38,True,0.03540293386438725,0.004954297052750763,-0.9993608393440814,0.87,0.0000,0.00,0.0000,0.0000,1.0000,6.3260,0,1065,0,0,0.012894
373,20,659000000,20.659000000,11.455449715895043,-17.16490707045366,58.85339463710952,0.04729046884199775,-0.06776433384804831,0.07044478232937033,0.9940870883667093,1000,997,997,997,997,0,1.0000,0.9970,4.8129,8.6450,0.8848,0,True,55.74,True,0.5492419293160753,-0.833478041543523,-0.06039583881302346,0.12,0.0000,0.00,0.0000,0.0000,1.0000,1.3463,0,997,0,0,0.007899
374,20,692000000,20.692000000,11.357048679085503,-17.308222175592256,57.86862155837822,0.052734498392447114,-0.058460697981111774,0.06816929119904513,0.9945623998564787,997,995,995,995,995,0,1.0000,0.9980,3.3344,7.1742,0.9467,0,True,54.10,True,-0.2549114685845367,-0.2100274341345654,-0.9438795580448416,1.26,0.0000,0.00,0.0000,0.0000,1.0000,2.5306,0,995,0,0,0.015668
375,20,725000000,20.725000000,11.557150919433125,-17.163585410177532,56.8995811570026,0.058005484102823024,-0.05490839795008042,0.06622460113164695,0.9946028020539189,995,990,945,990,945,0,0.9545,0.9950,2.6647,6.9001,0.9371,0,True,52.46,True,0.09594263041262965,0.02019666063570298,-0.9951819464643998,0.76,0.0000,0.00,0.0000,0.0000,1.0000,5.0374,0,990,0,0,0.009462
376,20,758000000,20.758000000,11.584042399355704,-17.255375223331924,55.904165927809956,0.06320724056155982,-0.04836361931756696,0.061431384172716284,0.994933158612036,945,943,943,943,943,0,1.0000,0.9979,3.4714,13.1853,0.9797,0,True,50.82,True,-0.10138460187117124,-0.20169743000163443,-0.9741864858609772,1.10,0.0000,0.00,0.0000,0.0000,1.0000,1.1865,1,943,0,0,0.001545
377,20,791000000,20.791000000,11.758222606244304,-17.156810673076105,54.92439744242113,0.06767500212551167,-0.04385212913986517,0.05649353196569367,0.9951409778032728,943,935,935,935,935,0,1.0000,0.9915,5.0698,14.1086,0.9909,0,True,49.18,True,0.081597858431827,-0.042731174845875214,-0.9957488820960989,0.92,0.0000,0.00,0.0000,0.0000,1.0000,1.1865,1,935,0,0,0.001545
378,20,824000000,20.824000000,11.786888496674752,-16.936374591888367,53.949417339631125,0.07137368861240247,-0.03860917941314807,0.050728879294323855,0.9954103217489987,935,929,929,929,929,0,1.0000,0.9936,6.9668,18.2407,1.0001,0,True,47.54,True,-0.04069980294012142,0.08712500552835584,-0.9953656410848827,0.99,0.0000,0.00,0.0000,0.0000,1.0000,1.1865,1,929,0,0,0.001544
379,20,857000000,20.857000000,11.943551403547232,-16.683207115662086,52.99476401900029,0.07521316578781333,-0.0348804799269778,0.04320724145491738,0.9956201414686704,929,925,909,925,909,0,0.9827,0.9957,8.9390,22.6400,1.1087,0,True,45.90,True,0.09927067463421589,0.10069071545103483,-0.9899528842220857,1.06,0.0000,0.00,0.0000,0.0000,1.0000,24.8776,0,925,0,0,0.014893
380,20,890000000,20.890000000,12.320220335875428,-16.48212241550548,52.090504399874426,0.07866695139331648,-0.03154015349650192,0.034266548972125,0.9958124989662661,909,900,764,898,764,0,0.8489,0.9901,10.9786,27.4235,1.1276,0,True,44.26,True,0.3219084778579942,0.03097228560519178,-0.9462640484598047,1.16,0.0000,0.00,0.0000,0.0000,1.0000,92.4957,0,900,0,0,0.049969
381,20,923000000,20.923000000,12.276085341004567,-16.22183541779392,51.12598235188898,0.08305694842370753,-0.02596192371831645,0.02394448035357928,0.9959187636027264,764,752,747,748,747,0,0.9934,0.9843,13.3743,33.0627,1.1363,0,True,42.62,True,-0.09325918157261347,0.11065353050811712,-0.9894738608161893,1.44,0.0000,0.00,0.0000,0.0000,1.0000,42.6599,0,752,0,0,0.014458
382,20,956000000,20.956000000,12.742932973519622,-15.427599139586617,50.73708387876972,0.08520689440952846,-0.02285406510438395,0.01601843660063625,0.9959723322171954,747,733,729,729,729,0,0.9945,0.9813,15.0232,34.8731,1.1781,0,True,40.98,True,0.4784801059211202,0.6942343150932527,-0.5376760213964502,1.01,0.0000,0.00,0.0000,0.0000,1.0000,41.9433,0,733,0,0,0.012694
383,20,989000000,20.989000000,12.940472407288278,-16.27537685540273,50.24489375628454,0.08324476298826475,-0.01851012664690197,-0.0006360300611580607,0.9963570043474902,729,702,693,694,693,0,0.9872,0.9630,16.8396,121.5756,1.3317,0,True,39.34,True,0.1497327063663769,-0.9252827498081421,-0.3484708733189673,1.99,0.0000,0.00,0.0000,0.0000,1.0000,53.3384,0,702,0,0,0.014704
384,21,22000000,21.022000000,13.028505244916254,-16.037157249729706,49.277680419438866,0.08651379576431374,-0.01460168371022776,-0.014443396347739473,0.9960389260853308,693,680,676,677,676,0,0.9941,0.9812,17.6957,56.4549,1.3062,0,True,37.70,True,0.05136276542780212,0.07429108808917954,-0.9959129984883892,1.69,0.0000,0.00,0.0000,0.0000,1.0000,42.9127,0,680,0,0,0.005892
385,21,55000000,21.055000000,13.628903506510824,-16.477538063377345,49.94520320290415,0.08653432581428061,-0.017728889227795003,-0.030241233520578874,0.9956319424053098,676,659,645,645,645,0,0.9788,0.9749,18.7137,37.4985,1.4359,0,True,36.07,True,0.6314236458493168,-0.30252300297418977,0.7139916050863868,1.85,0.0000,0.00,0.0000,0.0000,1.0000,40.5493,0,659,0,0,0.014328
386,21,88000000,21.088000000,14.447826748315762,-16.69973870460461,49.41606087888359,0.08659043511540272,-0.014893180443039463,-0.044584980682211076,0.995134397566672,645,631,604,628,604,0,0.9572,0.9783,20.4418,47.7296,1.2839,0,True,34.43,True,0.8150620755391103,-0.2634103526181116,-0.5160317811448051,1.68,0.0000,0.00,0.0000,0.0000,1.0000,77.3279,0,631,0,0,0.018346
387,21,121000000,21.121000000,15.033148936774992,-16.059273875355373,48.91886600944904,0.09066478192540132,-0.012342382636906095,-0.05818068160701309,0.9941039036222556,604,593,588,588,588,0,0.9916,0.9818,21.8672,43.9897,1.3333,0,True,32.79,True,0.513352662056788,0.5923978426305727,-0.6209137141389717,1.66,0.0000,0.00,0.0000,0.0000,1.0000,44.6621,0,593,0,0,0.009597
388,21,154000000,21.154000000,15.864278832978531,-16.36515108433452,48.45447153417633,0.09065303367792979,-0.009525934751286333,-0.07364583173737996,0.9931100520686577,588,576,476,571,476,0,0.8264,0.9796,23.0490,47.4893,1.3677,0,True,31.15,True,0.8548203657270071,-0.28887555321971,-0.4310835848073459,1.80,0.0000,0.00,0.0000,0.0000,1.0000,64.2473,0,576,0,0,0.007946
389,21,187000000,21.187000000,15.63458038045608,-16.1888256445314,47.4973153503761,0.09592432238837914,-0.0019380276585114272,-0.09194701455261185,0.9911309272432108,476,473,462,462,462,0,0.9767,0.9937,25.4560,48.1761,1.5811,0,True,29.51,True,-0.25859159586923597,-0.035373689649287735,-0.9653388465333806,2.36,0.0000,0.00,0.0000,0.0000,1.0000,74.6493,0,473,0,0,0.021383
390,21,220000000,21.220000000,16.142263900789718,-16.788767054054677,46.87898877944382,0.09558760618496702,0.0014209863386010896,-0.10890254067773662,0.9894449085096082,462,439,419,435,419,0,0.9544,0.9502,26.4460,56.2383,1.5030,0,True,27.87,True,0.6171975695692827,-0.6042067989313374,-0.5039854206650393,1.99,0.0000,0.00,0.0000,0.0000,1.0000,62.1959,0,439,0,0,0.008167
391,21,253000000,21.253000000,16.995868846534787,-16.869611220903515,46.36437939623548,0.09677369484063436,0.0038265771496567,-0.12481258650292713,0.9874421641517334,419,393,388,390,388,0,0.9873,0.9379,26.0292,49.5350,1.4965,0,True,26.23,True,0.8629158063904843,0.009556877005149907,-0.5052573375848873,1.86,0.0000,0.00,0.0000,0.0000,1.0000,65.1565,0,393,0,0,0.010618
392,21,286000000,21.286000000,16.73899856193672,-17.566524383534933,45.694805128030985,0.09577276167542687,0.010239706577843729,-0.14608063103480157,0.9845725853215371,388,377,357,357,357,0,0.9469,0.9716,26.0107,44.4098,1.9325,0,True,24.59,True,-0.056358339198381534,-0.8529801450657711,-0.5188917129097128,2.57,0.0000,0.00,0.0000,0.0000,1.0000,68.7211,0,377,0,0,0.020217
393,21,319000000,21.319000000,17.385970699177346,-18.09029738049755,45.1406491019092,0.09586484006259384,0.01296811307150613,-0.16255800255902056,0.9819453428206477,357,341,313,334,313,0,0.9179,0.9552,27.2681,45.7569,1.6229,0,True,22.95,True,0.7955419423439455,-0.407287954962164,-0.44858615640070826,1.94,0.0000,0.00,0.0000,0.0000,1.0000,62.9158,0,341,0,0,0.006322
394,21,352000000,21.352000000,17.907469801261406,-18.617121389051924,44.46945974670739,0.09631503416504283,0.01575116109757301,-0.17945267260449782,0.9789137109127484,313,301,276,296,276,0,0.9169,0.9617,28.8081,51.4513,1.7701,0,True,21.31,True,0.6986519272061512,-0.4450486266507858,-0.5601938990451256,1.99,0.0000,0.00,0.0000,0.0000,1.0000,55.4557,0,301,0,0,0.018193
395,21,385000000,21.385000000,18.75161864537297,-18.93813715101241,44.04008623849102,0.09758039708453727,0.016729279708949094,-0.19492639484329788,0.975808330513036,276,259,254,255,254,0,0.9807,0.9384,28.8472,50.7943,1.6812,0,True,19.67,True,0.9292557280478888,-0.0737809632545352,-0.36199469796037187,1.82,0.0000,0.00,0.0000,0.0000,1.0000,81.4883,0,259,0,0,0.016789
396,21,418000000,21.418000000,19.479321734666932,-19.247635814098107,44.652180015113665,0.09093041270887757,0.003649469219061269,-0.20493761158868454,0.9745352311616742,254,223,221,221,221,0,0.9910,0.8780,28.2548,46.2677,1.6067,0,True,18.03,True,0.7454556107565181,0.11169964864265389,0.6571294551948912,2.04,0.0000,0.00,0.0000,0.0000,1.0000,63.6217,0,223,0,0,0.013411
397,21,451000000,21.451000000,19.227893756742088,-20.005980798054672,44.05076762978681,0.09142452610296511,0.007011284493020587,-0.22394567903845145,0.970278687159835,221,206,204,204,204,0,0.9903,0.9321,28.1854,46.0979,1.8109,0,True,16.39,True,0.09879936023531555,-0.8883896678355988,-0.44833300625767764,2.27,0.0000,0.00,0.0000,0.0000,1.0000,52.9911,0,206,0,0,0.011423
398,21,484000000,21.484000000,20.016517322614277,-20.383713900361787,43.56559696417267,0.09256496105916018,0.008541921848417806,-0.2382251573349037,0.9667510217051813,204,183,178,181,178,0,0.9727,0.8971,27.9347,47.1956,1.7609,0,True,14.75,True,0.8995832686514986,-0.07435283448616142,-0.43037378959011796,1.70,0.0000,0.00,0.0000,0.0000,1.0000,63.6435,0,183,0,0,0.014089
399,21,517000000,21.517000000,20.85264514862072,-20.24638708713465,43.03453048533352,0.0954780918812334,0.009458742289387216,-0.25142297618874826,0.9631100421080728,178,163,160,161,160,0,0.9816,0.9157,27.3274,49.7328,1.7800,0,True,13.11,True,0.7102588895821659,0.41295061389098914,-0.5700913087011271,1.61,0.0000,0.00,0.0000,0.0000,1.0000,41.5900,0,163,0,0,0.009473
400,21,550000000,21.550000000,20.978113055417587,-20.952534077656566,42.337670218033935,0.09707869022710418,0.010820554085175772,-0.2663951998491622,0.9589015804608962,160,140,139,140,139,0,0.9929,0.8750,25.7513,41.8824,1.9546,0,True,11.48,True,0.4964449569167891,-0.6678525060554773,-0.5545407423330642,1.80,0.0000,0.00,0.0000,0.0000,1.0000,70.9562,0,140,0,0,0.016730
401,21,583000000,21.583000000,20.51623216992435,-21.67953250150007,41.82959607054654,0.09758022179848899,0.013206299727490987,-0.2817581808521552,0.9544192063680139,139,126,116,116,116,0,0.9206,0.9065,23.5047,39.9521,2.5589,0,True,9.84,True,0.010497099991765634,-0.9387160105402519,-0.3445316566691028,1.86,0.0000,0.00,0.0000,0.0000,1.0000,81.0615,0,126,0,0,0.020231
402,21,616000000,21.616000000,20.07370418584027,-21.29985195675275,42.642007091669996,0.10020503892420843,0.012425556271662506,-0.2960000648123761,0.949836047619065,116,103,59,102,59,0,0.5728,0.8879,23.9966,37.1558,1.5904,0,True,8.20,True,-0.6404891470674635,0.21829803270255915,0.7362877300396806,1.74,0.0000,0.00,0.0000,0.0000,1.0000,52.5912,0,103,0,0,0.013884
403,21,649000000,21.649000000,20.07370418584027,-21.29985195675275,42.642007091669996,0.10020503892420843,0.012425556271662506,-0.2960000648123761,0.949836047619065,2000,0,0,0,0,0,0.0000,0.0000,0.0000,0.0000,0.0000,1,True,8.20,True,0.0,0.0,0.0,0.00,0.0000,0.00,0.0000,0.0000,1.0000,54.3774,0,2000,0,0,0.015127
404,21,682000000,21.682000000,19.329379589780082,-21.955425216467116,42.51470981421554,0.10036577784445451,0.013878046771216412,-0.30989793462307164,0.9453556899769778,2000,1987,1819,1878,1819,0,0.9155,0.9935,20.8872,1175.0065,3.3486,0,True,6.56,True,-0.2361106343445662,-0.9712155327334927,0.031498528959369956,1.68,0.0000,0.00,0.0000,0.0000,1.0000,51.7227,0,1987,0,0,0.015289
405,21,715000000,21.715000000,18.606489709621396,-22.627254777774848,42.35323145121536,0.09954012885110061,0.015675299414349697,-0.32438440163834287,0.9405428260905034,1819,1798,1768,1768,1768,0,0.9833,0.9885,15.2971,145.6719,1.6800,0,True,4.92,True,-0.17770950675623132,-0.98408237053767,0.0011041763523661056,1.76,0.0000,0.00,0.0000,0.0000,1.0000,47.4923,0,1798,0,0,0.014953
406,21,748000000,21.748000000,18.512766953585192,-23.017919317526193,43.2689810143503,0.10320909700323296,0.0109726284974732,-0.3376632506448316,0.9355271310248566,1768,1758,1697,1727,1697,0,0.9653,0.9943,13.7656,42.8924,1.5460,0,True,4.92,True,0.0770695801028995,-0.19603371098659583,0.9775638413830509,1.76,0.0000,0.00,0.0000,0.0000,1.0000,48.6092,0,1758,0,0,0.016428
407,21,781000000,21.781000000,17.85195878551016,-23.554764744906326,42.74445308172292,0.10391293239167133,0.013091012860860979,-0.3498151770334601,0.9309457931486074,1697,1696,1696,1696,1696,0,1.0000,0.9994,12.1440,25.1869,1.4179,0,True,4.92,True,-0.12467910634369925,-0.9193808125344628,-0.37308717745964887,1.51,0.0000,0.00,0.0000,0.0000,1.0000,42.6961,0,1696,0,0,0.015601
408,21,814000000,21.814000000,17.110816417329975,-23.9169100739026,42.17915780421351,0.10565306767699031,0.014539105414140956,-0.3607425275878445,0.9265478252598357,1696,1692,1689,1689,1689,0,0.9982,0.9976,10.9745,84.7639,1.4064,0,True,4.92,True,-0.26973784390567224,-0.8546211146784778,-0.4436938650813589,1.37,0.0000,0.00,0.0000,0.0000,1.0000,38.6103,0,1692,0,0,0.015282
409,21,847000000,21.847000000,16.354878684491112,-24.36652031858051,41.70333349635282,0.10670233820061462,0.015972558069307467,-0.3707533960630014,0.9224431731651525,1689,1687,1685,1685,1685,0,0.9988,0.9988,9.6254,19.9195,1.3900,0,True,4.92,True,-0.21060059085201616,-0.9183800373286738,-0.3350007435349439,1.26,0.0000,0.00,0.0000,0.0000,1.0000,35.6983,0,1687,0,0,0.015387
410,21,880000000,21.880000000,15.419138295244215,-24.6252204481906,41.94305034363683,0.10726758524734446,0.015757978235372082,-0.3790908735025568,0.9189861048482755,1685,1682,1593,1680,1593,0,0.9471,0.9982,8.3931,21.6604,1.3755,0,True,4.92,True,-0.5279746347020491,-0.7805725064280237,0.3345883251398806,1.04,0.0000,0.00,0.0000,0.0000,1.0000,12.2245,0,1682,0,0,0.005649
411,21,913000000,21.913000000,14.518255551548032,-25.028215565864876,42.10431167576926,0.10700615214879718,0.015638511701377956,-0.38794788680528736,0.9153150045079487,1593,1591,1591,1591,1591,0,1.0000,0.9987,6.9842,15.0021,1.3366,0,True,3.28,True,-0.379861613284668,-0.8787688203241302,0.28891264281596624,1.10,0.0000,0.00,0.0000,0.0000,1.0000,31.4413,0,1591,0,0,0.015470
412,21,946000000,21.946000000,13.839745553538227,-25.38372278437116,41.46147514896742,0.10926100183948403,0.01577182378580657,-0.3947991462411236,0.9121112416688995,1591,1589,1569,1589,1569,0,0.9874,0.9987,5.7929,12.9630,1.3050,0,True,3.28,True,-0.15087903147700826,-0.8426212079300758,-0.5169381179667639,0.90,0.0000,0.00,0.0000,0.0000,1.0000,42.7329,0,1589,0,0,0.017805
413,21,979000000,21.979000000,13.033540461793576,-25.600250530163336,40.91088538757774,0.11116137487850647,0.017223575263788878,-0.4016263109627504,0.9088689693969669,1569,1568,1568,1568,1568,0,1.0000,0.9994,4.5888,11.0822,1.2788,0,True,3.28,True,-0.335944309391231,-0.8301526743897962,-0.44495837804351757,0.91,0.0000,0.00,0.0000,0.0000,1.0000,17.8283,0,1568,0,0,0.016971
414,22,12000000,22.012000000,12.162618348069667,-25.522463275171095,41.39611091739604,0.1121364022698771,0.015924175763110535,-0.40584001785321844,0.9068989623001744,1568,1567,1551,1566,1551,0,0.9898,0.9994,3.5567,9.1637,1.2692,0,True,3.28,True,-0.7044478413732861,-0.4970499974064299,0.5066503122102913,0.56,0.0000,0.00,0.0000,0.0000,1.0000,32.6841,0,1567,0,0,0.017935
415,22,45000000,22.045000000,11.348643796957006,-25.317854598743974,41.93978427491108,0.11313049882238671,0.014442267381491479,-0.4092342131755884,0.9052735884337046,1551,1551,1487,1550,1487,0,0.9587,1.0000,2.7293,7.4903,1.2589,0,True,3.28,True,-0.760500268702409,-0.36646884099307525,0.5360409778037086,0.48,0.0000,0.00,0.0000,0.0000,1.0000,13.3210,0,1551,0,0,0.020238
416,22,78000000,22.078000000,10.697625697611409,-25.098430970099116,41.21312843786251,0.11876514539361217,0.020365411932862964,-0.414671696736957,0.9019575789147359,1487,1487,1474,1474,1474,0,0.9913,1.0000,2.2043,5.8498,1.2401,0,True,3.28,True,-0.5082686619831228,-0.48442924199854365,-0.7120331991856859,1.19,0.0000,0.00,0.0000,0.0000,1.0000,16.5455,0,1487,0,0,0.018651
417,22,111000000,22.111000000,9.849171781152622,-24.855398309324897,41.68329976561734,0.11989677355514787,0.018904198970645797,-0.41613445640547214,0.9011656391277166,1474,1474,1461,1474,1461,0,0.9912,1.0000,2.3414,4.7179,1.2174,0,True,3.28,True,-0.8001664938224985,-0.3933896340458146,0.4527451578858788,0.28,0.0000,0.00,0.0000,0.0000,1.0000,8.4410,0,1474,0,0,0.011920
418,22,144000000,22.144000000,9.070422260635846,-24.59084367481035,42.252123138600346,0.12114054082183381,0.016957891977054405,-0.416709671249629,0.9007721405306196,1461,1461,1435,1461,1435,0,0.9822,1.0000,2.8848,6.0929,1.2215,0,True,3.28,True,-0.781845589775826,-0.30830828508935576,0.5419072569115042,0.28,0.0000,0.00,0.0000,0.0000,1.0000,10.7968,0,1461,0,0,0.021519
419,22,177000000,22.177000000,8.142390804140549,-24.868584844767206,42.00389449749258,0.12187087895434827,0.01685515160554063,-0.4181679310634395,0.8999994300872481,1435,1435,1435,1435,1435,0,1.0000,1.0000,3.6475,7.7933,1.2332,0,True,3.28,True,-0.3651881948561659,-0.9243023636933029,-0.11091763975431769,0.21,0.0000,0.00,0.0000,0.0000,1.0000,3.8619,0,1435,0,0,0.012446
420,22,210000000,22.210000000,7.224126562683795,-24.89570349072219,42.39893292841218,0.1224711715277585,0.01510855089950838,-0.4181529615051599,0.899955912597278,1435,1435,1434,1434,1434,0,0.9993,1.0000,4.5296,9.5767,1.2573,0,True,3.28,True,-0.628547621458626,-0.6306906845745597,0.4551451943606311,0.21,0.0000,0.00,0.0000,0.0000,1.0000,2.3288,0,1435,0,0,0.022176
421,22,243000000,22.243000000,6.41186315198133,-24.75509882743726,42.96502345147057,0.12312104724797553,0.013134518832927822,-0.4165856529741381,0.900624830812309,1434,1434,1434,1434,1434,0,1.0000,1.0000,5.4937,11.3166,1.1872,0,True,3.28,True,-0.7065203171336316,-0.40949516981580236,0.5771851933088025,0.31,0.0000,0.00,0.0000,0.0000,1.0000,0.8416,0,1434,0,0,0.010909
422,22,276000000,22.276000000,5.41245902536974,-24.788324436405677,42.95567194782707,0.1245392833222053,0.011549953766421688,-0.41397839514451934,0.901653178240477,1434,1434,1261,1420,1261,0,0.8794,1.0000,7.1230,276.9657,1.4348,0,True,3.28,True,-0.6261741817337526,-0.7758176500012453,0.07754268551327613,0.40,0.0000,0.00,0.0000,0.0000,1.0000,1.6568,0,1434,0,0,0.008793
423,22,309000000,22.309000000,4.438883175878909,-25.016349240655334,42.96811196129597,0.12542383692918743,0.010023047823453644,-0.41133506196678793,0.9027579223906418,1261,1261,1261,1261,1261,0,1.0000,1.0000,7.7187,14.4084,1.0185,0,True,3.28,True,-0.47158741066371546,-0.8697239735051251,0.14555247855652895,0.39,0.0000,0.00,0.0000,0.0000,1.0000,10.5594,0,1261,0,0,0.027418
424,22,342000000,22.342000000,3.5456042707119435,-24.830302102801916,43.377305387538684,0.12694474171197517,0.007796173374665234,-0.40682559319516787,0.9046088596480756,1261,1261,1122,1259,1122,0,0.8898,1.0000,8.6466,15.6813,1.1677,0,True,3.28,True,-0.7781509187938063,-0.4591328160551067,0.4285769531853794,0.64,0.0000,0.00,0.0000,0.0000,1.0000,11.5437,0,1261,0,0,0.018180
425,22,375000000,22.375000000,3.3564622514409272,-25.134136506718118,44.31106657303686,0.13143432953192652,0.000194495599218389,-0.40424266360243255,0.905159018137457,1122,1122,1084,1118,1084,0,0.9661,1.0000,9.7362,16.8629,1.1676,0,True,3.28,True,-0.01309635942334112,-0.12452371720504567,0.9921301977176649,1.06,0.0000,0.00,0.0000,0.0000,1.0000,9.4080,0,1122,0,0,0.011849
426,22,408000000,22.408000000,2.4183628143361124,-25.479499331000902,44.33740980190206,0.13122399773485152,-0.0010700389065033873,-0.40079718510155216,0.9067197658868447,1084,1084,1084,1084,1084,0,1.0000,1.0000,10.4463,16.8327,1.2715,0,True,3.28,True,-0.38159274238216795,-0.9008501222410971,0.20701699500151377,0.46,0.0000,0.00,0.0000,0.0000,1.0000,21.0356,0,1084,0,0,0.014428
427,22,441000000,22.441000000,2.469213383466595,-24.826248564322686,45.092841900408224,0.13327541239439075,-0.0042318339971597636,-0.3930121710397715,0.9098138213100144,1084,1084,758,1084,758,0,0.6993,1.0000,11.2661,17.5616,1.2100,0,True,1.64,True,-0.5184636100343446,0.6382395731518637,0.5690744523637323,1.05,0.0000,0.00,0.0000,0.0000,1.0000,14.7133,0,1084,0,0,0.020356
428,22,474000000,22.474000000,1.7315976667004436,-25.20855947983193,44.53627975808984,0.13458165142338893,-0.004557488485623167,-0.3877401153772074,0.9118797131892599,758,758,758,758,758,0,1.0000,1.0000,11.5723,16.9782,1.3787,0,True,1.64,True,-0.18187324236830818,-0.9141145331750529,-0.36237652234739753,0.67,0.0000,0.00,0.0000,0.0000,1.0000,19.9704,0,758,0,0,0.015598
429,22,507000000,22.507000000,1.7032673987835403,-25.38399171663335,45.52036355849029,0.1406661087509464,-0.010001486332407975,-0.3814103730272044,0.9135858708776414,758,758,611,758,611,0,0.8061,1.0000,12.4142,17.5513,1.3984,0,True,1.64,True,0.00993573027295631,0.10868965989359317,0.9940260756620816,1.20,0.0000,0.00,0.0000,0.0000,1.0000,26.2205,0,758,0,0,0.018171
430,22,540000000,22.540000000,2.1424202383443274,-25.4322241770041,46.41748028070221,0.14617033076011854,-0.027333199269116367,-0.37000582447397884,0.9170511547773785,611,611,611,611,611,0,1.0000,1.0000,13.0965,15.4218,1.4148,0,True,1.64,True,0.2651744390382186,0.5099427259072326,0.8183159128203893,2.49,0.0000,0.00,0.0000,0.0000,1.0000,23.4127,0,611,0,0,0.009114
431,22,573000000,22.573000000,1.2272644283229193,-25.18104554399062,46.73275656858561,0.1485642549241704,-0.030125616046053478,-0.36056204120321883,0.9203347890088912,611,611,407,611,407,0,0.6661,1.0000,14.0057,16.7337,1.4178,0,True,1.64,True,-0.8539722169135198,-0.35116778874023746,0.383943533466967,1.22,0.0000,0.00,0.0000,0.0000,1.0000,21.0521,0,611,0,0,0.016380
432,22,606000000,22.606000000,0.2747166132276526,-25.218231905454576,47.034865546403715,0.14931091298668567,-0.03287945658347231,-0.3509905003136836,0.9238132177488088,407,407,407,407,407,0,1.0000,1.0000,15.2764,18.1276,1.3065,0,True,1.64,True,-0.6937479518426478,-0.5603551928878081,0.4524553426779253,1.21,0.0000,0.00,0.0000,0.0000,1.0000,39.8918,0,407,0,0,0.022605
433,22,639000000,22.639000000,-0.32029646646325993,-24.524797746889337,47.441201002316255,0.15246397243163465,-0.03566195839950512,-0.3371114163702142,0.9283527641938413,407,407,407,407,407,0,1.0000,1.0000,16.2553,19.6208,1.2357,0,True,1.64,True,-0.9215271561651975,0.2331125297579383,0.3105579638649407,1.74,0.0000,0.00,0.0000,0.0000,1.0000,37.3435,0,407,0,0,0.018186
434,22,672000000,22.672000000,-0.15743582645208132,-25.01045121863092,48.30004738981549,0.1595703729440399,-0.06940823410860529,-0.3360991625888871,0.9256117685204062,407,407,407,407,407,0,1.0000,1.0000,17.2876,21.2589,1.3237,0,True,1.64,True,0.40327242652563866,0.011247337925737521,0.9150108455060559,3.97,0.0000,0.00,0.0000,0.0000,1.0000,33.4952,0,407,0,0,0.015239
435,22,705000000,22.705000000,-0.9929190729366633,-24.88160041519417,48.83424324837046,0.16175014246713132,-0.07270512109640735,-0.32422663205849706,0.9292082370718758,407,407,269,407,269,0,0.6609,1.0000,18.3660,22.9765,1.3367,0,True,1.64,True,-0.7103615276829358,-0.22542289674875196,0.6667615897825604,1.49,0.0000,0.00,0.0000,0.0000,1.0000,25.1752,0,407,0,0,0.010915
436,22,738000000,22.738000000,-1.9533911928332106,-24.709737465996014,49.05323282253859,0.1623316011686129,-0.07589758057481993,-0.3112206135629681,0.9332897396941706,269,269,226,269,226,0,0.8401,1.0000,20.6451,24.9022,1.4013,0,True,1.64,True,-0.8493607971749333,-0.35325116323169076,0.3921732422002032,1.61,0.0000,0.00,0.0000,0.0000,1.0000,46.2851,0,269,0,0,0.018599
437,22,771000000,22.771000000,-1.8992382452782783,-25.445404705955266,49.72840774085371,0.16824031539539863,-0.10622763387291975,-0.31988043042411957,0.9263300687708986,226,226,226,226,226,0,1.0000,1.0000,22.8108,26.9928,1.3703,0,True,1.64,True,0.5159590951685402,-0.2877826211186687,0.8068254923432513,3.76,0.0000,0.00,0.0000,0.0000,1.0000,37.0273,0,226,0,0,0.007229
438,22,804000000,22.804000000,-2.7507401329311043,-25.88698954118305,50.011157398007384,0.17037396119853584,-0.10983067839065057,-0.3092262161424863,0.9291335117624214,226,226,226,226,226,0,1.0000,1.0000,24.4837,29.2528,1.3870,0,True,1.64,True,-0.3553344466372582,-0.6930609343190534,0.6272192378696578,1.35,0.0000,0.00,0.0000,0.0000,1.0000,38.5770,0,226,0,0,0.022057
439,22,837000000,22.837000000,-3.6856565814483537,-26.234042883233876,49.93709518049241,0.1706497840315149,-0.11249175194708087,-0.29615307729931184,0.9330153330787344,226,226,226,226,226,0,1.0000,1.0000,26.3115,31.8788,1.4428,0,True,1.64,True,-0.5284641505772778,-0.79125043757111,0.3076497791290658,1.59,0.0000,0.00,0.0000,0.0000,1.0000,39.4139,0,226,0,0,0.008346
440,22,870000000,22.870000000,-4.544286730616326,-26.743635450612928,49.88169046758996,0.16963226409321516,-0.11564486923279114,-0.2830811635882807,0.9368650991579552,226,226,226,226,226,0,1.0000,1.0000,28.3263,34.7184,1.4663,0,True,1.64,True,-0.3911326619557084,-0.8533974371171253,0.3445693762848979,1.61,0.0000,0.00,0.0000,0.0000,1.0000,63.4409,0,226,0,0,0.027634
441,22,903000000,22.903000000,-5.496531878705912,-27.047172914395958,49.91476895032422,0.17127848541250065,-0.11768333212788089,-0.26922321604056854,0.940389905155756,226,226,195,226,195,0,0.8628,1.0000,30.5519,37.9416,1.5040,0,True,1.64,True,-0.597257222473926,-0.6924684229183898,0.4046866608422488,1.67,0.0000,0.00,0.0000,0.0000,1.0000,47.1383,0,226,0,0,0.015536
442,22,936000000,22.936000000,-6.486634093192519,-27.119698279191827,50.03492583248224,0.17204376094937532,-0.12047046649019773,-0.25384742942099364,0.9441659248238002,195,195,195,195,195,0,1.0000,1.0000,32.2346,41.6348,1.5515,0,True,1.64,True,-0.763989528328208,-0.4728594105498048,0.43900339230959634,1.84,0.0000,0.00,0.0000,0.0000,1.0000,31.4633,0,195,0,0,0.010091
443,22,969000000,22.969000000,-6.809237748842026,-26.276569164944068,50.46511204573106,0.19478352394654472,-0.13337641389387533,-0.18372239752717034,0.9542097210061549,195,188,187,187,187,0,0.9947,0.9641,34.3987,47.7386,1.9710,0,True,1.64,True,-0.6504782315028165,0.7093589002058353,0.2714553757797702,8.66,0.0000,0.00,0.0000,0.0000,1.0000,53.8291,0,188,0,0,0.011333
444,23,2000000,23.002000000,-6.573338394969455,-27.096137055807276,49.9429435220641,0.18154809942612143,-0.12835161076442184,-0.1957609430162394,0.9551145506159636,187,173,160,160,160,0,0.9249,0.9251,34.8378,51.1477,2.7423,0,True,1.64,True,0.445982657289437,-0.851292710627737,-0.2764058433339146,2.13,0.0000,0.00,0.0000,0.0000,1.0000,53.4216,0,173,0,0,0.021798
445,23,35000000,23.035000000,-7.138858016995868,-26.294645167559995,50.13736139721169,0.2187628520617196,-0.12247185671431125,-0.038693445800295295,0.9672881039911899,160,137,128,128,128,0,0.9343,0.8562,36.3352,46.8248,3.0583,0,True,1.64,True,-0.8067635198156167,0.5793020945700224,0.11636883741578835,18.58,0.0000,0.00,0.0000,0.0000,1.0000,53.5165,0,137,0,0,0.015910
446,23,68000000,23.068000000,-7.644505129465386,-27.156652423978045,50.10180176372289,0.217923726192753,-0.12640802391944725,-0.02367385333879528,0.9674553269888692,128,93,64,76,64,0,0.6882,0.7266,30.4589,47.9533,5.0678,0,True,1.64,True,-0.3860712241594483,-0.8030614831550932,0.453917684331385,1.78,0.0000,0.00,0.0000,0.0000,1.0000,56.8570,0,93,0,0,0.016542
447,23,101000000,23.101000000,-7.644505129465386,-27.156652423978045,50.10180176372289,0.217923726192753,-0.12640802391944725,-0.02367385333879528,0.9674553269888692,2000,0,0,0,0,0,0.0000,0.0000,0.0000,0.0000,0.0000,1,True,3.28,True,0.0,0.0,0.0,0.00,0.0000,0.00,0.0000,0.0000,1.0000,41.2892,0,2000,0,0,0.011816
448,23,134000000,23.134000000,-7.464886520821926,-28.050564687125867,49.691121813855695,0.21498808449803783,-0.1294981617029126,-0.011212356156519753,0.9679280100859001,2000,1908,1567,1642,1567,0,0.8213,0.9540,32.3390,357.3797,4.9661,0,True,3.28,True,0.16766402095235125,-0.9852998999409209,-0.032754896649214785,1.51,0.0000,0.00,0.0000,0.0000,1.0000,55.4547,0,1908,0,0,0.015652
449,23,167000000,23.167000000,-7.63435900130016,-29.029948107001026,49.5811800327432,0.21297965581847794,-0.1336827690582102,0.002707426169994793,0.9678642742181911,1567,1533,1475,1476,1475,0,0.9622,0.9783,30.7956,507.3161,2.2227,0,True,3.28,True,-0.11498590434114915,-0.9289207704551607,0.35197222052292526,1.68,0.0000,0.00,0.0000,0.0000,1.0000,60.4251,0,1533,0,0,0.016828
450,23,200000000,23.200000000,-7.538207115096355,-30.023671908994288,49.52401518225356,0.21078097707532412,-0.13826567128289258,0.01672467359038274,0.9675609898818563,1475,1423,1407,1407,1407,0,0.9888,0.9647,26.7734,144.0354,1.6702,0,True,3.28,True,0.12923320549949752,-0.933063099685598,0.33569633689009604,1.71,0.0000,0.00,0.0000,0.0000,1.0000,52.1982,0,1423,0,0,0.014388
451,23,233000000,23.233000000,-7.220012380183005,-30.878870516716407,49.114885066002536,0.20873301251697007,-0.14158110664486792,0.032112959684283314,0.9671370521012628,1407,1351,1184,1328,1184,0,0.8764,0.9602,26.4488,109.1152,1.6389,0,True,3.28,True,0.21566835203404164,-0.9725611621284246,-0.08724647758121222,1.82,0.0000,0.00,0.0000,0.0000,1.0000,43.7665,0,1351,0,0,0.011991
452,23,266000000,23.266000000,-7.167170134838555,-31.87640016382983,49.0686000766786,0.20682556505219646,-0.1457617726730227,0.04673718796407142,0.9663293054281593,1184,1144,1127,1129,1127,0,0.9851,0.9662,27.3342,183.2142,1.5337,0,True,3.28,True,0.03431630965969909,-0.933220689279817,0.3576612028043337,1.76,0.0000,0.00,0.0000,0.0000,1.0000,61.0670,0,1144,0,0,0.016660
453,23,299000000,23.299000000,-6.879949324964829,-32.822661981860236,48.91996368102372,0.20380129789229925,-0.14990996448227842,0.05991840060466346,0.9656095581524219,1127,1072,1044,1047,1044,0,0.9739,0.9512,26.7374,152.6009,1.5848,0,True,3.28,True,0.20059693971635195,-0.9618216152434582,0.18617209304001262,1.62,0.0000,0.00,0.0000,0.0000,1.0000,50.1173,0,1072,0,0,0.013652
454,23,332000000,23.332000000,-6.676389830216102,-33.80128976981201,48.890788610393884,0.20158544005304238,-0.15420226931748715,0.07298860834042321,0.964498643621901,1044,995,981,982,981,0,0.9859,0.9531,26.1119,51.0398,1.4754,0,True,3.28,True,0.13034498768843075,-0.9372582546904198,0.3233529777181144,1.60,0.0000,0.00,0.0000,0.0000,1.0000,51.0300,0,995,0,0,0.013912
455,23,365000000,23.365000000,-6.543020578348233,-34.791336049700355,48.84583300634448,0.199516366234681,-0.15797916140418922,0.08771576796293949,0.9630896885634326,981,940,922,928,922,0,0.9809,0.9582,25.6422,55.4761,1.5337,0,True,3.28,True,0.03306808864181045,-0.942571886311743,0.33236236346538994,1.77,0.0000,0.00,0.0000,0.0000,1.0000,55.1966,0,940,0,0,0.015101
456,23,398000000,23.398000000,-6.148968242465069,-35.706696465427704,48.76314040749507,0.19681643549471184,-0.16191073086954802,0.10067078087599336,0.9617242847231542,922,887,841,848,841,0,0.9481,0.9620,24.8266,335.2029,1.7972,0,True,3.28,True,0.24330951483490781,-0.9493052156200208,0.19904795298477138,1.59,0.0000,0.00,0.0000,0.0000,1.0000,55.0327,0,887,0,0,0.014333
457,23,431000000,23.431000000,-5.370226230631573,-36.231416308467466,48.41929456220122,0.19445309145361056,-0.16459498811882045,0.11548546660835396,0.960083117293784,841,818,781,785,781,0,0.9548,0.9727,23.5365,47.4665,1.6853,0,True,3.28,True,0.5332573981251533,-0.7928152659408588,-0.2950940552364904,1.76,0.0000,0.00,0.0000,0.0000,1.0000,49.2203,0,818,0,0,0.007946
458,23,464000000,23.464000000,-6.26147926058589,-36.669198334202505,48.537679250994024,0.19387907934751908,-0.16733066747597658,0.1329417581187623,0.9574642757104284,781,765,378,754,378,0,0.4941,0.9795,23.6731,51.9515,1.3588,0,True,3.28,True,-0.8455121172542566,-0.09860832823292018,0.5247720049500859,2.05,0.0000,0.00,0.0000,0.0000,1.0000,43.7690,0,765,0,0,0.018897
459,23,497000000,23.497000000,-5.767967786572389,-37.536619946968706,48.601131364616016,0.1909367758350415,-0.17260728128352593,0.13957016296994643,0.9561746930818508,378,375,367,369,367,0,0.9787,0.9921,26.1893,40.2299,1.4144,0,True,3.28,True,0.3074924212401221,-0.9084712320390004,0.28306965827765396,1.04,0.0000,0.00,0.0000,0.0000,1.0000,47.1495,0,375,0,0,0.013460
460,23,530000000,23.530000000,-5.694154542902228,-38.52647449428152,48.72253803750932,0.18818260699755018,-0.1765946519636697,0.15319358656637289,0.9539042721134899,367,366,362,364,362,0,0.9891,0.9973,26.7931,41.4825,1.3201,0,True,3.28,True,-0.08586904382054149,-0.8652021960944409,0.494015857221914,1.68,0.0000,0.00,0.0000,0.0000,1.0000,56.8139,0,366,0,0,0.009582
461,23,563000000,23.563000000,-5.841244323556332,-38.781679497957114,47.76690473831655,0.18890396336486395,-0.1727247865871997,0.16771501662920948,0.9520257947768623,362,362,361,361,361,0,0.9972,1.0000,27.7157,43.8325,1.2339,0,True,3.28,True,-0.565696936061395,-0.46376852436314303,-0.6818399609444894,1.74,0.0000,0.00,0.0000,0.0000,1.0000,47.7609,0,362,0,0,0.021200
462,23,596000000,23.596000000,-5.609754143530904,-39.75405413656169,47.73690709256885,0.187102674354326,-0.1752234439972252,0.18241625203452935,0.9492173854902182,361,354,336,348,336,0,0.9492,0.9806,28.2961,95.0441,1.4771,0,True,3.28,True,-0.05417364004240606,-0.9463558786234939,0.3185526137379991,1.75,0.0000,0.00,0.0000,0.0000,1.0000,43.8968,0,354,0,0,0.013431
463,23,629000000,23.629000000,-5.556024248788817,-40.75259729279291,47.7418733340841,0.18541564350844958,-0.1775052169169058,0.1967183628610025,0.9462636116975631,336,326,323,324,323,0,0.9908,0.9702,27.8796,43.8269,1.4072,0,True,3.28,True,-0.23148106371151506,-0.8828593655886838,0.4086267951754169,1.70,0.0000,0.00,0.0000,0.0000,1.0000,46.3696,0,326,0,0,0.014603
464,23,662000000,23.662000000,-4.689079409015532,-41.08535472753701,47.370821943555775,0.1819197427770548,-0.17852152391888237,0.20653483780754872,0.944657945214785,323,306,304,304,304,0,0.9935,0.9474,27.7465,49.3470,1.5391,0,True,1.64,True,0.4915181883314803,-0.768239191528616,-0.4101443832832506,1.21,0.0000,0.00,0.0000,0.0000,1.0000,41.6811,0,306,0,0,0.013579
465,23,695000000,23.695000000,-5.590119440090602,-40.66092574939074,47.460191428895826,0.18282098863132967,-0.1795538896845783,0.2325375959682662,0.9382234026479519,304,275,275,275,275,0,1.0000,0.9046,26.7463,40.3651,1.2235,0,True,1.64,True,-0.5918303743185443,0.7943729810561736,0.13677856192364288,3.07,0.0000,0.00,0.0000,0.0000,1.0000,43.2667,0,275,0,0,0.014637
466,23,728000000,23.728000000,-6.36002738722597,-41.282624632688304,47.316204445302304,0.18136823117932827,-0.18077961271738663,0.24729068533604007,0.934490028459729,275,266,265,265,265,0,0.9962,0.9673,26.6642,49.4751,1.2667,0,True,1.64,True,-0.9282152405841463,-0.16378512778652946,0.3340522400213259,1.76,0.0000,0.00,0.0000,0.0000,1.0000,31.4835,0,266,0,0,0.011067
467,23,761000000,23.761000000,-6.892498260771548,-42.1261832083473,47.38608790727841,0.1806812832381778,-0.18143337767322865,0.26036514586673076,0.9309383406924892,265,252,136,251,136,0,0.5397,0.9509,26.3607,38.6300,1.4790,0,True,1.64,True,-0.7372231654759643,-0.38643463665140315,0.5542294433550935,1.56,0.0000,0.00,0.0000,0.0000,1.0000,45.4286,0,252,0,0,0.016733
468,23,794000000,23.794000000,-5.991500342583061,-42.338229135428655,47.007618256938756,0.17440900885073496,-0.18152950390867573,0.2633094454217515,0.9312876423501302,136,113,113,113,113,0,1.0000,0.8309,28.3164,39.3124,1.3445,0,True,1.64,True,0.4671734435675271,-0.7568616191016414,-0.4570661474623781,0.80,0.0000,0.00,0.0000,0.0000,1.0000,33.1157,0,113,0,0,0.012889
469,23,827000000,23.827000000,-5.060906865406354,-42.66282886771542,47.176824622172205,0.17251434219183348,-0.18599761773214546,0.26336311346893754,0.9307435513609714,113,103,102,102,102,0,0.9903,0.9115,27.7154,36.8814,1.6168,0,True,1.64,True,0.6743334365002066,-0.7363710313446467,0.05506469480750122,0.56,0.0000,0.00,0.0000,0.0000,1.0000,35.2719,0,103,0,0,0.014543
470,23,860000000,23.860000000,-4.584676081009071,-43.043339855658985,47.96955132668426,0.1831161229191084,-0.1923412737429445,0.26266214545563377,0.9276216455466416,102,89,88,88,88,0,0.9888,0.8725,26.8130,36.4430,1.3376,0,True,1.64,True,0.5615929712078266,-0.3922025036500915,0.7285537254180815,1.46,0.0000,0.00,0.0000,0.0000,1.0000,31.5422,0,89,0,0,0.013902
471,23,893000000,23.893000000,-4.584676081009071,-43.043339855658985,47.96955132668426,0.1831161229191084,-0.1923412737429445,0.26266214545563377,0.9276216455466416,2000,0,0,0,0,0,0.0000,0.0000,0.0000,0.0000,0.0000,1,True,3.28,True,0.0,0.0,0.0,0.00,0.0000,0.00,0.0000,0.0000,1.0000,26.1622,0,2000,0,0,0.012328
472,23,926000000,23.926000000,-3.7157734028462865,-43.50270956327636,48.153908609168724,0.18174651885298962,-0.19430342534170536,0.26964094019052093,0.9254772526423717,2000,1917,1834,1893,1834,0,0.9567,0.9585,13.9097,167.3586,2.9010,0,True,3.28,True,0.576745856526114,-0.8057998835146687,0.13435313434269183,0.88,0.0000,0.00,0.0000,0.0000,1.0000,29.3937,0,1917,0,0,0.015052
473,23,959000000,23.959000000,-3.4079935611176855,-43.0345312900936,47.32560873983087,0.18395232656463528,-0.19100363747039426,0.27800890167869874,0.9232498050971576,1834,1823,1593,1816,1593,0,0.8738,0.9940,12.9563,29.5890,2.0337,0,True,3.28,True,0.061303941979824444,0.00197011779227183,-0.9981172001992645,1.09,0.0000,0.00,0.0000,0.0000,1.0000,24.9531,0,1823,0,0,0.014061
474,23,992000000,23.992000000,-3.1070588510906245,-42.56955261192164,46.4930025128866,0.18729451198638325,-0.1871405337993965,0.2854626674707472,0.921091880253835,1593,1586,1467,1585,1467,0,0.9250,0.9956,11.0867,18.0178,2.1168,0,True,3.28,True,0.05966839877794605,-0.008380561211619085,-0.9981830735797188,1.06,0.0000,0.00,0.0000,0.0000,1.0000,22.4240,0,1586,0,0,0.014061
475,24,25000000,24.025000000,-2.1641198150854626,-42.87898867115042,46.615946807697725,0.1861275602594802,-0.18852387326684397,0.29052392235699476,0.9194624141630953,1467,1465,1387,1464,1387,0,0.9468,0.9986,9.8683,15.5455,2.2360,0,True,3.28,True,0.6377128196261221,-0.7699800034301768,0.021287414172834352,0.64,0.0000,0.00,0.0000,0.0000,1.0000,16.3096,0,1465,0,0,0.011457
476,24,58000000,24.058000000,-1.3461361885226268,-43.29065849109794,47.017731259885046,0.18589847130147885,-0.1905905524480492,0.2944527472653426,0.9178314547416714,1387,1386,1385,1385,1385,0,0.9993,0.9993,9.0357,15.9661,1.7634,0,True,3.28,True,0.6134558866892245,-0.7145589747175566,0.33626975293197525,0.54,0.0000,0.00,0.0000,0.0000,1.0000,11.7126,0,1386,0,0,0.009029
477,24,91000000,24.091000000,-1.2294732754855073,-42.70310239537582,46.21700184297728,0.18789341799262635,-0.18724168378641345,0.30054475679163106,0.9161383435338445,1385,1382,1380,1382,1380,0,0.9986,0.9978,8.0895,14.3694,1.7517,0,True,3.28,True,-0.0038982050697717323,0.19036346922738692,-0.9817059404836804,0.85,0.0000,0.00,0.0000,0.0000,1.0000,20.9984,0,1382,0,0,0.019172
478,24,124000000,24.124000000,-0.3854468762883577,-43.007854273666474,46.65830188845269,0.18752793543918098,-0.18932423171743318,0.3032007543875436,0.9149092366204128,1380,1379,1377,1377,1377,0,0.9985,0.9993,7.1675,14.7897,1.7394,0,True,3.28,True,0.6872306823004201,-0.6500971967571164,0.3241722136048033,0.41,0.0000,0.00,0.0000,0.0000,1.0000,13.1419,0,1379,0,0,0.015251
479,24,157000000,24.157000000,0.5445898482563253,-43.372799778821545,46.7012724512288,0.1864546653145717,-0.18991004549475657,0.3047243519322288,0.9145009030843511,1377,1371,1369,1369,1369,0,0.9985,0.9956,6.2175,12.8723,1.6918,0,True,3.28,True,0.5355808919267606,-0.8443923527415925,-0.012436351332039934,0.23,0.0000,0.00,0.0000,0.0000,1.0000,9.1919,0,1371,0,0,0.014043
480,24,190000000,24.190000000,0.7832745301045911,-42.93781074836685,45.833047730298176,0.1886367623920953,-0.18449531652740117,0.3082526973018306,0.9139791708019546,1369,1365,1365,1365,1365,0,1.0000,0.9971,5.2715,9.9650,1.7142,0,True,3.28,True,-0.011461841952219635,-0.02157029471981269,-0.9997016297699841,0.78,0.0000,0.00,0.0000,0.0000,1.0000,5.7739,0,1365,0,0,0.012362
481,24,223000000,24.223000000,1.0687957634663272,-42.450617698576714,45.00774744704622,0.19117166214782094,-0.17973518529816712,0.3109262889231622,0.9134952115988039,1365,1361,1359,1359,1359,0,0.9985,0.9971,4.3726,11.3510,1.6703,0,True,3.28,True,0.07812140451813179,-0.011531092609818053,-0.9968771639772566,0.69,0.0000,0.00,0.0000,0.0000,1.0000,4.1206,0,1361,0,0,0.015018
482,24,256000000,24.256000000,2.035065274791725,-42.654570629274765,45.164993857315714,0.1909948049369121,-0.1798715078845965,0.31111855563932966,0.9134399101612157,1359,1351,1236,1348,1236,0,0.9149,0.9941,3.5295,16.9994,1.6208,0,True,3.28,True,0.685498472186414,-0.7275659728611131,0.027195583552378378,0.03,0.0000,0.00,0.0000,0.0000,1.0000,0.9708,0,1351,0,0,0.011996
483,24,289000000,24.289000000,2.3099960429072164,-42.168480985714226,44.335457883914565,0.19384791274223537,-0.17477996823715475,0.3122481511570918,0.9134418654339618,1236,1231,1230,1230,1230,0,0.9992,0.9960,3.1404,8.2589,0.9865,0,True,3.28,True,0.07562605100581915,-0.015232237309797078,-0.9970198991774454,0.68,0.0000,0.00,0.0000,0.0000,1.0000,2.1662,0,1231,0,0,0.017108
484,24,322000000,24.322000000,2.669857436167462,-41.819296288912625,43.47025858597197,0.19542701179617838,-0.16905308141212652,0.3125243456942189,0.9140885471735665,1230,1224,1222,1222,1222,0,0.9984,0.9951,2.7896,12.8886,0.9726,0,True,3.28,True,0.062231963902474714,-0.18677622348535247,-0.9804294084784435,0.69,0.0000,0.00,0.0000,0.0000,1.0000,2.2883,0,1224,0,0,0.007591
485,24,355000000,24.355000000,2.8072152296345863,-40.891754867429036,43.12269600454808,0.19758303633497046,-0.16676195924085932,0.31231586474008555,0.9141171660867421,1222,1213,501,1206,501,0,0.4130,0.9926,2.6466,7.8904,0.9291,0,True,3.28,True,0.4214655300036735,0.5004988822663409,-0.7562193305310743,0.36,0.0000,0.00,0.0000,0.0000,1.0000,7.0008,0,1213,0,0,0.015159
486,24,388000000,24.388000000,3.785736725116579,-41.04822734450683,43.25690497144975,0.1976990242253173,-0.16624468389617075,0.30972343743085573,0.9150678626214749,501,500,464,500,464,0,0.9280,0.9980,3.5906,8.2755,1.0360,0,True,3.28,True,0.7116535708833093,-0.7024360901588043,0.011521036908505408,0.32,0.0000,0.00,0.0000,0.0000,1.0000,12.1326,0,500,0,0,0.017498
487,24,421000000,24.421000000,4.756716463383908,-41.25470253345446,43.37759608223814,0.1982758660509025,-0.165426427919491,0.30619981029948085,0.9162764070192596,464,463,462,462,462,0,0.9978,0.9978,4.6087,12.2522,1.0282,0,True,3.28,True,0.6790550368304579,-0.7336935086161936,0.02404355151896509,0.44,0.0000,0.00,0.0000,0.0000,1.0000,12.9335,0,463,0,0,0.014202
488,24,454000000,24.454000000,4.922010722699386,-40.74516939277539,42.53317096040256,0.20206334133738646,-0.15887875089693837,0.3039086097977557,0.9173698847748355,462,461,461,461,461,0,1.0000,0.9978,5.6468,12.2515,1.0772,0,True,3.28,True,0.01921624679221898,0.049053400519093356,-0.9986112856145448,0.91,0.0000,0.00,0.0000,0.0000,1.0000,16.7773,0,461,0,0,0.015102
489,24,487000000,24.487000000,5.109500917516489,-40.38010014564456,41.62126533390014,0.20607917194621486,-0.15147915325320876,0.3000539481003881,0.9189956851090341,461,458,457,457,457,0,0.9978,0.9935,6.7135,14.3937,1.0889,0,True,3.28,True,-0.0543080966868693,-0.09877146165975915,-0.993627107619274,1.08,0.0000,0.00,0.0000,0.0000,1.0000,19.5057,0,458,0,0,0.014903
490,24,520000000,24.520000000,6.06957419083162,-40.14797490716018,41.46513339122172,0.2071219709734767,-0.14932181029980096,0.2955480726706527,0.920573094789064,457,456,449,456,449,0,0.9846,0.9978,7.8156,19.3068,1.1026,0,True,3.28,True,0.7938836325714872,-0.4637515378119386,-0.3932979647953467,0.61,0.0000,0.00,0.0000,0.0000,1.0000,20.6308,0,456,0,0,0.013798
491,24,553000000,24.553000000,6.915409508277665,-40.64897533565497,41.648330515677806,0.20693770847142545,-0.14909760066463904,0.2877324958614175,0.9231233401415017,449,447,446,446,446,0,0.9978,0.9955,8.9180,19.1730,1.1132,0,True,3.28,True,0.49151648429104144,-0.829379172185706,0.26559693976913074,0.94,0.0000,0.00,0.0000,0.0000,1.0000,19.7194,0,447,0,0,0.011914
492,24,586000000,24.586000000,7.903067885026256,-40.729869255545374,41.51421450409419,0.20823715395657727,-0.14669886095615617,0.28123770573105,0.9252146155251583,446,442,438,440,438,0,0.9910,0.9910,10.0846,24.3451,1.0967,0,True,3.28,True,0.6893398466515308,-0.6859193609350377,-0.23307768257152706,0.84,0.0000,0.00,0.0000,0.0000,1.0000,23.9723,0,442,0,0,0.013211
493,24,619000000,24.619000000,8.40080055350443,-40.27733873397294,40.77429672638171,0.21211441524948166,-0.14196779223740771,0.27459741927883846,0.9270646569339209,438,436,433,433,433,0,0.9931,0.9954,11.2417,26.4611,1.2132,0,True,3.28,True,0.31790708740302553,-0.1717929610015006,-0.9324281539771642,1.06,0.0000,0.00,0.0000,0.0000,1.0000,29.1395,0,436,0,0,0.014731
494,24,652000000,24.652000000,9.348983298679109,-40.567921402622254,40.90279261905397,0.2140001606746684,-0.1398755080519292,0.26654487062070387,0.9292968338610775,433,423,422,422,422,0,0.9976,0.9769,12.1229,26.0513,1.2316,0,True,3.28,True,0.685314892187709,-0.7199582348743546,0.10956111802255633,1.01,0.0000,0.00,0.0000,0.0000,1.0000,19.4584,0,423,0,0,0.009218
495,24,685000000,24.685000000,9.29208238335056,-40.34267820578175,39.930153020789625,0.218238232952788,-0.12519144779496708,0.2588036136400714,0.9325877249050007,422,411,409,409,409,0,0.9951,0.9739,13.1106,27.0762,1.1958,0,True,3.28,True,-0.3123073779984295,-0.11012853123714703,-0.943576074439838,2.00,0.0000,0.00,0.0000,0.0000,1.0000,46.5846,0,411,0,0,0.020428
496,24,718000000,24.718000000,9.377217056410451,-39.876631668977005,39.04949831378167,0.22316105051140908,-0.11734789631047457,0.250853881803651,0.9346127255447522,409,398,397,397,397,0,0.9975,0.9731,14.0374,29.1708,1.2418,0,True,3.28,True,-0.03455409638214183,0.012067830204429565,-0.999329966476224,1.42,0.0000,0.00,0.0000,0.0000,1.0000,38.1780,0,398,0,0,0.009024
497,24,751000000,24.751000000,9.656296711442794,-39.277178455792644,38.29931807453915,0.22758606513100932,-0.11190767745802091,0.24224437929808115,0.9364822023843394,397,388,386,386,386,0,0.9948,0.9773,15.0349,28.8456,1.2507,0,True,3.28,True,0.23741539522130628,0.05006179145781672,-0.9701173883339814,1.29,0.0000,0.00,0.0000,0.0000,1.0000,41.4420,0,388,0,0,0.022313
498,24,784000000,24.784000000,10.59434718026732,-39.186344568770636,37.96493726930871,0.22925282896904212,-0.10841903064315064,0.23306243667655663,0.9388132694069022,386,376,342,374,342,0,0.9096,0.9741,16.1658,42.8483,1.3294,0,True,3.28,True,0.7340916176085218,-0.5270296397543348,-0.4281930122938957,1.17,0.0000,0.00,0.0000,0.0000,1.0000,36.2180,0,376,0,0,0.013166
499,24,817000000,24.817000000,11.474536847212093,-39.128813905668366,37.4938148085762,0.2313621246034681,-0.10445768975150962,0.22292405544216057,0.9412040288141393,342,331,324,330,324,0,0.9789,0.9678,17.1353,34.9642,1.3966,0,True,3.28,True,0.6399413024191245,-0.5626823013426907,-0.5233199377186082,1.30,0.0000,0.00,0.0000,0.0000,1.0000,42.6206,0,331,0,0,0.014857
500,24,850000000,24.850000000,12.2301852666791,-38.59604014037433,37.11283241899445,0.23451482619301475,-0.10055512489519246,0.21283032802181837,0.9431832879282253,324,307,254,303,254,0,0.8274,0.9475,17.7453,39.5068,1.4703,0,True,3.28,True,0.747659709072814,-0.07901744452064538,-0.6593642414406333,1.31,0.0000,0.00,0.0000,0.0000,1.0000,46.7509,0,307,0,0,0.015641
501,24,883000000,24.883000000,13.061251830294317,-38.04400354834288,37.18053742544957,0.23800152252157766,-0.09826289956421119,0.20397499371942554,0.9445072153159049,254,240,239,239,239,0,0.9958,0.9449,19.0400,35.6100,1.4326,0,True,3.28,True,0.9541656322641828,0.09550903357178378,-0.2836299890915555,1.13,0.0000,0.00,0.0000,0.0000,1.0000,44.2661,0,240,0,0,0.014294
502,24,916000000,24.916000000,12.71934939412567,-37.62247100141907,36.34064872090244,0.24809614887489048,-0.07719029076507088,0.194626579708838,0.94583849276496,239,224,220,220,220,0,0.9821,0.9372,19.6840,36.2697,1.5666,0,True,3.28,True,-0.4015919943646936,0.1424958524711938,-0.9046650220334019,2.89,0.0000,0.00,0.0000,0.0000,1.0000,47.6390,0,224,0,0,0.014921
503,24,949000000,24.949000000,13.545131766655935,-37.5349612698548,35.783490287330956,0.2507860806962591,-0.07295995810324647,0.1828048004864545,0.9478214975203345,220,199,190,199,190,0,0.9548,0.9045,19.3614,36.3174,1.3940,0,True,3.28,True,0.6470863205952553,-0.510293612143463,-0.5664624639851007,1.49,0.0000,0.00,0.0000,0.0000,1.0000,44.4115,0,199,0,0,0.013548
504,24,982000000,24.982000000,14.156422299616292,-36.89162989730142,35.32256878707129,0.25396847252441707,-0.06855422313004662,0.17136026014710762,0.949439832057285,190,186,182,185,182,0,0.9785,0.9789,20.0717,34.8896,1.4049,0,True,3.28,True,0.6573096111146646,0.07838169674837712,-0.7495334447182019,1.46,0.0000,0.00,0.0000,0.0000,1.0000,35.3892,0,186,0,0,0.010590
505,25,15000000,25.015000000,15.05350213445102,-36.456721870577844,35.24444850657834,0.2568260732563926,-0.06537028739241282,0.16022391282882545,0.9508393089159473,182,177,176,176,176,0,0.9944,0.9725,20.9821,37.1327,1.4599,0,True,3.28,True,0.9453663218640573,-0.005715656662361218,-0.3259598882594937,1.38,0.0000,0.00,0.0000,0.0000,1.0000,59.5106,0,177,0,0,0.017436
506,25,48000000,25.048000000,15.52839137443809,-35.75226429570339,35.77191389401764,0.26777176760574856,-0.07851079094806249,0.17002371057596946,0.9451064881906067,176,166,165,165,165,0,0.9940,0.9432,21.4204,39.6721,1.6583,0,True,3.28,True,0.746419442734317,0.6612802950753734,0.07460822242366216,2.35,0.0000,0.00,0.0000,0.0000,1.0000,57.1435,0,166,0,0,0.016395
507,25,81000000,25.081000000,16.450380545551777,-35.80925178076631,35.388914683972374,0.27162720403963475,-0.07455149973852492,0.15662245233744004,0.9466415072962697,165,152,120,152,120,0,0.7895,0.9212,21.2659,36.7557,1.5539,0,True,3.28,True,0.7496866231055711,-0.5642245312189993,-0.3458621770406043,1.67,0.0000,0.00,0.0000,0.0000,1.0000,52.1831,0,152,0,0,0.014738
508,25,114000000,25.114000000,17.32411460744331,-36.00311556533912,34.94281422205642,0.2727502989714813,-0.0702021120314054,0.14428012544572344,0.9486106594797805,120,113,109,112,109,0,0.9646,0.9417,21.5921,38.5388,1.5797,0,True,1.64,True,0.6705977387675641,-0.6692181488292152,-0.3200714639536431,1.52,0.0000,0.00,0.0000,0.0000,1.0000,54.2150,0,113,0,0,0.015133
509,25,147000000,25.147000000,16.89950757625209,-36.58683730033236,34.25073199777996,0.26767826007142415,-0.042691187842548606,0.10870368637428672,0.9564043706165127,109,101,100,100,100,0,0.9901,0.9266,21.8983,40.6621,1.6608,0,True,1.64,True,-0.6868210279760043,-0.6841916522345982,-0.24527262085784352,5.26,0.0000,0.00,0.0000,0.0000,1.0000,44.8554,0,101,0,0,0.012420
510,25,180000000,25.180000000,17.665294980688316,-36.66849259601988,33.61284324267213,0.27022037173145075,-0.03841846887580419,0.09536391084472261,0.9572934223418416,100,94,86,92,86,0,0.9149,0.9400,21.6721,38.8882,1.6610,0,True,1.64,True,0.6405737839257907,-0.5654454264110615,-0.519554325453852,1.63,0.0000,0.00,0.0000,0.0000,1.0000,62.6186,0,94,0,0,0.009550
511,25,213000000,25.213000000,17.665294980688316,-36.66849259601988,33.61284324267213,0.27022037173145075,-0.03841846887580419,0.09536391084472261,0.9572934223418416,2000,0,0,0,0,0,0.0000,0.0000,0.0000,0.0000,0.0000,1,True,3.28,True,0.0,0.0,0.0,0.00,0.0000,0.00,0.0000,0.0000,1.0000,43.0646,0,2000,0,0,0.011796
512,25,246000000,25.246000000,18.013649229561487,-37.45197591548462,33.09825291492342,0.2709061780166316,-0.034044516694409895,0.0803507592546454,0.958642044291125,2000,1920,1746,1818,1746,0,0.9094,0.9600,19.8816,242.2699,4.3007,0,True,3.28,True,0.14983473665439026,-0.9881087074038336,-0.03450701442365985,1.80,0.0000,0.00,0.0000,0.0000,1.0000,57.6862,0,1920,0,0,0.023509
513,25,279000000,25.279000000,18.202591903183567,-38.30495644484016,32.61170910124898,0.27122823420705877,-0.029566850121914314,0.06475641710602209,0.9598789781979705,1746,1724,1691,1691,1691,0,0.9809,0.9874,18.6947,82.2781,2.5349,0,True,3.28,True,0.017452835815641922,-0.9994094420626606,0.02960009523622765,1.86,0.0000,0.00,0.0000,0.0000,1.0000,65.6459,0,1724,0,0,0.018040
514,25,312000000,25.312000000,18.547053147756042,-38.8101084323406,31.820401373173528,0.27210915851592304,-0.02422285124078128,0.0497887136105097,0.9606721310241771,1691,1640,1590,1591,1590,0,0.9695,0.9698,19.6187,331.4950,2.0871,0,True,3.28,True,0.21356099631563127,-0.8839375115382347,-0.415988192799108,1.83,0.0000,0.00,0.0000,0.0000,1.0000,44.0532,0,1640,0,0,0.012174
515,25,345000000,25.345000000,18.519152001895,-39.75965149111153,31.50800818246737,0.2727813030022427,-0.020301280507325763,0.03461792180858202,0.9612386895208788,1590,1570,1550,1559,1550,0,0.9873,0.9874,18.8042,224.6552,1.4926,0,True,3.28,True,-0.12905068919027252,-0.9637541896901065,0.2335032793651552,1.80,0.0000,0.00,0.0000,0.0000,1.0000,64.2527,0,1570,0,0,0.017888
516,25,378000000,25.378000000,18.561950257776044,-40.67765740785498,31.113757695952057,0.27251839438566156,-0.01631707447124763,0.018421239840288674,0.9618358153681466,1550,1534,1528,1528,1528,0,0.9961,0.9897,17.6766,64.8330,1.4175,0,True,3.28,True,-0.03110041941544298,-0.9887080635172781,0.14659170866081656,1.91,0.0000,0.00,0.0000,0.0000,1.0000,50.1686,0,1534,0,0,0.014123
517,25,411000000,25.411000000,18.38783877983047,-41.641345926434376,30.91129873120647,0.2731123708981698,-0.012806763955678674,0.0034915477997433182,0.9618905492587638,1528,1512,1508,1509,1508,0,0.9974,0.9895,17.3519,186.7818,1.4052,0,True,3.28,True,-0.20786745418249344,-0.9181915818588772,0.33721705249761896,1.76,0.0000,0.00,0.0000,0.0000,1.0000,52.3527,0,1512,0,0,0.014928
518,25,444000000,25.444000000,18.395144365533277,-42.236995478073254,31.71450993633867,0.2789827965372762,-0.010531305392091453,-0.011333929839101028,0.9601714601452085,1508,1491,1067,1484,1067,0,0.7156,0.9887,16.7574,79.6817,1.3966,0,True,3.28,True,0.028789742877053767,-0.08493367198821629,0.9959705929733423,1.86,0.0000,0.00,0.0000,0.0000,1.0000,52.0432,0,1491,0,0,0.015082
519,25,477000000,25.477000000,18.539471237912743,-42.88187126214192,30.963973476843876,0.280281443636546,-0.006656707771606485,-0.02440644998994753,0.9595844547477546,1067,1064,867,1063,867,0,0.8148,0.9972,14.8548,108.1141,1.3700,0,True,3.28,True,0.15165059109780035,-0.9443072876092423,-0.29203740306296955,1.57,0.0000,0.00,0.0000,0.0000,1.0000,55.6495,0,1064,0,0,0.016445
520,25,510000000,25.510000000,18.80644663231699,-43.440313796562826,31.74938169842818,0.28550153581357196,-0.008259386352047473,-0.03961830330130128,0.9575233916874853,867,865,865,865,865,0,1.0000,0.9977,13.1861,22.2937,1.1888,0,True,3.28,True,0.2941634248332932,-0.03579626597214441,0.9550845548080019,1.87,0.0000,0.00,0.0000,0.0000,1.0000,32.7174,0,865,0,0,0.009843
521,25,543000000,25.543000000,18.379043876799642,-42.99239182863963,32.53467960064618,0.2880969678074885,-0.00577073914657131,-0.05003481975457603,0.9562757722132044,865,863,819,862,819,0,0.9490,0.9977,12.7105,20.8001,1.1736,0,True,3.28,True,-0.4674434374430795,0.7729574679327568,0.4289911252676203,1.27,0.0000,0.00,0.0000,0.0000,1.0000,64.8741,0,863,0,0,0.020022
522,25,576000000,25.576000000,18.60373647455952,-43.2376254523836,33.47774572043699,0.2935891168228071,-0.004075070178248835,-0.06251064506962184,0.9538769540874893,819,818,688,818,688,0,0.8411,0.9988,12.3118,19.5652,1.1559,0,True,3.28,True,0.23105554708226858,0.33763193508136036,0.9124790466502393,1.60,0.0000,0.00,0.0000,0.0000,1.0000,37.0919,0,818,0,0,0.011766
523,25,609000000,25.609000000,18.563841608188714,-43.61900587742751,32.554188807718255,0.2941720643808813,0.0021192467370961692,-0.07619219732598559,0.9527082735012833,688,688,688,688,688,0,1.0000,1.0000,11.7612,18.2293,1.1392,0,True,3.28,True,0.03353141279320045,-0.8350670906378791,-0.5491253030863541,1.73,0.0000,0.00,0.0000,0.0000,1.0000,47.2054,0,688,0,0,0.015417
524,25,642000000,25.642000000,18.08311499363972,-44.49157841486877,32.46747612717161,0.29392445616542484,0.004665416937468895,-0.09083263929679623,0.9514915026373262,688,688,688,688,688,0,1.0000,1.0000,11.1538,17.0064,1.1520,0,True,3.28,True,-0.34531331822752714,-0.8303880342091248,0.4372807163562097,1.71,0.0000,0.00,0.0000,0.0000,1.0000,47.5805,0,688,0,0,0.016116
525,25,675000000,25.675000000,17.969079294146347,-45.148814511556466,33.21248389387727,0.29938852225532064,0.004637933688858327,-0.10389781877287217,0.9484462270298261,688,688,688,688,688,0,1.0000,1.0000,10.5444,15.8521,1.1547,0,True,3.28,True,-0.04674098691703444,-0.13677959096707623,0.9894981675763229,1.66,0.0000,0.00,0.0000,0.0000,1.0000,47.9085,0,688,0,0,0.016928
526,25,708000000,25.708000000,18.200390353690565,-45.488798377308996,34.12402443864775,0.30355087674043857,0.004550125564262351,-0.11449174761258556,0.9459005240066614,688,688,688,688,688,0,1.0000,1.0000,9.9059,14.6942,1.1327,0,True,3.28,True,0.22764023905165623,0.2913264668822917,0.9291441283559757,1.34,0.0000,0.00,0.0000,0.0000,1.0000,41.2593,0,688,0,0,0.015247
527,25,741000000,25.741000000,18.187550645744274,-46.0682490394225,34.93893061243468,0.3082376157580569,0.004140127555727374,-0.12567307241377312,0.9429627301466867,688,688,688,688,688,0,1.0000,1.0000,9.2370,13.5755,1.1259,0,True,3.28,True,0.047745968830696615,0.006826169478522789,0.9988361857034758,1.43,0.0000,0.00,0.0000,0.0000,1.0000,39.3882,0,688,0,0,0.015296
528,25,774000000,25.774000000,17.97192709528557,-46.74376903537299,35.64403997952507,0.31358703012160366,0.0031803981852155296,-0.13752546999345508,0.9395423379017974,688,688,688,688,688,0,1.0000,1.0000,8.5464,12.4773,1.1116,0,True,3.28,True,-0.11055761097816325,-0.16831882119729125,0.9795130367103623,1.54,0.0000,0.00,0.0000,0.0000,1.0000,36.3430,0,688,0,0,0.014868
529,25,807000000,25.807000000,17.929083106160263,-47.21209536535368,36.526556178380716,0.3188673930189472,0.004013420197667471,-0.14707180552902885,0.9363105051990225,688,688,417,688,417,0,0.6061,1.0000,7.8279,11.4499,1.0726,0,True,3.28,True,-0.0025240819141085146,0.14959546044534225,0.988744065582513,1.31,0.0000,0.00,0.0000,0.0000,1.0000,25.0644,0,688,0,0,0.010787
530,25,840000000,25.840000000,18.442948443440383,-47.429218089806774,37.35649601816914,0.3241012067148157,0.0004375399165836609,-0.15507816659439227,0.9332250417828186,417,417,417,417,417,0,1.0000,1.0000,7.4729,10.3901,1.1870,0,True,3.28,True,0.4667809451569964,0.4738534101943405,0.7467117883665256,1.22,0.0000,0.00,0.0000,0.0000,1.0000,42.8383,0,417,0,0,0.019629
531,25,873000000,25.873000000,17.890164062196263,-46.783257251693726,36.83003232191191,0.33072754137714194,0.011343958548098276,-0.1598158688758022,0.9300266103905642,417,417,417,417,417,0,1.0000,1.0000,6.7094,9.3477,1.1733,0,True,3.28,True,-0.6596322985377713,0.0006314772700776065,-0.7515882063751627,1.60,0.0000,0.00,0.0000,0.0000,1.0000,28.8010,0,417,0,0,0.014307
532,25,906000000,25.906000000,17.671415090163347,-47.751983455723575,36.94715801875277,0.3281095973543329,0.007415954246802166,-0.1771036518971667,0.9278595757070539,417,417,417,417,417,0,1.0000,1.0000,5.9223,8.3410,1.1612,0,True,1.64,True,0.05832916885310451,-0.7023619982997494,0.7094260577433625,2.07,0.0000,0.00,0.0000,0.0000,1.0000,22.7455,0,417,0,0,0.012180
533,25,939000000,25.939000000,16.791700689010572,-47.30224803616916,37.101562114561894,0.3342543572754759,0.009983070377433928,-0.18305432138768996,0.9244811941675666,417,417,417,417,417,0,1.0000,1.0000,5.1292,7.3328,1.1597,0,True,1.64,True,-0.9901204742229583,0.12489405859527894,-0.06374104370108104,1.09,0.0000,0.00,0.0000,0.0000,1.0000,33.2242,0,417,0,0,0.019463
534,25,972000000,25.972000000,16.24051019536317,-46.65667466010708,36.57295634857696,0.34048261981257655,0.018009010386803123,-0.18693211487519826,0.9213054029900932,417,417,417,417,417,0,1.0000,1.0000,4.3219,6.2894,1.1603,0,True,1.64,True,-0.6538893217189039,-0.05693981515326259,-0.7544445721140183,1.30,0.0000,0.00,0.0000,0.0000,1.0000,16.4567,0,417,0,0,0.010754
535,26,5000000,26.005000000,16.662298656861886,-47.11581257820486,37.35480471361417,0.34526484635637544,0.008310455500185528,-0.19317396277769563,0.9183718976017556,417,417,417,417,417,0,1.0000,1.0000,3.5096,5.3380,1.1499,0,True,1.64,True,0.4190841425994293,0.3151084882534742,0.8515134303417129,1.47,0.0000,0.00,0.0000,0.0000,1.0000,23.3993,0,417,0,0,0.016941
536,26,38000000,26.038000000,15.961382233621483,-46.73183087640399,37.955865625930045,0.3491159540425714,0.008185334472276477,-0.19437491657405875,0.9166621202707952,417,417,417,417,417,0,1.0000,1.0000,2.7296,4.3573,1.1308,0,True,1.64,True,-0.8718976309442614,0.3903025881263035,0.2957336823151764,0.50,0.0000,0.00,0.0000,0.0000,1.0000,19.0502,0,417,0,0,0.016036
537,26,71000000,26.071000000,15.116462186321787,-47.224105069895046,37.746637921995315,0.34866044791090006,0.00910550202357528,-0.1980770540899363,0.9160340946375968,417,417,417,417,417,0,1.0000,1.0000,1.9946,3.3964,1.1096,0,True,1.64,True,-0.5768165381792161,-0.7742446921434143,0.2604377813810714,0.45,0.0000,0.00,0.0000,0.0000,1.0000,15.5944,0,417,0,0,0.015593
538,26,104000000,26.104000000,14.262540667019298,-47.168218110400026,38.26403012007191,0.3510388126199558,0.008359254680299459,-0.1994552314704979,0.9148330369715622,417,417,353,417,353,0,0.8465,1.0000,1.4101,2.3816,1.0952,0,True,1.64,True,-0.8867945121948037,0.051239916130038476,0.4593146678870238,0.35,0.0000,0.00,0.0000,0.0000,1.0000,8.1793,0,417,0,0,0.009596
539,26,137000000,26.137000000,14.031751027451039,-47.640624734314464,39.11465819623075,0.3552186619487275,0.006672236388589317,-0.2021180556157307,0.9126464129437243,353,353,353,353,353,0,1.0000,1.0000,1.2745,2.5940,1.0049,0,True,1.64,True,-0.17489483740084413,0.13953809945711465,0.9746491238648033,0.65,0.0000,0.00,0.0000,0.0000,1.0000,13.6366,0,353,0,0,0.020759
540,26,170000000,26.170000000,13.087537424586106,-47.76403506288647,39.419994998739995,0.3557287550546887,0.006047469691428327,-0.20249106363404915,0.9123693605584988,353,353,334,353,334,0,0.9462,1.0000,1.5286,3.2826,1.0188,0,True,1.64,True,-0.8696025523746622,-0.2378526599405296,0.43268639112258644,0.11,0.0000,0.00,0.0000,0.0000,1.0000,5.9462,0,353,0,0,0.013283
541,26,203000000,26.203000000,12.125606716958998,-47.87082387885405,39.67156101891811,0.3567148860715355,0.004903303296718967,-0.201745641221116,0.9121563155073984,334,334,203,334,203,0,0.6078,1.0000,2.2207,4.0399,1.1152,0,True,1.64,True,-0.8829962773042084,-0.2678920724304346,0.38542367830199087,0.19,0.0000,0.00,0.0000,0.0000,1.0000,4.0212,0,334,0,0,0.014887
542,26,236000000,26.236000000,11.675543979465505,-47.58288294940478,38.82626015326865,0.3573092553868773,0.018642232693410307,-0.20198049108163293,0.9116942713418257,203,203,203,203,203,0,1.0000,1.0000,3.4493,4.8529,0.8848,0,True,1.64,True,-0.3891467400363008,-0.524410449609018,-0.7573364477297968,1.58,0.0000,0.00,0.0000,0.0000,1.0000,1.0561,0,203,0,0,0.009515
543,26,269000000,26.269000000,11.115995965553205,-47.954633812623825,38.085512344751685,0.3549086800938157,0.02326303533272885,-0.20522966131286166,0.9118001130174211,203,203,203,203,203,0,1.0000,1.0000,4.3131,5.6395,0.9214,0,True,1.64,True,-0.24944677124114645,-0.937054658456166,-0.24434581106081027,0.70,0.0000,0.00,0.0000,0.0000,1.0000,2.3887,0,203,0,0,0.020782
544,26,302000000,26.302000000,10.770802235204203,-47.16730356147955,38.59634731238882,0.36277440604202243,0.022059852615422825,-0.19214245678352726,0.9115861832677337,203,203,203,203,203,0,1.0000,1.0000,5.1969,6.4978,1.0190,0,True,1.64,True,-0.6934915491105696,0.7135117159834377,-0.09985240340919456,1.76,0.0000,0.00,0.0000,0.0000,1.0000,5.0821,0,203,0,0,0.005069
545,26,335000000,26.335000000,11.069312638472894,-46.72132614379612,39.44014567814735,0.3694909073661126,0.011519119711544498,-0.17966044363870168,0.9116281611744905,203,203,203,203,203,0,1.0000,1.0000,6.0698,7.3415,1.0337,0,True,1.64,True,-0.024482619061395147,0.9559456251513638,0.29252104730747613,2.02,0.0000,0.00,0.0000,0.0000,1.0000,5.4567,0,203,0,0,0.023158
546,26,368000000,26.368000000,10.722492782651063,-47.33953544125454,38.73478530773824,0.3588642113462872,0.0216001307308118,-0.19629912403324773,0.912259045485984,203,203,203,203,203,0,1.0000,1.0000,6.9564,8.1634,1.0852,0,True,1.64,True,-0.01863413846393603,-0.9983244006565577,-0.054782843458802064,2.54,0.0000,0.00,0.0000,0.0000,1.0000,10.9342,0,203,0,0,0.016713
547,26,401000000,26.401000000,10.992217407303027,-47.09501702551197,37.80341031815613,0.36117071560766895,0.026783554097374245,-0.18967997014224083,0.9126115626838156,203,203,203,203,203,0,1.0000,1.0000,7.8275,8.9441,1.1232,0,True,1.64,True,0.33282858741276233,-0.33844542862613036,-0.8801589761190305,1.00,0.0000,0.00,0.0000,0.0000,1.0000,14.7808,0,203,0,0,0.016654
548,26,434000000,26.434000000,10.438360546190195,-47.51167689083749,37.082551709256194,0.35972811820824196,0.02796273654950148,-0.187628489220944,0.9135695465413053,203,203,203,203,203,0,1.0000,1.0000,8.7300,9.7909,1.0898,0,True,1.64,True,-0.2430109662169604,-0.948319694222542,-0.2040476117183534,0.34,0.0000,0.00,0.0000,0.0000,1.0000,15.6646,0,203,0,0,0.014002
549,26,467000000,26.467000000,10.062063832028565,-48.063885217928515,36.33859825210818,0.3539599436580328,0.03303995173892859,-0.192199290649193,0.9147022206973363,203,203,203,203,203,0,1.0000,1.0000,9.6342,10.6592,1.0958,0,True,1.64,True,-0.032576446001984186,-0.9881595727981206,-0.14993143050513294,1.03,0.0000,0.00,0.0000,0.0000,1.0000,13.9742,0,203,0,0,0.005604
550,26,500000000,26.500000000,10.462432493255866,-47.813038310809205,35.457246583195186,0.3575992841481223,0.02956489432124367,-0.1855984968262122,0.9147687505464837,203,203,49,203,49,0,0.2414,1.0000,10.5285,11.4586,1.0410,0,True,1.64,True,0.4607718613784601,-0.23991700778279548,-0.8544759336215263,0.95,0.0000,0.00,0.0000,0.0000,1.0000,14.3858,0,203,0,0,0.016799
551,26,533000000,26.533000000,10.462432493255866,-47.813038310809205,35.457246583195186,0.3575992841481223,0.02956489432124367,-0.1855984968262122,0.9147687505464837,2000,0,0,0,0,0,0.0000,0.0000,0.0000,0.0000,0.0000,1,True,3.28,True,0.0,0.0,0.0,0.00,0.0000,0.00,0.0000,0.0000,1.0000,31.6187,0,2000,0,0,0.020332
552,26,566000000,26.566000000,9.714826361156888,-48.35542473000093,35.073968559399944,0.3577150345588633,0.026872318890904908,-0.1785566603563827,0.9162070462348301,2000,1955,1801,1932,1801,0,0.9212,0.9775,15.6522,117.4648,1.7823,0,True,3.28,True,-0.4504823549307306,-0.882516422180969,0.13502004472286672,0.88,0.0000,0.00,0.0000,0.0000,1.0000,30.5991,0,1955,0,0,0.017320
553,26,599000000,26.599000000,9.054218942089237,-48.9495212365877,34.61500540321617,0.3577694782408863,0.023980446469666766,-0.1712546032932049,0.9176588687945245,1801,1762,1734,1738,1734,0,0.9841,0.9783,16.4387,216.5047,1.5074,0,True,3.28,True,-0.35333905306684876,-0.9294547526480242,0.10613847727295969,0.92,0.0000,0.00,0.0000,0.0000,1.0000,22.4064,0,1762,0,0,0.011567
554,26,632000000,26.632000000,8.361041830372246,-49.5102690826796,34.16216178242089,0.3581597273276813,0.020674426761276912,-0.16276700604224495,0.9191306107092165,1734,1712,1607,1700,1607,0,0.9387,0.9873,17.5078,227.6876,1.3206,0,True,3.28,True,-0.4096741746755618,-0.9076975132167878,0.09084214387582779,1.06,0.0000,0.00,0.0000,0.0000,1.0000,34.2869,0,1712,0,0,0.016449
555,26,665000000,26.665000000,7.953567710083249,-50.26795258088211,33.652376967183805,0.35711212032708495,0.0173627202963308,-0.1562967589068151,0.9207284032843941,1607,1587,1579,1579,1579,0,0.9950,0.9876,17.7501,30.9877,1.1960,0,True,3.28,True,-0.0912392186109948,-0.9833088428015756,0.1574138642416272,0.86,0.0000,0.00,0.0000,0.0000,1.0000,33.8933,0,1587,0,0,0.015049
556,26,698000000,26.698000000,7.416744342877341,-51.011203437522646,33.25312912871149,0.35600925598511357,0.013750748643532448,-0.1487786996803589,0.9224604192517368,1579,1551,1537,1537,1537,0,0.9910,0.9823,18.6087,35.0081,1.1747,0,True,3.28,True,-0.2482376516770678,-0.9389087109893738,0.23838729143586312,0.98,0.0000,0.00,0.0000,0.0000,1.0000,34.1561,0,1551,0,0,0.014218
557,26,731000000,26.731000000,7.139083074675098,-51.67462503690946,33.947949970085254,0.3614156959244601,0.006748019041537338,-0.13901605273458467,0.9219586194946867,1537,1509,1248,1490,1248,0,0.8270,0.9818,19.7197,217.5869,1.2899,0,True,3.28,True,-0.18089186517020545,-0.09129504653582662,0.9792565279809299,1.51,0.0000,0.00,0.0000,0.0000,1.0000,40.4732,0,1509,0,0,0.015880
558,26,764000000,26.764000000,6.6624234576243335,-52.055359870126644,34.74031137515752,0.36491415832635077,0.0014238802263405147,-0.12704525466723782,0.9223313574223793,1248,1226,698,1211,698,0,0.5693,0.9824,20.4839,275.8799,1.2827,0,True,3.28,True,-0.4519344082803767,0.1354953641343091,0.8817007978392538,1.55,0.0000,0.00,0.0000,0.0000,1.0000,37.3783,0,1226,0,0,0.013910
559,26,797000000,26.797000000,6.314310670776363,-52.612990611274306,33.986742901719275,0.3655782350133864,-0.0027548029816088977,-0.115507660868317,0.9235815856900569,698,664,601,660,601,0,0.9051,0.9513,23.2449,53.3082,1.4441,0,True,3.28,True,-0.13491842182384417,-0.980050100447387,-0.14594115274873604,1.42,0.0000,0.00,0.0000,0.0000,1.0000,31.2856,0,664,0,0,0.011192
560,26,830000000,26.830000000,5.895654714707075,-53.32970748205089,33.429029608357965,0.36536831801878755,-0.007313054104818986,-0.10433982101955283,0.9249679525137019,601,576,570,570,570,0,0.9896,0.9584,25.0857,42.5928,1.5090,0,True,3.28,True,-0.20885152790626801,-0.9714680606498687,0.1123870385249145,1.39,0.0000,0.00,0.0000,0.0000,1.0000,43.6314,0,576,0,0,0.015004
561,26,863000000,26.863000000,5.476404909909265,-54.1032967491865,32.953856748285354,0.3651867846481088,-0.012282680864650102,-0.09285668332645151,0.9262102269089691,570,540,535,535,535,0,0.9907,0.9474,26.4123,54.5013,1.5359,0,True,3.28,True,-0.22682159647680059,-0.9507886529123335,0.21107558092983092,1.44,0.0000,0.00,0.0000,0.0000,1.0000,45.6725,0,540,0,0,0.015060
562,26,896000000,26.896000000,5.211002584585641,-54.87806938822291,32.38001969518286,0.36445635493318534,-0.017033385538647108,-0.08172667729383411,0.9274708509405659,535,502,495,495,495,0,0.9861,0.9383,27.8799,167.9801,1.7931,0,True,3.28,True,-0.0946653338866613,-0.9875311715969263,0.1257802038658254,1.40,0.0000,0.00,0.0000,0.0000,1.0000,40.8251,0,502,0,0,0.013023
563,26,929000000,26.929000000,5.374689024394331,-55.75653475774,31.931126228999666,0.3630922660628091,-0.022287883482857807,-0.0766541457624302,0.9283272044449957,495,457,440,441,440,0,0.9628,0.9232,28.3599,71.3282,1.9431,0,True,3.28,True,0.3180436336195942,-0.9152998708000339,0.24713234031078682,0.86,0.0000,0.00,0.0000,0.0000,1.0000,63.4901,0,457,0,0,0.019508
564,26,962000000,26.962000000,5.589342263210666,-56.59202695571219,31.42528359122262,0.3592264478168542,-0.027578720204372367,-0.07417554986767994,0.9298891123045807,440,431,388,401,388,0,0.9002,0.9795,27.9980,45.1383,2.3130,0,True,3.28,True,0.35157297633849655,-0.9210381141964705,0.16758649857879418,0.82,0.0000,0.00,0.0000,0.0000,1.0000,48.1411,0,431,0,0,0.014321
565,26,995000000,26.995000000,5.696840944822367,-57.088768259250536,30.56406810668303,0.35780964508686375,-0.03129529559208529,-0.061983584394560816,0.9312093736760916,388,367,366,366,366,0,0.9973,0.9459,30.9076,44.2333,1.5488,0,True,3.28,True,0.18624375714779814,-0.9292587409092011,-0.31904773211436244,1.48,0.0000,0.00,0.0000,0.0000,1.0000,53.7400,0,367,0,0,0.015591
566,27,28000000,27.028000000,4.837444137346813,-57.557046291150044,30.769379606948235,0.35942044219632824,-0.03690755527804179,-0.04613293554732724,0.9313036724681054,366,344,220,342,220,0,0.6395,0.9399,32.4888,44.9917,1.6530,0,True,3.28,True,-0.7837051858902903,-0.28712192467508046,0.5507877830703428,1.94,0.0000,0.00,0.0000,0.0000,1.0000,44.8876,0,344,0,0,0.012761
567,27,61000000,27.061000000,4.628016853928832,-58.23670975125672,30.06638757715275,0.35860574801730216,-0.04230450669107061,-0.03170025376943372,0.9319910622498103,220,195,184,186,184,0,0.9436,0.8864,35.6261,65.1424,2.3683,0,True,3.28,True,-0.1565454676475034,-0.9866261554342433,-0.04541305948809021,1.77,0.0000,0.00,0.0000,0.0000,1.0000,32.1431,0,195,0,0,0.009007
568,27,94000000,27.094000000,4.249308850751013,-59.03987561284574,29.606491015840284,0.3585219211893224,-0.04807938717830265,-0.016610618070455645,0.9321343743916934,184,158,141,154,141,0,0.8924,0.8587,37.7477,59.9074,2.3337,0,True,3.28,True,-0.33057319638644284,-0.9145116735013833,0.23321612478675166,1.85,0.0000,0.00,0.0000,0.0000,1.0000,41.4884,0,158,0,0,0.011501
569,27,127000000,27.127000000,3.60319390894688,-59.76663719584733,29.373353538264375,0.36005403345723114,-0.05274075798873834,-0.0005688127766002554,0.9314393066056305,141,119,95,118,95,0,0.7983,0.8440,39.9025,53.0547,2.0538,0,True,3.28,True,-0.6133307371937179,-0.6934579021879427,0.3780761096743729,1.92,0.0000,0.00,0.0000,0.0000,1.0000,76.3167,0,119,0,0,0.020825
570,27,160000000,27.160000000,3.60319390894688,-59.76663719584733,29.373353538264375,0.36005403345723114,-0.05274075798873834,-0.0005688127766002554,0.9314393066056305,2000,0,0,0,0,0,0.0000,0.0000,0.0000,0.0000,0.0000,1,True,4.92,True,0.0,0.0,0.0,0.00,0.0000,0.00,0.0000,0.0000,1.0000,65.4168,0,2000,0,0,0.017620
571,27,193000000,27.193000000,3.639866092513251,-60.51478815174411,28.710839162463216,0.35951279066147257,-0.05833541629430688,0.014286134569199811,0.9312053688180931,2000,1888,1461,1652,1461,0,0.7738,0.9440,31.9570,946.4034,5.4053,0,True,4.92,True,0.0008545456030174329,-0.9999380707375052,0.011096145347291102,1.82,0.0000,0.00,0.0000,0.0000,1.0000,55.1603,0,1888,0,0,0.014746
572,27,226000000,27.226000000,3.5707187229598687,-61.46683070216169,28.41278946278506,0.35892860839435464,-0.0650324614416646,0.027976859795858216,0.9306762747329994,1461,1375,1358,1360,1358,0,0.9876,0.9411,26.6006,95.9701,1.3781,0,True,3.28,True,-0.089489147554916,-0.899877369158586,0.42686345937092884,1.75,0.0000,0.00,0.0000,0.0000,1.0000,56.0381,0,1375,0,0,0.014921
573,27,259000000,27.259000000,3.523466805651247,-62.302766364533404,28.959579024395183,0.3637985966776432,-0.07258477682218006,0.04224296212245724,0.9276839781844745,1358,1324,1114,1304,1114,0,0.8414,0.9750,26.3932,76.7304,1.3094,0,True,3.28,True,0.02588474171723579,-0.2512573377334934,0.967574147226614,1.96,0.0000,0.00,0.0000,0.0000,1.0000,43.1878,0,1324,0,0,0.011485
574,27,292000000,27.292000000,3.8756071949147186,-62.972866386096285,28.30615488392378,0.3625777084257026,-0.078221440006121,0.05654980249265349,0.9269417088006003,1114,1097,1088,1088,1088,0,0.9918,0.9847,26.1156,78.6693,1.2833,0,True,3.28,True,0.22196166717685747,-0.973571969521498,-0.053764658151067894,1.77,0.0000,0.00,0.0000,0.0000,1.0000,67.4764,0,1097,0,0,0.017977
575,27,325000000,27.325000000,4.440185421779406,-63.394157449004396,27.596390651192884,0.36218596333063796,-0.08386789720357951,0.07240146592327311,0.925497450843096,1088,1062,1000,1053,1000,0,0.9416,0.9761,26.2006,70.6971,1.3300,0,True,3.28,True,0.40175752624907735,-0.8698493965689451,-0.2862741996598088,1.94,0.0000,0.00,0.0000,0.0000,1.0000,45.4632,0,1062,0,0,0.012172
576,27,358000000,27.358000000,4.292442702460722,-64.0816719619591,28.307372988079642,0.36772839362030457,-0.08777780486691433,0.08787182485183376,0.9216015559315126,1000,967,511,963,511,0,0.5284,0.9670,26.3859,68.7947,1.2151,0,True,3.28,True,-0.046824799042557284,-0.0031455937104954554,0.9988981646968986,1.99,0.0000,0.00,0.0000,0.0000,1.0000,56.6941,0,967,0,0,0.015279
577,27,391000000,27.391000000,3.6850790364785495,-64.86060136341949,28.151237262554528,0.3691182428586565,-0.09290367732649048,0.10478833997767466,0.9187709362691424,511,483,256,479,256,0,0.5300,0.9452,30.5105,58.8321,1.4233,0,True,3.28,True,-0.6998513821087838,-0.5220787077891322,0.48748524678563837,2.06,0.0000,0.00,0.0000,0.0000,1.0000,52.6816,0,483,0,0,0.014337
578,27,424000000,27.424000000,2.70540144905381,-65.03301857250621,28.253726924025273,0.36979600076643215,-0.09879463589914164,0.124714172661487,0.9153889407634712,256,238,233,233,233,0,0.9790,0.9297,33.2216,47.5302,1.6148,0,True,3.28,True,-0.9372006372331925,0.201703436203609,0.2845534912689608,2.41,0.0000,0.00,0.0000,0.0000,1.0000,52.7484,0,238,0,0,0.014537
579,27,457000000,27.457000000,2.2163673851317034,-64.77945813990672,27.41912954124495,0.3668221276472856,-0.09182538956332266,0.14543534745494627,0.9142528010405665,233,214,208,208,208,0,0.9720,0.9185,34.1553,59.6600,1.6867,0,True,3.28,True,-0.6528441617424677,-0.22075274837270828,-0.7246121200785083,2.53,0.0000,0.00,0.0000,0.0000,1.0000,54.7292,0,214,0,0,0.015330
580,27,490000000,27.490000000,1.6102300710714728,-65.5555941284712,27.24531790826581,0.3673445871051407,-0.09665500398235424,0.16191218194204268,0.9107690211400978,208,188,181,184,181,0,0.9628,0.9038,34.5792,47.6376,1.8611,0,True,3.28,True,-0.7721142872054448,-0.4443477820647292,0.45430669824181974,2.01,0.0000,0.00,0.0000,0.0000,1.0000,48.4700,0,188,0,0,0.013837
581,27,523000000,27.523000000,1.1487146195081226,-66.43599880415883,27.136271610778806,0.36857866023671526,-0.10084223789573797,0.17768019916378092,0.906868436488671,181,157,125,154,125,0,0.7962,0.8674,34.8666,46.6955,1.8621,0,True,3.28,True,-0.6580032358122428,-0.4973029477105482,0.5654392273790506,1.93,0.0000,0.00,0.0000,0.0000,1.0000,41.3011,0,157,0,0,0.012014
582,27,556000000,27.556000000,0.6359718248761058,-67.28691411698448,27.022087737347558,0.3690455074178889,-0.1058776180422829,0.19377515956328836,0.9027992750266183,125,95,86,94,86,0,0.9053,0.7600,35.8307,57.7648,1.6446,0,True,3.28,True,-0.7167458001302512,-0.43487997275283785,0.5451191312861229,1.99,0.0000,0.00,0.0000,0.0000,1.0000,59.3778,0,95,0,0,0.017738
583,27,589000000,27.589000000,0.6359718248761058,-67.28691411698448,27.022087737347558,0.3690455074178889,-0.1058776180422829,0.19377515956328836,0.9027992750266183,2000,0,0,0,0,0,0.0000,0.0000,0.0000,0.0000,0.0000,1,True,4.92,True,0.0,0.0,0.0,0.00,0.0000,0.00,0.0000,0.0000,1.0000,43.6833,0,2000,0,0,0.013457
584,27,622000000,27.622000000,1.159839345845426,-66.65911055431539,27.59778340970706,0.3682946081417064,-0.11094076603430128,0.20861601333958016,0.8991832888926314,2000,1946,756,1670,756,0,0.3885,0.9730,24.9286,269.9277,5.5049,0,True,4.92,True,0.8357712623637599,0.5454116388353579,-0.06334462273797702,1.85,0.0000,0.00,0.0000,0.0000,1.0000,47.4285,0,1946,0,0,0.015100
585,27,655000000,27.655000000,1.9712334252857737,-67.0689772891765,27.181071389837882,0.3672812442723026,-0.11556141190916043,0.22016744703289323,0.896256850992152,756,756,454,746,454,0,0.6005,1.0000,17.6060,38.6786,6.2732,0,True,4.92,True,0.453347864798264,-0.8904280253059669,-0.04017020329263172,1.47,0.0000,0.00,0.0000,0.0000,1.0000,32.8682,0,756,0,0,0.010805
586,27,688000000,27.688000000,2.8651048844267777,-66.75570162128108,26.860365651757316,0.3673694960633672,-0.11962440478434398,0.2326335039891016,0.8925308442647187,454,454,447,453,447,0,0.9846,1.0000,20.3729,30.5147,1.1101,0,True,4.92,True,0.7620813902599212,-0.42508131394651455,-0.4884033488347621,1.56,0.0000,0.00,0.0000,0.0000,1.0000,51.1062,0,454,0,0,0.017517
587,27,721000000,27.721000000,3.6410031209495206,-66.87383622671159,26.240667223842035,0.36602420266913177,-0.12212185943901328,0.24193373767654391,0.8902699596647309,447,447,447,447,447,0,1.0000,1.0000,19.0341,27.6940,1.0172,0,True,4.92,True,0.39278695439696504,-0.835753809213672,-0.3837108010473429,1.14,0.0000,0.00,0.0000,0.0000,1.0000,39.4009,0,447,0,0,0.014202
588,27,754000000,27.754000000,3.0120112267826338,-66.21790731881849,25.82338259093242,0.36778250703010346,-0.12163008564317952,0.25369463598275804,0.8863301763240721,447,447,447,447,447,0,1.0000,1.0000,17.7475,25.1139,1.0633,0,True,4.92,True,-0.4773213009101971,0.4832773516918569,-0.7338987512178383,1.44,0.0000,0.00,0.0000,0.0000,1.0000,35.7796,0,447,0,0,0.013555
589,27,787000000,27.787000000,3.905961929391606,-66.31311662372525,25.385447287989056,0.36640400068353235,-0.12481253922695515,0.2626019276367311,0.8838609426466896,447,447,447,447,447,0,1.0000,1.0000,16.5245,22.7548,1.0363,0,True,4.92,True,0.541985376738479,-0.7976852539198616,-0.2644807877341087,1.13,0.0000,0.00,0.0000,0.0000,1.0000,16.4798,0,447,0,0,0.006496
590,27,820000000,27.820000000,4.8296383478008575,-66.66479152803242,25.233307103438115,0.3658834347301741,-0.12870886124299452,0.2709734303442585,0.8809862321711089,447,447,447,447,447,0,1.0000,1.0000,15.3588,20.6393,0.9994,0,True,4.92,True,0.5735758144478269,-0.8105741919721215,0.11823816807297917,1.11,0.0000,0.00,0.0000,0.0000,1.0000,32.8229,0,447,0,0,0.013532
591,27,853000000,27.853000000,4.671399860236318,-65.98980032118989,24.512649451193646,0.36893152446525845,-0.1239277843325216,0.28237430335294356,0.8768102345046572,447,447,447,447,447,0,1.0000,1.0000,14.2278,18.5953,0.9723,0,True,4.92,True,-0.1773894219695587,0.07127500785215911,-0.9815563489830732,1.54,0.0000,0.00,0.0000,0.0000,1.0000,43.7849,0,447,0,0,0.019525
592,27,886000000,27.886000000,5.5270919648416665,-66.49389485798147,24.39568911563946,0.3681122472973788,-0.12780208905062287,0.2881815178373808,0.8747064720241376,447,447,447,447,447,0,1.0000,1.0000,13.1470,16.7790,0.9927,0,True,4.92,True,0.439642744153365,-0.8559300885773892,0.2722093697527725,0.84,0.0000,0.00,0.0000,0.0000,1.0000,27.1069,0,447,0,0,0.013199
593,27,919000000,27.919000000,5.619161898994229,-65.7865381589994,23.694854165290735,0.37067985882458737,-0.12557413137106424,0.296865296698134,0.8710330506981441,447,447,447,447,447,0,1.0000,1.0000,12.0975,14.9993,0.9548,0,True,4.92,True,0.05844136630845206,-0.05661630216053046,-0.9966841029301456,1.15,0.0000,0.00,0.0000,0.0000,1.0000,26.8731,0,447,0,0,0.009554
594,27,952000000,27.952000000,6.537898410150175,-66.18021564357672,23.725534145829975,0.37111685073272427,-0.12843720243568338,0.30254828438430564,0.868470324046155,447,447,447,447,447,0,1.0000,1.0000,11.0725,13.3883,0.9757,0,True,4.92,True,0.5743464605248422,-0.7592423104942323,0.30606740636331337,0.79,0.0000,0.00,0.0000,0.0000,1.0000,26.1720,0,447,0,0,0.020110
595,27,985000000,27.985000000,6.570522579065067,-65.45589375882727,23.03684446907011,0.37370315926860076,-0.12556795062461054,0.3100111279029357,0.8651426120039122,447,447,447,447,447,0,1.0000,1.0000,10.0623,11.7885,0.9207,0,True,4.92,True,0.028871149775510262,-0.018465147448505522,-0.9994125749860989,1.04,0.0000,0.00,0.0000,0.0000,1.0000,17.1530,0,447,0,0,0.011181
596,28,18000000,28.018000000,6.548992003314846,-64.7749855469647,22.304792256911757,0.37635718970532617,-0.12125809758857381,0.3168703198333154,0.8621165466078478,447,447,447,447,447,0,1.0000,1.0000,9.0715,10.7912,0.9372,0,True,4.92,True,-0.04404359779150545,-0.04294575394347416,-0.9981061184622639,1.04,0.0000,0.00,0.0000,0.0000,1.0000,22.9330,0,447,0,0,0.017206
597,28,51000000,28.051000000,7.425177136884783,-64.59446653298028,21.857900214801894,0.3753812220789685,-0.12135198908527786,0.3201469949365663,0.8613179055892388,447,447,447,447,447,0,1.0000,1.0000,8.1032,9.8627,0.9363,0,True,4.92,True,0.556596380203659,-0.7212121990411383,-0.4123753551055512,0.40,0.0000,0.00,0.0000,0.0000,1.0000,16.7990,0,447,0,0,0.015031
598,28,84000000,28.084000000,8.403503506172049,-64.55854889783637,21.653970230143265,0.37480231251778046,-0.1226196460114112,0.3237198152191059,0.8600541437478619,447,447,447,447,447,0,1.0000,1.0000,7.1542,8.9572,0.9386,0,True,4.92,True,0.6738568132651291,-0.7262678695243958,-0.13583805399320215,0.46,0.0000,0.00,0.0000,0.0000,1.0000,13.4514,0,447,0,0,0.014770
599,28,117000000,28.117000000,8.508775142374473,-63.90883907260985,20.90111232481494,0.3770587734030121,-0.11753386388471343,0.32806190662499074,0.8581304432670604,447,447,447,447,447,0,1.0000,1.0000,6.2126,8.2090,0.9387,0,True,4.92,True,0.04062128612304067,-0.16289483812196046,-0.9858068689286611,0.84,0.0000,0.00,0.0000,0.0000,1.0000,6.9435,0,447,0,0,0.009342
600,28,150000000,28.150000000,9.4516683898561,-63.708799880906184,20.634772981802875,0.37620544408086803,-0.11791986763914908,0.3299161145481941,0.8577410600066347,447,447,447,447,447,0,1.0000,1.0000,5.2892,7.4668,0.9429,0,True,4.92,True,0.6891679763787026,-0.6661760101459746,-0.2850561766390522,0.24,0.0000,0.00,0.0000,0.0000,1.0000,9.0151,0,447,0,0,0.015961
601,28,183000000,28.183000000,9.459128957457326,-62.800859931148516,20.215739107796143,0.3787629037938755,-0.11583318056375741,0.3328929995307548,0.855747385537071,447,447,428,447,428,0,0.9575,1.0000,4.4041,6.7581,0.8657,0,True,4.92,True,0.25015123707313675,0.210574800312016,-0.945030482082104,0.56,0.0000,0.00,0.0000,0.0000,1.0000,5.1669,0,447,0,0,0.015684
602,28,216000000,28.216000000,10.24539112872829,-62.67989384950302,20.821675577336965,0.382827056812833,-0.11729293294542291,0.33282800763270126,0.8537630407720466,428,428,428,428,428,0,1.0000,1.0000,3.5486,5.7640,0.7885,0,True,4.92,True,0.9221325764609947,-0.11144383573721786,0.37047507730694124,0.54,0.0000,0.00,0.0000,0.0000,1.0000,1.6491,0,428,0,0,0.014536
603,28,249000000,28.249000000,9.99337616090789,-61.75554929395711,20.535187185552765,0.3848932694833153,-0.11506415664359515,0.33482038553734433,0.8523571554172384,428,428,415,428,415,0,0.9696,1.0000,2.8445,5.8814,0.8682,0,True,4.92,True,0.1226737277318503,0.449569426154615,-0.8847816044603222,0.45,0.0000,0.00,0.0000,0.0000,1.0000,0.6481,0,428,0,0,0.009901
604,28,282000000,28.282000000,10.93164319400408,-61.41117839326875,20.502573425205917,0.38503457469328883,-0.11452978949062635,0.334855502323408,0.8523515097503664,415,415,414,415,414,0,0.9976,1.0000,2.2763,4.4988,0.8895,0,True,4.92,True,0.8543058353241072,-0.47240290415520536,-0.2167879975388571,0.06,0.0000,0.00,0.0000,0.0000,1.0000,4.5882,0,415,0,0,0.017700
605,28,315000000,28.315000000,11.844858006120479,-61.11108898014044,20.22691956425071,0.38496678803521533,-0.11310075653245956,0.33382903125270236,0.8529753624076823,414,414,414,414,414,0,1.0000,1.0000,2.1105,4.4353,0.8796,0,True,4.92,True,0.7043971876102526,-0.6178041306443011,-0.34948913895227957,0.21,0.0000,0.00,0.0000,0.0000,1.0000,2.5058,0,414,0,0,0.005757
606,28,348000000,28.348000000,11.69624213737161,-60.473462557868665,19.47104532260936,0.3873918219511713,-0.10443901570928076,0.3342842223494274,0.8528036860680582,414,414,414,414,414,0,1.0000,1.0000,2.3397,4.7144,0.8982,0,True,4.92,True,-0.14420974185959867,-0.03523475674246858,-0.9889196439903938,1.03,0.0000,0.00,0.0000,0.0000,1.0000,12.7381,0,414,0,0,0.020462
607,28,381000000,28.381000000,12.608146339310021,-60.85615438770856,19.61929406581099,0.3885431737848171,-0.10424320916576829,0.32993620485531266,0.8539962858079164,414,414,414,414,414,0,1.0000,1.0000,2.8321,5.6237,0.9029,0,True,4.92,True,0.5657836209512461,-0.6884163947591944,0.45384111943503924,0.53,0.0000,0.00,0.0000,0.0000,1.0000,12.0126,0,414,0,0,0.013881
608,28,414000000,28.414000000,13.48153445253093,-60.615201612969415,19.196050679530796,0.3882938407913878,-0.10127471454306954,0.32609246633581285,0.8559410194614574,414,413,413,413,413,0,1.0000,0.9976,3.5106,6.7843,0.8995,0,True,4.92,True,0.5966493128394188,-0.6989493202573183,-0.39430881958191394,0.60,0.0000,0.00,0.0000,0.0000,1.0000,15.0802,0,413,0,0,0.014207
609,28,447000000,28.447000000,13.344914485550945,-59.637773810967325,19.35720239840383,0.39000991580761196,-0.09788152008522773,0.3273700446365155,0.8550674403064534,413,413,413,413,413,0,1.0000,1.0000,4.3008,7.9981,0.9193,0,True,4.92,True,0.432744650034728,0.658304233409854,-0.6159282459353405,0.47,0.0000,0.00,0.0000,0.0000,1.0000,17.1335,0,413,0,0,0.013660
610,28,480000000,28.480000000,14.054698911949645,-60.24899633424291,19.00704087127314,0.38741506315889973,-0.09633326534004334,0.3140193507773589,0.8614065928258715,413,413,413,413,413,0,1.0000,1.0000,5.1293,9.3119,0.9270,0,True,4.92,True,0.10049321748191241,-0.9569369726674474,0.27234673411332494,1.73,0.0000,0.00,0.0000,0.0000,1.0000,23.3520,0,413,0,0,0.016063
611,28,513000000,28.513000000,14.013274569092165,-59.51044022088431,18.334122680673843,0.39049420151231873,-0.08880121541046151,0.3105157194591448,0.8620954765544541,413,412,412,412,412,0,1.0000,0.9976,5.9960,10.6271,0.9305,0,True,4.92,True,0.03653403742515771,-0.011720005397810193,-0.9992636817091335,1.02,0.0000,0.00,0.0000,0.0000,1.0000,10.8027,0,412,0,0,0.006718
612,28,546000000,28.546000000,14.10792414853034,-58.833404850435905,17.604283955835314,0.3940943677729524,-0.08051037600407121,0.30555801610131245,0.8630422975970239,412,411,411,411,411,0,1.0000,0.9976,6.8746,12.0705,0.9417,0,True,3.28,True,0.10168886110612005,-0.16838030491181963,-0.9804628745876831,1.19,0.0000,0.00,0.0000,0.0000,1.0000,37.6629,0,411,0,0,0.021053
613,28,579000000,28.579000000,13.834584523019313,-58.23011938913405,16.855062959528304,0.39668786079456253,-0.0698825409500753,0.30167159587740977,0.8641466425378111,411,411,411,411,411,0,1.0000,1.0000,7.7593,13.5162,0.9800,0,True,3.28,True,-0.22341166662602052,-0.008037629405923844,-0.9746910401398573,1.34,0.0000,0.00,0.0000,0.0000,1.0000,26.2279,0,411,0,0,0.013074
614,28,612000000,28.612000000,14.652579648480563,-58.68482886101698,17.20737428620057,0.39896552665595536,-0.07050694538546334,0.2911048875709171,0.8666678854237482,411,409,409,409,409,0,1.0000,0.9951,8.6416,15.0611,0.9694,0,True,3.28,True,0.5761296841660424,-0.47398823112494415,0.6658901889784702,1.27,0.0000,0.00,0.0000,0.0000,1.0000,23.8759,0,409,0,0,0.011096
615,28,645000000,28.645000000,15.344721398714201,-58.0505936936595,16.862866593876387,0.3992805792403502,-0.06581636517854884,0.2853449197037397,0.868804639671912,409,409,385,409,385,0,0.9413,1.0000,9.5645,16.6694,1.0415,0,True,3.28,True,0.7301693826927281,-0.28744605351507624,-0.6198608221986031,0.89,0.0000,0.00,0.0000,0.0000,1.0000,23.5990,0,409,0,0,0.010371
616,28,678000000,28.678000000,15.246104339257732,-57.312161461057876,16.1957890021083,0.4028745421297418,-0.05726786500794167,0.2785538718070415,0.8699541570924811,385,382,382,382,382,0,1.0000,0.9922,10.2911,18.1451,1.0665,0,True,3.28,True,0.017320665445075763,-0.0009447092988436013,-0.999849539717292,1.32,0.0000,0.00,0.0000,0.0000,1.0000,45.0103,0,382,0,0,0.018416
617,28,711000000,28.711000000,14.871821198687496,-56.77672186874888,15.438678327455758,0.4072752852296271,-0.038718446808545845,0.2727422667636386,0.87076941829539,382,379,379,379,379,0,1.0000,0.9921,11.1877,19.8180,1.0942,0,True,3.28,True,-0.3243155590493024,-0.02934712039928454,-0.9454936090121436,2.29,0.0000,0.00,0.0000,0.0000,1.0000,38.9005,0,379,0,0,0.014820
618,28,744000000,28.744000000,14.792395274854567,-55.95688394585707,14.871618098898248,0.410774838385847,-0.03104740015642149,0.26459906234205366,0.8719446239872772,379,374,374,374,374,0,1.0000,0.9868,12.0604,21.7271,1.0616,0,True,3.28,True,0.13197248929649666,0.07588726940610735,-0.9883442641159865,1.35,0.0000,0.00,0.0000,0.0000,1.0000,25.7859,0,374,0,0,0.009375
619,28,777000000,28.777000000,15.614215877074844,-55.57196896221363,14.451556968664729,0.41106617164683257,-0.02566231637782361,0.255681464036347,0.8746388037321301,374,371,357,371,357,0,0.9623,0.9920,12.9644,23.7771,1.0894,0,True,3.28,True,0.7588975044003848,-0.49306424799371834,-0.4253965504858459,1.23,0.0000,0.00,0.0000,0.0000,1.0000,55.5089,0,371,0,0,0.019176
620,28,810000000,28.810000000,16.339583490674144,-55.040843218534114,14.01366740548455,0.4113621374140272,-0.020282507484407478,0.24753669612662674,0.8769808412177669,357,354,273,354,273,0,0.7712,0.9916,13.5787,26.0759,1.1663,0,True,3.28,True,0.744214636790836,-0.36666766959491176,-0.5583004517821214,1.15,0.0000,0.00,0.0000,0.0000,1.0000,25.9905,0,354,0,0,0.008596
621,28,843000000,28.843000000,17.120320796790686,-54.45631466528,13.792815352588207,0.4120494419968707,-0.014945825318148183,0.23885263772626905,0.8791708008725214,273,268,223,268,223,0,0.8321,0.9817,14.6378,28.5133,1.2207,0,True,3.28,True,0.8756129597200014,-0.19406197811980064,-0.4423142473610917,1.20,0.0000,0.00,0.0000,0.0000,1.0000,56.0264,0,268,0,0,0.017834
622,28,876000000,28.876000000,17.67055448872451,-53.650129660501385,13.575309899022152,0.41346844411768935,-0.008980325519597042,0.22957238665561835,0.8810560247553515,223,215,150,215,150,0,0.6977,0.9641,16.2636,31.1905,1.2183,0,True,3.28,True,0.7673317521319307,0.046540824683545055,-0.6395591714672825,1.29,0.0000,0.00,0.0000,0.0000,1.0000,52.7181,0,215,0,0,0.016086
623,28,909000000,28.909000000,18.466521302464233,-53.227329874950115,13.14209266395085,0.41397026289960415,-0.0031314507247736907,0.21999771707879345,0.8833005263959205,150,146,133,145,133,0,0.9110,0.9733,19.3167,34.6515,1.3943,0,True,3.28,True,0.7907362146804384,-0.40807810295769903,-0.4562986967758043,1.31,0.0000,0.00,0.0000,0.0000,1.0000,49.5126,0,146,0,0,0.014619
624,28,942000000,28.942000000,19.245745711224096,-53.59010460619216,13.65317368997812,0.4137726088422815,-0.011072799627416459,0.2054723642116387,0.8868205730730107,133,129,128,128,128,0,0.9922,0.9699,20.8666,36.8652,1.5770,0,True,3.28,True,0.65964875233178,-0.13512512653417597,0.7393272101892702,1.94,0.0000,0.00,0.0000,0.0000,1.0000,46.9566,0,129,0,0,0.013502
625,28,975000000,28.975000000,19.73559710166185,-53.62124092696908,12.781923929682797,0.4135011533276736,-0.0028773325434503752,0.19256047231588558,0.8899039170919528,128,120,119,119,119,0,0.9917,0.9375,21.2800,36.8701,1.6559,0,True,3.28,True,0.2720515679694233,-0.836284836583854,-0.47604161211525897,1.79,0.0000,0.00,0.0000,0.0000,1.0000,50.4494,0,120,0,0,0.014179
626,29,8000000,29.008000000,20.128845612071235,-54.10439150488762,11.999670052659637,0.41166257189901156,0.004924734031686857,0.17751252928539435,0.8938674263216612,119,108,108,108,108,0,1.0000,0.9076,21.6712,38.6174,1.5489,0,True,3.28,True,0.07106473736784391,-0.9926443877185944,-0.09801491026173485,2.01,0.0000,0.00,0.0000,0.0000,1.0000,40.3930,0,108,0,0,0.011151
627,29,41000000,29.041000000,20.802517871727353,-53.617993875894165,11.443268189723014,0.4130918381511398,0.011391393938108028,0.16613644351959747,0.8953346031131149,108,97,90,96,90,0,0.9278,0.8981,21.9730,37.5864,1.4937,0,True,3.28,True,0.7110922121982776,-0.3306200247988352,-0.6205145163112444,1.52,0.0000,0.00,0.0000,0.0000,1.0000,62.9148,0,97,0,0,0.017085
628,29,74000000,29.074000000,20.802517871727353,-53.617993875894165,11.443268189723014,0.4130918381511398,0.011391393938108028,0.16613644351959747,0.8953346031131149,2000,0,0,0,0,0,0.0000,0.0000,0.0000,0.0000,0.0000,1,True,4.92,True,0.0,0.0,0.0,0.00,0.0000,0.00,0.0000,0.0000,1.0000,54.8658,0,2000,0,0,0.014681
629,29,107000000,29.107000000,21.36158704324961,-54.072720312517944,10.749967728675388,0.4126197210404568,0.018086116470717475,0.15169408018069636,0.898001539106496,2000,1912,1775,1777,1775,0,0.9283,0.9560,18.2123,129.9640,4.7682,0,True,4.92,True,0.3074835667888263,-0.9509558142882615,-0.033717879918096355,1.85,0.0000,0.00,0.0000,0.0000,1.0000,52.3750,0,1912,0,0,0.013876
630,29,140000000,29.140000000,21.898044252550495,-54.54131872705947,10.048092249349981,0.41248940585401156,0.02445459551707772,0.1381484385009352,0.9000941460514306,1775,1756,1483,1710,1483,0,0.8445,0.9893,18.2540,221.7447,3.3585,0,True,4.92,True,0.3116922229732131,-0.9496047437556226,-0.033147982967824646,1.73,0.0000,0.00,0.0000,0.0000,1.0000,54.2414,0,1756,0,0,0.014266
631,29,173000000,29.173000000,22.22680486106774,-55.09344452592911,9.281884989850361,0.4118639332391248,0.03130561302868001,0.12364106994699793,0.9022754263039962,1483,1457,1430,1431,1430,0,0.9815,0.9825,17.5771,42.5621,2.6782,0,True,3.28,True,0.11377616186055092,-0.9924242905776798,-0.04635744237628493,1.86,0.0000,0.00,0.0000,0.0000,1.0000,56.2649,0,1457,0,0,0.014733
632,29,206000000,29.206000000,22.471630477800925,-55.768271859996716,8.585703629437427,0.40871389943400105,0.03868856685338464,0.10558285165406857,0.9057087857809923,1430,1400,1350,1350,1350,0,0.9643,0.9790,17.5667,37.8782,2.5077,0,True,3.28,True,0.03731859976769623,-0.996373614772478,0.07646529864326743,2.30,0.0000,0.00,0.0000,0.0000,1.0000,54.8100,0,1400,0,0,0.014335
633,29,239000000,29.239000000,22.552132171884708,-56.56437291980616,7.985918184615777,0.4057767950375443,0.045801928747484164,0.08696904990594954,0.9086714259238736,1350,1328,1293,1293,1293,0,0.9736,0.9837,17.7784,40.1708,1.7758,0,True,3.28,True,-0.1087005634698504,-0.9741815276801536,0.1978750581253209,2.33,0.0000,0.00,0.0000,0.0000,1.0000,40.0872,0,1328,0,0,0.010500
634,29,272000000,29.272000000,22.11250110313456,-57.44474939770771,7.807980609755207,0.4062598816556188,0.05148063436021247,0.07436128367798542,0.9092706155665621,1293,1265,832,1262,832,0,0.6577,0.9783,17.7040,51.8153,1.2408,0,True,3.28,True,-0.600753847481595,-0.6566340287006575,0.4559896567778754,1.59,0.0000,0.00,0.0000,0.0000,1.0000,67.0260,0,1265,0,0,0.017625
635,29,305000000,29.305000000,21.583811867619033,-57.22857206916817,6.987154772640234,0.4066796245465917,0.06541186581426361,0.06168176131627016,0.9091360355360811,832,826,825,825,825,0,0.9988,0.9928,15.1496,26.8971,1.0658,0,True,3.28,True,-0.45451296083078746,-0.42090363661114755,-0.7850210806878642,2.16,0.0000,0.00,0.0000,0.0000,1.0000,51.0241,0,826,0,0,0.013515
636,29,338000000,29.338000000,20.883380883948774,-57.65164911768953,7.561961042725347,0.40792437562845885,0.0705595009973365,0.049408364469779545,0.9089432733166357,825,821,427,821,427,0,0.5201,0.9952,14.9646,28.5956,1.0952,0,True,3.28,True,-0.798594098019712,0.19105856243177521,0.5707399515800399,1.53,0.0000,0.00,0.0000,0.0000,1.0000,58.7640,0,821,0,0,0.015723
637,29,371000000,29.371000000,20.14729697973123,-58.31068900383578,7.716385504583528,0.40840563877280905,0.07576680044970854,0.0373451053154873,0.9088836940319498,427,424,294,423,294,0,0.6934,0.9930,14.5600,22.6986,1.1315,0,True,3.28,True,-0.8358761391351559,-0.2971580930269119,0.4615280574061721,1.51,0.0000,0.00,0.0000,0.0000,1.0000,54.1184,0,424,0,0,0.008413
638,29,404000000,29.404000000,19.37131375021013,-58.72918329837242,8.188309813071955,0.4088604824938318,0.08036381689615475,0.026082556088442985,0.9086773151436573,294,294,160,294,160,0,0.5442,1.0000,14.4095,21.5319,1.0959,0,True,3.28,True,-0.8698192454990405,0.07995350671020572,0.4868489672621488,1.40,0.0000,0.00,0.0000,0.0000,1.0000,47.3465,0,294,0,0,0.019312
639,29,437000000,29.437000000,18.588088891583386,-59.31315853882795,8.401691488395821,0.4091803854632516,0.08519658183360837,0.014451820070523562,0.9083524093063569,160,160,157,159,157,0,0.9812,1.0000,14.5099,20.3915,1.2584,0,True,3.28,True,-0.8647129695273255,-0.2428353357189864,0.4396617791638042,1.44,0.0000,0.00,0.0000,0.0000,1.0000,41.2151,0,160,0,0,0.011531
640,29,470000000,29.470000000,17.81463214897831,-59.76965324225842,8.841438294022264,0.41025677630167107,0.08964504548326213,0.0035620319195586807,0.9075463928898999,157,157,123,157,123,0,0.7834,1.0000,13.9680,19.2925,1.1348,0,True,3.28,True,-0.8685800078936007,-0.00909017300224694,0.49546557765635135,1.36,0.0000,0.00,0.0000,0.0000,1.0000,51.5878,0,157,0,0,0.014718
641,29,503000000,29.503000000,17.68723332815154,-59.43043242659098,9.77347841047104,0.4128734598610002,0.09219166283560107,-0.00519855057306059,0.9060955680930975,123,123,123,123,123,0,1.0000,1.0000,13.8885,18.2072,1.2379,0,True,3.28,True,-0.24713536767801184,0.9111188872591497,0.3298279601887971,1.10,0.0000,0.00,0.0000,0.0000,1.0000,60.5922,0,123,0,0,0.010252
642,29,536000000,29.536000000,17.858091056394514,-60.308493171135915,10.22048732043685,0.41647813294550934,0.09452257554560511,-0.020552596937483385,0.9039850874044181,123,123,123,123,123,0,1.0000,1.0000,13.2367,17.1758,1.2136,0,True,3.28,True,0.032771879449944766,-0.23001431978918646,0.9726352947581308,1.84,0.0000,0.00,0.0000,0.0000,1.0000,47.1722,0,123,0,0,0.014794
643,29,569000000,29.569000000,17.99513120532358,-60.77468678178207,11.094491619610583,0.4190849893164007,0.09946374907505834,-0.032443660293449667,0.9018991868586917,123,123,44,123,44,0,0.3577,1.0000,12.5892,16.1649,1.2377,0,True,3.28,True,-0.04923078503649479,0.36652033934963935,0.9291066519230802,1.52,0.0000,0.00,0.0000,0.0000,1.0000,19.6387,0,123,0,0,0.012144
644,29,602000000,29.602000000,17.99513120532358,-60.77468678178207,11.094491619610583,0.4190849893164007,0.09946374907505834,-0.032443660293449667,0.9018991868586917,2000,0,0,0,0,0,0.0000,0.0000,0.0000,0.0000,0.0000,1,True,3.28,True,0.0,0.0,0.0,0.00,0.0000,0.00,0.0000,0.0000,1.0000,75.7764,0,2000,0,0,0.025204
645,29,635000000,29.635000000,17.501092022112218,-61.3963148994409,10.48662340298153,0.4179601444400596,0.10425033117704094,-0.04367027418049449,0.9014067302068042,2000,1934,1519,1901,1519,0,0.7854,0.9670,16.3832,180.9801,2.0918,0,True,3.28,True,-0.37307970431671833,-0.9276542011904644,0.01640784082782537,1.41,0.0000,0.00,0.0000,0.0000,1.0000,45.1642,0,1934,0,0,0.015253
646,29,668000000,29.668000000,17.082121489091644,-61.75860856284661,9.65403287101728,0.416939425637667,0.10989697152270131,-0.05487581513823503,0.9005958116224976,1519,1510,1502,1504,1502,0,0.9947,0.9941,13.6550,221.1151,1.3564,0,True,3.28,True,-0.22444065005677485,-0.923609078449745,-0.3107614274766178,1.45,0.0000,0.00,0.0000,0.0000,1.0000,35.6579,0,1510,0,0,0.012562
647,29,701000000,29.701000000,16.67198459520564,-61.80452033514213,8.743165242084183,0.4170228187953375,0.11597808951424216,-0.06531746144768447,0.8990965913552602,1502,1494,1478,1479,1478,0,0.9893,0.9947,12.4803,190.7206,1.2293,0,True,3.28,True,-0.17544615785177514,-0.7808609072174855,-0.5995622480397974,1.40,0.0000,0.00,0.0000,0.0000,1.0000,22.6594,0,1494,0,0,0.008246
648,29,734000000,29.734000000,16.039991756386506,-62.39118074283032,8.236791252100046,0.4157009430179132,0.12019713888955072,-0.07522262995686821,0.8983801699276069,1478,1474,1462,1465,1462,0,0.9919,0.9973,11.4889,114.9127,1.2247,0,True,3.28,True,-0.46425051276172413,-0.8850193065360604,0.03481793300738687,1.25,0.0000,0.00,0.0000,0.0000,1.0000,61.0345,0,1474,0,0,0.023497
649,29,767000000,29.767000000,15.42656107315672,-63.05082179416768,7.802537316870004,0.414553043340517,0.12365355758020162,-0.08453269213260658,0.897613388890612,1462,1457,1450,1456,1450,0,0.9952,0.9966,10.2518,22.1286,1.1200,0,True,3.28,True,-0.44458567053478315,-0.884903442409915,0.1388865694234666,1.15,0.0000,0.00,0.0000,0.0000,1.0000,34.5831,0,1457,0,0,0.014361
650,29,800000000,29.800000000,15.50791945353946,-63.813157612461524,8.444584755995594,0.4180444641956428,0.12418337845811246,-0.09470980396428119,0.894900758466074,1450,1448,1107,1447,1107,0,0.7645,0.9986,9.3225,21.5168,1.1180,0,True,3.28,True,-0.07228447760882532,-0.0043319098547656846,0.9973746481908539,1.27,0.0000,0.00,0.0000,0.0000,1.0000,34.2226,0,1448,0,0,0.015161
651,29,833000000,29.833000000,14.882366169783273,-64.11189536439427,7.723863697088604,0.41731072934940505,0.1284552919317535,-0.10286587679550348,0.8937391143592676,1107,1107,1107,1107,1107,0,1.0000,1.0000,8.0453,17.5411,1.1064,0,True,3.28,True,-0.3581539142552493,-0.882253822559762,-0.305538813053811,1.07,0.0000,0.00,0.0000,0.0000,1.0000,17.6480,0,1107,0,0,0.008258
652,29,866000000,29.866000000,14.394822102858075,-64.63636790444781,7.02584554722729,0.4146755551884073,0.13279558675463,-0.11193398307379762,0.8932414564388033,1107,1107,1105,1105,1105,0,0.9982,1.0000,7.4770,221.5222,1.1118,0,True,3.28,True,-0.20073068785738954,-0.9748452339796243,-0.09687084566323648,1.19,0.0000,0.00,0.0000,0.0000,1.0000,37.2259,0,1107,0,0,0.018765
653,29,899000000,29.899000000,13.726171663005795,-65.32406055717698,6.743028637075732,0.41377861923508275,0.1352317956253684,-0.11964583442862915,0.892291706797572,1105,1105,1105,1105,1105,0,1.0000,1.0000,6.2180,13.7837,1.0769,0,True,3.28,True,-0.47318481210201263,-0.8424107462517993,0.25776009814451467,0.94,0.0000,0.00,0.0000,0.0000,1.0000,27.6533,0,1105,0,0,0.015415
654,29,932000000,29.932000000,13.967764582453222,-66.11697451226979,7.302421451734537,0.4174521817590097,0.13266502840358257,-0.12867948792523418,0.8897051509183358,1105,1105,1105,1105,1105,0,1.0000,1.0000,5.3080,12.0203,1.0513,0,True,3.28,True,0.11601726114479186,-0.025110733517103922,0.9929297287213703,1.19,0.0000,0.00,0.0000,0.0000,1.0000,26.7943,0,1105,0,0,0.016657
655,29,965000000,29.965000000,13.728506209033183,-66.03899366212151,8.270240865550214,0.41840161799681064,0.13229795848847484,-0.1317661177923876,0.8888616463991206,1105,1105,990,1105,990,0,0.8959,1.0000,4.4127,10.3865,1.0229,0,True,3.28,True,-0.5645777251843037,0.6528053273854123,0.5050714768851448,0.38,0.0000,0.00,0.0000,0.0000,1.0000,21.0127,0,1105,0,0,0.014772
656,29,998000000,29.998000000,12.982410297625627,-65.9302475683919,7.613342716611227,0.41936509049038995,0.13618599928464628,-0.13631571122044764,0.8871326402242748,990,990,990,990,990,0,1.0000,1.0000,3.7871,8.7966,1.0768,0,True,3.28,True,-0.48057821339187135,-0.656170557656024,-0.5817944483049489,0.72,0.0000,0.00,0.0000,0.0000,1.0000,18.3714,0,990,0,0,0.014769
657,30,31000000,30.031000000,12.114620404752472,-66.27766390183226,7.25803637964823,0.4198449541939646,0.13767670932310686,-0.1400439026940033,0.8860942633072743,990,990,950,990,950,0,0.9596,1.0000,2.9559,7.2432,1.1036,0,True,3.28,True,-0.6325314709904212,-0.7724914385942083,-0.05622201975511916,0.48,0.0000,0.00,0.0000,0.0000,1.0000,15.1707,0,990,0,0,0.012999
658,30,64000000,30.064000000,11.425621946738346,-66.5169827834065,6.573925571535829,0.41978314340909073,0.1398388223316716,-0.1435628328797205,0.8852214012855899,950,950,950,950,950,0,1.0000,1.0000,2.2178,5.8153,1.1111,0,True,3.28,True,-0.35676196676752897,-0.8788414673621905,-0.31679421445606665,0.48,0.0000,0.00,0.0000,0.0000,1.0000,11.6233,0,950,0,0,0.006782
659,30,97000000,30.097000000,10.719470432771775,-67.08207637640653,6.147288406636853,0.4177647744031346,0.1420054514588767,-0.14810143255314173,0.8850836179139042,950,950,949,949,949,0,0.9989,1.0000,1.9122,4.4792,1.1092,0,True,3.28,True,-0.4150924222655904,-0.9049758451482126,0.09336487924248157,0.62,0.0000,0.00,0.0000,0.0000,1.0000,11.7386,0,950,0,0,0.023903
660,30,130000000,30.130000000,9.949344329860285,-67.23570779749319,6.766403236106514,0.41904697892446136,0.14087306049301576,-0.14798702695645435,0.8846774836821625,949,949,805,949,805,0,0.8483,1.0000,1.9781,3.7463,1.0640,0,True,3.28,True,-0.9154739840011893,0.045261351461832876,0.3998234543906081,0.20,0.0000,0.00,0.0000,0.0000,1.0000,5.4682,0,949,0,0,0.010156
661,30,163000000,30.163000000,9.426329127142413,-67.26608726880373,5.914621465082471,0.4195800805093398,0.14383473060878463,-0.14997272513574245,0.8836132117764159,805,805,805,805,805,0,1.0000,1.0000,2.3819,4.7563,1.0258,0,True,3.28,True,-0.15702604366908865,-0.8131090540519462,-0.5605323254089657,0.43,0.0000,0.00,0.0000,0.0000,1.0000,6.7903,0,805,0,0,0.018958
662,30,196000000,30.196000000,8.528089422532636,-67.69994646913945,5.984847011335899,0.4204315301276629,0.14282413334474708,-0.14959562765887485,0.8834363268477142,805,805,741,804,741,0,0.9205,1.0000,3.0106,5.8234,0.9488,0,True,3.28,True,-0.7847345362103109,-0.5590245036507683,0.26773739372153527,0.16,0.0000,0.00,0.0000,0.0000,1.0000,1.9317,0,805,0,0,0.013530
663,30,229000000,30.229000000,8.013928665287919,-67.35952101616887,5.197605481258062,0.42401804320788716,0.14565272210081093,-0.14994558171985992,0.881198221798859,741,741,739,739,739,0,0.9973,1.0000,3.9451,6.7658,0.9273,0,True,3.28,True,-0.2215794193908395,-0.5439711473093188,-0.8093194374271518,0.58,0.0000,0.00,0.0000,0.0000,1.0000,0.6439,0,741,0,0,0.015240
664,30,262000000,30.262000000,8.05912276302539,-68.2620326977804,5.625892952571912,0.42925698517892363,0.1402960666990099,-0.15358741633334458,0.8789006541628787,739,739,739,739,739,0,1.0000,1.0000,4.8344,7.7595,1.0170,0,True,3.28,True,0.003866912645607779,-0.21852868757090896,0.9758228628676042,0.99,0.0000,0.00,0.0000,0.0000,1.0000,3.6969,0,739,0,0,0.015431
665,30,295000000,30.295000000,7.434693400311307,-68.27812445212942,4.8449774472690414,0.4297106238034435,0.1423860829219415,-0.15236194789199195,0.878556099526467,739,739,739,739,739,0,1.0000,1.0000,5.7710,8.6895,1.1896,0,True,3.28,True,-0.272429704985127,-0.8087782687900084,-0.5212099075945831,0.29,0.0000,0.00,0.0000,0.0000,1.0000,5.3819,0,739,0,0,0.012628
666,30,328000000,30.328000000,6.658075883225151,-68.89180869882267,4.987304105051299,0.4308630246580178,0.1398957489891422,-0.15027710289731505,0.878750832569791,739,739,739,739,739,0,1.0000,1.0000,6.7140,9.5718,1.1391,0,True,3.28,True,-0.6741182381694067,-0.56021657982306,0.4813750976720007,0.40,0.0000,0.00,0.0000,0.0000,1.0000,8.8137,0,739,0,0,0.014704
667,30,361000000,30.361000000,6.622268918986613,-69.81971715564526,5.358388673672932,0.4366043603894603,0.13388460963052215,-0.15230774249351353,0.876500938601621,739,739,739,739,739,0,1.0000,1.0000,7.6626,10.4118,1.0433,0,True,3.28,True,-0.03886924538461435,-0.2898542079790096,0.9562811928925987,1.01,0.0000,0.00,0.0000,0.0000,1.0000,12.7855,0,739,0,0,0.016030
668,30,394000000,30.394000000,6.688258268701944,-70.68859996757627,5.848988372872801,0.44244489095271444,0.12758173997413744,-0.15196912345225366,0.8745689244491631,739,739,739,739,739,0,1.0000,1.0000,8.6212,11.2093,1.0543,0,True,3.28,True,0.010577894234588183,-0.11649720898347832,0.9931346879716877,1.01,0.0000,0.00,0.0000,0.0000,1.0000,14.5646,0,739,0,0,0.014652
669,30,427000000,30.427000000,6.201939623821453,-70.95277748406589,5.016099175306308,0.44177534966084786,0.12803955411105628,-0.1491594430861,0.8753238678074088,739,739,739,739,739,0,1.0000,1.0000,9.5902,12.0948,1.1001,0,True,3.28,True,-0.10975696668772186,-0.9449936149436889,-0.30812412430572406,0.35,0.0000,0.00,0.0000,0.0000,1.0000,17.6874,0,739,0,0,0.014960
670,30,460000000,30.460000000,5.833543351209246,-70.98890933389505,4.08713271963994,0.44045204188116494,0.1319323610259215,-0.14650566264054013,0.8758606862572922,739,739,739,739,739,0,1.0000,1.0000,10.5993,13.9001,1.0880,0,True,3.28,True,-0.003919009324276322,-0.8412676783685181,-0.5406046010702826,0.56,0.0000,0.00,0.0000,0.0000,1.0000,20.1634,0,739,0,0,0.014735
671,30,493000000,30.493000000,5.010355946957767,-71.55546965902955,4.124171826880646,0.4420140341477469,0.12785458471572902,-0.13999081995625567,0.8767436165217162,739,739,733,739,733,0,0.9919,1.0000,11.6148,15.8302,1.0725,0,True,3.28,True,-0.6929780584482523,-0.6022014028177974,0.3964024229915446,0.90,0.0000,0.00,0.0000,0.0000,1.0000,14.9214,0,739,0,0,0.009834
672,30,526000000,30.526000000,5.133072252677609,-72.270038075347,4.8128899743924025,0.44834129662732425,0.12240807939350053,-0.13467517233512366,0.8751393842092978,733,733,657,733,657,0,0.8963,1.0000,12.6152,17.8628,1.0685,0,True,3.28,True,-0.031102060748847627,0.14580029944830084,0.9888250272408972,1.15,0.0000,0.00,0.0000,0.0000,1.0000,27.5272,0,733,0,0,0.016419
673,30,559000000,30.559000000,4.510156727713288,-72.7491185715674,4.1944579838715095,0.4495799790174897,0.11891371737927399,-0.12759387620946017,0.8760463304183864,657,657,657,657,657,0,1.0000,1.0000,13.6976,20.0623,1.1515,0,True,3.28,True,-0.31412783431762265,-0.9492143525191208,-0.017771231770091604,0.92,0.0000,0.00,0.0000,0.0000,1.0000,28.7739,0,657,0,0,0.015374
674,30,592000000,30.592000000,4.779046798061126,-73.50575948505043,4.7904384014288794,0.45751195355392593,0.10944297620630848,-0.12328547246225786,0.873788154871725,657,657,657,657,657,0,1.0000,1.0000,14.8583,22.4376,1.1694,0,True,3.28,True,0.14823390812106457,0.11409785621337912,0.9823484044322904,1.52,0.0000,0.00,0.0000,0.0000,1.0000,11.6333,0,657,0,0,0.005823
675,30,625000000,30.625000000,4.340000359243913,-73.20613967383794,3.9434046398284983,0.4570138232022893,0.11320851950422646,-0.11428034532860583,0.87479266068324,657,657,657,657,657,0,1.0000,1.0000,16.0582,24.9989,1.1378,0,True,3.28,True,-0.1921741557932179,-0.6278569456812846,-0.7542312308602265,1.13,0.0000,0.00,0.0000,0.0000,1.0000,53.1869,0,657,0,0,0.024540
676,30,658000000,30.658000000,4.6391810410774665,-73.96260464661725,4.524998711819936,0.4662101009504335,0.1008925642928602,-0.11015635336785919,0.8719715649348281,657,657,657,657,657,0,1.0000,1.0000,17.3244,27.8422,1.1774,0,True,3.28,True,0.18072587477093127,0.1200489437987167,0.9761794964457583,1.85,0.0000,0.00,0.0000,0.0000,1.0000,24.5866,0,657,0,0,0.010404
677,30,691000000,30.691000000,4.869625434039635,-74.84129224632282,4.943093777416197,0.4740644234423187,0.0897619254564265,-0.10628374813618785,0.8694305515949967,657,657,657,657,657,0,1.0000,1.0000,18.6633,30.8711,1.1896,0,True,3.28,True,0.18979229429730984,-0.0788091059556767,0.9786562265902314,1.65,0.0000,0.00,0.0000,0.0000,1.0000,21.9531,0,657,0,0,0.008920
678,30,724000000,30.724000000,4.243509507996774,-75.45851694794727,5.419552080796558,0.4792362562837301,0.0849460499712684,-0.09595681296066724,0.8682793728425576,657,652,323,645,323,0,0.4954,0.9924,19.9865,32.8658,1.2047,0,True,3.28,True,-0.6627197515979385,-0.11118495264215979,0.7405676452208316,1.44,0.0000,0.00,0.0000,0.0000,1.0000,62.9831,0,652,0,0,0.023934
679,30,757000000,30.757000000,4.553417145243847,-76.2440182947036,5.9552244532593575,0.4906681856722044,0.07073131743143374,-0.09237774280722078,0.863543956575115,323,318,318,318,318,0,1.0000,0.9845,24.1887,34.4201,1.3590,0,True,3.28,True,0.23837959400577663,0.10371121871733864,0.9656185335181827,2.20,0.0000,0.00,0.0000,0.0000,1.0000,40.4779,0,318,0,0,0.014353
680,30,790000000,30.790000000,4.5071145364380705,-77.04833597315023,5.362831728324306,0.49061827259553487,0.06434316350878695,-0.08727985393102818,0.864601581656449,318,309,309,309,309,0,1.0000,0.9717,25.9537,35.4177,1.3932,0,True,3.28,True,0.15351550886344395,-0.908172217740589,0.38943062471066464,0.94,0.0000,0.00,0.0000,0.0000,1.0000,41.4989,0,309,0,0,0.014056
681,30,823000000,30.823000000,4.269358672253554,-77.76574648762956,4.708007856767706,0.4905848994210315,0.05808613452605997,-0.079031065008248,0.8658559627325662,309,298,298,298,298,0,1.0000,0.9644,27.8444,43.1701,1.4408,0,True,3.28,True,-0.04024650051855723,-0.9601878619177269,0.2764407513769889,1.20,0.0000,0.00,0.0000,0.0000,1.0000,35.0579,0,298,0,0,0.011435
682,30,856000000,30.856000000,3.5200761356721664,-78.39147477892647,4.4911212830827285,0.49345295874301115,0.051548888302639664,-0.06651299028048484,0.8656921576094346,298,283,247,283,247,0,0.8728,0.9497,29.6840,39.0647,1.4916,0,True,3.28,True,-0.6462573415276223,-0.6442338634184163,0.40904055758155783,1.65,0.0000,0.00,0.0000,0.0000,1.0000,43.5903,0,283,0,0,0.013772
683,30,889000000,30.889000000,2.717139368858195,-78.9507890288242,4.2850627516902,0.49549920541242654,0.044340299315099994,-0.05339870484399505,0.8658308458430464,247,229,213,228,213,0,0.9301,0.9271,31.5005,41.8405,1.6771,0,True,3.28,True,-0.723692247925977,-0.5899329337785426,0.35811822619812,1.73,0.0000,0.00,0.0000,0.0000,1.0000,40.2665,0,229,0,0,0.012342
684,30,922000000,30.922000000,1.9431155846177322,-79.54312036335952,4.0613871572287525,0.49915484333427934,0.038837965213620824,-0.03981685472479623,0.864725779026982,213,179,156,179,156,0,0.8715,0.8404,33.1159,43.6624,1.5359,0,True,3.28,True,-0.7088110140636196,-0.5945426737592439,0.37961290207435333,1.74,0.0000,0.00,0.0000,0.0000,1.0000,46.8859,0,179,0,0,0.013956
685,30,955000000,30.955000000,1.8290076737301302,-79.9282305945128,4.977176158327753,0.519966378425838,0.012511975048793337,-0.020537441148949908,0.8538481301134002,156,140,131,131,131,0,0.9357,0.8974,35.5238,52.5458,2.1893,0,True,3.28,True,-0.19972854567392762,0.5834691466241073,0.7871926466759668,4.61,0.0000,0.00,0.0000,0.0000,1.0000,55.6424,0,140,0,0,0.016105
686,30,988000000,30.988000000,1.5551573957320977,-80.64512866192055,4.336034063166782,0.5202158560972776,0.00410530900937851,-0.008541523179902215,0.8539822315977548,131,123,112,114,112,0,0.9106,0.9389,36.8803,44.4389,2.4920,0,True,3.28,True,-0.23032639087108978,-0.9107817875119141,0.3426751949075105,1.68,0.0000,0.00,0.0000,0.0000,1.0000,51.5557,0,123,0,0,0.014527
687,31,21000000,31.021000000,0.8445920784447186,-80.54470159161959,5.032461613899116,0.5401785467788299,-0.024196765202312367,0.05213648815930786,0.8395852790253472,112,89,82,82,82,0,0.9213,0.7946,38.2123,45.8534,2.9797,0,True,3.28,True,-0.7225460410487056,0.6513892964015187,0.23155820671782898,8.18,0.0000,0.00,0.0000,0.0000,1.0000,45.9658,0,89,0,0,0.012689
688,31,54000000,31.054000000,0.8445920784447186,-80.54470159161959,5.032461613899116,0.5401785467788299,-0.024196765202312367,0.05213648815930786,0.8395852790253472,2000,0,0,0,0,0,0.0000,0.0000,0.0000,0.0000,0.0000,1,True,4.92,True,0.0,0.0,0.0,0.00,0.0000,0.00,0.0000,0.0000,1.0000,52.7097,0,2000,0,0,0.014313
689,31,87000000,31.087000000,0.9189141948839687,-80.96651785495708,4.128831566262382,0.5403463486381662,-0.032640675101571204,0.06565044269558515,0.8382424644553559,2000,1848,1225,1550,1225,0,0.6629,0.9240,31.5213,1119.6510,5.4361,0,True,3.28,True,-0.03968337358218314,-0.9991660554503587,0.009613714001758422,1.83,0.0000,0.00,0.0000,0.0000,1.0000,55.2670,0,1848,0,0,0.014776
690,31,120000000,31.120000000,0.8983061838786615,-81.95433446143292,4.283083509047334,0.544985905784815,-0.04252931622369663,0.07756921089815774,0.8337653370571882,1225,1216,1001,1206,1001,0,0.8232,0.9927,26.2640,109.7352,1.2289,0,True,3.28,True,-0.07487795954670853,-0.2603996367797509,0.9625930190579481,1.92,0.0000,0.00,0.0000,0.0000,1.0000,53.4715,0,1216,0,0,0.014113
691,31,153000000,31.153000000,1.2102064594079773,-82.2733072529377,3.388111679097162,0.5443008420586805,-0.0509507481522167,0.09063735384664635,0.8324214585680854,1001,992,984,985,984,0,0.9919,0.9910,25.6466,49.2777,1.2270,0,True,3.28,True,0.14140722684292809,-0.9878888485518711,-0.06387189603770058,1.79,0.0000,0.00,0.0000,0.0000,1.0000,52.8696,0,992,0,0,0.013818
692,31,186000000,31.186000000,1.803153400189684,-82.16110650197047,2.5907253756657673,0.543909802183086,-0.05892735063086562,0.10428497235679747,0.8305506239702222,984,958,946,949,946,0,0.9875,0.9736,25.8691,48.3217,1.2276,0,True,3.28,True,0.4445188628552186,-0.793693550996664,-0.4152752432690992,1.82,0.0000,0.00,0.0000,0.0000,1.0000,55.6993,0,958,0,0,0.014458
693,31,219000000,31.219000000,2.125313103510129,-82.67637101609644,1.7965493208523644,0.5432477200335304,-0.0679500903436439,0.1174740364410032,0.8285315628646379,946,931,909,915,909,0,0.9764,0.9841,25.6524,48.4188,1.2932,0,True,3.28,True,0.08885534448460966,-0.9834145925088186,0.1581153597764479,1.85,0.0000,0.00,0.0000,0.0000,1.0000,55.7819,0,931,0,0,0.014418
694,31,252000000,31.252000000,1.381714070242352,-82.28472024849839,2.3384627401022233,0.5437880645374018,-0.0777196723364323,0.1343727221852775,0.8247412715094972,909,891,876,884,876,0,0.9832,0.9802,26.0544,49.4566,1.2227,0,True,3.28,True,-0.5386986011353845,0.8284997234301416,-0.15294451742693801,2.28,0.0000,0.00,0.0000,0.0000,1.0000,53.1566,0,891,0,0,0.013718
695,31,285000000,31.285000000,1.6640679262496771,-82.95371933282698,1.6509189050158448,0.5430051369346405,-0.08672074188249476,0.1465924917324402,0.8222746351174992,876,853,852,852,852,0,0.9988,0.9737,26.1718,47.0580,1.1635,0,True,3.28,True,-0.011605574258062875,-0.9379803526793423,0.3464941105324551,1.76,0.0000,0.00,0.0000,0.0000,1.0000,55.8740,0,853,0,0,0.014433
696,31,318000000,31.318000000,2.0471026080577044,-83.8276834644114,1.3518016550349916,0.544817009280752,-0.09601835578573623,0.15550560564727975,0.8183965471352219,852,826,824,824,824,0,0.9976,0.9695,26.3319,71.3408,1.1955,0,True,3.28,True,0.1421478908648958,-0.7089393316612131,0.6907959185942067,1.56,0.0000,0.00,0.0000,0.0000,1.0000,56.8869,0,826,0,0,0.014754
697,31,351000000,31.351000000,2.5652078696447225,-84.21399843076205,0.5886976747745578,0.5408969393331783,-0.10206583989263418,0.16057990657734436,0.8192845408956663,824,797,765,766,765,0,0.9598,0.9672,26.0296,56.0861,1.5139,0,True,3.28,True,0.1763488386329171,-0.9820868361637443,0.06638172449332902,1.02,0.0000,0.00,0.0000,0.0000,1.0000,54.9138,0,797,0,0,0.014346
698,31,384000000,31.384000000,3.181292075290048,-84.21067452428997,-0.19897560977945916,0.5379440024216353,-0.10795230298290269,0.1710535135917147,0.8183539857709549,765,745,744,744,744,0,0.9987,0.9739,26.2178,55.9876,1.2107,0,True,3.28,True,0.3034210147187861,-0.901214740672532,-0.3094312185632905,1.42,0.0000,0.00,0.0000,0.0000,1.0000,33.4503,0,745,0,0,0.008805
699,31,417000000,31.417000000,3.395282334761659,-85.04422956420888,-0.7082831438657443,0.5378190886801504,-0.11641820661998944,0.18285331823013193,0.8147159584977257,744,718,712,712,712,0,0.9916,0.9651,26.1224,46.0584,1.2224,0,True,3.28,True,-0.12379057757603593,-0.816719655469329,0.5635999443518886,1.72,0.0000,0.00,0.0000,0.0000,1.0000,68.2033,0,718,0,0,0.018182
700,31,450000000,31.450000000,4.18238364095853,-85.03622301110322,-1.325054924097731,0.5358925297433953,-0.12384466253738796,0.1945324652310115,0.8121815167173961,712,696,682,684,682,0,0.9799,0.9775,25.9269,44.4321,1.3067,0,True,3.28,True,0.47620674528218254,-0.8444815245562004,-0.2451083238712758,1.63,0.0000,0.00,0.0000,0.0000,1.0000,48.8350,0,696,0,0,0.013240
701,31,483000000,31.483000000,3.324658869308483,-85.55033201789435,-1.3246738281723693,0.5352428911071062,-0.13235526588195165,0.20918457907997207,0.8076131146704834,682,675,400,664,400,0,0.5926,0.9897,26.2345,52.7481,1.3514,0,True,3.28,True,-0.8605542005116662,0.20528315586041185,0.4661601590673713,2.01,0.0000,0.00,0.0000,0.0000,1.0000,33.9210,0,675,0,0,0.009334
702,31,516000000,31.516000000,4.178654107030836,-86.0136301698118,-1.561416212162654,0.534801304606592,-0.14122732921894493,0.21161363736726904,0.8057680029344456,400,391,391,391,391,0,1.0000,0.9775,27.2081,45.0998,1.3248,0,True,3.28,True,0.5548138206086975,-0.7584058259926257,0.3420558836828028,1.08,0.0000,0.00,0.0000,0.0000,1.0000,62.6562,0,391,0,0,0.017618
703,31,549000000,31.549000000,4.751463771544328,-85.30412010937201,-1.1509475015711694,0.5337826742296338,-0.14885468428784132,0.2250855476482822,0.8014080333373883,391,375,188,374,188,0,0.5013,0.9591,27.1835,46.4594,1.4189,0,True,3.28,True,0.8197678807738407,0.28746908911309893,-0.49532024434304234,1.85,0.0000,0.00,0.0000,0.0000,1.0000,51.9448,0,375,0,0,0.013677
704,31,582000000,31.582000000,3.8008354827523356,-85.12367567460035,-0.8984684677716444,0.5331911750640992,-0.1589279265738288,0.2584479518011352,0.7897175072128685,188,180,179,179,179,0,0.9944,0.9574,25.8007,45.1116,1.4167,0,True,3.28,True,-0.6548449846112966,0.752451037713583,-0.07067872362446131,4.21,0.0000,0.00,0.0000,0.0000,1.0000,44.2207,0,180,0,0,0.007605
705,31,615000000,31.615000000,4.702946081912036,-85.10887388278364,-1.329719408457848,0.530889537486659,-0.16526098889129756,0.2676287036188905,0.786905319296511,179,173,173,173,173,0,1.0000,0.9665,25.5297,44.5365,1.3695,0,True,1.64,True,0.5124537324551981,-0.8444697385848194,-0.1557627449270941,1.34,0.0000,0.00,0.0000,0.0000,1.0000,42.0275,0,173,0,0,0.013905
706,31,648000000,31.648000000,5.5965624687085915,-84.69570614971379,-1.5050538819608557,0.5286723879385153,-0.16965946341669533,0.275949420395844,0.7845846608797197,173,168,163,164,163,0,0.9702,0.9711,24.9161,43.3310,1.5772,0,True,1.64,True,0.7228941633524593,-0.5430938007099352,-0.4271687631620378,1.14,0.0000,0.00,0.0000,0.0000,1.0000,31.2107,0,168,0,0,0.015983
707,31,681000000,31.681000000,5.712445175045697,-85.4156459836073,-2.189347557180295,0.5271188651218518,-0.176386453655394,0.2877089788940213,0.7799083692737784,163,161,52,156,52,0,0.3230,0.9877,24.0481,39.2857,1.7516,0,True,1.64,True,-0.47286474031602516,-0.7824240819171885,0.4052301733606506,1.65,0.0000,0.00,0.0000,0.0000,1.0000,53.6249,0,161,0,0,0.017790
708,31,714000000,31.714000000,5.712445175045697,-85.4156459836073,-2.189347557180295,0.5271188651218518,-0.176386453655394,0.2877089788940213,0.7799083692737784,2000,0,0,0,0,0,0.0000,0.0000,0.0000,0.0000,0.0000,1,True,3.28,True,0.0,0.0,0.0,0.00,0.0000,0.00,0.0000,0.0000,1.0000,30.3240,0,2000,0,0,0.010570
709,31,747000000,31.747000000,6.674565166782759,-85.44916805845354,-2.4599051148235382,0.5253171697220513,-0.18211570628154378,0.29611574200486446,0.7766538534364563,2000,1928,1582,1908,1582,0,0.8205,0.9640,17.5105,37.1284,3.4545,0,True,3.28,True,0.5776581980631372,-0.8150213027236162,-0.04529108430087397,1.24,0.0000,0.00,0.0000,0.0000,1.0000,45.7071,0,1928,0,0,0.016747
710,31,780000000,31.780000000,7.5593568966238225,-85.50150832332329,-2.9229430090376245,0.5227276374258932,-0.18639397983470846,0.30171764594576833,0.7752287168813253,1582,1561,1556,1558,1556,0,0.9968,0.9867,17.6772,36.1018,1.0514,0,True,3.28,True,0.38183626972558354,-0.9184236678059117,-0.1034361133066594,0.88,0.0000,0.00,0.0000,0.0000,1.0000,25.5600,0,1561,0,0,0.009943
711,31,813000000,31.813000000,7.525469741145682,-84.5587469942726,-3.25468498277645,0.5244379667168865,-0.18717120752845537,0.3118069029578148,0.7698754531780148,1556,1546,1213,1543,1213,0,0.7846,0.9936,16.8236,34.0308,1.0175,0,True,3.28,True,0.031434457213545104,0.04681066839688939,-0.9984090525550768,1.33,0.0000,0.00,0.0000,0.0000,1.0000,36.7151,0,1546,0,0,0.015113
712,31,846000000,31.846000000,7.5240921107982945,-83.7521675170155,-3.8458090382861636,0.5244144311307257,-0.18469078917600645,0.32214435583852985,0.7662257048786342,1213,1211,1209,1209,1209,0,0.9983,0.9984,14.3982,20.7110,0.9408,0,True,3.28,True,-0.13580300490804845,-0.20133859170605542,-0.9700620162380169,1.29,0.0000,0.00,0.0000,0.0000,1.0000,34.6749,0,1211,0,0,0.015455
713,31,879000000,31.879000000,7.048150704693594,-82.88497145157699,-3.99226982499387,0.5265251634440139,-0.1859115382661189,0.3297670198035551,0.7612239255630774,1209,1208,671,1208,671,0,0.5555,0.9992,13.5017,18.9896,0.9380,0,True,3.28,True,-0.1755011128325609,0.4371087423784104,-0.8821197802628038,1.08,0.0000,0.00,0.0000,0.0000,1.0000,25.9369,0,1208,0,0,0.012607
714,31,912000000,31.912000000,7.614426127536238,-82.77515238502083,-4.809136961133584,0.5240108207092794,-0.1836378814030691,0.3323121577772776,0.762403054877661,671,671,671,671,671,0,1.0000,1.0000,11.9746,16.3649,0.8860,0,True,3.28,True,-0.07726738359276315,-0.9247645622550184,-0.37261274244181863,0.50,0.0000,0.00,0.0000,0.0000,1.0000,24.7718,0,671,0,0,0.013110
715,31,945000000,31.945000000,7.222592315858253,-81.92357875217017,-5.157402107048895,0.525649991835003,-0.17913487821391214,0.3435457496999659,0.7573500507389145,671,671,671,671,671,0,1.0000,1.0000,10.9026,14.3995,0.8936,0,True,3.28,True,-0.23006230841047548,0.23402455374031464,-0.9446183581190288,1.51,0.0000,0.00,0.0000,0.0000,1.0000,24.6444,0,671,0,0,0.014493
716,31,978000000,31.978000000,7.064306926652493,-81.00735459465139,-5.525476866768905,0.5272494258243984,-0.1770186396701582,0.35134315793395376,0.7531470172218474,671,671,671,671,671,0,1.0000,1.0000,9.8410,12.5145,0.8796,0,True,3.28,True,-0.039346227995757085,0.05804918143548875,-0.9975380528466948,1.06,0.0000,0.00,0.0000,0.0000,1.0000,19.8344,0,671,0,0,0.013189
717,32,11000000,32.011000000,6.7820247013742385,-80.08749941433956,-5.797842783405738,0.5288133959712975,-0.17521794782629957,0.35875518315323196,0.7489658080056357,671,671,671,671,671,0,1.0000,1.0000,8.8070,10.7610,0.8924,0,True,3.28,True,-0.05332789258779735,0.20098474123763393,-0.978141743134289,1.01,0.0000,0.00,0.0000,0.0000,1.0000,17.0580,0,671,0,0,0.012979
718,32,44000000,32.044000000,7.772347105459596,-80.1339009819991,-5.928641982506246,0.5279717622389312,-0.17776983251502787,0.36134249536566715,0.7477133849068166,671,671,671,671,671,0,1.0000,1.0000,7.7967,9.3974,0.8813,0,True,3.28,True,0.5742985030658428,-0.8113827019893153,0.10880873259463242,0.45,0.0000,0.00,0.0000,0.0000,1.0000,14.5912,0,671,0,0,0.013001
719,32,77000000,32.077000000,8.708852769903396,-79.78366435290542,-5.945713716623267,0.5275357853952837,-0.1793897847346891,0.36483141755958076,0.7459378908606867,671,671,655,671,655,0,0.9762,1.0000,6.8201,8.6673,0.8932,0,True,3.28,True,0.745215897877257,-0.6296159629447144,-0.2196292438547145,0.49,0.0000,0.00,0.0000,0.0000,1.0000,11.9363,0,671,0,0,0.012883
720,32,110000000,32.110000000,8.314439169102537,-79.01471117181593,-6.448852779701903,0.5269563062996935,-0.1655714782663943,0.3771127370475359,0.7434306426238969,655,655,655,655,655,0,1.0000,1.0000,5.8607,8.1193,0.9030,0,True,3.28,True,-0.31936859033556547,0.09546616046812229,-0.9428095861373856,2.14,0.0000,0.00,0.0000,0.0000,1.0000,10.2381,0,655,0,0,0.013361
721,32,143000000,32.143000000,7.943000700762188,-78.22303625734129,-6.933913903714659,0.5274629017358669,-0.1571845689146832,0.3847510030060889,0.7409740645078564,655,655,655,655,655,0,1.0000,1.0000,4.9180,7.1115,0.9263,0,True,3.28,True,-0.25186570910195943,0.08044009944372324,-0.9644133216521074,1.33,0.0000,0.00,0.0000,0.0000,1.0000,6.4258,0,655,0,0,0.007581
722,32,176000000,32.176000000,8.783563717891083,-77.68334561766909,-6.887139683407098,0.5272253402491667,-0.15762183743224611,0.38657831092879796,0.7400986464540187,655,655,653,654,653,0,0.9969,1.0000,4.0404,17.9737,0.8849,0,True,3.28,True,0.7982761278541406,-0.5081451184605102,-0.32333227844270956,0.24,0.0000,0.00,0.0000,0.0000,1.0000,3.1699,0,655,0,0,0.015523
723,32,209000000,32.209000000,9.749209268127103,-77.62824648765069,-7.141093925703981,0.5264149279920727,-0.15776184547399894,0.3853093753591901,0.7413064204227896,653,653,653,653,653,0,1.0000,1.0000,3.2201,6.3263,0.8324,0,True,3.28,True,0.48864722787394954,-0.8722861432056394,0.018459985442448344,0.22,0.0000,0.00,0.0000,0.0000,1.0000,2.1102,0,653,0,0,0.014293
724,32,242000000,32.242000000,10.73821323300801,-77.65816595330085,-7.285924803023205,0.5262020530702263,-0.15786180761837879,0.38404958430551006,0.7420895942100938,653,652,652,652,652,0,1.0000,0.9985,2.5653,5.0699,0.8526,0,True,3.28,True,0.5413609369622043,-0.8291347979826831,0.13951280480880396,0.17,0.0000,0.00,0.0000,0.0000,1.0000,1.2709,0,652,0,0,0.015336
725,32,275000000,32.275000000,11.735615939191964,-77.72963726200473,-7.276997668596124,0.5268230700138015,-0.1575524651848748,0.3824486933543141,0.7425413594992404,652,650,650,650,650,0,1.0000,0.9969,2.1645,5.7479,0.8585,0,True,3.28,True,0.6303044860414756,-0.7391403484663556,0.23746115502335563,0.21,0.0000,0.00,0.0000,0.0000,1.0000,1.9205,0,650,0,0,0.007356
726,32,308000000,32.308000000,11.444124968714585,-76.83364925221747,-7.6120178179119575,0.5284448206909825,-0.1519101241812278,0.38448683024405844,0.7415114719442957,650,649,649,649,649,0,1.0000,0.9985,2.1530,4.5892,0.8848,0,True,3.28,True,-0.04498341657225194,0.1287399135972338,-0.9906576234403408,0.72,0.0000,0.00,0.0000,0.0000,1.0000,8.4879,0,649,0,0,0.018144
727,32,341000000,32.341000000,12.268690624041502,-76.6447760750307,-8.145326736827307,0.5269342521051222,-0.14807412102279413,0.3795366017891502,0.7458996692210598,649,646,646,646,646,0,1.0000,0.9954,2.5407,5.9879,0.9176,0,True,3.28,True,0.2832272571711254,-0.9306653011554713,-0.23161264650384972,0.89,0.0000,0.00,0.0000,0.0000,1.0000,10.3925,0,646,0,0,0.008593
728,32,374000000,32.374000000,12.933951412931652,-75.97468014904042,-7.816085893770945,0.5276884414685662,-0.14604283880621963,0.3788596057270319,0.7461111158012955,646,643,493,643,493,0,0.7667,0.9954,3.1475,7.1620,0.9427,0,True,3.28,True,0.923681755317191,-0.15375004179113816,-0.3509600255632775,0.26,0.0000,0.00,0.0000,0.0000,1.0000,12.1068,0,643,0,0,0.018933
729,32,407000000,32.407000000,13.429360891280046,-75.17204635190645,-7.483898542324749,0.5297415313840781,-0.1431027433590325,0.3775059392414877,0.7459120461605194,493,487,461,487,461,0,0.9466,0.9878,4.2032,8.4291,0.8577,0,True,3.28,True,0.8673277538511893,-0.006392217623001873,-0.4976964003821114,0.44,0.0000,0.00,0.0000,0.0000,1.0000,14.0344,0,487,0,0,0.012520
730,32,440000000,32.440000000,13.818518942235759,-74.28684800361933,-7.2289869977331325,0.5307721368696287,-0.13979727606872458,0.376085440246808,0.7465235441437715,461,458,423,458,423,0,0.9236,0.9935,5.1366,10.0361,0.8455,0,True,3.28,True,0.7829853071898207,0.031823109739443405,-0.621225642107096,0.43,0.0000,0.00,0.0000,0.0000,1.0000,19.4858,0,458,0,0,0.014735
731,32,473000000,32.473000000,14.674653667960254,-74.32481341324066,-6.713630849927638,0.5339160519256213,-0.13877008659499643,0.3704432756438247,0.7472939796979821,423,421,421,421,421,0,1.0000,0.9953,6.2125,17.2627,0.8528,0,True,3.28,True,0.8781170384664148,-0.2594041259909114,0.4020198579347349,0.75,0.0000,0.00,0.0000,0.0000,1.0000,19.0521,0,421,0,0,0.012526
732,32,506000000,32.506000000,15.230949548549988,-73.49414646478169,-6.736594167996896,0.5348484574090725,-0.13448538730563997,0.36745859116074175,0.74888249544942,421,420,398,420,398,0,0.9476,0.9976,7.1533,13.4831,0.9081,0,True,3.28,True,0.7051615111603589,-0.2773012717916553,-0.6525727912200825,0.63,0.0000,0.00,0.0000,0.0000,1.0000,22.8845,0,420,0,0,0.013432
733,32,539000000,32.539000000,16.155413181155666,-73.13562481855502,-6.866321656126525,0.5356301584672786,-0.13048322831303222,0.362633008096381,0.7513799051799943,398,395,394,394,394,0,0.9975,0.9925,8.0399,15.3563,0.8854,0,True,3.28,True,0.7099897712583785,-0.6763031880367795,-0.1962868374592756,0.78,0.0000,0.00,0.0000,0.0000,1.0000,28.3700,0,395,0,0,0.014936
734,32,572000000,32.572000000,15.978995502813303,-72.25843946991897,-7.312889307111806,0.5383604555605651,-0.12121622582929144,0.3593435731453601,0.7525601922261423,394,393,393,393,393,0,1.0000,0.9975,9.0240,17.3205,0.9156,0,True,3.28,True,-0.029648681183083066,-0.05324053659739836,-0.9981414734229437,1.18,0.0000,0.00,0.0000,0.0000,1.0000,19.1550,0,393,0,0,0.009324
735,32,605000000,32.605000000,15.597312037213817,-71.51745770006335,-7.8653960933412375,0.5405952179735828,-0.10894357809942572,0.35683507124764674,0.7540270810936937,393,392,392,392,392,0,1.0000,0.9975,10.0302,19.4379,0.9584,0,True,3.28,True,-0.28241522210488945,-0.023212271718718702,-0.9590113830216523,1.47,0.0000,0.00,0.0000,0.0000,1.0000,31.3472,0,392,0,0,0.014210
736,32,638000000,32.638000000,15.870999717627614,-70.56305046627837,-7.7462244285521535,0.5427429606435231,-0.10297070613031013,0.35173679031776756,0.7557171049327144,392,388,321,388,321,0,0.8273,0.9898,11.0051,21.6919,1.0362,0,True,3.28,True,0.6642228109936319,0.06189023860196106,-0.7449682246388164,0.95,0.0000,0.00,0.0000,0.0000,1.0000,32.0677,0,388,0,0,0.013507
737,32,671000000,32.671000000,16.472195429829615,-69.76460012798276,-7.713963416392854,0.544337245487237,-0.09722241368577283,0.3463193365458882,0.7578309063286451,321,317,272,316,272,0,0.8580,0.9875,12.8358,24.0769,1.2254,0,True,3.28,True,0.7922591092701564,-0.23219717265631176,-0.5642782795650325,0.95,0.0000,0.00,0.0000,0.0000,1.0000,20.2297,0,317,0,0,0.008113
738,32,704000000,32.704000000,16.84866639619027,-69.67376755408708,-8.63592819609267,0.5424644637617027,-0.08507400138875122,0.33526222165814384,0.7655677387222379,272,262,262,262,262,0,1.0000,0.9632,14.4412,26.7029,1.1020,0,True,3.28,True,-0.16635220450383423,-0.9208060891085387,-0.3527649221753098,2.09,0.0000,0.00,0.0000,0.0000,1.0000,49.9754,0,262,0,0,0.018894
739,32,737000000,32.737000000,17.51138320021629,-68.97963652799066,-8.91697722432772,0.5432401397857094,-0.0783994580488411,0.32845915620090654,0.7686730502697746,262,260,255,260,255,0,0.9808,0.9924,15.5786,29.2811,1.1762,0,True,3.28,True,0.6575589831442552,-0.48919661462092195,-0.5729771862209895,1.15,0.0000,0.00,0.0000,0.0000,1.0000,50.1330,0,260,0,0,0.017743
740,32,770000000,32.770000000,18.409840404069996,-68.70051108145869,-9.255892608961846,0.5441588451524113,-0.07211898473668593,0.3198890077187766,0.7722441492323786,255,250,249,249,249,0,0.9960,0.9804,16.5715,33.0967,1.2828,0,True,3.28,True,0.6489264769000752,-0.7416476540346028,-0.16986225255490567,1.29,0.0000,0.00,0.0000,0.0000,1.0000,41.3984,0,250,0,0,0.013722
741,32,803000000,32.803000000,19.239462566102706,-68.78973017252191,-9.807043243592716,0.5441504694823296,-0.06550108756428816,0.3095683950882272,0.777031069425512,249,241,236,236,236,0,0.9793,0.9679,17.4921,35.9751,1.5187,0,True,3.28,True,0.36085702253554064,-0.9309081024425672,0.056500567196827195,1.51,0.0000,0.00,0.0000,0.0000,1.0000,40.1997,0,241,0,0,0.006501
742,32,836000000,32.836000000,19.898989937821003,-68.06237145715563,-9.99670859397346,0.5454153921172596,-0.05836693868693184,0.30163711997764814,0.7798271592869037,236,221,206,220,206,0,0.9321,0.9364,18.1385,35.3632,1.3635,0,True,3.28,True,0.7423284207405664,-0.35979504099867954,-0.5652398112602961,1.27,0.0000,0.00,0.0000,0.0000,1.0000,42.2783,0,221,0,0,0.019983
743,32,869000000,32.869000000,20.61189548407936,-67.45423838037107,-10.345907452841283,0.5466233521702404,-0.05088698570927441,0.2928883784419663,0.782834480156073,206,196,191,196,191,0,0.9745,0.9515,19.2666,34.2515,1.2862,0,True,3.28,True,0.6790109515908092,-0.529870533218798,-0.5081154845565823,1.37,0.0000,0.00,0.0000,0.0000,1.0000,47.6661,0,196,0,0,0.014533
744,32,902000000,32.902000000,20.122753522467427,-66.81390570877467,-10.93811874205877,0.5505246787354096,-0.03136131581793363,0.28616038698952,0.7836142411234306,191,184,182,182,182,0,0.9891,0.9634,19.9222,36.0806,1.4691,0,True,3.28,True,-0.3814844235713516,-0.08985056839019062,-0.9199981032221715,2.41,0.0000,0.00,0.0000,0.0000,1.0000,49.6421,0,184,0,0,0.014764
745,32,935000000,32.935000000,20.376906912716525,-67.17033810869583,-11.837208280709568,0.5464619706342433,-0.0182632954418831,0.26884502153233536,0.7929490028289462,182,173,169,169,169,0,0.9769,0.9505,20.5941,35.0989,1.5911,0,True,3.28,True,-0.26298799491931063,-0.9643577582521381,0.0291792499429182,2.75,0.0000,0.00,0.0000,0.0000,1.0000,48.4351,0,173,0,0,0.014122
746,32,968000000,32.968000000,21.08394081489863,-66.5045174745766,-12.075506296534718,0.5482343595979258,-0.01059267796496299,0.2595483961937086,0.7949600695400093,169,163,161,163,161,0,0.9877,0.9645,21.6022,39.0359,1.5524,0,True,3.28,True,0.7980260896680826,-0.3478239202673928,-0.49211063867680394,1.41,0.0000,0.00,0.0000,0.0000,1.0000,49.5953,0,163,0,0,0.014240
747,33,1000000,33.001000000,21.600292752277426,-65.93973399511874,-12.719245605647194,0.5507897282117528,-0.0008668181470254277,0.2485319813265293,0.796782139722417,161,150,141,142,141,0,0.9400,0.9317,21.9695,36.7842,1.8990,0,True,3.28,True,0.4791309376170751,-0.6274644518038394,-0.6137767561098171,1.72,0.0000,0.00,0.0000,0.0000,1.0000,50.6208,0,150,0,0,0.014354
748,33,34000000,33.034000000,22.273167843962803,-65.35992745596734,-13.17866207046605,0.5535648819678993,0.0075260652285341475,0.2372786590917143,0.7982531664413738,141,133,116,132,116,0,0.8722,0.9433,22.8317,40.8582,1.5322,0,True,3.28,True,0.6924167056705006,-0.5137880091278669,-0.5065382388179931,1.65,0.0000,0.00,0.0000,0.0000,1.0000,45.5033,0,133,0,0,0.012777
749,33,67000000,33.067000000,22.926540002618786,-64.67595768428528,-13.503146544236985,0.5560166156040544,0.015768494545346387,0.2275312969052496,0.799266155095161,116,108,104,106,104,0,0.9630,0.9310,23.2246,38.3051,1.6587,0,True,1.64,True,0.7631825832432463,-0.34222290228708907,-0.5481202694522136,1.49,0.0000,0.00,0.0000,0.0000,1.0000,51.2988,0,108,0,0,0.014287
750,33,100000000,33.100000000,23.56857470937615,-64.18481308003227,-14.091847158328843,0.5589788274294846,0.024350082279150746,0.21570140625071776,0.8002641109783819,104,96,89,95,89,0,0.9271,0.9231,24.2245,36.0224,1.6863,0,True,1.64,True,0.6283726348257801,-0.6131159517917636,-0.4787866554746347,1.71,0.0000,0.00,0.0000,0.0000,1.0000,53.1510,0,96,0,0,0.014689
751,33,133000000,33.133000000,23.56857470937615,-64.18481308003227,-14.091847158328843,0.5589788274294846,0.024350082279150746,0.21570140625071776,0.8002641109783819,2000,0,0,0,0,0,0.0000,0.0000,0.0000,0.0000,0.0000,1,True,3.28,True,0.0,0.0,0.0,0.00,0.0000,0.00,0.0000,0.0000,1.0000,59.9893,0,2000,0,0,0.016458
752,33,166000000,33.166000000,23.862899406402956,-64.4600678950683,-15.007056292636145,0.5596148164112525,0.03418868335801017,0.20224358872397735,0.8029694402673696,2000,1982,1785,1788,1785,0,0.9006,0.9910,17.6061,314.8250,5.7044,0,True,3.28,True,-0.020963186823264368,-0.9996460217684159,-0.016382184249737003,1.94,0.0000,0.00,0.0000,0.0000,1.0000,38.3910,0,1982,0,0,0.010474
753,33,199000000,33.199000000,24.297343154827466,-64.64627724945456,-15.888296728495671,0.561165252520826,0.042954524971758404,0.19003876297106584,0.8044462298476607,1785,1766,1502,1715,1502,0,0.8505,0.9894,17.0329,81.7891,3.0107,0,True,3.28,True,0.17919359236198548,-0.9829896664738225,-0.040261297322488676,1.74,0.0000,0.00,0.0000,0.0000,1.0000,66.7718,0,1766,0,0,0.012184
754,33,232000000,33.232000000,24.547619040131938,-64.91546889679707,-16.818295566256264,0.5614525087122646,0.05282972693689993,0.17610535517087983,0.8068252625523171,1502,1488,1476,1477,1476,0,0.9919,0.9907,16.4147,53.1719,2.2805,0,True,3.28,True,0.0019071298590712992,-0.9995013374397764,-0.03151887231166591,1.98,0.0000,0.00,0.0000,0.0000,1.0000,41.8920,0,1488,0,0,0.017249
755,33,265000000,33.265000000,24.783887551947306,-65.15536948907285,-17.759903178879615,0.5621775656105578,0.0619877666386811,0.16301504232621616,0.8084182070480088,1476,1458,1442,1444,1442,0,0.9890,0.9878,16.3661,43.2929,2.1190,0,True,3.28,True,0.031958441023913715,-0.997504177326125,-0.06296089472245245,1.84,0.0000,0.00,0.0000,0.0000,1.0000,64.7200,0,1458,0,0,0.010383
756,33,298000000,33.298000000,25.014513282667284,-65.09178720357001,-18.730866136618,0.5631388902944311,0.07130738768577612,0.15046553293233206,0.809413349345547,1442,1428,1394,1399,1394,0,0.9762,0.9903,16.3543,37.1667,1.8781,0,True,3.28,True,0.15713504770822265,-0.926877492530166,-0.3408910245558344,1.80,0.0000,0.00,0.0000,0.0000,1.0000,25.3217,0,1428,0,0,0.013606
757,33,331000000,33.331000000,25.193903546622565,-64.81348848210935,-19.67445977523125,0.5642445530784864,0.08057223733979649,0.13841538242229223,0.8099243055991153,1394,1368,1362,1363,1362,0,0.9956,0.9813,16.1672,35.0991,1.4315,0,True,3.28,True,0.2085973044666561,-0.820553113142433,-0.5321463643411526,1.75,0.0000,0.00,0.0000,0.0000,1.0000,71.8835,0,1368,0,0,0.019426
758,33,364000000,33.364000000,25.153597988280346,-65.08943949615708,-20.634786021781196,0.5652626933619034,0.08857019656886045,0.1265225313613478,0.8103242911519541,1362,1339,1313,1334,1313,0,0.9806,0.9831,15.9118,45.8992,1.4085,0,True,3.28,True,-0.14986654899913487,-0.9834441754396248,-0.10187036509685538,1.65,0.0000,0.00,0.0000,0.0000,1.0000,36.2531,0,1339,0,0,0.009672
759,33,397000000,33.397000000,25.067094448487232,-65.14308526574713,-21.629592168227987,0.5641264188742046,0.09958012320787259,0.11302771147394956,0.811831213386768,1313,1297,1294,1294,1294,0,0.9977,0.9878,15.5608,35.4715,1.3143,0,True,3.28,True,-0.09824683958814626,-0.9422004801852047,-0.32032142240210915,2.01,0.0000,0.00,0.0000,0.0000,1.0000,55.9179,0,1297,0,0,0.014903
760,33,430000000,33.430000000,24.9597603627073,-64.2968843663613,-22.151534149590255,0.5678365919972057,0.10843637501220176,0.10092412814130443,0.809702091958598,1294,1272,949,1264,949,0,0.7461,0.9830,15.1945,34.0121,1.3238,0,True,3.28,True,0.16573273903234315,-0.19619136365910805,-0.9664582805472862,1.79,0.0000,0.00,0.0000,0.0000,1.0000,74.6570,0,1272,0,0,0.013525
761,33,463000000,33.463000000,24.803810907219503,-64.49331703080422,-23.119570293374608,0.5672575909465567,0.11700029157088715,0.08856608741663718,0.8103615276193367,949,926,926,926,926,0,1.0000,0.9758,14.6662,33.2869,1.2548,0,True,3.28,True,-0.14636364627755435,-0.9708256461778462,-0.18993485138780233,1.73,0.0000,0.00,0.0000,0.0000,1.0000,45.0234,0,926,0,0,0.018403
762,33,496000000,33.496000000,24.453538886948085,-64.62439149495182,-24.047001690656028,0.5659487533866854,0.1275395915652953,0.07555416062211155,0.8110038408886252,926,894,891,891,891,0,0.9966,0.9654,14.3140,66.2816,1.1879,0,True,3.28,True,-0.2887240709948652,-0.912750590767228,-0.2890065222139948,1.93,0.0000,0.00,0.0000,0.0000,1.0000,41.2806,0,894,0,0,0.011055
763,33,529000000,33.529000000,25.21588305317178,-63.99122470352942,-24.180909070828093,0.5666011465538869,0.1334550308048121,0.06565210566066738,0.8104583249612702,891,876,387,874,387,0,0.4418,0.9832,13.9073,31.5240,1.1988,0,True,3.28,True,0.9140885148197077,0.11145831062129873,-0.3898964376192055,1.33,0.0000,0.00,0.0000,0.0000,1.0000,58.8330,0,876,0,0,0.015834
764,33,562000000,33.562000000,25.880620555948028,-63.3549602739454,-24.572433818511954,0.5671741478528324,0.13927155444842898,0.055635156265500245,0.8098281604860659,387,374,176,373,176,0,0.4706,0.9664,16.1145,34.5414,1.3663,0,True,3.28,True,0.8548273887464038,-0.11440118797848886,-0.5061447457379311,1.33,0.0000,0.00,0.0000,0.0000,1.0000,47.0231,0,374,0,0,0.012748
765,33,595000000,33.595000000,26.58060941608854,-63.02347220688161,-25.204993109862166,0.5674812303614415,0.14496049581055556,0.045824635317580444,0.8092290223662478,176,169,46,169,46,0,0.2722,0.9602,18.6137,29.6883,1.5377,0,True,3.28,True,0.8535075276741659,-0.4272132332322917,-0.29835172792317516,1.30,0.0000,0.00,0.0000,0.0000,1.0000,33.7505,0,169,0,0,0.009213
766,33,628000000,33.628000000,26.58060941608854,-63.02347220688161,-25.204993109862166,0.5674812303614415,0.14496049581055556,0.045824635317580444,0.8092290223662478,2000,0,0,0,0,0,0.0000,0.0000,0.0000,0.0000,0.0000,1,True,4.92,True,0.0,0.0,0.0,0.00,0.0000,0.00,0.0000,0.0000,1.0000,47.2452,0,2000,0,0,0.006876
767,33,661000000,33.661000000,26.140709447259454,-63.287669043973004,-26.06329844521494,0.5667610960717046,0.15132799899418992,0.03598193819596763,0.8090655083636158,2000,1941,1404,1907,1404,0,0.7233,0.9705,15.5812,308.8913,2.4253,0,True,4.92,True,-0.32589656389229643,-0.9323840686805889,-0.1563693643711104,1.35,0.0000,0.00,0.0000,0.0000,1.0000,36.5765,0,1941,0,0,0.010363
768,33,694000000,33.694000000,25.742387316412415,-63.09244526121747,-26.95952785486632,0.5661893351023312,0.15842193840715116,0.02664030436571827,0.8084691833527131,1404,1393,1390,1391,1390,0,0.9978,0.9922,12.5117,28.4622,1.1149,0,True,4.92,True,-0.15128890218282703,-0.8075209380400397,-0.5701066590588548,1.35,0.0000,0.00,0.0000,0.0000,1.0000,53.0682,0,1393,0,0,0.021096
769,33,727000000,33.727000000,25.03410215415464,-63.15413073233233,-27.662754014489806,0.5652781565430359,0.1647886922019462,0.01823708677371858,0.8080672628709117,1390,1382,1375,1378,1375,0,0.9949,0.9942,12.7311,392.6782,1.1624,0,True,3.28,True,-0.5265273487855393,-0.7683353998050599,-0.3639088682448807,1.21,0.0000,0.00,0.0000,0.0000,1.0000,38.5834,0,1382,0,0,0.011221
770,33,760000000,33.760000000,25.304730231885365,-62.86971150611833,-26.74304419758908,0.5658401565789275,0.16822318169901027,0.011164451308995384,0.8070943150393056,1375,1368,1324,1365,1324,0,0.9678,0.9949,11.4774,361.1478,1.1044,0,True,3.28,True,0.09114592900382366,0.9906493010556582,0.10152035236328529,0.91,0.0000,0.00,0.0000,0.0000,1.0000,24.3743,0,1368,0,0,0.007231
771,33,793000000,33.793000000,25.384035847285155,-62.2953807933862,-27.55781708114537,0.5665991639611578,0.17312037340828815,0.003080924873948424,0.8055961963734767,1324,1319,892,1317,892,0,0.6763,0.9962,10.2877,21.7131,1.0382,0,True,3.28,True,0.40543807278120814,-0.5271684707445681,-0.7468020973405826,1.10,0.0000,0.00,0.0000,0.0000,1.0000,18.3345,0,1319,0,0,0.005526
772,33,826000000,33.826000000,26.110370028158844,-61.635562132850566,-27.75037354793757,0.5667354506957037,0.17637127615872644,-0.003370380372694852,0.8047936023646207,892,888,585,887,585,0,0.6588,0.9955,8.8534,24.4221,0.9255,0,True,3.28,True,0.868538857984562,0.1990531598706394,-0.4538921586857239,0.83,0.0000,0.00,0.0000,0.0000,1.0000,49.6330,0,888,0,0,0.015452
773,33,859000000,33.859000000,25.438246594708676,-61.040063365181084,-28.190409123671248,0.5683687044217256,0.18812218575961098,-0.00973576341581824,0.8009196426419486,585,577,576,576,576,0,0.9983,0.9863,8.6967,20.3870,1.0508,0,True,3.28,True,-0.3878757525848961,-0.3259434762658265,-0.8621561638337042,1.61,0.0000,0.00,0.0000,0.0000,1.0000,31.7466,0,577,0,0,0.010376
774,33,892000000,33.892000000,24.88222463190919,-61.29768519369968,-28.980643627065852,0.5674927359262624,0.19187160766866018,-0.015659275551159157,0.8005573483085281,576,569,566,568,566,0,0.9947,0.9878,7.8370,17.0738,0.9814,0,True,3.28,True,-0.3207590141456306,-0.9352639382242905,-0.14964965987770767,0.81,0.0000,0.00,0.0000,0.0000,1.0000,31.9014,0,569,0,0,0.006772
775,33,925000000,33.925000000,25.40947940896268,-60.943878735383784,-29.753187082237282,0.5671310157038981,0.1944939908478016,-0.02043846593399941,0.8000729764596634,566,562,203,562,203,0,0.3612,0.9929,7.0159,14.5366,0.9126,0,True,3.28,True,0.8074152802657599,-0.4435186942861486,-0.3890652040623453,0.63,0.0000,0.00,0.0000,0.0000,1.0000,20.7462,0,562,0,0,0.011799
776,33,958000000,33.958000000,24.737809349277388,-61.445938005971264,-30.29797678454406,0.5626679233870441,0.20171671866765686,-0.02851804123704581,0.8011878024066935,203,201,201,201,201,0,1.0000,0.9901,7.0307,13.3564,0.8552,0,True,3.28,True,-0.5324529942616795,-0.838880685344299,0.11301771833677708,1.35,0.0000,0.00,0.0000,0.0000,1.0000,21.1536,0,201,0,0,0.008217
777,33,991000000,33.991000000,24.807100092884976,-61.15921714672352,-31.253481856075602,0.5623701193532361,0.20416698572964015,-0.032639813063795944,0.8006187191165719,201,201,201,201,201,0,1.0000,1.0000,6.0768,12.0282,0.9274,0,True,3.28,True,0.45503085957072237,-0.7268943909412052,-0.514365105014467,0.55,0.0000,0.00,0.0000,0.0000,1.0000,21.2672,0,201,0,0,0.008979
778,34,24000000,34.024000000,25.420652788375417,-60.87078975949193,-31.9885755454453,0.5621819436678628,0.2055536640198636,-0.03560285039419572,0.8002696985801984,201,198,178,198,178,0,0.8990,0.9851,5.0161,10.5328,0.8362,0,True,3.28,True,0.8795560625160842,-0.37380933219297474,-0.2943598411071803,0.38,0.0000,0.00,0.0000,0.0000,1.0000,15.9178,0,198,0,0,0.007470
779,34,57000000,34.057000000,25.07261837319306,-60.69158380295877,-32.908769693976836,0.5617772543737394,0.20851279474685566,-0.03900895896803006,0.7996293091272912,178,177,176,176,176,0,0.9944,0.9944,4.1567,12.4795,0.9551,0,True,3.28,True,0.05304090408779991,-0.8493099240401298,-0.5252231101355856,0.52,0.0000,0.00,0.0000,0.0000,1.0000,14.2658,0,177,0,0,0.007593
780,34,90000000,34.090000000,24.614914547293335,-59.929337904381654,-33.36646871938447,0.5644282262140838,0.21442084493712368,-0.040361268269883836,0.7961252707538679,176,174,174,174,174,0,1.0000,0.9886,2.9861,6.3884,0.8791,0,True,3.28,True,-0.11280127089031351,-0.260740220800698,-0.9587963342349267,0.86,0.0000,0.00,0.0000,0.0000,1.0000,12.2800,0,174,0,0,0.007793
781,34,123000000,34.123000000,24.57176146982392,-59.28110780140982,-34.126689440955516,0.5653135225902657,0.215229710250313,-0.0423302394743765,0.795176045808847,174,172,136,172,136,0,0.7907,0.9885,1.8200,5.0862,0.8574,0,True,3.28,True,0.3703867009981219,-0.4501861035471228,-0.812493793143546,0.29,0.0000,0.00,0.0000,0.0000,1.0000,8.6645,0,172,0,0,0.007056
782,34,156000000,34.156000000,24.038015763420827,-60.04708716130528,-34.485006536710635,0.5580146608230557,0.21993379579050296,-0.050598703853029316,0.798554027567393,136,136,136,136,136,0,1.0000,1.0000,0.8813,2.1331,0.9966,0,True,3.28,True,-0.4774161257091271,-0.7550828039481566,0.449359324032201,1.43,0.0000,0.00,0.0000,0.0000,1.0000,5.2740,0,136,0,0,0.006120
783,34,189000000,34.189000000,24.432194886997046,-60.31229750279892,-33.60507114516108,0.5589491925842215,0.219065940063833,-0.05205026711805449,0.7980455398699596,136,136,136,136,136,0,1.0000,1.0000,0.6181,0.9338,0.7811,0,True,3.28,True,-0.04841132944800551,0.7945392429649912,0.605279881186956,0.23,0.0000,0.00,0.0000,0.0000,1.0000,2.4312,1,136,0,0,0.004492
784,34,222000000,34.222000000,24.076171364617327,-59.460495912322884,-33.98936439513407,0.5611087054994681,0.21924754543198177,-0.05261285971475168,0.7964417250668112,136,136,136,136,136,0,1.0000,1.0000,1.8046,2.5642,0.6819,0,True,3.28,True,-0.02535915852538081,-0.13590315376716391,-0.9903975191179667,0.32,0.0000,0.00,0.0000,0.0000,1.0000,0.4303,0,136,0,0,0.007728
785,34,255000000,34.255000000,24.72898925430254,-60.0983093521971,-34.3980486483452,0.5615453278349471,0.2171355275579535,-0.05266039157778361,0.7967094141641263,136,136,136,136,136,0,1.0000,1.0000,3.0846,4.3759,0.8336,0,True,3.28,True,0.649822535295923,-0.37317407995755847,0.6621720159213983,0.25,0.0000,0.00,0.0000,0.0000,1.0000,2.7975,0,136,0,0,0.005414
786,34,288000000,34.288000000,24.321878169248663,-60.98794183208902,-34.60496557647721,0.5615988364927088,0.21606422660054303,-0.05177301751885492,0.7970210483359503,136,136,136,136,136,0,1.0000,1.0000,4.3428,6.3300,0.8596,0,True,3.28,True,-0.42493526060350695,-0.6374896623656497,0.642679511632944,0.16,0.0000,0.00,0.0000,0.0000,1.0000,5.6872,0,136,0,0,0.005260
787,34,321000000,34.321000000,24.023582397000144,-60.03814189609617,-34.51062728177877,0.5635065764369209,0.21451458987886993,-0.04998775795161255,0.7962066648153681,136,136,96,136,96,0,0.7059,1.0000,5.5763,8.1654,0.8095,0,True,3.28,True,-0.15470827400233048,0.3309202499700262,-0.9308905081238046,0.36,0.0000,0.00,0.0000,0.0000,1.0000,8.1153,1,136,0,0,0.004771
788,34,354000000,34.354000000,24.023582397000144,-60.03814189609617,-34.51062728177877,0.5635065764369209,0.21451458987886993,-0.04998775795161255,0.7962066648153681,2000,0,0,0,0,0,0.0000,0.0000,0.0000,0.0000,0.0000,1,True,4.92,True,0.0,0.0,0.0,0.00,0.0000,0.00,0.0000,0.0000,1.0000,11.2907,1,0,2000,0,0.004446
789,34,387000000,34.387000000,24.023582397000144,-60.03814189609617,-34.51062728177877,0.5635065764369209,0.21451458987886993,-0.04998775795161255,0.7962066648153681,2000,1998,0,0,0,0,0.0000,0.9990,0.0000,0.0000,1.5872,2,True,6.56,True,0.0,0.0,0.0,0.00,0.0000,0.00,0.0000,0.0000,1.0000,12.0629,1,0,1998,0,0.001925
790,34,420000000,34.420000000,24.023582397000144,-60.03814189609617,-34.51062728177877,0.5635065764369209,0.21451458987886993,-0.04998775795161255,0.7962066648153681,1998,1960,0,0,0,0,0.0000,0.9810,0.0000,0.0000,1.3436,3,True,8.20,True,0.0,0.0,0.0,0.00,0.0000,0.00,0.0000,0.0000,1.0000,14.4455,0,0,1960,0,0.005918
791,34,453000000,34.453000000,24.023582397000144,-60.03814189609617,-34.51062728177877,0.5635065764369209,0.21451458987886993,-0.04998775795161255,0.7962066648153681,1960,1928,0,0,0,0,0.0000,0.9837,0.0000,0.0000,1.5970,4,True,9.84,True,0.0,0.0,0.0,0.00,0.0000,0.00,0.0000,0.0000,1.0000,22.3856,1,0,1928,0,0.004626
792,34,486000000,34.486000000,24.023582397000144,-60.03814189609617,-34.51062728177877,0.5635065764369209,0.21451458987886993,-0.04998775795161255,0.7962066648153681,1928,1916,0,0,0,0,0.0000,0.9938,0.0000,0.0000,1.2684,5,True,11.48,True,0.0,0.0,0.0,0.00,0.0000,0.00,0.0000,0.0000,1.0000,9.1374,1,0,1916,0,0.001602
793,34,519000000,34.519000000,24.023582397000144,-60.03814189609617,-34.51062728177877,0.5635065764369209,0.21451458987886993,-0.04998775795161255,0.7962066648153681,1916,1905,0,0,0,0,0.0000,0.9943,0.0000,0.0000,1.4891,6,True,13.11,True,0.0,0.0,0.0,0.00,0.0000,0.00,0.0000,0.0000,1.0000,31.7738,1,0,1905,0,0.004736
794,34,552000000,34.552000000,24.023582397000144,-60.03814189609617,-34.51062728177877,0.5635065764369209,0.21451458987886993,-0.04998775795161255,0.7962066648153681,1905,1870,0,0,0,0,0.0000,0.9816,0.0000,0.0000,1.3245,7,True,14.75,True,0.0,0.0,0.0,0.00,0.0000,0.00,0.0000,0.0000,1.0000,28.6277,1,0,1870,0,0.003485
795,34,585000000,34.585000000,24.023582397000144,-60.03814189609617,-34.51062728177877,0.5635065764369209,0.21451458987886993,-0.04998775795161255,0.7962066648153681,1870,1860,0,0,0,0,0.0000,0.9947,0.0000,0.0000,1.2693,8,True,16.39,True,0.0,0.0,0.0,0.00,0.0000,0.00,0.0000,0.0000,1.0000,32.9851,1,0,1860,0,0.003380
796,34,618000000,34.618000000,24.023582397000144,-60.03814189609617,-34.51062728177877,0.5635065764369209,0.21451458987886993,-0.04998775795161255,0.7962066648153681,1860,1839,0,0,0,0,0.0000,0.9887,0.0000,0.0000,1.1584,9,True,18.03,True,0.0,0.0,0.0,0.00,0.0000,0.00,0.0000,0.0000,1.0000,31.4091,1,0,1839,0,0.002738
797,34,651000000,34.651000000,24.023582397000144,-60.03814189609617,-34.51062728177877,0.5635065764369209,0.21451458987886993,-0.04998775795161255,0.7962066648153681,1839,1819,0,0,0,0,0.0000,0.9891,0.0000,0.0000,1.2201,10,True,19.67,True,0.0,0.0,0.0,0.00,0.0000,0.00,0.0000,0.0000,1.0000,33.6223,1,0,1819,0,0.002541
798,34,684000000,34.684000000,24.023582397000144,-60.03814189609617,-34.51062728177877,0.5635065764369209,0.21451458987886993,-0.04998775795161255,0.7962066648153681,1819,1808,0,0,0,0,0.0000,0.9940,0.0000,0.0000,1.4208,11,True,21.31,True,0.0,0.0,0.0,0.00,0.0000,0.00,0.0000,0.0000,1.0000,25.5951,1,0,1808,0,0.001719
799,34,717000000,34.717000000,24.023582397000144,-60.03814189609617,-34.51062728177877,0.5635065764369209,0.21451458987886993,-0.04998775795161255,0.7962066648153681,1808,1782,0,0,0,0,0.0000,0.9856,0.0000,0.0000,1.6073,12,True,22.95,True,0.0,0.0,0.0,0.00,0.0000,0.00,0.0000,0.0000,1.0000,33.7745,1,0,1782,0,0.002029
800,34,750000000,34.750000000,24.023582397000144,-60.03814189609617,-34.51062728177877,0.5635065764369209,0.21451458987886993,-0.04998775795161255,0.7962066648153681,1782,1747,0,0,0,0,0.0000,0.9804,0.0000,0.0000,1.4867,13,True,24.59,True,0.0,0.0,0.0,0.00,0.0000,0.00,0.0000,0.0000,1.0000,53.2474,1,0,1747,0,0.002735
801,34,783000000,34.783000000,24.023582397000144,-60.03814189609617,-34.51062728177877,0.5635065764369209,0.21451458987886993,-0.04998775795161255,0.7962066648153681,1747,1705,0,0,0,0,0.0000,0.9760,0.0000,0.0000,1.4892,14,True,26.23,True,0.0,0.0,0.0,0.00,0.0000,0.00,0.0000,0.0000,1.0000,42.1249,1,0,1705,0,0.001849
802,34,816000000,34.816000000,24.023582397000144,-60.03814189609617,-34.51062728177877,0.5635065764369209,0.21451458987886993,-0.04998775795161255,0.7962066648153681,1705,1674,0,0,0,0,0.0000,0.9818,0.0000,0.0000,1.6404,15,True,27.87,True,0.0,0.0,0.0,0.00,0.0000,0.00,0.0000,0.0000,1.0000,41.0895,1,0,1674,0,0.001579
803,34,849000000,34.849000000,24.023582397000144,-60.03814189609617,-34.51062728177877,0.5635065764369209,0.21451458987886993,-0.04998775795161255,0.7962066648153681,1674,1626,0,0,0,0,0.0000,0.9713,0.0000,0.0000,1.9080,16,True,29.51,True,0.0,0.0,0.0,0.00,0.0000,0.00,0.0000,0.0000,1.0000,44.5165,1,0,1626,0,0.001494
804,34,882000000,34.882000000,24.023582397000144,-60.03814189609617,-34.51062728177877,0.5635065764369209,0.21451458987886993,-0.04998775795161255,0.7962066648153681,1626,1574,0,0,0,0,0.0000,0.9680,0.0000,0.0000,1.6471,17,True,31.15,True,0.0,0.0,0.0,0.00,0.0000,0.00,0.0000,0.0000,1.0000,45.2472,1,0,1574,0,0.001320
805,34,915000000,34.915000000,24.023582397000144,-60.03814189609617,-34.51062728177877,0.5635065764369209,0.21451458987886993,-0.04998775795161255,0.7962066648153681,1574,1530,0,0,0,0,0.0000,0.9720,0.0000,0.0000,1.5833,18,True,32.79,True,0.0,0.0,0.0,0.00,0.0000,0.00,0.0000,0.0000,1.0000,50.2502,1,0,1530,0,0.001259
806,34,948000000,34.948000000,24.023582397000144,-60.03814189609617,-34.51062728177877,0.5635065764369209,0.21451458987886993,-0.04998775795161255,0.7962066648153681,1530,1455,0,0,0,0,0.0000,0.9510,0.0000,0.0000,1.9797,19,True,34.43,True,0.0,0.0,0.0,0.00,0.0000,0.00,0.0000,0.0000,1.0000,39.4592,1,0,1455,0,0.000853
807,34,981000000,34.981000000,24.023582397000144,-60.03814189609617,-34.51062728177877,0.5635065764369209,0.21451458987886993,-0.04998775795161255,0.7962066648153681,1455,1427,0,0,0,0,0.0000,0.9808,0.0000,0.0000,1.8079,20,True,36.07,True,0.0,0.0,0.0,0.00,0.0000,0.00,0.0000,0.0000,1.0000,58.6227,1,0,1427,0,0.001081
808,35,14000000,35.014000000,24.023582397000144,-60.03814189609617,-34.51062728177877,0.5635065764369209,0.21451458987886993,-0.04998775795161255,0.7962066648153681,1427,1385,0,0,0,0,0.0000,0.9706,0.0000,0.0000,1.9881,21,True,37.70,True,0.0,0.0,0.0,0.00,0.0000,0.00,0.0000,0.0000,1.0000,44.6617,1,0,1385,0,0.000675
809,35,47000000,35.047000000,24.023582397000144,-60.03814189609617,-34.51062728177877,0.5635065764369209,0.21451458987886993,-0.04998775795161255,0.7962066648153681,1385,1341,0,0,0,0,0.0000,0.9682,0.0000,0.0000,1.9057,22,True,39.34,True,0.0,0.0,0.0,0.00,0.0000,0.00,0.0000,0.0000,1.0000,59.4105,1,0,1341,0,0.000741
810,35,80000000,35.080000000,24.023582397000144,-60.03814189609617,-34.51062728177877,0.5635065764369209,0.21451458987886993,-0.04998775795161255,0.7962066648153681,1341,1304,0,0,0,0,0.0000,0.9724,0.0000,0.0000,1.7323,23,True,40.98,True,0.0,0.0,0.0,0.00,0.0000,0.00,0.0000,0.0000,1.0000,45.5111,1,0,1304,0,0.000444
811,35,113000000,35.113000000,24.023582397000144,-60.03814189609617,-34.51062728177877,0.5635065764369209,0.21451458987886993,-0.04998775795161255,0.7962066648153681,1304,1262,0,0,0,0,0.0000,0.9678,0.0000,0.0000,1.6954,24,True,42.62,True,0.0,0.0,0.0,0.00,0.0000,0.00,0.0000,0.0000,1.0000,57.4820,1,0,1262,0,0.000429
812,35,146000000,35.146000000,24.023582397000144,-60.03814189609617,-34.51062728177877,0.5635065764369209,0.21451458987886993,-0.04998775795161255,0.7962066648153681,1262,1214,0,0,0,0,0.0000,0.9620,0.0000,0.0000,1.9134,25,True,42.62,True,0.0,0.0,0.0,0.00,0.0000,0.00,0.0000,0.0000,1.0000,46.3423,1,0,1214,0,0.000242
813,35,179000000,35.179000000,24.023582397000144,-60.03814189609617,-34.51062728177877,0.5635065764369209,0.21451458987886993,-0.04998775795161255,0.7962066648153681,1214,1170,0,0,0,0,0.0000,0.9638,0.0000,0.0000,2.0449,26,True,44.26,True,0.0,0.0,0.0,0.00,0.0000,0.00,0.0000,0.0000,1.0000,62.5669,1,0,1170,0,0.000195
814,35,212000000,35.212000000,24.023582397000144,-60.03814189609617,-34.51062728177877,0.5635065764369209,0.21451458987886993,-0.04998775795161255,0.7962066648153681,1170,1111,0,0,0,0,0.0000,0.9496,0.0000,0.0000,2.2077,27,True,45.90,True,0.0,0.0,0.0,0.00,0.0000,0.00,0.0000,0.0000,1.0000,46.8481,1,0,1111,0,0.000062
815,35,245000000,35.245000000,24.023582397000144,-60.03814189609617,-34.51062728177877,0.5635065764369209,0.21451458987886993,-0.04998775795161255,0.7962066648153681,1111,1073,0,0,0,0,0.0000,0.9658,0.0000,0.0000,2.0523,28,True,47.54,True,0.0,0.0,0.0,0.00,0.0000,0.00,0.0000,0.0000,1.0000,51.7799,1,0,1073,0,0.000072
816,35,278000000,35.278000000,24.023582397000144,-60.03814189609617,-34.51062728177877,0.5635065764369209,0.21451458987886993,-0.04998775795161255,0.7962066648153681,1073,1044,0,0,0,0,0.0000,0.9730,0.0000,0.0000,1.9667,29,True,49.18,True,0.0,0.0,0.0,0.00,0.0000,0.00,0.0000,0.0000,1.0000,48.9005,1,0,1044,0,0.000139
817,35,311000000,35.311000000,24.023582397000144,-60.03814189609617,-34.51062728177877,0.5635065764369209,0.21451458987886993,-0.04998775795161255,0.7962066648153681,1044,995,0,0,0,0,0.0000,0.9531,0.0000,0.0000,1.8226,30,True,50.82,True,0.0,0.0,0.0,0.00,0.0000,0.00,0.0000,0.0000,1.0000,62.0216,1,0,995,0,0.000293
818,35,344000000,35.344000000,24.023582397000144,-60.03814189609617,-34.51062728177877,0.5635065764369209,0.21451458987886993,-0.04998775795161255,0.7962066648153681,995,970,0,0,0,0,0.0000,0.9749,0.0000,0.0000,1.8806,31,True,52.46,True,0.0,0.0,0.0,0.00,0.0000,0.00,0.0000,0.0000,1.0000,55.8446,1,0,970,0,0.000334
819,35,377000000,35.377000000,24.023582397000144,-60.03814189609617,-34.51062728177877,0.5635065764369209,0.21451458987886993,-0.04998775795161255,0.7962066648153681,970,927,0,0,0,0,0.0000,0.9557,0.0000,0.0000,2.1789,32,True,54.10,True,0.0,0.0,0.0,0.00,0.0000,0.00,0.0000,0.0000,1.0000,49.9761,1,0,927,0,0.000266
820,35,410000000,35.410000000,24.023582397000144,-60.03814189609617,-34.51062728177877,0.5635065764369209,0.21451458987886993,-0.04998775795161255,0.7962066648153681,927,878,0,0,0,0,0.0000,0.9471,0.0000,0.0000,1.9691,33,True,55.74,True,0.0,0.0,0.0,0.00,0.0000,0.00,0.0000,0.0000,1.0000,49.8481,1,0,878,0,0.000674
821,35,443000000,35.443000000,24.023582397000144,-60.03814189609617,-34.51062728177877,0.5635065764369209,0.21451458987886993,-0.04998775795161255,0.7962066648153681,878,839,0,0,0,0,0.0000,0.9556,0.0000,0.0000,1.6671,34,True,57.38,True,0.0,0.0,0.0,0.00,0.0000,0.00,0.0000,0.0000,1.0000,19.1255,1,0,839,0,0.000212
822,35,476000000,35.476000000,24.023582397000144,-60.03814189609617,-34.51062728177877,0.5635065764369209,0.21451458987886993,-0.04998775795161255,0.7962066648153681,839,812,0,0,0,0,0.0000,0.9678,0.0000,0.0000,1.5606,35,True,59.02,True,0.0,0.0,0.0,0.00,0.0000,0.00,0.0000,0.0000,1.0000,82.8660,1,0,812,0,0.001053
823,35,509000000,35.509000000,24.023582397000144,-60.03814189609617,-34.51062728177877,0.5635065764369209,0.21451458987886993,-0.04998775795161255,0.7962066648153681,812,750,0,0,0,0,0.0000,0.9236,0.0000,0.0000,1.5613,36,True,60.66,True,0.0,0.0,0.0,0.00,0.0000,0.00,0.0000,0.0000,1.0000,49.4117,1,0,750,0,0.000739
824,35,542000000,35.542000000,24.023582397000144,-60.03814189609617,-34.51062728177877,0.5635065764369209,0.21451458987886993,-0.04998775795161255,0.7962066648153681,750,728,0,0,0,0,0.0000,0.9707,0.0000,0.0000,2.0363,37,True,62.30,True,0.0,0.0,0.0,0.00,0.0000,0.00,0.0000,0.0000,1.0000,46.9201,1,0,728,0,0.000780
825,35,575000000,35.575000000,24.023582397000144,-60.03814189609617,-34.51062728177877,0.5635065764369209,0.21451458987886993,-0.04998775795161255,0.7962066648153681,728,686,0,0,0,0,0.0000,0.9423,0.0000,0.0000,1.5582,38,True,63.93,True,0.0,0.0,0.0,0.00,0.0000,0.00,0.0000,0.0000,1.0000,45.4258,1,0,686,0,0.000830
826,35,608000000,35.608000000,24.023582397000144,-60.03814189609617,-34.51062728177877,0.5635065764369209,0.21451458987886993,-0.04998775795161255,0.7962066648153681,686,645,0,0,0,0,0.0000,0.9402,0.0000,0.0000,1.4156,39,True,65.57,True,0.0,0.0,0.0,0.00,0.0000,0.00,0.0000,0.0000,1.0000,36.6013,1,0,645,0,0.000727
827,35,641000000,35.641000000,24.023582397000144,-60.03814189609617,-34.51062728177877,0.5635065764369209,0.21451458987886993,-0.04998775795161255,0.7962066648153681,645,624,0,0,0,0,0.0000,0.9674,0.0000,0.0000,1.4123,40,True,65.57,True,0.0,0.0,0.0,0.00,0.0000,0.00,0.0000,0.0000,1.0000,49.6043,1,0,624,0,0.001067
828,35,674000000,35.674000000,24.023582397000144,-60.03814189609617,-34.51062728177877,0.5635065764369209,0.21451458987886993,-0.04998775795161255,0.7962066648153681,624,603,0,0,0,0,0.0000,0.9663,0.0000,0.0000,1.3633,41,True,67.21,True,0.0,0.0,0.0,0.00,0.0000,0.00,0.0000,0.0000,1.0000,33.8976,1,0,603,0,0.000791
829,35,707000000,35.707000000,24.023582397000144,-60.03814189609617,-34.51062728177877,0.5635065764369209,0.21451458987886993,-0.04998775795161255,0.7962066648153681,603,586,0,0,0,0,0.0000,0.9718,0.0000,0.0000,1.3969,42,True,68.85,True,0.0,0.0,0.0,0.00,0.0000,0.00,0.0000,0.0000,1.0000,41.9008,1,0,586,0,0.001051
830,35,740000000,35.740000000,24.023582397000144,-60.03814189609617,-34.51062728177877,0.5635065764369209,0.21451458987886993,-0.04998775795161255,0.7962066648153681,586,565,0,0,0,0,0.0000,0.9642,0.0000,0.0000,1.3521,43,True,70.49,True,0.0,0.0,0.0,0.00,0.0000,0.00,0.0000,0.0000,1.0000,40.1983,1,0,565,0,0.001095
831,35,773000000,35.773000000,24.023582397000144,-60.03814189609617,-34.51062728177877,0.5635065764369209,0.21451458987886993,-0.04998775795161255,0.7962066648153681,565,550,0,0,0,0,0.0000,0.9735,0.0000,0.0000,1.3894,44,True,72.13,True,0.0,0.0,0.0,0.00,0.0000,0.00,0.0000,0.0000,1.0000,30.3875,1,0,550,0,0.000894
832,35,806000000,35.806000000,24.023582397000144,-60.03814189609617,-34.51062728177877,0.5635065764369209,0.21451458987886993,-0.04998775795161255,0.7962066648153681,550,524,0,0,0,0,0.0000,0.9527,0.0000,0.0000,1.2880,45,True,73.77,True,0.0,0.0,0.0,0.00,0.0000,0.00,0.0000,0.0000,1.0000,36.3114,1,0,524,0,0.001155
833,35,839000000,35.839000000,24.023582397000144,-60.03814189609617,-34.51062728177877,0.5635065764369209,0.21451458987886993,-0.04998775795161255,0.7962066648153681,524,514,0,0,0,0,0.0000,0.9809,0.0000,0.0000,1.3218,46,True,75.41,True,0.0,0.0,0.0,0.00,0.0000,0.00,0.0000,0.0000,1.0000,28.5112,1,0,514,0,0.000986
834,35,872000000,35.872000000,24.023582397000144,-60.03814189609617,-34.51062728177877,0.5635065764369209,0.21451458987886993,-0.04998775795161255,0.7962066648153681,514,500,0,0,0,0,0.0000,0.9728,0.0000,0.0000,1.3259,47,True,77.05,True,0.0,0.0,0.0,0.00,0.0000,0.00,0.0000,0.0000,1.0000,21.7564,1,0,500,0,0.000808
835,35,905000000,35.905000000,24.023582397000144,-60.03814189609617,-34.51062728177877,0.5635065764369209,0.21451458987886993,-0.04998775795161255,0.7962066648153681,500,492,0,0,0,0,0.0000,0.9840,0.0000,0.0000,1.3822,48,True,78.69,True,0.0,0.0,0.0,0.00,0.0000,0.00,0.0000,0.0000,1.0000,34.1260,1,0,492,0,0.001398
836,35,938000000,35.938000000,24.023582397000144,-60.03814189609617,-34.51062728177877,0.5635065764369209,0.21451458987886993,-0.04998775795161255,0.7962066648153681,492,475,0,0,0,0,0.0000,0.9654,0.0000,0.0000,1.3090,49,True,80.33,True,0.0,0.0,0.0,0.00,0.0000,0.00,0.0000,0.0000,1.0000,21.8491,1,0,475,0,0.000999
837,35,971000000,35.971000000,24.023582397000144,-60.03814189609617,-34.51062728177877,0.5635065764369209,0.21451458987886993,-0.04998775795161255,0.7962066648153681,475,465,0,0,0,0,0.0000,0.9789,0.0000,0.0000,1.3034,50,True,81.97,True,0.0,0.0,0.0,0.00,0.0000,0.00,0.0000,0.0000,1.0000,21.8341,1,0,465,0,0.001116
838,36,4000000,36.004000000,24.023582397000144,-60.03814189609617,-34.51062728177877,0.5635065764369209,0.21451458987886993,-0.04998775795161255,0.7962066648153681,465,453,0,0,0,0,0.0000,0.9742,0.0000,0.0000,1.1999,51,True,83.61,True,0.0,0.0,0.0,0.00,0.0000,0.00,0.0000,0.0000,1.0000,16.9386,1,0,453,0,0.000979
839,36,37000000,36.037000000,24.023582397000144,-60.03814189609617,-34.51062728177877,0.5635065764369209,0.21451458987886993,-0.04998775795161255,0.7962066648153681,453,448,0,0,0,0,0.0000,0.9890,0.0000,0.0000,1.1591,52,True,85.25,True,0.0,0.0,0.0,0.00,0.0000,0.00,0.0000,0.0000,1.0000,8.0527,1,0,448,0,0.000517
840,36,70000000,36.070000000,24.023582397000144,-60.03814189609617,-34.51062728177877,0.5635065764369209,0.21451458987886993,-0.04998775795161255,0.7962066648153681,448,444,0,0,0,0,0.0000,0.9911,0.0000,0.0000,1.1310,53,True,86.89,True,0.0,0.0,0.0,0.00,0.0000,0.00,0.0000,0.0000,1.0000,20.6650,1,0,444,0,0.001578
841,36,103000000,36.103000000,24.023582397000144,-60.03814189609617,-34.51062728177877,0.5635065764369209,0.21451458987886993,-0.04998775795161255,0.7962066648153681,444,440,0,0,0,0,0.0000,0.9910,0.0000,0.0000,1.0868,54,True,88.52,True,0.0,0.0,0.0,0.00,0.0000,0.00,0.0000,0.0000,1.0000,10.1694,1,0,440,0,0.001029
842,36,136000000,36.136000000,24.023582397000144,-60.03814189609617,-34.51062728177877,0.5635065764369209,0.21451458987886993,-0.04998775795161255,0.7962066648153681,440,439,0,0,0,0,0.0000,0.9977,0.0000,0.0000,1.0509,55,True,90.16,True,0.0,0.0,0.0,0.00,0.0000,0.00,0.0000,0.0000,1.0000,6.1080,1,0,439,0,0.000828
843,36,169000000,36.169000000,24.023582397000144,-60.03814189609617,-34.51062728177877,0.5635065764369209,0.21451458987886993,-0.04998775795161255,0.7962066648153681,439,436,0,0,0,0,0.0000,0.9932,0.0000,0.0000,0.9400,56,True,91.80,True,0.0,0.0,0.0,0.00,0.0000,0.00,0.0000,0.0000,1.0000,4.6364,1,0,436,0,0.000922
844,36,202000000,36.202000000,24.023582397000144,-60.03814189609617,-34.51062728177877,0.5635065764369209,0.21451458987886993,-0.04998775795161255,0.7962066648153681,436,436,0,0,0,0,0.0000,1.0000,0.0000,0.0000,0.6055,57,True,93.44,True,0.0,0.0,0.0,0.00,0.0000,0.00,0.0000,0.0000,1.0000,2.3646,1,0,436,0,0.001174
845,36,235000000,36.235000000,24.023582397000144,-60.03814189609617,-34.51062728177877,0.5635065764369209,0.21451458987886993,-0.04998775795161255,0.7962066648153681,436,436,0,0,0,0,0.0000,1.0000,0.0000,0.0000,0.8898,58,True,95.08,True,0.0,0.0,0.0,0.00,0.0000,0.00,0.0000,0.0000,1.0000,0.2727,1,0,436,0,0.000463
846,36,268000000,36.268000000,24.023582397000144,-60.03814189609617,-34.51062728177877,0.5635065764369209,0.21451458987886993,-0.04998775795161255,0.7962066648153681,436,436,0,0,0,0,0.0000,1.0000,0.0000,0.0000,1.0214,59,True,96.72,True,0.0,0.0,0.0,0.00,0.0000,0.00,0.0000,0.0000,1.0000,4.2330,1,0,436,0,0.001248
847,36,301000000,36.301000000,24.023582397000144,-60.03814189609617,-34.51062728177877,0.5635065764369209,0.21451458987886993,-0.04998775795161255,0.7962066648153681,436,436,0,0,0,0,0.0000,1.0000,0.0000,0.0000,0.9903,60,True,98.36,True,0.0,0.0,0.0,0.00,0.0000,0.00,0.0000,0.0000,1.0000,7.6544,1,0,436,0,0.001047
848,36,334000000,36.334000000,24.023582397000144,-60.03814189609617,-34.51062728177877,0.5635065764369209,0.21451458987886993,-0.04998775795161255,0.7962066648153681,436,436,0,0,0,0,0.0000,1.0000,0.0000,0.0000,0.9308,61,True,100.00,True,0.0,0.0,0.0,0.00,0.0000,0.00,0.0000,0.0000,1.0000,7.8722,1,0,436,0,0.000741
849,36,367000000,36.367000000,24.023582397000144,-60.03814189609617,-34.51062728177877,0.5635065764369209,0.21451458987886993,-0.04998775795161255,0.7962066648153681,436,436,0,0,0,0,0.0000,1.0000,0.0000,0.0000,0.9059,62,True,100.00,True,0.0,0.0,0.0,0.00,0.0000,0.00,0.0000,0.0000,1.0000,14.0923,1,0,436,0,0.001004
850,36,400000000,36.400000000,24.023582397000144,-60.03814189609617,-34.51062728177877,0.5635065764369209,0.21451458987886993,-0.04998775795161255,0.7962066648153681,436,436,0,0,0,0,0.0000,1.0000,0.0000,0.0000,0.9236,63,True,100.00,True,0.0,0.0,0.0,0.00,0.0000,0.00,0.0000,0.0000,1.0000,14.4475,1,0,436,0,0.000709
851,36,433000000,36.433000000,24.023582397000144,-60.03814189609617,-34.51062728177877,0.5635065764369209,0.21451458987886993,-0.04998775795161255,0.7962066648153681,436,436,0,0,0,0,0.0000,1.0000,0.0000,0.0000,0.9733,64,True,100.00,True,0.0,0.0,0.0,0.00,0.0000,0.00,0.0000,0.0000,1.0000,14.2793,1,0,436,0,0.000384
852,36,466000000,36.466000000,24.023582397000144,-60.03814189609617,-34.51062728177877,0.5635065764369209,0.21451458987886993,-0.04998775795161255,0.7962066648153681,436,436,0,0,0,0,0.0000,1.0000,0.0000,0.0000,0.9522,65,True,100.00,True,0.0,0.0,0.0,0.00,0.0000,0.00,0.0000,0.0000,1.0000,19.7793,1,0,436,0,0.001202
853,36,499000000,36.499000000,24.023582397000144,-60.03814189609617,-34.51062728177877,0.5635065764369209,0.21451458987886993,-0.04998775795161255,0.7962066648153681,436,436,0,0,0,0,0.0000,1.0000,0.0000,0.0000,0.9524,66,True,100.00,True,0.0,0.0,0.0,0.00,0.0000,0.00,0.0000,0.0000,1.0000,18.9861,1,0,436,0,0.000667
854,36,532000000,36.532000000,24.023582397000144,-60.03814189609617,-34.51062728177877,0.5635065764369209,0.21451458987886993,-0.04998775795161255,0.7962066648153681,436,436,0,0,0,0,0.0000,1.0000,0.0000,0.0000,0.9679,67,True,100.00,True,0.0,0.0,0.0,0.00,0.0000,0.00,0.0000,0.0000,1.0000,33.9687,1,0,436,0,0.001034
855,36,565000000,36.565000000,24.023582397000144,-60.03814189609617,-34.51062728177877,0.5635065764369209,0.21451458987886993,-0.04998775795161255,0.7962066648153681,436,436,0,0,0,0,0.0000,1.0000,0.0000,0.0000,1.0303,68,True,100.00,True,0.0,0.0,0.0,0.00,0.0000,0.00,0.0000,0.0000,1.0000,19.3074,1,0,436,0,0.000517
856,36,598000000,36.598000000,24.023582397000144,-60.03814189609617,-34.51062728177877,0.5635065764369209,0.21451458987886993,-0.04998775795161255,0.7962066648153681,436,436,0,0,0,0,0.0000,1.0000,0.0000,0.0000,1.0519,69,True,100.00,True,0.0,0.0,0.0,0.00,0.0000,0.00,0.0000,0.0000,1.0000,37.9985,1,0,436,0,0.000914
857,36,631000000,36.631000000,24.023582397000144,-60.03814189609617,-34.51062728177877,0.5635065764369209,0.21451458987886993,-0.04998775795161255,0.7962066648153681,436,436,0,0,0,0,0.0000,1.0000,0.0000,0.0000,1.1031,70,True,100.00,True,0.0,0.0,0.0,0.00,0.0000,0.00,0.0000,0.0000,1.0000,33.1564,1,0,436,0,0.000710
858,36,664000000,36.664000000,24.023582397000144,-60.03814189609617,-34.51062728177877,0.5635065764369209,0.21451458987886993,-0.04998775795161255,0.7962066648153681,436,436,0,0,0,0,0.0000,1.0000,0.0000,0.0000,1.1165,71,True,100.00,True,0.0,0.0,0.0,0.00,0.0000,0.00,0.0000,0.0000,1.0000,31.7844,1,0,436,0,0.000622
859,36,697000000,36.697000000,24.023582397000144,-60.03814189609617,-34.51062728177877,0.5635065764369209,0.21451458987886993,-0.04998775795161255,0.7962066648153681,436,436,0,0,0,0,0.0000,1.0000,0.0000,0.0000,1.1678,72,True,100.00,True,0.0,0.0,0.0,0.00,0.0000,0.00,0.0000,0.0000,1.0000,37.7755,1,0,436,0,0.000681
860,36,730000000,36.730000000,24.023582397000144,-60.03814189609617,-34.51062728177877,0.5635065764369209,0.21451458987886993,-0.04998775795161255,0.7962066648153681,436,436,0,0,0,0,0.0000,1.0000,0.0000,0.0000,1.1721,73,True,100.00,True,0.0,0.0,0.0,0.00,0.0000,0.00,0.0000,0.0000,1.0000,19.2461,1,0,436,0,0.000327
861,36,763000000,36.763000000,24.023582397000144,-60.03814189609617,-34.51062728177877,0.5635065764369209,0.21451458987886993,-0.04998775795161255,0.7962066648153681,436,436,0,0,0,0,0.0000,1.0000,0.0000,0.0000,1.1893,74,True,100.00,True,0.0,0.0,0.0,0.00,0.0000,0.00,0.0000,0.0000,1.0000,39.7950,1,0,436,0,0.000641
862,36,796000000,36.796000000,24.023582397000144,-60.03814189609617,-34.51062728177877,0.5635065764369209,0.21451458987886993,-0.04998775795161255,0.7962066648153681,436,436,0,0,0,0,0.0000,1.0000,0.0000,0.0000,1.2080,75,True,100.00,True,0.0,0.0,0.0,0.00,0.0000,0.00,0.0000,0.0000,1.0000,58.9005,1,0,436,0,0.000879
863,36,829000000,36.829000000,24.023582397000144,-60.03814189609617,-34.51062728177877,0.5635065764369209,0.21451458987886993,-0.04998775795161255,0.7962066648153681,436,436,0,0,0,0,0.0000,1.0000,0.0000,0.0000,1.1827,76,True,100.00,True,0.0,0.0,0.0,0.00,0.0000,0.00,0.0000,0.0000,1.0000,29.3641,1,0,436,0,0.000416
864,36,862000000,36.862000000,24.023582397000144,-60.03814189609617,-34.51062728177877,0.5635065764369209,0.21451458987886993,-0.04998775795161255,0.7962066648153681,436,436,0,0,0,0,0.0000,1.0000,0.0000,0.0000,1.1666,77,True,100.00,True,0.0,0.0,0.0,0.00,0.0000,0.00,0.0000,0.0000,1.0000,57.6057,1,0,436,0,0.000782
865,36,895000000,36.895000000,24.023582397000144,-60.03814189609617,-34.51062728177877,0.5635065764369209,0.21451458987886993,-0.04998775795161255,0.7962066648153681,436,436,0,0,0,0,0.0000,1.0000,0.0000,0.0000,1.1664,78,True,100.00,True,0.0,0.0,0.0,0.00,0.0000,0.00,0.0000,0.0000,1.0000,50.1168,1,0,436,0,0.000652
866,36,928000000,36.928000000,24.023582397000144,-60.03814189609617,-34.51062728177877,0.5635065764369209,0.21451458987886993,-0.04998775795161255,0.7962066648153681,436,436,0,0,0,0,0.0000,1.0000,0.0000,0.0000,1.1564,79,True,100.00,True,0.0,0.0,0.0,0.00,0.0000,0.00,0.0000,0.0000,1.0000,54.6197,1,0,436,0,0.000692
867,36,961000000,36.961000000,24.023582397000144,-60.03814189609617,-34.51062728177877,0.5635065764369209,0.21451458987886993,-0.04998775795161255,0.7962066648153681,436,436,0,0,0,0,0.0000,1.0000,0.0000,0.0000,1.1585,80,True,100.00,True,0.0,0.0,0.0,0.00,0.0000,0.00,0.0000,0.0000,1.0000,40.0698,1,0,436,0,0.000498
868,36,994000000,36.994000000,24.023582397000144,-60.03814189609617,-34.51062728177877,0.5635065764369209,0.21451458987886993,-0.04998775795161255,0.7962066648153681,436,436,0,0,0,0,0.0000,1.0000,0.0000,0.0000,1.1441,81,True,100.00,True,0.0,0.0,0.0,0.00,0.0000,0.00,0.0000,0.0000,1.0000,56.8178,1,0,436,0,0.000699
869,37,27000000,37.027000000,24.023582397000144,-60.03814189609617,-34.51062728177877,0.5635065764369209,0.21451458987886993,-0.04998775795161255,0.7962066648153681,436,436,0,0,0,0,0.0000,1.0000,0.0000,0.0000,1.1350,82,True,100.00,True,0.0,0.0,0.0,0.00,0.0000,0.00,0.0000,0.0000,1.0000,52.9467,1,0,436,0,0.000649
870,37,60000000,37.060000000,24.023582397000144,-60.03814189609617,-34.51062728177877,0.5635065764369209,0.21451458987886993,-0.04998775795161255,0.7962066648153681,436,436,0,0,0,0,0.0000,1.0000,0.0000,0.0000,1.1097,83,True,100.00,True,0.0,0.0,0.0,0.00,0.0000,0.00,0.0000,0.0000,1.0000,38.6681,1,0,436,0,0.000475
871,37,93000000,37.093000000,24.023582397000144,-60.03814189609617,-34.51062728177877,0.5635065764369209,0.21451458987886993,-0.04998775795161255,0.7962066648153681,436,436,0,0,0,0,0.0000,1.0000,0.0000,0.0000,1.0951,84,True,100.00,True,0.0,0.0,0.0,0.00,0.0000,0.00,0.0000,0.0000,1.0000,58.3563,1,0,436,0,0.000722
872,37,126000000,37.126000000,24.023582397000144,-60.03814189609617,-34.51062728177877,0.5635065764369209,0.21451458987886993,-0.04998775795161255,0.7962066648153681,436,436,0,0,0,0,0.0000,1.0000,0.0000,0.0000,1.1902,85,True,100.00,True,0.0,0.0,0.0,0.00,0.0000,0.00,0.0000,0.0000,1.0000,62.4791,1,0,436,0,0.000478
873,37,159000000,37.159000000,24.023582397000144,-60.03814189609617,-34.51062728177877,0.5635065764369209,0.21451458987886993,-0.04998775795161255,0.7962066648153681,436,436,0,0,0,0,0.0000,1.0000,0.0000,0.0000,1.1660,86,True,100.00,True,0.0,0.0,0.0,0.00,0.0000,0.00,0.0000,0.0000,1.0000,49.4489,1,0,436,0,0.000942
874,37,192000000,37.192000000,24.023582397000144,-60.03814189609617,-34.51062728177877,0.5635065764369209,0.21451458987886993,-0.04998775795161255,0.7962066648153681,436,436,0,0,0,0,0.0000,1.0000,0.0000,0.0000,1.1530,87,True,100.00,True,0.0,0.0,0.0,0.00,0.0000,0.00,0.0000,0.0000,1.0000,55.6883,1,0,436,0,0.000729
875,37,225000000,37.225000000,24.023582397000144,-60.03814189609617,-34.51062728177877,0.5635065764369209,0.21451458987886993,-0.04998775795161255,0.7962066648153681,436,436,0,0,0,0,0.0000,1.0000,0.0000,0.0000,1.1538,88,True,100.00,True,0.0,0.0,0.0,0.00,0.0000,0.00,0.0000,0.0000,1.0000,54.3558,1,0,436,0,0.000734
876,37,258000000,37.258000000,24.023582397000144,-60.03814189609617,-34.51062728177877,0.5635065764369209,0.21451458987886993,-0.04998775795161255,0.7962066648153681,436,436,0,0,0,0,0.0000,1.0000,0.0000,0.0000,1.1897,89,True,100.00,True,0.0,0.0,0.0,0.00,0.0000,0.00,0.0000,0.0000,1.0000,55.4282,1,0,436,0,0.000770
877,37,291000000,37.291000000,24.023582397000144,-60.03814189609617,-34.51062728177877,0.5635065764369209,0.21451458987886993,-0.04998775795161255,0.7962066648153681,436,436,0,0,0,0,0.0000,1.0000,0.0000,0.0000,1.2126,90,True,100.00,True,0.0,0.0,0.0,0.00,0.0000,0.00,0.0000,0.0000,1.0000,53.6012,1,0,436,0,0.000771
878,37,324000000,37.324000000,24.023582397000144,-60.03814189609617,-34.51062728177877,0.5635065764369209,0.21451458987886993,-0.04998775795161255,0.7962066648153681,436,436,0,0,0,0,0.0000,1.0000,0.0000,0.0000,1.2275,91,True,100.00,True,0.0,0.0,0.0,0.00,0.0000,0.00,0.0000,0.0000,1.0000,54.9620,1,0,436,0,0.000816
879,37,357000000,37.357000000,24.023582397000144,-60.03814189609617,-34.51062728177877,0.5635065764369209,0.21451458987886993,-0.04998775795161255,0.7962066648153681,436,436,0,0,0,0,0.0000,1.0000,0.0000,0.0000,1.1884,92,True,100.00,True,0.0,0.0,0.0,0.00,0.0000,0.00,0.0000,0.0000,1.0000,50.9195,1,0,436,0,0.000781
880,37,390000000,37.390000000,24.023582397000144,-60.03814189609617,-34.51062728177877,0.5635065764369209,0.21451458987886993,-0.04998775795161255,0.7962066648153681,436,436,0,0,0,0,0.0000,1.0000,0.0000,0.0000,1.2631,93,True,100.00,True,0.0,0.0,0.0,0.00,0.0000,0.00,0.0000,0.0000,1.0000,47.0213,1,0,436,0,0.000745
881,37,423000000,37.423000000,24.023582397000144,-60.03814189609617,-34.51062728177877,0.5635065764369209,0.21451458987886993,-0.04998775795161255,0.7962066648153681,436,436,0,0,0,0,0.0000,1.0000,0.0000,0.0000,1.2375,94,True,100.00,True,0.0,0.0,0.0,0.00,0.0000,0.00,0.0000,0.0000,1.0000,59.3885,1,0,436,0,0.000976
882,37,456000000,37.456000000,24.023582397000144,-60.03814189609617,-34.51062728177877,0.5635065764369209,0.21451458987886993,-0.04998775795161255,0.7962066648153681,436,433,0,0,0,0,0.0000,0.9931,0.0000,0.0000,1.2003,95,True,100.00,True,0.0,0.0,0.0,0.00,0.0000,0.00,0.0000,0.0000,1.0000,35.1654,1,0,433,0,0.000594
883,37,489000000,37.489000000,24.023582397000144,-60.03814189609617,-34.51062728177877,0.5635065764369209,0.21451458987886993,-0.04998775795161255,0.7962066648153681,433,433,0,0,0,0,0.0000,1.0000,0.0000,0.0000,1.2373,96,True,100.00,True,0.0,0.0,0.0,0.00,0.0000,0.00,0.0000,0.0000,1.0000,59.6183,1,0,433,0,0.001046
884,37,522000000,37.522000000,24.023582397000144,-60.03814189609617,-34.51062728177877,0.5635065764369209,0.21451458987886993,-0.04998775795161255,0.7962066648153681,433,433,0,0,0,0,0.0000,1.0000,0.0000,0.0000,1.2344,97,True,100.00,True,0.0,0.0,0.0,0.00,0.0000,0.00,0.0000,0.0000,1.0000,49.1155,1,0,433,0,0.000895
885,37,555000000,37.555000000,24.023582397000144,-60.03814189609617,-34.51062728177877,0.5635065764369209,0.21451458987886993,-0.04998775795161255,0.7962066648153681,433,433,0,0,0,0,0.0000,1.0000,0.0000,0.0000,1.2527,98,True,100.00,True,0.0,0.0,0.0,0.00,0.0000,0.00,0.0000,0.0000,1.0000,34.6935,1,0,433,0,0.000653
886,37,588000000,37.588000000,24.023582397000144,-60.03814189609617,-34.51062728177877,0.5635065764369209,0.21451458987886993,-0.04998775795161255,0.7962066648153681,433,433,0,0,0,0,0.0000,1.0000,0.0000,0.0000,1.2304,99,True,100.00,True,0.0,0.0,0.0,0.00,0.0000,0.00,0.0000,0.0000,1.0000,44.3867,1,0,433,0,0.000862
887,37,621000000,37.621000000,24.023582397000144,-60.03814189609617,-34.51062728177877,0.5635065764369209,0.21451458987886993,-0.04998775795161255,0.7962066648153681,433,433,0,0,0,0,0.0000,1.0000,0.0000,0.0000,1.1915,100,True,100.00,True,0.0,0.0,0.0,0.00,0.0000,0.00,0.0000,0.0000,1.0000,57.0095,1,0,433,0,0.001155
888,37,654000000,37.654000000,24.023582397000144,-60.03814189609617,-34.51062728177877,0.5635065764369209,0.21451458987886993,-0.04998775795161255,0.7962066648153681,433,433,0,0,0,0,0.0000,1.0000,0.0000,0.0000,1.2078,101,True,100.00,True,0.0,0.0,0.0,0.00,0.0000,0.00,0.0000,0.0000,1.0000,42.2190,1,0,433,0,0.000895
889,37,687000000,37.687000000,24.023582397000144,-60.03814189609617,-34.51062728177877,0.5635065764369209,0.21451458987886993,-0.04998775795161255,0.7962066648153681,433,431,0,0,0,0,0.0000,0.9954,0.0000,0.0000,1.1882,102,True,100.00,True,0.0,0.0,0.0,0.00,0.0000,0.00,0.0000,0.0000,1.0000,29.9361,1,0,431,0,0.000661
890,37,720000000,37.720000000,24.023582397000144,-60.03814189609617,-34.51062728177877,0.5635065764369209,0.21451458987886993,-0.04998775795161255,0.7962066648153681,431,431,0,0,0,0,0.0000,1.0000,0.0000,0.0000,1.1467,103,True,100.00,True,0.0,0.0,0.0,0.00,0.0000,0.00,0.0000,0.0000,1.0000,39.5569,1,0,431,0,0.000909
891,37,753000000,37.753000000,24.023582397000144,-60.03814189609617,-34.51062728177877,0.5635065764369209,0.21451458987886993,-0.04998775795161255,0.7962066648153681,431,431,0,0,0,0,0.0000,1.0000,0.0000,0.0000,1.1328,104,True,100.00,True,0.0,0.0,0.0,0.00,0.0000,0.00,0.0000,0.0000,1.0000,35.3997,1,0,431,0,0.000855
892,37,786000000,37.786000000,24.023582397000144,-60.03814189609617,-34.51062728177877,0.5635065764369209,0.21451458987886993,-0.04998775795161255,0.7962066648153681,431,430,0,0,0,0,0.0000,0.9977,0.0000,0.0000,1.1047,105,True,100.00,True,0.0,0.0,0.0,0.00,0.0000,0.00,0.0000,0.0000,1.0000,34.6261,1,0,430,0,0.000883
893,37,819000000,37.819000000,24.023582397000144,-60.03814189609617,-34.51062728177877,0.5635065764369209,0.21451458987886993,-0.04998775795161255,0.7962066648153681,430,430,0,0,0,0,0.0000,1.0000,0.0000,0.0000,1.0731,106,True,100.00,True,0.0,0.0,0.0,0.00,0.0000,0.00,0.0000,0.0000,1.0000,34.5314,1,0,430,0,0.000936
894,37,852000000,37.852000000,24.023582397000144,-60.03814189609617,-34.51062728177877,0.5635065764369209,0.21451458987886993,-0.04998775795161255,0.7962066648153681,430,430,0,0,0,0,0.0000,1.0000,0.0000,0.0000,1.0795,107,True,100.00,True,0.0,0.0,0.0,0.00,0.0000,0.00,0.0000,0.0000,1.0000,29.4975,1,0,430,0,0.000854
895,37,885000000,37.885000000,24.023582397000144,-60.03814189609617,-34.51062728177877,0.5635065764369209,0.21451458987886993,-0.04998775795161255,0.7962066648153681,430,430,0,0,0,0,0.0000,1.0000,0.0000,0.0000,1.0756,108,True,100.00,True,0.0,0.0,0.0,0.00,0.0000,0.00,0.0000,0.0000,1.0000,26.7479,1,0,430,0,0.000831
896,37,918000000,37.918000000,24.023582397000144,-60.03814189609617,-34.51062728177877,0.5635065764369209,0.21451458987886993,-0.04998775795161255,0.7962066648153681,430,429,0,0,0,0,0.0000,0.9977,0.0000,0.0000,1.0618,109,True,100.00,True,0.0,0.0,0.0,0.00,0.0000,0.00,0.0000,0.0000,1.0000,19.7500,1,0,429,0,0.000655
897,37,951000000,37.951000000,24.023582397000144,-60.03814189609617,-34.51062728177877,0.5635065764369209,0.21451458987886993,-0.04998775795161255,0.7962066648153681,429,429,0,0,0,0,0.0000,1.0000,0.0000,0.0000,1.0707,110,True,100.00,True,0.0,0.0,0.0,0.00,0.0000,0.00,0.0000,0.0000,1.0000,29.0175,1,0,429,0,0.001064
898,37,984000000,37.984000000,24.023582397000144,-60.03814189609617,-34.51062728177877,0.5635065764369209,0.21451458987886993,-0.04998775795161255,0.7962066648153681,429,429,0,0,0,0,0.0000,1.0000,0.0000,0.0000,1.0455,111,True,100.00,True,0.0,0.0,0.0,0.00,0.0000,0.00,0.0000,0.0000,1.0000,17.0339,1,0,429,0,0.000699
899,38,17000000,38.017000000,24.023582397000144,-60.03814189609617,-34.51062728177877,0.5635065764369209,0.21451458987886993,-0.04998775795161255,0.7962066648153681,429,428,0,0,0,0,0.0000,0.9977,0.0000,0.0000,1.0844,112,True,100.00,True,0.0,0.0,0.0,0.00,0.0000,0.00,0.0000,0.0000,1.0000,17.1596,1,0,428,0,0.000793
900,38,50000000,38.050000000,24.023582397000144,-60.03814189609617,-34.51062728177877,0.5635065764369209,0.21451458987886993,-0.04998775795161255,0.7962066648153681,428,422,0,0,0,0,0.0000,0.9860,0.0000,0.0000,1.0847,113,True,100.00,True,0.0,0.0,0.0,0.00,0.0000,0.00,0.0000,0.0000,1.0000,15.7690,1,0,422,0,0.000856
901,38,83000000,38.083000000,24.023582397000144,-60.03814189609617,-34.51062728177877,0.5635065764369209,0.21451458987886993,-0.04998775795161255,0.7962066648153681,422,418,0,0,0,0,0.0000,0.9905,0.0000,0.0000,1.0186,114,True,100.00,True,0.0,0.0,0.0,0.00,0.0000,0.00,0.0000,0.0000,1.0000,11.3878,1,0,418,0,0.000758
902,38,116000000,38.116000000,24.023582397000144,-60.03814189609617,-34.51062728177877,0.5635065764369209,0.21451458987886993,-0.04998775795161255,0.7962066648153681,418,416,0,0,0,0,0.0000,0.9952,0.0000,0.0000,0.9917,115,True,100.00,True,0.0,0.0,0.0,0.00,0.0000,0.00,0.0000,0.0000,1.0000,8.3067,1,0,416,0,0.000716
903,38,149000000,38.149000000,24.023582397000144,-60.03814189609617,-34.51062728177877,0.5635065764369209,0.21451458987886993,-0.04998775795161255,0.7962066648153681,416,414,0,0,0,0,0.0000,0.9952,0.0000,0.0000,0.8816,116,True,100.00,True,0.0,0.0,0.0,0.00,0.0000,0.00,0.0000,0.0000,1.0000,5.6364,1,0,414,0,0.000708
904,38,182000000,38.182000000,24.023582397000144,-60.03814189609617,-34.51062728177877,0.5635065764369209,0.21451458987886993,-0.04998775795161255,0.7962066648153681,414,414,0,0,0,0,0.0000,1.0000,0.0000,0.0000,0.5973,117,True,100.00,True,0.0,0.0,0.0,0.00,0.0000,0.00,0.0000,0.0000,1.0000,2.6676,1,0,414,0,0.000610
905,38,215000000,38.215000000,24.023582397000144,-60.03814189609617,-34.51062728177877,0.5635065764369209,0.21451458987886993,-0.04998775795161255,0.7962066648153681,414,414,0,0,0,0,0.0000,1.0000,0.0000,0.0000,0.7269,118,True,100.00,True,0.0,0.0,0.0,0.00,0.0000,0.00,0.0000,0.0000,1.0000,0.1057,1,0,414,0,0.000723
906,38,248000000,38.248000000,24.023582397000144,-60.03814189609617,-34.51062728177877,0.5635065764369209,0.21451458987886993,-0.04998775795161255,0.7962066648153681,414,414,0,0,0,0,0.0000,1.0000,0.0000,0.0000,0.9930,119,True,100.00,True,0.0,0.0,0.0,0.00,0.0000,0.00,0.0000,0.0000,1.0000,1.8110,1,0,414,0,0.000470
907,38,281000000,38.281000000,24.023582397000144,-60.03814189609617,-34.51062728177877,0.5635065764369209,0.21451458987886993,-0.04998775795161255,0.7962066648153681,414,414,0,0,0,0,0.0000,1.0000,0.0000,0.0000,0.8881,120,True,100.00,True,0.0,0.0,0.0,0.00,0.0000,0.00,0.0000,0.0000,1.0000,3.1382,1,0,414,0,0.000455
908,38,314000000,38.314000000,24.023582397000144,-60.03814189609617,-34.51062728177877,0.5635065764369209,0.21451458987886993,-0.04998775795161255,0.7962066648153681,414,414,0,0,0,0,0.0000,1.0000,0.0000,0.0000,0.8299,121,True,100.00,True,0.0,0.0,0.0,0.00,0.0000,0.00,0.0000,0.0000,1.0000,9.7941,1,0,414,0,0.000805
909,38,347000000,38.347000000,24.023582397000144,-60.03814189609617,-34.51062728177877,0.5635065764369209,0.21451458987886993,-0.04998775795161255,0.7962066648153681,414,414,0,0,0,0,0.0000,1.0000,0.0000,0.0000,0.8129,122,True,100.00,True,0.0,0.0,0.0,0.00,0.0000,0.00,0.0000,0.0000,1.0000,11.3557,1,0,414,0,0.000623
910,38,380000000,38.380000000,24.023582397000144,-60.03814189609617,-34.51062728177877,0.5635065764369209,0.21451458987886993,-0.04998775795161255,0.7962066648153681,414,414,0,0,0,0,0.0000,1.0000,0.0000,0.0000,0.8803,123,True,100.00,True,0.0,0.0,0.0,0.00,0.0000,0.00,0.0000,0.0000,1.0000,14.8433,1,0,414,0,0.000613
911,38,413000000,38.413000000,24.023582397000144,-60.03814189609617,-34.51062728177877,0.5635065764369209,0.21451458987886993,-0.04998775795161255,0.7962066648153681,414,414,0,0,0,0,0.0000,1.0000,0.0000,0.0000,0.8998,124,True,100.00,True,0.0,0.0,0.0,0.00,0.0000,0.00,0.0000,0.0000,1.0000,17.0694,1,0,414,0,0.000327
912,38,446000000,38.446000000,24.023582397000144,-60.03814189609617,-34.51062728177877,0.5635065764369209,0.21451458987886993,-0.04998775795161255,0.7962066648153681,414,414,0,0,0,0,0.0000,1.0000,0.0000,0.0000,0.9279,125,True,100.00,True,0.0,0.0,0.0,0.00,0.0000,0.00,0.0000,0.0000,1.0000,17.2257,1,0,414,0,0.000700
913,38,479000000,38.479000000,24.023582397000144,-60.03814189609617,-34.51062728177877,0.5635065764369209,0.21451458987886993,-0.04998775795161255,0.7962066648153681,414,414,0,0,0,0,0.0000,1.0000,0.0000,0.0000,0.9325,126,True,100.00,True,0.0,0.0,0.0,0.00,0.0000,0.00,0.0000,0.0000,1.0000,18.1095,1,0,414,0,0.000420
914,38,512000000,38.512000000,24.023582397000144,-60.03814189609617,-34.51062728177877,0.5635065764369209,0.21451458987886993,-0.04998775795161255,0.7962066648153681,414,414,0,0,0,0,0.0000,1.0000,0.0000,0.0000,0.9529,127,True,100.00,True,0.0,0.0,0.0,0.00,0.0000,0.00,0.0000,0.0000,1.0000,17.4762,1,0,414,0,0.000355
915,38,545000000,38.545000000,24.023582397000144,-60.03814189609617,-34.51062728177877,0.5635065764369209,0.21451458987886993,-0.04998775795161255,0.7962066648153681,414,414,0,0,0,0,0.0000,1.0000,0.0000,0.0000,0.9737,128,True,100.00,True,0.0,0.0,0.0,0.00,0.0000,0.00,0.0000,0.0000,1.0000,38.2983,1,0,414,0,0.000649
916,38,578000000,38.578000000,24.023582397000144,-60.03814189609617,-34.51062728177877,0.5635065764369209,0.21451458987886993,-0.04998775795161255,0.7962066648153681,414,414,0,0,0,0,0.0000,1.0000,0.0000,0.0000,1.0467,129,True,100.00,True,0.0,0.0,0.0,0.00,0.0000,0.00,0.0000,0.0000,1.0000,28.1489,1,0,414,0,0.000394
917,38,611000000,38.611000000,24.023582397000144,-60.03814189609617,-34.51062728177877,0.5635065764369209,0.21451458987886993,-0.04998775795161255,0.7962066648153681,414,414,0,0,0,0,0.0000,1.0000,0.0000,0.0000,1.0417,130,True,100.00,True,0.0,0.0,0.0,0.00,0.0000,0.00,0.0000,0.0000,1.0000,31.8642,1,0,414,0,0.000380
918,38,644000000,38.644000000,24.023582397000144,-60.03814189609617,-34.51062728177877,0.5635065764369209,0.21451458987886993,-0.04998775795161255,0.7962066648153681,414,414,0,0,0,0,0.0000,1.0000,0.0000,0.0000,1.0696,131,True,100.00,True,0.0,0.0,0.0,0.00,0.0000,0.00,0.0000,0.0000,1.0000,29.4827,1,0,414,0,0.000302
919,38,677000000,38.677000000,24.023582397000144,-60.03814189609617,-34.51062728177877,0.5635065764369209,0.21451458987886993,-0.04998775795161255,0.7962066648153681,414,414,0,0,0,0,0.0000,1.0000,0.0000,0.0000,1.1388,132,True,100.00,True,0.0,0.0,0.0,0.00,0.0000,0.00,0.0000,0.0000,1.0000,14.0235,1,0,414,0,0.000130
920,38,710000000,38.710000000,24.023582397000144,-60.03814189609617,-34.51062728177877,0.5635065764369209,0.21451458987886993,-0.04998775795161255,0.7962066648153681,414,414,0,0,0,0,0.0000,1.0000,0.0000,0.0000,1.1101,133,True,100.00,True,0.0,0.0,0.0,0.00,0.0000,0.00,0.0000,0.0000,1.0000,33.0922,1,0,414,0,0.000270
921,38,743000000,38.743000000,24.023582397000144,-60.03814189609617,-34.51062728177877,0.5635065764369209,0.21451458987886993,-0.04998775795161255,0.7962066648153681,414,410,0,0,0,0,0.0000,0.9903,0.0000,0.0000,1.1395,134,True,100.00,True,0.0,0.0,0.0,0.00,0.0000,0.00,0.0000,0.0000,1.0000,71.0879,1,0,410,0,0.000448
922,38,776000000,38.776000000,24.023582397000144,-60.03814189609617,-34.51062728177877,0.5635065764369209,0.21451458987886993,-0.04998775795161255,0.7962066648153681,410,410,0,0,0,0,0.0000,1.0000,0.0000,0.0000,1.1607,135,True,100.00,True,0.0,0.0,0.0,0.00,0.0000,0.00,0.0000,0.0000,1.0000,42.0253,1,0,410,0,0.000200
923,38,809000000,38.809000000,24.023582397000144,-60.03814189609617,-34.51062728177877,0.5635065764369209,0.21451458987886993,-0.04998775795161255,0.7962066648153681,410,410,0,0,0,0,0.0000,1.0000,0.0000,0.0000,1.1191,136,True,100.00,True,0.0,0.0,0.0,0.00,0.0000,0.00,0.0000,0.0000,1.0000,43.8210,1,0,410,0,0.000999
924,38,842000000,38.842000000,24.023582397000144,-60.03814189609617,-34.51062728177877,0.5635065764369209,0.21451458987886993,-0.04998775795161255,0.7962066648153681,410,410,0,0,0,0,0.0000,1.0000,0.0000,0.0000,2.4225,137,True,100.00,True,0.0,0.0,0.0,0.00,0.0000,0.00,0.0000,0.0000,1.0000,43.1111,1,0,410,0,0.003885
925,38,875000000,38.875000000,24.023582397000144,-60.03814189609617,-34.51062728177877,0.5635065764369209,0.21451458987886993,-0.04998775795161255,0.7962066648153681,410,393,0,0,0,0,0.0000,0.9585,0.0000,0.0000,3.9491,138,True,100.00,True,0.0,0.0,0.0,0.00,0.0000,0.00,0.0000,0.0000,1.0000,41.9152,0,0,393,0,0.007269
926,38,908000000,38.908000000,24.67177020225583,-59.81448555891425,-33.782732775716134,0.5951655252789831,0.19205330440404633,-0.052101566758892846,0.7785749498462865,393,378,331,337,331,0,0.8757,0.9618,54.8606,764.2562,4.2376,0,True,98.36,True,0.33190872849045827,0.9263568957221204,0.17804352754291267,4.89,0.0000,0.00,0.0000,0.0000,1.0000,42.3371,0,378,0,378,0.009981
927,38,941000000,38.941000000,25.64465302422271,-59.72327219263456,-33.99528661956207,0.6280064195597542,0.17424914093185523,-0.05866900029876689,0.7561766475369308,331,331,180,326,180,0,0.5438,1.0000,35.2473,287.6650,3.1423,0,True,96.72,True,0.9860318845662331,0.13470329524649108,0.09795991460030534,5.05,0.0000,0.00,0.0000,0.0000,1.0000,33.3224,0,331,0,0,0.005042
928,38,974000000,38.974000000,26.32360375017936,-59.1747828865403,-34.483329028398806,0.6594545957870243,0.15970995554419798,-0.06456459091584887,0.7317402406560076,180,180,160,179,160,0,0.8889,1.0000,32.2053,43.5513,2.9178,0,True,95.08,True,0.8689978848691715,-0.13263782983490335,-0.47670733389532965,4.91,0.0000,0.00,0.0000,0.0000,1.0000,30.9682,0,180,0,0,0.016775
929,39,7000000,39.007000000,26.554660046526596,-58.83915772047359,-33.57011014126333,0.6936640209235173,0.14119327838519366,-0.05727181957926729,0.7039990219433114,160,160,160,160,160,0,1.0000,1.0000,27.0432,34.9448,2.7544,0,True,93.44,True,-0.03488696118022488,0.9739291297870153,-0.22415385361826035,5.54,0.0000,0.00,0.0000,0.0000,1.0000,32.7555,0,160,0,0,0.013203
930,39,40000000,39.040000000,27.40515546935368,-58.34566632676238,-33.75210953709514,0.7176130943670411,0.13259962924719812,-0.05995070111757968,0.6810687913507537,160,160,94,160,94,0,0.5875,1.0000,22.4943,29.4426,2.5252,0,True,91.80,True,0.9185193968796892,0.07571545103288017,-0.388058356475749,3.94,0.0000,0.00,0.0000,0.0000,1.0000,23.5231,0,160,0,0,0.011071
931,39,73000000,39.073000000,27.40515546935368,-58.34566632676238,-33.75210953709514,0.7176130943670411,0.13259962924719812,-0.05995070111757968,0.6810687913507537,2000,0,0,0,0,0,0.0000,0.0000,0.0000,0.0000,0.0000,1,True,91.80,True,0.0,0.0,0.0,0.00,0.0000,0.00,0.0000,0.0000,1.0000,18.9507,0,2000,0,0,0.010886
932,39,106000000,39.106000000,27.52828814200291,-57.479368155083954,-33.26799609721472,0.7315689427198876,0.12787174776090113,-0.05897373268294781,0.6670665611659145,2000,1911,1009,1753,1009,0,0.5280,0.9555,36.3800,908.6250,5.6398,0,True,90.16,True,0.08294577374471981,0.4668451261988213,-0.8804405867304713,2.33,0.0000,0.00,0.0000,0.0000,1.0000,11.1988,0,1911,0,0,0.008180
933,39,139000000,39.139000000,27.92153036672042,-56.87924759720596,-32.57142171589468,0.7419947501453527,0.12478163561174267,-0.05680347116688474,0.6562367711689029,1009,1003,977,988,977,0,0.9741,0.9941,15.2217,81.9221,2.1804,0,True,88.52,True,0.2637698842772582,0.7274565162947118,-0.6334291318282759,1.78,0.0000,0.00,0.0000,0.0000,1.0000,15.8267,0,1003,0,0,0.015930
934,39,172000000,39.172000000,28.06558481564764,-56.06570768255249,-32.00803807838834,0.7486963138468846,0.12332239927366512,-0.05542879347502703,0.648978477550201,977,959,783,936,783,0,0.8165,0.9816,11.6180,291.2907,1.8811,0,True,86.89,True,0.08887626440103967,0.4905696870052096,-0.8668577690819453,1.16,0.0000,0.00,0.0000,0.0000,1.0000,9.3571,0,959,0,0,0.014883
935,39,205000000,39.205000000,28.412631052766184,-56.92554080064133,-31.633543861691397,0.7571661001426463,0.12044749592944301,-0.05611967474366978,0.6395642888918734,783,765,759,760,759,0,0.9922,0.9770,7.6380,112.1794,1.6467,0,True,85.25,True,0.14641239488505378,0.5572613966754582,0.8173268296093924,1.49,0.0000,0.00,0.0000,0.0000,1.0000,5.9074,0,765,0,0,0.014062
936,39,238000000,39.238000000,28.679134867920265,-56.398846240825414,-30.826345895162365,0.7575368827216408,0.11971991557717518,-0.05069257932584936,0.6397149955502571,759,759,757,757,757,0,0.9974,1.0000,4.5060,15.9383,1.5714,0,True,83.61,True,0.12238986532745945,0.7580779970391675,-0.6405766708757121,0.63,0.0000,0.00,0.0000,0.0000,1.0000,6.0239,0,759,0,0,0.022069
937,39,271000000,39.271000000,28.896803001439377,-56.10418752842918,-29.895863855110402,0.7560581746153352,0.1166413273529591,-0.04279530542008616,0.6426036096884834,757,748,744,744,744,0,0.9947,0.9881,4.0156,19.5518,1.5431,0,True,81.97,True,0.03065671799581293,0.8990999330815334,-0.43666861116240946,1.04,0.0000,0.00,0.0000,0.0000,1.0000,3.6697,0,748,0,0,0.022903
938,39,304000000,39.304000000,29.127509850527066,-55.84061878519153,-28.95921778141334,0.7528622783399418,0.1134408960581927,-0.0339247614467335,0.6474400848843767,744,743,742,742,742,0,0.9987,0.9987,4.8086,9.6224,1.3602,0,True,80.33,True,0.054551924438512485,0.9154389964377695,-0.39874243734654574,1.27,0.0000,0.00,0.0000,0.0000,1.0000,2.2645,0,743,0,0,0.023988
939,39,337000000,39.337000000,29.528343622579868,-56.65380758105992,-28.53725063878727,0.7547183799228452,0.11398485393288511,-0.03470475268121548,0.6451381249173471,742,742,469,739,469,0,0.6321,1.0000,5.8488,14.2359,1.3239,0,True,78.69,True,0.2028769927813988,0.6047049242511072,0.7701771746724507,0.36,0.0000,0.00,0.0000,0.0000,1.0000,1.5206,0,742,0,0,0.029629
940,39,370000000,39.370000000,29.897727056508185,-57.39187777739409,-27.972619552127554,0.7571616061684706,0.11233446256960639,-0.03464866452999667,0.6425626356316302,469,469,469,469,469,0,1.0000,1.0000,9.2245,18.5963,0.9134,0,True,77.05,True,0.1523384986312488,0.7299789247862991,0.6662760322888823,0.45,0.0000,0.00,0.0000,0.0000,1.0000,0.7008,0,469,0,0,0.032156
941,39,403000000,39.403000000,30.24075123125461,-58.118183014766664,-27.376955957718202,0.7596512635389396,0.10920261763865709,-0.034259158942535936,0.6401804871542927,469,469,467,467,467,0,0.9957,1.0000,11.1965,22.6606,0.9478,0,True,75.41,True,0.12508550305096003,0.7568093598153405,0.641555305349728,0.54,0.0000,0.00,0.0000,0.0000,1.0000,0.1250,0,469,0,0,0.035161
942,39,436000000,39.436000000,30.664226606488455,-58.85697913333652,-26.852695619950186,0.7594540880755629,0.11182145569131617,-0.03392840191530295,0.6399799322602732,467,467,448,467,448,0,0.9593,1.0000,13.0880,26.5481,0.9911,0,True,73.77,True,0.22162366658310428,0.7104347413131809,0.6679561578019434,0.30,0.0000,0.00,0.0000,0.0000,1.0000,0.2916,0,467,0,0,0.038511
943,39,469000000,39.469000000,31.01284048472049,-59.647032478152404,-26.34842974142058,0.759825706134348,0.11231931983991417,-0.034245649222824935,0.6394345175211031,448,448,448,448,448,0,1.0000,1.0000,15.3695,30.3386,1.0101,0,True,72.13,True,0.1410539868219341,0.6838304448438975,0.7158768717497687,0.10,0.0000,0.00,0.0000,0.0000,1.0000,0.7010,0,448,0,0,0.048943
944,39,502000000,39.502000000,31.341126377550804,-60.49695533632818,-25.93628958598933,0.7581347192238482,0.11657342210126236,-0.03441812808857292,0.6406697879765022,448,448,448,448,448,0,1.0000,1.0000,17.1754,34.1233,1.0550,0,True,70.49,True,0.13073679150995024,0.6011759278546065,0.7883497923598615,0.54,0.0000,0.00,0.0000,0.0000,1.0000,0.8346,0,448,0,0,0.047866
945,39,535000000,39.535000000,31.66865043899161,-61.33827018531658,-25.506269453845604,0.7565394529089234,0.12053484185523697,-0.034627738365576595,0.6418101961069838,448,448,448,448,448,0,1.0000,1.0000,18.9377,37.9628,1.1041,0,True,68.85,True,0.11956774108639402,0.6144197742257286,0.7798665888034324,0.51,0.0000,0.00,0.0000,0.0000,1.0000,0.6659,0,448,0,0,0.036642
946,39,568000000,39.568000000,31.81788004979049,-60.69577963926555,-24.75464692790866,0.7392837531082842,0.12481208053497046,-0.02581658569440992,0.661222338435223,448,447,447,447,447,0,1.0000,0.9978,20.6783,37.3946,1.1500,0,True,67.21,True,0.07748149209470122,0.6629711533350856,-0.7446246492215558,3.18,0.0000,0.00,0.0000,0.0000,1.0000,1.1598,0,447,0,0,0.047692
947,39,601000000,39.601000000,31.95867643254583,-59.97652130063079,-24.07432066727532,0.7206993831648447,0.1302521926771335,-0.018174866260576152,0.6806588276405598,447,447,391,445,391,0,0.8747,1.0000,22.5333,41.0637,1.2378,0,True,65.57,True,0.10613820684297343,0.6236266405996751,-0.7744833724377314,3.26,0.0000,0.00,0.0000,0.0000,1.0000,0.9077,0,447,0,0,0.076750
948,39,634000000,39.634000000,32.366652575239875,-60.65062983049207,-23.458582770958454,0.7192330845605103,0.13294335259017367,-0.01727162114019793,0.6817122018702968,391,390,386,386,386,0,0.9897,0.9974,24.2141,42.4379,1.3130,0,True,63.93,True,0.15867140717078682,0.7144863301457762,0.6814195980313914,0.39,0.0000,0.00,0.0000,0.0000,1.0000,0.5305,0,390,0,0,0.039153
949,39,667000000,39.667000000,32.72253330698766,-61.409069063257434,-22.91258017483558,0.7186371192412957,0.1340098519923297,-0.017841211374589758,0.6821171025522325,386,385,374,376,374,0,0.9714,0.9974,26.0150,70.4200,1.5290,0,True,62.30,True,0.10337647290549291,0.6360395594168836,0.7647005843507617,0.16,0.0000,0.00,0.0000,0.0000,1.0000,0.8993,0,385,0,0,0.084676
950,39,700000000,39.700000000,32.52605953898329,-62.23965127056812,-23.433666785088665,0.6965833386722049,0.14100417558664397,-0.013325291856531878,0.7033575984862559,374,370,231,366,231,0,0.6243,0.9893,27.8133,56.2752,1.4784,0,True,60.66,True,-0.22042582862770035,-0.5231635578520946,0.8232328624449645,3.64,0.0000,0.00,0.0000,0.0000,1.0000,0.4029,0,370,0,0,0.060033
951,39,733000000,39.733000000,32.830373181247424,-61.467468291023785,-22.875879501947548,0.6721372100950608,0.14810164604461235,0.0005374570723226958,0.7254634273238038,231,222,173,218,173,0,0.7793,0.9610,30.6255,49.1188,1.6325,0,True,59.02,True,0.308326083497653,0.6324995577078798,-0.7105486160245018,4.18,0.0000,0.00,0.0000,0.0000,1.0000,0.2350,0,222,0,0,0.087395
952,39,766000000,39.766000000,32.76709391292138,-60.726342976243664,-22.207501613330518,0.644147867675491,0.15512955694417094,0.015970659473105393,0.7488346166994534,173,170,123,165,123,0,0.7235,0.9827,33.0365,49.8280,1.7558,0,True,57.38,True,-0.05551651668041746,0.7108651482601094,-0.7011338369846414,4.61,0.0000,0.00,0.0000,0.0000,1.0000,0.1751,0,170,0,0,0.077030
953,39,799000000,39.799000000,33.21732977033387,-61.04890531306171,-21.374890532713355,0.646296245813157,0.14753093540628262,0.023499287774192384,0.7483204989976369,123,123,115,115,115,0,0.9350,1.0000,35.8309,47.2183,2.1775,0,True,55.74,True,0.1798439886748005,0.8318558580235819,0.5250447325794143,1.25,0.0000,0.00,0.0000,0.0000,1.0000,0.2272,0,123,0,0,0.038315
954,39,832000000,39.832000000,33.64020575565338,-61.51757723374927,-20.599311696102244,0.6429269829836727,0.14709774163716804,0.027576503460017852,0.7511635543699368,115,115,98,99,98,0,0.8522,1.0000,36.3990,53.0201,3.0460,0,True,54.10,True,0.15045288521172093,0.7447164121313127,0.6502010418583881,0.69,0.0000,0.00,0.0000,0.0000,1.0000,1.1314,0,115,0,0,0.104160
955,39,865000000,39.865000000,33.64020575565338,-61.51757723374927,-20.599311696102244,0.6429269829836727,0.14709774163716804,0.027576503460017852,0.7511635543699368,2000,0,0,0,0,0,0.0000,0.0000,0.0000,0.0000,0.0000,1,True,54.10,True,0.0,0.0,0.0,0.00,0.0000,0.00,0.0000,0.0000,1.0000,1.9622,0,2000,0,0,0.065924
956,39,898000000,39.898000000,34.068742873000424,-61.922992158880405,-19.791849822366544,0.6334422554042946,0.15137033724916185,0.03373005180636691,0.7580898453841307,2000,1903,1562,1578,1562,0,0.8208,0.9515,34.5900,1295.8348,5.2054,0,True,52.46,True,0.16605353192351188,0.7801321555011778,0.6031749700450223,1.60,0.0000,0.00,0.0000,0.0000,1.0000,1.1420,0,1903,0,0,0.091182
957,39,931000000,39.931000000,34.47925428796207,-62.31081475387481,-18.96657773814344,0.6221194898109597,0.1555468127669321,0.04052095100010706,0.7662444661891185,1562,1508,1358,1363,1358,0,0.9005,0.9654,35.6564,266.4782,4.2947,0,True,50.82,True,0.14242125854157506,0.7830448396489271,0.6054394802245884,1.84,0.0000,0.00,0.0000,0.0000,1.0000,3.8194,0,1508,0,0,0.132849
958,39,964000000,39.964000000,34.88181502340523,-62.61506877414832,-18.103227087812517,0.6091713379351278,0.15930710439921278,0.04876539221277526,0.7753408695848547,1358,1328,1190,1194,1190,0,0.8961,0.9779,36.3044,256.9579,4.8832,0,True,49.18,True,0.1417089796192467,0.8191641592299375,0.5557775142342317,2.09,0.0000,0.00,0.0000,0.0000,1.0000,2.0461,0,1328,0,0,0.059516
959,39,997000000,39.997000000,35.27648701170834,-62.84750837376022,-17.2142918515995,0.5936216815341663,0.16370979785731304,0.057730607980093405,0.7857986880876775,1190,1160,1068,1073,1068,0,0.9207,0.9748,36.6612,164.9440,4.6259,0,True,47.54,True,0.14328746615814147,0.8414623656382464,0.520970046410027,2.43,0.0000,0.00,0.0000,0.0000,1.0000,4.0237,0,1160,0,0,0.104997
960,40,30000000,40.030000000,35.66673346701493,-62.98589480895913,-16.30404084299059,0.576489200600803,0.16767720328434274,0.06740795415582511,0.7968693273090102,1068,1042,965,965,965,0,0.9261,0.9757,38.1174,103.5212,5.0940,0,True,45.90,True,0.15546846543447665,0.8669199699933315,0.4735813783102224,2.63,0.0000,0.00,0.0000,0.0000,1.0000,6.0093,0,1042,0,0,0.140737
961,40,63000000,40.063000000,36.00823335113771,-63.04376945860977,-15.36594257837654,0.5580844267567737,0.17087366140191737,0.07830728616166674,0.8082152766340543,965,933,664,668,664,0,0.7117,0.9668,39.2514,278.0026,8.4331,0,True,44.26,True,0.12400465893696644,0.893559095276846,0.43147999699864525,2.80,0.0000,0.00,0.0000,0.0000,1.0000,3.6373,0,933,0,0,0.079991
962,40,96000000,40.096000000,36.37403693753794,-62.95536013566728,-14.439459158236955,0.5373944434843828,0.17458938654038794,0.08908712371811393,0.8202373087144932,664,639,479,482,479,0,0.7496,0.9623,46.3670,377.6229,8.2054,0,True,42.62,True,0.1930872599254279,0.9162970935055127,0.3508802452231248,3.04,0.0000,0.00,0.0000,0.0000,1.0000,6.3418,0,639,0,0,0.136076
963,40,129000000,40.129000000,36.729545566498075,-62.752799678208696,-13.526999364158875,0.5146093079884292,0.1790304880582471,0.09927742193333908,0.8326279709279323,479,454,399,400,399,0,0.8789,0.9478,37.5763,272.5801,6.3274,0,True,40.98,True,0.22183660377934544,0.9298956452308029,0.29339838139368457,3.23,0.0000,0.00,0.0000,0.0000,1.0000,4.2719,0,454,0,0,0.091181
964,40,162000000,40.162000000,36.95711279131868,-62.54037196502827,-12.576690138243258,0.492417665023263,0.17898215559291886,0.11242378078341199,0.8443051134908002,399,376,327,330,327,0,0.8697,0.9424,35.4008,286.7855,6.4876,0,True,39.34,True,0.09653844243370989,0.9481932819594285,0.30267115683441165,3.24,0.0000,0.00,0.0000,0.0000,1.0000,4.9097,0,376,0,0,0.106989
965,40,195000000,40.195000000,37.12877982429191,-62.24528027239329,-11.636769225225601,0.46907479045881295,0.1776729575251791,0.1260896654749423,0.8558636324676343,327,320,298,298,298,0,0.9313,0.9786,32.6122,184.8434,5.8716,0,True,37.70,True,0.08435811257283919,0.9615691791220448,0.26128226615234623,3.37,0.0000,0.00,0.0000,0.0000,1.0000,3.3962,0,320,0,0,0.076176
966,40,228000000,40.228000000,37.21120931894398,-61.972493552266826,-10.678232432121648,0.44346273730700864,0.17828782869695062,0.1360389850657669,0.8677831787382018,298,298,285,286,285,0,0.9564,1.0000,31.7636,131.2375,6.1764,0,True,36.07,True,0.000817949808041337,0.9526023239263919,0.30421726349461004,3.43,0.0000,0.00,0.0000,0.0000,1.0000,7.3746,0,298,0,0,0.123297
967,40,261000000,40.261000000,37.245857186523885,-61.57872552488594,-9.759675811175125,0.41675840621200466,0.17999833994079462,0.14436109099869682,0.8792456447864009,285,278,266,272,266,0,0.9568,0.9754,31.0229,59.1586,6.2825,0,True,34.43,True,0.01299946970768965,0.9731483699717556,0.22981136570812596,3.47,0.0000,0.00,0.0000,0.0000,1.0000,4.8204,0,278,0,0,0.125458
968,40,294000000,40.294000000,37.25315493103311,-61.06252555048435,-8.903238814453918,0.3899029016594085,0.1807719385571863,0.15215650633020994,0.8900256350742013,266,262,261,262,261,0,0.9962,0.9850,30.4782,60.0761,5.1013,0,True,32.79,True,0.04697704106996432,0.9867740904952946,0.1551452607703343,3.44,0.0000,0.00,0.0000,0.0000,1.0000,4.1850,0,262,0,0,0.193864
969,40,327000000,40.327000000,37.195654859878545,-60.45400508105398,-8.11178661747584,0.365512022341226,0.1792763315074182,0.16255577275005126,0.8987972959632795,261,260,255,257,255,0,0.9808,0.9962,29.3536,60.7835,5.0088,0,True,31.15,True,0.03874896296612316,0.9956362543407955,0.08489385673463563,3.21,0.0000,0.00,0.0000,0.0000,1.0000,2.5125,0,260,0,0,0.092017
970,40,360000000,40.360000000,36.547529229213325,-60.345262840594756,-7.358057029351095,0.3384780206782718,0.18006973536735996,0.16614565244750773,0.9085170015444072,255,255,167,233,167,0,0.6549,1.0000,27.8068,61.1444,5.3344,0,True,29.51,True,-0.6795189399802521,0.7175510189977242,0.15288736162103803,3.32,0.0000,0.00,0.0000,0.0000,1.0000,2.7521,0,255,0,0,0.118891
971,40,393000000,40.393000000,36.24021741343573,-59.65798559405563,-6.699870555566466,0.3155582297426393,0.177975065505839,0.17660753087812284,0.9151817632235779,167,156,155,155,155,0,0.9936,0.9341,27.9549,96.9155,4.2999,0,True,27.87,True,-0.12047944316519382,0.9913532378139186,-0.05199482330448822,3.00,0.0000,0.00,0.0000,0.0000,1.0000,2.3457,0,156,0,0,0.130199
972,40,426000000,40.426000000,36.108928729832314,-58.77202711783965,-6.255077502587102,0.2923601907212613,0.17642585332673932,0.18253240035151122,0.9219985683184521,155,155,155,155,155,0,1.0000,1.0000,25.4136,103.6457,3.8864,0,True,26.23,True,0.17580444624778815,0.9668105420213499,-0.185391942963798,2.86,0.0000,0.00,0.0000,0.0000,1.0000,1.7009,0,155,0,0,0.081886
973,40,459000000,40.459000000,36.72275821801704,-58.04125392386167,-6.553714235756494,0.26785406396874556,0.1751830988104702,0.1815863987094784,0.9298341046177596,155,155,124,154,124,0,0.8000,1.0000,24.9992,110.8492,3.9194,0,True,24.59,True,0.921352329090762,0.23363378043168748,-0.3106849567008781,2.95,0.0000,0.00,0.0000,0.0000,1.0000,0.8205,0,155,0,0,0.152780
974,40,492000000,40.492000000,36.58591615376272,-58.69309769947554,-5.807809455208707,0.24914223786017778,0.17320001442626037,0.18033988667832393,0.935632099486553,124,124,122,122,122,0,0.9839,1.0000,24.2784,233.2865,2.7580,0,True,22.95,True,-0.5711566610891491,-0.0629487183340504,0.8184238066879502,2.26,0.0000,0.00,0.0000,0.0000,1.0000,0.4751,0,124,0,0,0.102773
975,40,525000000,40.525000000,36.47392420167567,-59.015057643416164,-6.747915617918769,0.22912614144518623,0.1759369522368046,0.17654816646456128,0.9409453464798402,122,122,122,122,122,0,1.0000,1.0000,20.1584,26.4770,2.5171,0,True,21.31,True,-0.014211397351633822,-0.7299367741641581,-0.6833669160181352,2.43,0.0000,0.00,0.0000,0.0000,1.0000,0.1253,0,122,0,0,0.092081
976,40,558000000,40.558000000,36.50523573946528,-58.02406765359525,-6.878140145854106,0.20950348162987686,0.17276840022263787,0.17746239348365417,0.9459209639121668,122,122,122,122,122,0,1.0000,1.0000,18.5805,24.3624,2.4415,0,True,19.67,True,0.46915005942215915,0.7530415081317057,-0.4613314521847722,2.35,0.0000,0.00,0.0000,0.0000,1.0000,0.3223,0,122,0,0,0.154962
977,40,591000000,40.591000000,36.292476370761314,-58.82249256627914,-7.441390631725525,0.19473839311395383,0.17350878178912554,0.17264089154370785,0.9498246066808558,122,122,96,122,96,0,0.7869,1.0000,17.1114,22.5666,2.3395,0,True,18.03,True,-0.3702954768824497,-0.8798003428028759,-0.29804801056933933,1.84,0.0000,0.00,0.0000,0.0000,1.0000,0.3261,0,122,0,0,0.072160
978,40,624000000,40.624000000,36.292476370761314,-58.82249256627914,-7.441390631725525,0.19473839311395383,0.17350878178912554,0.17264089154370785,0.9498246066808558,2000,0,0,0,0,0,0.0000,0.0000,0.0000,0.0000,0.0000,1,True,18.03,True,0.0,0.0,0.0,0.00,0.0000,0.00,0.0000,0.0000,1.0000,0.8750,0,2000,0,0,0.140317
979,40,657000000,40.657000000,35.995354953862844,-57.86893971561356,-7.391834354547318,0.1822503057861109,0.17087398533171733,0.17404465363555752,0.9525205329643052,2000,1934,1597,1619,1597,0,0.8257,0.9670,29.8750,236.6701,4.4138,0,True,16.39,True,0.10264119664860785,0.9230543443993536,-0.3707228911680819,1.50,0.0000,0.00,0.0000,0.0000,1.0000,0.7369,0,1934,0,0,0.100463
980,40,690000000,40.690000000,35.63562205728555,-56.93721754975797,-7.341974061994453,0.17153622429196044,0.16841424878258715,0.17596409198981372,0.9545934228208653,1597,1576,1545,1545,1545,0,0.9803,0.9869,27.7501,84.0753,2.7637,0,True,14.75,True,0.03695516188886294,0.9305261571328634,-0.3643561264769862,1.30,0.0000,0.00,0.0000,0.0000,1.0000,0.7276,0,1576,0,0,0.095930
981,40,723000000,40.723000000,35.294814556158805,-55.99724761882403,-7.359489087422964,0.1619131455961034,0.1656689098116335,0.1774007945458174,0.9564867504045795,1545,1504,1463,1463,1463,0,0.9727,0.9735,26.6970,153.0078,2.4373,0,True,13.11,True,0.07429599045556821,0.9144722991336123,-0.3977694305995765,1.18,0.0000,0.00,0.0000,0.0000,1.0000,0.7560,0,1504,0,0,0.097263
982,40,756000000,40.756000000,34.92347169587791,-55.06953227720181,-7.3975512081882755,0.15350034443151703,0.1630063381693294,0.17840149554315493,0.9581437701952654,1463,1414,1393,1394,1393,0,0.9851,0.9665,25.1718,179.6074,2.2074,0,True,11.48,True,0.04689252891998997,0.9127530646739882,-0.40581145087309967,1.04,0.0000,0.00,0.0000,0.0000,1.0000,0.4925,0,1414,0,0,0.038539
983,40,789000000,40.789000000,34.56795873201543,-54.142643366756936,-7.517915157192995,0.14612386421195972,0.16055579510230358,0.17910343093122966,0.9595788732540407,1393,1364,1343,1344,1343,0,0.9846,0.9792,23.2350,50.3097,2.1199,0,True,9.84,True,0.08027364586209051,0.8855512707702777,-0.4575533724246321,0.91,0.0000,0.00,0.0000,0.0000,1.0000,0.5203,0,1364,0,0,0.149766
984,40,822000000,40.822000000,34.14564016308465,-53.23755737578077,-7.567577771652135,0.1406603887913102,0.15835784062656205,0.181164037437165,0.9603733861767699,1343,1306,1303,1303,1303,0,0.9977,0.9724,21.4363,48.1766,1.9097,0,True,8.20,True,-0.0071762407228800635,0.9169313166700848,-0.39898052844562737,0.72,0.0000,0.00,0.0000,0.0000,1.0000,0.1440,0,1306,0,0,0.040216
985,40,855000000,40.855000000,33.70502891282506,-52.364981472469495,-7.778464042199006,0.13750783428577013,0.15782853045315162,0.18096841313009598,0.9609537886569836,1303,1281,1260,1260,1260,0,0.9836,0.9831,19.1000,40.3145,1.8104,0,True,6.56,True,0.006308992273000661,0.8453856360632144,-0.5341192029448987,0.37,0.0000,0.00,0.0000,0.0000,1.0000,0.1574,0,1281,0,0,0.142282
986,40,888000000,40.888000000,33.337975774519855,-51.45237875487524,-7.958542562572345,0.13713483464370632,0.15690322888325473,0.18154012061455937,0.961050778315331,1260,1219,1217,1217,1217,0,0.9984,0.9675,16.5738,45.8450,1.6689,0,True,4.92,True,0.07795539600340755,0.8721695348436963,-0.48295264646182695,0.13,0.0000,0.00,0.0000,0.0000,1.0000,0.1537,0,1219,0,0,0.063291
987,40,921000000,40.921000000,32.96519941762034,-50.54418067057534,-8.148842398123197,0.13920424001402043,0.15582483001991657,0.18114600596120764,0.9610030834683546,1217,1201,1200,1201,1200,0,0.9992,0.9869,15.1512,29.2813,1.5655,0,True,4.92,True,0.07405386545415281,0.8672087642899448,-0.4924073355972729,0.27,0.0000,0.00,0.0000,0.0000,1.0000,0.4294,0,1201,0,0,0.051790
988,40,954000000,40.954000000,32.54080069663473,-49.65205027986757,-8.303726521264833,0.14396474576764565,0.15537284553037894,0.18123205823053953,0.9603584601165195,1200,1178,1173,1173,1173,0,0.9958,0.9817,14.3947,29.2744,1.6366,0,True,4.92,True,0.011950302288019937,0.8781720629465662,-0.4781955856502619,0.55,0.0000,0.00,0.0000,0.0000,1.0000,0.5552,0,1178,0,0,0.107590
989,40,987000000,40.987000000,32.1782181626762,-48.75408342575878,-8.553104617717093,0.14937532008904614,0.1544159189463564,0.1805139287709072,0.9598215767755688,1173,1161,1153,1153,1153,0,0.9931,0.9898,14.1219,25.0104,1.6817,0,True,4.92,True,0.09289975214558686,0.8287485905742422,-0.5518563306445762,0.64,0.0000,0.00,0.0000,0.0000,1.0000,1.0367,0,1161,0,0,0.092750
990,41,20000000,41.020000000,31.775983555071623,-47.84985659311828,-8.696565955986697,0.1548219179975288,0.15224344789507327,0.17971147955850547,0.9594560388029664,1153,1136,1135,1135,1135,0,0.9991,0.9853,13.9859,23.5955,1.6762,0,True,4.92,True,0.032998309188398106,0.8766384086176852,-0.4800168873351847,0.68,0.0000,0.00,0.0000,0.0000,1.0000,1.0575,0,1136,0,0,0.067248
991,41,53000000,41.053000000,31.515271496381455,-46.940673158507636,-9.021242263534841,0.1595032455647992,0.14865340203905344,0.17675690692323467,0.9598009567464714,1135,1113,1049,1107,1049,0,0.9425,0.9806,13.8899,25.5608,1.6354,0,True,4.92,True,0.20139039873550346,0.7702633382450369,-0.6050919740442496,0.76,0.0000,0.00,0.0000,0.0000,1.0000,1.3466,0,1113,0,0,0.065692
992,41,86000000,41.086000000,31.114458087183518,-46.030953028411865,-9.129676095458423,0.1646137070324109,0.1447222953778869,0.1752622607039097,0.9598129633686752,1049,1039,1036,1036,1036,0,0.9971,0.9905,14.1646,21.7467,1.6106,0,True,3.28,True,0.018584874265018557,0.8846775924585718,-0.46583275952884484,0.76,0.0000,0.00,0.0000,0.0000,1.0000,1.8315,0,1039,0,0,0.068743
993,41,119000000,41.119000000,30.774399116400524,-45.114774016234534,-9.341751351053585,0.1695928627593493,0.1409746818296848,0.17411623807206744,0.9597124233976232,1036,1025,1023,1023,1023,0,0.9980,0.9894,13.9953,20.9527,1.6149,0,True,3.28,True,0.09364726728836509,0.8306748125968892,-0.5488256053124203,0.73,0.0000,0.00,0.0000,0.0000,1.0000,2.6451,0,1025,0,0,0.075637
994,41,152000000,41.152000000,30.467331409365663,-44.18214315145918,-9.531248299220827,0.17417148465372012,0.13671557467537102,0.17302457660554718,0.9597060182499498,1023,1009,1008,1008,1008,0,0.9990,0.9863,13.4887,20.0295,1.5824,0,True,3.28,True,0.12012402556601542,0.8393866117364062,-0.5300946467561157,0.73,0.0000,0.00,0.0000,0.0000,1.0000,2.8014,0,1009,0,0,0.062808
995,41,185000000,41.185000000,30.040876803515033,-43.27763894759663,-9.528313278994561,0.17870064973495356,0.13202426120514454,0.17249986877997575,0.9596246492813909,1008,975,962,962,962,0,0.9867,0.9673,16.0725,1052.7798,1.9161,0,True,3.28,True,-0.04210526373436628,0.9179079794052872,-0.39455302319201907,0.75,0.0000,0.00,0.0000,0.0000,1.0000,2.9412,0,975,0,0,0.054588
996,41,218000000,41.218000000,29.65280498352893,-42.356017934523805,-9.524444067799894,0.18272796697435933,0.12757460356221528,0.17255308387701218,0.9594585159640274,962,942,937,937,937,0,0.9947,0.9792,12.1680,133.0844,1.7859,0,True,3.28,True,-0.0035815179564771143,0.9195820593557946,-0.3928816728228528,0.69,0.0000,0.00,0.0000,0.0000,1.0000,3.6285,0,942,0,0,0.056908
997,41,251000000,41.251000000,29.267984399433228,-41.43898805932289,-9.629178618188964,0.18671286247559235,0.12433695700899602,0.17267313997793243,0.9590946850223261,937,928,928,928,928,0,1.0000,0.9904,11.0885,17.5281,1.5310,0,True,3.28,True,0.016053187926070526,0.8693263941073629,-0.4939776469291909,0.59,0.0000,0.00,0.0000,0.0000,1.0000,5.7721,0,928,0,0,0.075861
998,41,284000000,41.284000000,28.877186219535826,-40.520316790075206,-9.686797032326337,0.19038899334320428,0.1212151997901234,0.17321580191913755,0.9586736632030276,928,914,914,914,914,0,1.0000,0.9849,10.2228,15.9653,1.5370,0,True,3.28,True,0.001552536175868311,0.8880210889667015,-0.4598001035034857,0.56,0.0000,0.00,0.0000,0.0000,1.0000,5.1876,0,914,0,0,0.058525
999,41,317000000,41.317000000,28.37344171168009,-39.67127567965042,-9.52751532084064,0.19363244161286236,0.11726915919023627,0.17359290201895064,0.958446621480036,914,913,911,911,911,0,0.9978,0.9989,9.4071,14.2940,1.5596,0,True,3.28,True,-0.16405857698404308,0.9454236363586526,-0.2815296274503861,0.59,0.0000,0.00,0.0000,0.0000,1.0000,5.6274,0,913,0,0,0.056557
1000,41,350000000,41.350000000,27.981000772848237,-38.751563424323194,-9.51658477055023,0.19692730313599374,0.1145031282263016,0.17456498048568767,0.9579330553300721,911,894,865,865,865,0,0.9676,0.9813,11.4124,235.7164,2.5360,0,True,3.28,True,-0.011906855624516021,0.9125836481060295,-0.4087166646940489,0.51,0.0000,0.00,0.0000,0.0000,1.0000,6.2526,0,894,0,0,0.056821
1001,41,383000000,41.383000000,27.59341970367634,-37.83116987862316,-9.568127334060996,0.20035300064564576,0.1123421146564875,0.1758218704802224,0.957248449603148,865,858,852,852,852,0,0.9930,0.9919,8.7351,271.9079,1.5522,0,True,3.28,True,0.003293655270888018,0.8835510346093823,-0.46832330827714125,0.49,0.0000,0.00,0.0000,0.0000,1.0000,5.0692,0,858,0,0,0.042558
1002,41,416000000,41.416000000,27.1902304744064,-36.91652137183246,-9.59739428515319,0.2037949883724411,0.11019723439552312,0.17678780476222367,0.9565930400819402,852,846,845,845,845,0,0.9988,0.9930,7.2452,10.8379,1.5073,0,True,3.28,True,-0.014797342976075484,0.8898538561174071,-0.4560056506161182,0.48,0.0000,0.00,0.0000,0.0000,1.0000,6.6531,0,846,0,0,0.052418
1003,41,449000000,41.449000000,26.746028290687278,-36.02067955107552,-9.609717116078933,0.2078502795187716,0.10859618596768111,0.17818924453407275,0.9556430938533579,845,844,844,844,844,0,1.0000,0.9988,6.6026,9.6416,1.4885,0,True,3.28,True,-0.0607019793901599,0.8904371061045264,-0.45103994254424207,0.54,0.0000,0.00,0.0000,0.0000,1.0000,7.1107,0,844,0,0,0.052631
1004,41,482000000,41.482000000,26.280791384494993,-35.13550485989544,-9.614232335991813,0.21198583088945158,0.10668979846965276,0.17850588368718723,0.9548900166478179,844,840,839,839,839,0,0.9988,0.9953,6.0027,9.8365,1.4851,0,True,3.28,True,-0.08269274705725181,0.887956580419576,-0.4524323384481909,0.53,0.0000,0.00,0.0000,0.0000,1.0000,4.8594,0,840,0,0,0.034458
1005,41,515000000,41.515000000,25.703392394744558,-34.35970193999339,-9.359791309216234,0.21602647598527094,0.10415299756511703,0.178821486296993,0.9542052142019138,839,835,828,834,828,0,0.9916,0.9952,5.5785,86.9023,1.5350,0,True,3.28,True,-0.2604754264969812,0.9400585935075357,-0.2200963265569186,0.55,0.0000,0.00,0.0000,0.0000,1.0000,9.1708,0,835,0,0,0.062381
1006,41,548000000,41.548000000,25.280222836446708,-33.454306131671146,-9.394229009523938,0.22085427996392337,0.10272158339228661,0.1793462018601828,0.9531561274027068,828,825,821,821,821,0,0.9952,0.9964,5.8892,260.7540,1.6128,0,True,3.28,True,-0.0330185441503119,0.872876975551385,-0.48682189894710054,0.59,0.0000,0.00,0.0000,0.0000,1.0000,7.0489,0,825,0,0,0.046339
1007,41,581000000,41.581000000,24.820004491151032,-32.57295268309469,-9.287387194977024,0.22580458512220158,0.10092376267151593,0.17986041550392498,0.9520908120556407,821,818,817,817,817,0,0.9988,0.9963,4.6588,53.1278,1.4486,0,True,3.28,True,-0.09204261464362415,0.924058380397074,-0.3710044025446355,0.62,0.0000,0.00,0.0000,0.0000,1.0000,6.8768,0,818,0,0,0.044373
1008,41,614000000,41.614000000,24.355155305808445,-31.68876051003309,-9.241349862485706,0.2313010783289858,0.0999333324565998,0.18078010519611493,0.9507006331086819,817,816,816,816,816,0,1.0000,0.9988,4.2593,9.8111,1.4408,0,True,3.28,True,-0.08728795338427167,0.8963034569919497,-0.43476536911104746,0.67,0.0000,0.00,0.0000,0.0000,1.0000,6.0581,0,816,0,0,0.038747
1009,41,647000000,41.647000000,23.782602320079064,-30.941060882416913,-8.905004288120622,0.23718287288711695,0.09768778620915002,0.18170810707309615,0.949306876125145,816,814,811,811,811,0,0.9963,0.9975,4.0197,9.3796,1.4470,0,True,3.28,True,-0.2678986828371689,0.9492380098712766,-0.16485598669665663,0.75,0.0000,0.00,0.0000,0.0000,1.0000,7.4926,0,814,0,0,0.048015
1010,41,680000000,41.680000000,23.27982313367756,-30.0785154113856,-8.848185276119516,0.24363369033587237,0.09710771576737637,0.18268059469994455,0.9475444669205986,811,810,810,810,810,0,1.0000,0.9988,3.8281,9.3779,1.4341,0,True,3.28,True,-0.12807987817848235,0.8863011882404416,-0.44504578250935767,0.78,0.0000,0.00,0.0000,0.0000,1.0000,5.8949,0,810,0,0,0.038195
1011,41,713000000,41.713000000,22.539729353127285,-29.447785700566897,-8.61485883552323,0.24984593050887102,0.09602321366806502,0.1817149778737112,0.9462220776653704,810,808,698,805,698,0,0.8639,0.9975,3.9031,77.9504,1.4454,0,True,3.28,True,-0.45070719523844904,0.8509601218488089,-0.2696848071051663,0.75,0.0000,0.00,0.0000,0.0000,1.0000,5.8617,0,808,0,0,0.038794
1012,41,746000000,41.746000000,22.20741730684833,-28.505527328325602,-8.656305956521628,0.2553645694580696,0.095334919703459,0.1817882978024224,0.9448032623423396,698,691,684,684,684,0,0.9899,0.9900,4.9578,178.4549,1.6012,0,True,3.28,True,0.06877085269809169,0.8396826920763312,-0.5387054356943346,0.66,0.0000,0.00,0.0000,0.0000,1.0000,5.2717,0,691,0,0,0.035992
1013,41,779000000,41.779000000,21.772990088563606,-27.60593539996707,-8.611502447222174,0.26104989441375265,0.09468392095290622,0.18170428428821747,0.9433299851117101,684,682,681,681,681,0,0.9985,0.9971,3.6859,137.2166,1.3751,0,True,3.28,True,-0.04891002499281899,0.8740569908222229,-0.48335513470946206,0.68,0.0000,0.00,0.0000,0.0000,1.0000,5.2906,0,682,0,0,0.037713
1014,41,812000000,41.812000000,21.614575946014362,-26.619115247857216,-8.644531931478678,0.26598064235443836,0.0939157912368604,0.1816690333209086,0.9420352882887781,681,680,680,680,680,0,1.0000,0.9985,3.4560,7.8393,1.3462,0,True,3.28,True,0.24473249211455608,0.8162313631853697,-0.5233281657391965,0.59,0.0000,0.00,0.0000,0.0000,1.0000,4.4688,0,680,0,0,0.033645
1015,41,845000000,41.845000000,22.378007994240864,-25.981006312552285,-8.744474387045315,0.2699885930710559,0.09204668135061131,0.17981744467056066,0.9414346789108635,680,675,484,660,484,0,0.7170,0.9926,3.4305,7.6435,1.3281,0,True,3.28,True,0.9578882924143756,0.2290433138304671,-0.1731738422655977,0.55,0.0000,0.00,0.0000,0.0000,1.0000,4.1548,0,675,0,0,0.030476
1016,41,878000000,41.878000000,21.87889113276478,-25.116753725175847,-8.681626763356167,0.2758003889967695,0.0921471015077152,0.18000830883892763,0.9397021154929399,484,483,483,483,483,0,1.0000,0.9979,3.1977,7.6091,1.2522,0,True,1.64,True,-0.1276035161187146,0.8605741424058984,-0.4930816241724016,0.70,0.0000,0.00,0.0000,0.0000,1.0000,3.3909,0,483,0,0,0.015702
1017,41,911000000,41.911000000,21.180632100466305,-25.43685386024486,-8.041337588574663,0.2782741661198283,0.09081495338880512,0.17691736088642784,0.9396895126201444,483,482,348,479,348,0,0.7220,0.9979,3.4932,74.8237,1.2382,0,True,1.64,True,-0.8130227320596,0.30320615496445824,0.4970513703290766,0.48,0.0000,0.00,0.0000,0.0000,1.0000,3.2457,0,482,0,0,0.031281
1018,41,944000000,41.944000000,20.945845179446216,-24.663473935230655,-8.630199705969636,0.28966569342141596,0.10596634669951044,0.18562870258862896,0.9329560033555236,348,347,347,347,347,0,1.0000,0.9971,2.5504,3.3125,1.2401,0,True,1.64,True,0.12254032285640014,0.34450279724749905,-0.9307532927488883,2.51,0.0000,0.00,0.0000,0.0000,1.0000,2.6107,0,347,0,0,0.044118
1019,41,977000000,41.977000000,20.165592918110693,-24.509465781904407,-8.023991905467346,0.2945866961163946,0.1040656323576811,0.18248831770791216,0.9322483770612631,347,346,274,346,274,0,0.7919,0.9971,2.6813,3.6777,1.2102,0,True,1.64,True,-0.7008297040021432,0.6914025108553012,0.1755001252741818,0.71,0.0000,0.00,0.0000,0.0000,1.0000,2.2297,0,346,0,0,0.026831
1020,42,10000000,42.010000000,19.426674818038787,-24.150504507160615,-7.453775416210485,0.299627840435962,0.10275024671238503,0.18062898451966694,0.9311491362760423,274,274,274,274,274,0,1.0000,1.0000,2.7312,3.8472,1.1190,0,True,1.64,True,-0.5788847156833224,0.8137142329654931,0.052551241827553045,0.65,0.0000,0.00,0.0000,0.0000,1.0000,1.6996,0,274,0,0,0.023306
1021,42,43000000,42.043000000,18.838084071960058,-23.34715861146526,-7.363241966591625,0.3023690545907035,0.1029051649578935,0.17901458614941856,0.9305574994575377,274,273,253,273,253,0,0.9267,0.9964,2.8219,4.1775,1.1107,0,True,1.64,True,-0.22558043231990646,0.822310234878314,-0.5224168318198945,0.37,0.0000,0.00,0.0000,0.0000,1.0000,2.1719,0,273,0,0,0.037224
1022,42,76000000,42.076000000,18.151781395544525,-22.934795013895265,-6.764121861984891,0.3067120820052747,0.10178219726953174,0.17747602448714522,0.9295538412610719,253,251,251,251,251,0,1.0000,0.9921,2.8917,4.6216,1.1303,0,True,1.64,True,-0.5146167771603609,0.8557003836045102,0.054280992660207125,0.56,0.0000,0.00,0.0000,0.0000,1.0000,1.4410,0,251,0,0,0.034548
1023,42,109000000,42.109000000,17.36763668907479,-23.354024361293735,-6.306558933421685,0.3096934622875081,0.09875311057102529,0.16483228331170946,0.9312186107177901,251,251,251,251,251,0,1.0000,1.0000,2.9978,4.7301,1.1422,0,True,1.64,True,-0.9197665219213942,0.173261638231307,0.35215046481585865,1.54,0.0000,0.00,0.0000,0.0000,1.0000,0.6767,0,251,0,0,0.025449
1024,42,142000000,42.142000000,17.39085483831124,-22.35461351381749,-6.281282946935821,0.32692569513835085,0.10144822073109099,0.1858468723197039,0.9210259434010454,251,246,246,246,246,0,1.0000,0.9801,3.1041,5.0180,1.0849,0,True,1.64,True,0.387374654139219,0.7630905347034089,-0.5173332708966105,3.34,0.0000,0.00,0.0000,0.0000,1.0000,0.3759,0,246,0,0,0.027969
1025,42,175000000,42.175000000,16.90449542621617,-23.193201039351745,-6.526691757464023,0.31903556683909057,0.11277164349938909,0.14640049142855743,0.9295513754621547,246,246,246,246,246,0,1.0000,1.0000,3.2260,10.6123,1.0746,0,True,1.64,True,-0.7694194907580363,-0.6242059011942769,0.13550143968196246,4.89,0.0000,0.00,0.0000,0.0000,1.0000,0.0456,0,246,0,0,0.017310
1026,42,208000000,42.208000000,17.125163900425346,-23.584635867023145,-5.633336173065514,0.30965707324669456,0.10903549744620714,0.14768971907975265,0.9329584686164187,246,245,245,245,245,0,1.0000,0.9959,3.3038,4.4086,1.0465,0,True,1.64,True,-0.03295162989343841,0.22021149563901118,0.9748954237639006,1.23,0.0000,0.00,0.0000,0.0000,1.0000,0.2227,0,245,0,0,0.025996
1027,42,241000000,42.241000000,17.4929050401266,-23.48788036346391,-4.708455193316135,0.29899263561168404,0.09102650849207228,0.15917392300414945,0.9364727656676357,245,241,241,241,241,0,1.0000,0.9837,3.3984,4.9740,0.9805,0,True,1.64,True,0.27257919751154264,0.5616494643423532,0.781185291904495,2.77,0.0000,0.00,0.0000,0.0000,1.0000,0.5340,0,241,0,0,0.025643
1028,42,274000000,42.274000000,16.627554365145485,-23.51633806395722,-4.208096953059868,0.30147238065476856,0.0906795294701759,0.15524517067074,0.9363709540672579,241,240,231,240,231,0,0.9625,0.9959,3.5045,4.6010,0.9723,0,True,1.64,True,-0.8548726945044772,0.4836495419941828,0.18781852070408803,0.53,0.0000,0.00,0.0000,0.0000,1.0000,1.1804,0,240,0,0,0.024508
1029,42,307000000,42.307000000,15.775611050096272,-23.496717107844667,-3.6848306670981485,0.3026020585681609,0.09100587060264487,0.1520321693479692,0.9365020796290399,231,230,225,230,225,0,0.9783,0.9957,3.6228,6.0747,0.9835,0,True,1.64,True,-0.8299706920169754,0.526376162485066,0.18459898688876455,0.39,0.0000,0.00,0.0000,0.0000,1.0000,1.1171,0,230,0,0,0.034078
1030,42,340000000,42.340000000,14.939928328179695,-23.52410796272873,-3.1363016073767813,0.30525283998668257,0.09030342538864776,0.1484637033481177,0.9362822885387204,225,223,222,223,222,0,0.9955,0.9911,3.7359,5.3939,1.0153,0,True,1.64,True,-0.8355458763236818,0.4969022241596479,0.2344168683855439,0.52,0.0000,0.00,0.0000,0.0000,1.0000,1.3255,0,223,0,0,0.015573
1031,42,373000000,42.373000000,14.521678005289862,-22.894442089277977,-3.790967594895611,0.30617067095611217,0.10165074762800559,0.15141709887197202,0.9343444268160146,222,218,218,218,218,0,1.0000,0.9820,3.7967,5.7881,0.9681,0,True,1.64,True,-0.13185938678247905,0.1860184217283599,-0.9736581786720835,1.37,0.0000,0.00,0.0000,0.0000,1.0000,1.5750,0,218,0,0,0.020656
1032,42,406000000,42.406000000,14.754829434567128,-21.9807562565336,-3.458073302261798,0.3341798368168958,0.08300014141966065,0.22211638587325988,0.9121946745711413,218,218,218,218,218,0,1.0000,1.0000,3.8965,6.4051,0.9663,0,True,1.64,True,0.5006743842218414,0.8497416746000171,-0.16511888878029204,9.33,0.0000,0.00,0.0000,0.0000,1.0000,1.7891,0,218,0,0,0.038172
1033,42,439000000,42.439000000,13.977049461486624,-22.101043002388195,-2.841154010744191,0.334024499666625,0.08393081826611286,0.22049533488279843,0.9125596192373209,218,214,120,214,120,0,0.5607,0.9817,3.9307,6.6811,0.9345,0,True,1.64,True,-0.7475680819842148,0.5893455803312024,0.3062903030500976,0.22,0.0000,0.00,0.0000,0.0000,1.0000,1.7876,0,214,0,0,0.023541
1034,42,472000000,42.472000000,13.544670166112248,-21.336432940772326,-3.319086640523012,0.40976493331289443,0.18271249845013204,0.2691605417960724,0.8522097424209808,120,120,120,120,120,0,1.0000,1.0000,4.0869,5.2911,0.8189,0,True,1.64,True,-0.030859527048916358,0.3603486716473055,-0.9323070977056538,16.82,0.0000,0.00,0.0000,0.0000,1.0000,1.9766,0,120,0,0,0.024638
1035,42,505000000,42.505000000,14.207609877929892,-21.185058033251096,-4.052296416690825,0.40609621683407116,0.1858744481513183,0.2703037241150608,0.8529199545836802,120,120,75,120,75,0,0.6250,1.0000,4.1188,5.1907,0.8162,0,True,1.64,True,0.6813320974076877,-0.7104558551919409,-0.17617903072025712,0.58,0.0000,0.00,0.0000,0.0000,1.0000,2.0927,0,120,0,0,0.023963
1036,42,538000000,42.538000000,14.207609877929892,-21.185058033251096,-4.052296416690825,0.40609621683407116,0.1858744481513183,0.2703037241150608,0.8529199545836802,2000,0,0,0,0,0,0.0000,0.0000,0.0000,0.0000,0.0000,1,True,3.28,True,0.0,0.0,0.0,0.00,0.0000,0.00,0.0000,0.0000,1.0000,1.5958,0,2000,0,0,0.009341
1037,42,571000000,42.571000000,13.665190356604917,-20.425785778411726,-3.6927318106508267,0.40829265186171976,0.18685827481696626,0.26932907798820654,0.8519641678604648,2000,1923,1820,1854,1820,0,0.9464,0.9615,8.8320,258.6804,2.1461,0,True,3.28,True,0.003974856712118961,0.8513256851223441,-0.5246225103491936,0.32,0.0000,0.00,0.0000,0.0000,1.0000,1.1851,0,1923,0,0,0.021703
1038,42,604000000,42.604000000,13.11679736326695,-19.660835793954497,-3.354920256472039,0.41038745478662125,0.18798178970954907,0.26855552111684794,0.8509541208367298,1820,1819,1814,1817,1814,0,0.9973,0.9995,5.4721,25.2662,1.1964,0,True,3.28,True,0.003968651209954204,0.8359429284229557,-0.5488020319087995,0.31,0.0000,0.00,0.0000,0.0000,1.0000,2.7466,0,1819,0,0,0.034926
1039,42,637000000,42.637000000,12.618445722507081,-18.85208076673369,-3.0425727767367428,0.4122825529016126,0.1889761010349786,0.2677173990776018,0.850081480825027,1814,1813,1809,1812,1809,0,0.9978,0.9994,5.3873,9.3610,1.2751,0,True,1.64,True,0.07210389313603381,0.8202566131974158,-0.5674329185908519,0.28,0.0000,0.00,0.0000,0.0000,1.0000,2.3432,0,1813,0,0,0.027857
1040,42,670000000,42.670000000,12.11706543443652,-18.0322763771928,-2.7659167274196297,0.4139258659578792,0.1900842923019956,0.2671576456494396,0.8492114764192238,1809,1807,1805,1806,1805,0,0.9989,0.9989,5.3043,9.0774,1.2714,0,True,1.64,True,0.07937505455648701,0.7955916063965793,-0.6006110193340322,0.26,0.0000,0.00,0.0000,0.0000,1.0000,1.3334,0,1807,0,0,0.016089
1041,42,703000000,42.703000000,11.492881109246643,-17.419994456439156,-2.2806283825096556,0.41632917949579823,0.1911540893952091,0.266244184648589,0.8480826389855247,1805,1802,1778,1779,1778,0,0.9867,0.9983,5.3728,59.7764,1.4182,0,True,1.64,True,-0.16515006175018596,0.8905258748845637,-0.42389753863993146,0.34,0.0000,0.00,0.0000,0.0000,1.0000,2.9896,0,1802,0,0,0.037479
1042,42,736000000,42.736000000,11.135501058341685,-16.504921686516703,-2.0937558993517555,0.417599292511331,0.19221442750767526,0.2651395517628424,0.8475644299066186,1778,1778,1693,1763,1693,0,0.9522,1.0000,5.6788,229.9526,1.3145,0,True,1.64,True,0.25913206135504113,0.7236137042055247,-0.6397138281011647,0.24,0.0000,0.00,0.0000,0.0000,1.0000,1.1126,0,1778,0,0,0.014428
1043,42,769000000,42.769000000,10.561428785660437,-15.84188437409772,-1.613315946726273,0.4197643781131956,0.193244212814311,0.264046263473618,0.8466015071015643,1693,1691,1630,1687,1630,0,0.9639,0.9988,5.2504,43.1632,1.1405,0,True,1.64,True,-0.09664791539756608,0.8934829109505329,-0.43857435890469804,0.32,0.0000,0.00,0.0000,0.0000,1.0000,2.2512,0,1691,0,0,0.022929
1044,42,802000000,42.802000000,10.12455828139466,-14.980712868146137,-1.3534548302820706,0.42120926854589114,0.19453357879297845,0.26401270123205517,0.8455984463095856,1630,1629,1628,1628,1628,0,0.9994,0.9994,5.1593,8.1923,1.1285,0,True,1.64,True,0.15398036150695688,0.7732653701259699,-0.6151021993409986,0.25,0.0000,0.00,0.0000,0.0000,1.0000,1.5938,0,1629,0,0,0.031000
1045,42,835000000,42.835000000,9.637383941326135,-14.265124672741957,-0.8528604865495826,0.42389910104966727,0.19543436408746812,0.2636920773415485,0.8441453961316792,1628,1628,1622,1623,1622,0,0.9963,1.0000,5.1055,8.2154,1.1666,0,True,1.64,True,0.0010349084001130887,0.9076182307461282,-0.41979527889421475,0.37,0.0000,0.00,0.0000,0.0000,1.0000,2.0011,0,1628,0,0,0.031561
1046,42,868000000,42.868000000,9.212742193059498,-13.445752268408599,-0.4677523866010035,0.4255082714687118,0.19620818849153027,0.26244715805237134,0.8435440396984706,1622,1619,1599,1614,1599,0,0.9876,0.9982,5.3820,348.7480,1.2952,0,True,1.64,True,0.12641380718371478,0.8449463751426676,-0.5196971930716817,0.26,0.0000,0.00,0.0000,0.0000,1.0000,0.8718,0,1619,0,0,0.014860
1047,42,901000000,42.901000000,8.772392189558438,-12.57912937071347,-0.2331108992056723,0.4266177263548162,0.19744549563114733,0.2619462766267266,0.8428503663024725,1599,1595,1579,1579,1579,0,0.9900,0.9975,6.9878,427.9610,1.4148,0,True,1.64,True,0.1573729657996064,0.7474765363337632,-0.6453778561942733,0.21,0.0000,0.00,0.0000,0.0000,1.0000,1.7562,0,1595,0,0,0.021028
1048,42,934000000,42.934000000,8.338263562767096,-11.778703617352893,0.18023030217327618,0.4283165091423774,0.19817108848903137,0.2608905497089868,0.8421456576838136,1579,1574,1566,1568,1566,0,0.9949,0.9968,5.1719,118.8085,1.2282,0,True,1.64,True,0.10238900866835696,0.8577916357506055,-0.503696337628349,0.26,0.0000,0.00,0.0000,0.0000,1.0000,1.2378,0,1574,0,0,0.037730
1049,42,967000000,42.967000000,7.8004432003210615,-11.654047843727637,1.014022959756845,0.42868544679491305,0.19819816911550472,0.2576047448934414,0.8429626734760517,1566,1562,1026,1559,1026,0,0.6569,0.9974,5.0744,11.5339,1.1872,0,True,1.64,True,-0.4383878149343292,0.894697522724573,0.08562982276996922,0.39,0.0000,0.00,0.0000,0.0000,1.0000,1.0891,0,1562,0,0,0.014521
1050,43,0,43.000000000,7.398066235254314,-10.828212237698276,1.4091031159248915,0.43053030563890937,0.198975061203513,0.2571754117897784,0.8419699451383543,1026,1026,1026,1026,1026,0,1.0000,1.0000,5.4633,8.5768,1.0597,0,True,1.64,True,0.13687902813733885,0.8449583475244175,-0.5170198473994817,0.26,0.0000,0.00,0.0000,0.0000,1.0000,0.6051,0,1026,0,0,0.024872
1051,43,33000000,43.033000000,6.8600851195422425,-10.162453409197475,0.8920523433595642,0.42418969008648766,0.19916248084560653,0.2588246034807742,0.8446343810672007,1026,1022,747,1021,747,0,0.7309,0.9961,5.4650,8.4610,1.0661,0,True,1.64,True,0.03691013995105955,0.043926679658693395,-0.9983526873720308,0.81,0.0000,0.00,0.0000,0.0000,1.0000,1.3196,0,1022,0,0,0.042496
1052,43,66000000,43.066000000,7.268417258472469,-10.770955527262526,1.572486055507171,0.4182383408023086,0.1961080189265166,0.25890214905817016,0.8482853366696314,747,747,422,747,422,0,0.5649,1.0000,5.3501,8.2617,1.1034,0,True,1.64,True,-0.12715137429681686,0.14019925972914504,0.9819249948880161,0.87,0.0000,0.00,0.0000,0.0000,1.0000,0.5972,0,747,0,0,0.012687
1053,43,99000000,43.099000000,7.20669264595251,-9.789394168772123,1.391578975137942,0.41736459459363956,0.19688329840065555,0.25807176117191427,0.8487889773531415,422,422,422,422,422,0,1.0000,1.0000,5.1238,8.2901,1.2160,0,True,1.64,True,0.5644712386571444,0.3768269563235925,-0.7344206326872675,0.17,0.0000,0.00,0.0000,0.0000,1.0000,0.6724,0,422,0,0,0.038205
1054,43,132000000,43.132000000,6.426148631708048,-9.374869953408561,0.9236893335510274,0.41023365101333265,0.1965805433650667,0.25979620112330964,0.8518041884309229,422,422,265,422,265,0,0.6280,1.0000,5.0426,8.4463,1.1428,0,True,1.64,True,-0.31074748221804005,0.04951920294023201,-0.9492016913361,0.91,0.0000,0.00,0.0000,0.0000,1.0000,0.5863,0,422,0,0,0.031586
1055,43,165000000,43.165000000,7.257280670422537,-9.92261184708271,0.8277812935515849,0.3993614038073564,0.18416958697856894,0.24739264260867957,0.863359086802389,265,265,265,265,265,0,1.0000,1.0000,4.9130,7.5547,1.1365,0,True,1.64,True,0.3356089594930171,-0.6000666509597918,0.7261450548712108,2.71,0.0000,0.00,0.0000,0.0000,1.0000,0.4234,0,265,0,0,0.029527
1056,43,198000000,43.198000000,8.12127733873499,-10.35023856304082,1.093572845230407,0.3907311978763715,0.17256644609187494,0.2428862440848352,0.8709513333841781,265,265,265,265,265,0,1.0000,1.0000,5.0656,7.9484,1.1916,0,True,1.64,True,0.4220465333258991,-0.2733582417884469,0.8643795435767321,1.94,0.0000,0.00,0.0000,0.0000,1.0000,0.2986,0,265,0,0,0.027516
1057,43,231000000,43.231000000,9.00988689765465,-10.743528836759534,1.3295724477615198,0.38184147443335464,0.16566515220016606,0.2408739059323728,0.8767735780633105,265,265,265,265,265,0,1.0000,1.0000,5.3679,8.5529,0.9701,0,True,1.64,True,0.4852631106431658,-0.3025145391153945,0.8203686165820331,1.47,0.0000,0.00,0.0000,0.0000,1.0000,0.1721,0,265,0,0,0.020838
1058,43,264000000,43.264000000,8.516605545716535,-10.138095540594875,0.7049733509600102,0.3729652121664136,0.16743805537850326,0.24341490351833858,0.8795513815973943,265,265,265,265,265,0,1.0000,1.0000,5.7461,9.1753,0.9429,0,True,1.64,True,-0.010091356134047666,0.03651114073056013,-0.9992822930153065,1.12,0.0000,0.00,0.0000,0.0000,1.0000,0.2487,0,265,0,0,0.044238
1059,43,297000000,43.297000000,8.316742521019641,-9.159487184711377,0.7537632797772025,0.372183988795428,0.1691180385748285,0.24235065945318926,0.8798547183345281,265,265,265,265,265,0,1.0000,1.0000,6.1500,9.8523,1.2028,0,True,1.64,True,0.37077327066852034,0.6869916035478373,-0.6249557731652212,0.25,0.0000,0.00,0.0000,0.0000,1.0000,0.1039,0,265,0,0,0.033688
1060,43,330000000,43.330000000,8.449828687954593,-8.703999356522413,1.634001264950656,0.37910665012368744,0.15189152640586065,0.2552011123147088,0.8764014515685314,265,265,265,265,265,0,1.0000,1.0000,6.5628,10.5076,1.4817,0,True,1.64,True,0.2582656811973254,0.8844443055139029,0.388660659650178,2.62,0.0000,0.00,0.0000,0.0000,1.0000,0.0433,0,265,0,0,0.027888
1061,43,363000000,43.363000000,8.276441211107693,-7.725279718625585,1.5242531293503265,0.37670498609518765,0.1536202623663595,0.25492106876696485,0.8772168586730557,265,265,265,265,265,0,1.0000,1.0000,6.9503,11.1526,1.2812,0,True,1.64,True,0.4156941517782261,0.5460644777956903,-0.7273320825229017,0.35,0.0000,0.00,0.0000,0.0000,1.0000,0.0089,0,265,0,0,0.041205
1062,43,396000000,43.396000000,9.106205483197815,-8.1882223239377,1.8359828150550312,0.36288271321281884,0.14219055333083533,0.2520116963560498,0.8857697713822256,265,265,265,265,265,0,1.0000,1.0000,7.3244,11.7615,1.1624,0,True,1.64,True,0.39798325006652874,-0.31601563990237586,0.8612452891038503,2.30,0.0000,0.00,0.0000,0.0000,1.0000,0.0233,0,265,0,0,0.026607
1063,43,429000000,43.429000000,8.924028863934915,-7.206083179167447,1.8830400111453023,0.3600879294258105,0.14271366691846293,0.2502309415467519,0.8873296840797927,265,265,265,265,265,0,1.0000,1.0000,7.6835,12.3174,1.4148,0,True,1.64,True,0.38491179512158774,0.6948804212144095,-0.6074406227683177,0.42,0.0000,0.00,0.0000,0.0000,1.0000,0.0770,0,265,0,0,0.046160
1064,43,462000000,43.462000000,9.674055506231547,-7.811149367482763,2.1501634724937664,0.3388560499099491,0.11803909246803272,0.2370755352837582,0.9027948497076558,265,265,265,265,265,0,1.0000,1.0000,7.9885,12.8022,1.4465,0,True,1.64,True,0.2751500423898723,-0.4385847299034939,0.8555325177153295,4.40,0.0000,0.00,0.0000,0.0000,1.0000,0.0416,0,265,0,0,0.017998
1065,43,495000000,43.495000000,9.695566797744254,-6.8396539957961835,1.914082962648095,0.3352334145584977,0.11835294619438785,0.23499150309452813,0.9046491758488112,265,265,265,265,265,0,1.0000,1.0000,8.2575,13.2386,1.3551,0,True,1.64,True,0.5244545121469928,0.4740464238856429,-0.7072675962391414,0.53,0.0000,0.00,0.0000,0.0000,1.0000,0.1091,0,265,0,0,0.040283
1066,43,528000000,43.528000000,10.354264142221954,-7.4908951633295695,2.2909154852463267,0.30664191943317337,0.08193346150124713,0.21571794467436048,0.9234302407211021,265,265,265,265,265,0,1.0000,1.0000,8.5010,13.6198,1.3920,0,True,1.64,True,0.2176091802675781,-0.4112074946965121,0.8851862182437605,6.14,0.0000,0.00,0.0000,0.0000,1.0000,0.1590,0,265,0,0,0.050589
1067,43,561000000,43.561000000,10.420174837641515,-6.532931943551181,2.011698276283279,0.3029611013837615,0.08198388452296775,0.2133578143847615,0.9251873630610292,265,265,265,265,265,0,1.0000,1.0000,8.6881,13.9176,1.4894,0,True,1.64,True,0.49399284196560883,0.49770922357484826,-0.7129211743631009,0.54,0.0000,0.00,0.0000,0.0000,1.0000,0.1517,0,265,0,0,0.044650
1068,43,594000000,43.594000000,10.181229009442635,-5.563522780245304,1.9555665981956711,0.3014018575940869,0.08396107217678972,0.2168953949629273,0.9246966238943631,265,265,265,265,265,0,1.0000,1.0000,8.8501,14.1674,1.5537,0,True,1.64,True,0.2181503692902843,0.7522292584541055,-0.6217407491101892,0.50,0.0000,0.00,0.0000,0.0000,1.0000,0.1803,0,265,0,0,0.052220
1069,43,627000000,43.627000000,10.746081505044168,-5.993328628539617,2.6599873467434976,0.2840800039251457,0.0756445859392661,0.21715612349833374,0.9308166661674804,265,265,265,265,265,0,1.0000,1.0000,8.9756,14.3568,1.4939,0,True,1.64,True,0.29230347611076435,-0.09095723074295876,0.9519902625705453,2.31,0.0000,0.00,0.0000,0.0000,1.0000,0.1426,0,265,0,0,0.041858
1070,43,660000000,43.660000000,11.29237830081406,-6.594191973556852,3.2435308768646087,0.2525643600035275,0.0375658898231172,0.20255729004976764,0.9453944109341351,265,265,265,265,265,0,1.0000,1.0000,9.0651,14.5020,1.4876,0,True,1.64,True,0.20961077190023694,-0.31680254094980637,0.9250402555300677,6.14,0.0000,0.00,0.0000,0.0000,1.0000,0.1539,0,265,0,0,0.046936
1071,43,693000000,43.693000000,11.35341479332971,-5.727491893561359,2.748449552315635,0.2483917571342472,0.0391550374137131,0.20226330763158337,0.9464977403136382,265,265,265,265,265,0,1.0000,1.0000,9.1318,14.6091,1.5425,0,True,1.64,True,0.3887516407522032,0.41883139547372294,-0.8206414710322674,0.53,0.0000,0.00,0.0000,0.0000,1.0000,0.1390,0,265,0,0,0.044724
1072,43,726000000,43.726000000,11.283171641743412,-4.833670181771744,2.3055628318230452,0.24416685638343338,0.04186992623733449,0.20396711169483012,0.947115026207261,265,265,265,265,265,0,1.0000,1.0000,9.1599,14.6642,1.6170,0,True,1.64,True,0.2836606052316382,0.5206598601710882,-0.8052639139103673,0.61,0.0000,0.00,0.0000,0.0000,1.0000,0.1119,0,265,0,0,0.039046
1073,43,759000000,43.759000000,11.020793467042335,-4.162202785358803,1.612533807182003,0.23723557351608546,0.051288377526113725,0.20804276074934422,0.9475267778216212,265,265,265,265,265,0,1.0000,1.0000,9.1685,14.6679,1.6127,0,True,1.64,True,0.019467253243437913,0.2991747085515343,-0.9539997483302918,1.42,0.0000,0.00,0.0000,0.0000,1.0000,0.0483,0,265,0,0,0.018067
1074,43,792000000,43.792000000,10.865247736406012,-3.315386357803102,1.1039008710654143,0.23384858026363053,0.056270155061274155,0.21149716134550786,0.947321203130626,265,265,265,265,265,0,1.0000,1.0000,9.1336,14.6196,1.6092,0,True,1.64,True,0.21243244180779616,0.49621054427058797,-0.8418120653817359,0.80,0.0000,0.00,0.0000,0.0000,1.0000,0.1710,0,265,0,0,0.076268
1075,43,825000000,43.825000000,10.152635404060078,-2.7468007107008114,1.5148680543023938,0.22870788702687952,0.054540905766826665,0.20787840116603482,0.949475940895022,265,265,161,265,161,0,0.6075,1.0000,9.0963,14.5502,1.6108,0,True,1.64,True,-0.40470778684114284,0.9141949531557547,-0.021428833255488958,0.79,0.0000,0.00,0.0000,0.0000,1.0000,0.0628,0,265,0,0,0.037397
1076,43,858000000,43.858000000,9.308748249670211,-3.2632989565628483,1.6600714725721097,0.2188286296642514,0.05784671655358541,0.19608101349001403,0.9541069250204424,161,161,161,161,161,0,1.0000,1.0000,10.1627,14.4685,1.4556,0,True,1.64,True,-0.9839376321893395,-0.039398283847558425,0.1741106291743938,1.88,0.0000,0.00,0.0000,0.0000,1.0000,0.0545,0,161,0,0,0.045323
1077,43,891000000,43.891000000,8.99833451164028,-2.529487106587246,1.0557838919636455,0.2179226055065252,0.07441211760226044,0.2064813736003639,0.9509668853957544,161,161,161,161,161,0,1.0000,1.0000,10.0788,14.4017,1.5283,0,True,1.64,True,0.023523329946978595,0.44935156218842615,-0.893045254456361,2.27,0.0000,0.00,0.0000,0.0000,1.0000,0.0291,0,161,0,0,0.044705
1078,43,924000000,43.924000000,8.477693886902982,-2.1135122883229682,0.31019802136046193,0.20979510724290187,0.09672974990410903,0.2125943141412439,0.9494382686911466,161,161,161,161,161,0,1.0000,1.0000,9.9987,14.2345,1.5500,0,True,1.64,True,-0.2552079810533806,0.19663515421511188,-0.9466802535880088,2.82,0.0000,0.00,0.0000,0.0000,1.0000,0.0028,0,161,0,0,0.043761
1079,43,957000000,43.957000000,8.330254956200145,-1.2058492980254414,0.7031479644287055,0.21282990061030588,0.09090686152426865,0.2247965362888025,0.9465230547675908,161,161,161,161,161,0,1.0000,1.0000,9.9032,14.1327,1.5569,0,True,1.64,True,0.23477743300883125,0.9719555877401266,-0.01348674944265064,1.62,0.0000,0.00,0.0000,0.0000,1.0000,0.0233,0,161,0,0,0.042471
1080,43,990000000,43.990000000,8.059376447146382,-0.25350997864679525,0.8434143328076159,0.21367460225481666,0.08962787685396255,0.22979313152400377,0.9452540001218132,161,161,161,161,161,0,1.0000,1.0000,9.7913,13.9581,1.5829,0,True,1.64,True,0.19237789850832313,0.9368502393540434,-0.2920657001220665,0.62,0.0000,0.00,0.0000,0.0000,1.0000,0.0289,0,161,0,0,0.027989
1081,44,23000000,44.023000000,7.881084603071859,0.692532037170861,0.5728288146361012,0.21383371015281546,0.09251782278802823,0.23591467292359689,0.9434298405118406,161,161,161,161,161,0,1.0000,1.0000,9.6926,13.8179,1.6530,0,True,1.64,True,0.30989930074644056,0.7099198646523281,-0.6324367234505659,0.80,0.0000,0.00,0.0000,0.0000,1.0000,0.1034,0,161,0,0,0.059550
1082,44,56000000,44.056000000,7.219601976760522,1.372767616576112,0.8886140131483793,0.21151507388838353,0.09050302336318712,0.23353289724150214,0.9447396266623433,161,161,161,161,161,0,1.0000,1.0000,9.5616,13.6481,1.6563,0,True,1.64,True,-0.270080145399482,0.9517844348079864,-0.14547544369492962,0.47,0.0000,0.00,0.0000,0.0000,1.0000,0.1088,0,161,0,0,0.043572
1083,44,89000000,44.089000000,6.954872794029632,2.33392195925383,0.9667215631187863,0.212798501888636,0.0895996330869285,0.23857251519662273,0.9432771906165213,161,161,161,161,161,0,1.0000,1.0000,9.4538,13.4954,1.7110,0,True,1.64,True,0.2237555704411132,0.9115103143587961,-0.345083166083338,0.63,0.0000,0.00,0.0000,0.0000,1.0000,0.1289,0,161,0,0,0.041239
1084,44,122000000,44.122000000,6.781503775275383,3.3185376709086345,0.9449251483064323,0.21655213824466502,0.09028557845984678,0.24900097041159933,0.9396553636721903,161,161,161,161,161,0,1.0000,1.0000,9.3186,13.3107,1.7388,0,True,1.64,True,0.3313236386625871,0.8450968188890279,-0.4195664585819855,1.34,0.0000,0.00,0.0000,0.0000,1.0000,0.1511,0,161,0,0,0.040764
1085,44,155000000,44.155000000,6.644582216618521,4.299151106440682,1.0851028099683104,0.22133942511453783,0.08832096776663637,0.26294505650282646,0.9349161260794768,161,161,161,161,161,0,1.0000,1.0000,9.1811,13.1079,1.7615,0,True,1.64,True,0.37084523020302307,0.889112131121537,-0.26824137176838614,1.79,0.0000,0.00,0.0000,0.0000,1.0000,0.1058,0,161,0,0,0.025460
1086,44,188000000,44.188000000,6.562481507080501,5.270549392138893,1.3079140395684228,0.2280840834574746,0.08371336264772967,0.2839978453751144,0.9275316423766177,161,161,161,161,161,0,1.0000,1.0000,9.0598,13.0022,1.7547,0,True,1.64,True,0.43525238670465627,0.8816125329304667,-0.18252315373077205,2.72,0.0000,0.00,0.0000,0.0000,1.0000,0.2391,0,161,0,0,0.050866
1087,44,221000000,44.221000000,6.217695441806191,6.115888815824858,1.7159873515540471,0.23113729030147243,0.07911247069967967,0.29382154117409476,0.9241134518845426,161,161,161,161,161,0,1.0000,1.0000,8.9134,13.2194,1.8695,0,True,1.64,True,0.18279355839232855,0.9815670287445456,-0.05579142489554007,1.35,0.0000,0.00,0.0000,0.0000,1.0000,0.2112,0,161,0,0,0.039987
1088,44,254000000,44.254000000,6.615850840295371,6.680375805620504,0.9929197772531775,0.2253818761206087,0.07868426319370878,0.2922880110915262,0.9260558920573734,161,160,160,160,160,0,1.0000,0.9938,8.7510,12.7618,1.8763,0,True,1.64,True,0.6591271476724734,-0.13745559297984153,-0.7393628088832368,0.72,0.0000,0.00,0.0000,0.0000,1.0000,0.1603,0,160,0,0,0.028190
1089,44,287000000,44.287000000,7.540730367950377,6.457175026479413,0.6850573542206667,0.22137432597562706,0.07661614700994526,0.2889595167938339,0.9282379929040081,160,159,76,159,76,0,0.4780,0.9938,8.6015,12.8189,1.8471,0,True,1.64,True,0.6309555666166232,-0.7729402634117133,0.06677141718225967,0.69,0.0000,0.00,0.0000,0.0000,1.0000,0.2357,0,159,0,0,0.038983
1090,44,320000000,44.320000000,7.540730367950377,6.457175026479413,0.6850573542206667,0.22137432597562706,0.07661614700994526,0.2889595167938339,0.9282379929040081,2000,0,0,0,0,0,0.0000,0.0000,0.0000,0.0000,0.0000,1,True,3.28,True,0.0,0.0,0.0,0.00,0.0000,0.00,0.0000,0.0000,1.0000,0.2537,0,2000,0,0,0.039552
1091,44,353000000,44.353000000,7.101768027908907,7.327693755115236,0.462550709107402,0.2214499420754456,0.07693801374311132,0.28941299334574866,0.92805203759202,2000,1998,1947,1952,1947,0,0.9745,0.9990,4.3832,19.1950,1.7909,0,True,3.28,True,0.1391935825524767,0.7591163331632247,-0.6358990008649383,0.07,0.0000,0.00,0.0000,0.0000,1.0000,0.3276,0,1998,0,0,0.048389
1092,44,386000000,44.386000000,6.796023222157375,8.211941276662449,0.10952601536270351,0.2209908629219937,0.07729263865333812,0.2895058710182905,0.9281030315438787,1947,1945,1852,1858,1852,0,0.9522,0.9990,5.3602,209.5281,1.7800,0,True,3.28,True,0.2593879252092144,0.6423864290730147,-0.7211501785332093,0.07,0.0000,0.00,0.0000,0.0000,1.0000,0.2207,0,1945,0,0,0.031282
1093,44,419000000,44.419000000,6.265137092452656,9.045829250319455,-0.04144008903603563,0.22186397611774328,0.07710580061184179,0.2887346829990543,0.9281505020451523,1852,1845,829,1698,829,0,0.4493,0.9962,10.6223,255.1572,2.0145,0,True,3.28,True,0.043394343916280116,0.8111260968291921,-0.5832592785020362,0.14,0.0000,0.00,0.0000,0.0000,1.0000,0.3032,0,1845,0,0,0.041784
1094,44,452000000,44.452000000,5.88782304037708,9.926858376863,-0.3267851157812002,0.2215457500518924,0.07712718296394522,0.28869078663105785,0.9282383896372374,829,828,820,820,820,0,0.9903,0.9988,8.1030,18.8111,1.3593,0,True,3.28,True,0.19672382588404003,0.7064946098060202,-0.6798272594156439,0.04,0.0000,0.00,0.0000,0.0000,1.0000,0.2143,0,828,0,0,0.029001
1095,44,485000000,44.485000000,5.521241445183615,10.80550028844149,-0.6327366238393948,0.221277886203877,0.07730323269920429,0.28874887927567666,0.9282695686105612,820,818,815,815,815,0,0.9963,0.9976,8.0429,18.6612,1.3597,0,True,3.28,True,0.20448785405460143,0.6904139069047969,-0.6939116332045445,0.04,0.0000,0.00,0.0000,0.0000,1.0000,0.2679,0,818,0,0,0.035953
1096,44,518000000,44.518000000,5.311027356954739,11.100489585361904,-1.5648264005306993,0.20470150400190817,0.0745191285475678,0.2901927172225383,0.9318435386967426,815,812,512,805,512,0,0.6305,0.9963,7.9379,18.5249,1.3853,0,True,3.28,True,0.010240569747722026,-0.10211332404535171,-0.9947200610139774,1.98,0.0000,0.00,0.0000,0.0000,1.0000,0.2837,0,812,0,0,0.038051
1097,44,551000000,44.551000000,5.109176586930639,11.389139183667403,-2.500741821943712,0.18924541694086178,0.07333727747513386,0.2912310128080473,0.934875560210135,512,512,512,512,512,0,1.0000,1.0000,7.5988,18.4002,1.2908,0,True,1.64,True,0.01809168920173741,-0.0786771952111421,-0.996735967915042,1.81,0.0000,0.00,0.0000,0.0000,1.0000,0.2438,0,512,0,0,0.032975
1098,44,584000000,44.584000000,4.639387608813245,12.211398210936164,-2.8219713475393764,0.18996842512818538,0.07330008611542715,0.29070272536143005,0.9348962617837473,512,512,512,512,512,0,1.0000,1.0000,7.5291,18.2816,1.3263,0,True,1.64,True,0.09416254264881156,0.7392695754567361,-0.6667937539943875,0.10,0.0000,0.00,0.0000,0.0000,1.0000,0.2690,0,512,0,0,0.037026
1099,44,617000000,44.617000000,4.408323162784688,12.449518257742634,-3.765320734082,0.17354978930796078,0.07345773162426072,0.292073460961439,0.9376446692099237,512,512,512,512,512,0,1.0000,1.0000,7.4575,18.1670,1.3460,0,True,1.64,True,-0.02836533946950356,-0.0754336359583639,-0.9967472970030472,1.91,0.0000,0.00,0.0000,0.0000,1.0000,0.2220,0,512,0,0,0.031408
1100,44,650000000,44.650000000,4.033418881907199,13.281453395878167,-4.174381494990585,0.17395888789229214,0.07317820980177468,0.29136403949340456,0.9378114157033759,512,512,496,512,496,0,0.9688,1.0000,7.3881,18.0662,1.3698,0,True,1.64,True,0.1848668842805143,0.6849807988696759,-0.7047166382854001,0.10,0.0000,0.00,0.0000,0.0000,1.0000,0.1689,0,512,0,0,0.024545
1101,44,683000000,44.683000000,3.80221881275,13.538492929352625,-5.1127189642695665,0.15708093609314078,0.07574097504866277,0.2932966230203891,0.9399819014957767,496,496,496,496,496,0,1.0000,1.0000,7.5156,17.9438,1.4314,0,True,1.64,True,-0.008784546215194028,-0.027872591143145886,-0.9995728839913377,1.98,0.0000,0.00,0.0000,0.0000,1.0000,0.2953,0,496,0,0,0.044849
1102,44,716000000,44.716000000,3.6307586923966744,13.712790403746652,-6.082369322671104,0.14144094701881685,0.07338343921175304,0.29399447620733066,0.9424312056142096,496,496,479,496,479,0,0.9657,1.0000,7.4636,17.8909,1.4737,0,True,1.64,True,0.008981544809494913,-0.10325481329911596,-0.9946143852686827,1.84,0.0000,0.00,0.0000,0.0000,1.0000,0.1818,0,496,0,0,0.029112
1103,44,749000000,44.749000000,3.4925125060089783,13.829522323160152,-7.06586393421671,0.12460634630048248,0.06819365812069776,0.2949138159404318,0.9449067280008195,479,479,382,479,382,0,0.7975,1.0000,7.3874,17.7971,1.4779,0,True,1.64,True,0.008491369727442355,-0.13901269030129346,-0.9902541939195959,2.04,0.0000,0.00,0.0000,0.0000,1.0000,0.1371,0,479,0,0,0.022961
1104,44,782000000,44.782000000,3.334727089386953,13.957586833584969,-8.044997859413366,0.10730779856388054,0.06822824184741175,0.29585719301058244,0.9467304076270519,382,382,382,382,382,0,1.0000,1.0000,7.2399,13.9268,1.4906,0,True,1.64,True,-0.0010989773401414017,-0.08288395474712608,-0.9965585995285385,2.00,0.0000,0.00,0.0000,0.0000,1.0000,0.2294,0,382,0,0,0.031480
