frame_idx,timestamp_sec,timestamp_nanosec,timestamp_total_sec,pos_x,pos_y,pos_z,rot_x,rot_y,rot_z,rot_w,num_detected,num_matched,num_inliers,num_inliers_E,num_inliers_pose,num_inliers_H,inlier_ratio,feature_survival_rate,feature_vel_mean,feature_vel_max,mean_lk_err,consecutive_low_inliers,failure_triggered_streak,window_low_inlier_pct,failure_triggered_window,rel_tx,rel_ty,rel_tz,rel_rot_deg,eis_dt_ms,eis_crop_pct,eis_warp_deg,eis_cum_warp_deg,eis_gate_scale,eis_yaw_rate_deg,is_r_frame,num_active,num_pending,promotions_this_frame,bd_ratio
0,8,812000000,8.812000000,0.0,0.0,0.0,0.0,0.0,0.0,1.0,963,0,0,0,0,0,0.0000,0.0000,0.0000,0.0000,0.0000,1,False,100.00,True,0.0,0.0,0.0,0.00,0.0000,0.00,0.0000,0.0000,1.0000,0.0000,0,963,0,0,0.000000
1,8,845000000,8.845000000,0.0,0.0,0.0,0.0,0.0,0.0,1.0,963,963,0,963,0,0,0.0000,1.0000,0.0000,0.0000,0.0000,2,False,100.00,True,0.0,0.0,0.0,0.00,0.0000,0.00,0.0000,0.0000,1.0000,0.0000,0,963,0,0,0.000000
2,8,878000000,8.878000000,0.0,0.0,0.0,0.0,0.0,0.0,1.0,963,963,0,963,0,0,0.0000,1.0000,0.0000,0.0000,0.0000,3,False,100.00,True,0.0,0.0,0.0,0.00,0.0000,0.00,0.0000,0.0000,1.0000,0.0000,0,963,0,0,0.000000
3,8,911000000,8.911000000,0.0,0.0,0.0,0.0,0.0,0.0,1.0,963,963,0,963,0,0,0.0000,1.0000,0.0000,0.0000,0.0000,4,False,100.00,True,0.0,0.0,0.0,0.00,0.0000,0.00,0.0000,0.0000,1.0000,0.0000,0,963,0,0,0.000000
4,8,944000000,8.944000000,0.0,0.0,0.0,0.0,0.0,0.0,1.0,963,963,0,963,0,0,0.0000,1.0000,0.0000,0.0000,0.0000,5,False,100.00,True,0.0,0.0,0.0,0.00,0.0000,0.00,0.0000,0.0000,1.0000,0.0000,0,963,0,0,0.000000
5,8,977000000,8.977000000,0.0,0.0,0.0,0.0,0.0,0.0,1.0,963,963,0,963,0,0,0.0000,1.0000,0.0000,0.0000,0.0000,6,False,100.00,True,0.0,0.0,0.0,0.00,0.0000,0.00,0.0000,0.0000,1.0000,0.0000,0,963,0,0,0.000000
6,9,10000000,9.010000000,0.0,0.0,0.0,0.0,0.0,0.0,1.0,963,963,0,963,0,0,0.0000,1.0000,0.0000,0.0000,0.0000,7,False,100.00,True,0.0,0.0,0.0,0.00,0.0000,0.00,0.0000,0.0000,1.0000,0.0000,0,963,0,0,0.000000
7,9,43000000,9.043000000,0.0,0.0,0.0,0.0,0.0,0.0,1.0,963,963,0,963,0,0,0.0000,1.0000,0.0000,0.0000,0.0000,8,False,100.00,True,0.0,0.0,0.0,0.00,0.0000,0.00,0.0000,0.0000,1.0000,0.0000,0,963,0,0,0.000000
8,9,76000000,9.076000000,0.0,0.0,0.0,0.0,0.0,0.0,1.0,963,963,0,963,0,0,0.0000,1.0000,0.0000,0.0000,0.0000,9,False,100.00,True,0.0,0.0,0.0,0.00,0.0000,0.00,0.0000,0.0000,1.0000,0.0000,0,963,0,0,0.000000
9,9,109000000,9.109000000,0.0,0.0,0.0,0.0,0.0,0.0,1.0,963,963,0,963,0,0,0.0000,1.0000,0.0000,0.0000,0.0000,10,True,100.00,True,0.0,0.0,0.0,0.00,0.0000,0.00,0.0000,0.0000,1.0000,0.0000,0,963,0,0,0.000000
10,9,142000000,9.142000000,0.0,0.0,0.0,0.0,0.0,0.0,1.0,963,963,0,963,0,0,0.0000,1.0000,0.0000,0.0000,0.0000,11,True,100.00,True,0.0,0.0,0.0,0.00,0.0000,0.00,0.0000,0.0000,1.0000,0.0000,0,963,0,0,0.000000
11,9,175000000,9.175000000,0.0,0.0,0.0,0.0,0.0,0.0,1.0,963,963,0,963,0,0,0.0000,1.0000,0.0000,0.0000,0.0000,12,True,100.00,True,0.0,0.0,0.0,0.00,0.0000,0.00,0.0000,0.0000,1.0000,0.0000,0,963,0,0,0.000000
12,9,208000000,9.208000000,0.0,0.0,0.0,0.0,0.0,0.0,1.0,963,963,0,963,0,0,0.0000,1.0000,0.0000,0.0000,0.0000,13,True,100.00,True,0.0,0.0,0.0,0.00,0.0000,0.00,0.0000,0.0000,1.0000,0.0000,0,963,0,0,0.000000
13,9,241000000,9.241000000,0.0,0.0,0.0,0.0,0.0,0.0,1.0,963,963,0,963,0,0,0.0000,1.0000,0.0000,0.0000,0.0000,14,True,100.00,True,0.0,0.0,0.0,0.00,0.0000,0.00,0.0000,0.0000,1.0000,0.0000,0,963,0,0,0.000000
14,9,274000000,9.274000000,0.0,0.0,0.0,0.0,0.0,0.0,1.0,963,963,0,963,0,0,0.0000,1.0000,0.0000,0.0000,0.0000,15,True,100.00,True,0.0,0.0,0.0,0.00,0.0000,0.00,0.0000,0.0000,1.0000,0.0000,0,963,0,0,0.000000
15,9,307000000,9.307000000,0.0,0.0,0.0,0.0,0.0,0.0,1.0,963,963,0,963,0,0,0.0000,1.0000,0.0000,0.0000,0.0000,16,True,100.00,True,0.0,0.0,0.0,0.00,0.0000,0.00,0.0000,0.0000,1.0000,0.0000,0,963,0,0,0.000000
16,9,340000000,9.340000000,0.0,0.0,0.0,0.0,0.0,0.0,1.0,963,963,0,963,0,0,0.0000,1.0000,0.0000,0.0000,0.0000,17,True,100.00,True,0.0,0.0,0.0,0.00,0.0000,0.00,0.0000,0.0000,1.0000,0.0000,0,963,0,0,0.000000
17,9,373000000,9.373000000,0.0,0.0,0.0,0.0,0.0,0.0,1.0,963,963,0,963,0,0,0.0000,1.0000,0.0000,0.0000,0.0000,18,True,100.00,True,0.0,0.0,0.0,0.00,0.0000,0.00,0.0000,0.0000,1.0000,0.0000,0,963,0,0,0.000000
18,9,406000000,9.406000000,0.0,0.0,0.0,0.0,0.0,0.0,1.0,963,963,0,963,0,0,0.0000,1.0000,0.0000,0.0000,0.0000,19,True,100.00,True,0.0,0.0,0.0,0.00,0.0000,0.00,0.0000,0.0000,1.0000,0.0000,0,963,0,0,0.000000
19,9,439000000,9.439000000,0.0,0.0,0.0,0.0,0.0,0.0,1.0,963,963,0,963,0,0,0.0000,1.0000,0.0000,0.0000,0.0000,20,True,100.00,True,0.0,0.0,0.0,0.00,0.0000,0.00,0.0000,0.0000,1.0000,0.0000,0,963,0,0,0.000000
20,9,472000000,9.472000000,0.0,0.0,0.0,0.0,0.0,0.0,1.0,963,963,0,963,0,0,0.0000,1.0000,0.0000,0.0000,0.0000,21,True,100.00,True,0.0,0.0,0.0,0.00,0.0000,0.00,0.0000,0.0000,1.0000,0.0000,0,963,0,0,0.000000
21,9,505000000,9.505000000,0.0,0.0,0.0,0.0,0.0,0.0,1.0,963,963,0,963,0,0,0.0000,1.0000,0.0000,0.0000,0.0000,22,True,100.00,True,0.0,0.0,0.0,0.00,0.0000,0.00,0.0000,0.0000,1.0000,0.0000,0,963,0,0,0.000000
22,9,538000000,9.538000000,0.0,0.0,0.0,0.0,0.0,0.0,1.0,963,963,0,963,0,0,0.0000,1.0000,0.0000,0.0000,0.0000,23,True,100.00,True,0.0,0.0,0.0,0.00,0.0000,0.00,0.0000,0.0000,1.0000,0.0000,0,963,0,0,0.000000
23,9,571000000,9.571000000,0.0,0.0,0.0,0.0,0.0,0.0,1.0,963,963,0,963,0,0,0.0000,1.0000,0.0000,0.0000,0.0000,24,True,100.00,True,0.0,0.0,0.0,0.00,0.0000,0.00,0.0000,0.0000,1.0000,0.0000,0,963,0,0,0.000000
24,9,604000000,9.604000000,0.0,0.0,0.0,0.0,0.0,0.0,1.0,963,963,0,963,0,0,0.0000,1.0000,0.0000,0.0000,0.0000,25,True,100.00,True,0.0,0.0,0.0,0.00,0.0000,0.00,0.0000,0.0000,1.0000,0.0000,0,963,0,0,0.000000
25,9,637000000,9.637000000,0.0,0.0,0.0,0.0,0.0,0.0,1.0,963,963,0,963,0,0,0.0000,1.0000,0.0000,0.0000,0.0000,26,True,100.00,True,0.0,0.0,0.0,0.00,0.0000,0.00,0.0000,0.0000,1.0000,0.0000,0,963,0,0,0.000000
26,9,670000000,9.670000000,0.0,0.0,0.0,0.0,0.0,0.0,1.0,963,963,0,963,0,0,0.0000,1.0000,0.0000,0.0000,0.0000,27,True,100.00,True,0.0,0.0,0.0,0.00,0.0000,0.00,0.0000,0.0000,1.0000,0.0000,0,963,0,0,0.000000
27,9,703000000,9.703000000,0.0,0.0,0.0,0.0,0.0,0.0,1.0,963,963,0,963,0,0,0.0000,1.0000,0.0000,0.0000,0.0000,28,True,100.00,True,0.0,0.0,0.0,0.00,0.0000,0.00,0.0000,0.0000,1.0000,0.0000,0,963,0,0,0.000000
28,9,736000000,9.736000000,0.0,0.0,0.0,0.0,0.0,0.0,1.0,963,963,0,963,0,0,0.0000,1.0000,0.0000,0.0000,0.0000,29,True,100.00,True,0.0,0.0,0.0,0.00,0.0000,0.00,0.0000,0.0000,1.0000,0.0000,0,963,0,0,0.000000
29,9,769000000,9.769000000,0.0,0.0,0.0,0.0,0.0,0.0,1.0,963,963,0,963,0,0,0.0000,1.0000,0.0000,0.0000,0.0000,30,True,100.00,True,0.0,0.0,0.0,0.00,0.0000,0.00,0.0000,0.0000,1.0000,0.0000,0,963,0,0,0.000000
30,9,802000000,9.802000000,0.0,0.0,0.0,0.0,0.0,0.0,1.0,963,963,0,963,0,0,0.0000,1.0000,0.0000,0.0000,0.0000,31,True,100.00,True,0.0,0.0,0.0,0.00,0.0000,0.00,0.0000,0.0000,1.0000,0.0000,0,963,0,0,0.000000
31,9,835000000,9.835000000,0.0,0.0,0.0,0.0,0.0,0.0,1.0,963,963,0,963,0,0,0.0000,1.0000,0.0000,0.0000,0.0000,32,True,100.00,True,0.0,0.0,0.0,0.00,0.0000,0.00,0.0000,0.0000,1.0000,0.0000,0,963,0,0,0.000000
32,9,868000000,9.868000000,0.0,0.0,0.0,0.0,0.0,0.0,1.0,963,963,0,963,0,0,0.0000,1.0000,0.0000,0.0000,0.0000,33,True,100.00,True,0.0,0.0,0.0,0.00,0.0000,0.00,0.0000,0.0000,1.0000,0.0000,0,963,0,0,0.000000
33,9,901000000,9.901000000,0.0,0.0,0.0,0.0,0.0,0.0,1.0,963,963,0,963,0,0,0.0000,1.0000,0.0000,0.0000,0.0000,34,True,100.00,True,0.0,0.0,0.0,0.00,0.0000,0.00,0.0000,0.0000,1.0000,0.0000,0,963,0,0,0.000000
34,9,934000000,9.934000000,0.0,0.0,0.0,0.0,0.0,0.0,1.0,963,963,0,963,0,0,0.0000,1.0000,0.0000,0.0000,0.0000,35,True,100.00,True,0.0,0.0,0.0,0.00,0.0000,0.00,0.0000,0.0000,1.0000,0.0000,0,963,0,0,0.000000
35,9,967000000,9.967000000,0.0,0.0,0.0,0.0,0.0,0.0,1.0,963,963,0,963,0,0,0.0000,1.0000,0.0000,0.0000,0.0000,36,True,100.00,True,0.0,0.0,0.0,0.00,0.0000,0.00,0.0000,0.0000,1.0000,0.0000,0,963,0,0,0.000000
36,10,0,10.000000000,0.0,0.0,0.0,0.0,0.0,0.0,1.0,963,963,0,963,0,0,0.0000,1.0000,0.0000,0.0000,0.0000,37,True,100.00,True,0.0,0.0,0.0,0.00,0.0000,0.00,0.0000,0.0000,1.0000,0.0000,0,963,0,0,0.000000
37,10,33000000,10.033000000,0.0,0.0,0.0,0.0,0.0,0.0,1.0,963,963,0,963,0,0,0.0000,1.0000,0.0000,0.0000,0.0000,38,True,100.00,True,0.0,0.0,0.0,0.00,0.0000,0.00,0.0000,0.0000,1.0000,0.0000,0,963,0,0,0.000000
38,10,66000000,10.066000000,0.0,0.0,0.0,0.0,0.0,0.0,1.0,963,963,0,963,0,0,0.0000,1.0000,0.0000,0.0000,0.0000,39,True,100.00,True,0.0,0.0,0.0,0.00,0.0000,0.00,0.0000,0.0000,1.0000,0.0000,0,963,0,0,0.000000
39,10,99000000,10.099000000,0.0,0.0,0.0,0.0,0.0,0.0,1.0,963,963,0,963,0,0,0.0000,1.0000,0.0000,0.0000,0.0000,40,True,100.00,True,0.0,0.0,0.0,0.00,0.0000,0.00,0.0000,0.0000,1.0000,0.0000,0,963,0,0,0.000000
40,10,132000000,10.132000000,0.0,0.0,0.0,0.0,0.0,0.0,1.0,963,963,0,963,0,0,0.0000,1.0000,0.0000,0.0000,0.0000,41,True,100.00,True,0.0,0.0,0.0,0.00,0.0000,0.00,0.0000,0.0000,1.0000,0.0000,0,963,0,0,0.000000
41,10,165000000,10.165000000,0.0,0.0,0.0,0.0,0.0,0.0,1.0,963,963,0,963,0,0,0.0000,1.0000,0.0000,0.0000,0.0000,42,True,100.00,True,0.0,0.0,0.0,0.00,0.0000,0.00,0.0000,0.0000,1.0000,0.0000,0,963,0,0,0.000000
42,10,198000000,10.198000000,0.0,0.0,0.0,0.0,0.0,0.0,1.0,963,963,0,963,0,0,0.0000,1.0000,0.0000,0.0000,0.0000,43,True,100.00,True,0.0,0.0,0.0,0.00,0.0000,0.00,0.0000,0.0000,1.0000,0.0000,0,963,0,0,0.000000
43,10,231000000,10.231000000,0.0,0.0,0.0,0.0,0.0,0.0,1.0,963,963,0,963,0,0,0.0000,1.0000,0.0000,0.0000,0.0000,44,True,100.00,True,0.0,0.0,0.0,0.00,0.0000,0.00,0.0000,0.0000,1.0000,0.0000,0,963,0,0,0.000000
44,10,264000000,10.264000000,0.0,0.0,0.0,0.0,0.0,0.0,1.0,963,963,0,963,0,0,0.0000,1.0000,0.0000,0.0000,0.0000,45,True,100.00,True,0.0,0.0,0.0,0.00,0.0000,0.00,0.0000,0.0000,1.0000,0.0000,0,963,0,0,0.000000
45,10,297000000,10.297000000,0.0,0.0,0.0,0.0,0.0,0.0,1.0,963,963,0,963,0,0,0.0000,1.0000,0.0000,0.0000,0.0000,46,True,100.00,True,0.0,0.0,0.0,0.00,0.0000,0.00,0.0000,0.0000,1.0000,0.0000,0,963,0,0,0.000000
46,10,330000000,10.330000000,0.0,0.0,0.0,0.0,0.0,0.0,1.0,963,963,0,963,0,0,0.0000,1.0000,0.0000,0.0000,0.0000,47,True,100.00,True,0.0,0.0,0.0,0.00,0.0000,0.00,0.0000,0.0000,1.0000,0.0000,0,963,0,0,0.000000
47,10,363000000,10.363000000,0.0,0.0,0.0,0.0,0.0,0.0,1.0,963,963,0,963,0,0,0.0000,1.0000,0.0000,0.0000,0.0000,48,True,100.00,True,0.0,0.0,0.0,0.00,0.0000,0.00,0.0000,0.0000,1.0000,0.0000,0,963,0,0,0.000000
48,10,396000000,10.396000000,0.0,0.0,0.0,0.0,0.0,0.0,1.0,963,963,0,963,0,0,0.0000,1.0000,0.0000,0.0000,0.0000,49,True,100.00,True,0.0,0.0,0.0,0.00,0.0000,0.00,0.0000,0.0000,1.0000,0.0000,0,963,0,0,0.000000
49,10,429000000,10.429000000,0.0,0.0,0.0,0.0,0.0,0.0,1.0,963,963,0,963,0,0,0.0000,1.0000,0.0000,0.0000,0.0000,50,True,100.00,True,0.0,0.0,0.0,0.00,0.0000,0.00,0.0000,0.0000,1.0000,0.0000,0,963,0,0,0.000000
50,10,462000000,10.462000000,0.0,0.0,0.0,0.0,0.0,0.0,1.0,963,963,0,963,0,0,0.0000,1.0000,0.0000,0.0000,0.0000,51,True,100.00,True,0.0,0.0,0.0,0.00,0.0000,0.00,0.0000,0.0000,1.0000,0.0000,0,963,0,0,0.000000
51,10,495000000,10.495000000,0.0,0.0,0.0,0.0,0.0,0.0,1.0,963,963,0,963,0,0,0.0000,1.0000,0.0000,0.0000,0.0000,52,True,100.00,True,0.0,0.0,0.0,0.00,0.0000,0.00,0.0000,0.0000,1.0000,0.0000,0,963,0,0,0.000000
52,10,528000000,10.528000000,0.0,0.0,0.0,0.0,0.0,0.0,1.0,963,963,0,963,0,0,0.0000,1.0000,0.0000,0.0000,0.0000,53,True,100.00,True,0.0,0.0,0.0,0.00,0.0000,0.00,0.0000,0.0000,1.0000,0.0000,0,963,0,0,0.000000
53,10,561000000,10.561000000,0.0,0.0,0.0,0.0,0.0,0.0,1.0,963,963,0,963,0,0,0.0000,1.0000,0.0000,0.0000,0.0000,54,True,100.00,True,0.0,0.0,0.0,0.00,0.0000,0.00,0.0000,0.0000,1.0000,0.0000,0,963,0,0,0.000000
54,10,594000000,10.594000000,0.0,0.0,0.0,0.0,0.0,0.0,1.0,963,963,0,963,0,0,0.0000,1.0000,0.0000,0.0000,0.0000,55,True,100.00,True,0.0,0.0,0.0,0.00,0.0000,0.00,0.0000,0.0000,1.0000,0.0000,0,963,0,0,0.000000
55,10,627000000,10.627000000,0.0,0.0,0.0,0.0,0.0,0.0,1.0,963,963,0,963,0,0,0.0000,1.0000,0.0000,0.0000,0.0000,56,True,100.00,True,0.0,0.0,0.0,0.00,0.0000,0.00,0.0000,0.0000,1.0000,0.0000,0,963,0,0,0.000000
56,10,660000000,10.660000000,0.0,0.0,0.0,0.0,0.0,0.0,1.0,963,963,0,963,0,0,0.0000,1.0000,0.0000,0.0000,0.0000,57,True,100.00,True,0.0,0.0,0.0,0.00,0.0000,0.00,0.0000,0.0000,1.0000,0.0000,0,963,0,0,0.000000
57,10,693000000,10.693000000,0.0,0.0,0.0,0.0,0.0,0.0,1.0,963,963,0,963,0,0,0.0000,1.0000,0.0000,0.0000,0.0000,58,True,100.00,True,0.0,0.0,0.0,0.00,0.0000,0.00,0.0000,0.0000,1.0000,0.0000,0,963,0,0,0.000000
58,10,726000000,10.726000000,0.0,0.0,0.0,0.0,0.0,0.0,1.0,963,963,0,963,0,0,0.0000,1.0000,0.0000,0.0000,0.0000,59,True,100.00,True,0.0,0.0,0.0,0.00,0.0000,0.00,0.0000,0.0000,1.0000,0.0000,0,963,0,0,0.000000
59,10,759000000,10.759000000,0.0,0.0,0.0,0.0,0.0,0.0,1.0,963,963,0,963,0,0,0.0000,1.0000,0.0000,0.0000,0.0000,60,True,100.00,True,0.0,0.0,0.0,0.00,0.0000,0.00,0.0000,0.0000,1.0000,0.0000,0,963,0,0,0.000000
60,10,792000000,10.792000000,0.0,0.0,0.0,0.0,0.0,0.0,1.0,963,963,0,963,0,0,0.0000,1.0000,0.0000,0.0000,0.0000,61,True,100.00,True,0.0,0.0,0.0,0.00,0.0000,0.00,0.0000,0.0000,1.0000,0.0000,0,963,0,0,0.000000
61,10,825000000,10.825000000,0.0,0.0,0.0,0.0,0.0,0.0,1.0,963,963,0,963,0,0,0.0000,1.0000,0.0000,0.0000,0.0000,62,True,100.00,True,0.0,0.0,0.0,0.00,0.0000,0.00,0.0000,0.0000,1.0000,0.0000,0,963,0,0,0.000000
62,10,858000000,10.858000000,0.0,0.0,0.0,0.0,0.0,0.0,1.0,963,963,0,963,0,0,0.0000,1.0000,0.0000,0.0000,0.0000,63,True,100.00,True,0.0,0.0,0.0,0.00,0.0000,0.00,0.0000,0.0000,1.0000,0.0000,0,963,0,0,0.000000
63,10,891000000,10.891000000,0.0,0.0,0.0,0.0,0.0,0.0,1.0,963,963,0,963,0,0,0.0000,1.0000,0.0000,0.0000,0.0000,64,True,100.00,True,0.0,0.0,0.0,0.00,0.0000,0.00,0.0000,0.0000,1.0000,0.0000,0,963,0,0,0.000000
64,10,924000000,10.924000000,0.0,0.0,0.0,0.0,0.0,0.0,1.0,963,963,0,963,0,0,0.0000,1.0000,0.0000,0.0000,0.0000,65,True,100.00,True,0.0,0.0,0.0,0.00,0.0000,0.00,0.0000,0.0000,1.0000,0.0000,0,963,0,0,0.000000
65,10,957000000,10.957000000,0.0,0.0,0.0,0.0,0.0,0.0,1.0,963,963,0,963,0,0,0.0000,1.0000,0.0000,0.0000,0.0000,66,True,100.00,True,0.0,0.0,0.0,0.00,0.0000,0.00,0.0000,0.0000,1.0000,0.0000,0,963,0,0,0.000000
66,10,990000000,10.990000000,0.0,0.0,0.0,0.0,0.0,0.0,1.0,963,963,0,963,0,0,0.0000,1.0000,0.0000,0.0000,0.0000,67,True,100.00,True,0.0,0.0,0.0,0.00,0.0000,0.00,0.0000,0.0000,1.0000,0.0000,0,963,0,0,0.000000
67,11,23000000,11.023000000,0.0,0.0,0.0,0.0,0.0,0.0,1.0,963,963,0,963,0,0,0.0000,1.0000,0.0000,0.0000,0.0000,68,True,100.00,True,0.0,0.0,0.0,0.00,0.0000,0.00,0.0000,0.0000,1.0000,0.0000,0,963,0,0,0.000000
68,11,56000000,11.056000000,0.0,0.0,0.0,0.0,0.0,0.0,1.0,963,963,0,963,0,0,0.0000,1.0000,0.0000,0.0000,0.0000,69,True,100.00,True,0.0,0.0,0.0,0.00,0.0000,0.00,0.0000,0.0000,1.0000,0.0000,0,963,0,0,0.000000
69,11,89000000,11.089000000,0.0,0.0,0.0,0.0,0.0,0.0,1.0,963,963,0,963,0,0,0.0000,1.0000,0.0000,0.0000,0.0000,70,True,100.00,True,0.0,0.0,0.0,0.00,0.0000,0.00,0.0000,0.0000,1.0000,0.0000,0,963,0,0,0.000000
70,11,122000000,11.122000000,0.0,0.0,0.0,0.0,0.0,0.0,1.0,963,963,0,963,0,0,0.0000,1.0000,0.0000,0.0000,0.0000,71,True,100.00,True,0.0,0.0,0.0,0.00,0.0000,0.00,0.0000,0.0000,1.0000,0.0000,0,963,0,0,0.000000
71,11,155000000,11.155000000,0.0,0.0,0.0,0.0,0.0,0.0,1.0,963,963,0,963,0,0,0.0000,1.0000,0.0000,0.0000,0.0000,72,True,100.00,True,0.0,0.0,0.0,0.00,0.0000,0.00,0.0000,0.0000,1.0000,0.0000,0,963,0,0,0.000000
72,11,188000000,11.188000000,0.0,0.0,0.0,0.0,0.0,0.0,1.0,963,963,0,963,0,0,0.0000,1.0000,0.0000,0.0000,0.0000,73,True,100.00,True,0.0,0.0,0.0,0.00,0.0000,0.00,0.0000,0.0000,1.0000,0.0000,0,963,0,0,0.000000
73,11,221000000,11.221000000,0.0,0.0,0.0,0.0,0.0,0.0,1.0,963,963,0,963,0,0,0.0000,1.0000,0.0000,0.0000,0.0000,74,True,100.00,True,0.0,0.0,0.0,0.00,0.0000,0.00,0.0000,0.0000,1.0000,0.0000,0,963,0,0,0.000000
74,11,254000000,11.254000000,0.0,0.0,0.0,0.0,0.0,0.0,1.0,963,963,0,963,0,0,0.0000,1.0000,0.0000,0.0000,0.0000,75,True,100.00,True,0.0,0.0,0.0,0.00,0.0000,0.00,0.0000,0.0000,1.0000,0.0000,0,963,0,0,0.000000
75,11,287000000,11.287000000,0.0,0.0,0.0,0.0,0.0,0.0,1.0,963,960,0,960,0,0,0.0000,0.9969,0.0000,0.0020,0.0000,76,True,100.00,True,0.0,0.0,0.0,0.00,0.0000,0.00,0.0000,0.0000,1.0000,0.0000,0,960,0,0,0.000000
76,11,320000000,11.320000000,0.0,0.0,0.0,0.0,0.0,0.0,1.0,960,960,0,960,0,0,0.0000,1.0000,0.0000,0.0000,0.0000,77,True,100.00,True,0.0,0.0,0.0,0.00,0.0000,0.00,0.0000,0.0000,1.0000,0.0000,0,960,0,0,0.000000
77,11,353000000,11.353000000,0.0,0.0,0.0,0.0,0.0,0.0,1.0,960,960,0,960,0,0,0.0000,1.0000,0.0000,0.0000,0.0000,78,True,100.00,True,0.0,0.0,0.0,0.00,0.0000,0.00,0.0000,0.0000,1.0000,0.0000,0,960,0,0,0.000000
78,11,386000000,11.386000000,0.0,0.0,0.0,0.0,0.0,0.0,1.0,960,960,0,960,0,0,0.0000,1.0000,0.0000,0.0000,0.0000,79,True,100.00,True,0.0,0.0,0.0,0.00,0.0000,0.00,0.0000,0.0000,1.0000,0.0000,0,960,0,0,0.000000
79,11,419000000,11.419000000,0.0,0.0,0.0,0.0,0.0,0.0,1.0,960,960,0,960,0,0,0.0000,1.0000,0.0000,0.0000,0.0000,80,True,100.00,True,0.0,0.0,0.0,0.00,0.0000,0.00,0.0000,0.0000,1.0000,0.0000,0,960,0,0,0.000000
80,11,452000000,11.452000000,0.0,0.0,0.0,0.0,0.0,0.0,1.0,960,960,0,960,0,0,0.0000,1.0000,0.0000,0.0000,0.0000,81,True,100.00,True,0.0,0.0,0.0,0.00,0.0000,0.00,0.0000,0.0000,1.0000,0.0000,0,960,0,0,0.000000
81,11,485000000,11.485000000,0.0,0.0,0.0,0.0,0.0,0.0,1.0,960,952,0,952,0,0,0.0000,0.9917,0.0000,0.0017,0.0000,82,True,100.00,True,0.0,0.0,0.0,0.00,0.0000,0.00,0.0000,0.0000,1.0000,0.0000,0,952,0,0,0.000000
82,11,518000000,11.518000000,0.0,0.0,0.0,0.0,0.0,0.0,1.0,952,952,0,952,0,0,0.0000,1.0000,0.0000,0.0018,0.0000,83,True,100.00,True,0.0,0.0,0.0,0.00,0.0000,0.00,0.0000,0.0000,1.0000,0.0000,0,952,0,0,0.000000
83,11,551000000,11.551000000,0.0,0.0,0.0,0.0,0.0,0.0,1.0,952,952,0,952,0,0,0.0000,1.0000,0.0000,0.0000,0.0000,84,True,100.00,True,0.0,0.0,0.0,0.00,0.0000,0.00,0.0000,0.0000,1.0000,0.0000,0,952,0,0,0.000000
84,11,584000000,11.584000000,0.0,0.0,0.0,0.0,0.0,0.0,1.0,952,952,0,952,0,0,0.0000,1.0000,0.0000,0.0000,0.0000,85,True,100.00,True,0.0,0.0,0.0,0.00,0.0000,0.00,0.0000,0.0000,1.0000,0.0000,0,952,0,0,0.000000
85,11,617000000,11.617000000,0.0,0.0,0.0,0.0,0.0,0.0,1.0,952,952,0,952,0,0,0.0000,1.0000,0.0000,0.0000,0.0000,86,True,100.00,True,0.0,0.0,0.0,0.00,0.0000,0.00,0.0000,0.0000,1.0000,0.0000,0,952,0,0,0.000000
86,11,650000000,11.650000000,0.0,0.0,0.0,0.0,0.0,0.0,1.0,952,952,0,952,0,0,0.0000,1.0000,0.0000,0.0000,0.0000,87,True,100.00,True,0.0,0.0,0.0,0.00,0.0000,0.00,0.0000,0.0000,1.0000,0.0000,0,952,0,0,0.000000
87,11,683000000,11.683000000,0.0,0.0,0.0,0.0,0.0,0.0,1.0,952,950,0,950,0,0,0.0000,0.9979,0.0000,0.0018,0.0000,88,True,100.00,True,0.0,0.0,0.0,0.00,0.0000,0.00,0.0000,0.0000,1.0000,0.0000,0,950,0,0,0.000000
88,11,716000000,11.716000000,0.0,0.0,0.0,0.0,0.0,0.0,1.0,950,950,0,950,0,0,0.0000,1.0000,0.0000,0.0021,0.0000,89,True,100.00,True,0.0,0.0,0.0,0.00,0.0000,0.00,0.0000,0.0000,1.0000,0.0000,0,950,0,0,0.000000
89,11,749000000,11.749000000,0.0,0.0,0.0,0.0,0.0,0.0,1.0,950,950,0,950,0,0,0.0000,1.0000,0.0000,0.0000,0.0000,90,True,100.00,True,0.0,0.0,0.0,0.00,0.0000,0.00,0.0000,0.0000,1.0000,0.0000,0,950,0,0,0.000000
90,11,782000000,11.782000000,0.0,0.0,0.0,0.0,0.0,0.0,1.0,950,950,0,950,0,0,0.0000,1.0000,0.0000,0.0000,0.0000,91,True,100.00,True,0.0,0.0,0.0,0.00,0.0000,0.00,0.0000,0.0000,1.0000,0.0000,0,950,0,0,0.000000
91,11,815000000,11.815000000,0.0,0.0,0.0,0.0,0.0,0.0,1.0,950,950,0,950,0,0,0.0000,1.0000,0.0000,0.0000,0.0000,92,True,100.00,True,0.0,0.0,0.0,0.00,0.0000,0.00,0.0000,0.0000,1.0000,0.0000,0,950,0,0,0.000000
92,11,848000000,11.848000000,0.0,0.0,0.0,0.0,0.0,0.0,1.0,950,950,0,950,0,0,0.0000,1.0000,0.0000,0.0000,0.0000,93,True,100.00,True,0.0,0.0,0.0,0.00,0.0000,0.00,0.0000,0.0000,1.0000,0.0000,0,950,0,0,0.000000
93,11,881000000,11.881000000,0.0,0.0,0.0,0.0,0.0,0.0,1.0,950,950,0,950,0,0,0.0000,1.0000,0.0000,0.0000,0.0000,94,True,100.00,True,0.0,0.0,0.0,0.00,0.0000,0.00,0.0000,0.0000,1.0000,0.0000,0,950,0,0,0.000000
94,11,914000000,11.914000000,0.0,0.0,0.0,0.0,0.0,0.0,1.0,950,950,0,950,0,0,0.0000,1.0000,0.0000,0.0031,0.0000,95,True,100.00,True,0.0,0.0,0.0,0.00,0.0000,0.00,0.0000,0.0000,1.0000,0.0000,0,950,0,0,0.000000
95,11,947000000,11.947000000,0.0,0.0,0.0,0.0,0.0,0.0,1.0,950,950,0,950,0,0,0.0000,1.0000,0.0000,0.0000,0.0000,96,True,100.00,True,0.0,0.0,0.0,0.00,0.0000,0.00,0.0000,0.0000,1.0000,0.0000,0,950,0,0,0.000000
96,11,980000000,11.980000000,0.0,0.0,0.0,0.0,0.0,0.0,1.0,950,950,0,950,0,0,0.0000,1.0000,0.0000,0.0000,0.0000,97,True,100.00,True,0.0,0.0,0.0,0.00,0.0000,0.00,0.0000,0.0000,1.0000,0.0000,0,950,0,0,0.000000
97,12,13000000,12.013000000,0.0,0.0,0.0,0.0,0.0,0.0,1.0,950,950,0,950,0,0,0.0000,1.0000,0.0000,0.0000,0.0000,98,True,100.00,True,0.0,0.0,0.0,0.00,0.0000,0.00,0.0000,0.0000,1.0000,0.0000,0,950,0,0,0.000000
98,12,46000000,12.046000000,0.0,0.0,0.0,0.0,0.0,0.0,1.0,950,950,0,950,0,0,0.0000,1.0000,0.0000,0.0000,0.0000,99,True,100.00,True,0.0,0.0,0.0,0.00,0.0000,0.00,0.0000,0.0000,1.0000,0.0000,0,950,0,0,0.000000
99,12,79000000,12.079000000,0.0,0.0,0.0,0.0,0.0,0.0,1.0,950,950,0,950,0,0,0.0000,1.0000,0.0000,0.0000,0.0000,100,True,100.00,True,0.0,0.0,0.0,0.00,0.0000,0.00,0.0000,0.0000,1.0000,0.0000,0,950,0,0,0.000000
100,12,112000000,12.112000000,0.0,0.0,0.0,0.0,0.0,0.0,1.0,950,950,0,950,0,0,0.0000,1.0000,0.0000,0.0027,0.0000,101,True,100.00,True,0.0,0.0,0.0,0.00,0.0000,0.00,0.0000,0.0000,1.0000,0.0000,0,950,0,0,0.000000
101,12,145000000,12.145000000,0.0,0.0,0.0,0.0,0.0,0.0,1.0,950,950,0,950,0,0,0.0000,1.0000,0.0000,0.0018,0.0000,102,True,100.00,True,0.0,0.0,0.0,0.00,0.0000,0.00,0.0000,0.0000,1.0000,0.0000,0,950,0,0,0.000000
102,12,178000000,12.178000000,0.0,0.0,0.0,0.0,0.0,0.0,1.0,950,950,0,950,0,0,0.0000,1.0000,0.0000,0.0000,0.0000,103,True,100.00,True,0.0,0.0,0.0,0.00,0.0000,0.00,0.0000,0.0000,1.0000,0.0000,0,950,0,0,0.000000
103,12,211000000,12.211000000,0.0,0.0,0.0,0.0,0.0,0.0,1.0,950,950,0,950,0,0,0.0000,1.0000,0.0000,0.0000,0.0000,104,True,100.00,True,0.0,0.0,0.0,0.00,0.0000,0.00,0.0000,0.0000,1.0000,0.0000,0,950,0,0,0.000000
104,12,244000000,12.244000000,0.0,0.0,0.0,0.0,0.0,0.0,1.0,950,950,0,950,0,0,0.0000,1.0000,0.0000,0.0000,0.0000,105,True,100.00,True,0.0,0.0,0.0,0.00,0.0000,0.00,0.0000,0.0000,1.0000,0.0000,0,950,0,0,0.000000
105,12,277000000,12.277000000,0.0,0.0,0.0,0.0,0.0,0.0,1.0,950,950,0,950,0,0,0.0000,1.0000,0.0000,0.0000,0.0000,106,True,100.00,True,0.0,0.0,0.0,0.00,0.0000,0.00,0.0000,0.0000,1.0000,0.0000,0,950,0,0,0.000000
106,12,310000000,12.310000000,0.0,0.0,0.0,0.0,0.0,0.0,1.0,950,950,0,950,0,0,0.0000,1.0000,0.0000,0.0012,0.0000,107,True,100.00,True,0.0,0.0,0.0,0.00,0.0000,0.00,0.0000,0.0000,1.0000,0.0000,0,950,0,0,0.000000
107,12,343000000,12.343000000,0.0,0.0,0.0,0.0,0.0,0.0,1.0,950,950,0,950,0,0,0.0000,1.0000,0.0000,0.0033,0.0000,108,True,100.00,True,0.0,0.0,0.0,0.00,0.0000,0.00,0.0000,0.0000,1.0000,0.0000,0,950,0,0,0.000000
108,12,376000000,12.376000000,0.0,0.0,0.0,0.0,0.0,0.0,1.0,950,950,0,950,0,0,0.0000,1.0000,0.0000,0.0000,0.0000,109,True,100.00,True,0.0,0.0,0.0,0.00,0.0000,0.00,0.0000,0.0000,1.0000,0.0000,0,950,0,0,0.000000
109,12,409000000,12.409000000,0.0,0.0,0.0,0.0,0.0,0.0,1.0,950,950,0,950,0,0,0.0000,1.0000,0.0000,0.0000,0.0000,110,True,100.00,True,0.0,0.0,0.0,0.00,0.0000,0.00,0.0000,0.0000,1.0000,0.0000,0,950,0,0,0.000000
110,12,442000000,12.442000000,0.0,0.0,0.0,0.0,0.0,0.0,1.0,950,950,0,950,0,0,0.0000,1.0000,0.0000,0.0000,0.0000,111,True,100.00,True,0.0,0.0,0.0,0.00,0.0000,0.00,0.0000,0.0000,1.0000,0.0000,0,950,0,0,0.000000
111,12,475000000,12.475000000,0.0,0.0,0.0,0.0,0.0,0.0,1.0,950,950,0,950,0,0,0.0000,1.0000,0.0000,0.0000,0.0000,112,True,100.00,True,0.0,0.0,0.0,0.00,0.0000,0.00,0.0000,0.0000,1.0000,0.0000,0,950,0,0,0.000000
112,12,508000000,12.508000000,0.0,0.0,0.0,0.0,0.0,0.0,1.0,950,950,0,950,0,0,0.0000,1.0000,0.0000,0.0029,0.0001,113,True,100.00,True,0.0,0.0,0.0,0.00,0.0000,0.00,0.0000,0.0000,1.0000,0.0000,0,950,0,0,0.000000
113,12,541000000,12.541000000,0.0,0.0,0.0,0.0,0.0,0.0,1.0,950,950,0,950,0,0,0.0000,1.0000,0.0000,0.0000,0.0000,114,True,100.00,True,0.0,0.0,0.0,0.00,0.0000,0.00,0.0000,0.0000,1.0000,0.0000,0,950,0,0,0.000000
114,12,574000000,12.574000000,0.0,0.0,0.0,0.0,0.0,0.0,1.0,950,950,0,950,0,0,0.0000,1.0000,0.0000,0.0000,0.0000,115,True,100.00,True,0.0,0.0,0.0,0.00,0.0000,0.00,0.0000,0.0000,1.0000,0.0000,0,950,0,0,0.000000
115,12,607000000,12.607000000,0.0,0.0,0.0,0.0,0.0,0.0,1.0,950,950,0,950,0,0,0.0000,1.0000,0.0000,0.0000,0.0000,116,True,100.00,True,0.0,0.0,0.0,0.00,0.0000,0.00,0.0000,0.0000,1.0000,0.0000,0,950,0,0,0.000000
116,12,640000000,12.640000000,0.0,0.0,0.0,0.0,0.0,0.0,1.0,950,949,0,949,0,0,0.0000,0.9989,0.0000,0.0027,0.0000,117,True,100.00,True,0.0,0.0,0.0,0.00,0.0000,0.00,0.0000,0.0000,1.0000,0.0000,0,949,0,0,0.000000
117,12,673000000,12.673000000,0.0,0.0,0.0,0.0,0.0,0.0,1.0,949,949,0,949,0,0,0.0000,1.0000,0.0000,0.0000,0.0000,118,True,100.00,True,0.0,0.0,0.0,0.00,0.0000,0.00,0.0000,0.0000,1.0000,0.0000,0,949,0,0,0.000000
118,12,706000000,12.706000000,0.0,0.0,0.0,0.0,0.0,0.0,1.0,949,949,0,949,0,0,0.0000,1.0000,0.0000,0.0000,0.0000,119,True,100.00,True,0.0,0.0,0.0,0.00,0.0000,0.00,0.0000,0.0000,1.0000,0.0000,0,949,0,0,0.000000
119,12,739000000,12.739000000,0.0,0.0,0.0,0.0,0.0,0.0,1.0,949,949,0,949,0,0,0.0000,1.0000,0.0000,0.0000,0.0000,120,True,100.00,True,0.0,0.0,0.0,0.00,0.0000,0.00,0.0000,0.0000,1.0000,0.0000,0,949,0,0,0.000000
120,12,772000000,12.772000000,0.0,0.0,0.0,0.0,0.0,0.0,1.0,949,949,0,949,0,0,0.0000,1.0000,0.0000,0.0021,0.0000,121,True,100.00,True,0.0,0.0,0.0,0.00,0.0000,0.00,0.0000,0.0000,1.0000,0.0000,0,949,0,0,0.000000
121,12,805000000,12.805000000,0.0,0.0,0.0,0.0,0.0,0.0,1.0,949,949,0,949,0,0,0.0000,1.0000,0.0000,0.0000,0.0000,122,True,100.00,True,0.0,0.0,0.0,0.00,0.0000,0.00,0.0000,0.0000,1.0000,0.0000,0,949,0,0,0.000000
122,12,838000000,12.838000000,0.0,0.0,0.0,0.0,0.0,0.0,1.0,949,949,0,949,0,0,0.0000,1.0000,0.0000,0.0000,0.0000,123,True,100.00,True,0.0,0.0,0.0,0.00,0.0000,0.00,0.0000,0.0000,1.0000,0.0000,0,949,0,0,0.000000
123,12,871000000,12.871000000,0.0,0.0,0.0,0.0,0.0,0.0,1.0,949,949,0,949,0,0,0.0000,1.0000,0.0000,0.0000,0.0000,124,True,100.00,True,0.0,0.0,0.0,0.00,0.0000,0.00,0.0000,0.0000,1.0000,0.0000,0,949,0,0,0.000000
124,12,904000000,12.904000000,0.0,0.0,0.0,0.0,0.0,0.0,1.0,949,949,0,949,0,0,0.0000,1.0000,0.0000,0.0023,0.0000,125,True,100.00,True,0.0,0.0,0.0,0.00,0.0000,0.00,0.0000,0.0000,1.0000,0.0000,0,949,0,0,0.000000
125,12,937000000,12.937000000,0.0,0.0,0.0,0.0,0.0,0.0,1.0,949,949,0,949,0,0,0.0000,1.0000,0.0000,0.0000,0.0000,126,True,100.00,True,0.0,0.0,0.0,0.00,0.0000,0.00,0.0000,0.0000,1.0000,0.0000,0,949,0,0,0.000000
126,12,970000000,12.970000000,0.0,0.0,0.0,0.0,0.0,0.0,1.0,949,949,0,949,0,0,0.0000,1.0000,0.0000,0.0000,0.0000,127,True,100.00,True,0.0,0.0,0.0,0.00,0.0000,0.00,0.0000,0.0000,1.0000,0.0000,0,949,0,0,0.000000
127,13,3000000,13.003000000,0.0,0.0,0.0,0.0,0.0,0.0,1.0,949,949,0,949,0,0,0.0000,1.0000,0.0000,0.0021,0.0001,128,True,100.00,True,0.0,0.0,0.0,0.00,0.0000,0.00,0.0000,0.0000,1.0000,0.0000,0,949,0,0,0.000000
128,13,36000000,13.036000000,0.0,0.0,0.0,0.0,0.0,0.0,1.0,949,949,0,949,0,0,0.0000,1.0000,0.0000,0.0000,0.0000,129,True,100.00,True,0.0,0.0,0.0,0.00,0.0000,0.00,0.0000,0.0000,1.0000,0.0000,0,949,0,0,0.000000
129,13,69000000,13.069000000,0.0,0.0,0.0,0.0,0.0,0.0,1.0,949,949,0,949,0,0,0.0000,1.0000,0.0000,0.0000,0.0000,130,True,100.00,True,0.0,0.0,0.0,0.00,0.0000,0.00,0.0000,0.0000,1.0000,0.0000,0,949,0,0,0.000000
130,13,102000000,13.102000000,0.0,0.0,0.0,0.0,0.0,0.0,1.0,949,949,0,949,0,0,0.0000,1.0000,0.0000,0.0028,0.0000,131,True,100.00,True,0.0,0.0,0.0,0.00,0.0000,0.00,0.0000,0.0000,1.0000,0.0000,0,949,0,0,0.000000
131,13,135000000,13.135000000,0.0,0.0,0.0,0.0,0.0,0.0,1.0,949,949,0,949,0,0,0.0000,1.0000,0.0000,0.0000,0.0000,132,True,100.00,True,0.0,0.0,0.0,0.00,0.0000,0.00,0.0000,0.0000,1.0000,0.0000,0,949,0,0,0.000000
132,13,168000000,13.168000000,0.0,0.0,0.0,0.0,0.0,0.0,1.0,949,949,0,949,0,0,0.0000,1.0000,0.0000,0.0000,0.0000,133,True,100.00,True,0.0,0.0,0.0,0.00,0.0000,0.00,0.0000,0.0000,1.0000,0.0000,0,949,0,0,0.000000
133,13,201000000,13.201000000,0.0,0.0,0.0,0.0,0.0,0.0,1.0,949,949,0,949,0,0,0.0000,1.0000,0.0000,0.0003,0.0000,134,True,100.00,True,0.0,0.0,0.0,0.00,0.0000,0.00,0.0000,0.0000,1.0000,0.0000,0,949,0,0,0.000000
134,13,234000000,13.234000000,0.0,0.0,0.0,0.0,0.0,0.0,1.0,949,949,0,949,0,0,0.0000,1.0000,0.0000,0.0000,0.0000,135,True,100.00,True,0.0,0.0,0.0,0.00,0.0000,0.00,0.0000,0.0000,1.0000,0.0000,0,949,0,0,0.000000
135,13,267000000,13.267000000,0.0,0.0,0.0,0.0,0.0,0.0,1.0,949,949,0,949,0,0,0.0000,1.0000,0.0000,0.0034,0.0000,136,True,100.00,True,0.0,0.0,0.0,0.00,0.0000,0.00,0.0000,0.0000,1.0000,0.0000,0,949,0,0,0.000000
136,13,300000000,13.300000000,0.0,0.0,0.0,0.0,0.0,0.0,1.0,949,949,0,949,0,0,0.0000,1.0000,0.0000,0.0000,0.0000,137,True,100.00,True,0.0,0.0,0.0,0.00,0.0000,0.00,0.0000,0.0000,1.0000,0.0000,0,949,0,0,0.000000
137,13,333000000,13.333000000,0.0,0.0,0.0,0.0,0.0,0.0,1.0,949,949,0,949,0,0,0.0000,1.0000,0.0000,0.0000,0.0000,138,True,100.00,True,0.0,0.0,0.0,0.00,0.0000,0.00,0.0000,0.0000,1.0000,0.0000,0,949,0,0,0.000000
138,13,366000000,13.366000000,0.0,0.0,0.0,0.0,0.0,0.0,1.0,949,949,0,949,0,0,0.0000,1.0000,0.0000,0.0000,0.0000,139,True,100.00,True,0.0,0.0,0.0,0.00,0.0000,0.00,0.0000,0.0000,1.0000,0.0000,0,949,0,0,0.000000
139,13,399000000,13.399000000,0.0,0.0,0.0,0.0,0.0,0.0,1.0,949,949,0,949,0,0,0.0000,1.0000,0.0000,0.0000,0.0000,140,True,100.00,True,0.0,0.0,0.0,0.00,0.0000,0.00,0.0000,0.0000,1.0000,0.0000,0,949,0,0,0.000000
140,13,432000000,13.432000000,0.0,0.0,0.0,0.0,0.0,0.0,1.0,949,949,0,949,0,0,0.0000,1.0000,0.0000,0.0015,0.0000,141,True,100.00,True,0.0,0.0,0.0,0.00,0.0000,0.00,0.0000,0.0000,1.0000,0.0000,0,949,0,0,0.000000
141,13,465000000,13.465000000,0.0,0.0,0.0,0.0,0.0,0.0,1.0,949,949,0,949,0,0,0.0000,1.0000,0.0000,0.0000,0.0000,142,True,100.00,True,0.0,0.0,0.0,0.00,0.0000,0.00,0.0000,0.0000,1.0000,0.0000,0,949,0,0,0.000000
142,13,498000000,13.498000000,0.0,0.0,0.0,0.0,0.0,0.0,1.0,949,949,0,949,0,0,0.0000,1.0000,0.0000,0.0018,0.0000,143,True,100.00,True,0.0,0.0,0.0,0.00,0.0000,0.00,0.0000,0.0000,1.0000,0.0000,0,949,0,0,0.000000
143,13,531000000,13.531000000,0.0,0.0,0.0,0.0,0.0,0.0,1.0,949,949,0,949,0,0,0.0000,1.0000,0.0000,0.0000,0.0000,144,True,100.00,True,0.0,0.0,0.0,0.00,0.0000,0.00,0.0000,0.0000,1.0000,0.0000,0,949,0,0,0.000000
144,13,564000000,13.564000000,0.0,0.0,0.0,0.0,0.0,0.0,1.0,949,949,0,949,0,0,0.0000,1.0000,0.0000,0.0025,0.0000,145,True,100.00,True,0.0,0.0,0.0,0.00,0.0000,0.00,0.0000,0.0000,1.0000,0.0000,0,949,0,0,0.000000
145,13,597000000,13.597000000,0.0,0.0,0.0,0.0,0.0,0.0,1.0,949,949,0,949,0,0,0.0000,1.0000,0.0000,0.0000,0.0000,146,True,100.00,True,0.0,0.0,0.0,0.00,0.0000,0.00,0.0000,0.0000,1.0000,0.0000,0,949,0,0,0.000000
146,13,630000000,13.630000000,0.0,0.0,0.0,0.0,0.0,0.0,1.0,949,949,0,949,0,0,0.0000,1.0000,0.0000,0.0007,0.0000,147,True,100.00,True,0.0,0.0,0.0,0.00,0.0000,0.00,0.0000,0.0000,1.0000,0.0000,0,949,0,0,0.000000
147,13,663000000,13.663000000,0.0,0.0,0.0,0.0,0.0,0.0,1.0,949,949,0,949,0,0,0.0000,1.0000,0.0000,0.0000,0.0000,148,True,100.00,True,0.0,0.0,0.0,0.00,0.0000,0.00,0.0000,0.0000,1.0000,0.0000,0,949,0,0,0.000000
148,13,696000000,13.696000000,0.0,0.0,0.0,0.0,0.0,0.0,1.0,949,949,0,949,0,0,0.0000,1.0000,0.0000,0.0000,0.0000,149,True,100.00,True,0.0,0.0,0.0,0.00,0.0000,0.00,0.0000,0.0000,1.0000,0.0000,0,949,0,0,0.000000
149,13,729000000,13.729000000,0.0,0.0,0.0,0.0,0.0,0.0,1.0,949,949,0,949,0,0,0.0000,1.0000,0.0000,0.0000,0.0000,150,True,100.00,True,0.0,0.0,0.0,0.00,0.0000,0.00,0.0000,0.0000,1.0000,0.0000,0,949,0,0,0.000000
150,13,762000000,13.762000000,0.0,0.0,0.0,0.0,0.0,0.0,1.0,949,949,0,949,0,0,0.0000,1.0000,0.0000,0.0000,0.0000,151,True,100.00,True,0.0,0.0,0.0,0.00,0.0000,0.00,0.0000,0.0000,1.0000,0.0000,0,949,0,0,0.000000
151,13,795000000,13.795000000,0.0,0.0,0.0,0.0,0.0,0.0,1.0,949,949,0,949,0,0,0.0000,1.0000,0.0000,0.0025,0.0001,152,True,100.00,True,0.0,0.0,0.0,0.00,0.0000,0.00,0.0000,0.0000,1.0000,0.0000,0,949,0,0,0.000000
152,13,828000000,13.828000000,0.0,0.0,0.0,0.0,0.0,0.0,1.0,949,949,0,949,0,0,0.0000,1.0000,0.0000,0.0000,0.0000,153,True,100.00,True,0.0,0.0,0.0,0.00,0.0000,0.00,0.0000,0.0000,1.0000,0.0000,0,949,0,0,0.000000
153,13,861000000,13.861000000,0.0,0.0,0.0,0.0,0.0,0.0,1.0,949,949,0,949,0,0,0.0000,1.0000,0.0000,0.0000,0.0000,154,True,100.00,True,0.0,0.0,0.0,0.00,0.0000,0.00,0.0000,0.0000,1.0000,0.0000,0,949,0,0,0.000000
154,13,894000000,13.894000000,0.0,0.0,0.0,0.0,0.0,0.0,1.0,949,949,0,949,0,0,0.0000,1.0000,0.0000,0.0012,0.0000,155,True,100.00,True,0.0,0.0,0.0,0.00,0.0000,0.00,0.0000,0.0000,1.0000,0.0000,0,949,0,0,0.000000
155,13,927000000,13.927000000,0.0,0.0,0.0,0.0,0.0,0.0,1.0,949,949,0,949,0,0,0.0000,1.0000,0.0000,0.0000,0.0000,156,True,100.00,True,0.0,0.0,0.0,0.00,0.0000,0.00,0.0000,0.0000,1.0000,0.0000,0,949,0,0,0.000000
156,13,960000000,13.960000000,0.0,0.0,0.0,0.0,0.0,0.0,1.0,949,949,0,949,0,0,0.0000,1.0000,0.0000,0.0000,0.0000,157,True,100.00,True,0.0,0.0,0.0,0.00,0.0000,0.00,0.0000,0.0000,1.0000,0.0000,0,949,0,0,0.000000
157,13,993000000,13.993000000,0.0,0.0,0.0,0.0,0.0,0.0,1.0,949,949,0,949,0,0,0.0000,1.0000,0.0000,0.0023,0.0000,158,True,100.00,True,0.0,0.0,0.0,0.00,0.0000,0.00,0.0000,0.0000,1.0000,0.0000,0,949,0,0,0.000000
158,14,26000000,14.026000000,0.0,0.0,0.0,0.0,0.0,0.0,1.0,949,949,0,949,0,0,0.0000,1.0000,0.0000,0.0000,0.0000,159,True,100.00,True,0.0,0.0,0.0,0.00,0.0000,0.00,0.0000,0.0000,1.0000,0.0000,0,949,0,0,0.000000
159,14,59000000,14.059000000,0.0,0.0,0.0,0.0,0.0,0.0,1.0,949,949,0,949,0,0,0.0000,1.0000,0.0000,0.0000,0.0000,160,True,100.00,True,0.0,0.0,0.0,0.00,0.0000,0.00,0.0000,0.0000,1.0000,0.0000,0,949,0,0,0.000000
160,14,92000000,14.092000000,0.0,0.0,0.0,0.0,0.0,0.0,1.0,949,949,0,949,0,0,0.0000,1.0000,0.0000,0.0013,0.0000,161,True,100.00,True,0.0,0.0,0.0,0.00,0.0000,0.00,0.0000,0.0000,1.0000,0.0000,0,949,0,0,0.000000
161,14,125000000,14.125000000,0.0,0.0,0.0,0.0,0.0,0.0,1.0,949,949,0,949,0,0,0.0000,1.0000,0.0000,0.0018,0.0000,162,True,100.00,True,0.0,0.0,0.0,0.00,0.0000,0.00,0.0000,0.0000,1.0000,0.0000,0,949,0,0,0.000000
162,14,158000000,14.158000000,-0.9867062021701606,0.1575064547544169,-0.04003232830642272,2.709851659994744e-06,-3.005271212800708e-05,-2.3733685429249388e-05,0.9999999992631017,949,949,14,949,14,0,0.0148,1.0000,0.0626,3.9996,0.5341,0,True,98.36,True,-0.9867062021701606,0.1575064547544169,-0.04003232830642272,0.00,0.0000,0.00,0.0000,0.0000,1.0000,0.0226,0,949,0,0,0.000005
163,14,191000000,14.191000000,-0.9867062021701606,0.1575064547544169,-0.04003232830642272,2.709851659994744e-06,-3.005271212800708e-05,-2.3733685429249388e-05,0.9999999992631017,1082,0,0,0,0,0,0.0000,0.0000,0.0000,0.0000,0.0000,1,True,98.36,True,0.0,0.0,0.0,0.00,0.0000,0.00,0.0000,0.0000,1.0000,0.0472,0,1082,0,0,0.000009
164,14,224000000,14.224000000,-0.22805499464338652,-0.4923765098234194,-0.08586329676325154,0.000131246041445697,-0.0009205843684919754,6.545478589890992e-06,0.9999995676279334,1082,990,201,984,201,0,0.2030,0.9150,3.8372,873.3984,2.8294,0,True,96.72,True,0.7586792989593371,-0.6498472012371533,-0.04587304627782703,0.10,0.0000,0.00,0.0000,0.0000,1.0000,0.5974,0,990,0,0,0.000320
165,14,257000000,14.257000000,0.5933301976329838,-1.0627441046140285,-0.0831851029900272,0.001268544829887468,-0.002499277642297858,-5.5910321413313524e-05,0.9999960706319386,201,201,80,201,80,0,0.3980,1.0000,1.3713,13.4081,1.8926,0,True,95.08,True,0.8213814021798987,-0.5703778233181592,0.0013156062565663562,0.22,0.0000,0.00,0.0000,0.0000,1.0000,0.6662,0,201,0,0,0.000951
166,14,290000000,14.290000000,0.5933301976329838,-1.0627441046140285,-0.0831851029900272,0.001268544829887468,-0.002499277642297858,-5.5910321413313524e-05,0.9999960706319386,1192,0,0,0,0,0,0.0000,0.0000,0.0000,0.0000,0.0000,1,True,95.08,True,0.0,0.0,0.0,0.00,0.0000,0.00,0.0000,0.0000,1.0000,0.5612,0,1192,0,0,0.002310
167,14,323000000,14.323000000,0.8034446778884934,-2.038302259529006,-0.1475138801106901,0.00576537331451649,-0.005455159161361054,-0.0022368894671431477,0.9999659984392371,1192,1159,1051,1056,1051,0,0.9068,0.9723,15.2854,280.8077,3.0300,0,True,93.44,True,0.20990558648784188,-0.9756960715489726,-0.06290326482065188,0.67,0.0000,0.00,0.0000,0.0000,1.0000,0.5297,0,1159,0,0,0.004174
168,14,356000000,14.356000000,0.9181158867504415,-2.1980077738902586,0.832967972113382,0.010943893648322317,-0.00852515863094384,-0.0020253637677307055,0.999901720552445,1051,1051,482,1030,482,0,0.4586,1.0000,3.6815,18.2852,2.2449,0,True,91.80,True,0.1260594608547271,-0.14785828368623655,0.9809418638606348,0.69,0.0000,0.00,0.0000,0.0000,1.0000,0.4256,0,1051,0,0,0.003380
169,14,389000000,14.389000000,0.9407954213895561,-2.1776554088113684,1.8325035742528197,0.018200660739699757,-0.00972286020932433,-0.0020924474964704805,0.999784888664288,482,482,173,482,173,0,0.3589,1.0000,2.9673,7.5666,1.2011,0,True,90.16,True,0.03958623454887978,0.04234494019589724,0.9983185043231679,0.84,0.0000,0.00,0.0000,0.0000,1.0000,0.4202,0,482,0,0,0.008648
170,14,422000000,14.422000000,1.113975760667854,-2.2980788715751306,2.810003834970656,0.02204236931194761,-0.023288619385236017,-0.003083031799171059,0.9994809998580115,173,173,173,173,173,0,1.0000,1.0000,2.8494,6.9978,0.9615,0,True,88.52,True,0.1926222057421534,-0.08406491080264039,0.9776654727598658,1.62,0.0000,0.00,0.0000,0.0000,1.0000,0.2263,0,173,0,0,0.005422
171,14,455000000,14.455000000,1.0799577178702442,-1.9209976779795022,1.8844485712501606,0.021779991349689408,-0.019241755893926137,-0.0015836194465662207,0.9995763497384152,173,173,138,173,138,0,0.7977,1.0000,3.1877,9.0575,1.0896,0,True,86.89,True,-0.07965317292506087,0.3356182860637758,-0.9386243860579074,0.50,0.0000,0.00,0.0000,0.0000,1.0000,0.2274,0,173,0,0,0.007394
172,14,488000000,14.488000000,1.8834977265792974,-1.7133371259084686,1.3265950514822815,0.025912464744858015,-0.013873203634958791,-0.0014911359699129121,0.9995668336360849,138,138,76,137,76,0,0.5507,1.0000,3.8971,7.5510,1.3654,0,True,85.25,True,0.7806888924640429,0.1850091245288344,-0.596905752212475,0.78,0.0000,0.00,0.0000,0.0000,1.0000,0.3073,0,138,0,0,0.016380
173,14,521000000,14.521000000,1.8834977265792974,-1.7133371259084686,1.3265950514822815,0.025912464744858015,-0.013873203634958791,-0.0014911359699129121,0.9995668336360849,1399,0,0,0,0,0,0.0000,0.0000,0.0000,0.0000,0.0000,1,True,85.25,True,0.0,0.0,0.0,0.00,0.0000,0.00,0.0000,0.0000,1.0000,0.1680,0,1399,0,0,0.016834
174,14,554000000,14.554000000,1.9514013140117676,-1.7729941253061232,2.322501746527892,0.025172790093893182,-0.013736322637837084,-0.0014073745764005055,0.999587746711653,1399,1359,1058,1278,1058,0,0.7785,0.9714,6.6994,95.2545,3.1599,0,True,83.61,True,0.09564177707661538,-0.007791380318766353,0.9953853248216772,0.09,0.0000,0.00,0.0000,0.0000,1.0000,0.0868,0,1359,0,0,0.015531
175,14,587000000,14.587000000,1.8644479426650806,-1.9291083529093171,3.3064059385869076,0.021267841250536844,-0.01071248139611878,-0.0015590612695712512,0.9997152049453072,1058,1058,954,1040,954,0,0.9017,1.0000,7.0413,21.7436,2.3982,0,True,81.97,True,-0.05942341610142961,-0.10654742854086423,0.9925303537374389,0.57,0.0000,0.00,0.0000,0.0000,1.0000,0.0580,0,1058,0,0,0.019120
176,14,620000000,14.620000000,1.9041434890394162,-1.882229624501198,4.304517479658787,0.021968931510410482,-0.008777320085064499,-0.0017337678243870627,0.9997186197873612,954,952,700,948,700,0,0.7353,0.9979,8.6586,25.6463,2.3272,0,True,80.33,True,0.06083097174685023,0.08941834887439815,0.9941347754509496,0.24,0.0000,0.00,0.0000,0.0000,1.0000,0.0291,0,952,0,0,0.023596
177,14,653000000,14.653000000,1.9919744384254934,-2.020732833631974,5.290977101432744,0.013874183797493906,-0.00585571698699564,-0.0015844339752529501,0.9998853470130962,700,699,693,693,693,0,0.9914,0.9986,13.0931,29.8009,2.3117,0,True,78.69,True,0.10558735697633342,-0.09473732964738261,0.9898869371893112,0.99,0.0000,0.00,0.0000,0.0000,1.0000,0.0047,0,699,0,0,0.015344
178,14,686000000,14.686000000,2.019391553772702,-2.290270462089836,6.253576586489405,0.002881156834044238,0.0030837296901412344,-0.0011995725874171031,0.9999903752397337,693,692,557,679,557,0,0.8049,0.9986,14.7509,34.0032,2.3046,0,True,77.05,True,0.039542731584535064,-0.2426247267004081,0.9693139916313938,1.62,0.0000,0.00,0.0000,0.0000,1.0000,0.0158,0,692,0,0,0.035012
179,14,719000000,14.719000000,2.2137034441230625,-2.2389557791308943,7.233173285433054,-0.0013915166288597579,-0.0036423268914520723,-0.0006340138870832223,0.9999921975509001,557,557,557,557,557,0,1.0000,1.0000,16.9381,38.2990,2.1869,0,True,75.41,True,0.1881371012188741,0.0574207558543911,0.9804627927372204,0.92,0.0000,0.00,0.0000,0.0000,1.0000,0.0334,0,557,0,0,0.032821
180,14,752000000,14.752000000,1.9850338762552218,-2.200607079732756,8.205921765763712,-0.00759503125810133,0.006979539740888771,-0.0005742161432609327,0.9999466344765678,557,557,550,557,550,0,0.9874,1.0000,18.6560,43.0900,2.0996,0,True,73.77,True,-0.22162375782112448,0.0353535674569075,0.9744911673469973,1.41,0.0000,0.00,0.0000,0.0000,1.0000,0.0440,0,557,0,0,0.033483
181,14,785000000,14.785000000,1.7787236758743101,-2.1174565838230666,9.180868993181052,-0.010753698631755175,0.0171406634342124,-0.001306688216215311,0.9997944029592675,550,546,530,531,530,0,0.9707,0.9927,20.1986,43.3775,2.0024,0,True,72.13,True,-0.21999440286207803,0.06810926663500345,0.9731205426399134,1.22,0.0000,0.00,0.0000,0.0000,1.0000,0.0392,0,546,0,0,0.026597
182,14,818000000,14.818000000,2.062712724183803,-1.964746943533027,10.127457597698745,-0.01434742430812654,0.0065520854087818435,0.0011068112720183198,0.9998749904669716,530,523,505,505,505,0,0.9656,0.9868,21.2213,41.6147,1.8753,0,True,70.49,True,0.2509488636790906,0.13291425040978042,0.9588318256379371,1.31,0.0000,0.00,0.0000,0.0000,1.0000,0.0600,0,523,0,0,0.018727
183,14,851000000,14.851000000,1.937499043219699,-1.8185855074935815,11.10876201973826,-0.01918043308676843,0.01711120453358484,0.001178798607897815,0.9996689092393821,505,501,497,497,497,0,0.9920,0.9921,22.2101,49.8755,1.7994,0,True,68.85,True,-0.13779533681376346,0.11826095734008929,0.9833752036335811,1.33,0.0000,0.00,0.0000,0.0000,1.0000,0.0935,0,501,0,0,0.065930
184,14,884000000,14.884000000,2.185556004981889,-1.7704939034675222,12.076313021672272,-0.028964351388679938,0.009978914954742627,0.0026212502799246706,0.9995271965544155,497,489,467,467,467,0,0.9550,0.9839,22.8742,142.0356,1.7661,0,True,67.21,True,0.21484807374020296,0.010243862695081969,0.9765937581651897,1.40,0.0000,0.00,0.0000,0.0000,1.0000,0.0674,0,489,0,0,0.031082
185,14,917000000,14.917000000,2.412321681095,-1.3586561338551848,12.958904081936138,-0.023170036144077484,0.01803166064020618,-0.0008733175997460141,0.9995685298947784,467,453,364,440,364,0,0.8035,0.9700,22.1578,51.6529,1.7263,0,True,65.57,True,0.2108970759084621,0.35876474877311976,0.9092910856326596,1.21,0.0000,0.00,0.0000,0.0000,1.0000,0.1138,0,453,0,0,0.046365
186,14,950000000,14.950000000,2.6525907028587206,-1.3167417185382944,13.928705081610477,-0.03007730961497985,0.012851402178774394,-0.0009917220763237648,0.9994644632980642,364,360,354,354,354,0,0.9833,0.9890,23.8344,110.5701,1.4690,0,True,63.93,True,0.20508430471216907,-0.0028637384436362634,0.9787401222811154,0.99,0.0000,0.00,0.0000,0.0000,1.0000,0.1145,0,360,0,0,0.040831
187,14,983000000,14.983000000,3.0095479963584615,-1.0141427400159309,14.812455809369476,-0.029407128492647178,0.006760809425175752,0.0012947065392464809,0.9995438139394944,354,340,330,330,330,0,0.9706,0.9605,23.6110,115.9745,1.4664,0,True,62.30,True,0.3333548991690342,0.24932682122854702,0.9092362989982699,0.75,0.0000,0.00,0.0000,0.0000,1.0000,0.1318,0,340,0,0,0.041268
188,15,16000000,15.016000000,3.082488834195823,-1.0113445165763684,15.809788153235434,-0.037545004365199926,0.009849759850809301,0.0011369454339541837,0.9992457466675446,330,317,311,311,311,0,0.9811,0.9606,22.7872,82.7221,1.4086,0,True,60.66,True,0.059384715079314865,-0.056037559314826235,0.9966610494852228,1.00,0.0000,0.00,0.0000,0.0000,1.0000,0.1008,0,317,0,0,0.028022
189,15,49000000,15.049000000,3.3115542684894015,-0.597288107150497,16.69074576664555,-0.03508768254106681,0.012235132136480397,0.0008612328217841743,0.9993089684144373,311,292,287,287,287,0,0.9829,0.9389,21.9607,31.0993,1.2309,0,True,59.02,True,0.21223839797593438,0.3461166213830926,0.9138698741215632,0.39,0.0000,0.00,0.0000,0.0000,1.0000,0.1465,0,292,0,0,0.036311
190,15,82000000,15.082000000,2.9929762488092915,-0.24138838210245106,17.56929196980587,-0.03651141413109508,0.022463283184555875,0.0002807962736723442,0.9990806967908903,287,265,258,259,258,0,0.9736,0.9233,21.1922,33.7141,1.1917,0,True,57.38,True,-0.3397116403935064,0.2942535797035554,0.8933145203190174,1.19,0.0000,0.00,0.0000,0.0000,1.0000,0.2321,0,265,0,0,0.049323
191,15,115000000,15.115000000,3.458004991154947,-0.06213999608870702,18.436251187361048,-0.04409257611156694,0.005180779406900024,0.0069742655612997015,0.9989896715564496,258,239,234,234,234,0,0.9791,0.9264,20.5488,37.4154,1.2100,0,True,55.74,True,0.4254344368967477,0.11450805522343216,0.8977156817118072,2.29,0.0000,0.00,0.0000,0.0000,1.0000,0.1875,0,239,0,0,0.023339
192,15,148000000,15.148000000,3.8731417880850714,-0.06610988153365642,19.34600152665428,-0.055957643763319145,-0.014393897182639325,0.00885371728561973,0.9982901229194745,234,217,207,207,207,0,0.9539,0.9274,19.4662,24.5685,1.4171,0,True,54.10,True,0.4050441941809786,-0.09000809855525715,0.9098558913117772,2.63,0.0000,0.00,0.0000,0.0000,1.0000,0.2616,0,217,0,0,0.053996
193,15,181000000,15.181000000,4.252399044860676,0.0881428883270886,20.258344672720128,-0.061935913642026885,-0.03010642995430676,0.01203928550597877,0.9975533073882515,207,183,173,173,173,0,0.9454,0.8841,18.8825,43.1656,1.5847,0,True,52.46,True,0.40733130958945213,0.04500623520348001,0.9121708409179451,1.96,0.0000,0.00,0.0000,0.0000,1.0000,0.2537,0,183,0,0,0.036585
194,15,214000000,15.214000000,4.289893221485732,-0.5801259016076132,19.51537023768322,-0.055824081552005064,-0.022199787055637108,0.005828311401559005,0.9981767740033655,173,157,87,153,87,0,0.5541,0.9075,17.7377,28.9937,1.3002,0,True,50.82,True,-0.02464759018028699,-0.5713617804108657,-0.8203281125159799,1.35,0.0000,0.00,0.0000,0.0000,1.0000,0.1647,0,157,0,0,0.021760
195,15,247000000,15.247000000,4.289893221485732,-0.5801259016076132,19.51537023768322,-0.055824081552005064,-0.022199787055637108,0.005828311401559005,0.9981767740033655,2000,0,0,0,0,0,0.0000,0.0000,0.0000,0.0000,0.0000,1,True,50.82,True,0.0,0.0,0.0,0.00,0.0000,0.00,0.0000,0.0000,1.0000,0.3662,0,2000,0,0,0.044266
196,15,280000000,15.280000000,4.33878825124882,-0.23036553830121126,20.450932616321992,-0.055564454401954226,-0.019868330897412287,0.005356955542343822,0.9982430284563382,2000,1995,1533,1968,1533,0,0.7684,0.9975,7.9391,24.7327,2.9635,0,True,49.18,True,0.09463405679058642,0.24260346496511476,0.9654988110206437,0.27,0.0000,0.00,0.0000,0.0000,1.0000,0.3273,0,1995,0,0,0.035666
197,15,313000000,15.313000000,4.154667215197996,-0.02329133566667113,21.41177584947027,-0.05667775947669768,-0.016141639584842247,0.004592711726771077,0.9982514643371225,1533,1526,1513,1526,1513,0,0.9915,0.9954,9.3886,16.9957,1.4594,0,True,47.54,True,-0.14375160150419505,0.10055194630017124,0.9844921447935613,0.45,0.0000,0.00,0.0000,0.0000,1.0000,0.2658,0,1526,0,0,0.026945
198,15,346000000,15.346000000,4.3887517713069375,0.13452156146587602,22.371098271854898,-0.05947598557100132,-0.01959133258414287,0.005249717804063787,0.9980236606869164,1513,1500,1496,1496,1496,0,0.9973,0.9914,9.0327,20.3215,1.3593,0,True,45.90,True,0.26610498840786695,0.046377657936954544,0.9628277353653311,0.52,0.0000,0.00,0.0000,0.0000,1.0000,0.4487,0,1500,0,0,0.042479
199,15,379000000,15.379000000,4.439385220931697,0.29326300023747454,23.35711927031072,-0.061762192798396245,-0.01871230840834829,0.005248372116818574,0.9979016663203284,1496,1487,1486,1486,1486,0,0.9993,0.9940,8.6245,15.8324,1.2725,0,True,44.26,True,0.09056796746203824,0.03993689234323176,0.9950891859023293,0.28,0.0000,0.00,0.0000,0.0000,1.0000,0.3089,0,1487,0,0,0.027599
200,15,412000000,15.412000000,4.537500025841931,0.6682877178167705,24.278927247202866,-0.06013641527904431,-0.01709644726503001,0.004565445797642576,0.9980333059337093,1486,1476,1474,1474,1474,0,0.9986,0.9933,8.2231,22.0753,1.2251,0,True,42.62,True,0.13666412164144665,0.2575341068377642,0.9565558539213731,0.27,0.0000,0.00,0.0000,0.0000,1.0000,0.1393,0,1476,0,0,0.012100
201,15,445000000,15.445000000,4.765730957375684,1.0220537030364243,25.18598858448541,-0.05906464053547559,-0.017888112868099406,0.004788218896141923,0.998082389693474,1474,1467,1465,1465,1465,0,0.9986,0.9953,7.8274,21.9604,1.1714,0,True,40.98,True,0.26249526091839287,0.24056009531784875,0.9344661997825562,0.15,0.0000,0.00,0.0000,0.0000,1.0000,0.5523,0,1467,0,0,0.046406
202,15,478000000,15.478000000,4.69802786834434,1.0280573447283625,26.18367603455284,-0.061492566372826844,-0.01559518668292275,0.004500746741055126,0.9979755496563938,1465,1458,1442,1452,1442,0,0.9890,0.9952,7.4671,28.5947,1.1461,0,True,39.34,True,-0.03252586266343141,-0.11133548291467214,0.9932504611134878,0.38,0.0000,0.00,0.0000,0.0000,1.0000,0.3676,0,1458,0,0,0.029948
203,15,511000000,15.511000000,4.809708298573662,1.294273810447958,27.14109771536206,-0.06104573333566339,-0.015980337485260496,0.004378956785241823,0.99799743085483,1442,1426,1423,1423,1423,0,0.9979,0.9889,7.0149,13.7527,1.0924,0,True,37.70,True,0.14379560152272072,0.14575865852879522,0.9788142001659993,0.07,0.0000,0.00,0.0000,0.0000,1.0000,0.3096,0,1426,0,0,0.024962
204,15,544000000,15.544000000,5.068475348268974,1.7442619235800905,27.995820074980532,-0.05816080286830678,-0.015614381426928737,0.003842755214383906,0.9981777123011366,1423,1415,1409,1409,1409,0,0.9958,0.9944,6.6622,15.4902,1.0629,0,True,36.07,True,0.2902418179342356,0.34059521876856336,0.8942899888035337,0.34,0.0000,0.00,0.0000,0.0000,1.0000,0.2534,0,1415,0,0,0.013503
205,15,577000000,15.577000000,4.935492945864075,1.7017688056934912,28.98602713190494,-0.060015317482176374,-0.01354092769333357,0.0035484703590380634,0.998099300321781,1409,1403,1383,1400,1383,0,0.9857,0.9957,6.2808,17.1326,1.0022,0,True,34.43,True,-0.10289282356791063,-0.1565171497237629,0.9823010987984143,0.32,0.0000,0.00,0.0000,0.0000,1.0000,0.3642,0,1403,0,0,0.036511
206,15,610000000,15.610000000,4.99765509650724,1.9550546441657497,29.951419358441292,-0.05956918837594297,-0.013954195863470579,0.0036270774999605606,0.9981200511575973,1383,1371,1369,1369,1369,0,0.9985,0.9913,5.9386,17.1735,0.9708,0,True,32.79,True,0.09002733434939093,0.13536641317672768,0.986697022015173,0.07,0.0000,0.00,0.0000,0.0000,1.0000,0.3144,0,1371,0,0,0.025968
207,15,643000000,15.643000000,5.061920150268381,2.02123258250416,30.94715550991032,-0.06043368836483493,-0.014305112183813168,0.0035404725949054446,0.9980634239014249,1369,1358,1354,1354,1354,0,0.9971,0.9920,5.5756,16.4500,0.9965,0,True,31.15,True,0.09213438788741884,-0.05316010301464281,0.9943265349049493,0.11,0.0000,0.00,0.0000,0.0000,1.0000,0.1244,0,1358,0,0,0.010421
208,15,676000000,15.676000000,5.199766265587178,2.168357762722109,31.926620991608043,-0.06055561097468274,-0.016116239663220174,0.0036852730998965157,0.9980279072053946,1354,1348,1339,1339,1339,0,0.9933,0.9956,5.2555,13.5616,1.0662,0,True,29.51,True,0.16662971203570645,0.02705559527090251,0.9856482809965402,0.21,0.0000,0.00,0.0000,0.0000,1.0000,0.2955,0,1348,0,0,0.018656
209,15,709000000,15.709000000,5.514438314942211,2.3195793922100503,32.863698106967135,-0.06002090631827609,-0.02366817853704219,0.004207436032825906,0.9979076137656737,1339,1317,1309,1309,1309,0,0.9939,0.9836,4.9094,20.7665,0.9343,0,True,27.87,True,0.3456341008876504,0.03502988018050212,0.9377152957044719,0.87,0.0000,0.00,0.0000,0.0000,1.0000,0.3276,0,1317,0,0,0.034128
210,15,742000000,15.742000000,5.567516170391448,2.6210748909966024,33.815687185408876,-0.05840552964210624,-0.02472610057791102,0.004351610390103009,0.9979771928979383,1309,1295,1289,1289,1289,0,0.9954,0.9893,4.5723,13.5101,0.8542,0,True,26.23,True,0.10089343232691053,0.18478865571664985,0.9775856320710368,0.22,0.0000,0.00,0.0000,0.0000,1.0000,0.2292,0,1295,0,0,0.020286
211,15,775000000,15.775000000,5.632802229439076,2.4588796975885137,34.80028377779042,-0.060067899154363634,-0.025061303210784373,0.00430706927945131,0.9978703461506311,1289,1287,1281,1281,1281,0,0.9953,0.9984,4.2904,8.5961,0.9135,0,True,24.59,True,0.11141801758015986,-0.2764519795121902,0.9545471849952201,0.19,0.0000,0.00,0.0000,0.0000,1.0000,0.2329,0,1287,0,0,0.021329
212,15,808000000,15.808000000,5.780542003762601,2.6773786002033546,35.76487238887752,-0.059088019877890724,-0.027172457711391797,0.0046533168758973705,0.9978720409405633,1281,1273,1263,1263,1263,0,0.9921,0.9938,4.0471,18.6697,0.8973,0,True,22.95,True,0.19783035180051656,0.10024583762018456,0.9750968792619077,0.27,0.0000,0.00,0.0000,0.0000,1.0000,0.1556,0,1273,0,0,0.014844
213,15,841000000,15.841000000,5.847580936517682,2.5552534474170665,36.7551204530271,-0.060419019944744926,-0.028644039040983105,0.00459242312426342,0.997751457381137,1263,1254,1252,1252,1252,0,0.9984,0.9929,3.7343,11.2415,0.8265,0,True,21.31,True,0.11856660191172075,-0.23869938924124534,0.9638280772456072,0.23,0.0000,0.00,0.0000,0.0000,1.0000,0.1629,0,1254,0,0,0.016093
214,15,874000000,15.874000000,5.5142352379346224,2.726751436961067,37.68219600810259,-0.05941034222718074,-0.028137307774981822,0.004484041941054347,0.9978269371566876,1252,1246,1244,1244,1244,0,0.9984,0.9952,3.5196,17.4225,0.8532,0,True,19.67,True,-0.2781429001445422,0.06012169880883254,0.9586563035997435,0.13,0.0000,0.00,0.0000,0.0000,1.0000,0.1977,0,1246,0,0,0.020445
215,15,907000000,15.907000000,5.616271024417987,2.8812719908583886,38.66490252415913,-0.0582544493681378,-0.030641316869096144,0.004550712704696088,0.9978210359795098,1244,1236,1235,1235,1235,0,0.9992,0.9936,3.2562,10.5167,0.7791,0,True,18.03,True,0.15842714268937602,0.03609151551274193,0.9867108203355599,0.32,0.0000,0.00,0.0000,0.0000,1.0000,0.1463,0,1236,0,0,0.015905
216,15,940000000,15.940000000,5.293383051579225,2.9767965972537347,39.60650669076477,-0.05761070155422133,-0.03044493540941451,0.004581129042502233,0.9978642824708394,1235,1228,1221,1221,1221,0,0.9943,0.9943,3.0971,45.7716,0.7915,0,True,16.39,True,-0.26398073829636326,-0.013076874096309097,0.9644393009269044,0.08,0.0000,0.00,0.0000,0.0000,1.0000,0.1369,0,1228,0,0,0.015379
217,15,973000000,15.973000000,5.641347622512815,3.0616942048989753,40.54016243759607,-0.05575623487054722,-0.04166742793121221,0.004303144678587774,0.997565311480172,1221,1215,1210,1210,1210,0,0.9959,0.9951,2.8432,5.4891,0.7115,0,True,14.75,True,0.4046148557653229,-0.025238018213058946,0.9141388630458089,1.30,0.0000,0.00,0.0000,0.0000,1.0000,0.0916,0,1215,0,0,0.010498
218,16,6000000,16.006000000,5.494283251364472,3.360204551054732,41.483170202132875,-0.05390405849563577,-0.04232009875893842,0.004461678153489661,0.9976389402718738,1210,1207,1207,1207,1207,0,1.0000,0.9975,2.6774,4.9672,0.7111,0,True,13.11,True,-0.06465686581768136,0.1919833055683234,0.979266000678924,0.23,0.0000,0.00,0.0000,0.0000,1.0000,0.1510,0,1207,0,0,0.017388
219,16,39000000,16.039000000,4.980302067913778,3.7852020827304402,42.22828793855322,-0.05241067780312217,-0.0413689096783885,0.004697807989406419,0.9977573175699257,1207,1203,938,1202,938,0,0.7797,0.9967,2.5290,7.5874,0.7415,0,True,11.48,True,-0.44383756658599444,0.344319958937958,0.8273161308496203,0.21,0.0000,0.00,0.0000,0.0000,1.0000,0.0568,0,1203,0,0,0.006091
220,16,72000000,16.072000000,5.013307603882648,3.913704625176496,43.21944772949528,-0.05122043316959693,-0.0438173667514154,0.00481597535431522,0.9977140431898699,938,936,936,936,936,0,1.0000,0.9979,2.3531,4.4694,0.6812,0,True,9.84,True,0.11598740088381894,0.023577659736270507,0.9929708035977578,0.31,0.0000,0.00,0.0000,0.0000,1.0000,0.2044,0,936,0,0,0.023555
221,16,105000000,16.105000000,5.284622621442408,3.968293519330215,44.18038904606025,-0.04966695231258607,-0.05050584697335948,0.004406733029749989,0.9974782874697009,936,926,924,924,924,0,0.9978,0.9893,2.2583,10.5352,0.6681,0,True,8.20,True,0.3545754799035326,-0.04570973412761535,0.9339094438205249,0.79,0.0000,0.00,0.0000,0.0000,1.0000,0.0871,0,926,0,0,0.009550
222,16,138000000,16.138000000,5.298466089585395,4.034203917584356,45.178118557396736,-0.04875524324134308,-0.05311151819853971,0.004458684692225995,0.9973876944408022,924,921,921,921,921,0,1.0000,0.9968,2.0935,5.0775,0.6542,0,True,6.56,True,0.11477386824091597,-0.03377215354846707,0.9928174055755244,0.32,0.0000,0.00,0.0000,0.0000,1.0000,0.1177,0,921,0,0,0.007665
223,16,171000000,16.171000000,5.224452299037196,3.425312495560229,45.96791169170098,-0.04978338025602181,-0.05249973789224318,0.004897001929650681,0.997367240259891,921,916,613,913,613,0,0.6692,0.9946,2.0041,9.7465,0.6518,0,True,6.56,True,0.0011694719721951836,-0.6828834699689628,0.7305263847243675,0.15,0.0000,0.00,0.0000,0.0000,1.0000,0.0836,0,916,0,0,0.012185
224,16,204000000,16.204000000,5.985022216513585,3.789334481705809,45.43030459145714,-0.04892441788523591,-0.05136672105396722,0.005629857053417781,0.9974648695629901,613,611,322,611,322,0,0.5270,0.9967,2.1358,4.1576,0.6659,0,True,4.92,True,0.7057617896043368,0.4124097135605205,-0.5760369124417405,0.18,0.0000,0.00,0.0000,0.0000,1.0000,0.1941,0,611,0,0,0.020144
225,16,237000000,16.237000000,6.104496739923097,4.619217668523462,44.88530942221851,-0.04825582016242981,-0.05066497862427076,0.006584185247559981,0.9975274854689866,322,321,176,321,176,0,0.5483,0.9969,1.6854,3.2024,0.6320,0,True,4.92,True,0.07678110346152668,0.8786235895013718,-0.4713016551243534,0.16,0.0000,0.00,0.0000,0.0000,1.0000,0.1176,0,321,0,0,0.010880
226,16,270000000,16.270000000,5.1271049448346755,4.827853310361657,44.85101003667587,-0.048627982408455686,-0.048714300984676766,0.008028297926572515,0.997596001715554,176,176,176,176,176,0,1.0000,1.0000,1.5101,2.1503,0.6197,0,True,4.92,True,-0.9719736296183066,0.21903049631989527,0.0853985070623329,0.28,0.0000,0.00,0.0000,0.0000,1.0000,0.1350,0,176,0,0,0.011906
227,16,303000000,16.303000000,5.304725590533529,4.9643742819425505,45.825593501823995,-0.046888563514133175,-0.05330419238272806,0.008092074828551083,0.9974440555795474,176,176,176,176,176,0,1.0000,1.0000,1.4190,1.8834,0.6114,0,True,3.28,True,0.27355141217055445,0.038535612746308,0.9610851322592406,0.56,0.0000,0.00,0.0000,0.0000,1.0000,0.0771,0,176,0,0,0.006514
228,16,336000000,16.336000000,4.5022592003944535,4.8102799874173225,46.40205047427896,-0.046152339552225675,-0.05254233986915594,0.0077788036548411665,0.9975213051803102,176,176,168,176,168,0,0.9545,1.0000,1.3671,3.6448,0.6364,0,True,3.28,True,-0.7401983003574281,-0.19887141609160036,0.6423057184936908,0.13,0.0000,0.00,0.0000,0.0000,1.0000,0.1911,0,176,0,0,0.015090
229,16,369000000,16.369000000,4.658419293245724,5.4783703823099925,47.129559408693396,-0.04202959089375033,-0.056323175260414624,0.010429515831280173,0.9974730265112003,168,167,167,167,167,0,1.0000,0.9940,1.2880,1.6675,0.5448,0,True,3.28,True,0.24462545287419007,0.5959166142749923,0.7648802367933998,0.71,0.0000,0.00,0.0000,0.0000,1.0000,0.1257,0,167,0,0,0.005418
230,16,402000000,16.402000000,3.7789887020527706,5.401714264172168,47.59937391977842,-0.04212087443069708,-0.05552677181231087,0.01094367602324122,0.9975083185138836,167,167,102,167,102,0,0.6108,1.0000,1.2455,1.6456,0.5468,0,True,3.28,True,-0.8232402240730091,-0.10217893634816981,0.5584218821240603,0.11,0.0000,0.00,0.0000,0.0000,1.0000,0.1573,0,167,0,0,0.014687
231,16,435000000,16.435000000,4.161302766957233,4.732161298007382,48.23619004808875,-0.05188660783392649,-0.0774990594599012,-0.00900745325948032,0.9956005933586506,102,102,102,102,102,0,1.0000,1.0000,1.2826,1.5262,0.6015,0,True,3.28,True,0.43207217972947926,-0.7278622216844198,0.5324755560102615,3.59,0.0000,0.00,0.0000,0.0000,1.0000,0.1617,0,102,0,0,0.010505
232,16,468000000,16.468000000,4.547402638292947,4.381701567793356,49.08948065910756,-0.05353752847215005,-0.09195551823936306,-0.01518067992336796,0.99420695162903,102,102,102,102,102,0,1.0000,1.0000,1.2193,1.4898,0.6132,0,True,3.28,True,0.5173406987129556,-0.42545357527748173,0.7425280174773198,1.82,0.0000,0.00,0.0000,0.0000,1.0000,0.1652,0,102,0,0,0.010165
233,16,501000000,16.501000000,3.768776011639617,4.401393294271453,49.716659112320656,-0.05252565617625012,-0.09152116198302257,-0.015350499199984106,0.9942983931028164,102,102,102,102,102,0,1.0000,1.0000,1.1971,1.4939,0.6197,0,True,3.28,True,-0.6498041193097411,-0.07661503557069814,0.7562306148607,0.13,0.0000,0.00,0.0000,0.0000,1.0000,0.1708,0,102,0,0,0.009994
234,16,534000000,16.534000000,3.4080137974253337,3.657929383605511,50.27978613025933,-0.052973251796632356,-0.09119244741093199,-0.01546668903135582,0.9943030492056747,102,101,101,101,101,0,1.0000,0.9902,1.1879,1.4930,0.5777,0,True,1.64,True,-0.23560517478202062,-0.8107299838465183,0.5359170597286093,0.07,0.0000,0.00,0.0000,0.0000,1.0000,0.1532,0,101,0,0,0.008585
235,16,567000000,16.567000000,3.6178700857613,3.7044931147726983,51.25640896287469,-0.05152933098599617,-0.0979285780796515,-0.01565981314820939,0.9937351215970966,101,101,101,101,101,0,1.0000,1.0000,1.1818,1.3565,0.6048,0,True,1.64,True,0.38399007745325503,-0.04536313119869332,0.9222222111537399,0.79,0.0000,0.00,0.0000,0.0000,1.0000,0.1813,0,101,0,0,0.009831
236,16,600000000,16.600000000,2.844770457996672,3.289017636901574,51.735676208613384,-0.05158479864135818,-0.09733762664562917,-0.015485092339165125,0.9937930402771867,101,101,53,101,53,0,0.5248,1.0000,1.1663,1.3058,0.6280,0,True,1.64,True,-0.6551011898090959,-0.4925424716215825,0.5729261250454629,0.07,0.0000,0.00,0.0000,0.0000,1.0000,0.1469,0,101,0,0,0.007783
237,16,633000000,16.633000000,2.844770457996672,3.289017636901574,51.735676208613384,-0.05158479864135818,-0.09733762664562917,-0.015485092339165125,0.9937930402771867,2000,0,0,0,0,0,0.0000,0.0000,0.0000,0.0000,0.0000,1,True,3.28,True,0.0,0.0,0.0,0.00,0.0000,0.00,0.0000,0.0000,1.0000,0.1805,0,2000,0,0,0.009408
238,16,666000000,16.666000000,2.633777934421609,2.354036957656688,52.02079598069907,-0.051531355967636236,-0.09633180317386006,-0.015396905427128444,0.9938951847919767,2000,2000,770,1994,770,0,0.3850,1.0000,1.0897,33.6430,2.4559,0,True,3.28,True,-0.1318889937691736,-0.9665426967445606,0.22000115611584165,0.12,0.0000,0.00,0.0000,0.0000,1.0000,0.1350,0,2000,0,0,0.004845
239,16,699000000,16.699000000,2.948754033655293,1.4550951231533533,51.71633968647721,-0.05058924160521826,-0.0957598787906815,-0.01572598966278244,0.9939936959040178,770,770,768,770,768,0,0.9974,1.0000,1.5393,2.6740,0.6543,0,True,3.28,True,0.2687862028770912,-0.8506907338937589,-0.4517513169988694,0.13,0.0000,0.00,0.0000,0.0000,1.0000,0.1541,0,770,0,0,0.006509
240,16,732000000,16.732000000,2.6958602111618997,0.48835188693170684,51.67823155395446,-0.05125360521827431,-0.09462840004562072,-0.018394121984341223,0.9940222281887666,768,768,768,768,768,0,1.0000,1.0000,1.5368,2.7102,0.5811,0,True,3.28,True,-0.23458920593426597,-0.9679554511775135,-0.08961109861432963,0.34,0.0000,0.00,0.0000,0.0000,1.0000,0.1228,0,768,0,0,0.009644
241,16,765000000,16.765000000,3.089735202395092,0.8775667281763136,52.510922552246136,-0.05019313460109481,-0.09686266091714982,-0.01687780909549464,0.993888028763352,768,768,767,767,767,0,0.9987,1.0000,1.5391,2.6145,0.6035,0,True,3.28,True,0.534317455708824,0.3231827449994735,0.7810619500778759,0.33,0.0000,0.00,0.0000,0.0000,1.0000,0.1377,0,768,0,0,0.007507
242,16,798000000,16.798000000,3.9001155397333465,1.3712559815316718,52.19539976388217,-0.04892353815436332,-0.09611811929402718,-0.014412026062593697,0.9940624165828869,767,767,767,767,767,0,1.0000,1.0000,1.5443,2.5869,0.6293,0,True,3.28,True,0.7216638564787192,0.5564369245817534,-0.4117999844757918,0.33,0.0000,0.00,0.0000,0.0000,1.0000,0.2025,0,767,0,0,0.007391
243,16,831000000,16.831000000,4.824851001131433,1.5417430644515777,51.85510800525388,-0.04809687647942479,-0.09538613797058522,-0.012925406557943341,0.9941936979388328,767,767,767,767,767,0,1.0000,1.0000,1.5414,2.6030,0.6500,0,True,3.28,True,0.8384752168692287,0.2369495863714731,-0.49072823865606907,0.21,0.0000,0.00,0.0000,0.0000,1.0000,0.1353,0,767,0,0,0.010879
244,16,864000000,16.864000000,5.695782506400006,1.8904906512076316,51.508909458372976,-0.04709500447326133,-0.09460934699750977,-0.01102287109465838,0.9943387895115019,767,767,767,767,767,0,1.0000,1.0000,1.5240,2.8115,0.6548,0,True,3.28,True,0.7829369696182259,0.4096474912696786,-0.4681865381463757,0.26,0.0000,0.00,0.0000,0.0000,1.0000,0.1560,0,767,0,0,0.008825
245,16,897000000,16.897000000,6.600458714114116,1.5856363427949243,51.211210264826484,-0.046959946855688404,-0.09363104162595669,-0.010104748851362906,0.9944475277690625,767,764,354,764,354,0,0.4634,0.9961,1.5306,3.4308,0.6433,0,True,3.28,True,0.8359065982774909,-0.24827415277588558,-0.4895100652893358,0.16,0.0000,0.00,0.0000,0.0000,1.0000,0.0638,0,764,0,0,0.003713
246,16,930000000,16.930000000,7.49904069954915,1.2446399033319449,50.93503668946995,-0.046720920539527755,-0.09279972631735384,-0.009447579441486336,0.9945431662939825,354,354,144,354,144,0,0.4068,1.0000,1.3166,2.5186,0.6389,0,True,3.28,True,0.8348058181178312,-0.2881902379405319,-0.4690902181802538,0.12,0.0000,0.00,0.0000,0.0000,1.0000,0.1707,0,354,0,0,0.005740
247,16,963000000,16.963000000,7.283983502715722,0.7236736844707254,50.10899516454788,-0.044136984401541124,-0.09070219064326848,-0.011088577438769329,0.9948377167512471,144,144,144,144,144,0,1.0000,1.0000,1.1714,1.9827,0.8211,0,True,3.28,True,-0.3592477034660307,-0.4491878411132055,-0.8180289548362214,0.43,0.0000,0.00,0.0000,0.0000,1.0000,0.0983,0,144,0,0,0.006489
248,16,996000000,16.996000000,8.166979796991601,0.2926305482147842,49.92320130301926,-0.044031156564587726,-0.08991657689334813,-0.010496616254291043,0.9949201412669146,144,143,69,143,69,0,0.4825,0.9931,1.1570,1.4184,0.7563,0,True,3.28,True,0.840597593119094,-0.38676426955489235,-0.3792216848204446,0.11,0.0000,0.00,0.0000,0.0000,1.0000,0.1144,0,143,0,0,0.011281
249,17,29000000,17.029000000,8.166979796991601,0.2926305482147842,49.92320130301926,-0.044031156564587726,-0.08991657689334813,-0.010496616254291043,0.9949201412669146,2000,0,0,0,0,0,0.0000,0.0000,0.0000,0.0000,0.0000,1,True,4.92,True,0.0,0.0,0.0,0.00,0.0000,0.00,0.0000,0.0000,1.0000,0.0982,0,2000,0,0,0.006349
250,17,62000000,17.062000000,8.397436650127704,1.1331116649244062,49.43281254774734,-0.04378888889161248,-0.08882080477572907,-0.009371230041671069,0.9950404905812306,2000,1924,1646,1847,1646,0,0.8555,0.9620,20.0650,1122.0995,2.4299,0,True,4.92,True,0.12758648518124738,0.8857149505300971,-0.4463526802950367,0.18,0.0000,0.00,0.0000,0.0000,1.0000,0.0947,0,1924,0,0,0.006253
251,17,95000000,17.095000000,7.502235143340919,1.3372758135454859,49.82895805468198,-0.04343559511827381,-0.08800685517441051,-0.008740704005652557,0.9951340324863367,1646,1646,695,1644,695,0,0.4222,1.0000,0.9666,10.1663,1.2148,0,True,4.92,True,-0.8127909286686846,0.14582472844675587,0.5640089138013042,0.13,0.0000,0.00,0.0000,0.0000,1.0000,0.1015,0,1646,0,0,0.006753
252,17,128000000,17.128000000,7.067310827170967,1.5430885005983381,50.7055890928344,-0.04191957374932662,-0.08822683665980877,-0.008468405279937271,0.9951819234399774,695,695,695,695,695,0,1.0000,1.0000,1.0399,1.6792,0.7626,0,True,4.92,True,-0.2759136925145516,0.1196787066113426,0.9537025959211929,0.18,0.0000,0.00,0.0000,0.0000,1.0000,0.0668,0,695,0,0,0.004465
253,17,161000000,17.161000000,6.632726524377931,2.2364073720642126,51.28043292052604,-0.04037157350419011,-0.08827433288184083,-0.007962351688987663,0.9952458887946449,695,695,695,695,695,0,1.0000,1.0000,1.0573,1.6865,0.7145,0,True,4.92,True,-0.3329613125262978,0.633139957312046,0.6987635929380306,0.19,0.0000,0.00,0.0000,0.0000,1.0000,0.0497,0,695,0,0,0.003342
254,17,194000000,17.194000000,6.05955104837775,2.2281061337778314,52.09982352527745,-0.04066496159341076,-0.08795870935560678,-0.00807657318589809,0.9952609684463042,695,695,443,695,443,0,0.6374,1.0000,1.0681,1.7434,0.7372,0,True,4.92,True,-0.4195962549406447,-0.08613650787073765,0.9036146772001988,0.05,0.0000,0.00,0.0000,0.0000,1.0000,0.0918,0,695,0,0,0.006240
255,17,227000000,17.227000000,5.688088242723547,1.813715998134339,52.93066418358497,-0.038126355857778814,-0.0894043136787802,-0.007192327439259331,0.9952394285349826,443,443,443,443,443,0,1.0000,1.0000,1.2843,1.8546,0.5284,0,True,4.92,True,-0.21595651304621663,-0.4876662651550347,0.8458985744772587,0.35,0.0000,0.00,0.0000,0.0000,1.0000,0.1321,0,443,0,0,0.006226
256,17,260000000,17.260000000,6.530193753078051,1.4916532703911372,52.49807441390798,-0.037685306798052,-0.08845439887050609,-0.007298102180104908,0.9953403310810645,443,442,211,442,211,0,0.4774,0.9977,1.3045,1.8501,0.5435,0,True,3.28,True,0.7537515723517485,-0.27102368212588945,-0.5986691330811965,0.12,0.0000,0.00,0.0000,0.0000,1.0000,0.0753,0,442,0,0,0.003839
257,17,293000000,17.293000000,5.642530864582182,1.4606493452372995,52.95752338061944,-0.03679471044148979,-0.08769352342211954,-0.007384047602040836,0.9954403402888352,211,211,104,211,104,0,0.4929,1.0000,1.3278,1.9470,0.5842,0,True,3.28,True,-0.7922795794588674,-0.08360101939191315,0.6044037868255899,0.14,0.0000,0.00,0.0000,0.0000,1.0000,0.0574,0,211,0,0,0.007797
258,17,326000000,17.326000000,5.566108363806765,0.46617136090966926,52.885598836388155,-0.04217535778945942,-0.08528603536603653,-0.017797739642509542,0.9953043614043352,104,104,104,104,104,0,1.0000,1.0000,1.4424,1.7551,0.5782,0,True,3.28,True,-0.07963306370710045,-0.9881178311509663,-0.1314599822232285,1.37,0.0000,0.00,0.0000,0.0000,1.0000,0.0813,0,104,0,0,0.006946
259,17,359000000,17.359000000,5.737933630257946,1.4360005566579073,53.05853642305832,-0.02823801961442232,-0.09179858606732699,0.00677996676570808,0.9953540404775333,104,104,104,104,104,0,1.0000,1.0000,1.4607,1.7926,0.5721,0,True,3.28,True,0.17145368683075016,0.9590942771772308,0.22525940770149536,3.32,0.0000,0.00,0.0000,0.0000,1.0000,0.0261,0,104,0,0,0.002023
260,17,392000000,17.392000000,5.616099430210805,0.454215908150031,52.91274433941475,-0.031686773564380544,-0.08911215688459767,-0.0004118030184339588,0.9955173540901878,104,104,104,104,104,0,1.0000,1.0000,1.4719,1.8056,0.5735,0,True,3.28,True,-0.16469750920028695,-0.9707389313811645,-0.1747588554671156,0.96,0.0000,0.00,0.0000,0.0000,1.0000,0.0933,0,104,0,0,0.005295
261,17,425000000,17.425000000,5.933395693345049,0.09697194503507106,53.79120881349378,-0.035781772765025976,-0.10721764408114148,-0.006817281122446989,0.9935680984278729,104,104,104,104,104,0,1.0000,1.0000,1.4948,1.8204,0.5821,0,True,3.28,True,0.4664171315677898,-0.40983180047305084,0.7838960101321428,2.26,0.0000,0.00,0.0000,0.0000,1.0000,0.0509,0,104,0,0,0.007004
262,17,458000000,17.458000000,5.526087745354318,0.4679642223998879,52.95666404798432,-0.03279915197890661,-0.095293751281609,-0.0026144177486609388,0.994905262533061,104,104,104,104,104,0,1.0000,1.0000,1.5069,1.8446,0.5983,0,True,3.28,True,-0.5782967457210665,0.4194836929675134,-0.6997187329368573,1.50,0.0000,0.00,0.0000,0.0000,1.0000,0.0474,0,104,0,0,0.004623
263,17,491000000,17.491000000,5.629822611520373,1.4478622530830332,53.127072166936436,-0.015238554378795777,-0.10242463741439627,0.0282622531971117,0.9942224223759976,104,104,104,104,104,0,1.0000,1.0000,1.5197,1.8738,0.5927,0,True,3.28,True,0.1352186815762502,0.9679278021726292,0.21173492374675543,4.15,0.0000,0.00,0.0000,0.0000,1.0000,0.0257,0,104,0,0,0.002693
264,17,524000000,17.524000000,5.6469195121379405,0.45163663070797044,53.04197101939609,-0.02122752783460519,-0.10022394220614873,0.017225947529179712,0.9945892721130726,104,104,104,104,104,0,1.0000,1.0000,1.5578,1.8969,0.6128,0,True,3.28,True,-0.05964366289964795,-0.9920075633041158,-0.11119185142510989,1.46,0.0000,0.00,0.0000,0.0000,1.0000,0.0670,0,104,0,0,0.007846
265,17,557000000,17.557000000,5.716615784784056,1.430305237469001,53.23523298595872,-0.005748922689717795,-0.10640995854305854,0.04397716693422155,0.9933327133439288,104,104,104,104,104,0,1.0000,1.0000,1.5908,1.9416,0.6237,0,True,3.28,True,0.14434154540974806,0.9662863219844269,0.2132047424766488,3.61,0.0000,0.00,0.0000,0.0000,1.0000,0.0159,0,104,0,0,0.002075
266,17,590000000,17.590000000,5.975492537286919,1.1737267075564084,54.1664420306965,-0.005757147216057623,-0.11076571982703942,0.042617608223715915,0.9929156812320069,104,104,104,104,104,0,1.0000,1.0000,1.5936,1.9672,0.6155,0,True,3.28,True,0.4256698569302371,-0.29722081873498446,0.8546724271974012,0.53,0.0000,0.00,0.0000,0.0000,1.0000,0.0411,0,104,0,0,0.005211
267,17,623000000,17.623000000,6.143533071885829,2.151956961989618,54.28821209287619,-0.003620274590448005,-0.11048218295563585,0.04577671116916218,0.9928167371553434,104,104,104,104,104,0,1.0000,1.0000,1.6091,1.9693,0.6120,0,True,3.28,True,0.2740683710381382,0.9580629686034186,0.08367721426593261,0.44,0.0000,0.00,0.0000,0.0000,1.0000,0.0345,0,104,0,0,0.005817
268,17,656000000,17.656000000,6.206013737552125,3.1213204931593004,54.52576316287197,0.005067604587558417,-0.1140214293960553,0.06044532245605779,0.9916248262399483,104,104,104,104,104,0,1.0000,1.0000,1.6185,2.0079,0.6167,0,True,3.28,True,0.20161451361841135,0.95553577879107,0.21518123372765313,2.00,0.0000,0.00,0.0000,0.0000,1.0000,0.0210,0,104,0,0,0.001912
269,17,689000000,17.689000000,6.226524287785283,4.067833424641647,54.84777649779123,0.01327843278378183,-0.11822237254706418,0.07386020655804608,0.9901473747575925,104,104,104,104,104,0,1.0000,1.0000,1.6450,2.0651,0.6160,0,True,3.28,True,0.2052148791732006,0.9358630852163807,0.28643871787034303,1.87,0.0000,0.00,0.0000,0.0000,1.0000,0.0118,0,104,0,0,0.003974
270,17,722000000,17.722000000,5.290056422387409,3.923639076597518,55.16752003106327,0.01367960630949711,-0.11713261276522009,0.07399017829885787,0.9902617194021556,104,104,72,104,72,0,0.6923,1.0000,1.6773,2.1153,0.6196,0,True,3.28,True,-0.8452271312040868,0.0001661253411741477,0.5344072127871035,0.13,0.0000,0.00,0.0000,0.0000,1.0000,0.0250,0,104,0,0,0.004013
271,17,755000000,17.755000000,5.290056422387409,3.923639076597518,55.16752003106327,0.01367960630949711,-0.11713261276522009,0.07399017829885787,0.9902617194021556,2000,0,0,0,0,0,0.0000,0.0000,0.0000,0.0000,0.0000,1,True,4.92,True,0.0,0.0,0.0,0.00,0.0000,0.00,0.0000,0.0000,1.0000,0.0175,0,2000,0,0,0.005534
272,17,788000000,17.788000000,4.590111752431988,4.634089561597315,55.094461374050255,0.01359089984266744,-0.1161585425430149,0.07433608895222449,0.9903517689765774,2000,1963,181,1927,181,0,0.0922,0.9815,14.0547,934.3596,2.7837,0,True,4.92,True,-0.5883385302939395,0.8065052599468752,0.058369850518829224,0.12,0.0000,0.00,0.0000,0.0000,1.0000,0.0164,0,1963,0,0,0.002189
273,17,821000000,17.821000000,3.6834839895644045,4.802819160954483,54.70773612028669,0.01356670372302574,-0.11535049097653527,0.07406833676879036,0.9904666022990724,181,181,111,181,111,0,0.6133,1.0000,0.8007,3.8524,2.8896,0,True,4.92,True,-0.9375889211752141,0.29942303820751803,-0.17684133871942173,0.10,0.0000,0.00,0.0000,0.0000,1.0000,0.0132,0,181,0,0,0.004422
274,17,854000000,17.854000000,2.8455430231666328,5.306178418336253,54.49682288020812,0.013754002718391379,-0.11499067653371237,0.07412495335196123,0.9905016219119034,111,111,14,111,14,0,0.1261,1.0000,0.6034,7.7979,3.7086,0,True,4.92,True,-0.7827862727245166,0.6211558000290424,-0.03756492146057503,0.05,0.0000,0.00,0.0000,0.0000,1.0000,0.0175,0,111,0,0,0.005810
275,17,887000000,17.887000000,2.8455430231666328,5.306178418336253,54.49682288020812,0.013754002718391379,-0.11499067653371237,0.07412495335196123,0.9905016219119034,2000,0,0,0,0,0,0.0000,0.0000,0.0000,0.0000,0.0000,1,True,6.56,True,0.0,0.0,0.0,0.00,0.0000,0.00,0.0000,0.0000,1.0000,0.0098,0,2000,0,0,0.001335
276,17,920000000,17.920000000,2.0359025731025366,5.151125644421353,55.06289794494893,0.013686643217732216,-0.11411608241459713,0.07438244304779487,0.9905843970596433,2000,2000,575,1996,575,0,0.2875,1.0000,1.3078,17.2618,2.5072,0,True,6.56,True,-0.6715051556878234,-0.026066560653419488,0.740541261713602,0.11,0.0000,0.00,0.0000,0.0000,1.0000,0.0152,0,2000,0,0,0.005516
277,17,953000000,17.953000000,2.9278742026298854,5.44466848585274,54.7190677363245,0.01408268115354716,-0.11300050887127311,0.07547201077766132,0.9906243176277965,575,574,491,571,491,0,0.8554,0.9983,1.8307,5.7877,0.8417,0,True,6.56,True,0.8227765937784873,0.15246760170062507,-0.5475329279248232,0.18,0.0000,0.00,0.0000,0.0000,1.0000,0.0150,0,574,0,0,0.003573
278,17,986000000,17.986000000,2.299396610484888,5.500214431337216,55.4949095785268,0.014416407087218011,-0.11208417196275394,0.07559474221607569,0.9907142577713337,491,489,28,489,28,0,0.0573,0.9959,1.8055,2.5218,0.8218,0,True,6.56,True,-0.421792497629375,0.15928054803404113,0.8925921778514246,0.11,0.0000,0.00,0.0000,0.0000,1.0000,0.0198,0,489,0,0,0.004491
279,18,19000000,18.019000000,2.299396610484888,5.500214431337216,55.4949095785268,0.014416407087218011,-0.11208417196275394,0.07559474221607569,0.9907142577713337,2000,0,0,0,0,0,0.0000,0.0000,0.0000,0.0000,0.0000,1,True,8.20,True,0.0,0.0,0.0,0.00,0.0000,0.00,0.0000,0.0000,1.0000,0.0137,0,2000,0,0,0.002924
280,18,52000000,18.052000000,1.6099458160535824,5.189180120257784,54.840757257282434,0.014778964850206857,-0.1106892914984133,0.07546179487757988,0.9908758653127998,2000,1888,1381,1883,1381,0,0.7315,0.9440,1.3121,13.9463,2.5653,0,True,8.20,True,-0.8565356809798792,-0.20945297010440758,-0.47167370132622083,0.17,0.0000,0.00,0.0000,0.0000,1.0000,0.0075,0,1888,0,0,0.001540
281,18,85000000,18.085000000,1.801934076608627,4.756734958600827,53.95977389196358,0.015598962060696444,-0.1094554600843136,0.07513735270135405,0.9910250011323591,1381,1381,1114,1377,1114,0,0.8067,1.0000,1.2666,17.3592,1.8684,0,True,8.20,True,-0.07337503088838516,-0.46775554246098006,-0.8808069353377973,0.17,0.0000,0.00,0.0000,0.0000,1.0000,0.0292,0,1381,0,0,0.005693
282,18,118000000,18.118000000,1.225961617401914,4.814249137374236,54.7752172348608,0.016050234378337493,-0.10874467474454018,0.07518593349232144,0.9910923575005475,1114,1114,166,1113,166,0,0.1490,1.0000,1.2329,17.4756,2.2777,0,True,8.20,True,-0.3684803476900574,0.15637995900999396,0.9163883138638592,0.10,0.0000,0.00,0.0000,0.0000,1.0000,0.0197,0,1114,0,0,0.003459
283,18,151000000,18.151000000,1.0822551050189446,3.828461189917012,54.86222620535688,0.0033346480359121287,-0.10791649142690103,0.05255523952364377,0.9927642508668393,166,166,166,166,166,0,1.0000,1.0000,1.8851,4.3444,0.9560,0,True,8.20,True,-0.2631912636320062,-0.9508709414468732,0.16301782558887354,2.98,0.0000,0.00,0.0000,0.0000,1.0000,0.0208,0,166,0,0,0.003307
284,18,184000000,18.184000000,2.000803020064113,4.211621458161665,54.95947812875623,0.0037168023085550066,-0.10701574981140369,0.05298112471525421,0.9928377586981716,166,163,25,163,25,0,0.1534,0.9819,1.8823,7.2810,0.9447,0,True,8.20,True,0.952658352664122,0.28406438324074645,-0.10839506111136168,0.12,0.0000,0.00,0.0000,0.0000,1.0000,0.0166,0,163,0,0,0.002375
285,18,217000000,18.217000000,2.000803020064113,4.211621458161665,54.95947812875623,0.0037168023085550066,-0.10701574981140369,0.05298112471525421,0.9928377586981716,2000,0,0,0,0,0,0.0000,0.0000,0.0000,0.0000,0.0000,1,True,9.84,True,0.0,0.0,0.0,0.00,0.0000,0.00,0.0000,0.0000,1.0000,0.0134,0,2000,0,0,0.001803
286,18,250000000,18.250000000,2.4945195722132523,3.6633497528430357,55.634490797734344,0.0033738469743638624,-0.10632788809063524,0.05316448428894795,0.9929030843849107,2000,1894,573,1888,573,0,0.3025,0.9470,1.2459,17.2831,2.5029,0,True,9.84,True,0.5660975939717299,-0.6001844943128508,0.5650770627851088,0.09,0.0000,0.00,0.0000,0.0000,1.0000,0.0439,0,1894,0,0,0.005425
287,18,283000000,18.283000000,2.683044053272403,3.3931532048664295,56.57865833874753,0.0023028559394717048,-0.10787807348319584,0.05298360221445383,0.9927485865074082,573,573,573,573,573,0,1.0000,1.0000,1.5635,2.8775,1.0930,0,True,9.84,True,0.3545604756686089,-0.29305037611226475,0.8879236150447345,0.22,0.0000,0.00,0.0000,0.0000,1.0000,0.0268,0,573,0,0,0.003106
288,18,316000000,18.316000000,1.833382483453549,3.8771278099658666,56.78804744637208,0.0023975833774246232,-0.10688042971070354,0.053197802312479336,0.9928448112207294,573,573,145,572,145,0,0.2531,1.0000,1.5715,9.0702,1.2148,0,True,9.84,True,-0.7295413822366393,0.569621467994373,0.37855086158162277,0.12,0.0000,0.00,0.0000,0.0000,1.0000,0.0122,0,573,0,0,0.001413
289,18,349000000,18.349000000,1.5391079769102896,4.107912166264591,55.860609526246705,0.0040136834466511576,-0.10375905252633857,0.0533429285830983,0.9931628674765308,145,145,145,145,145,0,1.0000,1.0000,1.3447,1.9572,1.4775,0,True,9.84,True,-0.45869318617890276,0.2668428293815244,-0.8475821289767198,0.40,0.0000,0.00,0.0000,0.0000,1.0000,0.0143,0,145,0,0,0.001649
290,18,382000000,18.382000000,2.4019236567448177,3.7075420827517416,55.551978842646385,0.004073319668151097,-0.10293369078972811,0.053480691912310925,0.9932410981025032,145,145,26,145,26,0,0.1793,1.0000,1.3085,2.0476,1.3641,0,True,9.84,True,0.7334983759902286,-0.48926235093193,-0.47180767732229417,0.10,0.0000,0.00,0.0000,0.0000,1.0000,0.0530,0,145,0,0,0.006023
291,18,415000000,18.415000000,2.4019236567448177,3.7075420827517416,55.551978842646385,0.004073319668151097,-0.10293369078972811,0.053480691912310925,0.9932410981025032,2000,0,0,0,0,0,0.0000,0.0000,0.0000,0.0000,0.0000,1,True,11.48,True,0.0,0.0,0.0,0.00,0.0000,0.00,0.0000,0.0000,1.0000,0.0120,0,2000,0,0,0.001342
292,18,448000000,18.448000000,2.5203263434059426,2.8043212264715547,55.13945867517344,0.0038795982044870303,-0.10103891847424458,0.05237909934709123,0.9934951009556687,2000,1924,1920,1920,1920,0,0.9979,0.9620,1.1188,17.5347,2.1749,0,True,11.48,True,-0.0645132043677721,-0.9094984532165308,-0.41067092672715483,0.25,0.0000,0.00,0.0000,0.0000,1.0000,0.0389,0,1924,0,0,0.004450
293,18,481000000,18.481000000,2.237977214096317,2.8140255308197295,56.09872130639348,0.004017374024446818,-0.1004853815876919,0.05237450734409306,0.9935509346649457,1920,1919,311,1917,311,0,0.1621,0.9995,1.0389,17.3871,1.4326,0,True,11.48,True,-0.08105789434819524,0.036499327823061735,0.9960408710651895,0.07,0.0000,0.00,0.0000,0.0000,1.0000,0.0098,0,1919,0,0,0.001207
294,18,514000000,18.514000000,1.6798485260661804,2.9426872447721983,55.27900273824916,0.003012513652477976,-0.09789166790914873,0.053394929079052744,0.9937590893491749,311,311,311,311,311,0,1.0000,1.0000,1.5326,3.2780,0.9411,0,True,11.48,True,-0.694531102806348,0.18857310577877534,-0.6943102555857464,0.34,0.0000,0.00,0.0000,0.0000,1.0000,0.0260,0,311,0,0,0.002704
295,18,547000000,18.547000000,0.9698760338122019,2.4286121002292114,55.76031948012064,0.0029362446012483855,-0.09709781016108177,0.05332266601737926,0.9938410773450468,311,311,33,311,33,0,0.1061,1.0000,1.4805,2.8478,0.9909,0,True,11.48,True,-0.6527688460653925,-0.437520866108876,0.6184402358561373,0.09,0.0000,0.00,0.0000,0.0000,1.0000,0.0174,0,311,0,0,0.003997
296,18,580000000,18.580000000,0.9698760338122019,2.4286121002292114,55.76031948012064,0.0029362446012483855,-0.09709781016108177,0.05332266601737926,0.9938410773450468,2000,0,0,0,0,0,0.0000,0.0000,0.0000,0.0000,0.0000,1,True,13.11,True,0.0,0.0,0.0,0.00,0.0000,0.00,0.0000,0.0000,1.0000,0.0069,0,2000,0,0,0.001583
297,18,613000000,18.613000000,1.2105773334919963,2.5403492441399824,56.7244655764168,0.0031074094101376255,-0.09760641749962135,0.05329051808116836,0.9937924591947194,2000,1923,1838,1871,1838,0,0.9558,0.9615,4.8946,1060.5798,2.4464,0,True,13.11,True,0.4329547140922407,0.08109429556149846,0.8977605085838264,0.06,0.0000,0.00,0.0000,0.0000,1.0000,0.0101,0,1923,0,0,0.002606
298,18,646000000,18.646000000,1.008254779440389,2.7659604732667358,57.677442573733074,0.003258808187923077,-0.09717169763756166,0.05323365416079727,0.9938376222563309,1838,1836,248,1832,248,0,0.1351,0.9989,0.9026,36.7282,1.4657,0,True,11.48,True,0.011635553049095181,0.24185007610734696,0.9702438634653209,0.05,0.0000,0.00,0.0000,0.0000,1.0000,0.0031,0,1836,0,0,0.004105
299,18,679000000,18.679000000,0.5039514475221835,3.5989043377895418,57.905220245970725,0.005008636574658003,-0.09632594709585487,0.05602361985821142,0.993759316682733,248,248,248,248,248,0,1.0000,1.0000,1.2615,1.8029,0.7909,0,True,11.48,True,-0.36024091265804603,0.8810046025571734,0.3066877485658258,0.39,0.0000,0.00,0.0000,0.0000,1.0000,0.0009,0,248,0,0,0.001229
300,18,712000000,18.712000000,0.4809612897807051,4.592345084147911,58.017233352891026,0.005396532445259906,-0.09572475538947695,0.05668390422608164,0.9937779347746057,248,248,248,248,248,0,1.0000,1.0000,1.2298,1.9201,0.8072,0,True,11.48,True,0.10874755808559412,0.9896429761572679,0.09370564739120808,0.11,0.0000,0.00,0.0000,0.0000,1.0000,0.0086,0,248,0,0,0.003773
301,18,745000000,18.745000000,-0.38067837973669577,4.108684920110402,58.171018676108694,0.005261810553605274,-0.09495675914721206,0.05649757625250424,0.9938629438305611,248,247,18,245,18,0,0.0729,0.9960,1.2256,4.1989,0.8485,0,True,11.48,True,-0.8649494669456717,-0.3825787065583345,0.3248014053518708,0.09,0.0000,0.00,0.0000,0.0000,1.0000,0.0078,0,247,0,0,0.002020
302,18,778000000,18.778000000,-0.38067837973669577,4.108684920110402,58.171018676108694,0.005261810553605274,-0.09495675914721206,0.05649757625250424,0.9938629438305611,2000,0,0,0,0,0,0.0000,0.0000,0.0000,0.0000,0.0000,1,True,13.11,True,0.0,0.0,0.0,0.00,0.0000,0.00,0.0000,0.0000,1.0000,0.0100,0,2000,0,0,0.002084
303,18,811000000,18.811000000,-0.48614247923334797,3.129358787626888,57.998398717957166,0.004997582656897753,-0.09418060816634324,0.05586244399873184,0.993974056282906,2000,1889,1884,1886,1884,0,0.9974,0.9445,0.7303,19.2436,2.0944,0,True,13.11,True,-0.2445745880946991,-0.9610240326697753,-0.12890337268446914,0.12,0.0000,0.00,0.0000,0.0000,1.0000,0.0108,0,1889,0,0,0.001844
304,18,844000000,18.844000000,-0.11786958791917473,2.200375090466045,58.03533606941147,0.004822522641377708,-0.0944358710923917,0.05558116511986588,0.9939664700634085,1884,1884,573,1884,573,0,0.3041,1.0000,0.7096,17.4053,1.3861,0,True,13.11,True,0.26408686472465764,-0.9644049752440867,-0.013460000161697664,0.05,0.0000,0.00,0.0000,0.0000,1.0000,0.0204,0,1884,0,0,0.002550
305,18,877000000,18.877000000,0.032130275132549235,1.2196199018822735,57.91035886688851,0.004400494636837248,-0.09385265196121018,0.05500211998143402,0.9940558747697974,573,573,571,573,571,0,0.9965,1.0000,0.8415,1.6182,0.7868,0,True,13.11,True,0.015396476679509047,-0.9912464612361578,-0.13112361188074265,0.11,0.0000,0.00,0.0000,0.0000,1.0000,0.0184,0,573,0,0,0.001566
306,18,910000000,18.910000000,0.7060625443379671,1.4880947165563958,57.22207362775481,0.003931481309682088,-0.0932889886999866,0.054846289659939186,0.9941195061724639,571,571,205,571,205,0,0.3590,1.0000,0.8108,1.2713,0.8315,0,True,13.11,True,0.5583582804970906,0.19367302015932122,-0.8066763860822376,0.09,0.0000,0.00,0.0000,0.0000,1.0000,0.0201,0,571,0,0,0.002548
307,18,943000000,18.943000000,1.4349450223032916,1.983057905015665,56.7490601233119,0.0037286903655754412,-0.09278656287021937,0.054718421569886606,0.9941743534007446,205,205,24,205,24,0,0.1171,1.0000,0.8315,1.1702,0.8519,0,True,13.11,True,0.6774831938559657,0.4130955661223749,-0.6085791446416436,0.06,0.0000,0.00,0.0000,0.0000,1.0000,0.0263,0,205,0,0,0.003948
308,18,976000000,18.976000000,1.4349450223032916,1.983057905015665,56.7490601233119,0.0037286903655754412,-0.09278656287021937,0.054718421569886606,0.9941743534007446,2000,0,0,0,0,0,0.0000,0.0000,0.0000,0.0000,0.0000,1,True,14.75,True,0.0,0.0,0.0,0.00,0.0000,0.00,0.0000,0.0000,1.0000,0.0169,0,2000,0,0,0.001853
309,19,9000000,19.009000000,1.7317270056696354,1.935250464810455,57.70280794271185,0.003301413694704845,-0.09455851368514184,0.05457794481721227,0.9940166176160249,2000,1892,1888,1888,1888,0,0.9979,0.9460,0.5976,14.4201,1.9983,0,True,14.75,True,0.4610743220188608,-0.08262844493231869,0.8835060892053404,0.21,0.0000,0.00,0.0000,0.0000,1.0000,0.0123,0,1892,0,0,0.001339
310,19,42000000,19.042000000,0.8742285107187459,1.448585487072601,57.869701713118,0.0026547433091405627,-0.09417170129807406,0.054650467069251,0.9940512911624337,1888,1888,280,1884,280,0,0.1483,1.0000,0.6127,18.1283,1.3678,0,True,13.11,True,-0.8581225195476405,-0.39080595443356364,0.3330111821312921,0.09,0.0000,0.00,0.0000,0.0000,1.0000,0.0305,0,1888,0,0,0.003365
311,19,75000000,19.075000000,0.8742285107187459,1.448585487072601,57.869701713118,0.0026547433091405627,-0.09417170129807406,0.054650467069251,0.9940512911624337,280,280,0,280,0,0,0.0000,1.0000,0.7227,1.1814,0.9932,1,True,14.75,True,0.0,0.0,0.0,0.00,0.0000,0.00,0.0000,0.0000,1.0000,0.0143,0,280,0,0,0.001655
312,19,108000000,19.108000000,0.8742285107187459,1.448585487072601,57.869701713118,0.0026547433091405627,-0.09417170129807406,0.054650467069251,0.9940512911624337,280,280,0,280,0,0,0.0000,1.0000,0.7352,1.1427,1.0077,2,True,16.39,True,0.0,0.0,0.0,0.00,0.0000,0.00,0.0000,0.0000,1.0000,0.0183,0,280,0,0,0.002308
313,19,141000000,19.141000000,1.0688235207954893,2.386513421426778,57.58260595903702,0.001974210988675691,-0.09382825014979457,0.05497207266700553,0.9940676200296906,280,280,203,280,203,0,0.7250,1.0000,0.7390,1.1631,0.9838,0,True,16.39,True,0.23758452657793236,0.9125117849700948,-0.3329802321781747,0.09,0.0000,0.00,0.0000,0.0000,1.0000,0.0163,0,280,0,0,0.002217
314,19,174000000,19.174000000,1.4943834681473358,3.2512620339216167,57.3159440599998,0.0021757187733069745,-0.0933584793637497,0.055129319681339196,0.9941027203917011,203,203,203,203,203,0,1.0000,1.0000,0.7635,1.1620,1.0553,0,True,16.39,True,0.4598826930165155,0.8145517351827528,-0.3535723113800679,0.06,0.0000,0.00,0.0000,0.0000,1.0000,0.0081,0,203,0,0,0.001162
315,19,207000000,19.207000000,1.9485491158864625,3.239857301186254,58.20678832051054,0.0025290779508111024,-0.0953798262837868,0.054430995382487385,0.9939484691091711,203,203,203,203,203,0,1.0000,1.0000,0.7659,1.2512,1.0857,0,True,16.39,True,0.6078112575360218,-0.06661656225807779,0.7912823193054395,0.25,0.0000,0.00,0.0000,0.0000,1.0000,0.0126,0,203,0,0,0.003092
316,19,240000000,19.240000000,1.9485491158864625,3.239857301186254,58.20678832051054,0.0025290779508111024,-0.0953798262837868,0.054430995382487385,0.9939484691091711,203,203,4,203,4,0,0.0197,1.0000,0.7615,1.5433,1.1339,1,True,18.03,True,0.0,0.0,0.0,0.00,0.0000,0.00,0.0000,0.0000,1.0000,0.1366,0,203,0,0,0.002537
317,19,273000000,19.273000000,1.7759422963863316,4.176899693256907,58.51036440870681,0.004005020414735923,-0.09547371369965699,0.056196377674821885,0.9938363531991081,203,203,203,203,203,0,1.0000,1.0000,0.7677,1.1853,1.1550,0,True,18.03,True,-0.009861400927485232,0.9486120170550582,0.31628783389577547,0.26,0.0000,0.00,0.0000,0.0000,1.0000,0.3485,0,203,0,0,0.002061
318,19,306000000,19.306000000,1.1460593264686088,3.8028236719606343,59.191036557761535,0.003874465498274262,-0.09506647872223645,0.0559618199665212,0.9938891426343744,203,203,24,203,24,0,0.1182,1.0000,0.7954,1.3641,1.1944,0,True,18.03,True,-0.5264418660867977,-0.30274708139714024,0.7944829553467863,0.06,0.0000,0.00,0.0000,0.0000,1.0000,0.5534,0,203,0,0,0.001433
319,19,339000000,19.339000000,1.1460593264686088,3.8028236719606343,59.191036557761535,0.003874465498274262,-0.09506647872223645,0.0559618199665212,0.9938891426343744,2000,0,0,0,0,0,0.0000,0.0000,0.0000,0.0000,0.0000,1,True,19.67,True,0.0,0.0,0.0,0.00,0.0000,0.00,0.0000,0.0000,1.0000,0.4913,0,2000,0,0,0.001720
320,19,372000000,19.372000000,1.2614426950633737,4.780375298290742,59.01474277990459,0.0042081736620549065,-0.09463599279399273,0.05697850350176648,0.9938711034540769,2000,1925,1865,1866,1865,0,0.9688,0.9625,4.9352,364.3349,2.8732,0,True,19.67,True,0.1872066238975033,0.9589972803784889,-0.2127860338357781,0.13,0.0000,0.00,0.0000,0.0000,1.0000,0.8350,0,1925,0,0,0.002532
321,19,405000000,19.405000000,0.9468521441499822,5.400935215432447,59.73303114436074,0.004657614644504336,-0.09466854987063016,0.05670406862157965,0.9938816936099459,1865,1865,1461,1864,1461,0,0.7834,1.0000,0.9452,16.9384,1.8902,0,True,19.67,True,-0.10166040611008854,0.6506512061399811,0.7525411415850428,0.06,0.0000,0.00,0.0000,0.0000,1.0000,0.9627,0,1865,0,0,0.001049
322,19,438000000,19.438000000,1.623142483234314,6.03532349655427,59.358621093699035,0.00471905415788479,-0.09430108580109704,0.055650774281895424,0.9939758684527581,1461,1461,125,1461,125,0,0.0856,1.0000,1.6776,3.5598,1.0752,0,True,19.67,True,0.6601107231842673,0.5540105873910705,-0.5072732027179685,0.13,0.0000,0.00,0.0000,0.0000,1.0000,2.4411,0,1461,0,0,0.002811
323,19,471000000,19.471000000,2.277452651983806,6.782191436262462,59.477223301549714,0.005361774313312274,-0.09451609149729709,0.05355408268409998,0.9940673619288345,125,125,82,125,82,0,0.6560,1.0000,4.3176,5.9977,2.4623,0,True,19.67,True,0.7428784323417161,0.6691069925282749,-0.020675282616716785,0.25,0.0000,0.00,0.0000,0.0000,1.0000,9.4170,0,125,0,0,0.002948
324,19,504000000,19.504000000,2.277452651983806,6.782191436262462,59.477223301549714,0.005361774313312274,-0.09451609149729709,0.05355408268409998,0.9940673619288345,2000,0,0,0,0,0,0.0000,0.0000,0.0000,0.0000,0.0000,1,True,21.31,True,0.0,0.0,0.0,0.00,0.0000,0.00,0.0000,0.0000,1.0000,6.4448,0,2000,0,0,0.001215
325,19,537000000,19.537000000,1.7322574022810788,6.8878097525507185,60.308852372088985,0.007360047400324701,-0.09437359237167016,0.046451768821864976,0.9944253053590555,2000,1922,970,1898,970,0,0.5047,0.9610,10.6114,1121.4602,3.0954,0,True,21.31,True,-0.364439152346052,0.1640535734761209,0.9166627129249919,0.85,0.0000,0.00,0.0000,0.0000,1.0000,33.1355,1,1922,0,0,0.003932
326,19,570000000,19.570000000,0.8306774358443769,6.9865385664334045,60.73004850862079,0.009946115265617032,-0.09391180375638022,0.0366467837489562,0.9948561007237194,970,960,350,956,350,0,0.3646,0.9897,14.0612,29.2634,1.5118,0,True,21.31,True,-0.7933011764347272,0.1853101337505201,0.5799425814653051,1.16,0.0000,0.00,0.0000,0.0000,1.0000,34.5518,1,960,0,0,0.002349
327,19,603000000,19.603000000,0.6291125811679015,7.728924617376774,61.36898086867462,0.01336396095166488,-0.09356905044047287,0.023842292712696098,0.9952375507513533,350,338,104,336,104,0,0.3077,0.9657,15.5700,30.3703,1.3118,0,True,21.31,True,-0.024867662886309275,0.7635656577268312,0.6452511803032712,1.52,0.0000,0.00,0.0000,0.0000,1.0000,45.3354,1,338,0,0,0.001907
328,19,636000000,19.636000000,0.6853002044793325,6.730658453089727,61.386519860271285,0.0073306314413717375,-0.09375471496938152,-0.00677479704796706,0.995545286457949,104,104,104,104,104,0,1.0000,1.0000,16.4827,18.7843,0.9323,0,True,21.31,True,0.013539001584004945,-0.9991934048594764,0.03780522611273558,3.58,0.0000,0.00,0.0000,0.0000,1.0000,42.5309,1,104,0,0,0.001130
329,19,669000000,19.669000000,0.6486410342000326,5.7313415181572305,61.39118556402794,-0.000639741872717887,-0.09326598247909794,-0.04307678697160002,0.9947087200114154,104,104,104,104,104,0,1.0000,1.0000,19.7894,21.7926,1.1126,0,True,21.31,True,-0.020287193953869395,-0.9994878854012753,0.024746650229177162,4.26,0.0000,0.00,0.0000,0.0000,1.0000,65.4423,1,104,0,0,0.001056
330,19,702000000,19.702000000,1.0457324417584615,5.532682549195119,62.28720622678867,-0.0006155619862658298,-0.10188295974037348,-0.06440062883271064,0.9927094452073749,104,102,102,102,102,0,1.0000,0.9808,23.1045,25.2407,1.1125,0,True,21.31,True,0.572011907091202,-0.15778500329140918,0.8049262518282132,2.65,0.0000,0.00,0.0000,0.0000,1.0000,74.2656,1,102,0,0,0.000809
331,19,735000000,19.735000000,1.3171528681748315,6.494002789635493,62.24036236439872,0.019184714113931134,-0.10254214160912038,-0.06197882101828383,0.992610538773272,102,101,101,101,101,0,1.0000,0.9902,26.4154,29.5918,1.1740,0,True,21.31,True,0.13125899030009733,0.9875264724135626,-0.08696288718656923,2.29,0.0000,0.00,0.0000,0.0000,1.0000,79.2565,1,101,0,0,0.001700
332,19,768000000,19.768000000,0.4032616322570406,6.846910401725691,62.03971584376742,0.020707066125997785,-0.10104726128754407,-0.08704580106625653,0.9908499870896069,101,100,10,100,10,0,0.1000,0.9901,29.7315,34.1675,1.2979,0,True,19.67,True,-0.9728301742143204,0.2308933301497315,-0.0170212288188022,2.89,0.0000,0.00,0.0000,0.0000,1.0000,62.7522,1,100,0,0,0.001069
333,19,801000000,19.801000000,0.4032616322570406,6.846910401725691,62.03971584376742,0.020707066125997785,-0.10104726128754407,-0.08704580106625653,0.9908499870896069,2000,0,0,0,0,0,0.0000,0.0000,0.0000,0.0000,0.0000,1,True,21.31,True,0.0,0.0,0.0,0.00,0.0000,0.00,0.0000,0.0000,1.0000,116.3664,1,2000,0,0,0.002210
334,19,834000000,19.834000000,0.8599705058649261,5.962341459484982,62.13434560225257,0.022391122568449162,-0.09973757265861684,-0.11579760856633026,0.9879989717001789,2000,1886,605,1610,605,0,0.3208,0.9430,51.5489,1088.0105,4.7346,0,True,21.31,True,0.6153581622548765,-0.7879873903915119,0.02025351155419585,3.32,0.0000,0.00,0.0000,0.0000,1.0000,91.8840,1,1886,0,0,0.001963
335,19,867000000,19.867000000,0.7657471419709705,4.968408980759184,62.07759892454815,0.023879446458967748,-0.09810090905654109,-0.145225109985328,0.9842335348426424,605,566,267,498,267,0,0.4717,0.9355,46.1396,85.9436,6.2266,0,True,21.31,True,0.13115555190424877,-0.991240860451389,-0.015484759484140836,3.41,0.0000,0.00,0.0000,0.0000,1.0000,63.6401,1,566,0,0,0.001460
336,19,900000000,19.900000000,0.7310556122704417,3.969083692618672,62.08965986356253,0.025209299213356122,-0.09664741342173325,-0.1785375727072073,0.9788503991131018,267,245,227,228,227,0,0.9265,0.9176,43.5429,237.4348,10.2021,0,True,19.67,True,0.26004492247820876,-0.9648775640099732,0.03725486227974328,3.87,0.0000,0.00,0.0000,0.0000,1.0000,87.3770,1,245,0,0,0.001339
337,19,933000000,19.933000000,1.1927001112570608,4.847882645187589,62.21047690507227,0.025898842411928257,-0.09562085869583824,-0.1980258960768011,0.9751777508879972,227,205,174,191,174,0,0.8488,0.9031,47.5788,561.3233,10.3314,0,True,19.67,True,0.13391889726577275,0.9908953446748693,0.01386163254424131,2.28,0.0000,0.00,0.0000,0.0000,1.0000,108.9618,1,205,0,0,0.003593
338,19,966000000,19.966000000,1.3426721923494331,5.832459133914015,62.30057414554032,0.025989213442430784,-0.09447856567051598,-0.21934319877793715,0.9707146452811702,174,174,146,173,146,0,0.8391,1.0000,35.7226,66.7951,8.7371,0,True,19.67,True,-0.23379455887383338,0.9711794032004539,0.04637532792552078,2.50,0.0000,0.00,0.0000,0.0000,1.0000,161.3953,1,174,0,0,0.004455
339,19,999000000,19.999000000,1.9845814584661259,5.06945429151179,62.376574833328505,0.02645299122085964,-0.0927115375881405,-0.24807414890935806,0.9639315466859717,146,145,70,140,70,0,0.4828,0.9932,34.2647,71.8538,8.2292,0,True,19.67,True,0.9104215617392388,-0.41137304581258866,-0.04364398124781329,3.39,0.0000,0.00,0.0000,0.0000,1.0000,99.1606,1,145,0,0,0.002897
340,20,32000000,20.032000000,1.9845814584661259,5.06945429151179,62.376574833328505,0.02645299122085964,-0.0927115375881405,-0.24807414890935806,0.9639315466859717,2000,0,0,0,0,0,0.0000,0.0000,0.0000,0.0000,0.0000,1,True,19.67,True,0.0,0.0,0.0,0.00,0.0000,0.00,0.0000,0.0000,1.0000,92.1249,1,2000,0,0,0.002721
341,20,65000000,20.065000000,2.7827174108061907,4.47810990100494,62.49186062342554,0.02684628917973212,-0.09096104110729426,-0.2758864148249844,0.9564998964312396,2000,1956,1040,1699,1040,0,0.5317,0.9780,36.2752,427.3190,3.9960,0,True,19.67,True,0.9909847970240305,-0.12875483103392588,-0.037031413052516164,3.31,0.0000,0.00,0.0000,0.0000,1.0000,80.5627,1,1956,0,0,0.001266
342,20,98000000,20.098000000,3.494452720310728,3.793511854769816,62.64920853188169,0.025551335781261064,-0.08874704465600244,-0.3013459613731751,0.9490319820051881,1040,1033,347,1000,347,0,0.3359,0.9933,33.7211,64.0551,1.7054,0,True,19.67,True,0.9813159272077551,-0.19126206728600884,0.020925406229419907,3.05,0.0000,0.00,0.0000,0.0000,1.0000,82.3477,1,1033,0,0,0.004018
343,20,131000000,20.131000000,3.573023940203818,4.622377005940584,63.20311206552196,0.025708547047643898,-0.0869576773277503,-0.32535957113698477,0.9412324805445355,347,344,265,342,265,0,0.7703,0.9914,30.9246,46.9821,1.5486,0,True,19.67,True,-0.33001094957635174,0.7783197041776816,0.5341453091139908,2.90,0.0000,0.00,0.0000,0.0000,1.0000,118.5365,1,344,0,0,0.004051
344,20,164000000,20.164000000,3.518521225895145,3.7985372370473334,62.63891574390784,0.025741288200546462,-0.08488679918574449,-0.34816781717731243,0.9332260114719054,265,262,17,261,17,0,0.0649,0.9887,30.0497,39.9880,1.3638,0,True,19.67,True,0.38321041325430577,-0.7406969242539145,-0.5518313560991754,2.78,0.0000,0.00,0.0000,0.0000,1.0000,67.1057,1,262,0,0,0.001787
345,20,197000000,20.197000000,3.518521225895145,3.7985372370473334,62.63891574390784,0.025741288200546462,-0.08488679918574449,-0.34816781717731243,0.9332260114719054,2000,0,0,0,0,0,0.0000,0.0000,0.0000,0.0000,0.0000,1,True,21.31,True,0.0,0.0,0.0,0.00,0.0000,0.00,0.0000,0.0000,1.0000,78.8698,1,2000,0,0,0.003657
346,20,230000000,20.230000000,4.500358395607712,3.6463140413951813,62.75215827512411,0.02616055505511971,-0.08347123676382688,-0.36722117799866577,0.9260112226218413,2000,1877,736,1744,736,0,0.3921,0.9385,29.1090,354.7318,4.1039,0,True,19.67,True,0.8451468953348467,0.5307630385786273,-0.06338234915694214,2.34,0.0000,0.00,0.0000,0.0000,1.0000,71.2997,1,1877,0,0,0.002414
347,20,263000000,20.263000000,5.447091038407351,3.9645982931032404,62.703245718737634,0.02712175567961555,-0.08221685365661177,-0.38398579742521016,0.9192712911428204,736,730,693,725,693,0,0.9493,0.9918,26.4098,52.7036,1.5343,0,True,19.67,True,0.4537261883172744,0.8663780276025104,-0.20861845393603407,2.08,0.0000,0.00,0.0000,0.0000,1.0000,60.1902,1,730,0,0,0.003209
348,20,296000000,20.296000000,4.57504614266321,3.475212798436336,62.70953359725307,0.02663187076398019,-0.08108445061928135,-0.3994128396718106,0.9127899204267543,693,690,249,689,249,0,0.3609,0.9957,23.0969,65.9774,1.1964,0,True,19.67,True,-0.2546024642531818,-0.9553921284246314,0.14967787458559084,1.92,0.0000,0.00,0.0000,0.0000,1.0000,51.9259,1,690,0,0,0.002518
349,20,329000000,20.329000000,5.033193340065288,4.259573676852833,62.29134804283696,0.027820791660232384,-0.08082631477678823,-0.4118495213898266,0.9072337527462105,249,246,246,246,246,0,1.0000,0.9880,22.0280,30.6953,1.2013,0,True,19.67,True,-0.322372128595308,0.8176545961789724,-0.47698760157087067,1.57,0.0000,0.00,0.0000,0.0000,1.0000,60.1232,1,246,0,0,0.003241
350,20,362000000,20.362000000,5.894224568889431,4.178288374158333,61.789334175941384,0.02731646073160065,-0.07983237012760078,-0.42341405206879124,0.901998416940737,246,245,101,245,101,0,0.4122,0.9959,18.8635,25.8408,1.0735,0,True,19.67,True,0.5566743788115895,0.5272173991891108,-0.6419933410612609,1.46,0.0000,0.00,0.0000,0.0000,1.0000,44.5524,1,245,0,0,0.002704
351,20,395000000,20.395000000,6.291113247980802,5.081798230274424,61.95104167827256,0.03419412249699765,-0.08100733755153952,-0.42010365651015796,0.9032062284086988,101,101,101,101,101,0,1.0000,1.0000,17.7234,21.7400,1.4050,0,True,19.67,True,-0.42500563820864906,0.8985283147656775,0.10962242040390392,0.90,0.0000,0.00,0.0000,0.0000,1.0000,38.6485,1,101,0,0,0.001783
352,20,428000000,20.428000000,6.364656762670391,4.721060825395753,62.88080502244595,0.03526486465640232,-0.13520916571064456,-0.4410010180696504,0.8865624472591478,101,101,101,101,101,0,1.0000,1.0000,14.9855,18.2746,1.2340,0,True,18.03,True,0.4317168873124377,-0.05644682921291568,0.9002412369365601,6.93,0.0000,0.00,0.0000,0.0000,1.0000,42.2104,1,101,0,0,0.004151
353,20,461000000,20.461000000,6.346230617937508,5.026123721594379,61.9286510923731,0.0370041210052253,-0.1107775892738726,-0.4449905886836773,0.8878864773867514,101,101,101,101,101,0,1.0000,1.0000,12.6134,15.3402,1.3010,0,True,18.03,True,-0.4506948792221628,-0.0016730199219836999,-0.8926764961884349,2.85,0.0000,0.00,0.0000,0.0000,1.0000,32.8802,1,101,0,0,0.002983
354,20,494000000,20.494000000,5.967739160077914,4.666186790158455,61.075896953294425,0.03298785938948949,-0.09082986403934232,-0.4625271975739634,0.8813230556588597,101,101,101,101,101,0,1.0000,1.0000,10.5710,12.8206,1.1519,0,True,18.03,True,-0.07159943337084786,-0.6524942311659221,-0.7544036051320048,3.17,0.0000,0.00,0.0000,0.0000,1.0000,18.2612,1,101,0,0,0.001864
355,20,527000000,20.527000000,5.894440467671765,4.227121327235775,60.1804368363936,0.033520588525078034,-0.0863975162968381,-0.4707438816553117,0.877389330460976,101,101,101,101,101,0,1.0000,1.0000,8.8287,10.7450,1.1840,0,True,18.03,True,0.20382282865864748,-0.4368754132320234,-0.8761256347299378,1.16,0.0000,0.00,0.0000,0.0000,1.0000,35.0531,1,101,0,0,0.004141
356,20,560000000,20.560000000,6.7805511100240246,3.7971597500434715,60.00740223971314,0.03540147496451203,-0.08625215389870124,-0.4758687070044794,0.8745606183747681,101,101,23,101,23,0,0.2277,1.0000,7.3686,8.8566,1.2079,0,True,18.03,True,0.8170460220878512,0.4641506805230977,-0.3420525450283386,0.70,0.0000,0.00,0.0000,0.0000,1.0000,16.7540,1,101,0,0,0.002313
357,20,593000000,20.593000000,6.7805511100240246,3.7971597500434715,60.00740223971314,0.03540147496451203,-0.08625215389870124,-0.4758687070044794,0.8745606183747681,2000,0,0,0,0,0,0.0000,0.0000,0.0000,0.0000,0.0000,1,True,18.03,True,0.0,0.0,0.0,0.00,0.0000,0.00,0.0000,0.0000,1.0000,16.7881,1,2000,0,0,0.002589
358,20,626000000,20.626000000,7.54598276351264,3.211426028427514,59.74088696585515,0.036678843312909375,-0.08628566909104342,-0.4795103131138476,0.8725132121522274,2000,1959,783,1864,783,0,0.3997,0.9795,15.6564,939.4475,3.6693,0,True,18.03,True,0.8672627432951298,0.2750675389688,-0.4149616646123513,0.50,0.0000,0.00,0.0000,0.0000,1.0000,14.9939,0,1959,0,0,0.002600
359,20,659000000,20.659000000,7.524116996907522,2.543804029172918,60.485066214666915,0.03781205341429297,-0.08701668063979333,-0.4830401275883206,0.8704427500108699,783,780,715,776,715,0,0.9167,0.9962,4.5749,12.6533,1.2242,0,True,18.03,True,0.6372536088672602,-0.267758520630151,0.7226432125299497,0.49,0.0000,0.00,0.0000,0.0000,1.0000,18.3694,1,780,0,0,0.003552
360,20,692000000,20.692000000,8.02082787279487,1.7426408450145994,60.15127607382312,0.03944807815465952,-0.08707311445156164,-0.4860072600908144,0.868711151654351,715,710,40,708,40,0,0.0563,0.9930,3.9162,11.6538,0.8833,0,True,18.03,True,0.8980088132505365,-0.06061308843979569,-0.43578231358575437,0.44,0.0000,0.00,0.0000,0.0000,1.0000,9.7296,0,710,0,0,0.002035
361,20,725000000,20.725000000,8.02082787279487,1.7426408450145994,60.15127607382312,0.03944807815465952,-0.08707311445156164,-0.4860072600908144,0.868711151654351,2000,0,0,0,0,0,0.0000,0.0000,0.0000,0.0000,0.0000,1,True,19.67,True,0.0,0.0,0.0,0.00,0.0000,0.00,0.0000,0.0000,1.0000,12.6098,0,2000,0,0,0.002747
362,20,758000000,20.758000000,7.891098202440325,2.0710559819782013,59.21569405687171,0.04116132575852607,-0.08716999728646292,-0.48882246838777194,0.8670407898329606,2000,1946,214,1917,214,0,0.1100,0.9730,5.1493,190.1177,2.4173,0,True,19.67,True,-0.45171063431296865,-0.07971193761458771,-0.8885963706038327,0.42,0.0000,0.00,0.0000,0.0000,1.0000,14.4407,0,1946,0,0,0.003179
363,20,791000000,20.791000000,8.1501049310872,3.033278262249678,59.29962139368636,0.042315000641666524,-0.08751856894097451,-0.49144560475343696,0.8654658620533499,214,211,138,209,138,0,0.6540,0.9860,8.8435,315.0547,5.4966,0,True,18.03,True,-0.6819387315721713,0.7299541192030192,0.04611453393760452,0.38,0.0000,0.00,0.0000,0.0000,1.0000,7.8644,0,211,0,0,0.001688
364,20,824000000,20.824000000,8.45464276575215,2.080958831848868,59.2810631141689,0.04346954168220264,-0.08785077806831704,-0.49390466397226646,0.8639738553018679,138,138,131,138,131,0,0.9493,1.0000,6.1193,8.3873,5.4068,0,True,18.03,True,0.9678823282035856,-0.23505653270055832,-0.08917524985105439,0.36,0.0000,0.00,0.0000,0.0000,1.0000,15.2516,1,138,0,0,0.001251
365,20,857000000,20.857000000,8.796198633555383,1.1922626441856266,59.5869367403644,0.0448070111220253,-0.08926797427260298,-0.4967486950315581,0.8621277715675448,131,131,131,131,131,0,1.0000,1.0000,6.7861,9.0229,5.8924,0,True,18.03,True,0.9681799647644918,-0.11334928734065731,0.22311318851200315,0.45,0.0000,0.00,0.0000,0.0000,1.0000,11.4857,0,131,0,0,0.003585
366,20,890000000,20.890000000,9.792245105638363,1.2217988111622227,59.67071645325115,0.04641622970504603,-0.08986771261651863,-0.4916012361197768,0.8649263277843673,131,131,131,131,131,0,1.0000,1.0000,7.5235,10.0203,5.7304,0,True,18.03,True,0.4722358314880759,0.8739112248217139,-0.1152062957888034,0.70,0.0000,0.00,0.0000,0.0000,1.0000,13.0785,0,131,0,0,0.002568
367,20,923000000,20.923000000,9.728367281958137,0.2238948483738914,59.66035765538593,0.04748143492059861,-0.08973705810410176,-0.4955036197760583,0.8626522686051,131,131,54,131,54,0,0.4122,1.0000,8.4212,11.3306,5.7585,0,True,18.03,True,0.8238316670134902,-0.5668092876292921,-0.00534938154820522,0.53,0.0000,0.00,0.0000,0.0000,1.0000,15.8923,1,131,0,0,0.001414
368,20,956000000,20.956000000,9.728367281958137,0.2238948483738914,59.66035765538593,0.04748143492059861,-0.08973705810410176,-0.4955036197760583,0.8626522686051,2000,0,0,0,0,0,0.0000,0.0000,0.0000,0.0000,0.0000,1,True,19.67,True,0.0,0.0,0.0,0.00,0.0000,0.00,0.0000,0.0000,1.0000,21.4615,1,2000,0,0,0.003203
369,20,989000000,20.989000000,9.815643137611755,-0.7581389028155684,59.49304765405702,0.04869626164515169,-0.08976591717974285,-0.5004199518774943,0.8597386963360395,2000,1994,793,1955,793,0,0.3977,0.9970,10.3838,686.9186,2.7655,0,True,18.03,True,0.8728867265261302,-0.4500973889302494,-0.18836428305989597,0.67,0.0000,0.00,0.0000,0.0000,1.0000,21.3760,1,1994,0,0,0.002973
370,21,22000000,21.022000000,9.666038052237944,-0.37904561290699795,58.57986278998153,0.05087704152575495,-0.08799216551559358,-0.5057216755545971,0.8566880951243071,793,791,790,790,790,0,0.9987,0.9975,8.2128,15.9814,0.9336,0,True,18.03,True,-0.4982194419942,-0.0984958135919737,-0.8614383102253134,0.77,0.0000,0.00,0.0000,0.0000,1.0000,11.3267,0,791,0,0,0.001156
371,21,55000000,21.055000000,9.929461377497205,-1.3357496594462661,58.45606650956595,0.0520720360418176,-0.08789909663796446,-0.5116483185996289,0.8530992028755284,790,788,78,788,78,0,0.0990,0.9975,9.1815,17.7050,0.9750,0,True,18.03,True,0.9498490877087168,-0.25830245276552094,-0.17625706645191377,0.81,0.0000,0.00,0.0000,0.0000,1.0000,7.0285,0,788,0,0,0.000685
372,21,88000000,21.088000000,9.929461377497205,-1.3357496594462661,58.45606650956595,0.0520720360418176,-0.08789909663796446,-0.5116483185996289,0.8530992028755284,2000,0,0,0,0,0,0.0000,0.0000,0.0000,0.0000,0.0000,1,True,18.03,True,0.0,0.0,0.0,0.00,0.0000,0.00,0.0000,0.0000,1.0000,50.7922,1,2000,0,0,0.004299
373,21,121000000,21.121000000,10.870397199969648,-1.6021866015696236,58.66499504725303,0.05384346303986638,-0.08824049007960585,-0.5185724309382085,0.848762117008778,2000,1998,1606,1928,1606,0,0.8038,0.9990,14.2315,308.1563,2.6959,0,True,16.39,True,0.6889844458625609,0.7246591631655023,0.013020391688954391,0.96,0.0000,0.00,0.0000,0.0000,1.0000,22.6567,1,1998,0,0,0.001647
374,21,154000000,21.154000000,11.601147257188282,-2.2572914678118856,58.473052430566,0.054988661730551516,-0.08788529978202814,-0.5261340317328708,0.8440588852774554,1606,1604,69,1604,69,0,0.0430,0.9988,12.7492,25.1597,1.1143,0,True,16.39,True,0.8912218983437747,0.30224942574847014,-0.33818458354460573,1.03,0.0000,0.00,0.0000,0.0000,1.0000,38.7294,1,1604,0,0,0.001940
375,21,187000000,21.187000000,11.601147257188282,-2.2572914678118856,58.473052430566,0.054988661730551516,-0.08788529978202814,-0.5261340317328708,0.8440588852774554,2000,0,0,0,0,0,0.0000,0.0000,0.0000,0.0000,0.0000,1,True,18.03,True,0.0,0.0,0.0,0.00,0.0000,0.00,0.0000,0.0000,1.0000,26.1941,1,2000,0,0,0.002006
376,21,220000000,21.220000000,12.144923758301045,-1.6737787780533346,59.07622741158586,0.05587000513944936,-0.0873730290071566,-0.5346785383937334,0.8386676081195538,2000,1997,364,1902,364,0,0.1823,0.9985,15.6584,246.3133,2.8499,0,True,18.03,True,-0.2349926322131978,0.8464170279592442,0.4778667989996301,1.16,0.0000,0.00,0.0000,0.0000,1.0000,44.6247,1,1997,0,0,0.001981
377,21,253000000,21.253000000,11.373931367551526,-2.0853132266296095,58.590212873694895,0.05701291133524682,-0.08642908227948738,-0.5442248107379932,0.8325256134525835,364,361,216,347,216,0,0.5983,0.9918,18.6542,29.5334,2.4569,0,True,16.39,True,0.012509576617020821,-0.9485467505747474,-0.3163899057602041,1.31,0.0000,0.00,0.0000,0.0000,1.0000,34.2889,1,361,0,0,0.001427
378,21,286000000,21.286000000,12.118244179774178,-2.7018368051392394,58.33350854045745,0.05810702363058757,-0.08595133281576375,-0.5538652625810224,0.8261169488020708,216,210,131,200,131,0,0.6238,0.9722,26.5547,302.7716,3.3010,0,True,16.39,True,0.8360249253540784,0.37130400353906395,-0.40397482736251084,1.33,0.0000,0.00,0.0000,0.0000,1.0000,22.5085,1,210,0,0,0.001720
379,21,319000000,21.319000000,11.999683522105855,-3.5455339617420663,57.8099452888884,0.05903434318115479,-0.08517328176591357,-0.5640972503071725,0.8191793152871238,131,125,38,124,38,0,0.3040,0.9542,22.9016,34.9731,1.5321,0,True,16.39,True,0.6957874560161001,-0.5277900748794365,-0.48715239187486536,1.42,0.0000,0.00,0.0000,0.0000,1.0000,66.9937,1,125,0,0,0.003331
380,21,352000000,21.352000000,11.999683522105855,-3.5455339617420663,57.8099452888884,0.05903434318115479,-0.08517328176591357,-0.5640972503071725,0.8191793152871238,2000,0,0,0,0,0,0.0000,0.0000,0.0000,0.0000,0.0000,1,True,16.39,True,0.0,0.0,0.0,0.00,0.0000,0.00,0.0000,0.0000,1.0000,37.0177,1,2000,0,0,0.001578
381,21,385000000,21.385000000,11.029255642641003,-3.38665847500392,57.62820836234051,0.06005061551639941,-0.08436650551256232,-0.5749335298383105,0.8116203869983558,2000,1980,127,1811,127,0,0.0641,0.9900,31.4598,805.0905,4.4618,0,True,16.39,True,-0.5004422752079407,-0.8654873494666921,0.022117348345125867,1.52,0.0000,0.00,0.0000,0.0000,1.0000,42.2658,1,1980,0,0,0.001740
382,21,418000000,21.418000000,10.493370396019225,-2.543923634317084,57.57697369882411,0.06075531312720502,-0.08334152056559678,-0.5860056959105654,0.8037165590163009,127,127,20,113,20,0,0.1575,1.0000,26.5681,258.7981,7.5917,0,True,16.39,True,-0.9724891711797483,-0.22512515457528712,0.05986214760246545,1.57,0.0000,0.00,0.0000,0.0000,1.0000,15.7537,1,127,0,0,0.000637
383,21,451000000,21.451000000,10.493370396019225,-2.543923634317084,57.57697369882411,0.06075531312720502,-0.08334152056559678,-0.5860056959105654,0.8037165590163009,2000,0,0,0,0,0,0.0000,0.0000,0.0000,0.0000,0.0000,1,True,18.03,True,0.0,0.0,0.0,0.00,0.0000,0.00,0.0000,0.0000,1.0000,88.5028,1,2000,0,0,0.003482
384,21,484000000,21.484000000,10.833407124380063,-3.4423101186211733,57.298986741962125,0.06148795125284626,-0.08227325019141864,-0.5973942570729766,0.7953429736722982,2000,1986,240,1942,240,0,0.1208,0.9930,20.4409,111.0965,2.3540,0,True,18.03,True,0.9396740054381938,-0.012179628969946066,-0.34185438441227534,1.63,0.0000,0.00,0.0000,0.0000,1.0000,46.5609,1,1986,0,0,0.001797
385,21,517000000,21.517000000,11.593769683056522,-4.085146198163449,57.39177981391094,0.06201894248155514,-0.08124185783914102,-0.6085401040749422,0.7869131801163155,240,238,11,235,11,0,0.0462,0.9917,22.5282,83.3988,1.7996,0,True,16.39,True,0.8300492402278836,0.5539067999062385,-0.06484994845598294,1.61,0.0000,0.00,0.0000,0.0000,1.0000,48.0678,1,238,0,0,0.001851
386,21,550000000,21.550000000,11.593769683056522,-4.085146198163449,57.39177981391094,0.06201894248155514,-0.08124185783914102,-0.6085401040749422,0.7869131801163155,2000,0,0,0,0,0,0.0000,0.0000,0.0000,0.0000,0.0000,1,True,18.03,True,0.0,0.0,0.0,0.00,0.0000,0.00,0.0000,0.0000,1.0000,53.2578,1,2000,0,0,0.002064
387,21,583000000,21.583000000,10.815989513325194,-3.4634380170668706,57.29938422348432,0.062373477064649685,-0.07977797636066289,-0.6198403583126428,0.7781664051175158,2000,1938,904,1772,904,0,0.4665,0.9690,24.6780,365.0284,4.0931,0,True,18.03,True,-0.7979934813676692,-0.5987627145693998,0.06848076617701304,1.65,0.0000,0.00,0.0000,0.0000,1.0000,50.0460,1,1938,0,0,0.001966
388,21,616000000,21.616000000,11.74491549496715,-3.2116811384989132,57.57088927817806,0.06360218918321035,-0.07955191720829075,-0.6294142743090279,0.7703660982257904,904,903,899,901,899,0,0.9956,0.9989,18.5681,140.0232,1.4341,0,True,18.03,True,-0.02934200464358706,0.9964242710493264,0.07923205681612765,1.42,0.0000,0.00,0.0000,0.0000,1.0000,40.6112,1,903,0,0,0.001625
389,21,649000000,21.649000000,12.320898549777342,-3.93840936868391,57.19657710896138,0.06384622351703798,-0.07834829381693618,-0.6399047138482965,0.7617789454909587,899,899,162,899,162,0,0.1802,1.0000,17.6345,27.4641,1.3050,0,True,18.03,True,0.8085226492805736,0.3335273482232423,-0.484820207486749,1.56,0.0000,0.00,0.0000,0.0000,1.0000,57.0326,1,899,0,0,0.002352
390,21,682000000,21.682000000,12.837488401288942,-4.741075707477621,56.898480356408264,0.06400915006055988,-0.07717144915253459,-0.6500295705739398,0.7532655265732542,162,162,46,162,46,0,0.2840,1.0000,16.5657,23.3375,1.5500,0,True,18.03,True,0.8665331070594039,0.3008104087555554,-0.3982881775226213,1.52,0.0000,0.00,0.0000,0.0000,1.0000,47.0316,1,162,0,0,0.002012
391,21,715000000,21.715000000,12.837488401288942,-4.741075707477621,56.898480356408264,0.06400915006055988,-0.07717144915253459,-0.6500295705739398,0.7532655265732542,2000,0,0,0,0,0,0.0000,0.0000,0.0000,0.0000,0.0000,1,True,19.67,True,0.0,0.0,0.0,0.00,0.0000,0.00,0.0000,0.0000,1.0000,41.3041,1,2000,0,0,0.001836
392,21,748000000,21.748000000,13.471637290813128,-5.507360269341861,56.79521779705706,0.06434569926773101,-0.07634632798693326,-0.6593823128149018,0.7451481964921671,2000,1944,795,1837,795,0,0.4090,0.9720,23.8960,713.5806,3.5156,0,True,19.67,True,0.8452636996971433,0.4819966597542439,-0.23066967282252135,1.42,0.0000,0.00,0.0000,0.0000,1.0000,16.7631,1,1944,0,0,0.000767
393,21,781000000,21.781000000,14.041127282895692,-6.327185523161855,56.735487552483875,0.06442168365480276,-0.07546008558630247,-0.668096005320211,0.7374302338754256,795,792,332,791,332,0,0.4192,0.9962,16.4363,32.7687,1.2684,0,True,19.67,True,0.8795889165430093,0.4421457343068705,-0.17558612567322465,1.34,0.0000,0.00,0.0000,0.0000,1.0000,59.4199,1,792,0,0,0.002019
394,21,814000000,21.814000000,14.396390668532366,-7.187476239186181,56.36985411480576,0.06454811203906935,-0.07456264912741897,-0.6762853827925976,0.7300082421509791,332,327,97,327,97,0,0.2966,0.9849,14.4843,29.9600,1.4730,0,True,18.03,True,0.8809036738823599,0.18983309567885537,-0.433557508440972,1.27,0.0000,0.00,0.0000,0.0000,1.0000,29.9344,1,327,0,0,0.002115
395,21,847000000,21.847000000,14.396390668532366,-7.187476239186181,56.36985411480576,0.06454811203906935,-0.07456264912741897,-0.6762853827925976,0.7300082421509791,2000,0,0,0,0,0,0.0000,0.0000,0.0000,0.0000,0.0000,1,True,19.67,True,0.0,0.0,0.0,0.00,0.0000,0.00,0.0000,0.0000,1.0000,42.1292,1,2000,0,0,0.002521
396,21,880000000,21.880000000,14.159865768998621,-8.14209361124754,56.18885233343549,0.06444620216471894,-0.07377785758917318,-0.6832560816264298,0.7235776680333585,2000,1984,435,1955,435,0,0.2193,0.9920,14.0233,218.7372,2.3265,0,True,19.67,True,0.9303246739000615,-0.34002853079655454,-0.13739213724620808,1.09,0.0000,0.00,0.0000,0.0000,1.0000,34.7998,1,1984,0,0,0.002042
397,21,913000000,21.913000000,13.762922095323571,-9.015708277072552,55.90736852291558,0.06426878422533179,-0.07282866323924095,-0.6894769961814682,0.7177652686788089,435,434,231,433,231,0,0.5323,0.9977,13.1390,24.0452,1.2703,0,True,19.67,True,0.8448491391199164,-0.4940285939012901,-0.205342836583725,0.98,0.0000,0.00,0.0000,0.0000,1.0000,36.9207,1,434,0,0,0.002389
398,21,946000000,21.946000000,14.14915139048011,-8.657792169910282,55.057237361390094,0.06680819258711806,-0.07145572331246211,-0.6947350438091076,0.7125826014664494,231,229,229,229,229,0,1.0000,0.9913,13.6233,20.2685,1.2726,0,True,19.67,True,-0.35621908325888757,0.22951951014488856,-0.9057752255306216,0.91,0.0000,0.00,0.0000,0.0000,1.0000,28.1311,1,229,0,0,0.002039
399,21,979000000,21.979000000,13.844499048542994,-9.540122656998456,54.69851760711529,0.06671027814755934,-0.07070620260930598,-0.6994150040446278,0.7080741654793659,229,228,35,228,35,0,0.1535,0.9956,12.0361,18.1446,1.3411,0,True,19.67,True,0.8713427041021238,-0.39123029997259345,-0.29614311471204813,0.75,0.0000,0.00,0.0000,0.0000,1.0000,25.8650,1,228,0,0,0.002154
400,22,12000000,22.012000000,13.844499048542994,-9.540122656998456,54.69851760711529,0.06671027814755934,-0.07070620260930598,-0.6994150040446278,0.7080741654793659,2000,0,0,0,0,0,0.0000,0.0000,0.0000,0.0000,0.0000,1,True,21.31,True,0.0,0.0,0.0,0.00,0.0000,0.00,0.0000,0.0000,1.0000,21.1665,1,2000,0,0,0.002101
401,22,45000000,22.045000000,12.885875689861363,-9.806595292309055,54.79868542041166,0.06647998636485015,-0.07036409280403508,-0.7031705276509176,0.7044008197751652,2000,1963,1820,1828,1820,0,0.9272,0.9815,15.7177,608.3049,3.7321,0,True,19.67,True,0.2559739515974254,-0.9244733097489418,0.2825357245826372,0.60,0.0000,0.00,0.0000,0.0000,1.0000,14.4673,0,1963,0,0,0.001187
402,22,78000000,22.078000000,12.505362267878303,-8.889155705467628,54.91493575454865,-0.0665743201210621,0.07030991047411604,0.7053964414197477,-0.7021682396846901,1820,1820,121,1820,121,0,0.0665,1.0000,4.3920,10.5699,1.1711,0,True,19.67,True,-0.917225921780833,-0.3489195212984771,0.19222844760893992,0.36,0.0000,0.00,0.0000,0.0000,1.0000,11.7054,0,1820,0,0,0.002421
403,22,111000000,22.111000000,13.2865027132477,-9.41412944564421,55.252903470067615,-0.06679205268893129,0.07019280778063547,0.7068895903623297,-0.7006560486221806,121,119,28,117,28,0,0.2353,0.9835,4.6197,74.1758,2.9964,0,True,19.67,True,0.5226398046899251,0.8337343028689818,0.17814249008378102,0.25,0.0000,0.00,0.0000,0.0000,1.0000,5.4272,0,119,0,0,0.001165
404,22,144000000,22.144000000,13.2865027132477,-9.41412944564421,55.252903470067615,-0.06679205268893129,0.07019280778063547,0.7068895903623297,-0.7006560486221806,2000,0,0,0,0,0,0.0000,0.0000,0.0000,0.0000,0.0000,1,True,21.31,True,0.0,0.0,0.0,0.00,0.0000,0.00,0.0000,0.0000,1.0000,6.5259,0,2000,0,0,0.002331
405,22,177000000,22.177000000,13.5108453206592,-9.272788861329362,54.288697457990665,-0.06762418559078827,0.06992033090359087,0.7067481786746291,-0.7007461229215682,2000,1914,1794,1886,1794,0,0.9373,0.9570,2.8309,407.7305,2.0452,0,True,21.31,True,-0.14719839480363237,0.033018499909448044,-0.9885557198413065,0.10,0.0000,0.00,0.0000,0.0000,1.0000,0.8633,0,1914,0,0,0.002029
406,22,210000000,22.210000000,13.145569083785341,-10.118446514835252,53.899549152273956,-0.06747540334343223,0.07012387359147088,0.7056441220855605,-0.7018518969570909,1794,1794,387,1794,387,0,0.2157,1.0000,2.0888,3.9330,0.9893,0,True,19.67,True,0.8478875023863472,-0.42681748119271185,-0.31450535932691337,0.18,0.0000,0.00,0.0000,0.0000,1.0000,4.0891,0,1794,0,0,0.001267
407,22,243000000,22.243000000,12.625581124318359,-10.731835394645612,53.30510268358702,-0.0674956088295093,0.07042118532844846,0.7039362451596889,-0.7035331990717627,387,387,362,387,362,0,0.9354,1.0000,4.1967,6.8357,0.8243,0,True,19.67,True,0.6144349732952665,-0.6222174811048203,-0.48509284657601137,0.28,0.0000,0.00,0.0000,0.0000,1.0000,3.5710,0,387,0,0,0.001954
408,22,276000000,22.276000000,12.857976876082413,-11.49409518035784,52.70098991791495,0.06747810919547609,-0.07083516025279223,-0.7011744054895257,0.7062460887946742,362,362,44,362,44,0,0.1215,1.0000,5.9037,9.3016,0.8210,0,True,19.67,True,0.759573586954806,0.11083289377744727,-0.6409087576695506,0.45,0.0000,0.00,0.0000,0.0000,1.0000,16.7477,1,362,0,0,0.002537
409,22,309000000,22.309000000,12.857976876082413,-11.49409518035784,52.70098991791495,0.06747810919547609,-0.07083516025279223,-0.7011744054895257,0.7062460887946742,2000,0,0,0,0,0,0.0000,0.0000,0.0000,0.0000,0.0000,1,True,21.31,True,0.0,0.0,0.0,0.00,0.0000,0.00,0.0000,0.0000,1.0000,11.6251,0,2000,0,0,0.001725
410,22,342000000,22.342000000,11.89942391107369,-11.412431217860034,52.97395000749242,0.06728466522900912,-0.07155482967799723,-0.6970051349417018,0.7103073433660059,2000,1999,737,1958,737,0,0.3687,0.9995,9.4147,127.1639,2.5269,0,True,21.31,True,-0.08657685085236941,-0.8864387090613196,0.4546766587083485,0.67,0.0000,0.00,0.0000,0.0000,1.0000,24.9279,1,1999,0,0,0.002555
411,22,375000000,22.375000000,12.449694228000958,-10.698785690000182,53.40743892185402,0.06753533026966498,-0.0726103219867463,-0.6916568404370164,0.7153862840333409,737,734,198,734,198,0,0.2698,0.9959,10.5321,20.2432,1.0192,0,True,21.31,True,-0.7001255822139293,0.6380235304864295,0.32054663260630073,0.85,0.0000,0.00,0.0000,0.0000,1.0000,23.0986,1,734,0,0,0.002693
412,22,408000000,22.408000000,11.665540580269623,-10.14058772486947,53.67858111420624,0.06753176077023663,-0.07343648398401476,-0.6859324440185658,0.7207934699690709,198,191,187,191,187,0,0.9791,0.9646,13.4678,22.6948,1.2757,0,True,21.31,True,-0.5806552932297521,-0.6958422316251404,0.42266182596872304,0.91,0.0000,0.00,0.0000,0.0000,1.0000,22.6654,1,191,0,0,0.000947
413,22,441000000,22.441000000,11.07666756665488,-9.694657755003156,54.35265457890524,0.06762928091082597,-0.07455003974353692,-0.6792246150335424,0.7269955256191456,187,185,79,185,79,0,0.4270,0.9893,15.0475,25.3804,1.1978,0,True,21.31,True,-0.4648489286242372,-0.42068320619764504,0.7790642551036264,1.05,0.0000,0.00,0.0000,0.0000,1.0000,33.9823,1,185,0,0,0.003676
414,22,474000000,22.474000000,11.07666756665488,-9.694657755003156,54.35265457890524,0.06762928091082597,-0.07455003974353692,-0.6792246150335424,0.7269955256191456,2000,0,0,0,0,0,0.0000,0.0000,0.0000,0.0000,0.0000,1,True,22.95,True,0.0,0.0,0.0,0.00,0.0000,0.00,0.0000,0.0000,1.0000,13.2608,0,2000,0,0,0.000948
415,22,507000000,22.507000000,10.118496905767586,-9.96369580936231,54.25504561455538,0.06725087712055736,-0.0753977928819324,-0.6714951785586869,0.7340890392367168,2000,1961,1540,1849,1540,0,0.7853,0.9805,22.9910,616.5323,3.1767,0,True,22.95,True,0.20337466022585585,-0.974435639169256,0.09546691937431175,1.21,0.0000,0.00,0.0000,0.0000,1.0000,47.5002,1,1961,0,0,0.003201
416,22,540000000,22.540000000,10.030019712570837,-10.709452516902696,53.59472847904961,0.06731169414944409,-0.07643369852521965,-0.6627502539614534,0.7418821513114575,1540,1528,1099,1528,1099,0,0.7192,0.9922,16.3158,37.6499,1.2326,0,True,22.95,True,0.7216465242467098,-0.2848691815261086,-0.6309325189426265,1.35,0.0000,0.00,0.0000,0.0000,1.0000,35.0085,1,1528,0,0,0.001495
417,22,573000000,22.573000000,9.826643057436442,-10.32425114570772,52.69458524612729,0.07139355082141619,-0.07440101027156555,-0.6546965152643345,0.748825696322193,1099,1095,1093,1093,1093,0,0.9982,0.9964,16.1500,29.3822,1.2229,0,True,22.95,True,-0.42686871247362906,-0.33567777439636953,-0.839704432575776,1.33,0.0000,0.00,0.0000,0.0000,1.0000,57.0457,1,1095,0,0,0.004113
418,22,606000000,22.606000000,9.268575677532985,-9.711047232269753,53.25363959056264,0.07129222379369202,-0.07561946174821349,-0.6443043405206573,0.757674753847389,1093,1083,124,1081,124,0,0.1145,0.9909,17.0562,32.2527,1.2524,0,True,21.31,True,-0.6712161336800605,-0.34574097429276723,0.6556920623148335,1.57,0.0000,0.00,0.0000,0.0000,1.0000,43.4674,1,1083,0,0,0.002461
419,22,639000000,22.639000000,9.099501867537228,-10.343338187127943,54.009696595806304,0.059838953230081954,-0.09168817631076014,-0.637027323488896,0.7630260592730164,124,119,119,119,119,0,1.0000,0.9597,18.4536,24.1218,1.5539,0,True,21.31,True,0.6145659977510303,-0.10879978186066108,0.7813265910458655,2.49,0.0000,0.00,0.0000,0.0000,1.0000,39.5578,1,119,0,0,0.001174
420,22,672000000,22.672000000,10.055609689160491,-10.434988292178469,54.2880095341959,0.060647764479270096,-0.09478495189060908,-0.6238077246145775,0.7734349256853774,119,112,112,112,112,0,1.0000,0.9412,19.4472,24.5602,1.6247,0,True,21.31,True,0.27187384960051536,0.9602925713985789,0.06263215803484427,1.96,0.0000,0.00,0.0000,0.0000,1.0000,38.3380,1,112,0,0,0.001726
421,22,705000000,22.705000000,9.473949058381299,-9.768884931943644,54.75488984443121,0.0603611834942495,-0.09600171434597037,-0.6114971761770606,0.7830781582302556,112,106,29,106,29,0,0.2736,0.9464,20.4858,26.1055,1.6913,0,True,21.31,True,-0.7358056153663556,-0.31278109011374394,0.6006314061573843,1.80,0.0000,0.00,0.0000,0.0000,1.0000,52.9556,1,106,0,0,0.002756
422,22,738000000,22.738000000,9.473949058381299,-9.768884931943644,54.75488984443121,0.0603611834942495,-0.09600171434597037,-0.6114971761770606,0.7830781582302556,2000,0,0,0,0,0,0.0000,0.0000,0.0000,0.0000,0.0000,1,True,21.31,True,0.0,0.0,0.0,0.00,0.0000,0.00,0.0000,0.0000,1.0000,59.5520,1,2000,0,0,0.002291
423,22,771000000,22.771000000,9.995498139661088,-10.617547495811689,54.66680801596975,0.05956569101394359,-0.09721393637506484,-0.5984714704701982,0.7929900869883147,2000,1984,561,1858,561,0,0.2828,0.9920,26.1628,372.6142,2.8474,0,True,21.31,True,0.9377498975903208,0.2669749874011715,-0.22214744128953412,1.88,0.0000,0.00,0.0000,0.0000,1.0000,61.7952,1,1984,0,0,0.003339
424,22,804000000,22.804000000,9.334028281455241,-11.289529701009553,54.33379518951624,0.058385372435998825,-0.09793409663128824,-0.5859255779545886,0.802303731825488,561,555,540,545,540,0,0.9730,0.9893,25.3790,316.2959,2.1432,0,True,21.31,True,0.4428700945575111,-0.876240150353986,-0.18991913609282557,1.80,0.0000,0.00,0.0000,0.0000,1.0000,39.8711,1,555,0,0,0.003118
425,22,837000000,22.837000000,9.649810304986197,-12.238186355045436,54.31556701439848,0.05688024007345346,-0.09915462429288752,-0.5715668312458315,0.8125542173849828,540,532,216,524,216,0,0.4060,0.9852,25.3109,50.6615,2.0064,0,True,21.31,True,0.9940430486199228,-0.0013434445570155809,-0.10897987266982898,2.03,0.0000,0.00,0.0000,0.0000,1.0000,76.2987,1,532,0,0,0.002991
426,22,870000000,22.870000000,9.753118853234222,-12.083774719539004,53.332976361746475,0.0578565416773368,-0.10027373929719866,-0.5577041469526991,0.8219269324363683,216,208,107,202,107,0,0.5144,0.9630,24.2494,37.5167,1.8660,0,True,21.31,True,-0.20583252926206977,-0.054883892345672286,-0.9770469427098002,1.93,0.0000,0.00,0.0000,0.0000,1.0000,48.2273,1,208,0,0,0.002898
427,22,903000000,22.903000000,8.856628797404644,-12.522602897092867,53.394094365505055,0.0557633194088753,-0.10104017954509814,-0.544563937428731,0.830741507557023,107,107,104,106,104,0,0.9720,1.0000,23.1248,34.0166,1.6927,0,True,21.31,True,0.09274832577652842,-0.9617467145586884,0.2577615275816376,1.83,0.0000,0.00,0.0000,0.0000,1.0000,53.4914,1,107,0,0,0.002588
428,22,936000000,22.936000000,8.932877330364358,-11.5271521920953,53.45122627551449,0.054046865505379155,-0.10212275387498397,-0.529492628412437,0.8404090884366504,104,102,52,102,52,0,0.5098,0.9808,23.1132,32.3752,1.4421,0,True,21.31,True,-0.8762950329449265,0.47856791655139197,0.05549562580699455,2.06,0.0000,0.00,0.0000,0.0000,1.0000,64.5240,1,102,0,0,0.002813
429,22,969000000,22.969000000,8.932877330364358,-11.5271521920953,53.45122627551449,0.054046865505379155,-0.10212275387498397,-0.529492628412437,0.8404090884366504,2000,0,0,0,0,0,0.0000,0.0000,0.0000,0.0000,0.0000,1,True,21.31,True,0.0,0.0,0.0,0.00,0.0000,0.00,0.0000,0.0000,1.0000,33.3685,1,2000,0,0,0.001436
430,23,2000000,23.002000000,8.268819359529358,-10.789982487354001,53.32629494324705,0.052761866381531346,-0.10297777709785552,-0.5138346663991007,0.8500504093796124,2000,1916,484,1728,484,0,0.2526,0.9580,31.8975,600.4233,4.2469,0,True,21.31,True,-0.9563515548001238,-0.28901479466712243,0.04315266034564906,2.11,0.0000,0.00,0.0000,0.0000,1.0000,96.7478,1,1916,0,0,0.003493
431,23,35000000,23.035000000,8.706504229613085,-9.99097654582819,52.91395835754767,0.05191367693176039,-0.10301639865706058,-0.49652371017005636,0.8603236582787412,484,465,431,431,431,0,0.9269,0.9607,33.1504,226.1897,2.9060,0,True,21.31,True,-0.5592202620305193,0.6696099516351488,-0.48876907758745436,2.31,0.0000,0.00,0.0000,0.0000,1.0000,66.3531,1,465,0,0,0.003391
432,23,68000000,23.068000000,9.604480534484964,-10.405451322224378,52.76614355578557,0.05108980297870707,-0.10409843262515805,-0.4808589451986816,0.8690960954802373,431,399,181,386,181,0,0.4536,0.9258,33.2106,222.7679,2.4189,0,True,21.31,True,0.7761062113192196,0.5213743084413011,-0.35472239744493406,2.06,0.0000,0.00,0.0000,0.0000,1.0000,24.0176,1,399,0,0,0.001000
433,23,101000000,23.101000000,9.436294658172212,-11.213835747758713,52.20202643003735,0.04951287878453084,-0.1034655300059499,-0.467591380340827,0.8764711404068113,181,171,171,171,171,0,1.0000,0.9448,34.5805,49.0680,2.0506,0,True,19.67,True,0.5231478029051445,-0.6756829794725897,-0.5193928066180392,1.75,0.0000,0.00,0.0000,0.0000,1.0000,83.7777,1,171,0,0,0.002596
434,23,134000000,23.134000000,10.346121688712524,-11.500400996709887,51.90186791759477,0.0491667284053717,-0.10418264459112742,-0.4519644410236395,0.884565855905653,171,162,57,160,57,0,0.3519,0.9474,35.4441,48.0302,2.2404,0,True,19.67,True,0.689776453837279,0.5214828045884333,-0.5022590250560459,2.02,0.0000,0.00,0.0000,0.0000,1.0000,41.9748,1,162,0,0,0.002461
435,23,167000000,23.167000000,10.346121688712524,-11.500400996709887,51.90186791759477,0.0491667284053717,-0.10418264459112742,-0.4519644410236395,0.884565855905653,2000,0,0,0,0,0,0.0000,0.0000,0.0000,0.0000,0.0000,1,True,21.31,True,0.0,0.0,0.0,0.00,0.0000,0.00,0.0000,0.0000,1.0000,88.7722,1,2000,0,0,0.002359
436,23,200000000,23.200000000,10.807638370126696,-12.384027704070888,51.980647323627004,0.0477983821247782,-0.10514756977162379,-0.43650049311067807,0.8922592800030213,2000,1971,909,1876,909,0,0.4612,0.9855,25.1299,457.3699,3.8196,0,True,19.67,True,0.9895539279009519,-0.13978952979289214,-0.035240759584323836,1.99,0.0000,0.00,0.0000,0.0000,1.0000,61.7757,1,1971,0,0,0.003895
437,23,233000000,23.233000000,11.525540826029133,-13.062511390506877,52.13645474016894,0.045849772575540675,-0.10588712918478804,-0.42051329356038264,0.8999190431181988,909,894,588,881,588,0,0.6577,0.9835,21.0075,44.3952,3.5267,0,True,19.67,True,0.986514479268498,0.1627443544219853,-0.01742002575702644,2.05,0.0000,0.00,0.0000,0.0000,1.0000,25.6070,1,894,0,0,0.001210
438,23,266000000,23.266000000,12.415547212967939,-13.45547927330479,52.36767946699861,0.04481599060283667,-0.10847052524659213,-0.40415513521888635,0.9071297034135849,588,585,583,583,583,0,0.9966,0.9949,18.1246,34.3476,4.4671,0,True,19.67,True,0.8916727152962247,0.4522998326427033,0.01856421793774487,2.07,0.0000,0.00,0.0000,0.0000,1.0000,85.4095,1,585,0,0,0.003608
439,23,299000000,23.299000000,13.38015627455239,-13.584383288795834,52.59770797197017,0.043925096411322175,-0.11065491249465549,-0.3877805430153496,0.9140308127764495,583,583,580,580,580,0,0.9949,1.0000,17.3159,31.4896,4.4119,0,True,19.67,True,0.7594954740503547,0.6505098064764476,-0.0019017294765201376,2.05,0.0000,0.00,0.0000,0.0000,1.0000,22.7692,1,583,0,0,0.000974
440,23,332000000,23.332000000,13.051632679505511,-14.520532834162294,52.4724231915392,0.04226602301629856,-0.11112159072306879,-0.3736283602352581,0.9199279448964862,580,577,303,571,303,0,0.5251,0.9948,17.3391,36.8686,4.0243,0,True,19.67,True,0.429973546159543,-0.9014968768694872,-0.04925576715013227,1.77,0.0000,0.00,0.0000,0.0000,1.0000,52.7459,1,577,0,0,0.002281
441,23,365000000,23.365000000,13.381082011209429,-14.294946320260605,51.55559503829264,0.042122489143791964,-0.1109594262248608,-0.35940456198362936,0.9256036205987617,303,302,301,302,301,0,0.9967,0.9967,18.1178,26.0520,0.8477,0,True,18.03,True,-0.08634672194455252,0.23774807737086132,-0.967481315228304,1.76,0.0000,0.00,0.0000,0.0000,1.0000,84.1272,1,302,0,0,0.003730
442,23,398000000,23.398000000,14.146533016434528,-14.832563572171335,51.201967481323685,0.04101680557263978,-0.11156897725843,-0.34557227625114034,0.9308328458218101,301,301,250,301,250,0,0.8306,1.0000,17.3281,23.9948,0.8600,0,True,18.03,True,0.8496419892500826,0.04952454667688312,-0.5250293414463727,1.70,0.0000,0.00,0.0000,0.0000,1.0000,43.0926,1,301,0,0,0.001966
443,23,431000000,23.431000000,14.790564442452247,-15.589275781741462,51.314262424170956,0.040081312109554984,-0.11259934983094096,-0.3326516833932466,0.9354452054358208,250,249,249,249,249,0,1.0000,0.9960,16.5325,22.1490,0.9066,0,True,18.03,True,0.9880671016725282,-0.14776194969658318,-0.04347193133867351,1.58,0.0000,0.00,0.0000,0.0000,1.0000,33.5524,1,249,0,0,0.001566
444,23,464000000,23.464000000,15.485419640325503,-16.176632792653205,50.89930701003429,0.03899145722803433,-0.11306492649784866,-0.32003050179323983,0.9398278920000392,249,247,224,247,224,0,0.9069,0.9920,15.7005,20.3819,0.8191,0,True,16.39,True,0.8179506901096875,-0.09150677809901242,-0.5679640641017916,1.54,0.0000,0.00,0.0000,0.0000,1.0000,34.9705,1,247,0,0,0.001672
445,23,497000000,23.497000000,16.199555131972016,-16.829802932879193,50.64755461682233,0.037889780820439214,-0.11358766271751979,-0.30797014933039285,0.9438308082009007,224,223,185,223,185,0,0.8296,0.9955,14.8838,18.7893,0.8434,0,True,16.39,True,0.901045602642638,-0.13076974715479048,-0.41354092323183345,1.46,0.0000,0.00,0.0000,0.0000,1.0000,74.9107,1,223,0,0,0.003744
446,23,530000000,23.530000000,16.972615782231344,-17.340604038220732,50.271443646758335,0.03683956386278059,-0.11392999848669162,-0.2963514467083561,0.9475434670837465,185,184,113,184,113,0,0.6141,0.9946,14.1662,17.2232,0.8846,0,True,16.39,True,0.8359509364233157,-0.022895005058889525,-0.5483264088445265,1.40,0.0000,0.00,0.0000,0.0000,1.0000,35.5252,1,184,0,0,0.001494
447,23,563000000,23.563000000,17.773280343726235,-16.742046639430797,50.29723706297278,0.039409641797227085,-0.11610185178964455,-0.2806845575033978,0.9519366677061828,113,112,112,112,112,0,1.0000,0.9912,13.4099,16.4316,0.9695,0,True,14.75,True,0.30306829044965666,0.9382812340762604,-0.1666671446454048,1.90,0.0000,0.00,0.0000,0.0000,1.0000,40.4120,1,112,0,0,0.001802
448,23,596000000,23.596000000,18.447504438008636,-17.38519723267352,49.93422303417968,0.038380179599746295,-0.11643642763109457,-0.27066209579588757,0.9548358759670574,112,110,96,110,96,0,0.8727,0.9821,12.4586,18.1349,0.9407,0,True,14.75,True,0.8271782684966829,-0.23658289230071955,-0.5097103561803072,1.20,0.0000,0.00,0.0000,0.0000,1.0000,26.5454,1,110,0,0,0.002235
449,23,629000000,23.629000000,18.447504438008636,-17.38519723267352,49.93422303417968,0.038380179599746295,-0.11643642763109457,-0.27066209579588757,0.9548358759670574,2000,0,0,0,0,0,0.0000,0.0000,0.0000,0.0000,0.0000,1,True,16.39,True,0.0,0.0,0.0,0.00,0.0000,0.00,0.0000,0.0000,1.0000,34.7266,1,2000,0,0,0.002270
450,23,662000000,23.662000000,18.299212532760336,-18.3726027995692,49.87908904011764,0.03722657858014341,-0.11670956328048163,-0.2627318033607648,0.9570606350638897,2000,1966,1933,1945,1933,0,0.9832,0.9830,13.1000,28.1291,2.7247,0,True,16.39,True,0.3855334101426435,-0.9226650953798402,-0.007287759017345993,0.95,0.0000,0.00,0.0000,0.0000,1.0000,33.0752,1,1966,0,0,0.002192
451,23,695000000,23.695000000,19.29530584306927,-18.43237289916034,49.944094058021335,0.036603893570032034,-0.1173471618876695,-0.2550462428542514,0.9590835274251941,1933,1916,945,1912,945,0,0.4932,0.9912,11.9322,27.1894,1.8917,0,True,16.39,True,0.875268915692257,0.4495461386469972,-0.17836085459112222,0.92,0.0000,0.00,0.0000,0.0000,1.0000,32.1415,1,1916,0,0,0.002336
452,23,728000000,23.728000000,20.249295117061507,-18.391440366316367,49.647060401910224,0.03611120854025511,-0.11750705913576681,-0.24769483609969986,0.961007460866235,945,931,633,928,633,0,0.6799,0.9852,11.5004,25.6956,1.1269,0,True,14.75,True,0.7219140019090342,0.4553787991004166,-0.5210281404852768,0.87,0.0000,0.00,0.0000,0.0000,1.0000,17.4354,1,931,0,0,0.001375
453,23,761000000,23.761000000,21.104849907276115,-18.909068854529128,49.65637432328654,0.03532871281871707,-0.11778623498138702,-0.24143427665131453,0.9625942940602434,633,626,496,625,496,0,0.7923,0.9889,8.5599,14.4881,0.8585,0,True,14.75,True,0.9797055963996418,-0.05152813160169164,-0.19370543626047543,0.75,0.0000,0.00,0.0000,0.0000,1.0000,26.9822,1,626,0,0,0.002348
454,23,794000000,23.794000000,21.920585209826577,-19.269363429665823,50.10888259426065,0.03456233451694597,-0.11865966206911371,-0.2360661359235464,0.9638454798879892,496,493,493,493,493,0,1.0000,0.9940,7.3416,12.1755,0.6666,0,True,14.75,True,0.9633591945515843,0.11149208615079632,0.2439437988526588,0.65,0.0000,0.00,0.0000,0.0000,1.0000,27.2715,1,493,0,0,0.002797
455,23,827000000,23.827000000,22.681742527466852,-19.686572342151198,50.6054470524586,0.0338186551805619,-0.11932044831832658,-0.23148061857643729,0.9649018874467817,493,491,491,491,491,0,1.0000,0.9959,6.2034,9.8739,0.6698,0,True,14.75,True,0.9536476198187946,0.03132149159577563,0.2992911314726237,0.55,0.0000,0.00,0.0000,0.0000,1.0000,11.1989,0,491,0,0,0.001331
456,23,860000000,23.860000000,23.261888423917835,-18.89382198210832,50.792470060355946,0.03515603344432135,-0.12041156806032904,-0.2245872330541976,0.9663465643022559,491,490,490,490,490,0,1.0000,0.9980,5.0228,7.7193,0.6736,0,True,13.11,True,0.1810617139460412,0.9829938954641512,0.03065382884951612,0.83,0.0000,0.00,0.0000,0.0000,1.0000,21.1239,1,490,0,0,0.003109
457,23,893000000,23.893000000,24.258979538732856,-18.875297746139612,50.718536567007455,0.03484073247800557,-0.12042580830168588,-0.2216524328240875,0.9670335811534391,490,489,325,489,325,0,0.6646,0.9980,3.8213,6.0553,0.6549,0,True,13.11,True,0.8433565377127739,0.43194133612820723,-0.3196504848125553,0.35,0.0000,0.00,0.0000,0.0000,1.0000,10.2195,0,489,0,0,0.002082
458,23,926000000,23.926000000,24.34265980241278,-18.764778257900765,49.72819164921877,0.03444133650871034,-0.11924937589795166,-0.21957633133205992,0.9676670994749156,325,324,323,324,323,0,0.9969,0.9969,2.4867,6.6330,0.6825,0,True,13.11,True,-0.19064222299201303,0.014958702577187347,-0.9815456077176805,0.29,0.0000,0.00,0.0000,0.0000,1.0000,5.2613,0,324,0,0,0.000545
459,23,959000000,23.959000000,24.00743244294088,-19.20540974912915,48.895445285432444,0.03378440291758173,-0.11838683165860597,-0.21878936946232921,0.9679743715716939,323,323,323,323,323,0,1.0000,1.0000,1.2887,2.7071,0.6358,0,True,13.11,True,-0.28209276802297306,-0.6359165141616124,-0.7183549660479011,0.16,0.0000,0.00,0.0000,0.0000,1.0000,5.6231,0,323,0,0,0.003523
460,23,992000000,23.992000000,23.76340842659902,-19.445053953276474,47.95575228510362,0.03300030862200244,-0.11789074400162435,-0.21846205586671277,0.9681358800582104,323,323,52,323,52,0,0.1610,1.0000,0.5716,0.9332,0.6285,0,True,13.11,True,-0.3118768939681309,-0.42770216264975686,-0.848412436892289,0.11,0.0000,0.00,0.0000,0.0000,1.0000,1.0875,0,323,0,0,0.001394
461,24,25000000,24.025000000,23.76340842659902,-19.445053953276474,47.95575228510362,0.03300030862200244,-0.11789074400162435,-0.21846205586671277,0.9681358800582104,2000,0,0,0,0,0,0.0000,0.0000,0.0000,0.0000,0.0000,1,True,13.11,True,0.0,0.0,0.0,0.00,0.0000,0.00,0.0000,0.0000,1.0000,1.0586,0,2000,0,0,0.002065
462,24,58000000,24.058000000,24.749527703688294,-19.279017767667646,47.95662201000185,0.033173046233461415,-0.1177156727553449,-0.22007469667920018,0.9677859769974492,2000,2000,1384,2000,1384,0,0.6920,1.0000,2.7277,6.6629,1.6767,0,True,13.11,True,0.7932427132267909,0.5593840271606548,-0.24053171946778,0.19,0.0000,0.00,0.0000,0.0000,1.0000,6.5140,0,2000,0,0,0.002932
463,24,91000000,24.091000000,23.9616712632121,-19.892149640612068,48.014514458385364,0.03353812842017603,-0.11717631107037901,-0.22276541076193296,0.9672230755281208,1384,1383,17,1382,17,0,0.0123,0.9993,4.1389,23.8545,0.6856,0,True,13.11,True,-0.4113956020529628,-0.8751245899523459,0.25477560847188346,0.32,0.0000,0.00,0.0000,0.0000,1.0000,7.3774,0,1383,0,0,0.001168
464,24,124000000,24.124000000,23.9616712632121,-19.892149640612068,48.014514458385364,0.03353812842017603,-0.11717631107037901,-0.22276541076193296,0.9672230755281208,2000,0,0,0,0,0,0.0000,0.0000,0.0000,0.0000,0.0000,1,True,14.75,True,0.0,0.0,0.0,0.00,0.0000,0.00,0.0000,0.0000,1.0000,10.5239,0,2000,0,0,0.001669
465,24,157000000,24.157000000,24.724790652503216,-19.39470946455837,48.427069992750894,0.03425638155122935,-0.11690804993609608,-0.22720597748484428,0.9661969012464863,2000,1961,598,1879,598,0,0.3049,0.9805,11.1013,168.7706,1.9920,0,True,13.11,True,0.5355044317456492,0.8181054991392522,0.2096148750897324,0.53,0.0000,0.00,0.0000,0.0000,1.0000,16.1742,1,1961,0,0,0.003612
466,24,190000000,24.190000000,25.48843776835617,-19.24990296416934,49.05625530718103,0.034758847875028226,-0.11716574839055215,-0.23238303872264618,0.9649156093734371,598,594,593,593,593,0,0.9983,0.9933,8.5759,16.9041,0.7024,0,True,13.11,True,0.731539185724358,0.5337550182873985,0.4242122112843548,0.61,0.0000,0.00,0.0000,0.0000,1.0000,17.7840,1,594,0,0,0.002243
467,24,223000000,24.223000000,25.986643194167748,-18.462459334361284,48.693317456348964,0.03581926647834117,-0.11615856376070549,-0.2379288792290255,0.9636462092712365,593,590,589,589,589,0,0.9983,0.9949,9.8700,20.7859,0.7381,0,True,13.11,True,-0.005032733427958542,0.8757522540636232,-0.48273456588142316,0.67,0.0000,0.00,0.0000,0.0000,1.0000,25.1864,1,590,0,0,0.002714
468,24,256000000,24.256000000,26.945681763608174,-18.475087379589077,48.41032354334131,0.03639827670524546,-0.11545589656691632,-0.24513157311309738,0.9619020809125616,589,583,315,583,315,0,0.5403,0.9898,11.0850,20.7166,0.7300,0,True,13.11,True,0.7719407778108082,0.38545011634166004,-0.5055053346553774,0.86,0.0000,0.00,0.0000,0.0000,1.0000,11.1135,0,583,0,0,0.001013
469,24,289000000,24.289000000,27.432733302565232,-18.799136375398824,49.22135563069313,0.03558025472707888,-0.11678432394584679,-0.25276054033747863,0.9597955909475588,315,315,314,314,314,0,0.9968,1.0000,12.7448,21.0391,0.7993,0,True,13.11,True,0.7367429454373533,0.04404470644644061,0.6747369088632545,0.92,0.0000,0.00,0.0000,0.0000,1.0000,38.6157,1,315,0,0,0.002271
470,24,322000000,24.322000000,26.981559255698272,-19.09701605050945,50.06261045450674,0.037275994365280965,-0.11660834737334257,-0.26150335792094154,0.9574074301795498,314,312,218,312,218,0,0.6987,0.9936,13.7379,20.9354,0.7957,0,True,11.48,True,-0.0607527108807102,-0.3671000334407718,0.9281953854487907,1.06,0.0000,0.00,0.0000,0.0000,1.0000,29.1185,1,312,0,0,0.003325
471,24,355000000,24.355000000,27.214358474462376,-18.293617561281632,50.610657342326824,0.04554099162155902,-0.1227971856706892,-0.2601138322784761,0.9566544117553047,218,218,218,218,218,0,1.0000,1.0000,15.8994,22.0103,0.8632,0,True,11.48,True,-0.10295636704650564,0.8783739368061086,0.4667539112040987,1.20,0.0000,0.00,0.0000,0.0000,1.0000,37.6080,1,218,0,0,0.002833
472,24,388000000,24.388000000,27.49074080723433,-17.47322649139431,51.111228314897815,0.050837414295982895,-0.12578206081412663,-0.26349603063518684,0.9550729146638757,218,218,218,218,218,0,1.0000,1.0000,16.7288,22.8761,0.9025,0,True,11.48,True,-0.08106967265490866,0.916026767059158,0.39283924219300326,0.82,0.0000,0.00,0.0000,0.0000,1.0000,33.5408,1,218,0,0,0.001680
473,24,421000000,24.421000000,27.752237339195034,-16.726079688921452,51.722285774820456,0.05976354185074458,-0.1337542261435938,-0.2626551646915725,0.9537035128985453,218,218,218,218,218,0,1.0000,1.0000,17.4274,23.5413,0.8913,0,True,11.48,True,-0.03825213723607783,0.867649472848903,0.4957026994700486,1.38,0.0000,0.00,0.0000,0.0000,1.0000,36.6530,1,218,0,0,0.001504
474,24,454000000,24.454000000,28.013954668895863,-15.951135089585733,52.29758127045263,0.06922497490406711,-0.14156036930958316,-0.26088036733219727,0.9524232245336541,218,218,218,218,218,0,1.0000,1.0000,18.0246,24.0024,0.9321,0,True,11.48,True,-0.05567607230835363,0.8954208232717455,0.44172584735745785,1.43,0.0000,0.00,0.0000,0.0000,1.0000,38.6726,1,218,0,0,0.003698
475,24,487000000,24.487000000,28.251639578802088,-15.204651165372454,52.919085602291126,0.08166084082953681,-0.15359662055367038,-0.2548229158239184,0.9512123142603343,218,218,218,218,218,0,1.0000,1.0000,18.5127,24.3144,0.9660,0,True,9.84,True,-0.044638962366012086,0.8790343717687681,0.4746640246405587,2.11,0.0000,0.00,0.0000,0.0000,1.0000,42.4941,1,218,0,0,0.002423
476,24,520000000,24.520000000,28.50990151355205,-14.509694307530907,53.59015619380756,0.09081991671613751,-0.16260693850475555,-0.2550330663730406,0.948824989834347,218,218,218,218,218,0,1.0000,1.0000,18.9248,24.4369,0.9668,0,True,9.84,True,0.026362370763281497,0.8709410339809729,0.4906798760249837,1.50,0.0000,0.00,0.0000,0.0000,1.0000,46.9823,1,218,0,0,0.002552
477,24,553000000,24.553000000,28.752395699047373,-13.792322422881195,54.24328263571225,0.09911139665192117,-0.16993031472905631,-0.25650862369342076,0.946310702232991,218,218,218,218,218,0,1.0000,1.0000,19.2813,24.5502,0.9837,0,True,9.84,True,0.0010364044559597787,0.889148579510526,0.45761744877158905,1.31,0.0000,0.00,0.0000,0.0000,1.0000,30.8787,1,218,0,0,0.001619
478,24,586000000,24.586000000,29.02038711359901,-13.120679617768616,54.93398991384613,0.10856992175913678,-0.17988388514745446,-0.2563596056416858,0.9434691900368086,218,218,218,218,218,0,1.0000,1.0000,19.5626,24.4885,0.9928,0,True,9.84,True,0.05558109236939183,0.8809166676953781,0.46999634758952763,1.61,0.0000,0.00,0.0000,0.0000,1.0000,63.9216,1,218,0,0,0.003212
479,24,619000000,24.619000000,29.690823805319216,-12.392210470763898,55.07487051668938,0.11139722132404074,-0.17776284129159084,-0.2701778568212305,0.9396781135158518,218,218,218,218,218,0,1.0000,1.0000,19.8005,24.3706,1.0275,0,True,9.84,True,0.19806289165608806,0.955526439237088,-0.21849557173480694,1.69,0.0000,0.00,0.0000,0.0000,1.0000,53.5556,1,218,0,0,0.002575
480,24,652000000,24.652000000,30.019248909443558,-11.727092427930094,55.74550822818334,0.11856344696162326,-0.18388578339529127,-0.27443820914320277,0.9363826125425174,218,218,218,218,218,0,1.0000,1.0000,19.9925,24.1547,1.0708,0,True,9.84,True,0.07933704779658203,0.9100824328440397,0.4067623363533023,1.24,0.0000,0.00,0.0000,0.0000,1.0000,61.4598,1,218,0,0,0.002847
481,24,685000000,24.685000000,30.216120370455563,-11.041222622534619,55.04491973421149,0.1217776941784301,-0.17669300004080604,-0.2863068973858283,0.9337976962096584,218,218,218,218,218,0,1.0000,1.0000,20.1481,23.9382,1.1420,0,True,9.84,True,-0.42418629790945334,0.42960124488710627,-0.7971880299260149,1.66,0.0000,0.00,0.0000,0.0000,1.0000,42.5682,1,218,0,0,0.001913
482,24,718000000,24.718000000,30.42357895497919,-12.007980979591142,54.89545664589596,0.12362910449978205,-0.17423775169793917,-0.30367912745051123,0.9285128097957105,218,218,218,218,218,0,1.0000,1.0000,20.2701,23.6144,1.1410,0,True,9.84,True,0.6801290254235741,-0.7267046044674549,-0.09656565964243716,2.11,0.0000,0.00,0.0000,0.0000,1.0000,68.1748,1,218,0,0,0.002985
483,24,751000000,24.751000000,31.350302268616808,-12.298061650180522,54.65663222396444,0.12611224855352457,-0.1715578363763434,-0.3195199462678229,0.923347504182282,218,217,192,217,192,0,0.8848,0.9954,20.3680,23.2937,1.1682,0,True,8.20,True,0.8162710964043355,0.17487769485495644,-0.5505627021666842,1.95,0.0000,0.00,0.0000,0.0000,1.0000,42.3039,1,217,0,0,0.001807
484,24,784000000,24.784000000,31.855814816117658,-11.725137086908026,55.30177911353164,0.1296970825366319,-0.1699764576340882,-0.3332482682223926,0.9182767896219687,192,191,191,191,191,0,1.0000,0.9948,20.3154,22.7905,1.2287,0,True,8.20,True,0.16208813603912217,0.9351017951933585,0.3151381741102167,1.74,0.0000,0.00,0.0000,0.0000,1.0000,63.7879,1,191,0,0,0.002672
485,24,817000000,24.817000000,32.7872350342826,-12.067892318267853,55.17940579712224,0.13237898971322765,-0.16724975988025112,-0.3494595760421268,0.9123493440645204,191,189,143,189,143,0,0.7566,0.9895,20.3963,24.3832,1.2454,0,True,8.20,True,0.8679875753357317,0.23088099597278186,-0.43964933158303965,2.03,0.0000,0.00,0.0000,0.0000,1.0000,60.2910,1,189,0,0,0.002055
486,24,850000000,24.850000000,32.980460971511135,-12.51224999916355,54.304642978633055,0.13066025267153322,-0.16148035647220962,-0.36605156743852907,0.9071153415201482,143,140,140,140,140,0,1.0000,0.9790,20.5149,22.9139,1.0610,0,True,8.20,True,0.25222104730666317,-0.5191510821559342,-0.8166190649206351,2.11,0.0000,0.00,0.0000,0.0000,1.0000,34.2837,1,140,0,0,0.001231
487,24,883000000,24.883000000,33.06049748367403,-11.951327092116514,53.4806529003732,0.13751794379349738,-0.1485407736429468,-0.37927414265824794,0.9028707429146291,140,140,140,140,140,0,1.0000,1.0000,20.6014,23.6802,1.0346,0,True,8.20,True,-0.504344286595076,0.14848792773297814,-0.8506398626307551,2.31,0.0000,0.00,0.0000,0.0000,1.0000,90.0341,1,140,0,0,0.004184
488,24,916000000,24.916000000,32.392741080464845,-12.543599796845609,53.029748887077666,0.13576294878852926,-0.1404919790744739,-0.4053484433762539,0.8930414688044608,140,140,140,140,140,0,1.0000,1.0000,20.6949,25.4116,1.1145,0,True,8.20,True,-0.09025866988969503,-0.9922975937444366,-0.08484608393287382,3.33,0.0000,0.00,0.0000,0.0000,1.0000,64.0500,1,140,0,0,0.002532
489,24,949000000,24.949000000,33.12033303393741,-13.124419352294103,52.66470287182674,0.13791181512041728,-0.13753334488829003,-0.4214360772980077,0.885695513732399,140,139,133,139,133,0,0.9568,0.9929,20.7212,25.5937,1.1452,0,True,8.20,True,0.8510107467944329,0.00037267554181410215,-0.5251481409595984,2.07,0.0000,0.00,0.0000,0.0000,1.0000,62.0902,1,139,0,0,0.002437
490,24,982000000,24.982000000,33.93082173284108,-12.667466709699145,53.03117572399307,0.14116694887919087,-0.13621322320731652,-0.43398076916328615,0.8793057160988186,133,131,131,131,131,0,1.0000,0.9850,20.7251,25.3530,1.0634,0,True,6.56,True,0.18014814726660502,0.9835703761777016,-0.011660194769549605,1.66,0.0000,0.00,0.0000,0.0000,1.0000,40.9372,1,131,0,0,0.001602
491,25,15000000,25.015000000,33.53871275237035,-12.013650518852202,53.67830394623392,0.14306346816009877,-0.13311934979584905,-0.44967929070923873,0.8715506974899228,131,130,25,130,25,0,0.1923,0.9924,20.7384,25.7484,1.1478,0,True,6.56,True,-0.6782724695865503,0.33446279238510235,0.6542790669973493,2.05,0.0000,0.00,0.0000,0.0000,1.0000,80.2645,1,130,0,0,0.003139
492,25,48000000,25.048000000,33.53871275237035,-12.013650518852202,53.67830394623392,0.14306346816009877,-0.13311934979584905,-0.44967929070923873,0.8715506974899228,2000,0,0,0,0,0,0.0000,0.0000,0.0000,0.0000,0.0000,1,True,8.20,True,0.0,0.0,0.0,0.00,0.0000,0.00,0.0000,0.0000,1.0000,58.9385,1,2000,0,0,0.001525
493,25,81000000,25.081000000,34.36440330194732,-12.55267495646946,53.844700376456075,0.14452735821336987,-0.130374793534935,-0.4645171192049998,0.863908618954618,2000,1974,868,1815,868,0,0.4397,0.9870,29.4392,616.1830,4.1122,0,True,8.20,True,0.9227378883367788,0.37820700079026215,-0.07425802300773386,1.95,0.0000,0.00,0.0000,0.0000,1.0000,58.5431,1,1974,0,0,0.001954
494,25,114000000,25.114000000,35.15715764289611,-13.154660225495002,53.74902231845377,0.1463812449650851,-0.12761967347920522,-0.47923066463130176,0.8559344134573476,868,861,355,854,355,0,0.4123,0.9919,22.4693,238.9093,1.3053,0,True,8.20,True,0.9208234000048613,0.25386025975428095,-0.29603924490002387,1.96,0.0000,0.00,0.0000,0.0000,1.0000,49.8804,1,861,0,0,0.003152
495,25,147000000,25.147000000,35.77778342881156,-13.409521413791488,54.490554117203445,0.14779520196727344,-0.1256260427097385,-0.4929622057096825,0.8481526627974404,355,354,350,351,350,0,0.9887,0.9972,21.4535,145.6430,1.2234,0,True,8.20,True,0.5919102532224634,0.6356059570700403,0.4956282068922201,1.83,0.0000,0.00,0.0000,0.0000,1.0000,18.7144,1,354,0,0,0.000756
496,25,180000000,25.180000000,36.23947998492765,-13.195878543607643,55.35147979000578,0.14931314980471794,-0.12322880434878472,-0.5068865084580516,0.8399918527089226,350,346,119,346,119,0,0.3439,0.9886,20.1986,33.4717,1.0724,0,True,6.56,True,0.0941573345008356,0.7918781753845748,0.6033766250935599,1.88,0.0000,0.00,0.0000,0.0000,1.0000,56.6930,1,346,0,0,0.001736
497,25,213000000,25.213000000,36.80908684425334,-13.805530636161256,54.800233609198955,0.1509675518198602,-0.12042909532205828,-0.5198334504833967,0.8321531199580726,119,115,102,114,102,0,0.8870,0.9664,20.6977,34.5565,1.1237,0,True,6.56,True,0.7705172912182432,-0.01223554693076774,-0.6373016517513553,1.77,0.0000,0.00,0.0000,0.0000,1.0000,98.1633,1,115,0,0,0.004728
498,25,246000000,25.246000000,37.24061336721976,-14.47313631655521,54.19353144546271,0.15226785262205172,-0.11747323830727795,-0.5323638658798463,0.8243805272111513,102,100,39,100,39,0,0.3900,0.9804,20.3545,35.5653,1.2325,0,True,6.56,True,0.7612755384742352,-0.1471159313737883,-0.6315191661832488,1.73,0.0000,0.00,0.0000,0.0000,1.0000,33.7065,1,100,0,0,0.001477
499,25,279000000,25.279000000,37.24061336721976,-14.47313631655521,54.19353144546271,0.15226785262205172,-0.11747323830727795,-0.5323638658798463,0.8243805272111513,2000,0,0,0,0,0,0.0000,0.0000,0.0000,0.0000,0.0000,1,True,8.20,True,0.0,0.0,0.0,0.00,0.0000,0.00,0.0000,0.0000,1.0000,68.9946,1,2000,0,0,0.003131
500,25,312000000,25.312000000,38.03763173213431,-14.934285043861765,54.58353603170816,0.15367599293183473,-0.11541952771591515,-0.5436443580204416,0.8170145860453114,2000,1994,1077,1911,1077,0,0.5401,0.9970,20.4082,321.0847,2.5916,0,True,8.20,True,0.7568284060925676,0.6393796317970497,0.13566300223145775,1.57,0.0000,0.00,0.0000,0.0000,1.0000,20.9908,1,1994,0,0,0.000989
501,25,345000000,25.345000000,38.6208214720251,-15.654197335842536,54.207216992671995,0.15495242528158848,-0.11315566419929224,-0.5544006421248426,0.8098305190411959,1077,1071,611,1069,611,0,0.5705,0.9944,18.3192,42.5461,1.1713,0,True,8.20,True,0.8798936691094548,0.09528331018635597,-0.465519303424715,1.51,0.0000,0.00,0.0000,0.0000,1.0000,53.0972,1,1071,0,0,0.002601
502,25,378000000,25.378000000,38.99441882809528,-16.550976722269674,53.97012682497892,0.15620297126868124,-0.11091410611342387,-0.5648124966440177,0.8026739913979071,611,608,385,608,385,0,0.6332,0.9951,17.4676,33.2483,1.1376,0,True,8.20,True,0.9683575736669027,-0.0693295663661857,-0.2397436563278075,1.48,0.0000,0.00,0.0000,0.0000,1.0000,57.6167,1,608,0,0,0.003017
503,25,411000000,25.411000000,39.54226307316999,-17.29010537989266,53.57826522872463,0.15672725482199315,-0.10889958965865847,-0.5741927418275183,0.7961659011793552,385,383,377,383,377,0,0.9843,0.9948,16.4488,25.7783,1.1198,0,True,8.20,True,0.879991344295684,0.09892202617831415,-0.46457471595153793,1.33,0.0000,0.00,0.0000,0.0000,1.0000,44.0960,1,383,0,0,0.002487
504,25,444000000,25.444000000,39.28661590164403,-18.10124361077594,54.104287370929974,0.15636172731514503,-0.11115721533473538,-0.585357042065753,0.7877513675101324,377,377,377,377,377,0,1.0000,1.0000,14.9379,22.9724,1.0838,0,True,8.20,True,0.6848442773521918,-0.26438374430923,0.6790357512848538,1.62,0.0000,0.00,0.0000,0.0000,1.0000,26.3718,1,377,0,0,0.001581
505,25,477000000,25.477000000,39.735287083582,-17.930850476509633,53.2269844869194,0.15750785209142143,-0.10870614720561877,-0.5928158587062284,0.7822682453964588,377,377,377,377,377,0,1.0000,1.0000,13.4793,20.3738,1.0372,0,True,8.20,True,-0.025995490576067235,0.11318711815901138,-0.9932335630417286,1.11,0.0000,0.00,0.0000,0.0000,1.0000,49.2488,1,377,0,0,0.003222
506,25,510000000,25.510000000,40.69028760574253,-17.664547492170787,53.09638309640104,0.16240224315842003,-0.10986148812250986,-0.5995047369835333,0.7759832699091684,377,377,352,377,352,0,0.9337,1.0000,12.0600,17.8948,1.0399,0,True,8.20,True,0.007263872167862872,0.8699420129543904,-0.49310052753773465,1.20,0.0000,0.00,0.0000,0.0000,1.0000,32.6507,1,377,0,0,0.002383
507,25,543000000,25.543000000,40.715589045750285,-17.156614769818802,52.235358017383234,0.1669698189788936,-0.09904310666336318,-0.6050355403092623,0.7721680759622896,352,352,352,352,352,0,1.0000,1.0000,10.4455,15.3959,0.9547,0,True,8.20,True,-0.46335301294793857,-0.19176408338238726,-0.8651765841240621,1.55,0.0000,0.00,0.0000,0.0000,1.0000,28.9216,1,352,0,0,0.002351
508,25,576000000,25.576000000,40.274492207997916,-17.230306140761865,51.340929059011806,0.1677590834073197,-0.08973380076427286,-0.6149044425739084,0.7653086053596971,352,352,352,352,352,0,1.0000,1.0000,9.1375,13.2727,0.9263,0,True,8.20,True,0.005699936202883379,-0.7510245003627277,-0.6602497334964993,1.74,0.0000,0.00,0.0000,0.0000,1.0000,23.3999,1,352,0,0,0.002128
509,25,609000000,25.609000000,40.990780951622725,-17.787767457945566,50.92120615565746,0.16827665046547693,-0.08859774008254775,-0.6196374106163216,0.7615004193860205,352,352,108,352,108,0,0.3068,1.0000,7.8489,11.3084,0.9103,0,True,8.20,True,0.7334876798927873,0.3939771157325792,-0.5538753070182258,0.71,0.0000,0.00,0.0000,0.0000,1.0000,21.4892,1,352,0,0,0.002215
510,25,642000000,25.642000000,40.23511947284547,-18.43261475298228,50.806542754452025,0.1655494107101123,-0.08757810661966664,-0.6292621162529833,0.754289504701786,108,108,108,108,108,0,1.0000,1.0000,7.1955,8.5705,1.2894,0,True,6.56,True,0.47269066800900295,-0.8457161172282222,0.24764446579243943,1.42,0.0000,0.00,0.0000,0.0000,1.0000,18.9906,1,108,0,0,0.002266
511,25,675000000,25.675000000,40.773176339221415,-17.60120300897748,50.66780083405093,0.16779233677812821,-0.08593872910460978,-0.6309314917757538,0.7525860211590709,108,108,108,108,108,0,1.0000,1.0000,5.8220,6.8457,1.2299,0,True,6.56,True,-0.699090906138902,0.5726386314531444,-0.42820194151983804,0.42,0.0000,0.00,0.0000,0.0000,1.0000,19.0310,1,108,0,0,0.002755
512,25,708000000,25.708000000,41.25496085180352,-18.38113562482964,50.26831516701639,0.16813935355487422,-0.08538272305747531,-0.6335540933311063,0.7503653504879069,108,108,72,108,72,0,0.6667,1.0000,4.4827,5.2718,1.1721,0,True,6.56,True,0.887168971496536,0.18435003658910348,-0.4230204250664199,0.40,0.0000,0.00,0.0000,0.0000,1.0000,10.3995,0,108,0,0,0.001832
513,25,741000000,25.741000000,41.25496085180352,-18.38113562482964,50.26831516701639,0.16813935355487422,-0.08538272305747531,-0.6335540933311063,0.7503653504879069,2000,0,0,0,0,0,0.0000,0.0000,0.0000,0.0000,0.0000,1,True,8.20,True,0.0,0.0,0.0,0.00,0.0000,0.00,0.0000,0.0000,1.0000,10.4138,0,2000,0,0,0.002348
514,25,774000000,25.774000000,41.183127601002276,-19.358756560879243,50.46604551237795,0.16803959086503237,-0.085426787073218,-0.6348049122901722,0.7493248182761107,2000,1960,1633,1865,1633,0,0.8332,0.9800,6.2640,246.5968,2.8578,0,True,8.20,True,0.927676421477572,-0.13247869937586268,0.3490928977310278,0.19,0.0000,0.00,0.0000,0.0000,1.0000,9.7094,0,1960,0,0,0.003350
515,25,807000000,25.807000000,41.22357270163687,-20.261855173394462,50.03852113891166,0.16844739761333943,-0.08538591797457198,-0.6352225175015335,0.7488838845294692,1633,1632,279,1627,279,0,0.1710,0.9994,1.0724,91.0613,0.8750,0,True,8.20,True,0.9288253170591706,-0.2409570186575076,-0.2814662422913566,0.08,0.0000,0.00,0.0000,0.0000,1.0000,2.7200,0,1632,0,0,0.001647
516,25,840000000,25.840000000,40.63893781242091,-21.033739343577313,49.78872747579633,0.16846870807659806,-0.08543034698044583,-0.6352257576905705,0.7488712753072073,279,279,171,279,171,0,0.6129,1.0000,0.3627,1.6681,0.9748,0,True,8.20,True,0.6737970996473491,-0.7346902337368354,0.07891596136735794,0.01,0.0000,0.00,0.0000,0.0000,1.0000,1.1454,0,279,0,0,0.003612
517,25,873000000,25.873000000,40.455996327859694,-21.72683804711886,49.09148533681191,0.16871591619452245,-0.08557432647949811,-0.6343572727747034,0.7495350723935896,171,171,150,171,150,0,0.8772,1.0000,1.9123,2.9310,0.5820,0,True,8.20,True,0.7067525577935875,-0.5147998737816015,-0.4852647854591029,0.13,0.0000,0.00,0.0000,0.0000,1.0000,3.0787,0,171,0,0,0.002677
518,25,906000000,25.906000000,40.315784103501365,-22.473405556088778,49.74185253055012,0.16510008573737478,-0.08873384567247995,-0.6327498101786506,0.7513294510669508,150,150,150,150,150,0,1.0000,1.0000,3.5822,4.9421,1.0832,0,True,8.20,True,0.6504073456123962,0.002599185962545198,0.7595811536667885,0.62,0.0000,0.00,0.0000,0.0000,1.0000,4.1603,0,150,0,0,0.001935
519,25,939000000,25.939000000,40.12574806938467,-23.261566049412604,49.15645579114961,0.16519124142674815,-0.08935745600689407,-0.6304935284062925,0.7531301411108504,150,150,124,150,124,0,0.8267,1.0000,5.2303,7.3975,0.9960,0,True,8.20,True,0.7818630101168217,-0.5001636640325969,-0.3721915401947635,0.34,0.0000,0.00,0.0000,0.0000,1.0000,7.4782,0,150,0,0,0.002397
520,25,972000000,25.972000000,40.06415311551528,-23.834258366543576,48.33900269062519,0.16548744464173698,-0.09018228157217319,-0.6275650627342306,0.7554092624476921,124,124,97,124,97,0,0.7823,1.0000,7.0365,9.7325,0.9001,0,True,8.20,True,0.6093983383499059,-0.4383077051745771,-0.6606966178216517,0.44,0.0000,0.00,0.0000,0.0000,1.0000,15.4344,1,124,0,0,0.003573
521,26,5000000,26.005000000,40.06415311551528,-23.834258366543576,48.33900269062519,0.16548744464173698,-0.09018228157217319,-0.6275650627342306,0.7554092624476921,2000,0,0,0,0,0,0.0000,0.0000,0.0000,0.0000,0.0000,1,True,9.84,True,0.0,0.0,0.0,0.00,0.0000,0.00,0.0000,0.0000,1.0000,16.0056,1,2000,0,0,0.002887
522,26,38000000,26.038000000,40.12946829785347,-24.815653576770675,48.158455277740295,0.16553071337898037,-0.09137315637777298,-0.6231414600424184,0.7589105678523734,2000,1992,678,1893,678,0,0.3404,0.9960,15.4119,726.0890,2.8932,0,True,8.20,True,0.9854971607427748,-0.16021955595804632,-0.055902057712897954,0.66,0.0000,0.00,0.0000,0.0000,1.0000,14.4899,0,1992,0,0,0.002247
523,26,71000000,26.071000000,40.35200114831996,-24.703725878771916,47.18997640812881,0.1665641676924884,-0.09249170163208835,-0.618108468296579,0.7626556133604252,678,676,439,674,439,0,0.6494,0.9971,9.5685,19.0077,1.0753,0,True,8.20,True,0.0022254833432620563,-0.1310002328639132,-0.9913798395234237,0.74,0.0000,0.00,0.0000,0.0000,1.0000,27.1377,1,676,0,0,0.003627
524,26,104000000,26.104000000,41.058051343888664,-23.996136742068362,47.218449816012274,0.16660858971750853,-0.09386077373850422,-0.6122682400245519,0.767176208730947,439,439,96,439,96,0,0.2187,1.0000,9.8586,17.8679,1.1071,0,True,8.20,True,-0.5363027425698128,0.7820514150310941,-0.3174507088666846,0.86,0.0000,0.00,0.0000,0.0000,1.0000,21.6397,1,439,0,0,0.002566
525,26,137000000,26.137000000,41.058051343888664,-23.996136742068362,47.218449816012274,0.16660858971750853,-0.09386077373850422,-0.6122682400245519,0.767176208730947,2000,0,0,0,0,0,0.0000,0.0000,0.0000,0.0000,0.0000,1,True,8.20,True,0.0,0.0,0.0,0.00,0.0000,0.00,0.0000,0.0000,1.0000,8.2176,0,2000,0,0,0.000913
526,26,170000000,26.170000000,40.634331515088675,-24.814528181331138,46.83025275416982,0.16596242160988725,-0.09529499529357455,-0.6056157850444572,0.7724020063350207,2000,1933,1514,1830,1514,0,0.7832,0.9665,17.4973,603.8653,2.7194,0,True,8.20,True,0.7191424253048726,-0.6880323335411225,-0.09718888891526176,0.99,0.0000,0.00,0.0000,0.0000,1.0000,52.5947,1,1933,0,0,0.005331
527,26,203000000,26.203000000,39.683601506424324,-25.086324017838002,46.68112370306773,0.1642998691295591,-0.09612578167400154,-0.6004803878445852,0.7766522329302792,1514,1504,1502,1503,1502,0,0.9987,0.9934,13.5363,27.5873,1.1998,0,True,8.20,True,0.03483877173815142,-0.9722872103782929,0.23117923894367015,0.79,0.0000,0.00,0.0000,0.0000,1.0000,26.6159,1,1504,0,0,0.001788
528,26,236000000,26.236000000,39.75496844828854,-24.7995867882416,45.72577637315452,0.1657161933516271,-0.09754654331074883,-0.592500274495152,0.7822827109634598,1502,1488,1284,1483,1284,0,0.8629,0.9907,14.5268,31.3825,1.2674,0,True,8.20,True,-0.21206215208463702,-0.22531363251423292,-0.9509276579511575,1.14,0.0000,0.00,0.0000,0.0000,1.0000,32.5018,1,1488,0,0,0.003456
529,26,269000000,26.269000000,38.93303687211597,-25.362131811840932,45.63649266515522,0.16500941865163368,-0.09939453894019099,-0.5841829229884854,0.7884306753759307,1284,1281,1255,1276,1255,0,0.9797,0.9977,14.4349,25.2269,1.2336,0,True,8.20,True,0.31437539835397865,-0.9055091045638362,0.28499363231794683,1.21,0.0000,0.00,0.0000,0.0000,1.0000,16.9331,1,1281,0,0,0.001403
530,26,302000000,26.302000000,39.18289171075353,-25.30768362312804,44.66974142809613,0.16602319854594952,-0.10117537321747638,-0.5748929940394776,0.7947942418029976,1255,1253,1109,1253,1109,0,0.8851,0.9984,15.2804,25.5158,1.2244,0,True,8.20,True,0.05730096787488044,-0.1275292732093673,-0.9901782079783883,1.31,0.0000,0.00,0.0000,0.0000,1.0000,17.3353,1,1253,0,0,0.001397
531,26,335000000,26.335000000,39.86928625898391,-25.939407381793153,44.309480943311,0.16570509026047298,-0.10326273218724871,-0.5645234144554881,0.8019924848366787,1109,1107,657,1107,657,0,0.5935,0.9982,15.6811,25.7015,1.1861,0,True,8.20,True,0.8279826438646135,0.2878861461588982,-0.4812133708748562,1.47,0.0000,0.00,0.0000,0.0000,1.0000,90.6795,1,1107,0,0,0.006777
532,26,368000000,26.368000000,39.71066732336933,-26.884748457167063,44.024576951630664,0.16492026957483513,-0.10551136888510675,-0.5541185579139032,0.8090866946716965,657,656,556,655,556,0,0.8476,0.9985,16.1522,25.7478,1.2248,0,True,8.20,True,0.8403223728438088,-0.5380309648711158,-0.06618905149650411,1.47,0.0000,0.00,0.0000,0.0000,1.0000,28.7677,1,656,0,0,0.002004
533,26,401000000,26.401000000,40.449456297920875,-27.551058072283034,44.12568257899669,0.1641918748501587,-0.10803836261129782,-0.542697438492547,0.8166077581624411,556,556,550,556,550,0,0.9892,1.0000,16.5757,25.7069,1.2173,0,True,8.20,True,0.8880783463441877,0.4546487611320867,-0.06790695660704918,1.60,0.0000,0.00,0.0000,0.0000,1.0000,54.2951,1,556,0,0,0.003628
534,26,434000000,26.434000000,40.826603916360014,-27.689824338766144,43.20998415855904,0.1648286969854476,-0.11033528103721732,-0.5311724619133266,0.8237192738508996,550,550,448,550,448,0,0.8145,1.0000,17.2440,25.5154,1.2291,0,True,8.20,True,0.27571981672199264,-0.08157704925437811,-0.9577702061046478,1.58,0.0000,0.00,0.0000,0.0000,1.0000,16.1775,1,550,0,0,0.001047
535,26,467000000,26.467000000,41.209488093885824,-28.48376009737613,42.737685822969375,0.1638348866150233,-0.11271340708154731,-0.5188686448159998,0.8314019167759475,448,448,327,448,327,0,0.7299,1.0000,17.5072,25.3384,1.1929,0,True,8.20,True,0.8779867699664056,-0.16527191756926884,-0.4492487340293067,1.69,0.0000,0.00,0.0000,0.0000,1.0000,21.0664,1,448,0,0,0.001341
536,26,500000000,26.500000000,41.819854801041785,-29.146595780861386,42.30397930988222,0.16313462850264843,-0.11518907952588317,-0.5059292297144729,0.8391389536076864,327,327,188,327,188,0,0.5749,1.0000,18.2238,25.0125,1.0761,0,True,8.20,True,0.8550185003553114,0.06483700616666818,-0.5145284507988823,1.75,0.0000,0.00,0.0000,0.0000,1.0000,93.1388,1,327,0,0,0.005678
537,26,533000000,26.533000000,41.3775307742502,-29.48478912070671,41.47333214037694,0.16255262564822692,-0.11479774785628495,-0.49537703784224074,0.8455765555883389,188,188,188,188,188,0,1.0000,1.0000,18.6718,24.6998,1.1445,0,True,8.20,True,0.07225318474996818,-0.8302460077267408,-0.5526943494801584,1.42,0.0000,0.00,0.0000,0.0000,1.0000,63.3773,1,188,0,0,0.003669
538,26,566000000,26.566000000,42.06884885276036,-30.093982564941747,41.084793002289075,0.16155657706477183,-0.11739384668391793,-0.4814966697338592,0.8533927080793872,188,188,151,188,151,0,0.8032,1.0000,18.9557,24.3139,1.1208,0,True,8.20,True,0.8540360142457063,0.12434628412747625,-0.5051341287173107,1.85,0.0000,0.00,0.0000,0.0000,1.0000,45.6726,1,188,0,0,0.002565
539,26,599000000,26.599000000,42.432642057566255,-30.922358066211043,40.65882524173214,0.15996875984106385,-0.11982411476206928,-0.4672897332143651,0.86121570040777,151,151,135,151,135,0,0.8940,1.0000,19.3875,23.9106,1.1021,0,True,8.20,True,0.8781948721616956,-0.2814764584349007,-0.3867101884562245,1.89,0.0000,0.00,0.0000,0.0000,1.0000,71.7218,1,151,0,0,0.003916
540,26,632000000,26.632000000,43.327346969568104,-30.490519789397954,40.77292529922059,0.16085347952108703,-0.123504804227692,-0.4480737995020427,0.8706908703199099,135,135,135,135,135,0,1.0000,1.0000,19.7273,23.6331,1.1266,0,True,8.20,True,0.12063785065516902,0.951186302455146,-0.2840618365972606,2.49,0.0000,0.00,0.0000,0.0000,1.0000,26.2943,1,135,0,0,0.001406
541,26,665000000,26.665000000,42.72390286629611,-31.259417016819018,40.56161446681852,0.15618045397149827,-0.12526150682290585,-0.4388125210553718,0.8759913196320731,135,135,135,135,135,0,1.0000,1.0000,19.9302,24.9181,1.1321,0,True,8.20,True,0.27278155095892725,-0.949814253330905,0.15311142878928957,1.35,0.0000,0.00,0.0000,0.0000,1.0000,60.2956,1,135,0,0,0.003173
542,26,698000000,26.698000000,43.57183925959199,-31.660695241039544,40.21523366525644,0.1547372387721137,-0.12783474720747018,-0.4233897933619157,0.8834340650102521,135,135,55,135,55,0,0.4074,1.0000,20.1382,26.3104,1.0602,0,True,8.20,True,0.7904387164064699,0.2586878603016851,-0.5552361898671843,1.99,0.0000,0.00,0.0000,0.0000,1.0000,74.0073,1,135,0,0,0.002593
543,26,731000000,26.731000000,43.57183925959199,-31.660695241039544,40.21523366525644,0.1547372387721137,-0.12783474720747018,-0.4233897933619157,0.8834340650102521,2000,0,0,0,0,0,0.0000,0.0000,0.0000,0.0000,0.0000,1,True,9.84,True,0.0,0.0,0.0,0.00,0.0000,0.00,0.0000,0.0000,1.0000,56.7558,1,2000,0,0,0.002871
544,26,764000000,26.764000000,43.69601677858085,-32.63980730204081,40.05423827470247,0.1529543196863399,-0.13053675412685475,-0.4080726986241192,0.8905289464969361,2000,1910,1399,1679,1399,0,0.7325,0.9550,33.9702,478.7912,4.6847,0,True,9.84,True,0.8315139454191046,-0.5546582530612574,-0.03063953140288772,1.97,0.0000,0.00,0.0000,0.0000,1.0000,73.2381,1,1910,0,0,0.003466
545,26,797000000,26.797000000,44.66003229091698,-32.85660089680368,39.900372653964496,0.1516843690096855,-0.13334006388116865,-0.3916465825949196,0.8976776893206271,1399,1345,994,1296,994,0,0.7390,0.9614,25.5737,171.5798,2.2040,0,True,9.84,True,0.7597576596190889,0.46939620196056875,-0.4499283323320697,2.08,0.0000,0.00,0.0000,0.0000,1.0000,39.1920,1,1345,0,0,0.003083
546,26,830000000,26.830000000,44.48358320304079,-33.77720092904035,40.24874214176945,0.14965608376838294,-0.13663546231541765,-0.3765786551182181,0.9039481863128644,994,985,984,984,984,0,0.9990,0.9909,22.9732,43.7950,1.3058,0,True,9.84,True,0.6105160147791134,-0.581497103369469,0.53770932154013,1.92,0.0000,0.00,0.0000,0.0000,1.0000,71.8474,1,985,0,0,0.002879
547,26,863000000,26.863000000,45.060480098699685,-33.569119127427214,39.458873839065426,0.14892546224437225,-0.13895854270633948,-0.36057830105983224,0.9102170174793676,984,977,514,974,514,0,0.5261,0.9929,23.1378,41.2071,1.3908,0,True,9.84,True,0.13547434543076597,0.2139185847417362,-0.9674117741852215,1.99,0.0000,0.00,0.0000,0.0000,1.0000,58.5517,1,977,0,0,0.002528
548,26,896000000,26.896000000,45.086900743798545,-34.54617641357715,39.247542324392676,0.14664247554902357,-0.1413906447450879,-0.3451284102807652,0.9161828694974024,514,514,513,514,513,0,0.9981,1.0000,21.0866,31.7613,1.1376,0,True,9.84,True,0.669555877602068,-0.7418721921393822,-0.03633974819439675,1.94,0.0000,0.00,0.0000,0.0000,1.0000,67.3914,1,514,0,0,0.004518
549,26,929000000,26.929000000,45.91394040215285,-34.69951434285378,38.70671621282415,0.14511898324228986,-0.14369209142546652,-0.32907083592761405,0.9219574005920234,513,513,312,513,312,0,0.6082,1.0000,20.7309,29.8208,1.1270,0,True,9.84,True,0.6149048284222496,0.18040793565694244,-0.7676881064175767,1.98,0.0000,0.00,0.0000,0.0000,1.0000,58.7873,1,513,0,0,0.002874
550,26,962000000,26.962000000,46.6141834543306,-35.33551717465756,38.38243228504733,0.14316336823916367,-0.14601130548611796,-0.31350747899292913,0.9273068582083037,312,312,199,312,199,0,0.6378,1.0000,20.6699,28.0918,1.2168,0,True,9.84,True,0.8771596854245051,-0.19322525049432263,-0.439607653297107,1.92,0.0000,0.00,0.0000,0.0000,1.0000,41.3327,1,312,0,0,0.002029
551,26,995000000,26.995000000,47.43181517492003,-35.08497269456802,38.900800718675995,0.14221225048847064,-0.15063644404637694,-0.29534666658760805,0.9326600045416633,199,199,199,199,199,0,1.0000,1.0000,19.0037,22.0040,1.1916,0,True,9.84,True,0.5597338294065325,0.8173317420696723,0.13662673099819644,2.24,0.0000,0.00,0.0000,0.0000,1.0000,69.8663,1,199,0,0,0.003463
552,27,28000000,27.028000000,48.35502109377118,-35.43580902342882,38.74394185934796,0.1406497749100743,-0.15298033464842653,-0.2797920418258118,0.9372998833668679,199,199,146,199,146,0,0.7337,1.0000,18.7242,22.2977,1.1783,0,True,9.84,True,0.8976610684441729,0.13804821323880898,-0.4185060298505122,1.89,0.0000,0.00,0.0000,0.0000,1.0000,41.5216,1,199,0,0,0.001455
553,27,61000000,27.061000000,48.250997024558785,-36.41895293168753,38.593585453836674,0.13838130450720773,-0.15519849275779854,-0.26560796664400055,0.9413907002216617,146,146,146,146,146,0,1.0000,1.0000,18.0642,21.4026,1.1335,0,True,8.20,True,0.44381178013064165,-0.8929165512575348,0.07570426875428919,1.73,0.0000,0.00,0.0000,0.0000,1.0000,68.8569,1,146,0,0,0.004152
554,27,94000000,27.094000000,49.07509768899846,-36.87468146010091,38.25717855250995,0.13652386211081174,-0.15721696547400765,-0.2508062652902878,0.9453783782870383,146,146,106,146,106,0,0.7260,1.0000,17.6292,21.4950,1.1094,0,True,8.20,True,0.8420306628470542,-0.11263634527367299,-0.5275390189822365,1.78,0.0000,0.00,0.0000,0.0000,1.0000,36.6220,1,146,0,0,0.001909
555,27,127000000,27.127000000,49.04723892284784,-36.30188404213874,37.437955135410306,0.13669333997223612,-0.15181749747791,-0.2335059748754515,0.9506531112683766,106,106,106,106,106,0,1.0000,1.0000,17.2549,21.4651,1.0456,0,True,8.20,True,-0.5066134298851757,0.1912930681701555,-0.8406841230391033,2.16,0.0000,0.00,0.0000,0.0000,1.0000,69.4687,1,106,0,0,0.003724
556,27,160000000,27.160000000,49.34902094314333,-37.16982327021951,37.832428339297344,0.13466089326810357,-0.1546118783830644,-0.2204920709441539,0.9535957516358047,106,106,105,106,105,0,0.9906,1.0000,16.7480,21.4445,1.0684,0,True,8.20,True,0.7650040763835432,-0.48890938864508915,0.4192092231943942,1.58,0.0000,0.00,0.0000,0.0000,1.0000,52.8276,1,106,0,0,0.002937
557,27,193000000,27.193000000,50.30364705452938,-37.39391344211168,37.63628404975192,0.13327304441900042,-0.15636199484322866,-0.20718148950480367,0.9564857827518966,105,105,76,105,76,0,0.7238,1.0000,16.2406,21.3003,1.1012,0,True,8.20,True,0.87353959584499,0.10376701864042394,-0.4755638551587466,1.58,0.0000,0.00,0.0000,0.0000,1.0000,53.0815,1,105,0,0,0.003071
558,27,226000000,27.226000000,50.30364705452938,-37.39391344211168,37.63628404975192,0.13327304441900042,-0.15636199484322866,-0.20718148950480367,0.9564857827518966,2000,0,0,0,0,0,0.0000,0.0000,0.0000,0.0000,0.0000,1,True,9.84,True,0.0,0.0,0.0,0.00,0.0000,0.00,0.0000,0.0000,1.0000,32.5653,1,2000,0,0,0.000958
559,27,259000000,27.259000000,50.69288745548884,-38.305939712411515,37.507055598767266,0.13155894562725542,-0.15801375551206967,-0.19536459968061043,0.9589351229807216,2000,1884,966,1773,966,0,0.5127,0.9420,23.1539,894.4802,3.5025,0,True,9.84,True,0.7047503625696836,-0.7046054091358736,-0.08281391111623544,1.41,0.0000,0.00,0.0000,0.0000,1.0000,55.1206,1,1884,0,0,0.004495
560,27,292000000,27.292000000,51.57139262212118,-38.593765411404554,37.88834950010775,0.12971781608769356,-0.15980592500196744,-0.1837441022845101,0.9611833640879165,966,943,644,936,644,0,0.6829,0.9762,18.4098,37.6650,2.1094,0,True,8.20,True,0.9833365875416483,0.15649216452811582,0.09251679870840507,1.39,0.0000,0.00,0.0000,0.0000,1.0000,31.0684,1,943,0,0,0.002087
561,27,325000000,27.325000000,52.53220696716594,-38.71581445502902,38.13722662904201,0.12827314657229913,-0.16129653034070113,-0.1729975585163992,0.9631205915750414,644,639,501,636,501,0,0.7840,0.9922,16.2701,44.7066,2.4312,0,True,8.20,True,0.9596252943873642,0.2665241057842544,-0.08991215383844363,1.27,0.0000,0.00,0.0000,0.0000,1.0000,40.0835,1,639,0,0,0.002849
562,27,358000000,27.358000000,53.510470751717776,-38.91183295482179,38.069575202055546,0.12688338292411255,-0.16250514954495396,-0.16312158231179488,0.9648233169307227,501,497,462,495,462,0,0.9296,0.9920,15.0495,27.7622,0.9904,0,True,8.20,True,0.9242213343361464,0.08718506089309094,-0.3717710186593102,1.17,0.0000,0.00,0.0000,0.0000,1.0000,33.4235,1,497,0,0,0.002551
563,27,391000000,27.391000000,54.18831280178409,-38.893981962972674,38.80456601645522,0.12524372167013892,-0.16398608352918137,-0.1537430682353196,0.9663258475072283,462,459,377,457,377,0,0.8214,0.9935,13.9388,32.7033,0.8988,0,True,8.20,True,0.7996650419748086,0.42065705597113046,0.42846640697390564,1.12,0.0000,0.00,0.0000,0.0000,1.0000,34.2039,1,459,0,0,0.002320
564,27,424000000,27.424000000,54.90426899567789,-38.20602573140181,38.685725990084016,0.12438282307076481,-0.164442624753736,-0.14544854628256784,0.9676426286978765,377,370,270,367,270,0,0.7297,0.9814,11.8655,31.5501,0.8718,0,True,8.20,True,0.37784440614471027,0.7824178978646108,-0.4950311483596507,0.97,0.0000,0.00,0.0000,0.0000,1.0000,32.9652,1,370,0,0,0.002333
565,27,457000000,27.457000000,55.756235876104824,-38.49101474563966,38.24648380584015,0.12315628528026551,-0.16501713399139248,-0.13848488377630375,0.9687227734758259,270,270,153,269,153,0,0.5667,1.0000,9.8442,14.2021,0.6496,0,True,8.20,True,0.7378281823737056,-0.18589363142439033,-0.648886069422797,0.82,0.0000,0.00,0.0000,0.0000,1.0000,18.9094,1,270,0,0,0.002871
566,27,490000000,27.490000000,56.198929343540904,-38.76565508551046,39.10006167434722,0.12147853234204722,-0.16872458170936683,-0.1322065729095264,0.9691730515168792,153,153,153,153,153,0,1.0000,1.0000,7.5030,12.2878,0.5497,0,True,8.20,True,0.7302374896390217,0.08769267834721818,0.6775420303494026,0.86,0.0000,0.00,0.0000,0.0000,1.0000,32.6713,1,153,0,0,0.004101
567,27,523000000,27.523000000,56.99478026013772,-39.28436939819341,39.41240248239164,0.12008672901972801,-0.1698086657520809,-0.12711335399428997,0.9698383317776024,153,153,152,152,152,0,0.9935,1.0000,6.3671,10.3171,0.5571,0,True,8.20,True,0.9690255337972526,-0.2264693733505098,0.09849435406751397,0.62,0.0000,0.00,0.0000,0.0000,1.0000,14.5267,0,153,0,0,0.001982
568,27,556000000,27.556000000,57.90463187580492,-39.15851692245397,39.80778987700363,0.11934150917116385,-0.1705748494189667,-0.12250563457520718,0.97038868214328,152,151,151,151,151,0,1.0000,0.9934,5.1896,8.7281,0.4455,0,True,8.20,True,0.9099747579943207,0.4145468398193552,0.009841616176396136,0.55,0.0000,0.00,0.0000,0.0000,1.0000,7.5807,0,151,0,0,0.001166
569,27,589000000,27.589000000,58.855584945574485,-39.28457535812262,39.525305311243685,0.11860787464590833,-0.17066072593014256,-0.119125389785863,0.9708842517032313,151,151,119,151,119,0,0.7881,1.0000,4.0137,7.0348,0.4387,0,True,8.20,True,0.8169199082441095,-0.008539071529308058,-0.5766879119349156,0.40,0.0000,0.00,0.0000,0.0000,1.0000,21.6814,1,151,0,0,0.004005
570,27,622000000,27.622000000,59.43921008483151,-39.11424801518106,38.731346689479516,0.11774633730835762,-0.17021767226101023,-0.11653209063100389,0.9713814986675817,119,119,119,119,119,0,1.0000,1.0000,2.8924,5.2654,0.4661,0,True,8.20,True,0.24610120598192267,0.05693613430919717,-0.9675703969345941,0.32,0.0000,0.00,0.0000,0.0000,1.0000,13.5252,0,119,0,0,0.003707
571,27,655000000,27.655000000,59.75387988693537,-39.34891490836136,39.65108271948433,0.11546059412943767,-0.17960074804123133,-0.11509365071034215,0.970137038810741,119,119,119,119,119,0,1.0000,1.0000,1.7071,3.4591,0.4991,0,True,8.20,True,0.629332959030645,0.08371937844237877,0.7726131582823025,1.13,0.0000,0.00,0.0000,0.0000,1.0000,6.4248,0,119,0,0,0.003001
572,27,688000000,27.688000000,60.028712117712175,-39.55756491403234,40.589662721433946,0.11314763973661342,-0.19224098971137266,-0.11460714816617587,0.9680424655385949,119,119,119,119,119,0,1.0000,1.0000,0.7539,1.6672,0.5078,0,True,8.20,True,0.6071948311892736,0.10148442112793657,0.7880452710633806,1.49,0.0000,0.00,0.0000,0.0000,1.0000,2.1406,0,119,0,0,0.001995
573,27,721000000,27.721000000,59.81073220508169,-39.3038119959086,39.64727521396513,0.11509467594910013,-0.17446238189936608,-0.114215236431573,0.9712213818883165,119,119,119,119,119,0,1.0000,1.0000,1.1096,1.4936,0.5176,0,True,8.20,True,-0.5897971073767228,-0.04626328174912057,-0.8062252048229775,2.08,0.0000,0.00,0.0000,0.0000,1.0000,0.3107,0,119,0,0,0.001715
574,27,754000000,27.754000000,60.07933920411799,-39.518241643402305,40.586354660201934,0.1120866063339722,-0.1925337574493842,-0.11574582902110231,0.9679722351323785,119,119,119,119,119,0,1.0000,1.0000,2.2383,2.6057,0.4817,0,True,6.56,True,0.5949804941989763,0.09302082794724868,0.7983391115877702,2.14,0.0000,0.00,0.0000,0.0000,1.0000,3.9185,0,119,0,0,0.004088
575,27,787000000,27.787000000,60.67581164844431,-39.27349454811153,39.82194673081731,0.11164349632519142,-0.19136267375390287,-0.1180027920747058,0.9679831599178873,119,119,119,119,119,0,1.0000,1.0000,3.4469,4.1966,0.4748,0,True,6.56,True,0.20577590005921995,0.1400101975493447,-0.9685315810736435,0.30,0.0000,0.00,0.0000,0.0000,1.0000,4.7271,0,119,0,0,0.002112
576,27,820000000,27.820000000,60.93326141524885,-39.5026928674195,40.76066274112004,0.10950176584693207,-0.20298838921630905,-0.12157362067372363,0.9654143835038161,119,119,119,119,119,0,1.0000,1.0000,4.6507,6.0032,0.4889,0,True,6.56,True,0.6166120676661789,0.07599916975632472,0.7835902527499873,1.45,0.0000,0.00,0.0000,0.0000,1.0000,9.8082,0,119,0,0,0.003000
577,27,853000000,27.853000000,60.73150244133169,-39.21115834058598,39.82562213445751,0.11317758983904991,-0.18420276000471722,-0.12485964502236703,0.9683337469125802,119,119,119,119,119,0,1.0000,1.0000,5.8531,7.7009,0.5318,0,True,6.56,True,-0.602143058561375,-0.006310700223083953,-0.7983632707540137,2.25,0.0000,0.00,0.0000,0.0000,1.0000,19.7256,1,119,0,0,0.003146
578,27,886000000,27.886000000,61.04421614948537,-38.26696923374304,39.92914540359006,0.11701654356560329,-0.18334186875865882,-0.12348745960119246,0.9682167810016958,119,119,119,119,119,0,1.0000,1.0000,7.0385,9.3653,0.5724,0,True,6.56,True,0.048063081029144576,0.9805929574760662,-0.19007207051623312,0.48,0.0000,0.00,0.0000,0.0000,1.0000,14.9359,0,119,0,0,0.003631
579,27,919000000,27.919000000,61.327075980437634,-38.14318744242657,40.880285973733166,0.1173904272526188,-0.1850738693613325,-0.12892326532442042,0.967132846162905,119,119,119,119,119,0,1.0000,1.0000,8.2060,10.8914,0.6057,0,True,6.56,True,0.5305009683232054,0.43071068192161266,0.7301075476166239,0.67,0.0000,0.00,0.0000,0.0000,1.0000,17.8554,1,119,0,0,0.001693
580,27,952000000,27.952000000,61.31042221996841,-37.648385180000425,40.01143997278698,0.11831426076290823,-0.18063097691230476,-0.13509091822257435,0.9670184226236926,119,119,119,119,119,0,1.0000,1.0000,9.3496,12.2746,0.6908,0,True,6.56,True,-0.4445815024016529,0.22254145028526703,-0.8676534968679717,0.88,0.0000,0.00,0.0000,0.0000,1.0000,28.6381,1,119,0,0,0.002375
581,27,985000000,27.985000000,61.56592988664568,-37.749325406265626,40.97296319299056,0.11786638417595445,-0.1850610101589426,-0.14237872699049023,0.9651881868841979,119,117,117,117,117,0,1.0000,0.9832,10.4244,13.5509,0.6082,0,True,6.56,True,0.5653646690829477,0.22835079516834011,0.7926024888294988,1.00,0.0000,0.00,0.0000,0.0000,1.0000,19.5505,1,117,0,0,0.003558
582,28,18000000,28.018000000,62.236067147536104,-38.43018360526134,40.6774159642325,0.11760642905526941,-0.1830718414826793,-0.15175135829680617,0.9641706041754659,117,115,115,115,115,0,1.0000,0.9829,11.4744,14.6615,0.5470,0,True,4.92,True,0.7182380384565941,-0.5622068280885955,-0.40994829254990756,1.10,0.0000,0.00,0.0000,0.0000,1.0000,40.7539,1,115,0,0,0.005127
583,28,51000000,28.051000000,63.0845168627244,-38.867911809956794,40.97495100353205,0.1175885102256441,-0.18151088577565688,-0.16125268570990078,0.9629248734762199,115,115,70,115,70,0,0.6087,1.0000,12.5119,15.6603,0.5891,0,True,4.92,True,0.9938583925449731,-0.1097051288412723,0.01450104388802533,1.11,0.0000,0.00,0.0000,0.0000,1.0000,33.9412,1,115,0,0,0.003168
584,28,84000000,28.084000000,63.0845168627244,-38.867911809956794,40.97495100353205,0.1175885102256441,-0.18151088577565688,-0.16125268570990078,0.9629248734762199,2000,0,0,0,0,0,0.0000,0.0000,0.0000,0.0000,0.0000,1,True,6.56,True,0.0,0.0,0.0,0.00,0.0000,0.00,0.0000,0.0000,1.0000,32.0222,1,2000,0,0,0.001969
585,28,117000000,28.117000000,63.99985095168034,-39.07158384712811,41.322343011024564,0.11952779934859178,-0.17984467050957542,-0.17297029794506602,0.9609632020535335,2000,1928,996,1790,996,0,0.5166,0.9640,22.1733,238.9099,3.0853,0,True,6.56,True,0.9876240927244302,0.15674015147649278,-0.0055835817690658915,1.39,0.0000,0.00,0.0000,0.0000,1.0000,43.6947,1,1928,0,0,0.004378
586,28,150000000,28.150000000,64.07482248236384,-39.14749141503876,40.328050644202385,0.12054724064547702,-0.17798158639619244,-0.18466034218740163,0.9590054617674959,996,994,176,987,176,0,0.1771,0.9980,18.0589,41.7076,1.2967,0,True,4.92,True,-0.2084283192392672,-0.33776940226902724,-0.9178613547970729,1.38,0.0000,0.00,0.0000,0.0000,1.0000,37.4654,1,994,0,0,0.002874
587,28,183000000,28.183000000,65.02501890302595,-39.01189029108949,40.608655521823216,0.12254992572649154,-0.1762929095427522,-0.19707071581667593,0.956590538692959,176,174,105,165,105,0,0.6034,0.9886,29.3211,182.4017,3.7740,0,True,4.92,True,0.8546460871333841,0.501503784175423,-0.13443965265250654,1.48,0.0000,0.00,0.0000,0.0000,1.0000,37.5944,1,174,0,0,0.001882
588,28,216000000,28.216000000,65.93400637663169,-38.82044644718284,40.97891357704702,0.12472956490509378,-0.17440014113347424,-0.21024435931219884,0.9538471763278503,105,105,86,101,86,0,0.8190,1.0000,28.8838,265.6274,3.0168,0,True,4.92,True,0.8084257448061599,0.5868017671634583,-0.04595107385522193,1.58,0.0000,0.00,0.0000,0.0000,1.0000,52.3330,1,105,0,0,0.002364
589,28,249000000,28.249000000,65.93400637663169,-38.82044644718284,40.97891357704702,0.12472956490509378,-0.17440014113347424,-0.21024435931219884,0.9538471763278503,2000,0,0,0,0,0,0.0000,0.0000,0.0000,0.0000,0.0000,1,True,6.56,True,0.0,0.0,0.0,0.00,0.0000,0.00,0.0000,0.0000,1.0000,37.8394,1,2000,0,0,0.003992
590,28,282000000,28.282000000,66.3572193194238,-38.2025357091235,41.64154252664415,0.12677418305167107,-0.17239133541472576,-0.22420984782691755,0.9507573182063547,2000,1983,1521,1831,1521,0,0.7670,0.9915,22.3452,246.1098,3.7644,0,True,6.56,True,0.27104368409019347,0.9016513554470723,0.3369868759095419,1.67,0.0000,0.00,0.0000,0.0000,1.0000,51.9690,1,1983,0,0,0.004026
591,28,315000000,28.315000000,66.66762035095095,-37.60448074846125,40.90263694156977,0.12867891615136998,-0.16902054254937718,-0.23837524845942826,0.9476555458901345,1521,1508,1438,1496,1438,0,0.9536,0.9915,22.3735,49.2983,1.2912,0,True,6.56,True,-0.22058199597078587,0.4022284151564452,-0.8885695724557974,1.72,0.0000,0.00,0.0000,0.0000,1.0000,56.6120,1,1508,0,0,0.003502
592,28,348000000,28.348000000,67.60291399157886,-37.676028989149,40.55607287093425,0.13060788626652903,-0.166091641775108,-0.2535857623393628,0.9439541343286775,1438,1434,1143,1428,1143,0,0.7971,0.9972,22.3293,40.0622,1.2165,0,True,6.56,True,0.7212406244731953,0.2083807626118612,-0.6605977742793374,1.84,0.0000,0.00,0.0000,0.0000,1.0000,66.3840,1,1434,0,0,0.002891
593,28,381000000,28.381000000,67.59337148965386,-38.628215243105224,40.25070378534466,0.13255754793454294,-0.16320285657495406,-0.2704648945009317,0.9394903218947793,1143,1140,1138,1138,1138,0,0.9982,0.9974,21.7973,38.6025,1.1999,0,True,6.56,True,0.41385310295178956,-0.902412978385812,-0.11990173317355943,2.04,0.0000,0.00,0.0000,0.0000,1.0000,58.3624,1,1140,0,0,0.004408
594,28,414000000,28.414000000,68.29891686714791,-38.28632501253172,40.87144269224126,0.13495221143274874,-0.16119186697993668,-0.28568292550702745,0.9349814697215552,1138,1126,1116,1118,1116,0,0.9911,0.9895,22.3221,132.7198,1.2353,0,True,6.56,True,0.522039911961813,0.8172944997371757,0.2439344809949227,1.85,0.0000,0.00,0.0000,0.0000,1.0000,52.9864,1,1126,0,0,0.002744
595,28,447000000,28.447000000,69.18718259423446,-38.72276784571616,40.728258714627344,0.1371334860670147,-0.15829511240584765,-0.30197115614479686,0.9300271422082813,1116,1101,880,1098,880,0,0.7993,0.9866,22.4549,163.7802,1.2161,0,True,6.56,True,0.9171398839064016,0.03725506919129854,-0.39682047977354173,1.99,0.0000,0.00,0.0000,0.0000,1.0000,49.4388,1,1101,0,0,0.001277
596,28,480000000,28.480000000,70.17830449721866,-38.83471428386247,40.656527491221375,0.13975020850551756,-0.15542064561446542,-0.31826514738928535,0.9246737792847397,880,875,777,872,777,0,0.8880,0.9943,22.8700,43.2375,1.2033,0,True,6.56,True,0.8132571286510109,0.4011919379178707,-0.4214948061934056,2.02,0.0000,0.00,0.0000,0.0000,1.0000,71.6361,1,875,0,0,0.005489
597,28,513000000,28.513000000,69.44211920022946,-38.270986679244885,40.28203797696361,0.1413578186861595,-0.15204930943312975,-0.33462699442016064,0.9191973396406937,777,766,91,765,91,0,0.1188,0.9858,23.1425,44.0369,1.1674,0,True,6.56,True,-0.982093267867008,-0.1076545975425512,-0.15460692364267617,2.02,0.0000,0.00,0.0000,0.0000,1.0000,60.9501,1,766,0,0,0.003203
598,28,546000000,28.546000000,69.44211920022946,-38.270986679244885,40.28203797696361,0.1413578186861595,-0.15204930943312975,-0.33462699442016064,0.9191973396406937,2000,0,0,0,0,0,0.0000,0.0000,0.0000,0.0000,0.0000,1,True,8.20,True,0.0,0.0,0.0,0.00,0.0000,0.00,0.0000,0.0000,1.0000,57.4437,1,2000,0,0,0.002977
599,28,579000000,28.579000000,69.94191245800388,-39.136222192234776,40.32171424876834,0.14401602194752788,-0.14933558948644646,-0.35173211117905184,0.9128213347094116,2000,1976,1374,1791,1374,0,0.6953,0.9880,25.9199,350.5290,4.0256,0,True,8.20,True,0.9415581059796202,-0.336562539724017,-0.013928026370948714,2.14,0.0000,0.00,0.0000,0.0000,1.0000,59.5587,1,1976,0,0,0.003056
600,28,612000000,28.612000000,70.79407726845228,-38.69131053135109,40.59715707376688,0.14673097569543228,-0.14671828795677053,-0.36694431211779427,0.9068051811469205,1374,1369,1356,1356,1356,0,0.9905,0.9964,25.2435,205.3080,1.5418,0,True,8.20,True,0.34566269048322096,0.9282792168451404,-0.13716778040514355,1.92,0.0000,0.00,0.0000,0.0000,1.0000,46.3409,1,1369,0,0,0.002361
601,28,645000000,28.645000000,71.18239373004297,-38.5403434456919,41.50623312377879,0.14875306855038195,-0.14540932158595893,-0.38216715783416494,0.9003759866109897,1356,1352,1311,1317,1311,0,0.9697,0.9971,26.6205,379.7444,2.3792,0,True,8.20,True,0.30406127739491984,0.6853158576076083,0.6617317544900787,1.91,0.0000,0.00,0.0000,0.0000,1.0000,40.1141,1,1352,0,0,0.002034
602,28,678000000,28.678000000,70.72283777855567,-38.54934729674774,40.61812994389553,0.15091078607471217,-0.14250741967486494,-0.39869527745963107,0.8932858700972003,1311,1309,133,1292,133,0,0.1016,0.9985,24.5508,348.4104,1.5295,0,True,8.20,True,-0.43087026650480675,-0.6389547215283676,-0.6372500900578069,2.10,0.0000,0.00,0.0000,0.0000,1.0000,82.6935,1,1309,0,0,0.004186
603,28,711000000,28.711000000,71.45846128570199,-39.20762183299097,40.77791946378818,0.15330056995791938,-0.13989922410211572,-0.4142864166491744,0.8861681033112113,133,133,47,133,47,0,0.3534,1.0000,21.8547,28.5688,1.8681,0,True,8.20,True,0.9905336676267126,0.13456584551208192,-0.027112479038104934,2.01,0.0000,0.00,0.0000,0.0000,1.0000,75.2474,1,133,0,0,0.003818
604,28,744000000,28.744000000,71.45846128570199,-39.20762183299097,40.77791946378818,0.15330056995791938,-0.13989922410211572,-0.4142864166491744,0.8861681033112113,2000,0,0,0,0,0,0.0000,0.0000,0.0000,0.0000,0.0000,1,True,8.20,True,0.0,0.0,0.0,0.00,0.0000,0.00,0.0000,0.0000,1.0000,17.2167,1,2000,0,0,0.000877
605,28,777000000,28.777000000,72.3400087372877,-39.5642739014114,41.08723062216136,0.1549657480270302,-0.136978254129797,-0.42921260192329985,0.8792036835592801,2000,1977,851,1762,851,0,0.4305,0.9885,29.9677,377.5583,3.9059,0,True,8.20,True,0.859010620189568,0.5119002673764739,0.007672721904798511,1.93,0.0000,0.00,0.0000,0.0000,1.0000,24.3731,1,1977,0,0,0.000976
606,28,810000000,28.810000000,72.75713946719284,-40.299125009522335,40.552444867791515,0.15669791074570066,-0.13376919506043183,-0.444230166979888,0.8719008693457286,851,842,632,813,632,0,0.7506,0.9894,24.8225,193.1761,1.9573,0,True,8.20,True,0.7759290848158075,-0.34029940567716643,-0.5311594580092412,1.96,0.0000,0.00,0.0000,0.0000,1.0000,119.6717,1,842,0,0,0.005951
607,28,843000000,28.843000000,73.12997619437074,-40.329963886644784,41.4798292209726,0.15829535414982118,-0.13170868659432144,-0.4580425185017158,0.864749937250525,632,628,593,595,593,0,0.9443,0.9937,26.8649,351.7633,2.3380,0,True,8.20,True,0.3247419230054501,0.6196606984079158,0.7145371245018248,1.81,0.0000,0.00,0.0000,0.0000,1.0000,52.9019,1,628,0,0,0.003330
608,28,876000000,28.876000000,73.89539419651385,-40.921965477245,41.73215717963363,0.15983368190106312,-0.129098486207534,-0.4716843690678749,0.8574967235890255,593,590,545,588,545,0,0.9237,0.9949,20.2862,152.5890,1.1610,0,True,8.20,True,0.9322352549070714,0.3600351375630753,0.036223324368214946,1.80,0.0000,0.00,0.0000,0.0000,1.0000,49.3234,1,590,0,0,0.001672
609,28,909000000,28.909000000,74.17898789555495,-41.77005175255264,41.28458117100604,0.16147754163166345,-0.12630763536613285,-0.4851176034852805,0.8500778173705679,545,543,327,543,327,0,0.6022,0.9963,19.2213,33.4662,1.0866,0,True,8.20,True,0.8373876238998518,-0.38686993740203884,-0.38615232599830723,1.80,0.0000,0.00,0.0000,0.0000,1.0000,64.3134,1,543,0,0,0.004573
610,28,942000000,28.942000000,74.76744471806528,-42.42188305116378,40.80621465232821,0.1629696106531713,-0.12343543674007358,-0.4976353656212136,0.8429493708659982,327,323,221,323,221,0,0.6842,0.9878,19.0982,35.5499,1.0888,0,True,8.20,True,0.8291313119407901,-0.039647156763983935,-0.5576462772402196,1.69,0.0000,0.00,0.0000,0.0000,1.0000,47.9017,1,323,0,0,0.002749
611,28,975000000,28.975000000,74.49222745361102,-41.76416379264743,41.50739995902182,0.1645618786769612,-0.120889317683458,-0.5098969093213382,0.8356496292232074,221,218,63,217,63,0,0.2890,0.9864,19.4330,26.0806,1.3017,0,True,8.20,True,-0.6765992723430426,0.3559941953582764,0.6445785891077043,1.67,0.0000,0.00,0.0000,0.0000,1.0000,49.1561,1,218,0,0,0.002918
612,29,8000000,29.008000000,74.49222745361102,-41.76416379264743,41.50739995902182,0.1645618786769612,-0.120889317683458,-0.5098969093213382,0.8356496292232074,2000,0,0,0,0,0,0.0000,0.0000,0.0000,0.0000,0.0000,1,True,9.84,True,0.0,0.0,0.0,0.00,0.0000,0.00,0.0000,0.0000,1.0000,51.0006,1,2000,0,0,0.003153
613,29,41000000,29.041000000,75.05859340270987,-42.58617237857315,41.44797356450115,0.165901349334459,-0.11882849758471888,-0.5208827374804497,0.8288773758799532,2000,1939,1522,1856,1522,0,0.7849,0.9695,20.8233,213.6841,2.3707,0,True,9.84,True,0.9864871967605601,0.08639530377857844,-0.13920798149710786,1.51,0.0000,0.00,0.0000,0.0000,1.0000,47.4367,1,1939,0,0,0.003078
614,29,74000000,29.074000000,75.4495361090033,-43.506130623832306,41.418979989770634,0.16705554248739943,-0.11687898188203732,-0.5311829206093853,0.8223602946223404,1522,1518,1452,1514,1452,0,0.9565,0.9974,16.8774,92.2831,1.2516,0,True,9.84,True,0.9977135255031963,-0.0595133857011829,-0.03202932953349038,1.42,0.0000,0.00,0.0000,0.0000,1.0000,50.8312,1,1518,0,0,0.003496
615,29,107000000,29.107000000,75.47734027037023,-43.157743224516544,42.35591816735157,0.1685700222019484,-0.11493118982876896,-0.5407030837722125,0.8160975091363764,1452,1447,35,1446,35,0,0.0242,0.9966,15.4808,31.0792,1.1556,0,True,9.84,True,-0.29278974351245224,0.5293194933812543,0.7963008476829123,1.34,0.0000,0.00,0.0000,0.0000,1.0000,31.9793,1,1447,0,0,0.001326
616,29,140000000,29.140000000,75.47734027037023,-43.157743224516544,42.35591816735157,0.1685700222019484,-0.11493118982876896,-0.5407030837722125,0.8160975091363764,2000,0,0,0,0,0,0.0000,0.0000,0.0000,0.0000,0.0000,1,True,11.48,True,0.0,0.0,0.0,0.00,0.0000,0.00,0.0000,0.0000,1.0000,45.1790,1,2000,0,0,0.004528
617,29,173000000,29.173000000,75.97875559946795,-44.02287864884398,42.3670251615269,0.16941951936383953,-0.1131287496286312,-0.5488026826466985,0.8107493620014604,2000,1993,476,1915,476,0,0.2388,0.9965,17.8260,722.2797,2.5006,0,True,11.48,True,0.9920728471288597,0.1174165261488443,-0.04477527640089018,1.14,0.0000,0.00,0.0000,0.0000,1.0000,34.4582,1,1993,0,0,0.001653
618,29,206000000,29.206000000,75.95433141540923,-45.00043339856123,42.15776415097238,0.1705100795049416,-0.11157193646903603,-0.5565686868801646,0.8054249267090368,476,473,237,471,237,0,0.5011,0.9937,14.0827,26.7368,1.0638,0,True,11.48,True,0.8988214566462026,-0.4368581890453605,-0.03570590618380126,1.10,0.0000,0.00,0.0000,0.0000,1.0000,32.0688,1,473,0,0,0.004209
619,29,239000000,29.239000000,76.08076177901582,-45.97949525487183,41.9982234205117,0.1710597467023171,-0.11027827468967634,-0.5635112452700294,0.800644953549217,237,235,196,234,196,0,0.8340,0.9916,11.6113,48.1840,1.3451,0,True,9.84,True,0.9615899356690618,-0.27066061056110946,-0.04569058448583467,0.98,0.0000,0.00,0.0000,0.0000,1.0000,23.2749,1,235,0,0,0.002335
620,29,272000000,29.272000000,75.30568360971937,-46.26655625149954,41.43532927798118,0.1719703902170883,-0.10855107049445394,-0.5698165141309748,0.7962110211537613,196,194,190,192,190,0,0.9794,0.9898,11.0333,155.6904,0.8950,0,True,9.84,True,0.014995649785229714,-0.9822429944607955,-0.18701291484870325,0.91,0.0000,0.00,0.0000,0.0000,1.0000,26.4383,1,194,0,0,0.002905
621,29,305000000,29.305000000,75.74766834355816,-45.43930985665678,41.78219077378765,0.17386198930492505,-0.10745459472176197,-0.5745726836082163,0.7925223971594548,190,189,184,189,184,0,0.9735,0.9947,8.8133,15.9403,0.7976,0,True,9.84,True,-0.6449881364353631,0.7635657950176211,0.030944798217885667,0.73,0.0000,0.00,0.0000,0.0000,1.0000,21.9967,1,189,0,0,0.002705
622,29,338000000,29.338000000,75.84186749449894,-46.233868561783254,41.1823549761982,0.17416857283969403,-0.10617444135385963,-0.5794339160665751,0.7890808787126533,184,184,183,184,183,0,0.9946,1.0000,7.5032,14.9788,0.7949,0,True,9.84,True,0.8008173011007913,-0.37900235903742613,-0.46373361114082573,0.70,0.0000,0.00,0.0000,0.0000,1.0000,16.5283,1,184,0,0,0.002261
623,29,371000000,29.371000000,76.76099037309346,-46.12900883993607,41.5621148645201,0.17584724859706735,-0.10670152696189919,-0.5815001738227435,0.7871150342541803,183,181,181,181,181,0,1.0000,0.9891,6.1451,10.5909,0.6823,0,True,9.84,True,0.16843741582866623,0.9856854286599788,-0.007285099611870063,0.38,0.0000,0.00,0.0000,0.0000,1.0000,16.7755,1,181,0,0,0.002617
624,29,404000000,29.404000000,77.00164634066834,-46.02214949545034,40.59740465634012,0.17712996387883947,-0.10531960897514236,-0.584527999412551,0.7847673373455121,181,181,181,181,181,0,1.0000,1.0000,4.8532,8.5535,0.6779,0,True,9.84,True,0.005841688901426442,-0.14751715038835836,-0.9890422463232181,0.49,0.0000,0.00,0.0000,0.0000,1.0000,20.2902,1,181,0,0,0.002619
625,29,437000000,29.437000000,77.23900774831134,-45.56234844335745,39.741692932302186,0.17905308737805656,-0.10361320277618559,-0.5866735269397764,0.7829549596872675,181,181,181,181,181,0,1.0000,1.0000,3.5548,6.5672,0.6981,0,True,9.84,True,-0.3333533293859907,-0.017603525869263097,-0.9426376152394117,0.44,0.0000,0.00,0.0000,0.0000,1.0000,14.4523,0,181,0,0,0.003418
626,29,470000000,29.470000000,77.4924270063943,-44.91296606275733,39.024698369283215,0.18175036167197806,-0.10113665981708714,-0.587584323182699,0.7819736857612776,181,181,181,181,181,0,1.0000,1.0000,2.2872,4.6472,0.6811,0,True,9.84,True,-0.5128341138831386,0.09593548675766013,-0.8531105168841062,0.45,0.0000,0.00,0.0000,0.0000,1.0000,7.7694,0,181,0,0,0.004227
627,29,503000000,29.503000000,78.10924474118272,-45.173230764123495,38.281867185720465,0.18274347635441845,-0.10095233949498623,-0.5883840148360634,0.7811643220768512,181,181,63,181,63,0,0.3481,1.0000,1.0553,2.7167,0.7301,0,True,9.84,True,0.4681827100622157,0.18135890625236747,-0.8648201530501843,0.17,0.0000,0.00,0.0000,0.0000,1.0000,4.3950,0,181,0,0,0.001473
628,29,536000000,29.536000000,78.10924474118272,-45.173230764123495,38.281867185720465,0.18274347635441845,-0.10095233949498623,-0.5883840148360634,0.7811643220768512,2000,0,0,0,0,0,0.0000,0.0000,0.0000,0.0000,0.0000,1,True,11.48,True,0.0,0.0,0.0,0.00,0.0000,0.00,0.0000,0.0000,1.0000,2.7040,0,2000,0,0,0.002730
629,29,569000000,29.569000000,78.82049384780917,-45.71380855789448,37.83253394946395,0.18322246465091352,-0.10109637223696566,-0.5876492916567991,0.7815864392266741,2000,1958,997,1915,997,0,0.5092,0.9790,4.5032,334.9507,2.4897,0,True,11.48,True,0.7469187892344745,0.3157247312087075,-0.5851753723386658,0.11,0.0000,0.00,0.0000,0.0000,1.0000,0.6909,0,1958,0,0,0.005661
630,29,602000000,29.602000000,79.43045187177174,-46.42782255764676,37.488825908880926,0.18350356676281007,-0.10161447037224411,-0.5859925076569915,0.7826964426686542,997,997,702,997,702,0,0.7041,1.0000,2.3453,5.4002,1.0329,0,True,11.48,True,0.8782551084495772,0.22549839981806905,-0.42168523351157533,0.24,0.0000,0.00,0.0000,0.0000,1.0000,4.7852,0,997,0,0,0.002221
631,29,635000000,29.635000000,79.10078580685439,-46.66380481377768,36.57469645391665,0.1840682338906179,-0.10158355360127432,-0.5844893043466138,0.7836912147105753,702,702,701,701,701,0,0.9986,1.0000,3.3951,5.8243,1.1137,0,True,11.48,True,0.18000554817589923,-0.719586797917152,-0.6706659696818036,0.22,0.0000,0.00,0.0000,0.0000,1.0000,7.9978,0,702,0,0,0.003730
632,29,668000000,29.668000000,78.82143405213613,-45.90533258493532,35.985898971575985,0.18434062141568228,-0.10241183835959197,-0.5816222007269668,0.7856500278631757,701,701,10,700,10,0,0.0143,1.0000,4.6396,10.8028,1.2237,0,True,11.48,True,-0.7729881713316724,-0.29641661028665545,-0.5609157513633272,0.41,0.0000,0.00,0.0000,0.0000,1.0000,10.6490,0,701,0,0,0.001063
633,29,701000000,29.701000000,78.82143405213613,-45.90533258493532,35.985898971575985,0.18434062141568228,-0.10241183835959197,-0.5816222007269668,0.7856500278631757,2000,0,0,0,0,0,0.0000,0.0000,0.0000,0.0000,0.0000,1,True,13.11,True,0.0,0.0,0.0,0.00,0.0000,0.00,0.0000,0.0000,1.0000,11.8279,0,2000,0,0,0.002901
634,29,734000000,29.734000000,78.90754067457094,-46.88197633152834,35.78904206462678,0.18421603329474964,-0.10348401614693789,-0.5772568473175154,0.7887522067825172,2000,1961,594,1938,594,0,0.3029,0.9805,8.4261,86.6142,1.7591,0,True,13.11,True,0.9660109631561326,-0.2545316125883335,-0.04512734487362976,0.63,0.0000,0.00,0.0000,0.0000,1.0000,19.7507,1,1961,0,0,0.005746
635,29,767000000,29.767000000,78.28690247062663,-47.566116294039425,35.40594843181607,0.183604749499721,-0.10434813001818002,-0.5728671957512584,0.7919747090374434,594,592,557,591,557,0,0.9409,0.9966,9.0595,18.1089,1.1097,0,True,13.11,True,0.47429629565124637,-0.8803639971720869,0.0015021367085660826,0.64,0.0000,0.00,0.0000,0.0000,1.0000,19.4945,1,592,0,0,0.003087
636,29,800000000,29.800000000,77.6396206195885,-48.02561008319585,34.79776123773571,0.18303238122621873,-0.10463166070801552,-0.568389887438222,0.7952888147447492,557,555,551,553,551,0,0.9928,0.9964,10.3234,18.7320,1.1662,0,True,13.11,True,0.2536250037809412,-0.9390454980620593,-0.23209461438494577,0.64,0.0000,0.00,0.0000,0.0000,1.0000,17.6272,1,555,0,0,0.002477
637,29,833000000,29.833000000,76.68029577253823,-47.75368294521277,34.72192279457994,0.18298460071510356,-0.10575227247803606,-0.5620827601997708,0.7996224505684368,551,544,239,544,239,0,0.4393,0.9873,11.4634,19.5678,1.1989,0,True,13.11,True,-0.5715652726370671,-0.7836440464758765,0.24334162722031255,0.89,0.0000,0.00,0.0000,0.0000,1.0000,25.4258,1,544,0,0,0.003240
638,29,866000000,29.866000000,75.8511323077629,-48.275731083588184,34.92180698580204,0.18213704911022235,-0.10805190334289126,-0.5576082188964432,0.8026356307469382,239,236,236,236,236,0,1.0000,0.9874,11.8438,17.9848,1.5195,0,True,13.11,True,0.19547497477816236,-0.7882145303348278,0.5835301092527477,0.68,0.0000,0.00,0.0000,0.0000,1.0000,35.4758,1,236,0,0,0.004040
639,29,899000000,29.899000000,75.78737006994426,-49.03848369020279,35.565346291618674,0.17983537317836976,-0.11434084001534232,-0.5511731007367255,0.8067178093253217,236,226,226,226,226,0,1.0000,0.9576,12.9260,19.9767,1.7131,0,True,13.11,True,0.6710555518417017,-0.026684740985240655,0.7409266974141099,1.16,0.0000,0.00,0.0000,0.0000,1.0000,15.0723,1,226,0,0,0.001585
640,29,932000000,29.932000000,75.74165148010087,-48.4464416439185,34.76073705355698,0.19478374497381967,-0.09915520212664033,-0.5440642947177216,0.8100750470163288,226,216,212,212,212,0,0.9815,0.9558,13.9403,22.0440,1.8952,0,True,13.11,True,-0.5565147488071206,-0.1796188472554876,-0.8111894994825545,2.60,0.0000,0.00,0.0000,0.0000,1.0000,44.9658,1,216,0,0,0.004396
641,29,965000000,29.965000000,75.68677146562786,-47.67242083221845,34.12995978140253,0.19655437012938126,-0.09836644134050399,-0.5344081647227028,0.8161484768586901,212,201,200,201,200,0,0.9950,0.9481,15.0527,24.6106,1.7433,0,True,13.11,True,-0.7011216950860417,-0.05631433211332158,-0.7108143672424653,1.33,0.0000,0.00,0.0000,0.0000,1.0000,37.1998,1,201,0,0,0.002467
642,29,998000000,29.998000000,75.62819050213876,-46.95225267076202,33.438637794235106,0.20861026746132252,-0.06907502409450393,-0.515942157104139,0.8279577814591679,200,187,186,186,186,0,0.9947,0.9350,16.1006,28.8487,1.9464,0,True,13.11,True,-0.6458142991581877,-0.09014452748358713,-0.758154242333036,4.41,0.0000,0.00,0.0000,0.0000,1.0000,42.8329,1,187,0,0,0.004482
643,30,31000000,30.031000000,74.98706469022551,-47.47538784821921,32.87713331570853,0.20630607374561707,-0.06919898951410783,-0.5085471646627877,0.8330840804500671,186,171,169,169,169,0,0.9883,0.9194,16.9118,29.0532,1.9307,0,True,13.11,True,0.22498759495217208,-0.9623524445233972,-0.1525069002946396,1.06,0.0000,0.00,0.0000,0.0000,1.0000,18.3725,1,171,0,0,0.001484
644,30,64000000,30.064000000,75.50462372177078,-48.12420055499994,32.31930294688143,0.20604065892962542,-0.07178729372614127,-0.4970474440161524,0.8398438365102957,169,160,135,158,135,0,0.8438,0.9467,17.8238,31.8438,2.3550,0,True,13.11,True,0.8659151399279374,-0.0652376327454751,-0.49591836194816097,1.56,0.0000,0.00,0.0000,0.0000,1.0000,67.7116,1,160,0,0,0.005178
645,30,97000000,30.097000000,75.53664728360185,-48.89787955805768,32.952070907286505,0.1891376769869617,-0.10408458001761749,-0.4941474745204736,0.8421470256265053,135,125,125,125,125,0,1.0000,0.9259,17.9188,25.3748,2.0889,0,True,11.48,True,0.6313832377584638,-0.03576911942275188,0.7746455816522547,4.20,0.0000,0.00,0.0000,0.0000,1.0000,49.1827,1,125,0,0,0.003545
646,30,130000000,30.130000000,76.41432373418273,-49.14409850302407,32.540901502739686,0.18848974646469896,-0.10665123770504345,-0.481059835067226,0.8495166649682332,125,114,108,113,108,0,0.9474,0.9120,18.6273,26.7828,2.0990,0,True,11.48,True,0.6494299641520457,0.4142869852274188,-0.6376574437208814,1.75,0.0000,0.00,0.0000,0.0000,1.0000,46.1069,1,114,0,0,0.003189
647,30,163000000,30.163000000,77.2026730873136,-49.523534401434134,32.05661471124535,0.18804787021109673,-0.10931246549811935,-0.46786050389881473,0.856618545379062,108,101,67,101,67,0,0.6634,0.9352,19.4512,29.9875,1.7282,0,True,11.48,True,0.7309906443794325,0.23100732595438533,-0.6420967942492366,1.75,0.0000,0.00,0.0000,0.0000,1.0000,42.1400,1,101,0,0,0.002821
648,30,196000000,30.196000000,77.2026730873136,-49.523534401434134,32.05661471124535,0.18804787021109673,-0.10931246549811935,-0.46786050389881473,0.856618545379062,2000,0,0,0,0,0,0.0000,0.0000,0.0000,0.0000,0.0000,1,True,13.11,True,0.0,0.0,0.0,0.00,0.0000,0.00,0.0000,0.0000,1.0000,42.1197,1,2000,0,0,0.001903
649,30,229000000,30.229000000,77.2039413586831,-50.5018967441039,31.849719767050388,0.18659343276358142,-0.11227917796636823,-0.45445061279835247,0.8637423907461653,2000,1948,1503,1879,1503,0,0.7716,0.9740,25.3384,298.3540,2.3666,0,True,13.11,True,0.8227756892472381,-0.5677078883757709,0.027348101573156425,1.78,0.0000,0.00,0.0000,0.0000,1.0000,48.8805,1,1948,0,0,0.002414
650,30,262000000,30.262000000,78.0601618536463,-50.91278544349593,31.536579318183012,0.18539163515307286,-0.11514403446157252,-0.4401517384848945,0.8709984156425931,1503,1480,730,1474,730,0,0.4932,0.9847,23.7429,46.7347,1.5012,0,True,11.48,True,0.8131276216069534,0.2908529255791708,-0.5042103198684619,1.87,0.0000,0.00,0.0000,0.0000,1.0000,79.1363,1,1480,0,0,0.006388
651,30,295000000,30.295000000,77.85596515430124,-51.74019288752911,31.013415262140313,0.1836020692962632,-0.1176800154838569,-0.4264786032198531,0.8778141574966153,730,701,683,686,683,0,0.9743,0.9603,27.6367,47.2934,2.1512,0,True,11.48,True,0.5305153755142976,-0.8197721856523268,-0.21570118213336356,1.79,0.0000,0.00,0.0000,0.0000,1.0000,43.7938,1,701,0,0,0.002617
652,30,328000000,30.328000000,77.75071728133815,-52.71847132334286,30.834825824438834,0.18183172054270008,-0.1207665938617837,-0.41217788303133523,0.884568848621356,683,653,642,643,642,0,0.9832,0.9561,28.6650,70.2487,2.0407,0,True,11.48,True,0.7017720463344038,-0.7062041818121582,0.09376379138368747,1.86,0.0000,0.00,0.0000,0.0000,1.0000,63.4804,1,653,0,0,0.002197
653,30,361000000,30.361000000,78.6696708672217,-52.95809991149073,30.521612723285607,0.1804304163296289,-0.12370381380153303,-0.39665135446764926,0.891521135090499,642,603,443,600,443,0,0.7347,0.9393,29.4305,47.5324,1.8919,0,True,11.48,True,0.7451964051454779,0.3554418583004935,-0.5642192863826516,1.98,0.0000,0.00,0.0000,0.0000,1.0000,61.3873,1,603,0,0,0.005058
654,30,394000000,30.394000000,78.32077093982944,-53.74597221744693,30.014142457976465,0.17873569243227325,-0.12584418631941932,-0.38152985679786805,0.8981379411828438,443,429,393,399,393,0,0.9161,0.9684,28.2468,379.9408,2.4878,0,True,11.48,True,0.324659811082323,-0.9329026904807521,-0.15584792960371488,1.92,0.0000,0.00,0.0000,0.0000,1.0000,52.3242,1,429,0,0,0.001619
655,30,427000000,30.427000000,78.19545281958689,-53.00355355889735,29.356031597880474,0.17775396585479392,-0.12824628023681434,-0.36582588769098723,0.9045041951939276,393,378,138,373,138,0,0.3651,0.9618,29.2420,47.8753,1.9210,0,True,11.48,True,-0.686076544555552,0.12410755666658274,-0.7168656006455913,1.96,0.0000,0.00,0.0000,0.0000,1.0000,57.0146,1,378,0,0,0.004554
656,30,460000000,30.460000000,78.56028309843958,-53.71714226971418,28.757959679607232,0.17644972445203455,-0.13106436301201835,-0.35050384818868635,0.9104035807783147,138,136,136,136,136,0,1.0000,0.9855,22.0140,28.6112,1.2102,0,True,11.48,True,0.698984417201158,-0.5011263273654621,-0.5101893653646272,1.91,0.0000,0.00,0.0000,0.0000,1.0000,56.8910,1,136,0,0,0.003173
657,30,493000000,30.493000000,78.15113839745264,-54.14701926480157,27.95309547817388,0.17486536489067203,-0.13111958882967112,-0.33750958640665535,0.915596546886454,136,136,136,136,136,0,1.0000,1.0000,21.5268,27.3265,1.2085,0,True,11.48,True,-0.09284799738285371,-0.8722139232686378,-0.4802313207594069,1.61,0.0000,0.00,0.0000,0.0000,1.0000,71.6832,1,136,0,0,0.003979
658,30,526000000,30.526000000,78.39250409496101,-53.71655293417741,27.08335911681761,0.17499415532327822,-0.1321682062778947,-0.3210330773852588,0.9213285918045346,136,136,136,136,136,0,1.0000,1.0000,21.0529,26.0790,1.1464,0,True,11.48,True,-0.21387700908557666,0.08869729051011067,-0.9728254805671843,2.00,0.0000,0.00,0.0000,0.0000,1.0000,20.6363,1,136,0,0,0.001144
659,30,559000000,30.559000000,78.4315183022393,-53.57657574264734,26.093973308610426,0.1749055823284847,-0.13250255829659008,-0.3054389187752103,0.9265841441621062,136,136,136,136,136,0,1.0000,1.0000,20.5834,26.7619,1.1625,0,True,9.84,True,-0.1894601052932832,-0.279165900107045,-0.9413667025764622,1.89,0.0000,0.00,0.0000,0.0000,1.0000,87.0622,1,136,0,0,0.003366
660,30,592000000,30.592000000,79.21221635650149,-54.12076930953954,25.78678621606847,0.1728659801956925,-0.13536816250742434,-0.28925089173568724,0.9317331887941182,136,136,103,136,103,0,0.7574,1.0000,20.1148,27.7627,1.1948,0,True,9.84,True,0.8982631373721833,-0.12807957677417023,-0.42037954047697373,1.99,0.0000,0.00,0.0000,0.0000,1.0000,44.7432,1,136,0,0,0.002342
661,30,625000000,30.625000000,79.89821946550275,-54.83347884040274,25.64034558285028,0.17113274125962294,-0.13834437751633635,-0.27355382973620507,0.9363454065222083,103,103,83,103,83,0,0.8058,1.0000,19.5992,22.6839,1.0632,0,True,9.84,True,0.9412883158605423,-0.27183943454673287,-0.20019897165004666,1.92,0.0000,0.00,0.0000,0.0000,1.0000,60.0060,1,103,0,0,0.004998
662,30,658000000,30.658000000,79.89821946550275,-54.83347884040274,25.64034558285028,0.17113274125962294,-0.13834437751633635,-0.27355382973620507,0.9363454065222083,2000,0,0,0,0,0,0.0000,0.0000,0.0000,0.0000,0.0000,1,True,11.48,True,0.0,0.0,0.0,0.00,0.0000,0.00,0.0000,0.0000,1.0000,19.2196,1,2000,0,0,0.001089
663,30,691000000,30.691000000,80.8207995740414,-55.126323858874784,25.891518309245697,0.1690252740607942,-0.14118852033861823,-0.2578778513114917,0.9407418733405212,2000,1942,1138,1841,1138,0,0.5860,0.9710,24.5345,695.4595,4.0940,0,True,11.48,True,0.9546304022843124,0.2965788274607712,-0.026866226688651094,1.91,0.0000,0.00,0.0000,0.0000,1.0000,36.1027,1,1942,0,0,0.002060
664,30,724000000,30.724000000,81.7489677562911,-55.37999074052682,26.163836025548225,0.16757552728535757,-0.14491360151694346,-0.24238582892929186,0.9445462406281033,1138,1123,1098,1103,1098,0,0.9777,0.9868,20.0248,50.7833,3.4192,0,True,11.48,True,0.9515000691231404,0.3070377573384721,-0.019376120024929437,1.88,0.0000,0.00,0.0000,0.0000,1.0000,135.5035,1,1123,0,0,0.007950
665,30,757000000,30.757000000,82.60959044396508,-55.86031425477856,26.333004317842214,0.1661440142421344,-0.14784638113084947,-0.22779286688763242,0.947970476287703,1098,1091,991,1086,991,0,0.9083,0.9936,19.4847,53.4664,3.2879,0,True,9.84,True,0.9991833847868091,0.020799963451048287,-0.03463993484997338,1.76,0.0000,0.00,0.0000,0.0000,1.0000,49.0931,1,1091,0,0,0.002994
666,30,790000000,30.790000000,83.43903884629673,-56.39906831802658,26.480515019837725,0.1643091902746313,-0.1505337090543733,-0.21353121144212592,0.9511816409969688,991,984,921,973,921,0,0.9360,0.9929,18.9079,51.3443,3.1373,0,True,9.84,True,0.9964365437463691,-0.07922276476887821,-0.028947673985403155,1.72,0.0000,0.00,0.0000,0.0000,1.0000,49.1729,1,984,0,0,0.001313
667,30,823000000,30.823000000,83.4126767636356,-57.32660298272785,26.107708788163325,0.1617938827761155,-0.15248230300546298,-0.2008168597349781,0.9540673328505492,921,902,789,872,789,0,0.8747,0.9794,18.0257,44.1692,2.7962,0,True,9.84,True,0.31929705357166116,-0.9427709128227963,-0.09608536577297849,1.54,0.0000,0.00,0.0000,0.0000,1.0000,49.2729,1,902,0,0,0.002929
668,30,856000000,30.856000000,84.22656410038157,-57.856932635927315,25.870352806519975,0.15975917526805536,-0.15465575668117607,-0.18761562657649902,0.956743946679231,789,777,728,769,728,0,0.9369,0.9848,18.6298,60.0416,1.3029,0,True,9.84,True,0.8861416614340218,-0.2758930582384427,-0.3723385237747911,1.58,0.0000,0.00,0.0000,0.0000,1.0000,39.0534,1,777,0,0,0.004194
669,30,889000000,30.889000000,84.90283473787578,-57.12842892132451,25.979624773067066,0.1585408983597983,-0.15684366802372632,-0.1734826843785254,0.9592541923645432,728,722,720,720,720,0,0.9972,0.9918,17.5836,44.4057,1.0717,0,True,9.84,True,0.3245653737418615,0.8891389470613343,-0.322628658036554,1.67,0.0000,0.00,0.0000,0.0000,1.0000,45.0282,1,722,0,0,0.003553
670,30,922000000,30.922000000,85.88890264781854,-57.24709031558543,25.863050545670244,0.15680034034238155,-0.15883535554749947,-0.16115604616630538,0.9613603444498094,720,701,672,698,672,0,0.9586,0.9736,16.5667,81.2387,1.0251,0,True,9.84,True,0.8949294182442433,0.13179654152348666,-0.4262992000971478,1.46,0.0000,0.00,0.0000,0.0000,1.0000,48.5867,1,701,0,0,0.002620
671,30,955000000,30.955000000,86.85311944699318,-57.40758496227781,25.652035303157994,0.1550916314728261,-0.16066968097858067,-0.14958122977285734,0.963201585941893,672,667,588,664,588,0,0.8816,0.9926,15.5114,33.5238,0.9631,0,True,9.84,True,0.8694272598526662,0.0320552805976532,-0.4930199781052388,1.37,0.0000,0.00,0.0000,0.0000,1.0000,48.3339,1,667,0,0,0.004629
672,30,988000000,30.988000000,87.8049722214405,-57.71413727864862,25.6506306307304,0.15340980373868207,-0.16248194930094412,-0.13872702738665585,0.9647900601377931,588,582,565,581,565,0,0.9708,0.9898,14.7269,33.3485,0.9985,0,True,9.84,True,0.9633568242694495,-0.051731888787359175,-0.26318708330002305,1.29,0.0000,0.00,0.0000,0.0000,1.0000,23.8577,1,582,0,0,0.001929
673,31,21000000,31.021000000,88.76881706660863,-57.4521050028306,25.602234340868232,0.15168456249246978,-0.16402980576321488,-0.1281065486266214,0.9662684557211443,565,555,462,554,462,0,0.8324,0.9823,13.6328,28.7740,0.9558,0,True,8.20,True,0.7795359059651029,0.43306156194627304,-0.45252784983448335,1.26,0.0000,0.00,0.0000,0.0000,1.0000,35.9240,1,555,0,0,0.003054
674,31,54000000,31.054000000,89.02643722259458,-57.0018867537728,24.747286749816546,0.15048665899998487,-0.16398778129087374,-0.11818246586446855,0.9677265511561168,462,457,451,454,451,0,0.9869,0.9892,11.6991,25.3282,1.0033,0,True,8.20,True,-0.1363495743347624,0.17913663940343144,-0.9743299533535721,1.16,0.0000,0.00,0.0000,0.0000,1.0000,38.4173,1,457,0,0,0.003500
675,31,87000000,31.087000000,89.53057971984458,-56.66301041770295,23.952929669330455,0.1489193494733976,-0.16430044454484832,-0.10908478497603924,0.9689834368870897,451,450,448,450,448,0,0.9956,0.9978,10.6311,26.1231,0.8438,0,True,8.20,True,0.14483948182115192,0.14234059029441934,-0.9791632554688806,1.07,0.0000,0.00,0.0000,0.0000,1.0000,47.0495,1,450,0,0,0.002977
676,31,120000000,31.120000000,90.03691555042451,-55.8111039554381,24.08664356622344,0.1478992722640129,-0.16589213464446487,-0.10003593338043797,0.9698445323656687,448,447,447,447,447,0,1.0000,0.9978,9.5669,11.8580,0.7735,0,True,8.20,True,0.2833968196712042,0.9194927019156135,-0.27243240211871195,1.06,0.0000,0.00,0.0000,0.0000,1.0000,28.7532,1,447,0,0,0.002669
677,31,153000000,31.153000000,90.92724881528386,-56.025434835552865,23.684936021716112,0.1465777243735855,-0.1667687534961599,-0.09309427083003101,0.9705857047749175,447,445,300,445,300,0,0.6742,0.9955,8.5299,10.7007,0.7521,0,True,6.56,True,0.7582409262279903,-0.2001688706673373,-0.620486197274913,0.82,0.0000,0.00,0.0000,0.0000,1.0000,21.2487,1,445,0,0,0.004379
678,31,186000000,31.186000000,91.77519959826584,-55.9401918228644,23.161760048999447,0.1453906097474479,-0.16731010254219814,-0.08688402315687815,0.9712466559554578,300,300,296,300,296,0,0.9867,1.0000,7.6202,9.6349,0.7687,0,True,6.56,True,0.6114271783195845,0.026776409866442148,-0.7908475387119916,0.73,0.0000,0.00,0.0000,0.0000,1.0000,22.3411,1,300,0,0,0.003743
679,31,219000000,31.219000000,92.46433983218624,-56.157996178499985,22.470639943186935,0.14403740480818192,-0.1677976461898974,-0.08186764898859211,0.9717998065436804,296,296,235,296,235,0,0.7939,1.0000,6.5465,8.8529,0.7486,0,True,6.56,True,0.4803570422897654,-0.33780709812286536,-0.8094093379622188,0.60,0.0000,0.00,0.0000,0.0000,1.0000,25.9799,1,296,0,0,0.004220
680,31,252000000,31.252000000,93.11404802663196,-56.191764917644164,21.711206645045042,0.14272413432736492,-0.16789746544270676,-0.07744800714373756,0.9723384538152767,235,235,235,235,235,0,1.0000,1.0000,5.5329,6.9798,0.6797,0,True,6.56,True,0.3816536073026063,-0.19340956411073412,-0.9038436062413696,0.53,0.0000,0.00,0.0000,0.0000,1.0000,12.7272,0,235,0,0,0.002474
681,31,285000000,31.285000000,93.31557523673641,-56.04913678308748,22.680249471147377,0.1446215693506517,-0.18241547043621437,-0.0708021221734831,0.9699465229175371,235,235,235,235,235,0,1.0000,1.0000,4.4107,6.3457,0.7143,0,True,6.56,True,0.4544062613273028,0.4499619235026253,0.7687972535489188,1.86,0.0000,0.00,0.0000,0.0000,1.0000,10.2143,0,235,0,0,0.002276
682,31,318000000,31.318000000,93.26390406286805,-55.051375799933396,22.637786425019662,0.14893894002467564,-0.17934671588298312,-0.052932418782566756,0.9710046893234562,235,235,235,235,235,0,1.0000,1.0000,3.2406,4.2907,0.7060,0,True,6.56,True,-0.251556320171987,0.9286398710580909,-0.272667210464957,2.14,0.0000,0.00,0.0000,0.0000,1.0000,15.6226,1,235,0,0,0.003855
683,31,351000000,31.351000000,93.97983701001202,-54.86598269550232,21.964682115106893,0.14793900411392805,-0.1792490361458105,-0.051177046215697054,0.9712696556792112,235,234,164,234,164,0,0.7009,0.9957,2.0669,2.9297,0.6848,0,True,6.56,True,0.4130784856367301,0.004006920177454755,-0.9106866142064225,0.23,0.0000,0.00,0.0000,0.0000,1.0000,7.3158,0,234,0,0,0.002606
684,31,384000000,31.384000000,94.12674105986467,-55.678163626592294,21.400074875239476,0.13326708537326207,-0.165457340198434,-0.08022242644498548,0.973872740570273,164,164,164,164,164,0,1.0000,1.0000,1.0288,1.6421,0.7162,0,True,6.56,True,0.07246490750818817,-0.9381769252758019,-0.33848618001311737,4.06,0.0000,0.00,0.0000,0.0000,1.0000,3.8758,0,164,0,0,0.003084
685,31,417000000,31.417000000,94.06474274069924,-54.9028788501387,22.0286365061238,0.14207720524767684,-0.1754898542335342,-0.06299449900568596,0.9721363442980233,164,164,164,164,164,0,1.0000,1.0000,0.6147,0.9687,0.6655,0,True,6.56,True,-0.024010451404939064,0.9106565475610084,0.41246593872415216,2.51,0.0000,0.00,0.0000,0.0000,1.0000,1.1247,0,164,0,0,0.003050
686,31,450000000,31.450000000,94.63712107393822,-55.513087441155086,22.576385097256953,0.14115726458154357,-0.1779255080002112,-0.06649568009396306,0.9715942902197214,164,164,164,164,164,0,1.0000,1.0000,1.7182,1.9534,0.5091,0,True,6.56,True,0.8148341899390702,-0.37574971250005085,0.44142654707489964,0.50,0.0000,0.00,0.0000,0.0000,1.0000,2.5559,0,164,0,0,0.005328
687,31,483000000,31.483000000,94.83426214899063,-55.57024076051554,23.55509286498604,0.14289525830961508,-0.1856438598356311,-0.06851500165901539,0.9697540909971054,164,164,164,164,164,0,1.0000,1.0000,2.9477,3.2673,0.3539,0,True,6.56,True,0.5131797551802659,0.252813996904063,0.8202021835148421,0.96,0.0000,0.00,0.0000,0.0000,1.0000,3.0148,0,164,0,0,0.002042
688,31,516000000,31.516000000,94.86619323353058,-55.141393777661975,22.652280220448166,0.1419337434701668,-0.1815915531238682,-0.07031130206046583,0.970533688802799,164,164,164,164,164,0,1.0000,1.0000,4.1786,4.6948,0.5204,0,True,6.56,True,-0.35769652136545443,0.1366786324433511,-0.9237814406213564,0.53,0.0000,0.00,0.0000,0.0000,1.0000,8.4711,0,164,0,0,0.003660
689,31,549000000,31.549000000,94.99176728605289,-55.94520060745433,22.070794418633294,0.13465750627373949,-0.17273799682944696,-0.09055722368182026,0.9715082756696046,164,164,164,164,164,0,1.0000,1.0000,5.3926,6.0836,0.6528,0,True,4.92,True,0.07383101729326338,-0.9278582995579622,-0.36555157888709605,2.67,0.0000,0.00,0.0000,0.0000,1.0000,10.9048,0,164,0,0,0.003330
690,31,582000000,31.582000000,94.99515363356991,-55.12399460905042,22.641416220561617,0.14264451686536497,-0.17999185883220328,-0.07911395281095648,0.9700497178150204,164,164,164,164,164,0,1.0000,1.0000,6.5637,7.4287,0.6779,0,True,4.92,True,-0.0019663608771921795,0.9455448463418668,0.3254859090363761,1.81,0.0000,0.00,0.0000,0.0000,1.0000,20.6396,1,164,0,0,0.004761
691,31,615000000,31.615000000,95.164610671228,-55.896247915513555,22.02911797375301,0.14265733935306404,-0.17751238171957898,-0.08734657349777435,0.9697983367500407,164,164,164,164,164,0,1.0000,1.0000,7.6953,8.6964,0.6758,0,True,4.92,True,0.11454720740993846,-0.9007395095874038,-0.418983619181977,0.99,0.0000,0.00,0.0000,0.0000,1.0000,19.5782,1,164,0,0,0.003647
692,31,648000000,31.648000000,95.31359607351455,-55.95035252881665,23.016476085445436,0.14607401220483934,-0.19369704624910747,-0.09305923000690977,0.9656520164858938,164,164,164,164,164,0,1.0000,1.0000,8.7794,9.8904,0.6724,0,True,4.92,True,0.4645728670266691,0.2704360591896604,0.8432297368526489,2.06,0.0000,0.00,0.0000,0.0000,1.0000,21.0911,1,164,0,0,0.003405
693,31,681000000,31.681000000,95.38661347162274,-56.793177475553414,22.483264524494555,0.14127092502116495,-0.18623706377839377,-0.11465667106344915,0.9655113306427403,164,164,164,164,164,0,1.0000,1.0000,9.7999,11.0039,0.6803,0,True,4.92,True,0.08047342445186637,-0.9529169388609066,-0.29235823160798596,2.68,0.0000,0.00,0.0000,0.0000,1.0000,21.2417,1,164,0,0,0.002125
694,31,714000000,31.714000000,95.41256548406112,-55.85180920317141,22.819645660711963,0.1507400157910089,-0.18856962611799782,-0.10135723872354148,0.9651143216756157,164,164,164,164,164,0,1.0000,1.0000,10.7596,12.0304,0.7081,0,True,3.28,True,-0.12441354703454217,0.9895527663597723,0.07284635820688051,1.89,0.0000,0.00,0.0000,0.0000,1.0000,31.1283,1,164,0,0,0.005010
695,31,747000000,31.747000000,95.55511363366247,-55.15292063244118,22.1187642222733,0.15162424317028939,-0.18291390796543067,-0.10777929609695713,0.965368434582722,164,164,164,164,164,0,1.0000,1.0000,11.6700,12.9841,0.7115,0,True,3.28,True,-0.28067414398268914,0.44183027284964715,-0.8520610511537251,0.99,0.0000,0.00,0.0000,0.0000,1.0000,32.3345,1,164,0,0,0.001979
696,31,780000000,31.780000000,95.57994576967269,-56.00888589333464,21.602327549326123,0.14716661247671578,-0.17543496340457101,-0.1314943507553437,0.9645070230469012,164,164,164,164,164,0,1.0000,1.0000,12.5124,13.7812,0.7246,0,True,3.28,True,0.08268844545474478,-0.9644791388057338,-0.25088366187703043,2.90,0.0000,0.00,0.0000,0.0000,1.0000,31.0941,1,164,0,0,0.004092
697,31,813000000,31.813000000,95.76085261988196,-55.43459022904535,22.400736718565728,0.15245107235393904,-0.18252031805675095,-0.13359513893412045,0.962079696744386,164,164,164,164,164,0,1.0000,1.0000,13.2954,14.5690,0.7230,0,True,3.28,True,0.2274818328872257,0.8295999864598472,0.5099175209502903,1.08,0.0000,0.00,0.0000,0.0000,1.0000,21.8444,1,164,0,0,0.003440
698,31,846000000,31.846000000,95.70109164887873,-56.3042381189972,21.91069470623715,0.15002472952720805,-0.17651567220811884,-0.15492193218257205,0.9603822118948385,164,164,164,164,164,0,1.0000,1.0000,14.0451,15.2426,0.7208,0,True,3.28,True,0.06616004099146644,-0.9778654933359505,-0.1984991836729949,2.56,0.0000,0.00,0.0000,0.0000,1.0000,38.6992,1,164,0,0,0.003821
699,31,879000000,31.879000000,95.52937985572406,-56.98181365483836,21.19556782706034,0.14748032277464898,-0.1657240377034764,-0.17775996487753962,0.9587421408326005,164,164,164,164,164,0,1.0000,1.0000,14.7304,15.8419,0.7130,0,True,3.28,True,-0.12447522592089798,-0.9017358873307363,-0.41397863185409817,2.92,0.0000,0.00,0.0000,0.0000,1.0000,38.8643,1,164,0,0,0.003622
700,31,912000000,31.912000000,95.84976619486012,-56.280720774441235,21.832608929934754,0.1533325198602014,-0.17089065128111808,-0.17910179599795492,0.9566650774060602,164,164,164,164,164,0,1.0000,1.0000,15.3887,16.4012,0.7421,0,True,3.28,True,0.17833375572083426,0.9375136911411651,0.2987727405460042,0.94,0.0000,0.00,0.0000,0.0000,1.0000,44.0217,1,164,0,0,0.003899
701,31,945000000,31.945000000,95.63986499959987,-57.179419822050846,21.44753554724791,0.14835221224527978,-0.1637536030597081,-0.20912676757961338,0.9525976977132568,164,164,164,164,164,0,1.0000,1.0000,15.9969,16.8811,0.7820,0,True,3.28,True,0.06613143945871396,-0.9962566498384793,-0.055671540015774144,3.61,0.0000,0.00,0.0000,0.0000,1.0000,41.6982,1,164,0,0,0.003522
702,31,978000000,31.978000000,96.59529962067425,-57.37771639201392,21.228850487874134,0.15024499242599446,-0.16090950606875787,-0.22313422412145797,0.9496029123445948,164,164,125,164,125,0,0.7622,1.0000,16.5841,17.3057,0.8140,0,True,3.28,True,0.8546087499939371,0.08523956188769354,-0.5122285637515683,1.69,0.0000,0.00,0.0000,0.0000,1.0000,81.8444,1,164,0,0,0.006553
703,32,11000000,32.011000000,97.02055509680106,-56.47513447971556,21.295959888228833,0.1580297354658084,-0.15746202295812045,-0.2249527467797717,0.9484875200817241,125,125,125,125,125,0,1.0000,1.0000,17.1811,17.8905,0.7142,0,True,3.28,True,-0.049238397910327025,0.9555763264841955,-0.29060190025909055,1.01,0.0000,0.00,0.0000,0.0000,1.0000,51.3197,1,125,0,0,0.003909
704,32,44000000,32.044000000,96.97093439352541,-55.936869380883664,20.454646350250336,0.1615132471034706,-0.14632287777571093,-0.23731428668251417,0.9466704895505602,125,125,125,125,125,0,1.0000,1.0000,17.7169,18.6776,0.7304,0,True,3.28,True,-0.4901054142745668,0.12639001214496168,-0.8624513016563611,1.96,0.0000,0.00,0.0000,0.0000,1.0000,51.0920,1,125,0,0,0.003679
705,32,77000000,32.077000000,97.4378584193913,-55.0637638780241,20.594891617355934,0.17034240318877894,-0.14375986293142481,-0.23850634591467823,0.9452149440440717,125,125,125,125,125,0,1.0000,1.0000,18.2424,19.5589,0.7851,0,True,3.28,True,-0.011129528341818526,0.9695636640759219,-0.24458625248071852,1.08,0.0000,0.00,0.0000,0.0000,1.0000,42.9791,1,125,0,0,0.001545
706,32,110000000,32.110000000,98.30613094312768,-55.4081853836303,20.23785289256492,0.1720566090746478,-0.1401761116265621,-0.2541369991177993,0.9413615493966127,125,125,92,125,92,0,0.7360,1.0000,18.7621,20.4115,0.7749,0,True,3.28,True,0.837740622876229,-0.0757453235185197,-0.5407895105750691,1.90,0.0000,0.00,0.0000,0.0000,1.0000,65.1823,1,125,0,0,0.006213
707,32,143000000,32.143000000,98.30613094312768,-55.4081853836303,20.23785289256492,0.1720566090746478,-0.1401761116265621,-0.2541369991177993,0.9413615493966127,2000,0,0,0,0,0,0.0000,0.0000,0.0000,0.0000,0.0000,1,True,4.92,True,0.0,0.0,0.0,0.00,0.0000,0.00,0.0000,0.0000,1.0000,53.1168,1,2000,0,0,0.003635
708,32,176000000,32.176000000,99.21263507100694,-55.290176387510705,20.643222036645593,0.17444383165574634,-0.13731563684512144,-0.26965705557771674,0.9370159218776576,2000,1908,1505,1853,1505,0,0.7888,0.9540,23.3990,112.3765,3.4574,0,True,4.92,True,0.7631612088499717,0.6459817219052808,0.0171050948824673,1.90,0.0000,0.00,0.0000,0.0000,1.0000,44.4429,1,1908,0,0,0.002989
709,32,209000000,32.209000000,99.84043031650424,-55.19833265397425,21.416163081189787,0.1761620080881948,-0.13474438202356545,-0.2850144128972975,0.9325114920794441,1505,1491,1487,1487,1487,0,0.9973,0.9907,24.6654,96.9024,1.3042,0,True,3.28,True,0.5881929077805651,0.670000523955809,0.4529110300440752,1.87,0.0000,0.00,0.0000,0.0000,1.0000,54.8739,1,1491,0,0,0.002412
710,32,242000000,32.242000000,100.66500914029446,-55.449117244484306,20.909037009567133,0.17769952528343147,-0.13082251081398294,-0.30100883725056443,0.9277402811538538,1487,1473,796,1456,796,0,0.5404,0.9906,24.6714,161.0965,1.3843,0,True,3.28,True,0.7293654069453398,-0.0008750293677198909,-0.6841237735052512,1.97,0.0000,0.00,0.0000,0.0000,1.0000,45.6187,1,1473,0,0,0.003820
711,32,275000000,32.275000000,101.14272356726097,-55.28851217584105,21.772746994570284,0.17932688914723657,-0.12843876587108743,-0.3161923565792308,0.9226959108455826,796,796,789,791,789,0,0.9912,1.0000,23.6861,98.6522,1.4429,0,True,3.28,True,0.3948846956408986,0.7187630832420325,0.5722287194094701,1.86,0.0000,0.00,0.0000,0.0000,1.0000,79.3825,1,796,0,0,0.005509
712,32,308000000,32.308000000,102.13815029128253,-55.24334821483998,21.688569481359316,0.18151057547904093,-0.12477648155950351,-0.33166519585133164,0.9173237915260871,789,783,738,780,738,0,0.9425,0.9924,23.0329,61.3973,1.3959,0,True,3.28,True,0.7247045083947361,0.5335104681159302,-0.43608480359107316,1.94,0.0000,0.00,0.0000,0.0000,1.0000,38.0639,1,783,0,0,0.002432
713,32,341000000,32.341000000,102.8612181447078,-55.0493071909092,22.351533251391174,0.18379508660486396,-0.12243628430441954,-0.3463877187319046,0.9117259844587873,738,731,727,727,727,0,0.9945,0.9905,21.9229,41.6168,1.3581,0,True,3.28,True,0.48655845003001597,0.8214361286407483,0.2974954810885171,1.84,0.0000,0.00,0.0000,0.0000,1.0000,80.8952,1,731,0,0,0.003662
714,32,374000000,32.374000000,103.81151482405062,-55.2215325342594,22.09215967459911,0.18553865284644128,-0.11870398692543946,-0.3617518410793463,0.90588099508911,727,723,639,721,639,0,0.8838,0.9945,21.5052,62.7499,1.3079,0,True,3.28,True,0.7854151760783336,0.32927028544425563,-0.5241221997867472,1.94,0.0000,0.00,0.0000,0.0000,1.0000,53.4500,1,723,0,0,0.004846
715,32,407000000,32.407000000,104.7201956429988,-55.40920418010234,22.46509200441547,0.1870704247191062,-0.11526222722785279,-0.37687370440454504,0.8998252530898895,639,634,463,633,463,0,0.7303,0.9922,20.5849,35.8374,1.3065,0,True,3.28,True,0.806655707969768,0.5872898281645622,0.06631158672684065,1.92,0.0000,0.00,0.0000,0.0000,1.0000,52.7094,1,634,0,0,0.003325
716,32,440000000,32.440000000,105.45949657963683,-55.96154937107963,22.079931109346443,0.18858379736444197,-0.11146137397991618,-0.39205831761730714,0.8934779175050735,463,456,323,456,323,0,0.7083,0.9849,19.7633,47.3860,1.1255,0,True,3.28,True,0.8825029325286807,-0.050371521331340055,-0.4676016295064051,1.94,0.0000,0.00,0.0000,0.0000,1.0000,60.7634,1,456,0,0,0.003839
717,32,473000000,32.473000000,106.07632140823446,-56.20242764464551,22.829267341053818,0.18970915672782215,-0.10894437396418524,-0.4062918231703511,0.8871688191432804,323,320,319,319,319,0,0.9969,0.9907,19.3167,32.0407,1.1038,0,True,3.28,True,0.6292026103274752,0.5745268194315705,0.5234720708031468,1.81,0.0000,0.00,0.0000,0.0000,1.0000,42.8052,1,320,0,0,0.002716
718,32,506000000,32.506000000,106.46607269202738,-57.11920341686047,22.916537726989766,0.18978915064205543,-0.10574306365515324,-0.42088604245539174,0.8807118836791222,319,317,317,317,317,0,1.0000,0.9937,18.8378,28.8062,1.0838,0,True,3.28,True,0.9540391952442985,-0.24615475946402182,0.17092995153225957,1.87,0.0000,0.00,0.0000,0.0000,1.0000,61.4072,1,317,0,0,0.003923
719,32,539000000,32.539000000,106.63896110276306,-56.81940556837217,21.978331540975702,0.19110279304273783,-0.10050539594421991,-0.4345313454201239,0.8743917301328605,317,314,314,314,314,0,1.0000,0.9905,18.3851,29.7471,1.0532,0,True,3.28,True,-0.15138319028437747,-0.10393468817776283,-0.9829957834562238,1.83,0.0000,0.00,0.0000,0.0000,1.0000,67.6963,1,314,0,0,0.004125
720,32,572000000,32.572000000,107.1831937548016,-57.6578776241314,22.00617812363797,0.1918231195199074,-0.09730344619522026,-0.4481264971745959,0.8677088064012096,314,313,313,313,313,0,1.0000,0.9968,17.9690,30.8864,1.0623,0,True,3.28,True,0.9973508001372627,-0.056197625302037924,0.04618666881226355,1.78,0.0000,0.00,0.0000,0.0000,1.0000,52.1246,1,313,0,0,0.002222
721,32,605000000,32.605000000,107.27917274228933,-57.574695721960744,21.01427651303736,0.19252315834033115,-0.09310951109771073,-0.46098550670841454,0.8612536299201271,313,312,235,312,235,0,0.7532,0.9968,17.5351,34.3738,1.0418,0,True,3.28,True,-0.009146446747228311,-0.30198928724835833,-0.9532674403855032,1.72,0.0000,0.00,0.0000,0.0000,1.0000,55.3632,1,312,0,0,0.005175
722,32,638000000,32.638000000,107.91706723352473,-58.09861408030256,20.4498297291472,0.19510336164867748,-0.09014910035190057,-0.473977421922135,0.8539046911026866,235,235,164,235,164,0,0.6979,1.0000,16.5597,18.4748,1.0016,0,True,3.28,True,0.8001831113751808,-0.01439338280257815,-0.5995830374530565,1.77,0.0000,0.00,0.0000,0.0000,1.0000,47.0519,1,235,0,0,0.002306
723,32,671000000,32.671000000,107.07450342623105,-58.46821691601266,20.0580645259019,0.18993479105389305,-0.07838591571560662,-0.5015059233807333,0.8404000429431081,164,164,164,164,164,0,1.0000,1.0000,16.0606,17.9688,0.9863,0,True,1.64,True,-0.12597458541241865,-0.9917994965133353,0.021544431903945428,3.81,0.0000,0.00,0.0000,0.0000,1.0000,45.9981,1,164,0,0,0.004158
724,32,704000000,32.704000000,107.46145550651576,-59.22247314921724,19.527625441524282,0.19060113325381553,-0.07525846608518112,-0.513074382489608,0.8335238744737756,164,164,145,164,145,0,0.8841,1.0000,15.5979,17.6704,0.9972,0,True,1.64,True,0.87696523890688,-0.21682396967182493,-0.42885817693586115,1.59,0.0000,0.00,0.0000,0.0000,1.0000,47.3955,1,164,0,0,0.003438
725,32,737000000,32.737000000,107.96916949785742,-59.892672245892875,18.986275578855903,0.19082973921871957,-0.0719386753625175,-0.5237335550899743,0.8271106340083041,145,145,62,145,62,0,0.4276,1.0000,14.9689,16.3477,1.0182,0,True,1.64,True,0.8650801156518128,-0.06277411542222602,-0.49769047000801964,1.48,0.0000,0.00,0.0000,0.0000,1.0000,48.5786,1,145,0,0,0.003660
726,32,770000000,32.770000000,107.96916949785742,-59.892672245892875,18.986275578855903,0.19082973921871957,-0.0719386753625175,-0.5237335550899743,0.8271106340083041,2000,0,0,0,0,0,0.0000,0.0000,0.0000,0.0000,0.0000,1,True,3.28,True,0.0,0.0,0.0,0.00,0.0000,0.00,0.0000,0.0000,1.0000,41.7912,1,2000,0,0,0.003280
727,32,803000000,32.803000000,108.91033020244129,-60.16064629604402,18.78034734720034,0.1919801745379051,-0.06947535623024992,-0.5332591812883388,0.820945450704714,2000,1986,1750,1905,1750,0,0.8812,0.9930,20.1792,219.3518,2.2790,0,True,3.28,True,0.6712836542290975,0.6075821265951713,-0.42452587083347276,1.34,0.0000,0.00,0.0000,0.0000,1.0000,16.5339,1,1986,0,0,0.001340
728,32,836000000,32.836000000,109.39167322693342,-61.02875905054965,18.901546102298685,0.19250599199055599,-0.06746185704233743,-0.5424256340227301,0.8149630497434656,1750,1741,1500,1739,1500,0,0.8616,0.9949,15.6605,174.0220,1.2272,0,True,3.28,True,0.975188172744192,0.1453855001989574,0.16694635087878681,1.28,0.0000,0.00,0.0000,0.0000,1.0000,41.2620,1,1741,0,0,0.003465
729,32,869000000,32.869000000,110.19481885265877,-61.47401395032693,18.50568605366715,0.19353227996764685,-0.06528802507777764,-0.550700424105687,0.8093279763370252,1500,1493,1266,1491,1266,0,0.8480,0.9953,14.3677,36.7701,1.1330,0,True,3.28,True,0.7675877550016985,0.385787640293253,-0.5118368245529193,1.18,0.0000,0.00,0.0000,0.0000,1.0000,57.7548,1,1493,0,0,0.003590
730,32,902000000,32.902000000,111.05731903050912,-61.97594328519153,18.441184999330954,0.19413773521173705,-0.06340398590371837,-0.5579629744660942,0.8043430819391233,1266,1258,1254,1255,1254,0,0.9968,0.9937,12.9081,38.8871,1.0809,0,True,3.28,True,0.7990383932874232,0.5622991777173196,-0.21297248834316412,1.03,0.0000,0.00,0.0000,0.0000,1.0000,18.0045,1,1258,0,0,0.003112
731,32,935000000,32.935000000,111.29632726927451,-62.8542271806565,18.8553014814578,0.19418817396000637,-0.06249259501409795,-0.5653475290952669,0.7992295039651367,1254,1251,1249,1249,1249,0,0.9984,0.9976,11.9564,26.9802,1.0637,0,True,3.28,True,0.8507505848228227,0.10205820660639923,0.5155652867367144,1.03,0.0000,0.00,0.0000,0.0000,1.0000,44.0015,1,1251,0,0,0.003595
732,32,968000000,32.968000000,112.02754816077773,-63.48823144323894,18.603598078905254,0.19499625829036496,-0.06113153507432311,-0.5717526502853701,0.7945679968157975,1249,1246,1238,1246,1238,0,0.9936,0.9976,11.0279,24.7901,1.0849,0,True,3.28,True,0.8765376501094391,0.3662207227531505,-0.312352573491532,0.93,0.0000,0.00,0.0000,0.0000,1.0000,34.1947,1,1246,0,0,0.003350
733,33,1000000,33.001000000,113.02000608455741,-63.50574020589396,18.482269134472347,0.19656677760869218,-0.06003111600747033,-0.5765226016886668,0.7908093681751396,1238,1223,1223,1223,1223,0,1.0000,0.9879,9.9985,22.4245,1.0978,0,True,3.28,True,0.367761939460685,0.8272707205802082,-0.424704969072436,0.73,0.0000,0.00,0.0000,0.0000,1.0000,24.3535,1,1223,0,0,0.004762
734,33,34000000,33.034000000,113.0760929031597,-64.47366127693616,18.237354722867828,0.19687598653661292,-0.05872484815153483,-0.5820609308553847,0.7867631860392158,1223,1213,1190,1212,1190,0,0.9810,0.9918,8.9817,19.7951,1.0369,0,True,3.28,True,0.9560860159147786,-0.29296759263509803,-0.008337855707621085,0.80,0.0000,0.00,0.0000,0.0000,1.0000,26.0059,1,1213,0,0,0.003598
735,33,67000000,33.067000000,113.58743382353128,-64.58941666800153,19.088901053135793,0.19745642059733967,-0.05819019058808284,-0.5870036111971867,0.7829761325389627,1190,1183,996,1182,996,0,0.8419,0.9941,7.9719,18.0399,0.9972,0,True,3.28,True,0.15355361412863447,0.75017437966427,0.6431638109248389,0.72,0.0000,0.00,0.0000,0.0000,1.0000,15.8048,1,1183,0,0,0.002419
736,33,100000000,33.100000000,114.11348555702641,-65.43922787011469,19.12192368855063,0.1977556714596737,-0.05672631911821262,-0.5903105529284595,0.7805179499704853,996,992,386,991,386,0,0.3891,0.9960,7.1057,17.0765,0.9093,0,True,3.28,True,0.9560083299922757,0.28603502903219474,0.0650540940443519,0.50,0.0000,0.00,0.0000,0.0000,1.0000,27.5654,1,992,0,0,0.004905
737,33,133000000,33.133000000,114.05269217544038,-66.14025830704661,18.411388333166833,0.19813159408272074,-0.055514105734001125,-0.5937917091199708,0.7778646808225568,386,384,374,384,374,0,0.9740,0.9948,8.0020,14.5038,1.0645,0,True,3.28,True,0.7466644603633553,-0.47921627587628257,-0.46135013229169636,0.52,0.0000,0.00,0.0000,0.0000,1.0000,10.0872,0,384,0,0,0.002092
738,33,166000000,33.166000000,114.34345859526496,-67.09686053478032,18.4305473257627,0.19823952458478036,-0.05563529447738844,-0.5965875000341715,0.7756862508152327,374,369,368,368,368,0,0.9973,0.9866,6.6945,12.4814,1.0787,0,True,3.28,True,0.9858117538635336,0.062453132224787065,0.1558036977090632,0.41,0.0000,0.00,0.0000,0.0000,1.0000,17.6166,1,369,0,0,0.004431
739,33,199000000,33.199000000,114.49839616947999,-67.90248555364144,17.858740822580575,0.19867879095678112,-0.05582945929790259,-0.5988213238704383,0.7738364372246316,368,364,363,364,363,0,0.9973,0.9891,5.3184,18.6992,1.0786,0,True,3.28,True,0.8929877390119713,-0.24266561645483686,-0.3790597532907991,0.34,0.0000,0.00,0.0000,0.0000,1.0000,10.3951,0,364,0,0,0.002102
740,33,232000000,33.232000000,114.54181728321376,-68.6557460193131,17.202453326327415,0.1990064970994447,-0.05522898701979081,-0.6002332567291957,0.7727005957168921,363,355,299,355,299,0,0.8423,0.9780,3.8715,8.5201,0.9887,0,True,3.28,True,0.826280943353595,-0.35997938098522025,-0.4332143209961909,0.22,0.0000,0.00,0.0000,0.0000,1.0000,7.9493,0,355,0,0,0.004933
741,33,265000000,33.265000000,114.59936111472886,-69.28577343257668,16.428015358514,0.1995708565909323,-0.054738172369409414,-0.6010832166606502,0.7719288648146954,299,293,253,293,253,0,0.8635,0.9799,2.6134,6.1425,0.9873,0,True,3.28,True,0.7329070692459304,-0.36355950454967245,-0.5750406198704036,0.16,0.0000,0.00,0.0000,0.0000,1.0000,4.5976,0,293,0,0,0.003402
742,33,298000000,33.298000000,114.32107576893742,-69.98274888716682,17.08891057109808,0.1909719594809356,-0.058521270705994444,-0.6023193053175178,0.772862488421317,253,251,251,251,251,0,1.0000,0.9921,1.1911,2.4577,0.9557,0,True,3.28,True,0.4837743645360037,-0.14286807809148608,0.8634529961035695,1.09,0.0000,0.00,0.0000,0.0000,1.0000,1.8121,0,251,0,0,0.003000
743,33,331000000,33.331000000,114.08698430820135,-70.7426623418872,16.48250086690016,0.19123598891423044,-0.05881005923607939,-0.6021505301222557,0.7729067942191553,251,251,238,251,238,0,0.9482,1.0000,0.8163,1.7232,0.8980,0,True,3.28,True,0.7464948341493604,-0.5875768005336658,-0.3122482442912042,0.05,0.0000,0.00,0.0000,0.0000,1.0000,0.4559,0,251,0,0,0.003318
744,33,364000000,33.364000000,114.60680050599491,-71.50149738211553,16.09012285753535,0.1916600473147109,-0.059951091341858644,-0.6004162485443069,0.7740624144048232,238,238,238,238,238,0,1.0000,1.0000,2.1041,2.7464,0.5554,0,True,3.28,True,0.9173629140989128,0.17532877462359914,-0.3573585099377626,0.28,0.0000,0.00,0.0000,0.0000,1.0000,4.2912,0,238,0,0,0.004168
745,33,397000000,33.397000000,114.35167689320585,-72.4435215658324,15.872172451502193,0.19154841300443026,-0.06065930329786368,-0.5988919968396872,0.7752148286251199,238,237,237,237,237,0,1.0000,0.9958,3.5454,4.9335,0.7958,0,True,3.28,True,0.8578653238322789,-0.505256383452429,0.09371805133863827,0.23,0.0000,0.00,0.0000,0.0000,1.0000,7.4128,0,237,0,0,0.003874
746,33,430000000,33.430000000,113.42529801648293,-72.82010132588053,15.875312687745513,0.19027086578795216,-0.0604028954071185,-0.5977135383748299,0.7764579923615832,237,237,237,237,237,0,1.0000,1.0000,4.9718,7.1994,0.8290,0,True,3.28,True,0.10296537306581088,-0.9163002482136755,0.3870296979211995,0.25,0.0000,0.00,0.0000,0.0000,1.0000,10.0717,0,237,0,0,0.003652
747,33,463000000,33.463000000,112.96739619746738,-73.45401805816381,15.252034659355653,0.19009494090960904,-0.06061691441563745,-0.5949350467370845,0.7786153050712801,237,237,237,237,237,0,1.0000,1.0000,6.3402,9.2802,0.7490,0,True,3.28,True,0.5588965761773281,-0.778736086240238,-0.2849644278230117,0.40,0.0000,0.00,0.0000,0.0000,1.0000,12.3220,0,237,0,0,0.003483
748,33,496000000,33.496000000,113.14176471996386,-74.05636643578067,14.47307891584725,0.1904121890527576,-0.0612416871630283,-0.5909787748086063,0.7814964758329248,237,237,237,237,237,0,1.0000,1.0000,7.6768,11.3537,0.7675,0,True,3.28,True,0.7242419350943136,-0.261661208806273,-0.6379710269729216,0.57,0.0000,0.00,0.0000,0.0000,1.0000,4.8447,0,237,0,0,0.001197
749,33,529000000,33.529000000,113.58128102644731,-74.88819098233184,14.812038117064843,0.18880851417747513,-0.06517571458478734,-0.5852161859502775,0.7858915236241364,237,237,237,237,237,0,1.0000,1.0000,8.9347,13.1717,0.7504,0,True,3.28,True,0.873124350259843,0.33067631298767025,0.3581997278226314,0.96,0.0000,0.00,0.0000,0.0000,1.0000,24.5265,1,237,0,0,0.005200
750,33,562000000,33.562000000,113.44188114575782,-75.7811408808476,14.384009903036322,0.18868588465138808,-0.0664562091983149,-0.580279731764749,0.7894660487287238,237,237,235,237,235,0,0.9916,1.0000,10.1433,14.9485,0.7851,0,True,3.28,True,0.8513495076619725,-0.5021232037770236,-0.15190886752396862,0.71,0.0000,0.00,0.0000,0.0000,1.0000,8.9872,0,237,0,0,0.001649
751,33,595000000,33.595000000,113.20105205660174,-76.36455168094871,13.608359731798258,0.18888104377919274,-0.06775391299314218,-0.5749812898757463,0.7931770766151928,235,235,235,235,235,0,1.0000,1.0000,11.2664,16.5211,0.7733,0,True,3.28,True,0.5611133724506843,-0.6544914932947578,-0.5067471445028753,0.76,0.0000,0.00,0.0000,0.0000,1.0000,31.9657,1,235,0,0,0.004800
752,33,628000000,33.628000000,113.42359714333644,-75.97303594033559,12.715505259209147,0.19177685022114052,-0.0684864999390985,-0.5687245730026496,0.7969213255449398,235,235,235,235,235,0,1.0000,1.0000,12.2950,17.8810,0.7850,0,True,3.28,True,-0.19581023089495958,-0.035094222581968475,-0.9800136473632547,0.90,0.0000,0.00,0.0000,0.0000,1.0000,26.4182,1,235,0,0,0.004168
753,33,661000000,33.661000000,113.42996826700494,-76.55682311596773,11.903623529921779,0.19188532260533994,-0.07003262940617663,-0.5618322584353347,0.8016358070648746,235,235,226,235,226,0,0.9617,1.0000,13.2449,19.0870,0.8138,0,True,3.28,True,0.6351818634327971,-0.468995750328892,-0.6136668367603706,0.97,0.0000,0.00,0.0000,0.0000,1.0000,36.5685,1,235,0,0,0.004665
754,33,694000000,33.694000000,114.12808458901802,-76.22013068335764,11.271743947436317,0.19590314880425802,-0.07110324968513737,-0.5519335378292869,0.8074253240963134,226,226,226,226,226,0,1.0000,1.0000,13.9995,20.1144,0.8264,0,True,3.28,True,0.00350272566513432,0.4653011674487719,-0.8851454990473174,1.40,0.0000,0.00,0.0000,0.0000,1.0000,33.8475,1,226,0,0,0.003918
755,33,727000000,33.727000000,114.4936297307362,-75.75928180749696,10.463044335105415,0.1992154164393152,-0.07162595702818306,-0.5429292465532287,0.8126566146718124,226,226,226,226,226,0,1.0000,1.0000,14.7552,20.9325,0.8306,0,True,3.28,True,-0.20242593043391616,0.14101248308229325,-0.9690919576092505,1.25,0.0000,0.00,0.0000,0.0000,1.0000,31.3758,1,226,0,0,0.002324
756,33,760000000,33.760000000,114.4450663727255,-76.51426432762062,9.809100152038958,0.19888864227618105,-0.07356947181322887,-0.5340914033332331,0.8183991774654942,226,226,226,226,226,0,1.0000,1.0000,15.4284,21.6448,0.8503,0,True,3.28,True,0.7336625386659154,-0.5540289245330122,-0.3934351663731628,1.23,0.0000,0.00,0.0000,0.0000,1.0000,35.2887,1,226,0,0,0.002761
757,33,793000000,33.793000000,115.21222176660113,-77.02961587966129,10.191049598244582,0.1976873906723961,-0.08084065232043663,-0.5209391709601614,0.8264422936060846,226,226,226,226,226,0,1.0000,1.0000,16.0120,22.0761,0.8911,0,True,3.28,True,0.7516337410336263,0.621984201888557,0.21950483352502784,1.96,0.0000,0.00,0.0000,0.0000,1.0000,43.1644,1,226,0,0,0.005985
758,33,826000000,33.826000000,115.61381543493623,-76.46511056878224,9.469900321366016,0.20340949690381627,-0.08049202858218331,-0.5090353130892206,0.8324834292238016,226,226,226,226,226,0,1.0000,1.0000,16.5206,22.4585,0.9056,0,True,3.28,True,-0.27356170454140055,0.2505739617997345,-0.9286423872925404,1.66,0.0000,0.00,0.0000,0.0000,1.0000,31.2178,1,226,0,0,0.002831
759,33,859000000,33.859000000,116.55456149415845,-76.43587792331427,9.13205079199416,0.20517539581781863,-0.08318974332440762,-0.49483204870910175,0.8403117083124415,226,226,226,226,226,0,1.0000,1.0000,16.9526,22.6463,0.9230,0,True,3.28,True,0.43998295528967335,0.6360613778862709,-0.633909238468713,1.89,0.0000,0.00,0.0000,0.0000,1.0000,25.0842,1,226,0,0,0.002202
760,33,892000000,33.892000000,117.21391590518438,-75.86329463571148,8.644813540320389,0.21208834632977092,-0.08350261279145164,-0.4785318172467115,0.847970015325226,226,226,226,226,226,0,1.0000,1.0000,17.3188,22.7564,1.0001,0,True,3.28,True,-0.13757588166122298,0.5616747346156463,-0.8158396713077762,2.21,0.0000,0.00,0.0000,0.0000,1.0000,40.1578,1,226,0,0,0.003400
761,33,925000000,33.925000000,116.56326589888121,-76.59368612238242,8.852618365808855,0.20636354395251572,-0.08716190497376158,-0.4708951142243475,0.8532729231894927,226,226,226,226,226,0,1.0000,1.0000,17.6381,22.7530,1.0060,0,True,3.28,True,0.2622872788197883,-0.7438187596655982,0.6147674650946015,1.32,0.0000,0.00,0.0000,0.0000,1.0000,61.2182,1,226,0,0,0.003646
762,33,958000000,33.958000000,116.97126396849026,-75.9324827664054,8.22305685392937,0.21421793955351678,-0.08532282851354639,-0.45482114457147016,0.8602141685409463,226,226,226,226,226,0,1.0000,1.0000,17.8853,22.6176,1.0220,0,True,3.28,True,-0.30556251758580416,0.35145409863529803,-0.8849359097692191,2.21,0.0000,0.00,0.0000,0.0000,1.0000,66.6137,1,226,0,0,0.006397
763,33,991000000,33.991000000,117.49974150402133,-76.72427613778487,7.916830219753742,0.21394502715239205,-0.0890339528702157,-0.4421770334269702,0.8664755920986988,226,226,226,226,226,0,1.0000,1.0000,18.1110,22.4781,1.0373,0,True,3.28,True,0.9653715275988788,-0.13395711173176314,-0.22386001411125453,1.67,0.0000,0.00,0.0000,0.0000,1.0000,37.2375,1,226,0,0,0.001342
764,34,24000000,34.024000000,117.99096813396508,-77.42003851752013,7.392796719890198,0.2129930130653692,-0.09197833058823522,-0.4284842162043791,0.8732555408076469,226,226,148,226,148,0,0.6549,1.0000,18.2865,22.2067,1.0881,0,True,3.28,True,0.8692927414667189,-0.23784832279208945,-0.433310864135976,1.79,0.0000,0.00,0.0000,0.0000,1.0000,49.6998,1,226,0,0,0.005084
765,34,57000000,34.057000000,118.49571096410256,-77.54633133233767,6.538814986859414,0.21310195478109958,-0.09481841552797544,-0.41477614389042483,0.879521333115137,148,147,146,147,146,0,0.9932,0.9932,18.9074,21.9472,1.0509,0,True,3.28,True,0.4290133606137024,-0.09550029803160918,-0.8982356202527325,1.76,0.0000,0.00,0.0000,0.0000,1.0000,42.0194,1,147,0,0,0.002987
766,34,90000000,34.090000000,119.07775935838497,-78.13806085508563,5.981073255749279,0.2122358170694276,-0.09786482412360101,-0.400610454288827,0.8859400081645646,146,146,138,146,138,0,0.9452,1.0000,18.9838,21.5895,0.9667,0,True,3.28,True,0.8325279178804676,-0.186181084641487,-0.5217603565539763,1.82,0.0000,0.00,0.0000,0.0000,1.0000,68.8734,1,146,0,0,0.004779
767,34,123000000,34.123000000,119.57498993013103,-78.23158437965427,5.11851015146454,0.2121798387562527,-0.10055588323088824,-0.38620046336348113,0.8920299504337617,138,138,137,138,137,0,0.9928,1.0000,19.0426,21.2685,0.9534,0,True,3.28,True,0.39548189306946,-0.11479071575277139,-0.9112722775499991,1.82,0.0000,0.00,0.0000,0.0000,1.0000,57.2613,1,138,0,0,0.003883
768,34,156000000,34.156000000,120.42945941911908,-78.22314028143352,4.599077201418346,0.21163126734647453,-0.10370918817249347,-0.3712720730700185,0.898116728898988,137,137,90,137,90,0,0.6569,1.0000,19.0816,20.8873,0.9795,0,True,1.64,True,0.5680653066835603,0.3204656147806502,-0.7580261189997165,1.88,0.0000,0.00,0.0000,0.0000,1.0000,60.3138,1,137,0,0,0.004019
769,34,189000000,34.189000000,120.42945941911908,-78.22314028143352,4.599077201418346,0.21163126734647453,-0.10370918817249347,-0.3712720730700185,0.898116728898988,2000,0,0,0,0,0,0.0000,0.0000,0.0000,0.0000,0.0000,1,True,3.28,True,0.0,0.0,0.0,0.00,0.0000,0.00,0.0000,0.0000,1.0000,52.0799,1,2000,0,0,0.003421
770,34,222000000,34.222000000,121.34702251666884,-78.35301415468682,4.974857375271436,0.21063297010467139,-0.10725789914524468,-0.35606151851880197,0.9040739405634464,2000,1895,1145,1641,1145,0,0.6042,0.9475,33.4703,484.0833,4.1961,0,True,3.28,True,0.7481291073328267,0.6609884552373368,0.058284653248918565,1.92,0.0000,0.00,0.0000,0.0000,1.0000,56.9560,1,1895,0,0,0.003697
771,34,255000000,34.255000000,121.95403217165106,-79.141738260933,4.877627940507581,0.20949732589730763,-0.11073571737586198,-0.3410468919329685,0.9096897761555819,1145,1124,902,1099,902,0,0.8025,0.9817,26.1623,95.1926,1.8276,0,True,3.28,True,0.9782854597686257,-0.1998340629698438,-0.05499005803100319,1.88,0.0000,0.00,0.0000,0.0000,1.0000,55.0880,1,1124,0,0,0.002280
772,34,288000000,34.288000000,122.66988130357626,-78.46485761861321,5.049070690061729,0.20853659412789138,-0.1139113802402428,-0.3255633259307224,0.915174959868455,902,863,198,852,198,0,0.2294,0.9568,26.2660,49.8048,1.5641,0,True,3.28,True,0.09040408984217196,0.9492671230008773,-0.30119599886028636,1.92,0.0000,0.00,0.0000,0.0000,1.0000,56.3923,1,863,0,0,0.004864
773,34,321000000,34.321000000,122.81487200476109,-78.44507684297297,4.059835421035706,0.20844823978572513,-0.1157746659166699,-0.3108115697828225,0.9200770218580909,198,197,196,196,196,0,0.9949,0.9949,23.9017,46.1391,1.2540,0,True,3.28,True,0.025834162830757252,-0.35758046042453234,-0.9335249382600411,1.79,0.0000,0.00,0.0000,0.0000,1.0000,40.4528,1,197,0,0,0.002570
774,34,354000000,34.354000000,122.90853722766123,-78.37930167862713,3.0664067855644266,0.20786976614671462,-0.1177780338161401,-0.2959144971710295,0.924853018288058,196,196,195,195,195,0,0.9949,1.0000,22.8506,31.1797,1.2309,0,True,3.28,True,-0.05065526099184193,-0.3561504346015113,-0.9330546138715583,1.81,0.0000,0.00,0.0000,0.0000,1.0000,38.7330,1,196,0,0,0.002455
775,34,387000000,34.387000000,122.45952267019109,-79.12256668789954,3.562333245002882,0.20382284045888802,-0.12265986139656142,-0.2832358619041165,0.9290792510011616,195,195,195,195,195,0,1.0000,1.0000,21.9379,29.3488,1.1592,0,True,3.28,True,0.13233191827353422,-0.5473970055099903,0.8263442271624716,1.70,0.0000,0.00,0.0000,0.0000,1.0000,86.6819,1,195,0,0,0.005492
776,34,420000000,34.420000000,123.1200280528058,-78.47704140902498,3.1788886546499913,0.20388404188590062,-0.12433620419817128,-0.2653871602858072,0.9340992778850085,195,195,194,194,194,0,0.9949,1.0000,21.0485,27.6308,1.2117,0,True,3.28,True,0.11951704768260993,0.63104752075503,-0.7664820297059566,2.13,0.0000,0.00,0.0000,0.0000,1.0000,45.1880,1,195,0,0,0.002873
777,34,453000000,34.453000000,123.75531053636321,-78.99895467663326,2.6096587299450853,0.20278858305675587,-0.12731093915406438,-0.2507332814647775,0.9379773648225462,194,194,190,194,190,0,0.9794,1.0000,20.2549,26.0226,1.1067,0,True,3.28,True,0.7407541164139751,-0.37662762129228744,-0.5562687964423891,1.77,0.0000,0.00,0.0000,0.0000,1.0000,68.9875,1,194,0,0,0.004417
778,34,486000000,34.486000000,124.42932438017117,-79.7112312380221,2.4137826506211852,0.20133018771708894,-0.13045924452529398,-0.23622799825616803,0.9416171588663702,190,190,157,190,157,0,0.8263,1.0000,19.4526,24.5251,1.1196,0,True,3.28,True,0.9123636208410281,-0.36892776190148807,-0.17743993311599182,1.76,0.0000,0.00,0.0000,0.0000,1.0000,47.5708,1,190,0,0,0.002058
779,34,519000000,34.519000000,124.67322660466624,-80.1315958105563,3.287742221221827,0.1953525982982419,-0.1420323932205225,-0.2212621732473238,0.944831843400744,157,157,157,157,157,0,1.0000,1.0000,18.3664,23.1196,1.0344,0,True,3.28,True,0.5490577987369837,0.1415532853240183,0.8237100224351256,2.30,0.0000,0.00,0.0000,0.0000,1.0000,57.3147,1,157,0,0,0.004780
780,34,552000000,34.552000000,124.5895942834523,-81.10969863298641,3.097162831983087,0.19263725488235528,-0.14474346379011768,-0.20892099331962205,0.9477828001561179,157,157,157,157,157,0,1.0000,1.0000,17.6365,21.7224,0.9968,0,True,3.28,True,0.3564890080288474,-0.9203365685286796,0.16092292497796362,1.52,0.0000,0.00,0.0000,0.0000,1.0000,33.9733,1,157,0,0,0.002261
781,34,585000000,34.585000000,124.84988854358119,-81.78038312052692,3.791734078376467,0.18946301992038367,-0.1495100087684195,-0.19557804031463571,0.9505260393631529,157,157,157,157,157,0,1.0000,1.0000,16.9257,20.4738,0.9710,0,True,3.28,True,0.6643357340537449,-0.17815751892826293,0.7258911288262155,1.69,0.0000,0.00,0.0000,0.0000,1.0000,71.1700,1,157,0,0,0.004647
782,34,618000000,34.618000000,125.6508902805809,-82.25659688146405,3.4289439583104078,0.18711033837091853,-0.1517912958328468,-0.18196818661320602,0.9533292730451567,157,157,128,157,128,0,0.8153,1.0000,16.2176,19.2565,0.9905,0,True,3.28,True,0.8317228858841711,-0.30504377814414685,-0.46388073306837274,1.64,0.0000,0.00,0.0000,0.0000,1.0000,31.1689,1,157,0,0,0.001122
783,34,651000000,34.651000000,126.57176707372516,-82.63353812099264,3.3294390147600077,0.18522511698258504,-0.15415556290505383,-0.16881563435848562,0.9557347958823911,128,128,106,128,106,0,0.8281,1.0000,15.3183,17.5557,0.8699,0,True,3.28,True,0.9476263178882981,-0.09939022184640617,-0.3035225616767033,1.57,0.0000,0.00,0.0000,0.0000,1.0000,57.8424,1,128,0,0,0.004399
784,34,684000000,34.684000000,126.93283312762702,-82.56601967041925,2.3993462432840214,0.1846877000520135,-0.15536222433867464,-0.1566003651606746,0.9577209188117278,106,106,106,106,106,0,1.0000,1.0000,14.6772,16.4590,0.8248,0,True,3.28,True,0.08178388001691082,-0.22278186086194426,-0.9714317471857035,1.43,0.0000,0.00,0.0000,0.0000,1.0000,50.7106,1,106,0,0,0.004747
785,34,717000000,34.717000000,127.09232793256047,-83.31620683835649,1.7576448950997217,0.18234064380104537,-0.15414656444613495,-0.1510398496496842,0.9592589275609973,106,106,106,106,106,0,1.0000,1.0000,13.9739,15.4105,0.7994,0,True,3.28,True,0.2582053163867294,-0.8817586725104434,-0.3947551874798473,0.73,0.0000,0.00,0.0000,0.0000,1.0000,39.8229,1,106,0,0,0.002105
786,34,750000000,34.750000000,127.8767038150473,-83.06030763795165,1.1926050078305819,0.18090990550866506,-0.1557784355848112,-0.13933634057541636,0.9610359354835002,106,106,97,106,97,0,0.9151,1.0000,13.2560,14.3867,0.7292,0,True,3.28,True,0.4867970110439162,0.18642946129598034,-0.8533889652436336,1.38,0.0000,0.00,0.0000,0.0000,1.0000,39.5315,1,106,0,0,0.002407
787,34,783000000,34.783000000,127.8767038150473,-83.06030763795165,1.1926050078305819,0.18090990550866506,-0.1557784355848112,-0.13933634057541636,0.9610359354835002,2000,0,0,0,0,0,0.0000,0.0000,0.0000,0.0000,0.0000,1,True,3.28,True,0.0,0.0,0.0,0.00,0.0000,0.00,0.0000,0.0000,1.0000,50.7652,1,2000,0,0,0.006088
788,34,816000000,34.816000000,128.81298294970264,-83.3421453864356,1.4022448550413387,0.1794369590391956,-0.15781372442215313,-0.12907220902921152,0.9624123705413883,2000,1992,1636,1966,1636,0,0.8213,0.9960,15.2779,157.1972,2.9708,0,True,3.28,True,0.998049449596105,0.027527970879200996,-0.05603130357385625,1.22,0.0000,0.00,0.0000,0.0000,1.0000,37.0007,1,1992,0,0,0.003373
789,34,849000000,34.849000000,129.43647247865508,-83.24621143875255,2.178168488505743,0.1779780200287659,-0.16101621051846016,-0.1188892704644695,0.963464034463841,1636,1618,1608,1608,1608,0,0.9938,0.9890,13.7953,33.5645,1.1793,0,True,3.28,True,0.7421480765254181,0.5057512306986887,0.43980896438838485,1.24,0.0000,0.00,0.0000,0.0000,1.0000,25.4127,1,1618,0,0,0.002460
790,34,882000000,34.882000000,130.12463616468946,-82.82292838417423,1.5888789188285142,0.1766309604135508,-0.1620495820309638,-0.1096633813361066,0.9646322509541697,1608,1595,1555,1585,1555,0,0.9749,0.9919,12.7251,27.6663,1.1143,0,True,3.28,True,0.35389754498046294,0.2780524090286467,-0.8929968563719398,1.08,0.0000,0.00,0.0000,0.0000,1.0000,41.5181,1,1595,0,0,0.004307
791,34,915000000,34.915000000,130.0169505870774,-83.72944449661323,1.1806726544683936,0.1743143708059937,-0.16248037891977737,-0.10425095744866332,0.9655808430512864,1555,1545,1534,1540,1534,0,0.9929,0.9936,11.6445,25.1911,1.0046,0,True,3.28,True,0.03243952406515844,-0.9983790007290694,-0.04676588694391665,0.69,0.0000,0.00,0.0000,0.0000,1.0000,20.9917,1,1545,0,0,0.002380
792,34,948000000,34.948000000,130.9338315237906,-83.72811749756663,1.579831253230168,0.17300850426858935,-0.1638050475763707,-0.09671091215311772,0.9663762017505193,1534,1530,1214,1530,1214,0,0.7935,0.9974,10.5689,22.7274,0.9565,0,True,3.28,True,0.9589366936289503,0.28176289687290523,0.03240505450952361,0.89,0.0000,0.00,0.0000,0.0000,1.0000,34.1302,1,1530,0,0,0.004218
793,34,981000000,34.981000000,131.90583740192758,-83.60517399516279,1.7800547985083626,0.1719864885024937,-0.16488862046680816,-0.09001182244124417,0.9670213350458926,1214,1208,1159,1208,1159,0,0.9594,0.9951,9.5123,22.0820,0.8675,0,True,3.28,True,0.9284023783788748,0.3131718837703076,-0.1999809866867492,0.79,0.0000,0.00,0.0000,0.0000,1.0000,9.6993,0,1208,0,0,0.001318
794,35,14000000,35.014000000,132.63726621380488,-84.19159753973116,1.4320327883831374,0.17051540839734072,-0.1654507224224344,-0.08508362085494785,0.967631816039135,1159,1153,1131,1152,1131,0,0.9809,0.9948,8.3406,18.3345,0.8075,0,True,3.28,True,0.7149434090923029,-0.5824744324595538,-0.38675503529546573,0.60,0.0000,0.00,0.0000,0.0000,1.0000,25.1098,1,1153,0,0,0.003707
795,35,47000000,35.047000000,132.74241411375795,-83.69641347420179,0.5696311068093874,0.1695790680755144,-0.16414758962701276,-0.07951593437073012,0.9684914685589293,1131,1122,1120,1120,1120,0,0.9982,0.9920,7.0660,22.3712,0.8034,0,True,3.28,True,-0.26271738767793723,0.16173364960130432,-0.9512212154900261,0.67,0.0000,0.00,0.0000,0.0000,1.0000,22.0814,1,1122,0,0,0.003788
796,35,80000000,35.080000000,133.742241441911,-83.67975902877411,0.577873880967216,0.16876154378993755,-0.16465842548303797,-0.07544463700764646,0.9688731862333009,1120,1114,948,1112,948,0,0.8510,0.9946,5.8061,15.6231,0.7704,0,True,3.28,True,0.9322105700649772,0.11674070385027221,-0.3425712497038724,0.48,0.0000,0.00,0.0000,0.0000,1.0000,21.1298,1,1114,0,0,0.004456
797,35,113000000,35.113000000,134.6833508505515,-83.9628055993526,0.3929476257948889,0.16807610033453613,-0.164880402065771,-0.07244914205566566,0.9691831608763963,948,944,709,944,709,0,0.7511,0.9958,4.6417,13.7126,0.7264,0,True,3.28,True,0.8821797531095799,-0.24349031732841936,-0.40307734812418594,0.35,0.0000,0.00,0.0000,0.0000,1.0000,12.2436,0,944,0,0,0.001731
798,35,146000000,35.146000000,135.64340219624128,-83.89486703977097,0.12149640409711371,0.16712571358322278,-0.16480053517613352,-0.07061386323968086,0.9694964991083393,709,701,495,701,495,0,0.7061,0.9887,3.6102,10.7964,0.6820,0,True,3.28,True,0.8043230868317026,0.05007686266901734,-0.5920782716961919,0.24,0.0000,0.00,0.0000,0.0000,1.0000,11.2376,0,701,0,0,0.003446
799,35,179000000,35.179000000,136.0081332571255,-82.96390412089103,0.10478422599902591,0.16756038422990857,-0.16386174306703638,-0.06804112519984329,0.9697645343470225,495,489,488,488,488,0,0.9980,0.9879,2.7517,8.5309,0.6917,0,True,3.28,True,0.15758707425522683,0.8937164224322663,-0.42004436706441894,0.32,0.0000,0.00,0.0000,0.0000,1.0000,5.5543,0,489,0,0,0.003584
800,35,212000000,35.212000000,136.01816813631703,-82.69842886020048,-0.8592812215515386,0.16574414751313177,-0.16048454799638714,-0.0667602293300061,0.9707299620385401,488,488,488,488,488,0,1.0000,1.0000,1.4432,3.0577,0.6390,0,True,3.28,True,-0.32462073429426985,-0.0859241287463754,-0.9419333431646985,0.48,0.0000,0.00,0.0000,0.0000,1.0000,3.8616,0,488,0,0,0.004919
801,35,245000000,35.245000000,136.94206344505548,-82.36126840492274,-0.678338451903352,0.16550307321122168,-0.16024300983680823,-0.06702632051214753,0.9707926570152272,488,487,481,487,481,0,0.9877,0.9980,0.9104,1.6064,0.6725,0,True,3.28,True,0.8588056094163614,0.44833085087175684,-0.24789589224430214,0.05,0.0000,0.00,0.0000,0.0000,1.0000,0.7026,0,487,0,0,0.002744
802,35,278000000,35.278000000,137.4348333136693,-82.86455114242438,-1.3881865643324736,0.16470304538457883,-0.15874871211438893,-0.06947486999182863,0.9710020575069277,481,481,481,481,481,0,1.0000,1.0000,1.9613,2.5032,0.5670,0,True,3.28,True,0.35012343547922326,-0.6765487325309791,-0.6478390173792806,0.34,0.0000,0.00,0.0000,0.0000,1.0000,3.6125,0,481,0,0,0.003810
803,35,311000000,35.311000000,137.9413192818175,-83.21533930174095,-0.6005193558286306,0.16424570800919772,-0.16082970731687943,-0.07236975938925838,0.97052551258113,481,481,481,481,481,0,1.0000,1.0000,3.3304,4.8959,0.5477,0,True,3.28,True,0.7665450599280699,-0.017207391534918414,0.6419599495112104,0.42,0.0000,0.00,0.0000,0.0000,1.0000,4.8529,0,481,0,0,0.004256
804,35,344000000,35.344000000,138.10781996032856,-82.87897299383577,-1.5274148358918143,0.16326615981258777,-0.15855072188831465,-0.07492089838055116,0.9708721278492838,481,481,481,481,481,0,1.0000,1.0000,4.7260,7.3764,0.5575,0,True,3.28,True,-0.17620005487089987,0.01220780853185636,-0.9842786750074093,0.41,0.0000,0.00,0.0000,0.0000,1.0000,10.7064,0,481,0,0,0.004199
805,35,377000000,35.377000000,138.97078648368904,-82.40527078287417,-1.351645114696208,0.16365990115620183,-0.15764753931518774,-0.07871998662898846,0.970652282646335,481,481,481,481,481,0,1.0000,1.0000,6.0901,9.8441,0.5788,0,True,3.28,True,0.7662674680346951,0.5838935330169819,-0.2681464330037682,0.45,0.0000,0.00,0.0000,0.0000,1.0000,12.4121,0,481,0,0,0.003606
806,35,410000000,35.410000000,139.63668942969005,-81.67693330348901,-1.5131931961766172,0.16417069489096406,-0.1561040214130605,-0.08254831411523585,0.9704974462997937,481,481,481,481,481,0,1.0000,1.0000,7.4067,12.0818,0.5973,0,True,3.28,True,0.43038578816047307,0.6923602019085002,-0.5791419723718091,0.48,0.0000,0.00,0.0000,0.0000,1.0000,10.4741,0,481,0,0,0.002534
807,35,443000000,35.443000000,139.99116142871816,-82.4208658439825,-2.079685894364249,0.16025026837090547,-0.15120547230562442,-0.09711577773773554,0.9705798691227222,481,481,481,481,481,0,1.0000,1.0000,8.6666,14.2058,0.5843,0,True,3.28,True,0.3334015995393674,-0.8501811842828715,-0.4074743271863459,1.82,0.0000,0.00,0.0000,0.0000,1.0000,17.3102,1,481,0,0,0.003610
808,35,476000000,35.476000000,140.96990828126798,-82.46513283705795,-1.8794484554377338,0.1599853263693595,-0.15004568586585743,-0.10361848464051217,0.9701310206051231,481,481,386,481,386,0,0.8025,1.0000,9.8598,16.0067,0.6003,0,True,3.28,True,0.9785607344427417,0.1640896372698172,-0.12447280806482088,0.76,0.0000,0.00,0.0000,0.0000,1.0000,19.9212,1,481,0,0,0.003576
809,35,509000000,35.509000000,141.82562993059955,-81.99429136452838,-1.6648586919087507,0.16063238281501746,-0.1485828209325578,-0.11082806160045446,0.9694521770963119,386,386,383,386,383,0,0.9922,1.0000,10.5649,17.7168,0.5552,0,True,3.28,True,0.7369072158268902,0.6408692798071636,-0.2150681786357732,0.85,0.0000,0.00,0.0000,0.0000,1.0000,20.2650,1,386,0,0,0.003219
810,35,542000000,35.542000000,142.41241055562134,-81.46675490259739,-2.2791825311273968,0.16052156920415003,-0.14609716468267148,-0.11839918797790494,0.9689530827538011,383,383,383,383,383,0,1.0000,1.0000,11.5266,19.1286,0.5660,0,True,3.28,True,0.25280990959651056,0.373870090921083,-0.8923610842727653,0.92,0.0000,0.00,0.0000,0.0000,1.0000,27.8508,1,383,0,0,0.003984
811,35,575000000,35.575000000,143.29416926841375,-81.31278098968993,-2.725045297635867,0.16059831420054396,-0.14402831308607583,-0.1272923666441195,0.9681222442954515,383,383,197,383,197,0,0.5144,1.0000,12.4617,20.3309,0.5956,0,True,3.28,True,0.6675591718204401,0.1485589771788927,-0.7295854867100698,1.05,0.0000,0.00,0.0000,0.0000,1.0000,39.6800,1,383,0,0,0.005056
812,35,608000000,35.608000000,144.2361879193147,-81.42921369910167,-2.4103322767202986,0.16336990170033605,-0.13964778749102663,-0.1407738410135244,0.9664323547737744,197,197,111,197,111,0,0.5635,1.0000,14.5382,21.3709,0.6619,0,True,3.28,True,0.981389560143008,0.1913480497133547,0.01613862178777173,1.67,0.0000,0.00,0.0000,0.0000,1.0000,31.7080,1,197,0,0,0.002393
813,35,641000000,35.641000000,144.01691427108855,-80.88868621367473,-3.2225816871181237,0.16185672384230845,-0.12812719088853108,-0.14621648024565548,0.9674743225567387,111,111,111,111,111,0,1.0000,1.0000,16.7723,22.1514,0.7052,0,True,3.28,True,-0.5556517764380245,0.15217115390272257,-0.8173708113587013,1.48,0.0000,0.00,0.0000,0.0000,1.0000,36.0309,1,111,0,0,0.005153
814,35,674000000,35.674000000,143.673814839542,-80.33787767330406,-3.9834316933132565,0.15782204995788188,-0.08969160395271597,-0.13788975994935082,0.9736703912662598,111,111,111,111,111,0,1.0000,1.0000,17.4351,22.7565,0.7248,0,True,3.28,True,-0.6484619353020548,0.14876307318661783,-0.7465699341122617,4.59,0.0000,0.00,0.0000,0.0000,1.0000,47.7313,1,111,0,0,0.004775
815,35,707000000,35.707000000,143.8877315079286,-79.59613321956192,-3.3477786241559158,0.16210653321482194,-0.09007977115970837,-0.14550984450803794,0.9718199379865249,111,111,111,111,111,0,1.0000,1.0000,17.9861,23.1657,0.7374,0,True,3.28,True,0.0655260520806033,0.9390523139979075,0.33747161076734367,1.02,0.0000,0.00,0.0000,0.0000,1.0000,40.3108,1,111,0,0,0.003776
816,35,740000000,35.740000000,143.92550154680416,-78.79422896960139,-2.7515211310721184,0.17965260873242717,-0.09919515317866166,-0.13287762988189036,0.9696539574706364,111,111,111,111,111,0,1.0000,1.0000,18.4384,23.4824,0.7489,0,True,3.28,True,-0.1383903562029174,0.9388776397322359,0.31520927480144917,2.70,0.0000,0.00,0.0000,0.0000,1.0000,36.0079,1,111,0,0,0.003217
817,35,773000000,35.773000000,143.55175019016662,-78.19448326108045,-3.459062655311002,0.17828424119238254,-0.06316429819578444,-0.127172364645853,0.9736797165630352,111,111,111,111,111,0,1.0000,1.0000,18.8167,23.6339,0.7739,0,True,3.28,True,-0.6314516355105729,0.19170140650109782,-0.751345062375819,4.21,0.0000,0.00,0.0000,0.0000,1.0000,39.1660,1,111,0,0,0.003352
818,35,806000000,35.806000000,143.67534527877436,-77.42590568192698,-2.831358299029614,0.18828062389415978,-0.06740244438967533,-0.12777032524345877,0.9714329936457292,111,111,111,111,111,0,1.0000,1.0000,19.1081,23.6283,0.7823,0,True,3.28,True,-0.0402913501005178,0.950696254041069,0.30749510509820566,1.27,0.0000,0.00,0.0000,0.0000,1.0000,50.7198,1,111,0,0,0.004166
819,35,839000000,35.839000000,143.8024724635361,-76.706036276311,-2.148989837161219,0.2053937147607213,-0.07861144379218099,-0.11977686147477273,0.968135923461656,111,111,111,111,111,0,1.0000,1.0000,19.3264,23.5880,0.8079,0,True,3.28,True,-0.018622834586550722,0.9350249276711252,0.35409260747093974,2.55,0.0000,0.00,0.0000,0.0000,1.0000,57.9201,1,111,0,0,0.004549
820,35,872000000,35.872000000,143.89681360409992,-75.92044490123297,-1.5374786429872045,0.2176532428619338,-0.08392705541841969,-0.11555942392273874,0.9655202404833999,111,111,111,111,111,0,1.0000,1.0000,19.4946,23.4178,0.8084,0,True,3.28,True,-0.054103428678966906,0.9703133074842736,0.23572209129419627,1.63,0.0000,0.00,0.0000,0.0000,1.0000,44.6213,1,111,0,0,0.002471
821,35,905000000,35.905000000,144.03101510315594,-75.25241570710624,-0.8055449346190797,0.23422273790510736,-0.0962100019161939,-0.10848703807809394,0.9613084349721287,111,111,111,111,111,0,1.0000,1.0000,19.6165,23.2024,0.8079,0,True,3.28,True,0.03705319118080681,0.9337657426368492,0.355961513230254,2.54,0.0000,0.00,0.0000,0.0000,1.0000,59.4201,1,111,0,0,0.005270
822,35,938000000,35.938000000,143.67775575309867,-74.4689021054281,-1.3167340068638085,0.23916694272922204,-0.0642420775196413,-0.10129297624745492,0.963541313044983,111,111,111,111,111,0,1.0000,1.0000,19.6952,22.9774,0.8193,0,True,3.28,True,-0.6057194251976744,0.3804715404667775,-0.6988171326127002,3.81,0.0000,0.00,0.0000,0.0000,1.0000,55.2393,1,111,0,0,0.001482
823,35,971000000,35.971000000,143.88319081089725,-73.9052326353998,-0.5166882796798477,0.25616368865678485,-0.08000020602732946,-0.09661302496826196,0.9584602522044493,111,111,111,111,111,0,1.0000,1.0000,19.7577,22.6156,0.8258,0,True,3.28,True,0.13245619523135466,0.9005548874790122,0.4140727604932457,2.77,0.0000,0.00,0.0000,0.0000,1.0000,41.8031,1,111,0,0,0.003764
824,36,4000000,36.004000000,144.03734958350842,-73.27223962697326,0.24196508260766147,0.2747736618426861,-0.09568186441035009,-0.08571963868840413,0.9528885344696146,111,111,111,111,111,0,1.0000,1.0000,19.8138,22.3617,0.8191,0,True,3.28,True,0.08492476195449095,0.9445947547849344,0.31706235039777697,3.12,0.0000,0.00,0.0000,0.0000,1.0000,41.7567,1,111,0,0,0.003389
825,36,37000000,36.037000000,144.05484197813004,-73.91379248725549,-0.5249142713940536,0.2727266761840338,-0.08696301296444306,-0.10724388079394558,0.9521325246550553,111,111,111,111,111,0,1.0000,1.0000,19.8346,21.9930,0.8448,0,True,3.28,True,0.05174092148812983,-0.9474733653692665,-0.31562176566167904,2.67,0.0000,0.00,0.0000,0.0000,1.0000,85.9312,1,111,0,0,0.006791
826,36,70000000,36.070000000,145.00506403937817,-73.7976356881785,-0.8140260704363931,0.27394587243108864,-0.08148600509083852,-0.12399504296448181,0.9502309820630677,111,111,54,111,54,0,0.4865,1.0000,19.8690,21.6298,0.8763,0,True,3.28,True,0.8537958442464153,0.08964635078343133,-0.5128315397269994,2.04,0.0000,0.00,0.0000,0.0000,1.0000,46.2009,1,111,0,0,0.003018
827,36,103000000,36.103000000,145.00506403937817,-73.7976356881785,-0.8140260704363931,0.27394587243108864,-0.08148600509083852,-0.12399504296448181,0.9502309820630677,2000,0,0,0,0,0,0.0000,0.0000,0.0000,0.0000,0.0000,1,True,4.92,True,0.0,0.0,0.0,0.00,0.0000,0.00,0.0000,0.0000,1.0000,60.2022,1,2000,0,0,0.003881
828,36,136000000,36.136000000,145.8418590051892,-73.39237695097665,-0.4458691186958914,0.27469361176499224,-0.07671115556159636,-0.1401348218156445,0.9481672057093126,2000,1983,1547,1883,1547,0,0.7801,0.9915,25.3001,432.6324,3.4610,0,True,4.92,True,0.7183620949710655,0.6909115053617807,-0.08122310180915145,1.95,0.0000,0.00,0.0000,0.0000,1.0000,55.1346,1,1983,0,0,0.002168
829,36,169000000,36.169000000,146.55098976593933,-73.71030104432322,-1.075200378866308,0.27526925758510856,-0.07132733574033671,-0.1568538919133083,0.9457991877752785,1547,1532,729,1525,729,0,0.4758,0.9903,25.0144,95.9523,1.3711,0,True,4.92,True,0.727720249135587,-0.4402540969752249,-0.525927342029836,2.03,0.0000,0.00,0.0000,0.0000,1.0000,58.7431,1,1532,0,0,0.005061
830,36,202000000,36.202000000,147.5328277582,-73.53464452445506,-1.003513950713516,0.276086960364232,-0.06619008662359202,-0.17327992349064064,0.9430635879221921,729,724,491,710,491,0,0.6782,0.9931,25.4518,244.8207,1.5883,0,True,3.28,True,0.868000871091278,0.43208467306441994,-0.24469843294879515,2.00,0.0000,0.00,0.0000,0.0000,1.0000,70.4081,1,724,0,0,0.004425
831,36,235000000,36.235000000,148.48639951814144,-73.71038639416354,-0.7589414790950789,0.2766340934349644,-0.06143974509683178,-0.18962967773243286,0.940074104203996,491,481,414,448,414,0,0.8607,0.9796,30.1429,308.4432,2.7987,0,True,3.28,True,0.9589452971616688,0.271373302815702,0.08234347315007014,1.98,0.0000,0.00,0.0000,0.0000,1.0000,62.9974,1,481,0,0,0.003338
832,36,268000000,36.268000000,149.3709414530439,-73.94433870711907,-1.162490584733648,0.27691944924237966,-0.056000228930710334,-0.20637775777886103,0.9367965702782941,414,408,345,390,345,0,0.8456,0.9855,27.4448,194.2931,1.9203,0,True,3.28,True,0.9013353016649828,-0.11531469762950597,-0.4174891549287362,2.05,0.0000,0.00,0.0000,0.0000,1.0000,58.8026,1,408,0,0,0.003532
833,36,301000000,36.301000000,150.19913086039702,-73.94843384373621,-1.7229239308187592,0.27719024517477014,-0.05071348557915402,-0.22230185819082166,0.9333678772088054,345,344,315,343,315,0,0.9157,0.9971,23.1223,59.4037,1.2144,0,True,3.28,True,0.7594132696628902,-0.0122964827261336,-0.6504923384425711,1.96,0.0000,0.00,0.0000,0.0000,1.0000,51.6222,1,344,0,0,0.004055
834,36,334000000,36.334000000,150.74731154368223,-74.59991034897214,-2.2474011005778642,0.2768642082918736,-0.04553725451869617,-0.2393305635885249,0.9295124797173047,315,315,315,315,315,0,1.0000,1.0000,22.2557,32.5056,1.2202,0,True,3.28,True,0.7948307291299022,-0.5581154123549092,-0.23822531041587014,2.09,0.0000,0.00,0.0000,0.0000,1.0000,54.1436,1,315,0,0,0.003461
835,36,367000000,36.367000000,151.4634829956183,-75.1095175664733,-2.7242647449275763,0.2757107827415886,-0.04077578624513784,-0.25580635594834394,0.9256802945901681,315,315,314,315,314,0,0.9968,1.0000,21.2599,30.2059,1.1891,0,True,3.28,True,0.8935701355561282,-0.3283539199189422,-0.3061308806965863,2.02,0.0000,0.00,0.0000,0.0000,1.0000,21.0436,1,315,0,0,0.001355
836,36,400000000,36.400000000,152.34849413048872,-75.57206690809825,-2.7772118668294605,0.27547350743481025,-0.03640178066658662,-0.2707189583431542,0.9216835154539018,314,311,273,304,273,0,0.8778,0.9904,22.2799,186.1405,1.7234,0,True,3.28,True,0.9991738928005081,0.039411148523120276,-0.009914298662405086,1.84,0.0000,0.00,0.0000,0.0000,1.0000,60.2085,1,311,0,0,0.002935
837,36,433000000,36.433000000,153.00534241343303,-74.89626842616067,-2.4427769030413065,0.27695788501004304,-0.03248663633279988,-0.2829614731830634,0.9176991626260834,273,273,272,272,272,0,0.9963,1.0000,19.4225,88.2510,1.1114,0,True,3.28,True,0.18058782109000035,0.9652084538737762,-0.18910494294058136,1.55,0.0000,0.00,0.0000,0.0000,1.0000,87.9570,1,273,0,0,0.006873
838,36,466000000,36.466000000,153.8946536434087,-75.02922454805821,-2.8803248500015095,0.27691575618797104,-0.027838866402012427,-0.2970613414911962,0.9133987195544704,272,272,193,272,193,0,0.7096,1.0000,18.2876,22.0247,1.0378,0,True,3.28,True,0.8589583613523943,0.1241276238437806,-0.49677244937869347,1.77,0.0000,0.00,0.0000,0.0000,1.0000,19.5929,1,272,0,0,0.001343
839,36,499000000,36.499000000,153.6532562410167,-75.13184629816476,-3.845309860519002,0.27531215893663313,-0.015780865686985508,-0.3139189155800536,0.9085202770774368,193,193,193,193,193,0,1.0000,1.0000,17.7251,20.6002,1.0437,0,True,3.28,True,-0.031460781568621386,-0.7001654271357921,-0.7132871748930055,2.45,0.0000,0.00,0.0000,0.0000,1.0000,87.5777,1,193,0,0,0.006190
840,36,532000000,36.532000000,154.57525403937723,-75.28287804826934,-4.2018340115643635,0.2751150770580047,-0.011687734049146283,-0.32659771680712824,0.9041620555102583,193,193,157,193,157,0,0.8135,1.0000,16.7652,19.2137,1.0531,0,True,3.28,True,0.8786858145448841,0.23764492070065615,-0.41404846453376964,1.61,0.0000,0.00,0.0000,0.0000,1.0000,36.5809,1,193,0,0,0.002695
841,36,565000000,36.565000000,155.32348551242097,-75.48547461805956,-4.833581027905548,0.27497500374586253,-0.007529452151606531,-0.338870524278325,0.8997215249401299,157,157,157,157,157,0,1.0000,1.0000,15.7382,17.8649,1.0424,0,True,3.28,True,0.8095358480421923,-0.010733632972729487,-0.5869723160914964,1.57,0.0000,0.00,0.0000,0.0000,1.0000,59.7907,1,157,0,0,0.004583
842,36,598000000,36.598000000,155.98241277195186,-74.82639507965796,-5.196112445450866,0.2750859554484304,-0.0031855012209605956,-0.34908284536926315,0.8958006121709755,157,157,157,157,157,0,1.0000,1.0000,14.8075,16.5743,0.9235,0,True,3.28,True,0.16554773227778807,0.6258831718522194,-0.7621444768086212,1.35,0.0000,0.00,0.0000,0.0000,1.0000,33.5365,1,157,0,0,0.002692
843,36,631000000,36.631000000,156.34604551359308,-75.27083859930806,-4.377429853082202,0.2739360740774751,-0.014088891468769996,-0.36017401044750735,0.8916474710637384,157,157,157,157,157,0,1.0000,1.0000,13.8747,15.3530,0.9219,0,True,3.28,True,0.40118298954696197,0.3632280602874435,0.8409028392852432,1.85,0.0000,0.00,0.0000,0.0000,1.0000,43.4669,1,157,0,0,0.003647
844,36,664000000,36.664000000,156.66092142100914,-75.69945329292106,-3.53058712426656,0.272180421826552,-0.027125705041348428,-0.3701543180065077,0.8877881475675755,157,157,157,157,157,0,1.0000,1.0000,12.9514,14.1416,0.9557,0,True,3.28,True,0.3658320377445562,0.3690148441284567,0.8543974279997082,1.94,0.0000,0.00,0.0000,0.0000,1.0000,24.9961,1,157,0,0,0.002191
845,36,697000000,36.697000000,157.40375244289487,-75.97984575899972,-4.138519799725347,0.272277733296397,-0.024001948364334287,-0.37960425646072793,0.8838491675068715,157,157,68,157,68,0,0.4331,1.0000,12.0116,13.0137,0.9323,0,True,3.28,True,0.819822334626737,0.009226570810623192,-0.5725436315585414,1.23,0.0000,0.00,0.0000,0.0000,1.0000,62.8385,1,157,0,0,0.005914
846,36,730000000,36.730000000,157.40375244289487,-75.97984575899972,-4.138519799725347,0.272277733296397,-0.024001948364334287,-0.37960425646072793,0.8838491675068715,2000,0,0,0,0,0,0.0000,0.0000,0.0000,0.0000,0.0000,1,True,4.92,True,0.0,0.0,0.0,0.00,0.0000,0.00,0.0000,0.0000,1.0000,26.2170,1,2000,0,0,0.002695
847,36,763000000,36.763000000,158.3844764368751,-76.12662027844489,-4.267506962160582,0.2725798730136429,-0.021579237826746513,-0.38750165490865157,0.8803845845797956,2000,1966,1521,1828,1521,0,0.7737,0.9830,26.7333,1151.3805,3.3748,0,True,4.92,True,0.8185494080955588,0.4981280726606266,-0.2860861578857319,1.03,0.0000,0.00,0.0000,0.0000,1.0000,36.0824,1,1966,0,0,0.002423
848,36,796000000,36.796000000,159.00324664740154,-76.16579846655407,-5.052101440946601,0.27295940318018175,-0.018970528838353713,-0.3947552480301578,0.8770983852474935,1521,1517,1377,1512,1377,0,0.9077,0.9974,11.5187,26.1254,1.0444,0,True,3.28,True,0.595494455764529,0.0036298441017121605,-0.8033512167075524,0.96,0.0000,0.00,0.0000,0.0000,1.0000,30.3302,1,1517,0,0,0.005248
849,36,829000000,36.829000000,159.51903459985158,-75.42074336699719,-5.475014773358403,0.27376800271954777,-0.01637892695169854,-0.400700426094566,0.8741979066358452,1377,1374,1372,1373,1372,0,0.9985,0.9978,10.4508,25.6352,1.0468,0,True,3.28,True,-0.09192021892455698,0.5448201837569923,-0.8334996345073336,0.82,0.0000,0.00,0.0000,0.0000,1.0000,18.8338,1,1374,0,0,0.002486
850,36,862000000,36.862000000,159.9654417831491,-76.31357739552365,-5.415281832650822,0.27332237738480375,-0.01523817443662954,-0.4066879370108956,0.8715891222074651,1372,1370,1360,1366,1360,0,0.9927,0.9985,9.2261,33.4666,1.0676,0,True,3.28,True,0.924933209734602,-0.13417441188242443,0.3556624589776835,0.76,0.0000,0.00,0.0000,0.0000,1.0000,30.7475,1,1370,0,0,0.003316
851,36,895000000,36.895000000,160.62766901497906,-75.96956981255761,-6.080949825185106,0.2735754261484715,-0.01209569014112466,-0.411507782689745,0.8692936933358378,1360,1352,1305,1352,1305,0,0.9652,0.9941,7.9001,17.2509,0.9869,0,True,3.28,True,0.32642391533066933,0.31736340678446406,-0.8903526804218398,0.71,0.0000,0.00,0.0000,0.0000,1.0000,13.8381,0,1352,0,0,0.003242
852,36,928000000,36.928000000,160.00678528597336,-76.72459041722571,-6.291775064619523,0.27267191600476304,-0.010664662259350472,-0.41764514425240273,0.8666653475728536,1305,1305,1305,1305,1305,0,1.0000,1.0000,6.4367,11.8149,0.9570,0,True,3.28,True,0.17778287784788915,-0.9287673710912868,0.3252451671282793,0.79,0.0000,0.00,0.0000,0.0000,1.0000,22.0813,1,1305,0,0,0.003446
853,36,961000000,36.961000000,160.4539838772625,-77.58151414660418,-6.548085700327673,0.27249570545309343,-0.009699790674184349,-0.42107398385553,0.8650715026461863,1305,1305,1186,1305,1186,0,0.9088,1.0000,5.2130,9.9892,0.9350,0,True,3.28,True,0.9700543655503426,-0.23284677029804943,0.06911518963650214,0.45,0.0000,0.00,0.0000,0.0000,1.0000,14.8395,0,1305,0,0,0.002815
854,36,994000000,36.994000000,160.55333817660653,-78.57510015075667,-6.602081770130337,0.2724916103415495,-0.009285392436550204,-0.4242580665674563,0.8635202352772123,1186,1186,1170,1186,1170,0,0.9865,1.0000,4.0113,8.0252,0.8533,0,True,3.28,True,0.8046867515421794,-0.4477402356504012,0.3898819222177635,0.41,0.0000,0.00,0.0000,0.0000,1.0000,14.6662,0,1186,0,0,0.006035
855,37,27000000,37.027000000,161.11115388883263,-78.67391930173177,-7.426142694209509,0.273115157929016,-0.008469274408407099,-0.42607440373964917,0.8624366552844948,1170,1170,952,1170,952,0,0.8137,1.0000,2.7386,6.1744,0.8609,0,True,3.28,True,0.6071366639278811,-0.0369744384878821,-0.7937367083693614,0.27,0.0000,0.00,0.0000,0.0000,1.0000,9.5151,0,1170,0,0,0.002192
856,37,60000000,37.060000000,161.61157999580345,-78.53710616658564,-8.28104378644971,0.2737801998378728,-0.007459761894428985,-0.42704515214888483,0.8617547169324625,952,952,951,952,951,0,0.9989,1.0000,1.5845,4.1793,0.7662,0,True,3.28,True,0.40395641949032496,0.02328473611225914,-0.914481838101085,0.19,0.0000,0.00,0.0000,0.0000,1.0000,6.5744,0,952,0,0,0.005620
857,37,93000000,37.093000000,161.63553447708816,-77.93945038868345,-9.082438666622064,0.2754097990149471,-0.005731053016787795,-0.4270477424860648,0.8612472486315533,951,951,950,950,950,0,0.9989,1.0000,0.6752,7.2119,0.8528,0,True,3.28,True,-0.25002180500987875,-0.07564685813650227,-0.9652806068049217,0.28,0.0000,0.00,0.0000,0.0000,1.0000,1.1641,0,951,0,0,0.001089
858,37,126000000,37.126000000,161.89026411538146,-77.41953829857525,-9.897793944972701,0.27692994999835274,-0.005211104296469478,-0.4264899697757418,0.8610394606907444,950,950,925,950,925,0,0.9737,1.0000,1.0702,2.6236,0.9741,0,True,3.28,True,-0.03853506111446497,0.04719116474454002,-0.9981422959853762,0.20,0.0000,0.00,0.0000,0.0000,1.0000,1.0612,0,950,0,0,0.004362
859,37,159000000,37.159000000,162.67159474658155,-77.74662058283867,-10.429338509491494,0.2775142419701865,-0.005549865472713133,-0.42495252491972585,0.8616091898658564,925,925,697,925,697,0,0.7535,1.0000,2.1433,3.9841,0.8658,0,True,3.28,True,0.8590085033070367,0.1578130799600721,-0.4870312341521029,0.20,0.0000,0.00,0.0000,0.0000,1.0000,3.3807,0,925,0,0,0.005972
860,37,192000000,37.192000000,162.0298989871519,-78.23960175852633,-11.016872434254683,0.27692763615401894,-0.004995624782828092,-0.4245512695828044,0.861999041509215,697,697,697,697,697,0,1.0000,1.0000,3.1641,5.4728,0.8362,0,True,3.28,True,0.0855835751744463,-0.9906670419978265,-0.10608611388695814,0.11,0.0000,0.00,0.0000,0.0000,1.0000,5.7877,0,697,0,0,0.002096
861,37,225000000,37.225000000,162.2439258762498,-77.72163559200149,-11.845065371364509,0.27877706747250247,-0.004919212781932275,-0.42159357528605507,0.8628545678586624,697,697,697,697,697,0,1.0000,1.0000,4.3462,7.1609,0.8504,0,True,3.28,True,-0.05607516022410654,0.00894970550153917,-0.998386437797147,0.41,0.0000,0.00,0.0000,0.0000,1.0000,11.0451,0,697,0,0,0.005664
862,37,258000000,37.258000000,162.61005235715467,-77.66088861979173,-12.773645580795833,0.2790922759535707,-0.004384177751296056,-0.41789038895429453,0.8645553211380573,697,697,697,697,697,0,1.0000,1.0000,5.5111,8.8709,0.8355,0,True,3.28,True,0.4019847177026763,-0.15549974090018237,-0.9023458967122728,0.47,0.0000,0.00,0.0000,0.0000,1.0000,13.4339,0,697,0,0,0.003959
863,37,291000000,37.291000000,162.75620909293693,-78.48025294539103,-13.327974283390855,0.2793056118228445,-0.005689219360135671,-0.41377190339017494,0.8664576273264668,697,697,669,697,669,0,0.9598,1.0000,6.6543,10.6640,0.8251,0,True,3.28,True,0.8142645530668053,-0.5698324142352398,-0.11074410731842106,0.54,0.0000,0.00,0.0000,0.0000,1.0000,16.8063,1,697,0,0,0.004009
864,37,324000000,37.324000000,163.2041299641493,-78.15360917508855,-14.160242713919667,0.2806991978245663,-0.006838146861522661,-0.408434445429973,0.8685289309369352,669,669,640,669,640,0,0.9567,1.0000,7.8172,12.5226,0.7930,0,True,3.28,True,0.24342858774471715,0.07683505548732313,-0.9668706722808756,0.69,0.0000,0.00,0.0000,0.0000,1.0000,9.8599,0,669,0,0,0.002065
865,37,357000000,37.357000000,163.9490068147451,-78.4615747909641,-14.752117410865587,0.28078242448315704,-0.0084171175895431,-0.4021550426019672,0.8714136239138414,640,640,363,640,363,0,0.5672,1.0000,8.7272,13.0507,0.8091,0,True,3.28,True,0.8446474938180328,0.07702637556607804,-0.529752346530027,0.81,0.0000,0.00,0.0000,0.0000,1.0000,17.4843,1,640,0,0,0.002755
866,37,390000000,37.390000000,163.91015513201117,-79.38890352222323,-14.379891711954247,0.2784998865805208,-0.012711612408856219,-0.39690394015670377,0.874496135138794,363,363,363,363,363,0,1.0000,1.0000,10.3343,14.3581,0.9678,0,True,3.28,True,0.5494547603512278,-0.3235349445513368,0.7703405779144301,0.89,0.0000,0.00,0.0000,0.0000,1.0000,33.8816,1,363,0,0,0.006074
867,37,423000000,37.423000000,164.2000643231081,-79.1429649301784,-15.304806232253549,0.2799670893807688,-0.01444856670910614,-0.389594271149981,0.8772832904317899,363,363,343,363,343,0,0.9449,1.0000,11.3744,15.6625,1.0051,0,True,3.28,True,0.20992034285316855,-0.13035555378322738,-0.9689896177226444,0.93,0.0000,0.00,0.0000,0.0000,1.0000,27.5743,1,363,0,0,0.002462
868,37,456000000,37.456000000,163.44732800148478,-79.42390505343057,-15.900172235024977,0.2811421489164403,-0.012954328576791085,-0.38255084148814456,0.8800262104906212,343,343,343,343,343,0,1.0000,1.0000,12.1749,16.6733,1.0228,0,True,3.28,True,-0.214816687990118,-0.9592312122416724,-0.18365530763451282,0.89,0.0000,0.00,0.0000,0.0000,1.0000,18.6640,1,343,0,0,0.003422
869,37,489000000,37.489000000,164.4308103057166,-79.3932105602233,-16.078554984610278,0.282022561016719,-0.015867765129001937,-0.3729571749233571,0.8838067858873738,343,342,342,342,342,0,1.0000,0.9971,13.0653,17.5872,1.0188,0,True,3.28,True,0.7087093868135075,0.581846335318703,-0.3989810109749809,1.23,0.0000,0.00,0.0000,0.0000,1.0000,34.6610,1,342,0,0,0.004858
870,37,522000000,37.522000000,164.60048017024164,-78.7946693312202,-16.86147294599288,0.28383161280937885,-0.017902007204239682,-0.36329107967473173,0.8872083887885944,342,342,342,342,342,0,1.0000,1.0000,13.9168,18.3677,1.0256,0,True,3.28,True,-0.13481963105669773,0.047597243904739815,-0.9897263103779794,1.21,0.0000,0.00,0.0000,0.0000,1.0000,44.9543,1,342,0,0,0.005103
871,37,555000000,37.555000000,165.514123254846,-78.71867313251671,-17.260823533493685,0.2840640634365139,-0.02093255483129038,-0.35275067045686326,0.89131161806879,342,342,141,342,141,0,0.4123,1.0000,14.7179,18.9339,1.0238,0,True,3.28,True,0.6918010352330792,0.4170468080637367,-0.5894771306287364,1.34,0.0000,0.00,0.0000,0.0000,1.0000,40.5552,1,342,0,0,0.004271
872,37,588000000,37.588000000,166.10200052882448,-78.99747250538444,-18.02021224846657,0.28475864456750927,-0.02400336537638298,-0.34191774211152826,0.8952254522878788,141,141,133,141,133,0,0.9433,1.0000,16.2190,19.4188,1.0381,0,True,3.28,True,0.7435407919971153,-0.19749631500882567,-0.6388601538632985,1.37,0.0000,0.00,0.0000,0.0000,1.0000,14.1726,0,141,0,0,0.001431
873,37,621000000,37.621000000,166.59300460826162,-79.4706427181811,-18.75166624134516,0.2855279484377855,-0.027591826871238727,-0.33092609976500015,0.8989996653198165,133,133,113,133,113,0,0.8496,1.0000,16.7298,19.8248,1.0096,0,True,3.28,True,0.7827699757841201,-0.376860741819338,-0.49522433935167837,1.40,0.0000,0.00,0.0000,0.0000,1.0000,56.1141,1,133,0,0,0.004544
874,37,654000000,37.654000000,166.58505557767148,-79.9029232302327,-19.653370390061948,0.2866553957618749,-0.030852503534805537,-0.32018488532846023,0.902418110585907,113,113,113,113,113,0,1.0000,1.0000,17.1873,20.0479,1.0762,0,True,3.28,True,0.38349234067203625,-0.7511034027045213,-0.5373800360001967,1.35,0.0000,0.00,0.0000,0.0000,1.0000,55.0436,1,113,0,0,0.005850
875,37,687000000,37.687000000,167.2097886488977,-80.34192688084264,-20.299113670683102,0.28744699511219235,-0.03466358746447694,-0.30800262239682596,0.9062599214914792,113,113,82,113,82,0,0.7257,1.0000,17.5440,20.2639,1.0676,0,True,3.28,True,0.8394864025278821,-0.2737171459925179,-0.4694054792612731,1.53,0.0000,0.00,0.0000,0.0000,1.0000,43.6879,1,113,0,0,0.003774
876,37,720000000,37.720000000,167.2097886488977,-80.34192688084264,-20.299113670683102,0.28744699511219235,-0.03466358746447694,-0.30800262239682596,0.9062599214914792,2000,0,0,0,0,0,0.0000,0.0000,0.0000,0.0000,0.0000,1,True,4.92,True,0.0,0.0,0.0,0.00,0.0000,0.00,0.0000,0.0000,1.0000,44.4728,1,2000,0,0,0.002360
877,37,753000000,37.753000000,167.64647786070995,-81.13065009717074,-20.731800879081757,0.2871879610274247,-0.038714736503298965,-0.29487557695393884,0.9105342598356595,2000,1971,1433,1875,1433,0,0.7270,0.9855,25.1173,630.4014,2.5506,0,True,4.92,True,0.8582474695683685,-0.5083265006064925,-0.07081984016255602,1.65,0.0000,0.00,0.0000,0.0000,1.0000,34.9944,1,1971,0,0,0.003783
878,37,786000000,37.786000000,168.08506456977625,-81.90739120916095,-21.183812984643748,0.2870258037232648,-0.04278264159887808,-0.2815471902203188,0.9146130401726621,1433,1393,1374,1389,1374,0,0.9864,0.9721,22.3271,44.2013,1.3359,0,True,4.92,True,0.8400629204368656,-0.5344913017897348,-0.0928080708677817,1.66,0.0000,0.00,0.0000,0.0000,1.0000,69.8830,1,1393,0,0,0.006006
879,37,819000000,37.819000000,168.4622938043583,-82.53212365255376,-21.86748503961533,0.28687514207746356,-0.04652082772253697,-0.2680993479460863,0.9185103184379195,1374,1337,1323,1330,1323,0,0.9895,0.9731,22.5583,80.3100,1.3659,0,True,4.92,True,0.7101252669579079,-0.6131614918573256,-0.34605648401851774,1.66,0.0000,0.00,0.0000,0.0000,1.0000,55.2294,1,1337,0,0,0.004363
880,37,852000000,37.852000000,168.7406726318876,-83.47763640773255,-21.698633453369848,0.2869236797261099,-0.051524361908244144,-0.2553320764280073,0.9218598444933693,1323,1287,1276,1286,1276,0,0.9915,0.9728,22.4715,44.4169,1.3700,0,True,4.92,True,0.716518439986151,-0.4310963086211472,0.5484134369734511,1.62,0.0000,0.00,0.0000,0.0000,1.0000,40.9807,1,1287,0,0,0.003242
881,37,885000000,37.885000000,169.10008946814278,-83.99921592548905,-22.47243856092161,0.2866346958901756,-0.05479843194421202,-0.2418513416004395,0.9253894377690236,1276,1223,1213,1215,1213,0,0.9918,0.9585,22.1628,45.3557,1.3458,0,True,4.92,True,0.6114757381070377,-0.6388288932231538,-0.46689941838658744,1.64,0.0000,0.00,0.0000,0.0000,1.0000,47.5751,1,1223,0,0,0.003804
882,37,918000000,37.918000000,169.77481354321284,-84.48853701780068,-23.02498927455771,0.28695367913156705,-0.05713672370463692,-0.22785053583822,0.9286964596440506,1213,1168,1051,1162,1051,0,0.8998,0.9629,22.3287,47.2768,1.3303,0,True,4.92,True,0.8467075183451556,-0.37862676538626905,-0.3738022885308744,1.67,0.0000,0.00,0.0000,0.0000,1.0000,53.0367,1,1168,0,0,0.004641
883,37,951000000,37.951000000,168.8538926167954,-84.77464942791161,-22.760330369423315,0.29032325270815496,-0.05348757500874397,-0.21254259907208042,0.9314918850083053,1051,992,374,981,374,0,0.3770,0.9439,26.9370,55.3305,1.5938,0,True,4.92,True,-0.6953413357946807,-0.4208790630375801,0.5825472006901052,1.87,0.0000,0.00,0.0000,0.0000,1.0000,47.2115,1,992,0,0,0.005783
884,37,984000000,37.984000000,168.67023759776748,-85.70970980484059,-23.0635347979584,0.290363184245283,-0.039118567023223694,-0.21155757454592036,0.9324174770998434,374,344,262,278,262,0,0.7616,0.9198,38.6794,60.9078,3.8727,0,True,4.92,True,0.24048488281744831,-0.9308550425741668,0.27509254960926166,1.65,0.0000,0.00,0.0000,0.0000,1.0000,39.7393,1,344,0,0,0.004721
885,38,17000000,38.017000000,167.83548649707785,-86.0866686752005,-22.66217135922192,0.30396678892341694,-0.017331294197015533,-0.19207540930725156,0.9329581205030026,262,237,37,140,37,0,0.1561,0.9046,45.1855,68.8032,5.8960,0,True,4.92,True,-0.6202248297755257,-0.3660421844530447,0.6937825882297447,3.69,0.0000,0.00,0.0000,0.0000,1.0000,40.7151,1,237,0,0,0.013804
886,38,50000000,38.050000000,167.83548649707785,-86.0866686752005,-22.66217135922192,0.30396678892341694,-0.017331294197015533,-0.19207540930725156,0.9329581205030026,2000,0,0,0,0,0,0.0000,0.0000,0.0000,0.0000,0.0000,1,True,6.56,True,0.0,0.0,0.0,0.00,0.0000,0.00,0.0000,0.0000,1.0000,23.7382,1,2000,0,0,0.007453
887,38,83000000,38.083000000,168.01351379258892,-86.69111388750626,-21.885671348034787,0.31891771623009,0.004405028541966552,-0.17486684732323507,0.9315007631265584,2000,1712,859,1013,859,0,0.5018,0.8560,38.6816,426.8207,6.3372,0,True,6.56,True,0.3222239974141196,0.05936180032639936,0.9448004403854148,3.61,0.0000,0.00,0.0000,0.0000,1.0000,40.9187,1,1712,0,0,0.014055
888,38,116000000,38.116000000,168.46243040004703,-87.24298397041088,-21.18288169874908,0.3311148769880556,0.02441911645770561,-0.15906163792656586,0.9297666590756671,859,764,510,686,510,0,0.6675,0.8894,35.7087,87.3905,3.4647,0,True,4.92,True,0.5155269489713501,0.1581240988449124,0.8421571909381141,3.25,0.0000,0.00,0.0000,0.0000,1.0000,29.4691,1,764,0,0,0.010496
889,38,149000000,38.149000000,169.37420593246597,-87.15334662777923,-20.7820943171013,0.34080375370009497,0.041761944329221416,-0.14509918769486083,0.9279304754129263,510,404,186,338,186,0,0.4604,0.7922,36.2381,464.9293,6.4369,0,True,4.92,True,0.7790716808888457,0.5935351944696459,0.20189920495858354,2.79,0.0000,0.00,0.0000,0.0000,1.0000,21.7193,1,404,0,0,0.007603
890,38,182000000,38.182000000,169.798902090207,-87.7970546604572,-20.145483649372732,0.3484348053903566,0.055156541720489984,-0.13380014401510307,0.926093118298348,186,170,133,145,133,0,0.7824,0.9140,25.0211,108.4567,4.3977,0,True,4.92,True,0.448047418079938,0.05431069251954533,0.8923585937446609,2.20,0.0000,0.00,0.0000,0.0000,1.0000,28.9656,1,170,0,0,0.009758
891,38,215000000,38.215000000,169.96732559042175,-86.84551942122708,-20.402804874845195,0.3526458693805279,0.0659413073882075,-0.12383711790755035,0.9251794436849194,133,122,70,113,70,0,0.5738,0.9173,32.6865,340.3842,4.8375,0,True,4.92,True,0.012411240197549677,0.572364327504152,-0.8199055053586838,1.75,0.0000,0.00,0.0000,0.0000,1.0000,19.5838,1,122,0,0,0.006829
892,38,248000000,38.248000000,169.96732559042175,-86.84551942122708,-20.402804874845195,0.3526458693805279,0.0659413073882075,-0.12383711790755035,0.9251794436849194,2000,0,0,0,0,0,0.0000,0.0000,0.0000,0.0000,0.0000,1,True,6.56,True,0.0,0.0,0.0,0.00,0.0000,0.00,0.0000,0.0000,1.0000,15.1941,1,2000,0,0,0.006171
893,38,281000000,38.281000000,169.03074710923906,-87.14578336968448,-20.583532044474715,0.3535531068136519,0.07105023313931241,-0.11779569982184941,0.9252438803562791,2000,1891,1072,1779,1072,0,0.5669,0.9455,39.0396,1117.0905,5.1325,0,True,6.56,True,-0.8070323016468975,-0.5895188469162589,0.03415249960157484,0.91,0.0000,0.00,0.0000,0.0000,1.0000,9.8822,0,1891,0,0,0.004893
894,38,314000000,38.314000000,168.33744408351083,-87.84501511957284,-20.409159241365586,0.3531522374003039,0.0732159288555692,-0.113423141532486,0.9257743331643393,1072,1026,834,1004,834,0,0.8129,0.9571,8.1843,24.1309,2.3936,0,True,6.56,True,-0.587224539050747,-0.5798128291116941,0.5647870606999873,0.56,0.0000,0.00,0.0000,0.0000,1.0000,18.4016,1,1026,0,0,0.010629
895,38,347000000,38.347000000,167.74907538437614,-87.6334983287969,-19.628721594209598,0.3518233806971712,0.07302752666372522,-0.10954495028428674,0.9267616700163022,834,832,664,825,664,0,0.7981,0.9976,5.1282,12.0377,2.2669,0,True,6.56,True,-0.7687246247088017,0.4966760487234042,0.40295825340948,0.48,0.0000,0.00,0.0000,0.0000,1.0000,11.8135,0,832,0,0,0.014137
896,38,380000000,38.380000000,166.91072305028493,-88.10617435611164,-19.900277734125062,0.3496404988173344,0.07218927665852438,-0.10828017511915373,0.9278015054948175,664,663,556,662,556,0,0.8386,0.9985,2.8554,8.4748,1.4833,0,True,6.56,True,-0.67991529975187,-0.7303585230710323,0.06551040330225974,0.33,0.0000,0.00,0.0000,0.0000,1.0000,6.9891,0,663,0,0,0.009580
897,38,413000000,38.413000000,166.76837043032197,-89.05437769906736,-20.184260395562827,0.345182761129024,0.06832032455861932,-0.11045567650855818,0.9295056418325737,556,556,555,555,555,0,0.9982,1.0000,3.1688,9.1061,1.5676,0,True,6.56,True,0.06466449759626437,-0.9097307953863261,0.4101321526976219,0.75,0.0000,0.00,0.0000,0.0000,1.0000,8.5271,0,556,0,0,0.015182
898,38,446000000,38.446000000,166.18862631370095,-89.6980607802361,-20.683829059772705,0.34113335385592747,0.06404017715050829,-0.11135115774940854,0.9311969771565006,555,555,497,551,497,0,0.8955,1.0000,5.3408,15.1027,1.5775,0,True,6.56,True,-0.35682901115959675,-0.9340060697715393,0.01748480554043431,0.71,0.0000,0.00,0.0000,0.0000,1.0000,8.9181,0,555,0,0,0.022357
899,38,479000000,38.479000000,165.80423153241827,-90.44778604682926,-21.2224872786411,0.3363360182396163,0.05863849330763304,-0.11388521724212829,0.9329896929929313,497,497,495,495,495,0,0.9960,1.0000,7.7519,14.9540,1.5925,0,True,6.56,True,-0.14382190550811794,-0.987690880423564,0.061497839182680876,0.90,0.0000,0.00,0.0000,0.0000,1.0000,5.6153,0,497,0,0,0.019942
900,38,512000000,38.512000000,164.95373704984056,-90.96155222182772,-21.109777684851185,0.3318770726251226,0.05162597641147423,-0.11593900809534483,0.934746229533561,495,495,468,493,468,0,0.9455,1.0000,9.5619,16.9133,1.6564,0,True,6.56,True,-0.7546370789833607,-0.5292558130193357,0.3878287810473884,1.00,0.0000,0.00,0.0000,0.0000,1.0000,3.1533,0,495,0,0,0.014655
901,38,545000000,38.545000000,164.05403010255958,-90.8840000959735,-21.53932753852342,0.3251542730180826,0.046789852864381094,-0.11659144039949189,0.9372789576388576,468,468,467,467,467,0,0.9979,1.0000,11.1760,18.3734,1.6338,0,True,6.56,True,-0.8103615970280573,-0.4288239311380736,-0.3992794987792699,1.00,0.0000,0.00,0.0000,0.0000,1.0000,4.9704,0,468,0,0,0.030758
902,38,578000000,38.578000000,163.29207545604743,-90.42553629940154,-21.996750825962213,0.31956825715232573,0.04126686904286896,-0.11737629239423099,0.9393593457904209,467,467,467,467,467,0,1.0000,1.0000,12.3103,19.3829,1.7411,0,True,6.56,True,-0.7493508533723814,-0.11447654955605606,-0.6522027431342369,0.94,0.0000,0.00,0.0000,0.0000,1.0000,2.1935,0,467,0,0,0.012743
903,38,611000000,38.611000000,162.5889743089551,-89.9551502567119,-22.530029128352453,0.3130576084116132,0.036406395137323494,-0.11760385561544667,0.9417212121180489,467,467,466,466,466,0,0.9979,1.0000,13.2041,20.7511,1.7471,0,True,6.56,True,-0.6913038483056031,-0.12724351343501977,-0.7112721543871767,0.97,0.0000,0.00,0.0000,0.0000,1.0000,2.1472,0,467,0,0,0.015439
904,38,644000000,38.644000000,161.85048218866726,-90.5701699422249,-22.25365949415893,0.30938312660931233,0.025643553608429178,-0.12251080432783114,0.9426640928510674,466,466,460,465,460,0,0.9871,1.0000,13.9107,52.8528,1.8135,0,True,6.56,True,-0.6331995877542947,-0.4972788880219249,0.5931036921108054,1.42,0.0000,0.00,0.0000,0.0000,1.0000,1.7919,0,466,0,0,0.029474
905,38,677000000,38.677000000,161.10021558694478,-91.12234146405942,-21.89005718831544,0.3061536510303659,0.014041140653625704,-0.12746437952852038,0.9433056876120971,460,460,449,459,449,0,0.9761,1.0000,14.2313,46.0325,1.7567,0,True,6.56,True,-0.6531252466425946,-0.40528673747613725,0.6396640310538012,1.49,0.0000,0.00,0.0000,0.0000,1.0000,1.4698,0,460,0,0,0.054294
906,38,710000000,38.710000000,160.2169646898143,-90.66631492121269,-21.99917934434897,0.2990273539393033,0.0034360023203035936,-0.1297186343069964,0.9453802998781186,449,449,362,448,362,0,0.8062,1.0000,14.3042,22.0974,1.7717,0,True,6.56,True,-0.9485372501433449,0.07308972315991567,-0.3081152016030832,1.51,0.0000,0.00,0.0000,0.0000,1.0000,0.4134,0,449,0,0,0.016616
907,38,743000000,38.743000000,159.70913206877267,-91.52367470774993,-22.083085395589695,0.29350559916351737,-0.008304061418579702,-0.13703255009659637,0.9460484057582069,362,362,361,361,361,0,0.9972,1.0000,14.0146,21.7707,1.8732,0,True,4.92,True,-0.2751555062644017,-0.8481434877926954,0.45270528104631474,1.71,0.0000,0.00,0.0000,0.0000,1.0000,0.6487,0,362,0,0,0.046651
908,38,776000000,38.776000000,158.82000831789568,-91.98101392657829,-22.065770819421868,0.28849014585549804,-0.019674541310082953,-0.1427377375110906,0.9465792552442327,361,361,355,361,355,0,0.9834,1.0000,14.0185,21.3145,1.8579,0,True,4.92,True,-0.7359223462093034,-0.5779099783118176,0.35275821367819216,1.57,0.0000,0.00,0.0000,0.0000,1.0000,0.1387,0,361,0,0,0.034493
909,38,809000000,38.809000000,157.84731820877423,-91.95617340286574,-22.296545384742544,0.282598706276208,-0.030278049831959662,-0.14668353153038352,0.9474730352295846,355,355,354,354,354,0,0.9972,1.0000,13.8564,20.7279,1.9263,0,True,4.92,True,-0.9288860969501048,-0.3594454463106595,-0.08927256028215627,1.47,0.0000,0.00,0.0000,0.0000,1.0000,0.0691,0,355,0,0,0.021055
910,38,842000000,38.842000000,157.38196143110173,-92.84018374664674,-22.340916338782673,0.2767058700620912,-0.04258495127840178,-0.15460258439376012,0.9474800389963725,354,354,351,351,351,0,0.9915,1.0000,13.8669,83.9347,1.8716,0,True,4.92,True,-0.18250012781031544,-0.8503126417124618,0.4936214285190556,1.81,0.0000,0.00,0.0000,0.0000,1.0000,0.1806,0,354,0,0,0.049187
911,38,875000000,38.875000000,156.39724822198662,-92.72482444627374,-22.21040914506653,0.27198057279654514,-0.053977989327506457,-0.15826655224419678,0.9476627264645148,351,350,314,343,314,0,0.8971,0.9972,16.7869,390.4687,2.4041,0,True,4.92,True,-0.971218082285269,-0.10295157802897885,0.21479387613120515,1.47,0.0000,0.00,0.0000,0.0000,1.0000,0.2960,0,350,0,0,0.033066
912,38,908000000,38.908000000,155.80299436495048,-91.94868143524585,-21.99954335877061,0.2676376413530327,-0.06494286810310061,-0.15834183542917485,0.948198491860459,314,314,314,314,314,0,1.0000,1.0000,13.0130,18.4606,1.8436,0,True,4.92,True,-0.813207759762959,0.5739274520251596,-0.09643868141579696,1.35,0.0000,0.00,0.0000,0.0000,1.0000,0.3066,0,314,0,0,0.020109
913,38,941000000,38.941000000,154.90525187912078,-91.58621673923038,-22.249898652860256,0.2615229012558256,-0.07535022040691568,-0.1616205637775069,0.9485815251034598,314,314,310,314,310,0,0.9873,1.0000,12.6132,17.4474,1.7418,0,True,4.92,True,-0.976207776900454,-0.07821907661138361,-0.20223786087954904,1.43,0.0000,0.00,0.0000,0.0000,1.0000,0.4049,0,314,0,0,0.056977
914,38,974000000,38.974000000,153.91371233218385,-91.5312062857587,-22.367470660025642,0.25772828326893743,-0.08545861390242528,-0.16571157568905162,0.9480572930977189,310,310,255,309,255,0,0.8226,1.0000,12.1171,16.6963,1.8252,0,True,4.92,True,-0.9543834431002186,-0.2815336125035232,0.09945385144320991,1.32,0.0000,0.00,0.0000,0.0000,1.0000,0.3748,0,310,0,0,0.037513
915,39,7000000,39.007000000,153.10194856095177,-90.96913440521125,-22.52594709616962,0.2527763345830717,-0.09508107052923483,-0.1676569237494884,0.9481323064955754,255,255,255,255,255,0,1.0000,1.0000,11.6975,15.6390,1.7038,0,True,4.92,True,-0.9688340223589917,0.15529496685403174,-0.19298733219955622,1.26,0.0000,0.00,0.0000,0.0000,1.0000,0.2616,0,255,0,0,0.027452
916,39,40000000,39.040000000,152.14439785434652,-90.75434248081453,-22.718199725524084,0.248452948133208,-0.10466447109955715,-0.171016158410641,0.9476655288738923,255,255,231,255,231,0,0.9059,1.0000,11.1813,14.9232,1.5748,0,True,4.92,True,-0.9833856090121974,-0.18141214183917273,-0.006509898696102445,1.27,0.0000,0.00,0.0000,0.0000,1.0000,0.3727,0,255,0,0,0.034913
917,39,73000000,39.073000000,151.27606666485184,-90.84942485634912,-23.2049853941848,0.24443971411312618,-0.11329927565865118,-0.17550491960254494,0.9468952019599752,231,230,199,209,199,0,0.8652,0.9957,35.4585,463.1286,2.8302,0,True,4.92,True,-0.817949976636291,-0.5607296020756205,-0.12860851090346867,1.21,0.0000,0.00,0.0000,0.0000,1.0000,0.2380,0,230,0,0,0.032725
918,39,106000000,39.106000000,150.6286279360096,-91.02124950822272,-23.947480768852984,0.2410903062665619,-0.11935071392237048,-0.18064872726880393,0.9460427625888151,199,199,199,199,199,0,1.0000,1.0000,10.3263,13.0970,1.4534,0,True,4.92,True,-0.6199122879838475,-0.6932763259396453,-0.3675278099658013,0.99,0.0000,0.00,0.0000,0.0000,1.0000,0.2841,0,199,0,0,0.053863
919,39,139000000,39.139000000,149.70874647100342,-91.18022007606037,-24.306014517472928,0.23832038088863633,-0.12728584614882293,-0.1845686902165059,0.9449529660332502,199,199,171,199,171,0,0.8593,1.0000,9.7410,12.2966,1.4594,0,True,4.92,True,-0.8198854374417246,-0.5706052909481587,0.04687719502016914,1.07,0.0000,0.00,0.0000,0.0000,1.0000,0.1585,0,199,0,0,0.038185
920,39,172000000,39.172000000,148.74754438192204,-91.2735530949083,-24.565590116361363,0.2366737189367874,-0.13495816537440064,-0.18800201216707474,0.9436244421296734,171,171,166,171,166,0,0.9708,1.0000,9.2178,11.6612,1.3478,0,True,4.92,True,-0.8659568031113016,-0.4824505011469571,0.13175860157236233,0.99,0.0000,0.00,0.0000,0.0000,1.0000,0.0720,0,171,0,0,0.027618
921,39,205000000,39.205000000,148.14277167522152,-91.91992357296762,-24.100342678621562,0.23778266353177363,-0.15006714786591366,-0.19629717040134054,0.9393650392406311,166,166,166,166,166,0,1.0000,1.0000,8.6782,10.7885,1.4704,0,True,4.92,True,-0.192267442353544,-0.47279253573639546,0.8599421194259389,2.04,0.0000,0.00,0.0000,0.0000,1.0000,0.0389,0,166,0,0,0.036650
922,39,238000000,39.238000000,147.5493024957321,-92.50014059760925,-23.542541157189323,0.24034936268147425,-0.16794785877740767,-0.20460189807341678,0.9338970842097368,166,166,166,166,166,0,1.0000,1.0000,8.1175,10.0669,1.3466,0,True,4.92,True,-0.16042509070827243,-0.3643525364901594,0.917339097294141,2.36,0.0000,0.00,0.0000,0.0000,1.0000,0.0292,0,166,0,0,0.038573
923,39,271000000,39.271000000,147.06901267692314,-91.66563719438146,-23.81258885658643,0.23754541856697012,-0.17332651206009236,-0.20366630393914964,0.9338362441963214,166,162,155,155,155,0,0.9568,0.9759,12.7951,380.1679,2.0570,0,True,4.92,True,-0.8574160404234514,0.38366113074548186,-0.3429896068099857,0.70,0.0000,0.00,0.0000,0.0000,1.0000,0.0992,0,162,0,0,0.037821
924,39,304000000,39.304000000,146.10291285194344,-91.67133054273997,-24.070694869609486,0.23602621162271525,-0.17995141974136583,-0.20629674488030608,0.9323898149443106,155,155,155,155,155,0,1.0000,1.0000,7.1252,8.7458,1.3087,0,True,4.92,True,-0.8838494962815521,-0.42524437312972413,0.19487763094915397,0.85,0.0000,0.00,0.0000,0.0000,1.0000,0.1167,0,155,0,0,0.016602
925,39,337000000,39.337000000,145.989789708846,-90.67848646649375,-24.108954440418756,0.23286528019606786,-0.18448570455503824,-0.20190477491150646,0.9332594751525279,155,155,155,155,155,0,1.0000,1.0000,6.6230,8.1053,1.3750,0,True,4.92,True,-0.5715647102094165,0.7441280898718124,-0.34581377634061,0.82,0.0000,0.00,0.0000,0.0000,1.0000,0.2442,0,155,0,0,0.053439
926,39,370000000,39.370000000,145.0588217890782,-90.59037536647779,-24.463263862276552,0.23191958711208838,-0.18969106646268913,-0.2037652016897466,0.9320463223458065,155,155,154,155,154,0,0.9935,1.0000,6.1214,7.4588,1.2502,0,True,4.92,True,-0.9211583908203225,-0.379877641199097,0.08461794572266514,0.66,0.0000,0.00,0.0000,0.0000,1.0000,0.1002,0,155,0,0,0.014153
927,39,403000000,39.403000000,144.26356258079153,-90.14466041314735,-24.874239496606457,0.2306721314797486,-0.1941444762805492,-0.20497117236567663,0.9311740484932883,154,154,153,154,153,0,0.9935,1.0000,5.6148,6.9972,1.2725,0,True,4.92,True,-0.9869838182678965,-0.08078500321892484,-0.13905655587652968,0.56,0.0000,0.00,0.0000,0.0000,1.0000,0.1643,0,154,0,0,0.019733
928,39,436000000,39.436000000,143.48867686168435,-90.11559719783634,-25.505672352767363,0.23020643664306317,-0.1977922068099257,-0.2069318329567483,0.930087337814317,153,153,150,153,150,0,0.9804,1.0000,5.1264,6.3900,1.1884,0,True,4.92,True,-0.8336521747809353,-0.5243754238369008,-0.17336224029149838,0.49,0.0000,0.00,0.0000,0.0000,1.0000,0.4824,0,153,0,0,0.054782
929,39,469000000,39.469000000,142.73693267246014,-90.09638187998756,-26.164847174440325,0.22958564333936862,-0.20077191116268522,-0.208892170847451,0.9291636739666324,150,150,144,145,144,0,0.9600,1.0000,12.4149,324.9542,1.9545,0,True,4.92,True,-0.8174175702587975,-0.541610951398441,-0.19617872758655455,0.43,0.0000,0.00,0.0000,0.0000,1.0000,0.2941,0,150,0,0,0.017470
930,39,502000000,39.502000000,141.8370239792625,-90.16241710667305,-26.59589669914011,0.2294239690137256,-0.204169450697473,-0.21048761852080852,0.9281026022446656,144,144,109,139,109,0,0.7569,1.0000,9.7473,137.1103,3.2885,0,True,4.92,True,-0.8365800135054319,-0.5397464119854964,0.0938493034179491,0.45,0.0000,0.00,0.0000,0.0000,1.0000,0.2941,0,144,0,0,0.023019
931,39,535000000,39.535000000,141.03830487685195,-90.76391075607384,-26.57998490555873,0.22949465860799095,-0.2096871197484445,-0.21483509469977466,0.9258560339314866,109,109,109,109,109,0,1.0000,1.0000,3.6098,4.8345,1.2735,0,True,4.92,True,-0.365503523322391,-0.7139717241366687,0.5972031074703404,0.85,0.0000,0.00,0.0000,0.0000,1.0000,0.2089,0,109,0,0,0.028319
932,39,568000000,39.568000000,140.2699454065392,-91.30026536219331,-26.230775139264747,0.23135998843227576,-0.2204980067709055,-0.22076806322621553,0.9214741705669349,109,109,109,109,109,0,1.0000,1.0000,3.1653,4.3627,1.0729,0,True,4.92,True,-0.2637196656870977,-0.48219850454584945,0.8354259632927573,1.51,0.0000,0.00,0.0000,0.0000,1.0000,0.3908,0,109,0,0,0.015567
933,39,601000000,39.601000000,139.48481814389243,-91.25900191118232,-26.8487334785235,0.23138444449099171,-0.22234789383311107,-0.22213876362423507,0.9206937724624137,109,109,99,109,99,0,0.9083,1.0000,2.7531,4.7674,1.3206,0,True,4.92,True,-0.8412399854248319,-0.5301616991935534,-0.10603706724835808,0.28,0.0000,0.00,0.0000,0.0000,1.0000,0.4028,0,109,0,0,0.058094
934,39,634000000,39.634000000,139.48481814389243,-91.25900191118232,-26.8487334785235,0.23138444449099171,-0.22234789383311107,-0.22213876362423507,0.9206937724624137,2000,0,0,0,0,0,0.0000,0.0000,0.0000,0.0000,0.0000,1,True,6.56,True,0.0,0.0,0.0,0.00,0.0000,0.00,0.0000,0.0000,1.0000,0.2672,0,2000,0,0,0.023115
935,39,667000000,39.667000000,138.7576281116942,-90.77898282066297,-27.33942312566156,0.23176580848006134,-0.22205903870201446,-0.22190516040173225,0.920723896256311,2000,1991,1823,1883,1823,0,0.9156,0.9955,11.6721,542.4964,4.5636,0,True,6.56,True,-0.9797208817873344,-0.09892126951317023,-0.17424573517808334,0.06,0.0000,0.00,0.0000,0.0000,1.0000,0.2530,0,1991,0,0,0.022464
936,39,700000000,39.700000000,138.02985863078328,-90.27766324332748,-27.807429817958546,0.23261892618465332,-0.2203473269497115,-0.2211566175474215,0.9211000169372484,1823,1818,1790,1806,1790,0,0.9846,0.9973,4.2694,267.4838,1.5703,0,True,6.56,True,-0.9840106324651874,-0.07024630807566837,-0.16367202386846721,0.24,0.0000,0.00,0.0000,0.0000,1.0000,0.2568,0,1818,0,0,0.024549
937,39,733000000,39.733000000,137.27552481465582,-89.81493642411883,-28.27311682081733,0.23350007385676227,-0.21836925370198412,-0.22046219599600453,0.9215145168054295,1790,1789,1779,1787,1779,0,0.9944,0.9994,3.4144,149.3547,1.4353,0,True,4.92,True,-0.9843706368948413,-0.10756025161030669,-0.13944619569128483,0.26,0.0000,0.00,0.0000,0.0000,1.0000,0.1867,0,1789,0,0,0.021529
938,39,766000000,39.766000000,136.56695123590274,-89.31978565658768,-28.7758585048921,0.23423461149509697,-0.21672204511663754,-0.21976458251312017,0.9218835231259083,1779,1740,1703,1704,1703,0,0.9787,0.9781,9.4089,518.6240,2.2329,0,True,4.92,True,-0.9743754542629582,-0.08738177391870672,-0.20726046346728558,0.23,0.0000,0.00,0.0000,0.0000,1.0000,0.1095,0,1740,0,0,0.016317
939,39,799000000,39.799000000,135.73059786192852,-88.98376483917566,-29.208990175527816,0.2343741706920296,-0.21712815951349143,-0.22003698020355805,0.9216874946540211,1703,1702,1683,1699,1683,0,0.9888,0.9994,4.5570,318.7802,1.3543,0,True,4.92,True,-0.975753070883878,-0.2155981280476832,-0.03772786560377529,0.06,0.0000,0.00,0.0000,0.0000,1.0000,0.1183,0,1702,0,0,0.030195
940,39,832000000,39.832000000,135.04182950261537,-88.52401514198701,-29.769550933290965,0.23480130679910352,-0.21742118945229275,-0.2198226892961537,0.921560827060911,1683,1683,1673,1678,1673,0,0.9941,1.0000,5.7402,151.9892,1.3838,0,True,4.92,True,-0.9569480240934747,-0.14029562991243477,-0.2541015848259664,0.07,0.0000,0.00,0.0000,0.0000,1.0000,0.0191,0,1683,0,0,0.012076
941,39,865000000,39.865000000,134.39683943140122,-88.09738447648817,-30.403565194401207,0.23585512471192457,-0.21870584020666364,-0.21991235464876316,0.9209661621794019,1673,1673,1672,1672,1672,0,0.9994,1.0000,6.8972,15.8452,1.3457,0,True,4.92,True,-0.9267110711649249,-0.19209698984229784,-0.3229633680061654,0.20,0.0000,0.00,0.0000,0.0000,1.0000,0.0022,0,1673,0,0,0.021379
942,39,898000000,39.898000000,133.6520227903683,-87.68426445723694,-30.92756903115652,0.2372677894112064,-0.22154294497332402,-0.21995824493282004,0.919913631884287,1672,1672,1647,1666,1647,0,0.9850,1.0000,8.2608,303.7040,1.5154,0,True,4.92,True,-0.9682160109188244,-0.17570615118555086,-0.17800310288306595,0.38,0.0000,0.00,0.0000,0.0000,1.0000,0.0351,0,1672,0,0,0.026040
943,39,931000000,39.931000000,133.0953039178646,-87.28419349151059,-31.655585047038713,0.23966541503242664,-0.22363670399192476,-0.21994209151070443,0.9187886535253141,1647,1635,1632,1635,1632,0,0.9982,0.9927,7.6563,14.8529,1.3737,0,True,4.92,True,-0.8729132569166849,-0.23920884455797498,-0.42520768406079423,0.39,0.0000,0.00,0.0000,0.0000,1.0000,0.0395,0,1635,0,0,0.019772
944,39,964000000,39.964000000,132.51372197073218,-86.8527411152967,-32.34523081540751,0.24269124270736153,-0.22547145749924175,-0.21933108812884447,0.9176913731459728,1632,1632,1632,1632,1632,0,1.0000,1.0000,7.0877,13.5306,1.3595,0,True,4.92,True,-0.8984705209790936,-0.20413027636600495,-0.3886921059171317,0.43,0.0000,0.00,0.0000,0.0000,1.0000,0.0208,0,1632,0,0,0.010473
945,39,997000000,39.997000000,132.0703526686618,-86.46790880354547,-33.15475397987769,0.24644638676648595,-0.22578037408223814,-0.21860898320014652,0.9167865147313339,1632,1632,1630,1631,1630,0,0.9988,1.0000,6.3113,12.2292,1.3462,0,True,4.92,True,-0.8014857014049785,-0.26813818808581297,-0.5345302447321635,0.45,0.0000,0.00,0.0000,0.0000,1.0000,0.0167,0,1632,0,0,0.009068
946,40,30000000,40.030000000,131.51644354172913,-86.00323946701853,-33.845599177293344,0.25011375239634054,-0.22662401278502073,-0.21725079485766582,0.915907615333091,1630,1630,1618,1630,1618,0,0.9926,1.0000,5.4802,10.7374,1.3462,0,True,4.92,True,-0.8940208609850867,-0.17694651264252242,-0.41160251674052495,0.47,0.0000,0.00,0.0000,0.0000,1.0000,0.0545,0,1630,0,0,0.034442
947,40,63000000,40.063000000,131.13769446471468,-85.58021264699249,-34.6687622511732,0.2544445188206038,-0.22558453991248045,-0.2158968589780694,0.9152912915995811,1618,1618,1618,1618,1618,0,1.0000,1.0000,4.6534,9.2593,1.3332,0,True,3.28,True,-0.7726631237442809,-0.23582133562982063,-0.589389510313424,0.54,0.0000,0.00,0.0000,0.0000,1.0000,0.0028,0,1618,0,0,0.012482
948,40,96000000,40.096000000,130.71319479489577,-85.07541884005941,-35.42041592328929,0.25914885451470376,-0.22411194145976976,-0.21400419666237705,0.9147775208813016,1618,1618,1618,1618,1618,0,1.0000,1.0000,3.8379,7.7524,1.2895,0,True,3.28,True,-0.8269884368660751,-0.14998736863694725,-0.5418430718752156,0.61,0.0000,0.00,0.0000,0.0000,1.0000,0.0190,0,1618,0,0,0.024008
949,40,129000000,40.129000000,130.3705190303096,-84.67653541261937,-36.27098357590661,0.26227717507898013,-0.22225807062624287,-0.2125135166307122,0.9146857595498785,1618,1618,1618,1618,1618,0,1.0000,1.0000,3.1345,7.1573,1.2695,0,True,3.28,True,-0.7337853405631487,-0.27045880392028426,-0.623226370877094,0.45,0.0000,0.00,0.0000,0.0000,1.0000,0.0245,0,1618,0,0,0.009881
950,40,162000000,40.162000000,130.02994644336755,-84.20050618390245,-37.081789647930464,0.2662231860498355,-0.21950594188289574,-0.21067876931697713,0.9146347975266748,1618,1618,1618,1618,1618,0,1.0000,1.0000,2.6209,7.6901,1.2450,0,True,3.28,True,-0.7560088933488723,-0.19077608640537327,-0.6261429852943038,0.59,0.0000,0.00,0.0000,0.0000,1.0000,0.0809,0,1618,0,0,0.016361
951,40,195000000,40.195000000,129.72551510621645,-83.72128465044318,-37.9049957477799,0.2696066243504202,-0.21619550850615243,-0.2087813228752445,0.9148672742133694,1618,1618,1618,1618,1618,0,1.0000,1.0000,2.3662,8.1046,1.2451,0,True,3.28,True,-0.7269685789342034,-0.19002788379418584,-0.6598530810893349,0.58,0.0000,0.00,0.0000,0.0000,1.0000,0.1096,0,1618,0,0,0.020772
952,40,228000000,40.228000000,129.50639328727308,-83.28660187546548,-38.778515360382045,0.2720138161170848,-0.21235959766784845,-0.20705217877892262,0.9154459461828816,1618,1618,1618,1618,1618,0,1.0000,1.0000,2.3019,8.6866,1.2295,0,True,3.28,True,-0.6434720839530476,-0.2343400535356026,-0.7287169659628168,0.56,0.0000,0.00,0.0000,0.0000,1.0000,0.0660,0,1618,0,0,0.007630
953,40,261000000,40.261000000,129.27345615012177,-82.80912916003867,-39.62572259368371,0.27471794355066076,-0.2083085507663561,-0.20525844507104482,0.9159730181047547,1618,1618,1618,1618,1618,0,1.0000,1.0000,2.3607,8.8701,1.2025,0,True,1.64,True,-0.6620921546402178,-0.19195271763386235,-0.7244226204066578,0.60,0.0000,0.00,0.0000,0.0000,1.0000,0.3518,0,1618,0,0,0.026394
954,40,294000000,40.294000000,129.12213248306062,-82.36922149677709,-40.51092448906739,0.27644775544674705,-0.20371809441724717,-0.20356181522112793,0.916863219842164,1618,1618,1617,1617,1617,0,0.9994,1.0000,2.6039,57.1804,1.2104,0,True,1.64,True,-0.5791758158329958,-0.22433273817800828,-0.7837283948765291,0.60,0.0000,0.00,0.0000,0.0000,1.0000,0.2696,0,1618,0,0,0.019714
955,40,327000000,40.327000000,128.89740727970593,-81.957796253422,-41.39422956213523,0.27777494627297317,-0.19927644703843128,-0.2019852859005762,0.917786424588231,1617,1617,1617,1617,1617,0,1.0000,1.0000,2.9008,9.5481,1.1972,0,True,1.64,True,-0.6179204646215997,-0.2651627519854984,-0.7401776910724233,0.57,0.0000,0.00,0.0000,0.0000,1.0000,0.3609,0,1617,0,0,0.017501
956,40,360000000,40.360000000,128.75291632242886,-81.49703611716605,-42.26991355770812,0.2792641855340912,-0.19389259438576603,-0.20016916104737456,0.9188849130799392,1617,1617,1613,1613,1613,0,0.9975,1.0000,3.4962,138.3121,1.1814,0,True,1.64,True,-0.5651162195497904,-0.20249912267143003,-0.7997735702803977,0.68,0.0000,0.00,0.0000,0.0000,1.0000,0.3832,0,1617,0,0,0.015373
957,40,393000000,40.393000000,128.56899366871858,-81.04796700779274,-43.14427583529036,0.2804563774587177,-0.18861117555109091,-0.19845287932243735,0.9199926627362868,1613,1613,1613,1613,1613,0,1.0000,1.0000,3.7524,10.1817,1.1154,0,True,1.64,True,-0.582991135709322,-0.22131591288406885,-0.7817548224274963,0.66,0.0000,0.00,0.0000,0.0000,1.0000,0.4462,0,1613,0,0,0.015267
958,40,426000000,40.426000000,127.83183612879503,-80.93016748730189,-43.80964944034692,0.28046465750002286,-0.1852028448924932,-0.1972363940572223,0.9209436937166279,1613,1613,1431,1607,1431,0,0.8872,1.0000,4.1923,10.4720,1.1200,0,True,1.64,True,-0.8389698663729235,-0.4943635628720035,-0.2274516014951264,0.43,0.0000,0.00,0.0000,0.0000,1.0000,0.5564,0,1613,0,0,0.016407
959,40,459000000,40.459000000,127.64559662502651,-80.50053543267497,-44.693239359298616,0.28117457050354044,-0.17944874799526778,-0.19555968345864522,0.9222230846984014,1431,1431,1427,1428,1427,0,0.9972,1.0000,4.5504,168.9678,1.2667,0,True,1.64,True,-0.5633417399747183,-0.24069764373130756,-0.790386442384011,0.71,0.0000,0.00,0.0000,0.0000,1.0000,0.6114,0,1431,0,0,0.015689
960,40,492000000,40.492000000,127.02272136653536,-80.76389456615922,-43.956579071805145,0.28203920970512186,-0.17740274617839624,-0.1944443325012444,0.9225906738068727,1427,1427,1133,1425,1133,0,0.7940,1.0000,4.3993,102.8970,1.2206,0,True,1.64,True,-0.2507382012918281,0.07035534256320701,0.9654949405283035,0.29,0.0000,0.00,0.0000,0.0000,1.0000,0.5983,0,1427,0,0,0.013740
961,40,525000000,40.525000000,126.78320752577076,-80.20475580422287,-44.75030255324086,0.28285878007759496,-0.17180108217229967,-0.1925475979456697,0.9237969047484379,1133,1133,1133,1133,1133,0,1.0000,1.0000,4.0726,9.2824,1.2225,0,True,1.64,True,-0.6356503382959593,-0.10188576243656591,-0.7652241102036396,0.70,0.0000,0.00,0.0000,0.0000,1.0000,0.5082,0,1133,0,0,0.010727
962,40,558000000,40.558000000,126.57148092136157,-79.67980340384453,-45.57467917974257,0.2829214275255628,-0.1668750039775728,-0.1909663633022128,0.9250081334677605,1133,1133,1133,1133,1133,0,1.0000,1.0000,3.6402,8.5307,1.2665,0,True,1.64,True,-0.5931762062748495,-0.1380845904997131,-0.7931422534299278,0.61,0.0000,0.00,0.0000,0.0000,1.0000,0.9184,0,1133,0,0,0.017941
963,40,591000000,40.591000000,126.29890808363331,-79.15638287205125,-46.38198023574953,0.28272179083385895,-0.16261452564779819,-0.18961787785754872,0.9261047270329835,1133,1133,1133,1133,1133,0,1.0000,1.0000,3.0804,7.5651,1.2796,0,True,1.64,True,-0.6338519421611157,-0.1431117196511596,-0.7600991718960556,0.53,0.0000,0.00,0.0000,0.0000,1.0000,0.2756,0,1133,0,0,0.005065
964,40,624000000,40.624000000,125.72094885571536,-79.46986467411948,-45.62852666011497,0.2823996534851616,-0.16196692620330566,-0.18909933040159138,0.926422470457935,1133,1133,1087,1133,1087,0,0.9594,1.0000,2.3774,6.5995,1.2388,0,True,1.64,True,-0.22075533509697878,0.05034997642711885,0.9740287274511,0.11,0.0000,0.00,0.0000,0.0000,1.0000,1.0948,0,1133,0,0,0.019465
965,40,657000000,40.657000000,125.36467366539914,-78.92811677636168,-46.38982634095038,0.2819409686286383,-0.15926389557570803,-0.1882150498708101,0.9272105460880629,1087,1087,1087,1087,1087,0,1.0000,1.0000,1.6358,5.5897,1.2992,0,True,1.64,True,-0.6986309935477191,-0.12062027240938954,-0.7052414371960934,0.34,0.0000,0.00,0.0000,0.0000,1.0000,1.1528,0,1087,0,0,0.019885
966,40,690000000,40.690000000,124.56524533125811,-79.27556596148892,-45.89973104172086,0.28148454898409153,-0.15978578648579198,-0.18840562735778213,0.9272207238302324,1087,1087,1079,1079,1079,0,0.9926,1.0000,1.3058,128.8929,1.3880,0,True,1.64,True,-0.45702925052532933,-0.18920331087711706,0.8690951451466019,0.08,0.0000,0.00,0.0000,0.0000,1.0000,0.8215,0,1087,0,0,0.014231
967,40,723000000,40.723000000,124.2526200775868,-78.7455704281456,-46.688001417545706,0.2806425062203888,-0.15777949806877217,-0.18778966240228154,0.927944209738033,1079,1079,1078,1078,1078,0,0.9991,1.0000,0.7688,72.2359,1.3419,0,True,1.64,True,-0.6572824215582531,-0.13165821860314822,-0.7420552080436903,0.27,0.0000,0.00,0.0000,0.0000,1.0000,0.6995,0,1079,0,0,0.007979
968,40,756000000,40.756000000,123.90114621211787,-78.20689317085746,-47.45369909572739,0.2800043532874398,-0.15649589528352068,-0.1874103254953312,0.9284309165453432,1078,1078,1078,1078,1078,0,1.0000,1.0000,1.0437,2.7676,1.3910,0,True,1.64,True,-0.6881331012877656,-0.1197176502210945,-0.7156399367961666,0.18,0.0000,0.00,0.0000,0.0000,1.0000,0.9025,0,1078,0,0,0.021121
969,40,789000000,40.789000000,123.57558379226144,-77.6510095180189,-48.2185536409084,0.27935938362777796,-0.15533648365435093,-0.1870260518011374,0.9288972858032732,1078,1078,1078,1078,1078,0,1.0000,1.0000,1.5419,2.9253,1.4005,0,True,1.64,True,-0.6708959028189719,-0.09762705948831928,-0.7350970308989015,0.17,0.0000,0.00,0.0000,0.0000,1.0000,0.6598,0,1078,0,0,0.012849
970,40,822000000,40.822000000,123.27059576721,-77.13168232498383,-49.01685281487108,0.2781238073514967,-0.15446663038586608,-0.1866922195137889,0.9294800821182555,1078,1078,1078,1078,1078,0,1.0000,1.0000,2.0331,3.6661,1.4384,0,True,1.64,True,-0.6414064460418333,-0.13825762225629684,-0.7546407097844775,0.19,0.0000,0.00,0.0000,0.0000,1.0000,0.8768,0,1078,0,0,0.018488
971,40,855000000,40.855000000,122.90854933491137,-76.53516946380927,-49.73315916505453,0.27750160420849607,-0.15420363170431794,-0.18643908084636104,0.9297604899994806,1078,1078,1078,1078,1078,0,1.0000,1.0000,2.4847,4.2973,1.4364,0,True,1.64,True,-0.709106415329053,-0.043553346486680806,-0.7037550694304032,0.09,0.0000,0.00,0.0000,0.0000,1.0000,0.6265,0,1078,0,0,0.014486
972,40,888000000,40.888000000,122.70111422420263,-75.96616357911302,-50.52889968684932,0.2762202986897613,-0.1528180084274705,-0.1858092197635754,0.930496607593414,1078,1078,1076,1076,1076,0,0.9981,1.0000,3.0124,115.5975,1.4936,0,True,1.64,True,-0.5749498418294342,-0.06872049790670613,-0.8152975975358708,0.24,0.0000,0.00,0.0000,0.0000,1.0000,0.6290,0,1078,0,0,0.016163
973,40,921000000,40.921000000,122.56350597840847,-75.4029625566104,-51.34368099428183,0.27481564974616185,-0.1499436666625854,-0.18479140977784012,0.9315821973152411,1076,1076,1068,1068,1068,0,0.9926,1.0000,3.2084,5.3386,1.4699,0,True,1.64,True,-0.5120575127134223,-0.06270109326275633,-0.8566596036801308,0.40,0.0000,0.00,0.0000,0.0000,1.0000,0.5686,0,1076,0,0,0.016645
974,40,954000000,40.954000000,122.37348689943035,-74.72350312072948,-52.052361193396095,0.2730757059847762,-0.14677029905444625,-0.18238896246178737,0.9330714894843252,1068,1068,1066,1066,1066,0,0.9981,1.0000,3.5255,5.7137,1.4623,0,True,1.64,True,-0.58443478317872,0.07852612454714114,-0.8076321142540392,0.53,0.0000,0.00,0.0000,0.0000,1.0000,0.4976,0,1068,0,0,0.017053
975,40,987000000,40.987000000,121.51523968362046,-74.28250712303193,-52.314914514779204,0.271802702759723,-0.14912408416130912,-0.18259097393114415,0.9330304574527225,1066,1066,967,1066,967,0,0.9071,1.0000,3.7759,6.0241,1.4986,0,True,1.64,True,-0.9953781073126373,-0.025288296192268474,-0.09264407999653318,0.31,0.0000,0.00,0.0000,0.0000,1.0000,0.4323,0,1066,0,0,0.017875
976,41,20000000,41.020000000,120.56571682495344,-74.45597725807139,-52.0535441776746,0.2707066080152122,-0.15234810469245205,-0.1835699663173403,0.9326360784570616,967,967,749,967,749,0,0.7746,1.0000,4.0097,6.3999,1.5174,0,True,1.64,True,-0.7240208849540235,-0.2360260977462906,0.6481399843652997,0.41,0.0000,0.00,0.0000,0.0000,1.0000,0.3411,0,967,0,0,0.017776
977,41,53000000,41.053000000,120.11066628592438,-73.8302905743029,-52.68714119525289,0.2703639898905372,-0.1535931728200491,-0.18371755448925778,0.9325021771588667,749,749,749,749,749,0,1.0000,1.0000,3.9587,6.5441,1.4228,0,True,1.64,True,-0.7861856562130177,0.018167443910472838,-0.6177232859028925,0.15,0.0000,0.00,0.0000,0.0000,1.0000,0.2599,0,749,0,0,0.018068
978,41,86000000,41.086000000,119.22636206776237,-73.67966699096291,-53.12908981883108,0.26920174261051255,-0.15616806060512128,-0.18462613155323465,0.9322312750439057,749,749,715,749,715,0,0.9546,1.0000,4.0823,6.7505,1.4378,0,True,1.64,True,-0.9296985981482108,-0.3588990685089459,-0.082776658694723,0.34,0.0000,0.00,0.0000,0.0000,1.0000,0.1811,0,749,0,0,0.018408
979,41,119000000,41.119000000,118.90807130540419,-73.01162818661687,-53.80170794710694,0.2695909366502175,-0.1557651191552104,-0.18406081295886811,0.9322980058240724,715,715,715,715,715,0,1.0000,1.0000,4.2304,6.8650,1.4532,0,True,1.64,True,-0.6961795298603313,0.0664838074438168,-0.7147824602990909,0.09,0.0000,0.00,0.0000,0.0000,1.0000,0.0577,0,715,0,0,0.008775
980,41,152000000,41.152000000,118.63072653081854,-72.35647110216642,-54.50445190524843,0.269657941200276,-0.15549178178990633,-0.1835950213071414,0.932416092039739,715,715,715,715,715,0,1.0000,1.0000,4.3012,6.9069,1.4594,0,True,1.64,True,-0.6593299947690378,0.05009186191796931,-0.750183153214901,0.06,0.0000,0.00,0.0000,0.0000,1.0000,0.0702,0,715,0,0,0.026071
981,41,185000000,41.185000000,118.07180585814037,-71.88511725961223,-55.18667858074737,0.2689259958961746,-0.15756176357915566,-0.18431931443020294,0.9321370552215252,715,715,709,715,709,0,0.9916,1.0000,4.3652,6.9895,1.4649,0,True,1.64,True,-0.8253926614480257,-0.15548162608206897,-0.5427268358747526,0.27,0.0000,0.00,0.0000,0.0000,1.0000,0.0349,0,715,0,0,0.017949
982,41,218000000,41.218000000,117.25030967538903,-71.67185721012558,-55.71551142108345,0.26775796183710104,-0.16019531116584915,-0.18536285229183846,0.9318174441077782,709,709,708,709,708,0,0.9986,1.0000,4.4273,7.0415,1.4689,0,True,1.64,True,-0.9191546660780919,-0.3405908027187316,-0.19787017190643316,0.35,0.0000,0.00,0.0000,0.0000,1.0000,0.1309,0,709,0,0,0.022999
983,41,251000000,41.251000000,116.58541554023486,-71.43451179258052,-56.42373662665575,0.26637016937774965,-0.1626814449409689,-0.18645053437376063,0.9315674310372419,708,708,708,708,708,0,1.0000,1.0000,4.4377,6.9850,1.4336,0,True,1.64,True,-0.8285652229724161,-0.3811117470774238,-0.41016278173459886,0.35,0.0000,0.00,0.0000,0.0000,1.0000,0.1846,0,708,0,0,0.019968
984,41,284000000,41.284000000,115.62888798453747,-71.67970372926808,-56.26582541940641,0.26493705857385313,-0.16664179137645568,-0.18796999915863674,0.9309705407677423,708,708,683,708,683,0,0.9647,1.0000,4.4536,6.9973,1.4346,0,True,1.64,True,-0.7007903615035567,-0.3547833973822846,0.6188873970001313,0.52,0.0000,0.00,0.0000,0.0000,1.0000,0.1968,0,708,0,0,0.011148
985,41,317000000,41.317000000,115.19518825595583,-71.12248731874604,-56.973931638326356,0.26440831125640973,-0.1682600359931996,-0.18848298430484028,0.9307260444693928,683,683,683,683,683,0,1.0000,1.0000,4.3958,5.6675,1.4045,0,True,1.64,True,-0.7723678295936908,-0.06754600439762044,-0.6315738065330513,0.21,0.0000,0.00,0.0000,0.0000,1.0000,0.2711,0,683,0,0,0.014293
986,41,350000000,41.350000000,114.213190563315,-71.20227753551285,-57.14514511021561,0.263633304183748,-0.17140726094641243,-0.1897655778233737,0.9301107768934672,683,683,593,683,593,0,0.8682,1.0000,4.3775,5.6880,1.3763,0,True,1.64,True,-0.8580874672255998,-0.41525166695078625,0.3020793797745029,0.41,0.0000,0.00,0.0000,0.0000,1.0000,0.4791,0,683,0,0,0.039011
987,41,383000000,41.383000000,113.60053485316128,-71.22340829756028,-57.935212494500846,0.2620654939609164,-0.17358623857391298,-0.19131721486302508,0.9298318224011461,593,593,593,593,593,0,1.0000,1.0000,4.3333,5.6787,1.2934,0,True,1.64,True,-0.6960273263036766,-0.6164318923050761,-0.3681815899630755,0.36,0.0000,0.00,0.0000,0.0000,1.0000,0.3363,0,593,0,0,0.017819
988,41,416000000,41.416000000,113.09902725027506,-71.8018593321166,-57.29187391733638,0.26362335263542835,-0.17884897040019287,-0.19365886390627787,0.9279073327453433,593,593,593,593,593,0,1.0000,1.0000,4.2853,5.6031,1.2793,0,True,1.64,True,-0.03297228054151607,-0.233188768915447,0.9718723304876983,0.72,0.0000,0.00,0.0000,0.0000,1.0000,0.4271,0,593,0,0,0.021000
989,41,449000000,41.449000000,112.53521479784976,-71.38133236083839,-58.002699201719054,0.26450163206372407,-0.1805821601819322,-0.19459056503817634,0.9271264649753972,593,593,579,593,579,0,0.9764,1.0000,4.2298,5.5595,1.2627,0,True,1.64,True,-0.8395938066908213,-0.21593312130879685,-0.4984527328526309,0.26,0.0000,0.00,0.0000,0.0000,1.0000,0.3104,0,593,0,0,0.014435
990,41,482000000,41.482000000,112.14138744254419,-71.95496259742976,-57.284473355706055,0.26256519234801906,-0.18917803433550545,-0.19797968442730923,0.9252433386122081,579,579,579,579,579,0,1.0000,1.0000,4.2054,5.5089,1.2663,0,True,1.64,True,0.09001918007271055,-0.15167183393106215,0.984323220294546,1.10,0.0000,0.00,0.0000,0.0000,1.0000,0.6376,0,579,0,0,0.020650
991,41,515000000,41.515000000,111.70162755705256,-72.54673131187737,-56.60888395990904,0.2622706872242117,-0.1979493810078296,-0.2018602536073962,0.9226497532623712,579,579,579,579,579,0,1.0000,1.0000,4.1268,5.2157,1.2459,0,True,1.64,True,0.06804488689256932,-0.20235080006923975,0.9769462866908886,1.14,0.0000,0.00,0.0000,0.0000,1.0000,0.6818,0,579,0,0,0.036449
992,41,548000000,41.548000000,111.00867363488999,-73.06577617157811,-56.10847683028586,0.2598825865834693,-0.20230404946444114,-0.20374692106416079,0.9219659998708462,579,579,568,579,568,0,0.9810,1.0000,4.0571,5.2178,1.1828,0,True,1.64,True,-0.20514049491398798,-0.30933660494452353,0.9285624600358556,0.61,0.0000,0.00,0.0000,0.0000,1.0000,0.5000,0,579,0,0,0.014290
993,41,581000000,41.581000000,110.6588001741508,-73.45036336937463,-55.254263011174174,0.26013924709289044,-0.2118825442717556,-0.20597203223588054,0.919243646424327,568,568,568,568,568,0,1.0000,1.0000,3.9530,4.7512,1.1489,0,True,1.64,True,0.12093059148356383,0.08439977472223512,0.9890664639296348,1.17,0.0000,0.00,0.0000,0.0000,1.0000,0.5987,0,568,0,0,0.027240
994,41,614000000,41.614000000,109.88882391646776,-73.64379148630232,-54.64621521191313,0.25780040932695963,-0.2172116451928376,-0.20748966756882412,0.9183169866640014,568,568,568,568,568,0,1.0000,1.0000,3.8751,4.6573,1.1307,0,True,1.64,True,-0.3692388631060497,-0.01364884614789483,0.9292342928298454,0.70,0.0000,0.00,0.0000,0.0000,1.0000,0.4860,0,568,0,0,0.020187
995,41,647000000,41.647000000,109.26751273780538,-73.95058671184205,-53.92520958859585,0.25629857538351675,-0.2228191168367612,-0.2091151970905379,0.9170242721838124,568,568,568,568,568,0,1.0000,1.0000,3.7884,4.5083,1.1151,0,True,0.00,True,-0.14740987769679584,-0.0004109192113934418,0.9890754061763022,0.71,0.0000,0.00,0.0000,0.0000,1.0000,0.7769,0,568,0,0,0.034394
996,41,680000000,41.680000000,109.04911082802582,-73.29488188110071,-54.64794867066285,0.25639311180181157,-0.22364911580042865,-0.20926010455931066,0.9167627031364751,568,568,568,568,568,0,1.0000,1.0000,3.7115,4.4341,1.1305,0,True,0.00,True,-0.7218708979284013,0.04630930923961359,-0.6904765416737872,0.10,0.0000,0.00,0.0000,0.0000,1.0000,0.4263,0,568,0,0,0.017503
997,41,713000000,41.713000000,108.64448536971237,-73.71366865116539,-53.83499364133873,0.25600573304967283,-0.23474780765554304,-0.21220438502117625,0.913413285662301,568,568,568,568,568,0,1.0000,1.0000,3.6460,4.3671,1.1252,0,True,0.00,True,0.12613000036029717,0.02237305302885779,0.9917613974677978,1.37,0.0000,0.00,0.0000,0.0000,1.0000,0.5230,0,568,0,0,0.012996
998,41,746000000,41.746000000,108.12782620677281,-74.090454227831,-53.06616600228865,0.25422730351769063,-0.24275032863171195,-0.21449929295182257,0.9112797646269163,568,568,568,568,568,0,1.0000,1.0000,3.5774,4.3305,1.1208,0,True,0.00,True,0.024339414385054377,0.004508596049079029,0.9996935857896952,1.01,0.0000,0.00,0.0000,0.0000,1.0000,0.6117,0,568,0,0,0.021585
999,41,779000000,41.779000000,107.64869129970805,-74.48803618416052,-52.28363272578649,0.2544712125998401,-0.2526600963879399,-0.21707487753351382,0.9079018532831695,568,568,568,568,568,0,1.0000,1.0000,3.5079,4.2760,1.1123,0,True,0.00,True,0.08679428089709362,0.006297737067717889,0.9962063497646371,1.24,0.0000,0.00,0.0000,0.0000,1.0000,0.6395,0,568,0,0,0.042018
1000,41,812000000,41.812000000,106.72754649132503,-74.71421400613356,-51.96687440334413,0.2533021154227616,-0.25632777354153374,-0.2185787339592782,0.906839262435385,568,568,568,568,568,0,1.0000,1.0000,3.4311,4.1573,1.0906,0,True,0.00,True,-0.48816361469314845,-0.23909306822951668,0.8393633242013346,0.49,0.0000,0.00,0.0000,0.0000,1.0000,0.6063,0,568,0,0,0.028032
1001,41,845000000,41.845000000,105.78494652131815,-74.88442260556285,-51.679586517725326,0.25093142232105276,-0.260296769576292,-0.22027481512056532,0.9059569630306292,568,568,568,568,568,0,1.0000,1.0000,3.3566,4.0043,1.0535,0,True,0.00,True,-0.5373407588615282,-0.21920144100069242,0.8143805235449441,0.57,0.0000,0.00,0.0000,0.0000,1.0000,0.5896,0,568,0,0,0.028638
1002,41,878000000,41.878000000,105.1344378870046,-75.2050142773098,-50.99106673101621,0.2504526389929135,-0.26544475624111397,-0.22180186049122586,0.9042214837572771,568,568,568,568,568,0,1.0000,1.0000,3.2862,3.9738,1.0026,0,True,0.00,True,-0.08078220319482192,-0.03175827439279059,0.9962257011614298,0.65,0.0000,0.00,0.0000,0.0000,1.0000,0.5792,0,568,0,0,0.023680
1003,41,911000000,41.911000000,104.6001232237139,-75.61086329562902,-50.24958550069285,0.25091717059806856,-0.27331030584350496,-0.22397917680336246,0.9012077333097389,568,568,568,568,568,0,1.0000,1.0000,3.2162,3.8632,0.9608,0,True,0.00,True,0.08387168297827131,-0.035130239726480814,0.9958571218057097,1.00,0.0000,0.00,0.0000,0.0000,1.0000,0.5266,0,568,0,0,0.034808
1004,41,944000000,41.944000000,104.963669847375,-75.10928358838815,-51.0346024748461,0.2495967058780728,-0.2626411160729929,-0.22094429388441603,0.9054859179262061,568,568,568,568,568,0,1.0000,1.0000,3.1658,3.8331,0.9149,0,True,0.00,True,-0.2970042353015904,0.033858147057022524,-0.9542756992037377,1.37,0.0000,0.00,0.0000,0.0000,1.0000,0.4842,0,568,0,0,0.027536
1005,41,977000000,41.977000000,105.58198920374558,-74.90812596365717,-51.79435031692927,0.2521888621629177,-0.264108946790958,-0.22134385765119283,0.9042423008829172,568,568,333,568,333,0,0.5863,1.0000,3.1025,3.6862,0.9056,0,True,0.00,True,0.0882182719977421,-0.10879880148998529,-0.9901415844615735,0.37,0.0000,0.00,0.0000,0.0000,1.0000,0.4604,0,568,0,0,0.027408
1006,42,10000000,42.010000000,105.94591770185927,-74.41411057270037,-52.58397354465149,0.2248103695633729,-0.2623900618771286,-0.22475253065000955,0.9110971699721785,333,333,187,333,187,0,0.5616,1.0000,3.0115,3.5154,0.9015,0,True,0.00,True,-0.2750620373699342,0.02751891544746707,-0.961032561826339,3.26,0.0000,0.00,0.0000,0.0000,1.0000,0.2881,0,333,0,0,0.017920
1007,42,43000000,42.043000000,105.05382538751266,-74.11678786112039,-52.92422419911432,0.22623983861604213,-0.2647226917939651,-0.22543615997260455,0.9098988788042058,187,187,113,187,113,0,0.6043,1.0000,2.9458,3.4284,0.9402,0,True,0.00,True,-0.9642704454483768,-0.20238686194460098,0.17094462889194872,0.35,0.0000,0.00,0.0000,0.0000,1.0000,0.4445,0,187,0,0,0.028924
1008,42,76000000,42.076000000,104.68683409782281,-74.78244237367666,-53.574009904716746,0.2526473142439596,-0.15098923364085667,-0.47872814022606175,0.8271583607058305,113,113,113,113,113,0,1.0000,1.0000,2.8433,3.2657,1.0085,0,True,0.00,True,-0.17218368537004727,-0.9815314772076915,-0.08335908914375005,33.46,0.0000,0.00,0.0000,0.0000,1.0000,0.2726,0,113,0,0,0.018609
1009,42,109000000,42.109000000,105.04392747252162,-74.15105150018994,-52.88565688000931,0.2294339403055177,-0.24012443251971147,-0.31856344600867376,0.8878162280618943,113,113,113,113,113,0,1.0000,1.0000,2.7874,3.1523,1.0240,0,True,0.00,True,-0.3656511188944311,0.9041592503602316,0.22089660305055547,22.32,0.0000,0.00,0.0000,0.0000,1.0000,0.4641,0,113,0,0,0.033667
1010,42,142000000,42.142000000,105.35625176645661,-73.26068554879649,-52.55444394545325,0.2182400490819961,-0.24989839932645924,-0.22749562291880696,0.9155150531496167,113,113,113,113,113,0,1.0000,1.0000,2.7193,3.1290,1.0408,0,True,0.00,True,-0.2960220838515935,0.9437732098706378,-0.1471837429970889,11.04,0.0000,0.00,0.0000,0.0000,1.0000,0.3733,0,113,0,0,0.029176
1011,42,175000000,42.175000000,105.04169814473615,-74.05025848791945,-53.081350571780206,0.22977710895666068,-0.22161123358644066,-0.33083036568040575,0.8880552969785068,113,113,113,113,113,0,1.0000,1.0000,2.6352,3.0393,1.0704,0,True,0.00,True,-0.016463567309743018,-0.9998144676982388,-0.009999056591756724,12.75,0.0000,0.00,0.0000,0.0000,1.0000,0.3124,0,113,0,0,0.026297
1012,42,208000000,42.208000000,105.19760272744776,-73.17896838463824,-52.61600412340682,0.19602565014543827,-0.2826551912382727,-0.10988313186960515,0.9325265061549943,113,113,113,113,113,0,1.0000,1.0000,2.5898,2.9840,1.1075,0,True,0.00,True,-0.381818245460022,0.9224402421225739,0.0576092626812529,27.10,0.0000,0.00,0.0000,0.0000,1.0000,0.2055,0,113,0,0,0.018396
1013,42,241000000,42.241000000,104.72877250055434,-72.38236614379022,-52.234398190241535,0.141933037721806,-0.4114801504122135,0.16418513833237403,0.8852018634021179,113,113,113,113,113,0,1.0000,1.0000,2.5543,2.9327,1.1225,0,True,0.00,True,-0.4493944282803772,0.8352364359198869,0.31689863354454123,35.81,0.0000,0.00,0.0000,0.0000,1.0000,0.3834,0,113,0,0,0.037384
1014,42,274000000,42.274000000,104.07551904916846,-71.64475722935121,-52.40525783320178,0.06126428297258003,-0.4327658821270801,0.3903187130916897,0.8103157909784758,113,113,113,113,113,0,1.0000,1.0000,2.4757,2.8936,1.1480,0,True,0.00,True,-0.4010067683584077,0.914463580440322,0.05431327442727885,29.00,0.0000,0.00,0.0000,0.0000,1.0000,0.1410,0,113,0,0,0.014789
1015,42,307000000,42.307000000,103.26806066476671,-71.22215554402607,-52.81686295102663,0.009131059724577941,-0.43768894600290514,0.5272237899159954,0.7282719860339176,113,113,113,113,113,0,1.0000,1.0000,2.4318,2.8775,1.1156,0,True,0.00,True,-0.3224289646574003,0.9424352639513152,0.08863033346982144,19.27,0.0000,0.00,0.0000,0.0000,1.0000,0.2846,0,113,0,0,0.027007
1016,42,340000000,42.340000000,102.45661220168778,-71.36783412743333,-53.38283922447214,-0.07913685681953239,-0.4298488183087806,0.7869015386961405,0.4356068407278704,113,113,113,113,113,0,1.0000,1.0000,2.3809,2.8044,1.0840,0,True,0.00,True,-0.5264114930017066,0.8186320887198818,0.22963545752744197,46.28,0.0000,0.00,0.0000,0.0000,1.0000,0.1848,0,113,0,0,0.027095
1017,42,373000000,42.373000000,102.02331469124022,-72.02012602376577,-54.00474641161422,-0.12358428131533013,-0.3954704340591702,0.8805731465313092,0.23004563635238603,113,113,113,113,113,0,1.0000,1.0000,2.3478,2.7191,1.0394,0,True,0.00,True,-0.3835738374529528,0.894863199395371,0.22823445311673798,26.74,0.0000,0.00,0.0000,0.0000,1.0000,0.2572,0,113,0,0,0.032916
1018,42,406000000,42.406000000,102.87658121453666,-72.4860824227046,-53.77060783190226,-0.12206631538050002,-0.39806401893270377,0.8799434792849605,0.22878882128384373,113,113,91,113,91,0,0.8053,1.0000,2.3448,2.7487,1.0168,0,True,0.00,True,-0.9795749418234055,-0.16778671720553986,0.11081764697492864,0.38,0.0000,0.00,0.0000,0.0000,1.0000,0.1326,0,113,0,0,0.017982
1019,42,439000000,42.439000000,102.87658121453666,-72.4860824227046,-53.77060783190226,-0.12206631538050002,-0.39806401893270377,0.8799434792849605,0.22878882128384373,2000,0,0,0,0,0,0.0000,0.0000,0.0000,0.0000,0.0000,1,True,1.64,True,0.0,0.0,0.0,0.00,0.0000,0.00,0.0000,0.0000,1.0000,0.2236,0,2000,0,0,0.031597
1020,42,472000000,42.472000000,102.52337816701743,-73.14346257444818,-53.10495105599092,-0.11849902342269383,-0.3963391268698746,0.8814195899234851,0.22797540318860837,2000,1984,801,1768,801,0,0.4037,0.9920,14.5180,304.0249,2.9647,0,True,1.64,True,-0.044624670811199155,-0.015384702614071115,0.9988853536219603,0.49,0.0000,0.00,0.0000,0.0000,1.0000,0.1661,0,1984,0,0,0.024298
1021,42,505000000,42.505000000,103.29285986175755,-72.71373395103078,-53.577424580831845,-0.11858463604151324,-0.3963308148238479,0.8813897725194614,0.22806060206458012,801,801,614,759,614,0,0.7665,1.0000,6.3107,272.8643,2.2027,0,True,1.64,True,-0.4415051927717907,-0.1313799360873523,-0.8875880109314384,0.01,0.0000,0.00,0.0000,0.0000,1.0000,0.0765,0,801,0,0,0.011320
1022,42,538000000,42.538000000,103.9117472237028,-72.28365940938336,-54.23470254474906,-0.11837190138083162,-0.3958708953638839,0.8816010095475839,0.22815342892879037,614,614,165,613,165,0,0.2687,1.0000,1.6874,6.4450,1.4065,0,True,1.64,True,-0.3052008583470425,0.05389692592459228,-0.9507615670819407,0.06,0.0000,0.00,0.0000,0.0000,1.0000,0.2609,0,614,0,0,0.038560
1023,42,571000000,42.571000000,103.65209238561124,-73.18597358184398,-53.89059718409288,-0.1057291371462292,-0.39443892224624566,0.8866621395198695,0.21695514863118961,165,165,164,164,164,0,0.9939,1.0000,3.5590,6.3728,1.7690,0,True,1.64,True,-0.2318629098886269,0.346913079634809,0.9087854016192553,2.03,0.0000,0.00,0.0000,0.0000,1.0000,0.0865,0,165,0,0,0.012559
1024,42,604000000,42.604000000,103.26404261617192,-73.97855660742,-53.42024675727601,-0.0885445763031514,-0.3908342941881211,0.8925956213825461,0.2065949398762582,164,164,161,161,161,0,0.9817,1.0000,3.5224,6.3315,1.7753,0,True,1.64,True,-0.03588177632882536,0.2377021000204108,0.9706751309132086,2.43,0.0000,0.00,0.0000,0.0000,1.0000,0.2165,0,164,0,0,0.030560
1025,42,637000000,42.637000000,103.59131274462835,-74.3797454692104,-52.56471080818012,-0.08550540955901174,-0.38918178374621304,0.8936583379786599,0.2064004338597203,161,161,103,161,103,0,0.6398,1.0000,3.5214,6.2361,1.7104,0,True,1.64,True,-0.4670063080834557,-0.48189172221123955,0.7414077665323895,0.42,0.0000,0.00,0.0000,0.0000,1.0000,0.1119,0,161,0,0,0.015213
1026,42,670000000,42.670000000,104.30329158324838,-73.88018896098347,-53.05819781757891,-0.08410623339439381,-0.3885806379406389,0.8940794909699544,0.20628401088974607,103,103,57,102,57,0,0.5534,1.0000,3.2054,32.9090,1.7654,0,True,1.64,True,-0.42723399533265966,-0.1602472400556063,-0.8898269131053825,0.18,0.0000,0.00,0.0000,0.0000,1.0000,0.2613,0,103,0,0,0.033571
1027,42,703000000,42.703000000,104.30329158324838,-73.88018896098347,-53.05819781757891,-0.08410623339439381,-0.3885806379406389,0.8940794909699544,0.20628401088974607,2000,0,0,0,0,0,0.0000,0.0000,0.0000,0.0000,0.0000,1,True,3.28,True,0.0,0.0,0.0,0.00,0.0000,0.00,0.0000,0.0000,1.0000,0.2307,0,2000,0,0,0.027177
1028,42,736000000,42.736000000,104.81994266254127,-73.37815200475244,-53.75176148217194,-0.08457333206811395,-0.3881702798150143,0.8941756687872408,0.2064486830186156,2000,2000,1961,1969,1961,0,0.9805,1.0000,3.5459,15.6809,2.0381,0,True,3.28,True,-0.25425116012121407,0.04147848315281379,-0.9662483547268573,0.07,0.0000,0.00,0.0000,0.0000,1.0000,0.1711,0,2000,0,0,0.018838
1029,42,769000000,42.769000000,105.36487767360283,-72.81556119070845,-54.3734828101579,-0.0849895662852009,-0.3884892348487317,0.8939437632541525,0.20668196865789795,1961,1961,1794,1959,1794,0,0.9148,1.0000,3.5338,15.3117,1.4878,0,True,3.28,True,-0.25165231005186467,-0.05720856946713764,-0.9661254030533943,0.07,0.0000,0.00,0.0000,0.0000,1.0000,0.2534,0,1961,0,0,0.026129
1030,42,802000000,42.802000000,105.90904517271349,-72.28625347259276,-55.024416810233774,-0.08548400572352155,-0.38874302846421416,0.8937408125362292,0.2068784730053205,1794,1793,1700,1701,1700,0,0.9481,0.9994,6.2215,375.3741,2.1575,0,True,3.28,True,-0.2648917351963091,-0.014474016069075455,-0.9641695242453583,0.07,0.0000,0.00,0.0000,0.0000,1.0000,0.2478,0,1793,0,0,0.023728
1031,42,835000000,42.835000000,106.50570027338564,-71.6875918450091,-55.558838877986155,-0.08599255655051574,-0.38983583904518637,0.8931087270802921,0.20734054216882447,1700,1696,1565,1573,1565,0,0.9228,0.9976,10.5678,297.4977,2.0367,0,True,3.28,True,-0.27999316706782296,-0.15720288844871588,-0.9470433349423409,0.16,0.0000,0.00,0.0000,0.0000,1.0000,0.2984,0,1696,0,0,0.026632
1032,42,868000000,42.868000000,107.00166877789435,-71.17669432983007,-56.26097773285694,-0.08594110626828545,-0.38905823133638384,0.8934186644750179,0.20748712936098787,1565,1564,984,1504,984,0,0.6292,0.9994,10.0565,355.6205,1.8323,0,True,3.28,True,-0.22817925272653317,0.05184126335128559,-0.9722379914605802,0.10,0.0000,0.00,0.0000,0.0000,1.0000,0.2905,0,1564,0,0,0.024211
1033,42,901000000,42.901000000,106.72243848062364,-71.75014491170485,-55.49079277375066,-0.08064003588147402,-0.38742953154845294,0.8948697219618084,0.20640669420630914,984,984,452,984,452,0,0.4593,1.0000,5.9306,13.9581,1.6862,0,True,3.28,True,0.006185047631099406,-0.1275635031149512,0.9918111200520201,0.67,0.0000,0.00,0.0000,0.0000,1.0000,0.2569,0,984,0,0,0.020188
1034,42,934000000,42.934000000,106.76277222196646,-71.13672854152806,-56.279521843906174,-0.07688498150518527,-0.38656274840520405,0.8957778705404528,0.2055235943009319,452,452,132,452,132,0,0.2920,1.0000,4.9837,9.1545,1.9373,0,True,3.28,True,0.21624819315907887,0.18378058478208945,-0.9588855070406408,0.46,0.0000,0.00,0.0000,0.0000,1.0000,0.2832,0,452,0,0,0.021210
1035,42,967000000,42.967000000,107.22221085129016,-71.89795326717253,-56.73718226709419,-0.0940778205532852,-0.3715979038714033,0.9083508132682218,0.16722189316379435,132,132,132,132,132,0,1.0000,1.0000,6.0915,8.9968,1.8227,0,True,3.28,True,-0.750410660158756,0.6589728286426716,0.05136781317884051,5.31,0.0000,0.00,0.0000,0.0000,1.0000,0.3807,0,132,0,0,0.026979
1036,43,0,43.000000000,106.44397121002905,-71.66913069089225,-57.3219756403075,-0.08965115593085181,-0.3701869598409254,0.9094988839164135,0.16654148179595782,132,132,47,132,47,0,0.3561,1.0000,6.0126,8.8816,1.9319,0,True,3.28,True,0.83372363859446,0.44236218269402555,-0.330485391161231,0.55,0.0000,0.00,0.0000,0.0000,1.0000,0.3389,0,132,0,0,0.022802
1037,43,33000000,43.033000000,106.44397121002905,-71.66913069089225,-57.3219756403075,-0.08965115593085181,-0.3701869598409254,0.9094988839164135,0.16654148179595782,2000,0,0,0,0,0,0.0000,0.0000,0.0000,0.0000,0.0000,1,True,4.92,True,0.0,0.0,0.0,0.00,0.0000,0.00,0.0000,0.0000,1.0000,0.3295,0,2000,0,0,0.021310
1038,43,66000000,43.066000000,106.83331817805679,-71.12589929607371,-58.06582279542142,-0.08983774396939331,-0.36943537473069116,0.9097580088668245,0.1666944778892047,2000,1993,1006,1747,1006,0,0.5048,0.9965,16.5293,350.1919,3.0093,0,True,4.92,True,-0.13128300452354055,0.06678077365358627,-0.9890930699350292,0.10,0.0000,0.00,0.0000,0.0000,1.0000,0.3199,0,1993,0,0,0.020061
1039,43,99000000,43.099000000,107.26098973699395,-70.54074576441045,-58.75480202737129,-0.09106775792802119,-0.3694708827044781,0.909495549861917,0.16737913573951285,1006,1006,1000,1001,1000,0,0.9940,1.0000,5.3503,19.6763,1.9987,0,True,4.92,True,-0.15291740303069318,-0.010470743821550577,-0.9881835008611367,0.16,0.0000,0.00,0.0000,0.0000,1.0000,0.3100,0,1006,0,0,0.018913
1040,43,132000000,43.132000000,107.69467386539904,-69.98716943877972,-59.465767095761194,-0.09189298207345162,-0.36940275399197725,0.9093547046097479,0.16784310052221135,1000,1000,999,999,999,0,0.9990,1.0000,5.3225,19.3509,2.0757,0,True,4.92,True,-0.1665582434485764,0.02521014855104636,-0.9857092877463207,0.11,0.0000,0.00,0.0000,0.0000,1.0000,0.5426,0,1000,0,0,0.032193
1041,43,165000000,43.165000000,108.08059055839344,-69.42350150552936,-60.196073036510334,-0.09248500309595308,-0.36935080856483815,0.9092544643536088,0.16817497872119314,999,999,986,987,986,0,0.9870,1.0000,7.1344,766.1268,2.7389,0,True,4.92,True,-0.11583033237366737,0.04349514177784507,-0.9923162332361246,0.08,0.0000,0.00,0.0000,0.0000,1.0000,0.3639,0,999,0,0,0.021068
1042,43,198000000,43.198000000,108.46013417355881,-68.92501479701647,-60.97546872909732,-0.0910707966536434,-0.3688634913539049,0.9096716062589811,0.16775995800334348,986,986,760,978,760,0,0.7708,1.0000,7.7373,390.5435,2.3292,0,True,4.92,True,-0.13081727756551276,0.12331253179463536,-0.9837077103452756,0.18,0.0000,0.00,0.0000,0.0000,1.0000,0.4226,0,986,0,0,0.024077
1043,43,231000000,43.231000000,108.87667659499387,-68.37393097902874,-61.698517162258646,-0.09356866674688838,-0.3668251527828221,0.9099195530843913,0.16950108791323623,760,760,760,760,760,0,1.0000,1.0000,6.7391,18.5625,2.1012,0,True,4.92,True,-0.1506484076558877,0.038071162380184244,-0.9878540600036865,0.42,0.0000,0.00,0.0000,0.0000,1.0000,0.4038,0,760,0,0,0.022708
1044,43,264000000,43.264000000,109.21988574565736,-67.91042374902155,-62.51544342982008,-0.09038540392390582,-0.3643660475612516,0.9112555566478587,0.1693551670912504,760,760,673,760,673,0,0.8855,1.0000,6.7133,18.3414,2.1694,0,True,4.92,True,-0.10516675431313101,0.17682087405240612,-0.9786083651219137,0.49,0.0000,0.00,0.0000,0.0000,1.0000,0.3846,0,760,0,0,0.021425
1045,43,297000000,43.297000000,109.5718137289363,-67.47992292189049,-63.34659668429524,-0.08645896485206399,-0.3612316003984317,0.9129145332742126,0.16918520386553898,673,673,580,673,580,0,0.8618,1.0000,6.8659,18.1197,2.2635,0,True,4.92,True,-0.13042176639438136,0.20044165203339745,-0.9709857398441502,0.61,0.0000,0.00,0.0000,0.0000,1.0000,0.2388,0,673,0,0,0.013247
1046,43,330000000,43.330000000,109.15979543238238,-68.16696202532867,-62.748083364767915,-0.0796643747339725,-0.370507088662263,0.9108568480530754,0.16345607056354877,580,580,483,577,483,0,0.8328,1.0000,7.0399,17.9367,2.3380,0,True,4.92,True,0.10580358785559274,0.15768727241446168,0.98180462665205,1.49,0.0000,0.00,0.0000,0.0000,1.0000,0.4875,0,580,0,0,0.027053
1047,43,363000000,43.363000000,108.77059313449394,-68.74359560505816,-62.02974132503568,-0.0664069204441529,-0.38013763250540844,0.9091542349564474,0.15660165494356648,483,483,482,482,482,0,0.9979,1.0000,6.6019,13.0394,2.5034,0,True,4.92,True,0.14047859323090633,-0.023135889702818692,0.9898133639487419,2.04,0.0000,0.00,0.0000,0.0000,1.0000,0.5107,0,483,0,0,0.028564
1048,43,396000000,43.396000000,109.04699954675011,-68.17617574729564,-62.80539214871886,-0.07534631388077997,-0.37797700405908147,0.9089030239460719,0.15922189060800154,482,482,478,478,478,0,0.9917,1.0000,6.5925,12.9756,2.6011,0,True,4.92,True,-0.06888162528047316,0.11191725080319267,-0.991327317625907,1.10,0.0000,0.00,0.0000,0.0000,1.0000,0.4238,0,482,0,0,0.024098
1049,43,429000000,43.429000000,108.63125810345359,-67.41013315137694,-63.29563473516338,-0.07099532396857365,-0.3812346483420531,0.9082412930338292,0.15721819394187903,478,478,190,438,190,0,0.3975,1.0000,6.5591,12.9179,2.6846,0,True,4.92,True,0.6634316183124951,-0.06306506630185311,-0.7455744665931141,0.67,0.0000,0.00,0.0000,0.0000,1.0000,0.3810,0,478,0,0,0.021996
1050,43,462000000,43.462000000,108.1018652835059,-66.58308951974745,-63.4846904771256,-0.06529067794703507,-0.38404959339464306,0.9078541803654065,0.1550607119153073,190,190,99,189,99,0,0.5211,1.0000,7.7722,12.8713,2.9771,0,True,4.92,True,0.7805635165543524,-0.2880819644241165,-0.5547336103012375,0.77,0.0000,0.00,0.0000,0.0000,1.0000,0.3541,0,190,0,0,0.015071
1051,43,495000000,43.495000000,108.1018652835059,-66.58308951974745,-63.4846904771256,-0.06529067794703507,-0.38404959339464306,0.9078541803654065,0.1550607119153073,2000,0,0,0,0,0,0.0000,0.0000,0.0000,0.0000,0.0000,1,True,6.56,True,0.0,0.0,0.0,0.00,0.0000,0.00,0.0000,0.0000,1.0000,0.4071,0,2000,0,0,0.030346
