frame_idx,timestamp_sec,timestamp_nanosec,timestamp_total_sec,pos_x,pos_y,pos_z,rot_x,rot_y,rot_z,rot_w,num_detected,num_matched,num_inliers,num_inliers_E,num_inliers_pose,num_inliers_H,inlier_ratio,feature_survival_rate,feature_vel_mean,feature_vel_max,mean_lk_err,consecutive_low_inliers,failure_triggered_streak,window_low_inlier_pct,failure_triggered_window,rel_tx,rel_ty,rel_tz,rel_rot_deg,eis_dt_ms,eis_crop_pct,eis_warp_deg,eis_cum_warp_deg,eis_gate_scale,eis_yaw_rate_deg,is_r_frame,num_active,num_pending,promotions_this_frame,bd_ratio
0,8,746000000,8.746000000,0.0,0.0,0.0,0.0,0.0,0.0,1.0,963,0,0,0,0,0,0.0000,0.0000,0.0000,0.0000,0.0000,1,False,100.00,True,0.0,0.0,0.0,0.00,91.0000,0.00,0.0000,0.0000,1.0000,0.0000,0,963,0,0,0.000000
1,8,779000000,8.779000000,0.0,0.0,0.0,0.0,0.0,0.0,1.0,963,963,0,963,0,0,0.0000,1.0000,0.0000,0.0000,0.0000,2,False,100.00,True,0.0,0.0,0.0,0.00,58.0000,0.00,0.0000,0.0000,1.0000,0.0000,0,963,0,0,0.000000
2,8,812000000,8.812000000,0.0,0.0,0.0,0.0,0.0,0.0,1.0,963,963,0,963,0,0,0.0000,1.0000,0.0000,0.0000,0.0000,3,False,100.00,True,0.0,0.0,0.0,0.00,25.0000,0.00,0.0000,0.0000,1.0000,0.0000,0,963,0,0,0.000000
3,8,845000000,8.845000000,0.0,0.0,0.0,0.0,0.0,0.0,1.0,963,963,0,963,0,0,0.0000,1.0000,0.0000,0.0000,0.0000,4,False,100.00,True,0.0,0.0,0.0,0.00,3.0000,0.00,0.0000,0.0000,1.0000,0.0000,0,963,0,0,0.000000
4,8,878000000,8.878000000,0.0,0.0,0.0,0.0,0.0,0.0,1.0,963,963,0,963,0,0,0.0000,1.0000,0.0000,0.0000,0.0000,5,False,100.00,True,0.0,0.0,0.0,0.00,4.0000,0.00,0.0000,0.0000,1.0000,0.0000,0,963,0,0,0.000000
5,8,911000000,8.911000000,0.0,0.0,0.0,0.0,0.0,0.0,1.0,963,963,0,963,0,0,0.0000,1.0000,0.0000,0.0000,0.0000,6,False,100.00,True,0.0,0.0,0.0,0.00,3.0000,0.00,0.0000,0.0000,1.0000,0.0000,0,963,0,0,0.000000
6,8,944000000,8.944000000,0.0,0.0,0.0,0.0,0.0,0.0,1.0,963,963,0,963,0,0,0.0000,1.0000,0.0000,0.0000,0.0000,7,False,100.00,True,0.0,0.0,0.0,0.00,6.0000,0.00,0.0000,0.0000,1.0000,0.0000,0,963,0,0,0.000000
7,8,977000000,8.977000000,0.0,0.0,0.0,0.0,0.0,0.0,1.0,963,963,0,963,0,0,0.0000,1.0000,0.0000,0.0000,0.0000,8,False,100.00,True,0.0,0.0,0.0,0.00,10.0000,0.00,0.0000,0.0000,1.0000,0.0000,0,963,0,0,0.000000
8,9,10000000,9.010000000,0.0,0.0,0.0,0.0,0.0,0.0,1.0,963,963,0,963,0,0,0.0000,1.0000,0.0000,0.0000,0.0000,9,False,100.00,True,0.0,0.0,0.0,0.00,3.0000,0.00,0.0000,0.0000,1.0000,0.0000,0,963,0,0,0.000000
9,9,43000000,9.043000000,0.0,0.0,0.0,0.0,0.0,0.0,1.0,963,963,0,963,0,0,0.0000,1.0000,0.0000,0.0000,0.0000,10,True,100.00,True,0.0,0.0,0.0,0.00,1.0000,0.00,0.0000,0.0000,1.0000,0.0000,0,963,0,0,0.000000
10,9,76000000,9.076000000,0.0,0.0,0.0,0.0,0.0,0.0,1.0,963,963,0,963,0,0,0.0000,1.0000,0.0000,0.0000,0.0000,11,True,100.00,True,0.0,0.0,0.0,0.00,3.0000,0.00,0.0000,0.0000,1.0000,0.0000,0,963,0,0,0.000000
11,9,109000000,9.109000000,0.0,0.0,0.0,0.0,0.0,0.0,1.0,963,963,0,963,0,0,0.0000,1.0000,0.0000,0.0000,0.0000,12,True,100.00,True,0.0,0.0,0.0,0.00,2.0000,0.00,0.0000,0.0000,1.0000,0.0000,0,963,0,0,0.000000
12,9,142000000,9.142000000,0.0,0.0,0.0,0.0,0.0,0.0,1.0,963,963,0,963,0,0,0.0000,1.0000,0.0000,0.0000,0.0000,13,True,100.00,True,0.0,0.0,0.0,0.00,2.0000,0.00,0.0000,0.0000,1.0000,0.0000,0,963,0,0,0.000000
13,9,175000000,9.175000000,0.0,0.0,0.0,0.0,0.0,0.0,1.0,963,963,0,963,0,0,0.0000,1.0000,0.0000,0.0000,0.0000,14,True,100.00,True,0.0,0.0,0.0,0.00,0.0000,0.00,0.0000,0.0000,1.0000,0.0000,0,963,0,0,0.000000
14,9,208000000,9.208000000,0.0,0.0,0.0,0.0,0.0,0.0,1.0,963,963,0,963,0,0,0.0000,1.0000,0.0000,0.0000,0.0000,15,True,100.00,True,0.0,0.0,0.0,0.00,5.0000,0.00,0.0000,0.0000,1.0000,0.0000,0,963,0,0,0.000000
15,9,241000000,9.241000000,0.0,0.0,0.0,0.0,0.0,0.0,1.0,963,963,0,963,0,0,0.0000,1.0000,0.0000,0.0000,0.0000,16,True,100.00,True,0.0,0.0,0.0,0.00,6.0000,0.00,0.0000,0.0000,1.0000,0.0000,0,963,0,0,0.000000
16,9,274000000,9.274000000,0.0,0.0,0.0,0.0,0.0,0.0,1.0,963,963,0,963,0,0,0.0000,1.0000,0.0000,0.0000,0.0000,17,True,100.00,True,0.0,0.0,0.0,0.00,3.0000,0.00,0.0000,0.0000,1.0000,0.0000,0,963,0,0,0.000000
17,9,307000000,9.307000000,0.0,0.0,0.0,0.0,0.0,0.0,1.0,963,963,0,963,0,0,0.0000,1.0000,0.0000,0.0000,0.0000,18,True,100.00,True,0.0,0.0,0.0,0.00,11.0000,0.00,0.0000,0.0000,1.0000,0.0000,0,963,0,0,0.000000
18,9,340000000,9.340000000,0.0,0.0,0.0,0.0,0.0,0.0,1.0,963,963,0,963,0,0,0.0000,1.0000,0.0000,0.0000,0.0000,19,True,100.00,True,0.0,0.0,0.0,0.00,7.0000,0.00,0.0000,0.0000,1.0000,0.0000,0,963,0,0,0.000000
19,9,373000000,9.373000000,0.0,0.0,0.0,0.0,0.0,0.0,1.0,963,963,0,963,0,0,0.0000,1.0000,0.0000,0.0000,0.0000,20,True,100.00,True,0.0,0.0,0.0,0.00,0.0000,0.00,0.0000,0.0000,1.0000,0.0000,0,963,0,0,0.000000
20,9,406000000,9.406000000,0.0,0.0,0.0,0.0,0.0,0.0,1.0,963,963,0,963,0,0,0.0000,1.0000,0.0000,0.0000,0.0000,21,True,100.00,True,0.0,0.0,0.0,0.00,1.0000,0.00,0.0000,0.0000,1.0000,0.0000,0,963,0,0,0.000000
21,9,439000000,9.439000000,0.0,0.0,0.0,0.0,0.0,0.0,1.0,963,963,0,963,0,0,0.0000,1.0000,0.0000,0.0000,0.0000,22,True,100.00,True,0.0,0.0,0.0,0.00,4.0000,0.00,0.0000,0.0000,1.0000,0.0000,0,963,0,0,0.000000
22,9,472000000,9.472000000,0.0,0.0,0.0,0.0,0.0,0.0,1.0,963,963,0,963,0,0,0.0000,1.0000,0.0000,0.0000,0.0000,23,True,100.00,True,0.0,0.0,0.0,0.00,3.0000,0.00,0.0000,0.0000,1.0000,0.0000,0,963,0,0,0.000000
23,9,505000000,9.505000000,0.0,0.0,0.0,0.0,0.0,0.0,1.0,963,963,0,963,0,0,0.0000,1.0000,0.0000,0.0000,0.0000,24,True,100.00,True,0.0,0.0,0.0,0.00,10.0000,0.00,0.0000,0.0000,1.0000,0.0000,0,963,0,0,0.000000
24,9,538000000,9.538000000,0.0,0.0,0.0,0.0,0.0,0.0,1.0,963,963,0,963,0,0,0.0000,1.0000,0.0000,0.0000,0.0000,25,True,100.00,True,0.0,0.0,0.0,0.00,6.0000,0.00,0.0000,0.0000,1.0000,0.0000,0,963,0,0,0.000000
25,9,571000000,9.571000000,0.0,0.0,0.0,0.0,0.0,0.0,1.0,963,963,0,963,0,0,0.0000,1.0000,0.0000,0.0000,0.0000,26,True,100.00,True,0.0,0.0,0.0,0.00,1.0000,0.00,0.0000,0.0000,1.0000,0.0000,0,963,0,0,0.000000
26,9,604000000,9.604000000,0.0,0.0,0.0,0.0,0.0,0.0,1.0,963,963,0,963,0,0,0.0000,1.0000,0.0000,0.0000,0.0000,27,True,100.00,True,0.0,0.0,0.0,0.00,0.0000,0.00,0.0000,0.0000,1.0000,0.0000,0,963,0,0,0.000000
27,9,637000000,9.637000000,0.0,0.0,0.0,0.0,0.0,0.0,1.0,963,963,0,963,0,0,0.0000,1.0000,0.0000,0.0000,0.0000,28,True,100.00,True,0.0,0.0,0.0,0.00,4.0000,0.00,0.0000,0.0000,1.0000,0.0000,0,963,0,0,0.000000
28,9,670000000,9.670000000,0.0,0.0,0.0,0.0,0.0,0.0,1.0,963,963,0,963,0,0,0.0000,1.0000,0.0000,0.0000,0.0000,29,True,100.00,True,0.0,0.0,0.0,0.00,6.0000,0.00,0.0000,0.0000,1.0000,0.0000,0,963,0,0,0.000000
29,9,703000000,9.703000000,0.0,0.0,0.0,0.0,0.0,0.0,1.0,963,963,0,963,0,0,0.0000,1.0000,0.0000,0.0000,0.0000,30,True,100.00,True,0.0,0.0,0.0,0.00,6.0000,0.00,0.0000,0.0000,1.0000,0.0000,0,963,0,0,0.000000
30,9,736000000,9.736000000,0.0,0.0,0.0,0.0,0.0,0.0,1.0,963,963,0,963,0,0,0.0000,1.0000,0.0000,0.0000,0.0000,31,True,100.00,True,0.0,0.0,0.0,0.00,1.0000,0.00,0.0000,0.0000,1.0000,0.0000,0,963,0,0,0.000000
31,9,769000000,9.769000000,0.0,0.0,0.0,0.0,0.0,0.0,1.0,963,963,0,963,0,0,0.0000,1.0000,0.0000,0.0000,0.0000,32,True,100.00,True,0.0,0.0,0.0,0.00,1.0000,0.00,0.0000,0.0000,1.0000,0.0000,0,963,0,0,0.000000
32,9,802000000,9.802000000,0.0,0.0,0.0,0.0,0.0,0.0,1.0,963,963,0,963,0,0,0.0000,1.0000,0.0000,0.0000,0.0000,33,True,100.00,True,0.0,0.0,0.0,0.00,10.0000,0.00,0.0000,0.0000,1.0000,0.0000,0,963,0,0,0.000000
33,9,835000000,9.835000000,0.0,0.0,0.0,0.0,0.0,0.0,1.0,963,963,0,963,0,0,0.0000,1.0000,0.0000,0.0000,0.0000,34,True,100.00,True,0.0,0.0,0.0,0.00,11.0000,0.00,0.0000,0.0000,1.0000,0.0000,0,963,0,0,0.000000
34,9,868000000,9.868000000,0.0,0.0,0.0,0.0,0.0,0.0,1.0,963,963,0,963,0,0,0.0000,1.0000,0.0000,0.0000,0.0000,35,True,100.00,True,0.0,0.0,0.0,0.00,7.0000,0.00,0.0000,0.0000,1.0000,0.0000,0,963,0,0,0.000000
35,9,901000000,9.901000000,0.0,0.0,0.0,0.0,0.0,0.0,1.0,963,963,0,963,0,0,0.0000,1.0000,0.0000,0.0000,0.0000,36,True,100.00,True,0.0,0.0,0.0,0.00,6.0000,0.00,0.0000,0.0000,1.0000,0.0000,0,963,0,0,0.000000
36,9,934000000,9.934000000,0.0,0.0,0.0,0.0,0.0,0.0,1.0,963,963,0,963,0,0,0.0000,1.0000,0.0000,0.0000,0.0000,37,True,100.00,True,0.0,0.0,0.0,0.00,3.0000,0.00,0.0000,0.0000,1.0000,0.0000,0,963,0,0,0.000000
37,9,967000000,9.967000000,0.0,0.0,0.0,0.0,0.0,0.0,1.0,963,963,0,963,0,0,0.0000,1.0000,0.0000,0.0000,0.0000,38,True,100.00,True,0.0,0.0,0.0,0.00,2.0000,0.00,0.0000,0.0000,1.0000,0.0000,0,963,0,0,0.000000
38,10,0,10.000000000,0.0,0.0,0.0,0.0,0.0,0.0,1.0,963,963,0,963,0,0,0.0000,1.0000,0.0000,0.0000,0.0000,39,True,100.00,True,0.0,0.0,0.0,0.00,3.0000,0.00,0.0000,0.0000,1.0000,0.0000,0,963,0,0,0.000000
39,10,33000000,10.033000000,0.0,0.0,0.0,0.0,0.0,0.0,1.0,963,963,0,963,0,0,0.0000,1.0000,0.0000,0.0000,0.0000,40,True,100.00,True,0.0,0.0,0.0,0.00,10.0000,0.00,0.0000,0.0000,1.0000,0.0000,0,963,0,0,0.000000
40,10,66000000,10.066000000,0.0,0.0,0.0,0.0,0.0,0.0,1.0,963,963,0,963,0,0,0.0000,1.0000,0.0000,0.0000,0.0000,41,True,100.00,True,0.0,0.0,0.0,0.00,1.0000,0.00,0.0000,0.0000,1.0000,0.0000,0,963,0,0,0.000000
41,10,99000000,10.099000000,0.0,0.0,0.0,0.0,0.0,0.0,1.0,963,963,0,963,0,0,0.0000,1.0000,0.0000,0.0000,0.0000,42,True,100.00,True,0.0,0.0,0.0,0.00,2.0000,0.00,0.0000,0.0000,1.0000,0.0000,0,963,0,0,0.000000
42,10,132000000,10.132000000,0.0,0.0,0.0,0.0,0.0,0.0,1.0,963,963,0,963,0,0,0.0000,1.0000,0.0000,0.0000,0.0000,43,True,100.00,True,0.0,0.0,0.0,0.00,1.0000,0.00,0.0000,0.0000,1.0000,0.0000,0,963,0,0,0.000000
43,10,165000000,10.165000000,0.0,0.0,0.0,0.0,0.0,0.0,1.0,963,963,0,963,0,0,0.0000,1.0000,0.0000,0.0000,0.0000,44,True,100.00,True,0.0,0.0,0.0,0.00,1.0000,0.00,0.0000,0.0000,1.0000,0.0000,0,963,0,0,0.000000
44,10,198000000,10.198000000,0.0,0.0,0.0,0.0,0.0,0.0,1.0,963,963,0,963,0,0,0.0000,1.0000,0.0000,0.0000,0.0000,45,True,100.00,True,0.0,0.0,0.0,0.00,6.0000,0.00,0.0000,0.0000,1.0000,0.0000,0,963,0,0,0.000000
45,10,231000000,10.231000000,0.0,0.0,0.0,0.0,0.0,0.0,1.0,963,963,0,963,0,0,0.0000,1.0000,0.0000,0.0000,0.0000,46,True,100.00,True,0.0,0.0,0.0,0.00,5.0000,0.00,0.0000,0.0000,1.0000,0.0000,0,963,0,0,0.000000
46,10,264000000,10.264000000,0.0,0.0,0.0,0.0,0.0,0.0,1.0,963,963,0,963,0,0,0.0000,1.0000,0.0000,0.0000,0.0000,47,True,100.00,True,0.0,0.0,0.0,0.00,3.0000,0.00,0.0000,0.0000,1.0000,0.0000,0,963,0,0,0.000000
47,10,297000000,10.297000000,0.0,0.0,0.0,0.0,0.0,0.0,1.0,963,963,0,963,0,0,0.0000,1.0000,0.0000,0.0000,0.0000,48,True,100.00,True,0.0,0.0,0.0,0.00,6.0000,0.00,0.0000,0.0000,1.0000,0.0000,0,963,0,0,0.000000
48,10,330000000,10.330000000,0.0,0.0,0.0,0.0,0.0,0.0,1.0,963,963,0,963,0,0,0.0000,1.0000,0.0000,0.0000,0.0000,49,True,100.00,True,0.0,0.0,0.0,0.00,7.0000,0.00,0.0000,0.0000,1.0000,0.0000,0,963,0,0,0.000000
49,10,363000000,10.363000000,0.0,0.0,0.0,0.0,0.0,0.0,1.0,963,963,0,963,0,0,0.0000,1.0000,0.0000,0.0000,0.0000,50,True,100.00,True,0.0,0.0,0.0,0.00,4.0000,0.00,0.0000,0.0000,1.0000,0.0000,0,963,0,0,0.000000
50,10,396000000,10.396000000,0.0,0.0,0.0,0.0,0.0,0.0,1.0,963,963,0,963,0,0,0.0000,1.0000,0.0000,0.0000,0.0000,51,True,100.00,True,0.0,0.0,0.0,0.00,8.0000,0.00,0.0000,0.0000,1.0000,0.0000,0,963,0,0,0.000000
51,10,429000000,10.429000000,0.0,0.0,0.0,0.0,0.0,0.0,1.0,963,963,0,963,0,0,0.0000,1.0000,0.0000,0.0000,0.0000,52,True,100.00,True,0.0,0.0,0.0,0.00,7.0000,0.00,0.0000,0.0000,1.0000,0.0000,0,963,0,0,0.000000
52,10,462000000,10.462000000,0.0,0.0,0.0,0.0,0.0,0.0,1.0,963,963,0,963,0,0,0.0000,1.0000,0.0000,0.0000,0.0000,53,True,100.00,True,0.0,0.0,0.0,0.00,1.0000,0.00,0.0000,0.0000,1.0000,0.0000,0,963,0,0,0.000000
53,10,495000000,10.495000000,0.0,0.0,0.0,0.0,0.0,0.0,1.0,963,963,0,963,0,0,0.0000,1.0000,0.0000,0.0000,0.0000,54,True,100.00,True,0.0,0.0,0.0,0.00,1.0000,0.00,0.0000,0.0000,1.0000,0.0000,0,963,0,0,0.000000
54,10,528000000,10.528000000,0.0,0.0,0.0,0.0,0.0,0.0,1.0,963,963,0,963,0,0,0.0000,1.0000,0.0000,0.0000,0.0000,55,True,100.00,True,0.0,0.0,0.0,0.00,4.0000,0.00,0.0000,0.0000,1.0000,0.0000,0,963,0,0,0.000000
55,10,561000000,10.561000000,0.0,0.0,0.0,0.0,0.0,0.0,1.0,963,963,0,963,0,0,0.0000,1.0000,0.0000,0.0000,0.0000,56,True,100.00,True,0.0,0.0,0.0,0.00,4.0000,0.00,0.0000,0.0000,1.0000,0.0000,0,963,0,0,0.000000
56,10,594000000,10.594000000,0.0,0.0,0.0,0.0,0.0,0.0,1.0,963,963,0,963,0,0,0.0000,1.0000,0.0000,0.0000,0.0000,57,True,100.00,True,0.0,0.0,0.0,0.00,1.0000,0.00,0.0000,0.0000,1.0000,0.0000,0,963,0,0,0.000000
57,10,627000000,10.627000000,0.0,0.0,0.0,0.0,0.0,0.0,1.0,963,963,0,963,0,0,0.0000,1.0000,0.0000,0.0000,0.0000,58,True,100.00,True,0.0,0.0,0.0,0.00,13.0000,0.00,0.0000,0.0000,1.0000,0.0000,0,963,0,0,0.000000
58,10,660000000,10.660000000,0.0,0.0,0.0,0.0,0.0,0.0,1.0,963,963,0,963,0,0,0.0000,1.0000,0.0000,0.0000,0.0000,59,True,100.00,True,0.0,0.0,0.0,0.00,2.0000,0.00,0.0000,0.0000,1.0000,0.0000,0,963,0,0,0.000000
59,10,693000000,10.693000000,0.0,0.0,0.0,0.0,0.0,0.0,1.0,963,963,0,963,0,0,0.0000,1.0000,0.0000,0.0000,0.0000,60,True,100.00,True,0.0,0.0,0.0,0.00,1.0000,0.00,0.0000,0.0000,1.0000,0.0000,0,963,0,0,0.000000
60,10,726000000,10.726000000,0.0,0.0,0.0,0.0,0.0,0.0,1.0,963,963,0,963,0,0,0.0000,1.0000,0.0000,0.0000,0.0000,61,True,100.00,True,0.0,0.0,0.0,0.00,10.0000,0.00,0.0000,0.0000,1.0000,0.0000,0,963,0,0,0.000000
61,10,759000000,10.759000000,0.0,0.0,0.0,0.0,0.0,0.0,1.0,963,963,0,963,0,0,0.0000,1.0000,0.0000,0.0000,0.0000,62,True,100.00,True,0.0,0.0,0.0,0.00,12.0000,0.00,0.0000,0.0000,1.0000,0.0000,0,963,0,0,0.000000
62,10,792000000,10.792000000,0.0,0.0,0.0,0.0,0.0,0.0,1.0,963,963,0,963,0,0,0.0000,1.0000,0.0000,0.0000,0.0000,63,True,100.00,True,0.0,0.0,0.0,0.00,9.0000,0.00,0.0000,0.0000,1.0000,0.0000,0,963,0,0,0.000000
63,10,825000000,10.825000000,0.0,0.0,0.0,0.0,0.0,0.0,1.0,963,963,0,963,0,0,0.0000,1.0000,0.0000,0.0000,0.0000,64,True,100.00,True,0.0,0.0,0.0,0.00,3.0000,0.00,0.0000,0.0000,1.0000,0.0000,0,963,0,0,0.000000
64,10,858000000,10.858000000,0.0,0.0,0.0,0.0,0.0,0.0,1.0,963,963,0,963,0,0,0.0000,1.0000,0.0000,0.0000,0.0000,65,True,100.00,True,0.0,0.0,0.0,0.00,8.0000,0.00,0.0000,0.0000,1.0000,0.0000,0,963,0,0,0.000000
65,10,891000000,10.891000000,0.0,0.0,0.0,0.0,0.0,0.0,1.0,963,963,0,963,0,0,0.0000,1.0000,0.0000,0.0000,0.0000,66,True,100.00,True,0.0,0.0,0.0,0.00,6.0000,0.00,0.0000,0.0000,1.0000,0.0000,0,963,0,0,0.000000
66,10,924000000,10.924000000,0.0,0.0,0.0,0.0,0.0,0.0,1.0,963,963,0,963,0,0,0.0000,1.0000,0.0000,0.0000,0.0000,67,True,100.00,True,0.0,0.0,0.0,0.00,7.0000,0.00,0.0000,0.0000,1.0000,0.0000,0,963,0,0,0.000000
67,10,957000000,10.957000000,0.0,0.0,0.0,0.0,0.0,0.0,1.0,963,963,0,963,0,0,0.0000,1.0000,0.0000,0.0000,0.0000,68,True,100.00,True,0.0,0.0,0.0,0.00,6.0000,0.00,0.0000,0.0000,1.0000,0.0000,0,963,0,0,0.000000
68,10,990000000,10.990000000,0.0,0.0,0.0,0.0,0.0,0.0,1.0,963,963,0,963,0,0,0.0000,1.0000,0.0000,0.0000,0.0000,69,True,100.00,True,0.0,0.0,0.0,0.00,5.0000,0.00,0.0000,0.0000,1.0000,0.0000,0,963,0,0,0.000000
69,11,23000000,11.023000000,0.0,0.0,0.0,0.0,0.0,0.0,1.0,963,963,0,963,0,0,0.0000,1.0000,0.0000,0.0000,0.0000,70,True,100.00,True,0.0,0.0,0.0,0.00,3.0000,0.00,0.0000,0.0000,1.0000,0.0000,0,963,0,0,0.000000
70,11,56000000,11.056000000,0.0,0.0,0.0,0.0,0.0,0.0,1.0,963,963,0,963,0,0,0.0000,1.0000,0.0000,0.0000,0.0000,71,True,100.00,True,0.0,0.0,0.0,0.00,4.0000,0.00,0.0000,0.0000,1.0000,0.0000,0,963,0,0,0.000000
71,11,89000000,11.089000000,0.0,0.0,0.0,0.0,0.0,0.0,1.0,963,963,0,963,0,0,0.0000,1.0000,0.0000,0.0023,0.0000,72,True,100.00,True,0.0,0.0,0.0,0.00,1.0000,0.00,0.0000,0.0000,1.0000,0.0000,0,963,0,0,0.000000
72,11,122000000,11.122000000,0.0,0.0,0.0,0.0,0.0,0.0,1.0,963,963,0,963,0,0,0.0000,1.0000,0.0000,0.0027,0.0001,73,True,100.00,True,0.0,0.0,0.0,0.00,2.0000,0.00,0.0000,0.0000,1.0000,0.0000,0,963,0,0,0.000000
73,11,155000000,11.155000000,0.0,0.0,0.0,0.0,0.0,0.0,1.0,963,963,0,963,0,0,0.0000,1.0000,0.0000,0.0000,0.0000,74,True,100.00,True,0.0,0.0,0.0,0.00,2.0000,0.00,0.0000,0.0000,1.0000,0.0000,0,963,0,0,0.000000
74,11,188000000,11.188000000,0.0,0.0,0.0,0.0,0.0,0.0,1.0,963,963,0,963,0,0,0.0000,1.0000,0.0000,0.0000,0.0000,75,True,100.00,True,0.0,0.0,0.0,0.00,3.0000,0.00,0.0000,0.0000,1.0000,0.0000,0,963,0,0,0.000000
75,11,221000000,11.221000000,0.0,0.0,0.0,0.0,0.0,0.0,1.0,963,963,0,963,0,0,0.0000,1.0000,0.0000,0.0000,0.0000,76,True,100.00,True,0.0,0.0,0.0,0.00,2.0000,0.00,0.0000,0.0000,1.0000,0.0000,0,963,0,0,0.000000
76,11,254000000,11.254000000,0.0,0.0,0.0,0.0,0.0,0.0,1.0,963,963,0,963,0,0,0.0000,1.0000,0.0000,0.0000,0.0000,77,True,100.00,True,0.0,0.0,0.0,0.00,11.0000,0.00,0.0000,0.0000,1.0000,0.0000,0,963,0,0,0.000000
77,11,287000000,11.287000000,0.0,0.0,0.0,0.0,0.0,0.0,1.0,963,963,0,963,0,0,0.0000,1.0000,0.0000,0.0000,0.0000,78,True,100.00,True,0.0,0.0,0.0,0.00,9.0000,0.00,0.0000,0.0000,1.0000,0.0000,0,963,0,0,0.000000
78,11,320000000,11.320000000,0.0,0.0,0.0,0.0,0.0,0.0,1.0,963,960,0,960,0,0,0.0000,0.9969,0.0000,0.0026,0.0000,79,True,100.00,True,0.0,0.0,0.0,0.00,1.0000,0.00,0.0000,0.0000,1.0000,0.0000,0,960,0,0,0.000000
79,11,353000000,11.353000000,0.0,0.0,0.0,0.0,0.0,0.0,1.0,960,960,0,960,0,0,0.0000,1.0000,0.0000,0.0006,0.0000,80,True,100.00,True,0.0,0.0,0.0,0.00,6.0000,0.00,0.0000,0.0000,1.0000,0.0000,0,960,0,0,0.000000
80,11,386000000,11.386000000,0.0,0.0,0.0,0.0,0.0,0.0,1.0,960,960,0,960,0,0,0.0000,1.0000,0.0000,0.0000,0.0000,81,True,100.00,True,0.0,0.0,0.0,0.00,7.0000,0.00,0.0000,0.0000,1.0000,0.0000,0,960,0,0,0.000000
81,11,419000000,11.419000000,0.0,0.0,0.0,0.0,0.0,0.0,1.0,960,960,0,960,0,0,0.0000,1.0000,0.0000,0.0000,0.0000,82,True,100.00,True,0.0,0.0,0.0,0.00,3.0000,0.00,0.0000,0.0000,1.0000,0.0000,0,960,0,0,0.000000
82,11,452000000,11.452000000,0.0,0.0,0.0,0.0,0.0,0.0,1.0,960,960,0,960,0,0,0.0000,1.0000,0.0000,0.0000,0.0000,83,True,100.00,True,0.0,0.0,0.0,0.00,6.0000,0.00,0.0000,0.0000,1.0000,0.0000,0,960,0,0,0.000000
83,11,485000000,11.485000000,0.0,0.0,0.0,0.0,0.0,0.0,1.0,960,960,0,960,0,0,0.0000,1.0000,0.0000,0.0000,0.0000,84,True,100.00,True,0.0,0.0,0.0,0.00,9.0000,0.00,0.0000,0.0000,1.0000,0.0000,0,960,0,0,0.000000
84,11,518000000,11.518000000,0.0,0.0,0.0,0.0,0.0,0.0,1.0,960,950,0,950,0,0,0.0000,0.9896,0.0000,0.0024,0.0000,85,True,100.00,True,0.0,0.0,0.0,0.00,9.0000,0.00,0.0000,0.0000,1.0000,0.0000,0,950,0,0,0.000000
85,11,551000000,11.551000000,0.0,0.0,0.0,0.0,0.0,0.0,1.0,950,950,0,950,0,0,0.0000,1.0000,0.0000,0.0026,0.0000,86,True,100.00,True,0.0,0.0,0.0,0.00,10.0000,0.00,0.0000,0.0000,1.0000,0.0000,0,950,0,0,0.000000
86,11,584000000,11.584000000,0.0,0.0,0.0,0.0,0.0,0.0,1.0,950,950,0,950,0,0,0.0000,1.0000,0.0000,0.0000,0.0000,87,True,100.00,True,0.0,0.0,0.0,0.00,8.0000,0.00,0.0000,0.0000,1.0000,0.0000,0,950,0,0,0.000000
87,11,617000000,11.617000000,0.0,0.0,0.0,0.0,0.0,0.0,1.0,950,950,0,950,0,0,0.0000,1.0000,0.0000,0.0000,0.0000,88,True,100.00,True,0.0,0.0,0.0,0.00,8.0000,0.00,0.0000,0.0000,1.0000,0.0000,0,950,0,0,0.000000
88,11,650000000,11.650000000,0.0,0.0,0.0,0.0,0.0,0.0,1.0,950,950,0,950,0,0,0.0000,1.0000,0.0000,0.0000,0.0000,89,True,100.00,True,0.0,0.0,0.0,0.00,8.0000,0.00,0.0000,0.0000,1.0000,0.0000,0,950,0,0,0.000000
89,11,683000000,11.683000000,0.0,0.0,0.0,0.0,0.0,0.0,1.0,950,950,0,950,0,0,0.0000,1.0000,0.0000,0.0000,0.0000,90,True,100.00,True,0.0,0.0,0.0,0.00,6.0000,0.00,0.0000,0.0000,1.0000,0.0000,0,950,0,0,0.000000
90,11,716000000,11.716000000,0.0,0.0,0.0,0.0,0.0,0.0,1.0,950,950,0,950,0,0,0.0000,1.0000,0.0000,0.0021,0.0000,91,True,100.00,True,0.0,0.0,0.0,0.00,1.0000,0.00,0.0000,0.0000,1.0000,0.0000,0,950,0,0,0.000000
91,11,749000000,11.749000000,0.0,0.0,0.0,0.0,0.0,0.0,1.0,950,950,0,950,0,0,0.0000,1.0000,0.0000,0.0032,0.0000,92,True,100.00,True,0.0,0.0,0.0,0.00,5.0000,0.00,0.0000,0.0000,1.0000,0.0000,0,950,0,0,0.000000
92,11,782000000,11.782000000,0.0,0.0,0.0,0.0,0.0,0.0,1.0,950,950,0,950,0,0,0.0000,1.0000,0.0000,0.0000,0.0000,93,True,100.00,True,0.0,0.0,0.0,0.00,4.0000,0.00,0.0000,0.0000,1.0000,0.0000,0,950,0,0,0.000000
93,11,815000000,11.815000000,0.0,0.0,0.0,0.0,0.0,0.0,1.0,950,950,0,950,0,0,0.0000,1.0000,0.0000,0.0000,0.0000,94,True,100.00,True,0.0,0.0,0.0,0.00,8.0000,0.00,0.0000,0.0000,1.0000,0.0000,0,950,0,0,0.000000
94,11,848000000,11.848000000,0.0,0.0,0.0,0.0,0.0,0.0,1.0,950,950,0,950,0,0,0.0000,1.0000,0.0000,0.0000,0.0000,95,True,100.00,True,0.0,0.0,0.0,0.00,8.0000,0.00,0.0000,0.0000,1.0000,0.0000,0,950,0,0,0.000000
95,11,881000000,11.881000000,0.0,0.0,0.0,0.0,0.0,0.0,1.0,950,950,0,950,0,0,0.0000,1.0000,0.0000,0.0000,0.0000,96,True,100.00,True,0.0,0.0,0.0,0.00,3.0000,0.00,0.0000,0.0000,1.0000,0.0000,0,950,0,0,0.000000
96,11,914000000,11.914000000,0.0,0.0,0.0,0.0,0.0,0.0,1.0,950,950,0,950,0,0,0.0000,1.0000,0.0000,0.0000,0.0000,97,True,100.00,True,0.0,0.0,0.0,0.00,8.0000,0.00,0.0000,0.0000,1.0000,0.0000,0,950,0,0,0.000000
97,11,947000000,11.947000000,0.0,0.0,0.0,0.0,0.0,0.0,1.0,950,950,0,950,0,0,0.0000,1.0000,0.0000,0.0031,0.0000,98,True,100.00,True,0.0,0.0,0.0,0.00,6.0000,0.00,0.0000,0.0000,1.0000,0.0000,0,950,0,0,0.000000
98,11,980000000,11.980000000,0.0,0.0,0.0,0.0,0.0,0.0,1.0,950,950,0,950,0,0,0.0000,1.0000,0.0000,0.0007,0.0000,99,True,100.00,True,0.0,0.0,0.0,0.00,7.0000,0.00,0.0000,0.0000,1.0000,0.0000,0,950,0,0,0.000000
99,12,13000000,12.013000000,0.0,0.0,0.0,0.0,0.0,0.0,1.0,950,950,0,950,0,0,0.0000,1.0000,0.0000,0.0000,0.0000,100,True,100.00,True,0.0,0.0,0.0,0.00,9.0000,0.00,0.0000,0.0000,1.0000,0.0000,0,950,0,0,0.000000
100,12,46000000,12.046000000,0.0,0.0,0.0,0.0,0.0,0.0,1.0,950,950,0,950,0,0,0.0000,1.0000,0.0000,0.0000,0.0000,101,True,100.00,True,0.0,0.0,0.0,0.00,3.0000,0.00,0.0000,0.0000,1.0000,0.0000,0,950,0,0,0.000000
101,12,79000000,12.079000000,0.0,0.0,0.0,0.0,0.0,0.0,1.0,950,950,0,950,0,0,0.0000,1.0000,0.0000,0.0000,0.0000,102,True,100.00,True,0.0,0.0,0.0,0.00,11.0000,0.00,0.0000,0.0000,1.0000,0.0000,0,950,0,0,0.000000
102,12,112000000,12.112000000,0.0,0.0,0.0,0.0,0.0,0.0,1.0,950,950,0,950,0,0,0.0000,1.0000,0.0000,0.0000,0.0000,103,True,100.00,True,0.0,0.0,0.0,0.00,13.0000,0.00,0.0000,0.0000,1.0000,0.0000,0,950,0,0,0.000000
103,12,145000000,12.145000000,0.0,0.0,0.0,0.0,0.0,0.0,1.0,950,949,0,949,0,0,0.0000,0.9989,0.0000,0.0028,0.0000,104,True,100.00,True,0.0,0.0,0.0,0.00,5.0000,0.00,0.0000,0.0000,1.0000,0.0000,0,949,0,0,0.000000
104,12,178000000,12.178000000,0.0,0.0,0.0,0.0,0.0,0.0,1.0,949,949,0,949,0,0,0.0000,1.0000,0.0000,0.0005,0.0000,105,True,100.00,True,0.0,0.0,0.0,0.00,4.0000,0.00,0.0000,0.0000,1.0000,0.0000,0,949,0,0,0.000000
105,12,211000000,12.211000000,0.0,0.0,0.0,0.0,0.0,0.0,1.0,949,949,0,949,0,0,0.0000,1.0000,0.0000,0.0000,0.0000,106,True,100.00,True,0.0,0.0,0.0,0.00,3.0000,0.00,0.0000,0.0000,1.0000,0.0000,0,949,0,0,0.000000
106,12,244000000,12.244000000,0.0,0.0,0.0,0.0,0.0,0.0,1.0,949,949,0,949,0,0,0.0000,1.0000,0.0000,0.0000,0.0000,107,True,100.00,True,0.0,0.0,0.0,0.00,5.0000,0.00,0.0000,0.0000,1.0000,0.0000,0,949,0,0,0.000000
107,12,277000000,12.277000000,0.0,0.0,0.0,0.0,0.0,0.0,1.0,949,949,0,949,0,0,0.0000,1.0000,0.0000,0.0000,0.0000,108,True,100.00,True,0.0,0.0,0.0,0.00,1.0000,0.00,0.0000,0.0000,1.0000,0.0000,0,949,0,0,0.000000
108,12,310000000,12.310000000,0.0,0.0,0.0,0.0,0.0,0.0,1.0,949,949,0,949,0,0,0.0000,1.0000,0.0000,0.0029,0.0000,109,True,100.00,True,0.0,0.0,0.0,0.00,4.0000,0.00,0.0000,0.0000,1.0000,0.0000,0,949,0,0,0.000000
109,12,343000000,12.343000000,0.0,0.0,0.0,0.0,0.0,0.0,1.0,949,949,0,949,0,0,0.0000,1.0000,0.0000,0.0004,0.0000,110,True,100.00,True,0.0,0.0,0.0,0.00,1.0000,0.00,0.0000,0.0000,1.0000,0.0000,0,949,0,0,0.000000
110,12,376000000,12.376000000,0.0,0.0,0.0,0.0,0.0,0.0,1.0,949,949,0,949,0,0,0.0000,1.0000,0.0000,0.0000,0.0000,111,True,100.00,True,0.0,0.0,0.0,0.00,10.0000,0.00,0.0000,0.0000,1.0000,0.0000,0,949,0,0,0.000000
111,12,409000000,12.409000000,0.0,0.0,0.0,0.0,0.0,0.0,1.0,949,949,0,949,0,0,0.0000,1.0000,0.0000,0.0000,0.0000,112,True,100.00,True,0.0,0.0,0.0,0.00,10.0000,0.00,0.0000,0.0000,1.0000,0.0000,0,949,0,0,0.000000
112,12,442000000,12.442000000,0.0,0.0,0.0,0.0,0.0,0.0,1.0,949,949,0,949,0,0,0.0000,1.0000,0.0000,0.0000,0.0000,113,True,100.00,True,0.0,0.0,0.0,0.00,6.0000,0.00,0.0000,0.0000,1.0000,0.0000,0,949,0,0,0.000000
113,12,475000000,12.475000000,0.0,0.0,0.0,0.0,0.0,0.0,1.0,949,949,0,949,0,0,0.0000,1.0000,0.0000,0.0027,0.0000,114,True,100.00,True,0.0,0.0,0.0,0.00,6.0000,0.00,0.0000,0.0000,1.0000,0.0000,0,949,0,0,0.000000
114,12,508000000,12.508000000,0.0,0.0,0.0,0.0,0.0,0.0,1.0,949,949,0,949,0,0,0.0000,1.0000,0.0000,0.0000,0.0000,115,True,100.00,True,0.0,0.0,0.0,0.00,8.0000,0.00,0.0000,0.0000,1.0000,0.0000,0,949,0,0,0.000000
115,12,541000000,12.541000000,0.0,0.0,0.0,0.0,0.0,0.0,1.0,949,949,0,949,0,0,0.0000,1.0000,0.0000,0.0000,0.0000,116,True,100.00,True,0.0,0.0,0.0,0.00,8.0000,0.00,0.0000,0.0000,1.0000,0.0000,0,949,0,0,0.000000
116,12,574000000,12.574000000,0.0,0.0,0.0,0.0,0.0,0.0,1.0,949,949,0,949,0,0,0.0000,1.0000,0.0000,0.0000,0.0000,117,True,100.00,True,0.0,0.0,0.0,0.00,8.0000,0.00,0.0000,0.0000,1.0000,0.0000,0,949,0,0,0.000000
117,12,607000000,12.607000000,0.0,0.0,0.0,0.0,0.0,0.0,1.0,949,949,0,949,0,0,0.0000,1.0000,0.0000,0.0029,0.0000,118,True,100.00,True,0.0,0.0,0.0,0.00,6.0000,0.00,0.0000,0.0000,1.0000,0.0000,0,949,0,0,0.000000
118,12,640000000,12.640000000,0.0,0.0,0.0,0.0,0.0,0.0,1.0,949,949,0,949,0,0,0.0000,1.0000,0.0000,0.0000,0.0000,119,True,100.00,True,0.0,0.0,0.0,0.00,1.0000,0.00,0.0000,0.0000,1.0000,0.0000,0,949,0,0,0.000000
119,12,673000000,12.673000000,0.0,0.0,0.0,0.0,0.0,0.0,1.0,949,949,0,949,0,0,0.0000,1.0000,0.0000,0.0000,0.0000,120,True,100.00,True,0.0,0.0,0.0,0.00,6.0000,0.00,0.0000,0.0000,1.0000,0.0000,0,949,0,0,0.000000
120,12,706000000,12.706000000,0.0,0.0,0.0,0.0,0.0,0.0,1.0,949,949,0,949,0,0,0.0000,1.0000,0.0000,0.0016,0.0001,121,True,100.00,True,0.0,0.0,0.0,0.00,1.0000,0.00,0.0000,0.0000,1.0000,0.0000,0,949,0,0,0.000000
121,12,739000000,12.739000000,0.0,0.0,0.0,0.0,0.0,0.0,1.0,949,949,0,949,0,0,0.0000,1.0000,0.0000,0.0000,0.0000,122,True,100.00,True,0.0,0.0,0.0,0.00,4.0000,0.00,0.0000,0.0000,1.0000,0.0000,0,949,0,0,0.000000
122,12,772000000,12.772000000,0.0,0.0,0.0,0.0,0.0,0.0,1.0,949,949,0,949,0,0,0.0000,1.0000,0.0000,0.0000,0.0000,123,True,100.00,True,0.0,0.0,0.0,0.00,1.0000,0.00,0.0000,0.0000,1.0000,0.0000,0,949,0,0,0.000000
123,12,805000000,12.805000000,0.0,0.0,0.0,0.0,0.0,0.0,1.0,949,949,0,949,0,0,0.0000,1.0000,0.0000,0.0015,0.0000,124,True,100.00,True,0.0,0.0,0.0,0.00,2.0000,0.00,0.0000,0.0000,1.0000,0.0000,0,949,0,0,0.000000
124,12,838000000,12.838000000,0.0,0.0,0.0,0.0,0.0,0.0,1.0,949,949,0,949,0,0,0.0000,1.0000,0.0000,0.0000,0.0000,125,True,100.00,True,0.0,0.0,0.0,0.00,1.0000,0.00,0.0000,0.0000,1.0000,0.0000,0,949,0,0,0.000000
125,12,871000000,12.871000000,0.0,0.0,0.0,0.0,0.0,0.0,1.0,949,949,0,949,0,0,0.0000,1.0000,0.0000,0.0000,0.0000,126,True,100.00,True,0.0,0.0,0.0,0.00,0.0000,0.00,0.0000,0.0000,1.0000,0.0000,0,949,0,0,0.000000
126,12,904000000,12.904000000,0.0,0.0,0.0,0.0,0.0,0.0,1.0,949,949,0,949,0,0,0.0000,1.0000,0.0000,0.0020,0.0000,127,True,100.00,True,0.0,0.0,0.0,0.00,7.0000,0.00,0.0000,0.0000,1.0000,0.0000,0,949,0,0,0.000000
127,12,937000000,12.937000000,0.0,0.0,0.0,0.0,0.0,0.0,1.0,949,949,0,949,0,0,0.0000,1.0000,0.0000,0.0000,0.0000,128,True,100.00,True,0.0,0.0,0.0,0.00,11.0000,0.00,0.0000,0.0000,1.0000,0.0000,0,949,0,0,0.000000
128,12,970000000,12.970000000,0.0,0.0,0.0,0.0,0.0,0.0,1.0,949,949,0,949,0,0,0.0000,1.0000,0.0000,0.0000,0.0000,129,True,100.00,True,0.0,0.0,0.0,0.00,5.0000,0.00,0.0000,0.0000,1.0000,0.0000,0,949,0,0,0.000000
129,13,3000000,13.003000000,0.0,0.0,0.0,0.0,0.0,0.0,1.0,949,949,0,949,0,0,0.0000,1.0000,0.0000,0.0032,0.0000,130,True,100.00,True,0.0,0.0,0.0,0.00,8.0000,0.00,0.0000,0.0000,1.0000,0.0000,0,949,0,0,0.000000
130,13,36000000,13.036000000,0.0,0.0,0.0,0.0,0.0,0.0,1.0,949,949,0,949,0,0,0.0000,1.0000,0.0000,0.0000,0.0000,131,True,100.00,True,0.0,0.0,0.0,0.00,5.0000,0.00,0.0000,0.0000,1.0000,0.0000,0,949,0,0,0.000000
131,13,69000000,13.069000000,0.0,0.0,0.0,0.0,0.0,0.0,1.0,949,949,0,949,0,0,0.0000,1.0000,0.0000,0.0000,0.0000,132,True,100.00,True,0.0,0.0,0.0,0.00,6.0000,0.00,0.0000,0.0000,1.0000,0.0000,0,949,0,0,0.000000
132,13,102000000,13.102000000,0.0,0.0,0.0,0.0,0.0,0.0,1.0,949,949,0,949,0,0,0.0000,1.0000,0.0000,0.0000,0.0000,133,True,100.00,True,0.0,0.0,0.0,0.00,8.0000,0.00,0.0000,0.0000,1.0000,0.0000,0,949,0,0,0.000000
133,13,135000000,13.135000000,0.0,0.0,0.0,0.0,0.0,0.0,1.0,949,949,0,949,0,0,0.0000,1.0000,0.0000,0.0000,0.0000,134,True,100.00,True,0.0,0.0,0.0,0.00,9.0000,0.00,0.0000,0.0000,1.0000,0.0000,0,949,0,0,0.000000
134,13,168000000,13.168000000,0.0,0.0,0.0,0.0,0.0,0.0,1.0,949,949,0,949,0,0,0.0000,1.0000,0.0000,0.0000,0.0000,135,True,100.00,True,0.0,0.0,0.0,0.00,4.0000,0.00,0.0000,0.0000,1.0000,0.0000,0,949,0,0,0.000000
135,13,201000000,13.201000000,0.0,0.0,0.0,0.0,0.0,0.0,1.0,949,949,0,949,0,0,0.0000,1.0000,0.0000,0.0000,0.0000,136,True,100.00,True,0.0,0.0,0.0,0.00,6.0000,0.00,0.0000,0.0000,1.0000,0.0000,0,949,0,0,0.000000
136,13,234000000,13.234000000,0.0,0.0,0.0,0.0,0.0,0.0,1.0,949,949,0,949,0,0,0.0000,1.0000,0.0000,0.0022,0.0000,137,True,100.00,True,0.0,0.0,0.0,0.00,4.0000,0.00,0.0000,0.0000,1.0000,0.0000,0,949,0,0,0.000000
137,13,267000000,13.267000000,0.0,0.0,0.0,0.0,0.0,0.0,1.0,949,949,0,949,0,0,0.0000,1.0000,0.0000,0.0000,0.0000,138,True,100.00,True,0.0,0.0,0.0,0.00,4.0000,0.00,0.0000,0.0000,1.0000,0.0000,0,949,0,0,0.000000
138,13,300000000,13.300000000,0.0,0.0,0.0,0.0,0.0,0.0,1.0,949,949,0,949,0,0,0.0000,1.0000,0.0000,0.0022,0.0001,139,True,100.00,True,0.0,0.0,0.0,0.00,3.0000,0.00,0.0000,0.0000,1.0000,0.0000,0,949,0,0,0.000000
139,13,333000000,13.333000000,0.0,0.0,0.0,0.0,0.0,0.0,1.0,949,949,0,949,0,0,0.0000,1.0000,0.0000,0.0000,0.0000,140,True,100.00,True,0.0,0.0,0.0,0.00,2.0000,0.00,0.0000,0.0000,1.0000,0.0000,0,949,0,0,0.000000
140,13,366000000,13.366000000,0.0,0.0,0.0,0.0,0.0,0.0,1.0,949,949,0,949,0,0,0.0000,1.0000,0.0000,0.0020,0.0001,141,True,100.00,True,0.0,0.0,0.0,0.00,2.0000,0.00,0.0000,0.0000,1.0000,0.0000,0,949,0,0,0.000000
141,13,399000000,13.399000000,0.0,0.0,0.0,0.0,0.0,0.0,1.0,949,949,0,949,0,0,0.0000,1.0000,0.0000,0.0000,0.0000,142,True,100.00,True,0.0,0.0,0.0,0.00,3.0000,0.00,0.0000,0.0000,1.0000,0.0000,0,949,0,0,0.000000
142,13,432000000,13.432000000,0.0,0.0,0.0,0.0,0.0,0.0,1.0,949,949,0,949,0,0,0.0000,1.0000,0.0000,0.0005,0.0000,143,True,100.00,True,0.0,0.0,0.0,0.00,9.0000,0.00,0.0000,0.0000,1.0000,0.0000,0,949,0,0,0.000000
143,13,465000000,13.465000000,0.0,0.0,0.0,0.0,0.0,0.0,1.0,949,949,0,949,0,0,0.0000,1.0000,0.0000,0.0000,0.0000,144,True,100.00,True,0.0,0.0,0.0,0.00,3.0000,0.00,0.0000,0.0000,1.0000,0.0000,0,949,0,0,0.000000
144,13,498000000,13.498000000,0.0,0.0,0.0,0.0,0.0,0.0,1.0,949,949,0,949,0,0,0.0000,1.0000,0.0000,0.0000,0.0000,145,True,100.00,True,0.0,0.0,0.0,0.00,8.0000,0.00,0.0000,0.0000,1.0000,0.0000,0,949,0,0,0.000000
145,13,531000000,13.531000000,0.0,0.0,0.0,0.0,0.0,0.0,1.0,949,949,0,949,0,0,0.0000,1.0000,0.0000,0.0000,0.0000,146,True,100.00,True,0.0,0.0,0.0,0.00,9.0000,0.00,0.0000,0.0000,1.0000,0.0000,0,949,0,0,0.000000
146,13,564000000,13.564000000,0.0,0.0,0.0,0.0,0.0,0.0,1.0,949,949,0,949,0,0,0.0000,1.0000,0.0000,0.0000,0.0000,147,True,100.00,True,0.0,0.0,0.0,0.00,9.0000,0.00,0.0000,0.0000,1.0000,0.0000,0,949,0,0,0.000000
147,13,597000000,13.597000000,0.0,0.0,0.0,0.0,0.0,0.0,1.0,949,949,0,949,0,0,0.0000,1.0000,0.0000,0.0023,0.0000,148,True,100.00,True,0.0,0.0,0.0,0.00,7.0000,0.00,0.0000,0.0000,1.0000,0.0000,0,949,0,0,0.000000
148,13,630000000,13.630000000,0.0,0.0,0.0,0.0,0.0,0.0,1.0,949,949,0,949,0,0,0.0000,1.0000,0.0000,0.0000,0.0000,149,True,100.00,True,0.0,0.0,0.0,0.00,7.0000,0.00,0.0000,0.0000,1.0000,0.0000,0,949,0,0,0.000000
149,13,663000000,13.663000000,0.0,0.0,0.0,0.0,0.0,0.0,1.0,949,949,0,949,0,0,0.0000,1.0000,0.0000,0.0000,0.0000,150,True,100.00,True,0.0,0.0,0.0,0.00,8.0000,0.00,0.0000,0.0000,1.0000,0.0000,0,949,0,0,0.000000
150,13,696000000,13.696000000,0.0,0.0,0.0,0.0,0.0,0.0,1.0,949,949,0,949,0,0,0.0000,1.0000,0.0000,0.0031,0.0000,151,True,100.00,True,0.0,0.0,0.0,0.00,7.0000,0.00,0.0000,0.0000,1.0000,0.0000,0,949,0,0,0.000000
151,13,729000000,13.729000000,0.0,0.0,0.0,0.0,0.0,0.0,1.0,949,949,0,949,0,0,0.0000,1.0000,0.0000,0.0000,0.0000,152,True,100.00,True,0.0,0.0,0.0,0.00,6.0000,0.00,0.0000,0.0000,1.0000,0.0000,0,949,0,0,0.000000
152,13,762000000,13.762000000,0.0,0.0,0.0,0.0,0.0,0.0,1.0,949,949,0,949,0,0,0.0000,1.0000,0.0000,0.0000,0.0000,153,True,100.00,True,0.0,0.0,0.0,0.00,6.0000,0.00,0.0000,0.0000,1.0000,0.0000,0,949,0,0,0.000000
153,13,795000000,13.795000000,0.0,0.0,0.0,0.0,0.0,0.0,1.0,949,949,0,949,0,0,0.0000,1.0000,0.0000,0.0023,0.0000,154,True,100.00,True,0.0,0.0,0.0,0.00,6.0000,0.00,0.0000,0.0000,1.0000,0.0000,0,949,0,0,0.000000
154,13,828000000,13.828000000,0.0,0.0,0.0,0.0,0.0,0.0,1.0,949,949,0,949,0,0,0.0000,1.0000,0.0000,0.0000,0.0000,155,True,100.00,True,0.0,0.0,0.0,0.00,2.0000,0.00,0.0000,0.0000,1.0000,0.0000,0,949,0,0,0.000000
155,13,861000000,13.861000000,0.0,0.0,0.0,0.0,0.0,0.0,1.0,949,949,0,949,0,0,0.0000,1.0000,0.0000,0.0000,0.0000,156,True,100.00,True,0.0,0.0,0.0,0.00,4.0000,0.00,0.0000,0.0000,1.0000,0.0000,0,949,0,0,0.000000
156,13,894000000,13.894000000,0.0,0.0,0.0,0.0,0.0,0.0,1.0,949,949,0,949,0,0,0.0000,1.0000,0.0000,0.0000,0.0000,157,True,100.00,True,0.0,0.0,0.0,0.00,1.0000,0.00,0.0000,0.0000,1.0000,0.0000,0,949,0,0,0.000000
157,13,927000000,13.927000000,-0.8975501123302257,-0.433421517889863,0.08092949824412718,-3.826558156508292e-06,-1.5700752561075847e-05,-3.87181033074282e-06,0.9999999998619264,949,949,13,949,13,0,0.0137,1.0000,0.0559,3.0136,0.4895,0,True,98.36,True,-0.8975501123302257,-0.433421517889863,0.08092949824412718,0.00,2.0000,0.00,0.0017,0.0017,1.0000,0.0000,0,949,0,0,0.000004
158,13,960000000,13.960000000,-0.8975501123302257,-0.433421517889863,0.08092949824412718,-3.826558156508292e-06,-1.5700752561075847e-05,-3.87181033074282e-06,0.9999999998619264,986,0,0,0,0,0,0.0000,0.0000,0.0000,0.0000,0.0000,1,True,98.36,True,0.0,0.0,0.0,0.00,6.0000,0.00,0.0236,0.0252,1.0000,0.0472,0,986,0,0,0.000052
159,13,993000000,13.993000000,0.0392457630575076,-0.7832919839862429,0.07889361759136103,0.0006847079279677131,-0.0010091430661512087,0.00016996866781880416,0.9999992419577013,986,985,159,984,159,0,0.1614,0.9990,1.1728,78.3756,4.2125,0,True,96.72,True,0.9367985201901329,-0.3498631961905999,-0.002067975066328176,0.14,5.0000,0.07,0.0807,0.1056,1.0000,0.5466,0,985,0,0,0.000196
160,14,26000000,14.026000000,1.0325334368519856,-0.8988697101785821,0.08351814958532805,0.003121684606789834,-0.003045132958830391,0.0013227922553335704,0.9999896161816523,159,158,82,158,82,0,0.5190,0.9937,2.7546,15.4570,2.3253,0,True,95.08,True,0.9932557986000897,-0.11591030779665355,0.0027783257157915427,0.39,9.0000,0.26,0.2145,0.3163,1.0000,1.2730,0,158,0,0,0.000746
161,14,59000000,14.059000000,1.0325334368519856,-0.8988697101785821,0.08351814958532805,0.003121684606789834,-0.003045132958830391,0.0013227922553335704,0.9999896161816523,1116,0,0,0,0,0,0.0000,0.0000,0.0000,0.0000,0.0000,1,True,95.08,True,0.0,0.0,0.0,0.00,7.0000,0.72,0.4567,0.7564,1.0000,1.4935,0,1116,0,0,0.002173
162,14,92000000,14.092000000,2.0026850257105284,-1.0615448114865291,-0.09632263013299466,0.011253760520600795,-0.006716746894620944,0.006293575876890923,0.999894308958692,1116,1019,567,979,567,0,0.5564,0.9131,12.3465,123.2229,5.0059,0,True,93.44,True,0.9686061761013455,-0.1663777491896224,-0.18471740630737654,1.17,9.0000,1.08,0.6117,1.3508,1.0000,1.3204,0,1019,0,0,0.003553
163,14,125000000,14.125000000,1.97995572643646,-1.1508488518335032,0.8994224011537376,0.017227458906497885,-0.014042830856707149,0.010940249641454987,0.9996931151603163,567,567,553,553,553,0,0.9753,1.0000,9.7205,19.2106,2.7380,0,True,91.80,True,-0.01031994080833992,-0.06665964404155997,0.9977224016117735,1.21,8.0000,1.21,0.6710,2.0068,1.0000,1.2559,0,567,0,0,0.005017
164,14,158000000,14.158000000,2.0369012926713284,-1.511300726562188,1.8304603426420352,0.020384853552931483,-0.020716067527460462,0.014619345662683006,0.9994706484055539,552,528,520,520,520,0,0.9848,0.9565,9.3186,20.2448,2.3896,0,True,90.16,True,0.07569117377896305,-0.3296418879532747,0.9410669858828135,0.95,7.0000,1.19,0.6401,2.6346,1.0000,1.1061,0,528,0,0,0.006451
165,14,191000000,14.191000000,2.0202367949850504,-1.8181219292936788,0.8788390712996672,0.03532496861357804,-0.01662875608015019,0.01573051951991955,0.9991136981441651,520,494,487,487,487,0,0.9858,0.9500,7.8991,14.4771,2.2440,0,True,88.52,True,-0.06532425656720652,-0.3441343685771245,-0.9366452251882595,1.78,6.0000,1.02,0.5303,3.1545,1.0000,0.8835,0,494,0,0,0.007421
166,14,224000000,14.224000000,2.299878651412118,-1.5513466829694287,-0.043457735635420436,0.03925388048412423,-0.01224286706950534,0.021224416239646476,0.9989288108910177,487,469,430,463,430,0,0.9168,0.9630,7.6114,36.6970,2.2459,0,True,86.89,True,0.2557498706491841,0.19223891901964302,-0.9474366478435826,0.92,5.0000,0.94,0.4780,3.6217,1.0000,0.7965,0,469,0,0,0.009776
167,14,257000000,14.257000000,2.4510956362089287,-1.8880223535736984,0.8859414876976566,0.03912597865705265,-0.012029256806689953,0.024409883179499034,0.9988636605553182,430,420,347,410,347,0,0.8262,0.9767,6.5323,15.8381,2.3020,0,True,85.25,True,0.16136411925267408,-0.26948836119132186,0.9493880366848029,0.37,4.0000,0.77,0.3766,3.9862,1.0000,0.6538,0,420,0,0,0.012035
168,14,290000000,14.290000000,2.8468630036863476,-1.7388227395401605,-0.020208425954734932,0.038887857711644054,-0.006031163309974148,0.02738698148193994,0.9988499951629549,347,333,197,331,197,0,0.5916,0.9597,6.0361,30.5935,2.0550,0,True,83.61,True,0.3788096666320298,0.058597878961414614,-0.9236176292424014,0.77,8.0000,0.44,0.2043,4.1804,1.0000,0.3863,0,333,0,0,0.010322
169,14,323000000,14.323000000,2.849400403490316,-1.8629771217577846,0.9720512431734605,0.03788800138926033,-0.016651567943915084,0.028672838541386594,0.9987317422439903,197,194,193,193,193,0,0.9948,0.9848,4.7612,8.3221,2.3842,0,True,81.97,True,0.009867790663362686,-0.04697548228688945,0.9988473010282094,1.23,2.0000,0.49,0.2238,4.3820,1.0000,0.5026,0,194,0,0,0.020359
170,14,356000000,14.356000000,2.6072978647295653,-1.686398599437229,0.018003872137467458,0.038734339812314535,-0.013103403102583537,0.029380153635369995,0.9987315747080381,193,193,133,191,133,0,0.6891,1.0000,3.6041,9.7636,2.3481,0,True,80.33,True,-0.2654851773602698,0.11866143859334058,-0.9567847634619528,0.43,2.0000,0.19,0.0854,4.4311,1.0000,0.2767,0,193,0,0,0.018721
171,14,389000000,14.389000000,3.4018923915039907,-2.29127915476939,-0.03433207918838289,0.03885999003796058,-0.012412539720907582,0.029494099641808866,0.9987321603504343,133,133,78,133,78,0,0.5865,1.0000,0.8392,2.3785,2.6931,0,True,78.69,True,0.75657708213448,-0.6534681818229338,-0.023884181667068783,0.08,1.0000,0.05,0.0672,4.4028,1.0000,0.1761,0,133,0,0,0.009802
172,14,422000000,14.422000000,3.4018923915039907,-2.29127915476939,-0.03433207918838289,0.03885999003796058,-0.012412539720907582,0.029494099641808866,0.9987321603504343,1683,0,0,0,0,0,0.0000,0.0000,0.0000,0.0000,0.0000,1,True,78.69,True,0.0,0.0,0.0,0.00,1.0000,0.15,0.1190,4.3014,1.0000,0.1147,0,1683,0,0,0.023033
173,14,455000000,14.455000000,3.440960431245075,-2.3028354380509777,0.9648376464275937,0.03673268523384845,-0.011227202425165287,0.028800457828486545,0.9988469319120347,1683,1621,1239,1486,1239,0,0.7643,0.9632,12.9279,124.8241,4.8610,0,True,77.05,True,0.06538175614070821,0.06298481516683797,0.9958705433048798,0.29,1.0000,0.21,0.1470,4.1643,1.0000,0.0453,0,1621,0,0,0.036377
174,14,488000000,14.488000000,3.5240847987926696,-2.371790210181855,1.9589883286283318,0.027247540561602588,-0.015518983409233198,0.027802788000482623,0.9991214829372292,1235,1231,1155,1155,1155,0,0.9383,0.9968,12.2034,37.2727,2.8079,0,True,75.41,True,0.10345589257734168,-0.0011968627261020569,0.9946333222905015,1.20,4.0000,0.35,0.2297,3.9442,1.0000,0.0005,0,1231,0,0,0.032420
175,14,521000000,14.521000000,3.6968370034639877,-2.278262487651446,2.939503112249403,0.029315678611892666,-0.020022851068174,0.026071096886521344,0.9990295162455209,1148,1148,1087,1087,1087,0,0.9469,1.0000,13.0507,36.0360,2.8135,0,True,73.77,True,0.2094109595315992,0.13604077279513682,0.9683181079404416,0.60,4.0000,0.40,0.2495,3.7026,1.0000,0.0487,0,1148,0,0,0.032982
176,14,554000000,14.554000000,3.7917752882681555,-2.2779812275181563,3.934986232634265,0.022217608945944805,-0.025415522092792926,0.025029432741156446,0.9991165880847599,1080,1080,1071,1071,1071,0,0.9917,1.0000,14.4544,39.4891,2.6379,0,True,72.13,True,0.13609523384354505,0.05249401675637901,0.989304030887296,1.03,5.0000,0.44,0.2653,3.4447,1.0000,0.0842,0,1080,0,0,0.034655
177,14,587000000,14.587000000,3.8867611116162815,-2.180525214974251,4.925682966747143,0.020301766223045168,-0.02604865731277788,0.023673527464075465,0.9991740938584396,1063,1058,1040,1040,1040,0,0.9830,0.9953,15.5194,37.9064,2.4143,0,True,70.49,True,0.1509237694515969,0.13510223882398784,0.979269830475374,0.28,6.0000,0.47,0.2819,3.1710,1.0000,0.1138,0,1058,0,0,0.036936
178,14,620000000,14.620000000,4.002861625590614,-2.1700802918181985,5.9188655150408405,0.011072560586806286,-0.03320917232250016,0.023440622048841772,0.9991121491172396,1034,1031,982,982,982,0,0.9525,0.9971,16.0169,36.3593,2.1944,0,True,68.85,True,0.16894999013466103,0.04387782728788972,0.9846474684403511,1.34,1.0000,0.33,0.1973,2.9802,1.0000,0.0909,0,1031,0,0,0.026073
179,14,653000000,14.653000000,4.084485930546453,-2.133883314452602,6.914871163453576,0.002292835381201711,-0.0393153198304988,0.022395273505048365,0.9989732229930762,974,971,944,944,944,0,0.9722,0.9969,16.8055,53.3415,2.0928,0,True,67.21,True,0.14963473434904537,0.05275145844254981,0.9873331402867397,1.23,1.0000,0.53,0.3166,2.6756,1.0000,0.1657,0,971,0,0,0.023250
180,14,686000000,14.686000000,4.187625763667085,-2.047365132313488,7.905768120247365,-0.0033069881767234526,-0.04427062485848329,0.021101407512471394,0.9987912225309308,939,930,914,914,914,0,0.9828,0.9904,17.0414,38.3215,1.9627,0,True,65.57,True,0.184509771073539,0.08459128241368792,0.9791835677328322,0.87,6.0000,0.56,0.3354,2.3563,1.0000,0.2014,0,930,0,0,0.066571
181,14,719000000,14.719000000,4.25762346485514,-2.014856828125217,8.9027854380444,-0.00987824601107673,-0.045369976939358334,0.01908338697717893,0.9987391099730429,908,905,902,902,902,0,0.9967,0.9967,17.1208,41.2112,1.8428,0,True,63.93,True,0.15907209627559685,0.021099559434171362,0.9870414767263689,0.80,6.0000,0.48,0.2895,2.0854,1.0000,0.1960,0,905,0,0,0.042476
182,14,752000000,14.752000000,4.439053966615735,-1.737322384722731,9.846214081745751,-0.006234742819552643,-0.042081096126664115,0.015848251652991873,0.998969039685563,898,892,738,872,738,0,0.8274,0.9933,16.9833,36.5685,1.7644,0,True,62.30,True,0.2765224764172622,0.2502758729076946,0.9278455191875188,0.67,5.0000,0.43,0.2596,1.8477,1.0000,0.1978,0,892,0,0,0.040155
183,14,785000000,14.785000000,4.174327757242278,-1.6476209306817489,10.806356614505182,-0.007989812317792609,-0.03431344415251439,0.013986732312838323,0.9992813026214028,736,732,704,706,704,0,0.9617,0.9946,18.7845,33.3846,1.5704,0,True,60.66,True,-0.1802336559731944,0.08465195384934372,0.9799744261785737,0.94,2.0000,0.18,0.1089,1.7501,1.0000,0.0904,0,732,0,0,0.017546
184,14,818000000,14.818000000,4.227325440913723,-1.9828288185489336,11.747009003773973,-0.01949924216866086,-0.027714568649062205,0.011014833907929112,0.999364976209105,703,694,686,686,686,0,0.9885,0.9872,19.7344,60.9658,1.4649,0,True,59.02,True,0.10759557426623742,-0.3524097111027347,0.9296400313663379,1.56,5.0000,0.57,0.3471,1.4515,1.0000,0.3260,0,694,0,0,0.059338
185,14,851000000,14.851000000,4.150994247491073,-1.7552530363631589,12.717773039095228,-0.020021228752845857,-0.0233757661487708,0.008783196998560365,0.9994876584564056,685,673,668,668,668,0,0.9926,0.9825,18.7197,72.7357,1.3606,0,True,57.38,True,-0.017581766669138386,0.19051850651380708,0.9815261484833404,0.56,6.0000,0.36,0.2202,1.2764,1.0000,0.2441,0,673,0,0,0.041078
186,14,884000000,14.884000000,3.9203828769198754,-1.7471913727088184,13.690785580300323,-0.025974801392630965,-0.015870953114622378,0.007506186180795231,0.9995084190285073,667,644,637,637,637,0,0.9891,0.9655,18.0729,52.3166,1.3182,0,True,55.74,True,-0.18505036610419945,-0.027454363774405844,0.9823454687198615,1.11,9.0000,0.32,0.1917,1.1373,1.0000,0.2453,0,644,0,0,0.038808
187,14,917000000,14.917000000,4.168712691102249,-1.3085122978559705,14.554436535648835,-0.022935945273621326,-0.013025034966367772,0.005516310131081073,0.999636864666899,637,620,610,610,610,0,0.9839,0.9733,17.4774,33.3476,1.3113,0,True,54.10,True,0.2821844679255782,0.3894662126431357,0.8767485359388805,0.53,1.0000,0.34,0.2048,1.0085,1.0000,0.3057,0,620,0,0,0.026521
188,14,950000000,14.950000000,4.268447730184473,-1.4263113179642373,15.542452888165736,-0.031136951853785736,-0.008740478947601,0.005252363427140917,0.999463109341936,609,589,578,578,578,0,0.9813,0.9672,16.6268,37.3995,1.2113,0,True,52.46,True,0.12380412359280214,-0.16415596016132414,0.9786344362043122,1.06,1.0000,0.26,0.1591,0.9276,1.0000,0.2783,0,589,0,0,0.058165
189,14,983000000,14.983000000,4.343049881689441,-1.3758724204050576,16.538389852337588,-0.03776310442022301,-0.006454553150602127,0.0057315962399455645,0.9992494360732538,578,553,543,543,543,0,0.9819,0.9567,15.7967,41.6838,1.1998,0,True,50.82,True,0.09221848189428683,-0.01248336310700274,0.9956605431785732,0.81,3.0000,0.20,0.1223,0.8797,1.0000,0.2496,0,553,0,0,0.033569
190,15,16000000,15.016000000,4.493052143163283,-0.9837203465797171,17.445977904565698,-0.03582540884733425,-0.00388252610682984,0.004181166736722161,0.9993417753284762,540,525,517,517,517,0,0.9848,0.9722,14.9972,32.3394,1.1886,0,True,49.18,True,0.16597749248944915,0.3208003716992726,0.9324905326621411,0.41,4.0000,0.20,0.1231,0.8465,1.0000,0.2931,0,525,0,0,0.038106
191,15,49000000,15.049000000,4.6561407031374245,-0.46233641863288,18.283570240540836,-0.0329661221995418,0.0009217743197722091,0.0018591498791651322,0.999454315454666,511,488,405,481,405,0,0.8299,0.9550,14.0742,23.6816,1.0839,0,True,47.54,True,0.17382883700703627,0.4587079460661996,0.8714187028291909,0.69,5.0000,0.16,0.0994,0.8319,1.0000,0.2813,0,488,0,0,0.035580
192,15,82000000,15.082000000,4.397627246859397,-0.3279601901345386,19.240186057960635,-0.03498801808954053,0.0057620824776667655,0.001065029892841342,0.9993705532519026,404,383,368,368,368,0,0.9608,0.9480,13.6723,23.5969,1.0783,0,True,45.90,True,-0.2598998835456501,0.07202551399745057,0.9629456764877034,0.61,6.0000,0.13,0.0797,0.8273,1.0000,0.2704,0,383,0,0,0.033603
193,15,115000000,15.115000000,4.593055226277608,0.1312200165190089,20.10676637315255,-0.03195612375397687,0.00804168201028664,-0.00019498161412091693,0.9994569022660437,367,339,333,333,333,0,0.9823,0.9237,12.8142,22.0094,0.9923,0,True,44.26,True,0.18616196796877357,0.39696908438169637,0.8987542866251882,0.46,10.0000,0.11,0.0607,0.8277,1.0000,0.2553,0,339,0,0,0.027177
194,15,148000000,15.148000000,4.933968883327686,0.20040309999289727,21.04431188106019,-0.035024552659490144,0.0019340168053494766,0.00041048616243841314,0.999384496473259,331,321,308,308,308,0,0.9595,0.9698,12.2257,30.2186,1.2674,0,True,42.62,True,0.3257480036388215,0.009108396576337843,0.9454127539001843,0.79,5.0000,0.10,0.0451,0.8297,1.0000,0.2261,0,321,0,0,0.019497
195,15,181000000,15.181000000,4.597603000917374,0.29922918772632373,21.980843459563356,-0.036434487857214586,0.006136222482320629,-0.00016908857504363572,0.9993171900239101,305,290,285,285,285,0,0.9828,0.9508,11.2664,17.2758,1.0236,0,True,40.98,True,-0.3399427929334076,0.033343804181867366,0.9398548229675239,0.51,8.0000,0.10,0.0376,0.8306,1.0000,0.2524,0,290,0,0,0.043616
196,15,214000000,15.214000000,3.8968420342586843,-0.17115223841316934,21.444489675619813,-0.032784191098957374,0.016037667704441223,-0.007028943426396792,0.9993090532877692,284,274,266,269,266,0,0.9708,0.9648,10.6329,22.8902,1.0777,0,True,39.34,True,-0.69376759546051,-0.42999806686570347,-0.5777440488492287,1.44,0.0000,0.00,0.0119,0.8306,1.0000,0.1004,0,274,0,0,0.012428
197,15,247000000,15.247000000,4.109497497415221,0.14914531577239204,22.36762949751703,-0.031220135384332465,0.015869996508725632,-0.007188101351282981,0.9993606844159724,264,253,246,246,246,0,0.9723,0.9583,10.3017,37.3911,1.1800,0,True,37.70,True,0.17852454130234782,0.26164610165031826,0.9485095179511789,0.18,4.0000,0.00,0.0244,0.8261,1.0000,0.3274,0,253,0,0,0.041121
198,15,280000000,15.280000000,4.341268304057229,0.5609823681102737,23.248919764971607,-0.028524048256617997,0.015835851221331628,-0.007255569807411506,0.9994413245378239,244,232,226,226,226,0,0.9741,0.9508,9.4141,15.9755,1.1261,0,True,36.07,True,0.197746424672414,0.3588979582187443,0.9121889097745564,0.31,6.0000,0.00,0.0125,0.8162,1.0000,0.2757,0,232,0,0,0.035624
199,15,313000000,15.313000000,4.627134961457052,0.6211813918417143,24.205296433303094,-0.029736462876188932,0.011858517374979926,-0.006890704303551381,0.9994636744451904,222,212,205,205,205,0,0.9670,0.9550,8.8322,23.3813,1.0537,0,True,34.43,True,0.2548884360997668,0.009233647985406284,0.9669263802831611,0.48,6.0000,0.00,0.0117,0.8078,1.0000,0.1473,0,212,0,0,0.019601
200,15,346000000,15.346000000,4.975175487961638,0.7465491932186908,25.13435547679189,-0.029608755639070793,0.007100241163086555,-0.00631611913287726,0.9995163904629233,202,198,190,190,190,0,0.9596,0.9802,8.5550,37.8333,1.3883,0,True,32.79,True,0.3244523841329034,0.0743065792876347,0.942978887730285,0.55,4.0000,0.00,0.0295,0.7900,1.0000,0.2387,0,198,0,0,0.032881
201,15,379000000,15.379000000,5.119292805622352,0.24007485597782863,25.984481317163013,-0.03295325568320798,0.009189821330192114,-0.006303312885889547,0.999394766031151,183,178,175,175,175,0,0.9831,0.9727,7.6497,11.4458,1.1808,0,True,31.15,True,0.1389506594830255,-0.5541810885153998,0.8207167814545521,0.45,7.0000,0.00,0.0242,0.7771,1.0000,0.1345,0,178,0,0,0.019085
202,15,412000000,15.412000000,5.458686559302638,0.22613296628527024,26.925022386800382,-0.03576469452760355,0.00363516599417335,-0.005083762563610273,0.9993406964352741,171,166,160,160,160,0,0.9639,0.9708,7.4156,19.4011,1.5558,0,True,29.51,True,0.32260793890046824,-0.07189926991525618,0.9437979724199692,0.73,6.0000,0.04,0.0414,0.7578,1.0000,0.1767,0,166,0,0,0.025345
203,15,445000000,15.445000000,4.675591901363506,-0.15643164495208833,26.434709145151736,-0.03202928034861937,0.008961936927150367,-0.008817566099658013,0.9994078543892585,153,151,144,148,144,0,0.9536,0.9869,6.7654,11.9659,1.3204,0,True,27.87,True,-0.7756627452821367,-0.3542526077122846,-0.522352750074531,0.86,12.0000,0.05,0.0439,0.7401,1.0000,0.1442,0,151,0,0,0.021183
204,15,478000000,15.478000000,4.066348828034986,0.6163427630563101,26.61259279231607,-0.03179128388157343,0.013108741572945845,-0.007262459164703042,0.9993821750713868,137,135,93,133,93,0,0.6889,0.9854,6.3956,13.0918,1.0945,0,True,26.23,True,-0.6262000227458967,0.7492644058186277,0.21558381591923229,0.51,9.0000,0.07,0.0541,0.7219,1.0000,0.1469,0,135,0,0,0.022047
205,15,511000000,15.511000000,4.066348828034986,0.6163427630563101,26.61259279231607,-0.03179128388157343,0.013108741572945845,-0.007262459164703042,0.9993821750713868,2000,0,0,0,0,0,0.0000,0.0000,0.0000,0.0000,0.0000,1,True,26.23,True,0.0,0.0,0.0,0.00,1.0000,0.05,0.0429,0.7107,1.0000,0.1011,0,2000,0,0,0.015477
206,15,544000000,15.544000000,4.004116826427148,0.7373272988707356,27.603294523448934,-0.03071999674432128,0.013209976441720186,-0.006962085225618621,0.9994164836001802,2000,1858,1414,1819,1414,0,0.7610,0.9290,4.6081,226.5438,3.8468,0,True,24.59,True,-0.08956127963324316,0.05673465688934402,0.9943640962434758,0.13,4.0000,0.11,0.0937,0.6940,1.0000,0.1805,0,1858,0,0,0.019503
207,15,577000000,15.577000000,4.198815503133216,0.8265839855082793,28.58008808873251,-0.02980023084038078,0.010654675478688345,-0.0066840445600316835,0.9994767369381957,1412,1411,1407,1407,1407,0,0.9972,0.9993,3.5370,12.8263,1.1506,0,True,22.95,True,0.16792335112963058,0.0314721413458276,0.9852975451428382,0.31,7.0000,0.08,0.0675,0.6901,1.0000,0.1126,0,1411,0,0,0.026417
208,15,610000000,15.610000000,4.393422598504407,0.8002125620962492,29.560614797424535,-0.030080157896300395,0.008127886723335247,-0.006248128837132534,0.9994949136660881,1405,1405,1402,1402,1402,0,0.9979,1.0000,3.3901,7.7424,1.1260,0,True,21.31,True,0.17442177981903395,-0.08239456908220323,0.9812177014865348,0.30,7.0000,0.09,0.0751,0.6940,1.0000,0.1128,0,1405,0,0,0.018048
209,15,643000000,15.643000000,4.217222841666845,0.9679507538591756,30.530572293768827,-0.028638253394674483,0.008140468497076232,-0.005998011112545366,0.9995386971387572,1402,1397,1395,1395,1395,0,0.9986,0.9964,3.2665,11.3843,1.1473,0,True,19.67,True,-0.19373462867401364,0.10688498993117396,0.9752140752573021,0.17,7.0000,0.09,0.0783,0.7068,1.0000,0.1078,0,1397,0,0,0.017299
210,15,676000000,15.676000000,4.125744885427793,1.048882658923218,31.52308517039312,-0.0280766055032776,0.007798073539662903,-0.005623127167272669,0.9995595403543223,1391,1389,1389,1389,1389,0,1.0000,0.9986,3.0480,5.6252,1.0698,0,True,18.03,True,-0.1082780108371871,0.022820747591317834,0.9938586850495975,0.09,2.0000,0.08,0.0655,0.7236,1.0000,0.0849,0,1389,0,0,0.013605
211,15,709000000,15.709000000,3.7987662066558436,1.199335429577774,32.456063684310195,-0.026542823162882846,0.008301993592343042,-0.005318682374245463,0.999599053150181,1385,1385,1384,1384,1384,0,0.9993,1.0000,3.0574,6.2045,1.0657,0,True,16.39,True,-0.3429252668467188,0.09422508238521583,0.9346250024515746,0.19,8.0000,0.11,0.0969,0.7573,1.0000,0.1176,0,1385,0,0,0.018702
212,15,742000000,15.742000000,4.01938555749368,1.6415546849682352,33.32541357485933,-0.02327537960800898,0.007977160246215836,-0.005227390726681553,0.9996835979472205,1384,1384,1333,1383,1333,0,0.9632,1.0000,2.8874,9.2509,1.0712,0,True,14.75,True,0.20149597280786108,0.39761149649820193,0.8951561153199336,0.38,8.0000,0.09,0.0834,0.7947,1.0000,0.0959,0,1384,0,0,0.015154
213,15,775000000,15.775000000,3.888107482493991,1.7259588421877772,34.31315949627255,-0.02182461878439616,0.00753742999928294,-0.004963208979272078,0.9997210809623601,1332,1330,1328,1328,1328,0,0.9985,0.9985,2.7995,18.9106,0.9928,0,True,13.11,True,-0.14768115516822664,0.03693664173633557,0.9883450616588418,0.18,7.0000,0.10,0.0836,0.8394,1.0000,0.0935,0,1330,0,0,0.014640
214,15,808000000,15.808000000,3.934507377762389,1.9505816061495471,35.28649996272263,-0.019281743255823176,0.006619496323114215,-0.0048202126170422506,0.9997805570202749,1326,1325,1325,1325,1325,0,1.0000,0.9992,2.6891,5.1216,0.9550,0,True,11.48,True,0.02963134402449912,0.18229636190547419,0.982797039010258,0.31,6.0000,0.09,0.0806,0.8881,1.0000,0.0887,0,1325,0,0,0.012663
215,15,841000000,15.841000000,4.224903057614779,1.9110440360219332,36.242589461499534,-0.01837917973603057,0.0010368123424521185,-0.005039502581322392,0.9998178505038455,1323,1323,1323,1323,1323,0,1.0000,1.0000,2.5305,5.1860,0.9423,0,True,9.84,True,0.2782707423876285,-0.07370460613004742,0.9576706244666026,0.65,3.0000,0.08,0.0684,0.9327,1.0000,0.0736,0,1323,0,0,0.005647
216,15,874000000,15.874000000,4.494679996092491,1.9021353022095977,37.20547109385496,-0.017297608911354633,-0.00416030671362191,-0.004748057747156246,0.9998304558882111,1321,1320,1320,1320,1320,0,1.0000,0.9992,2.6504,5.1224,0.9384,0,True,8.20,True,0.268034846452098,-0.04159152073455209,0.9625110214903451,0.61,4.0000,0.12,0.1013,1.0034,1.0000,0.1091,0,1320,0,0,0.021856
217,15,907000000,15.907000000,4.817181611916533,1.8786883201752944,38.15174956598902,-0.016302794596680357,-0.009446670094799162,-0.0046825220746894046,0.999811508885289,1318,1318,1317,1317,1317,0,0.9992,1.0000,2.4049,11.7745,0.9446,0,True,6.56,True,0.3307228721003993,-0.05301725903850306,0.9422375242547429,0.62,5.0000,0.08,0.0672,1.0532,1.0000,0.0739,0,1318,0,0,0.005298
218,15,940000000,15.940000000,4.851937098833309,2.3303414261548205,39.043265986470566,-0.013520465360810972,-0.009359776701977515,-0.0043070371099387305,0.9998555100752557,1317,1317,1197,1317,1197,0,0.9089,1.0000,2.5401,4.9610,0.9427,0,True,6.56,True,0.047634582905795156,0.4227452809277476,0.9049957867110269,0.32,2.0000,0.12,0.0992,1.1301,1.0000,0.1108,0,1317,0,0,0.015257
219,15,973000000,15.973000000,5.023458886942029,2.899494554578272,39.84740838220019,-0.011092846788925591,-0.009707116066641316,-0.0037118609615231445,0.9998844646937908,1193,1192,1191,1191,1191,0,0.9992,0.9992,2.2096,10.5775,0.8642,0,True,4.92,True,0.18187207104445757,0.5487678437250049,0.8159512261571817,0.29,13.0000,0.08,0.0605,1.1788,1.0000,0.0688,0,1192,0,0,0.014821
220,16,6000000,16.006000000,5.056342681141008,2.5826394746595644,40.795312129639136,-0.011481780384706614,-0.010519410833794948,-0.0032905404164478283,0.9998733335071374,1188,1188,1187,1187,1187,0,0.9992,1.0000,2.3741,4.8912,0.8684,0,True,4.92,True,0.05363918280374225,-0.33747635978903634,0.9398045247027105,0.11,1.0000,0.12,0.0979,1.2599,1.0000,0.1146,0,1188,0,0,0.014573
221,16,39000000,16.039000000,5.114993303264142,2.5858490317758807,41.793585540718325,-0.01002020549436296,-0.012362566490975635,-0.0031288305800082957,0.9998684777763567,1184,1184,1184,1184,1184,0,1.0000,1.0000,2.2385,6.4614,0.8617,0,True,4.92,True,0.07969129535337821,-0.01924315409148045,0.9966338336949595,0.27,3.0000,0.09,0.0767,1.3255,1.0000,0.0954,0,1184,0,0,0.011630
222,16,72000000,16.072000000,4.450459744917934,2.2989667953999104,42.48358099887993,-0.009441872830218256,-0.011701133330754896,-0.0029792665546311665,0.9998825223430152,1182,1181,1170,1179,1170,0,0.9907,0.9992,2.1364,4.1464,0.8524,0,True,3.28,True,-0.6454922710922364,-0.30491412395735135,0.7002621687421846,0.10,12.0000,0.08,0.0639,1.3811,1.0000,0.0832,0,1181,0,0,0.009877
223,16,105000000,16.105000000,4.253639124482483,2.054000263351921,43.43292447810533,-0.009162326931223768,-0.012046592857674468,-0.0028352483973224604,0.9998814393378108,1167,1167,1164,1164,1164,0,0.9974,1.0000,2.1194,14.5961,0.8410,0,True,3.28,True,-0.1730902997950821,-0.26399348552713087,0.9488662643998284,0.05,12.0000,0.08,0.0628,1.4360,1.0000,0.0851,0,1167,0,0,0.006251
224,16,138000000,16.138000000,4.2276970794364885,2.191819177335333,44.42304212629026,-0.007310977798667328,-0.013126577984274763,-0.002473243917945557,0.9998840560877909,1161,1161,1160,1160,1160,0,0.9991,1.0000,2.1740,11.5703,0.8315,0,True,3.28,True,-0.002781382496176104,0.11956696841099115,0.9928222418824102,0.25,12.0000,0.09,0.0755,1.5027,1.0000,0.1090,0,1161,0,0,0.015687
225,16,171000000,16.171000000,4.146858685839577,1.8002437054726799,45.339630258417344,-0.007983143241370515,-0.013500884762780878,-0.0022694553074434276,0.9998744146677709,1157,1157,1153,1157,1153,0,0.9965,1.0000,1.9771,6.6526,0.7774,0,True,3.28,True,-0.05485431699124434,-0.4052853998015305,0.9125430119260889,0.09,5.0000,0.04,0.0420,1.5402,1.0000,0.0655,0,1157,0,0,0.007110
226,16,204000000,16.204000000,4.039425230926844,1.4121849924119245,46.254981823655065,-0.008183271443025341,-0.013737281867276971,-0.002008430381734713,0.9998701352489685,1148,1148,1147,1147,1147,0,0.9991,1.0000,2.1631,10.2213,0.8132,0,True,3.28,True,-0.08096951498926659,-0.40307281898204744,0.9115789818991379,0.05,7.0000,0.09,0.0756,1.6079,1.0000,0.1277,0,1148,0,0,0.013336
227,16,237000000,16.237000000,3.8922473286283314,1.2785021378312407,47.235016292164296,-0.0076100028835899445,-0.014413162602318669,-0.0018550336607491336,0.9998654446724461,1143,1143,1143,1143,1143,0,1.0000,1.0000,2.0519,3.8205,0.7809,0,True,3.28,True,-0.11965956916751964,-0.15027169245109145,0.9813765872255809,0.10,9.0000,0.07,0.0552,1.6582,1.0000,0.1050,0,1143,0,0,0.010453
228,16,270000000,16.270000000,3.6510401171724824,1.099343049535451,48.18880930022355,-0.007242379560965471,-0.01462032817815651,-0.0016730028092465541,0.9998654884552513,1142,1142,1142,1142,1142,0,1.0000,1.0000,2.0273,3.7070,0.7959,0,True,3.28,True,-0.21296245703740244,-0.19454857095920705,0.9574956111807108,0.05,8.0000,0.06,0.0489,1.7032,1.0000,0.1047,0,1142,0,0,0.009940
229,16,303000000,16.303000000,3.6057607839916366,1.509730945660158,49.09959553019249,-0.005320111881295373,-0.014988364237654782,-0.0010896607255109253,0.99987292091873,1140,1139,1139,1139,1139,0,1.0000,0.9991,1.9953,4.1300,0.7989,0,True,3.28,True,-0.019895313322138654,0.39703528480819184,0.917587684706531,0.23,7.0000,0.05,0.0436,1.7435,1.0000,0.1047,0,1139,0,0,0.009467
230,16,336000000,16.336000000,3.861581842813313,1.360797656303833,50.05477847664037,-0.005129658714871899,-0.019452429209800892,-0.001534565744730819,0.999796446636655,1135,1135,1133,1133,1133,0,0.9982,1.0000,1.9819,24.0646,0.7886,0,True,3.28,True,0.2846469865806771,-0.15845712948330032,0.9454456256953397,0.51,6.0000,0.03,0.0356,1.7767,1.0000,0.0953,0,1135,0,0,0.008287
231,16,369000000,16.369000000,2.8917566404276585,1.1805205879044849,50.21891029996223,-0.004410948225564361,-0.01776536282362118,-0.001875859278856735,0.9998306939534625,1130,1130,1128,1130,1128,0,0.9982,1.0000,1.8791,6.4908,0.7283,0,True,3.28,True,-0.9621826634892156,-0.18510993252595803,0.19984702890219444,0.21,0.0000,0.00,0.0161,1.7918,1.0000,0.0459,0,1130,0,0,0.003913
232,16,402000000,16.402000000,2.751494529288394,1.419682991351668,51.179705743829516,-0.003950298520118991,-0.01724322170964972,-0.0014331797043380787,0.9998424938172057,1127,1127,1116,1127,1116,0,0.9902,1.0000,2.0139,4.1158,0.7832,0,True,3.28,True,-0.10688434443114744,0.2301927312075684,0.9672574855821607,0.09,9.0000,0.07,0.0461,1.8356,1.0000,0.1422,0,1127,0,0,0.011801
233,16,435000000,16.435000000,3.0466373399722078,0.7801433749973685,51.889550656761244,-0.004522526903545853,-0.017790732401175534,-0.0014806130139842439,0.9998304078073137,1114,1114,1114,1114,1114,0,1.0000,1.0000,1.9477,3.8276,0.7899,0,True,1.64,True,0.3211960336737365,-0.6442032003402774,0.6941436051881515,0.09,3.0000,0.04,0.0372,1.8711,1.0000,0.1199,0,1114,0,0,0.009663
234,16,468000000,16.468000000,2.481391474475893,0.8248841222760239,52.7132589650065,-0.004219735481601307,-0.017219812355341074,-0.0010015416624343516,0.9998423219734253,1110,1110,1110,1110,1110,0,1.0000,1.0000,1.8893,3.2364,0.7708,0,True,1.64,True,-0.53569603156775,0.03556839820656792,0.8436614550941528,0.09,8.0000,0.01,0.0279,1.8981,1.0000,0.0939,0,1110,0,0,0.007461
235,16,501000000,16.501000000,2.292218905606378,1.8011516336707443,52.818688967294605,-0.0031497893079842757,-0.01604276712546477,0.0001497911846419316,0.9998663340731473,1107,1107,1098,1107,1098,0,0.9919,1.0000,1.9157,3.3272,0.7927,0,True,1.64,True,-0.18724207306050966,0.9749384287088203,0.12014768538252985,0.23,6.0000,0.03,0.0321,1.9295,1.0000,0.1119,0,1107,0,0,0.008788
236,16,534000000,16.534000000,2.3361138957971788,1.5454487742043466,53.78444736228626,-0.0035389407613821526,-0.01778093031569874,0.00014335502120759038,0.9998356334241811,1094,1094,1094,1094,1094,0,1.0000,1.0000,1.8938,3.4102,0.7317,0,True,1.64,True,0.07475177869830328,-0.2617941857973481,0.9622244934858722,0.20,4.0000,0.03,0.0305,1.9597,1.0000,0.1067,0,1094,0,0,0.008319
237,16,567000000,16.567000000,2.4606547470882454,1.406433783717793,54.76687517580729,-0.0032099167757308625,-0.019169873711059326,0.0002347928065448234,0.9998110607752512,1093,1093,1092,1092,1092,0,0.9991,1.0000,1.8810,4.0017,0.7400,0,True,1.64,True,0.15933497216532555,-0.14598890344380527,0.9763706297899124,0.16,4.0000,0.04,0.0285,1.9880,1.0000,0.1009,0,1093,0,0,0.007802
238,16,600000000,16.600000000,2.336545953541998,1.3127972340229637,55.75471585320712,-0.0030485922473770734,-0.019434007387498845,0.0004407963371879708,0.9998063968292867,1091,1091,1091,1091,1091,0,1.0000,1.0000,1.8730,3.4465,0.7653,0,True,1.64,True,-0.08620813227109983,-0.09994108179855586,0.9912517026967786,0.04,4.0000,0.05,0.0289,2.0166,1.0000,0.0980,0,1091,0,0,0.007546
239,16,633000000,16.633000000,2.2349531541824983,1.4291788359717457,56.74271090676059,-0.0018128043751421106,-0.019759786928884516,0.0006801540822783244,0.9998028815477813,1081,1081,1081,1081,1081,0,1.0000,1.0000,1.8641,3.2145,0.7301,0,True,1.64,True,-0.06300833258207396,0.1104171525036444,0.9918860834078749,0.15,3.0000,0.07,0.0300,2.0460,1.0000,0.0966,0,1081,0,0,0.007496
240,16,666000000,16.666000000,2.2187331443680613,2.2326982278848275,56.14765334811501,-0.0015102297067685613,-0.018534653144919252,0.0016248930925524187,0.9998257576005272,1078,1077,603,1077,603,0,0.5599,0.9991,1.7472,3.1468,0.7060,0,True,1.64,True,-0.03856726317987455,0.8057072805843835,-0.591056972062873,0.18,3.0000,0.00,0.0167,2.0623,1.0000,0.0495,0,1077,0,0,0.003919
241,16,699000000,16.699000000,2.2125529833679063,1.9043845948045557,57.09220189845196,-0.0017182647361062098,-0.018925367732320217,0.0018748822006191782,0.9998176647965503,603,603,603,603,603,0,1.0000,1.0000,1.6612,2.5429,0.7300,0,True,1.64,True,0.02774199744346706,-0.33120003412128585,0.9431526488198535,0.06,0.0000,0.08,0.0327,2.0938,1.0000,0.0907,0,603,0,0,0.007364
242,16,732000000,16.732000000,1.879684472005314,1.2597991153804367,57.780466465213046,-0.0017015475101836543,-0.01838355809833136,0.00234055063309163,0.9998268206796864,602,602,308,602,308,0,0.5116,1.0000,1.6449,2.8452,0.7476,0,True,1.64,True,-0.3090441142793396,-0.6457644929744195,0.6981976475488796,0.08,1.0000,0.08,0.0309,2.1230,1.0000,0.0796,0,602,0,0,0.006719
243,16,765000000,16.765000000,2.1285740405215483,1.3713992906142054,58.74254722251546,-0.00032968445771899607,-0.020706286275986276,0.002829033178063323,0.9997815449327381,306,306,306,306,306,0,1.0000,1.0000,1.8313,2.6148,0.7362,0,True,1.64,True,0.28460706365904664,0.10709272416916175,0.9526436730201924,0.31,8.0000,0.08,0.0375,2.1572,1.0000,0.0905,0,306,0,0,0.007930
244,16,798000000,16.798000000,1.1795356110263233,1.4308624425678207,59.05204713027147,-0.0006426457078190376,-0.0197494170170731,0.0037173210806420156,0.9997978440954768,306,306,138,306,138,0,0.4510,1.0000,1.7303,2.7438,0.7187,0,True,1.64,True,-0.9350584424783903,0.0645774889898483,0.34856198453883774,0.15,2.0000,0.08,0.0242,2.1788,1.0000,0.0547,0,306,0,0,0.004962
245,16,831000000,16.831000000,0.27655620388826885,1.333589824903936,59.47057577700598,-0.000922821471077114,-0.01888995042689168,0.004452879068595947,0.9998112272031169,138,138,58,138,58,0,0.4203,1.0000,1.7490,2.8501,0.7476,0,True,1.64,True,-0.8864495143946675,-0.0911800734049732,0.4537548375977079,0.13,9.0000,0.08,0.0278,2.2034,1.0000,0.0595,0,138,0,0,0.005566
246,16,864000000,16.864000000,0.27655620388826885,1.333589824903936,59.47057577700598,-0.000922821471077114,-0.01888995042689168,0.004452879068595947,0.9998112272031169,2000,0,0,0,0,0,0.0000,0.0000,0.0000,0.0000,0.0000,1,True,3.28,True,0.0,0.0,0.0,0.00,7.0000,0.08,0.0382,2.2357,1.0000,0.0788,0,2000,0,0,0.007659
247,16,897000000,16.897000000,0.36111846177240475,1.515095079285326,60.45032322771636,0.0003723578066940776,-0.019071367705670028,0.004670045130549363,0.9998071488852125,2000,1926,1673,1922,1673,0,0.8686,0.9630,1.4354,14.7708,2.6183,0,True,3.28,True,0.12312074268418788,0.1787750018823363,0.976156125536722,0.15,6.0000,0.08,0.0285,2.2580,1.0000,0.0575,0,1926,0,0,0.005825
248,16,930000000,16.930000000,0.7019122115303702,2.28573569257774,60.98881432817226,0.0017031380066806952,-0.018710144597771414,0.005291732946473226,0.9998094955402673,1673,1672,1503,1667,1503,0,0.8989,0.9994,1.5223,17.1967,1.3075,0,True,3.28,True,0.3682539346423844,0.7677245394495855,0.524393050246973,0.17,6.0000,0.08,0.0277,2.2778,1.0000,0.0551,0,1672,0,0,0.005767
249,16,963000000,16.963000000,0.9357842774146604,1.8642760580551663,60.11264332130938,0.0016841733994736182,-0.016781298994510942,0.005511029266967138,0.9998425776693229,1502,1502,1475,1497,1475,0,0.9820,1.0000,1.4411,8.6099,1.2614,0,True,3.28,True,0.19646631191204356,-0.4267336102472249,-0.882779368907684,0.22,5.0000,0.00,0.0190,2.2908,1.0000,0.0393,0,1502,0,0,0.004177
250,16,996000000,16.996000000,0.3801423138354898,1.4079920367472207,60.80767346469089,0.0020157090942316646,-0.016216278688005428,0.005719494410507391,0.999850117070578,1473,1473,1070,1471,1070,0,0.7264,1.0000,1.3976,8.1067,1.1754,0,True,3.28,True,-0.5369616203362871,-0.4478867767783358,0.7148913578110606,0.08,1.0000,0.00,0.0152,2.3002,1.0000,0.0325,0,1473,0,0,0.003441
251,17,29000000,17.029000000,0.3464430473448784,1.4195515846409714,61.80703863132944,0.002666570631972261,-0.01637040673564179,0.005919046004947213,0.9998449200144819,1064,1064,1064,1064,1064,0,1.0000,1.0000,1.6521,2.4517,0.8734,0,True,3.28,True,-0.0011177309102024093,0.015789203485995777,0.9998747180176576,0.08,7.0000,0.08,0.0289,2.3160,1.0000,0.0696,0,1064,0,0,0.007259
252,17,62000000,17.062000000,-0.6315649693842664,1.44673323129596,61.600250146885436,0.0032436457496944518,-0.014783188821728643,0.00596759859792084,0.9998676531709013,1064,1064,1063,1064,1063,0,0.9991,1.0000,1.5867,6.0691,0.8282,0,True,3.28,True,-0.9838718394746029,0.037778107827656456,-0.17483997843120255,0.19,4.0000,0.00,0.0112,2.3202,1.0000,0.0290,0,1064,0,0,0.002987
253,17,95000000,17.095000000,-0.7860144088481552,1.1286832525585737,62.53565892473309,0.0027681853006615497,-0.01449856094813072,0.006159332919472426,0.9998720875684858,1061,1061,1043,1061,1043,0,0.9830,1.0000,1.6050,3.5447,0.9040,0,True,3.28,True,-0.13044671432184413,-0.3102602580297529,0.9416592945486953,0.07,0.0000,0.02,0.0276,2.3238,1.0000,0.0789,0,1061,0,0,0.007821
254,17,128000000,17.128000000,-0.7947666392983266,1.357248580788304,63.50914815897936,0.0035260553481239664,-0.01427728266732388,0.006235795363298427,0.9998724123554498,1037,1036,1006,1036,1006,0,0.9710,0.9990,1.5632,2.8234,0.8472,0,True,3.28,True,0.022306997702425217,0.23386802726703523,0.9720124195069367,0.09,1.0000,0.00,0.0157,2.3223,1.0000,0.0504,0,1036,0,0,0.004667
255,17,161000000,17.161000000,-0.5471282347017647,1.0491203592707674,64.42769713408809,0.003179382270150541,-0.01504341104296071,0.006082207535745878,0.9998632876869041,1002,1002,1002,1002,1002,0,1.0000,1.0000,1.5426,2.5254,0.8267,0,True,3.28,True,0.26997266710287315,-0.3048962552352505,0.913319786581284,0.10,12.0000,0.00,0.0123,2.3184,1.0000,0.0410,0,1002,0,0,0.001883
256,17,194000000,17.194000000,-0.2986475965261636,0.13155917205622025,64.11731214706508,0.002700280112720582,-0.013911998127474463,0.005390433479773019,0.9998850474041074,998,998,997,997,997,0,0.9990,1.0000,1.5538,4.8919,0.8530,0,True,3.28,True,0.22792826650615758,-0.922437323766095,-0.3117019233991704,0.16,4.0000,0.00,0.0193,2.3093,1.0000,0.0622,0,998,0,0,0.004544
257,17,227000000,17.227000000,-1.1943098693921521,-0.3020168325506513,64.01831244406716,0.0023891437280373564,-0.012293759937074045,0.005232336540201667,0.9999078848139894,995,995,994,995,994,0,0.9990,1.0000,1.5576,7.8914,0.8810,0,True,3.28,True,-0.9026618681372128,-0.42434202996307013,-0.07166165932950296,0.19,6.0000,0.00,0.0194,2.2976,1.0000,0.0581,0,995,0,0,0.006778
258,17,260000000,17.260000000,-1.1089981527274761,-0.2735165583831966,65.01425905175861,0.002628840352179831,-0.012492145842531721,0.005222940877669461,0.9999048736651102,992,992,992,992,992,0,1.0000,1.0000,1.5605,2.6957,0.8914,0,True,3.28,True,0.11008830397104392,0.03223105192440964,0.9933990762128909,0.04,3.0000,0.00,0.0179,2.2856,1.0000,0.0502,0,992,0,0,0.003711
259,17,293000000,17.293000000,-1.2415858222059917,-0.06397475762831098,65.98302772571472,0.0029332703369406377,-0.012053742042690553,0.005245676321452768,0.9999092889396665,986,985,943,985,943,0,0.9574,0.9990,1.5480,2.4551,0.8868,0,True,3.28,True,-0.10613587651165736,0.21588761979518892,0.9706326345926507,0.06,11.0000,0.00,0.0234,2.2688,1.0000,0.0646,0,985,0,0,0.004561
260,17,326000000,17.326000000,-0.8498976952244843,-0.3098576920652479,66.86966293465603,0.002723873734897309,-0.013320511190476796,0.004644698627904922,0.9998967803069259,938,938,938,938,938,0,1.0000,1.0000,1.5502,2.9184,0.9028,0,True,3.28,True,0.4103906191811481,-0.24491294876931075,0.8784060491670324,0.16,7.0000,0.00,0.0237,2.2509,1.0000,0.0645,0,938,0,0,0.004379
261,17,359000000,17.359000000,-1.1433444433852396,-0.472619520811706,67.81168076521817,0.002513374565564233,-0.012815210107714668,0.004617353804648604,0.9999040620889741,931,931,912,931,912,0,0.9796,1.0000,1.5224,2.7737,0.8437,0,True,3.28,True,-0.26971237936228226,-0.15499065369225512,0.9503857794005461,0.06,9.0000,0.00,0.0188,2.2359,1.0000,0.0516,0,931,0,0,0.003404
262,17,392000000,17.392000000,-1.5551543120469766,-0.3754625224710379,68.7177564517622,0.0024682614510897934,-0.012243053633172855,0.004656215808399836,0.999911163542787,907,906,902,906,902,0,0.9956,0.9989,1.5265,3.0398,0.8315,0,True,3.28,True,-0.38752427183662036,0.10542768421900078,0.9158110843059913,0.07,4.0000,0.00,0.0230,2.2174,1.0000,0.0624,0,906,0,0,0.003993
263,17,425000000,17.425000000,-2.480701679970392,-0.6917783041178277,68.92585834029572,0.00261184139806344,-0.011105054614214013,0.004369435965414937,0.9999253792538075,898,898,587,898,587,0,0.6537,1.0000,1.5057,2.3868,0.8113,0,True,3.28,True,-0.9230561246418542,-0.30662046032574997,0.2322741571307214,0.14,1.0000,0.00,0.0197,2.2016,1.0000,0.0550,0,898,0,0,0.003424
264,17,458000000,17.458000000,-3.4396986157900127,-0.8689290772385787,69.14708781543702,0.00286215287052045,-0.010175892522712665,0.004140227925388252,0.9999355568260575,583,583,143,583,143,0,0.2453,1.0000,1.4348,2.5346,0.7846,0,True,3.28,True,-0.9553432786306963,-0.16757195808520173,0.24339034253364145,0.11,3.0000,0.00,0.0240,2.1822,1.0000,0.0706,0,583,0,0,0.004217
265,17,491000000,17.491000000,-3.346633270393611,-1.6992764663112887,69.69650755929992,0.0017282576576880156,-0.009927550765554032,0.0035011592132693156,0.9999430977537819,142,142,142,142,142,0,1.0000,1.0000,1.4087,1.8214,0.8894,0,True,3.28,True,0.09741001024802957,-0.8279827636439985,0.5522280624994761,0.15,5.0000,0.00,0.0215,2.1651,1.0000,0.0709,0,142,0,0,0.004035
266,17,524000000,17.524000000,-3.495732570444373,-1.6295992778072257,70.68287183690052,0.002184263133944276,-0.009919095795278703,0.0031985751820524607,0.9999433032177227,141,141,141,141,141,0,1.0000,1.0000,1.3730,1.6705,0.8385,0,True,1.64,True,-0.12898558693580983,0.07406478297617816,0.9888766992327791,0.06,4.0000,0.00,0.0180,2.1512,1.0000,0.0666,0,141,0,0,0.003621
267,17,557000000,17.557000000,-2.8573510629273007,-2.214406757753604,70.18240279464216,0.0022706995835360113,-0.009090460059305056,0.003135913064843553,0.999951185562856,141,141,120,141,120,0,0.8511,1.0000,1.3582,1.7764,0.7881,0,True,1.64,True,0.6245924469380438,-0.5910556181702477,-0.510428772168393,0.10,10.0000,0.00,0.0122,2.1419,1.0000,0.0491,0,141,0,0,0.002598
268,17,590000000,17.590000000,-2.148541142083415,-2.7577652578218705,69.73256945159515,0.0018490964978301978,-0.008011500388601467,0.003636860097837743,0.9999595841594269,119,119,51,119,51,0,0.4286,1.0000,1.3649,1.9683,0.8055,0,True,1.64,True,0.6971091898284971,-0.5498339141623226,-0.46013198573191577,0.14,8.0000,0.00,0.0169,2.1290,1.0000,0.0725,0,119,0,0,0.003767
269,17,623000000,17.623000000,-2.148541142083415,-2.7577652578218705,69.73256945159515,0.0018490964978301978,-0.008011500388601467,0.003636860097837743,0.9999595841594269,2000,0,0,0,0,0,0.0000,0.0000,0.0000,0.0000,0.0000,1,True,3.28,True,0.0,0.0,0.0,0.00,5.0000,0.00,0.0158,2.1179,1.0000,0.0755,0,2000,0,0,0.003853
270,17,656000000,17.656000000,-1.837993614003374,-3.2949028431676313,70.51681650910464,0.0011838624584602088,-0.007630254059509795,0.0037755347314242676,0.9999630608328283,2000,1957,1024,1953,1024,0,0.5232,0.9785,1.0140,13.2165,2.2185,0,True,3.28,True,0.31918456363459935,-0.536533169513103,0.7811871557761392,0.09,5.0000,0.00,0.0123,2.1105,1.0000,0.0651,0,1957,0,0,0.003288
271,17,689000000,17.689000000,-1.5472674004690112,-4.227948774405029,70.30491191036901,0.0008275317801821732,-0.006827124845586115,0.0034543690161801615,0.9999703860076035,1024,1024,1022,1024,1022,0,0.9980,1.0000,1.1451,1.9725,0.8066,0,True,3.28,True,0.2804201481551097,-0.9357066844904509,-0.2140503237758676,0.11,0.0000,0.00,0.0131,2.1045,1.0000,0.0772,0,1024,0,0,0.003870
272,17,722000000,17.722000000,-0.8122075919088337,-4.729598713210038,69.84880401004673,0.0008972299497291613,-0.006071359815937834,0.003706739005879242,0.9999742964968376,1020,1020,165,1019,165,0,0.1618,1.0000,1.1386,4.4652,0.7166,0,True,3.28,True,0.7252835129211154,-0.5074571226927698,-0.46524304886068024,0.09,6.0000,0.00,0.0092,2.1018,1.0000,0.0589,0,1020,0,0,0.002929
273,17,755000000,17.755000000,-0.003971201186223183,-5.187679035380685,69.47878190915041,0.0006044766066198662,-0.005155240350659454,0.0043014449362722045,0.9999772775800555,163,163,163,163,163,0,1.0000,1.0000,1.0779,1.6916,0.9807,0,True,3.28,True,0.800268284272665,-0.46471480905604706,-0.37896018185461977,0.13,1.0000,0.00,0.0069,2.1001,1.0000,0.0419,0,163,0,0,0.002075
274,17,788000000,17.788000000,0.026267492203264468,-5.853371904475994,70.22439482847099,-0.0030346044555759288,-0.00756740652728248,0.0018602822728262382,0.9999650318306708,161,161,161,161,161,0,1.0000,1.0000,1.0230,1.6729,1.0394,0,True,3.28,True,0.032204694018319484,-0.6650597487017305,0.7460954284406099,0.57,10.0000,0.00,0.0148,2.0984,1.0000,0.0848,0,161,0,0,0.002966
275,17,821000000,17.821000000,0.7519196648642257,-6.388619692202713,69.79203071103514,-0.003036186428122999,-0.006768335844681092,0.002155533609827288,0.9999701619932089,160,160,104,160,104,0,0.6500,1.0000,1.0324,1.8129,1.0559,0,True,3.28,True,0.7170094633882184,-0.5352644489546637,-0.44653040108933195,0.10,6.0000,0.00,0.0118,2.0980,1.0000,0.0667,0,160,0,0,0.002909
276,17,854000000,17.854000000,1.3993811189356768,-7.087081283571793,69.48716177054783,-0.003185278035060847,-0.005955105133671002,0.0024242412354739144,0.9999742565591968,104,104,58,104,58,0,0.5577,1.0000,0.9569,2.0811,1.1589,0,True,3.28,True,0.6402335877178229,-0.6993466610295545,-0.31782888613966237,0.10,4.0000,0.00,0.0119,2.0983,1.0000,0.0674,0,104,0,0,0.004906
277,17,887000000,17.887000000,1.3993811189356768,-7.087081283571793,69.48716177054783,-0.003185278035060847,-0.005955105133671002,0.0024242412354739144,0.9999742565591968,2000,0,0,0,0,0,0.0000,0.0000,0.0000,0.0000,0.0000,1,True,4.92,True,0.0,0.0,0.0,0.00,3.0000,0.00,0.0098,2.0998,1.0000,0.0556,0,2000,0,0,0.002678
278,17,920000000,17.920000000,1.6569329016250776,-6.417193936267943,68.79080121655606,-0.0032786988183012918,-0.005133830474584455,0.002777005030122478,0.9999775908298045,2000,1933,686,1871,686,0,0.3549,0.9665,5.5511,286.7593,2.5046,0,True,4.92,True,0.25252092269884857,0.6730831437668069,-0.6951203242434464,0.10,5.0000,0.00,0.0139,2.1017,1.0000,0.0725,0,1933,0,0,0.003439
279,17,953000000,17.953000000,2.589880923019841,-6.057182984663476,68.79112386255717,-0.003180626105636819,-0.004877626636889296,0.002859755053337563,0.9999789568670944,686,686,304,686,304,0,0.4431,1.0000,0.6268,14.4947,2.7337,0,True,4.92,True,0.9348993402231209,0.3548454546720395,-0.006922929218652238,0.03,5.0000,0.00,0.0116,2.1026,1.0000,0.0644,0,686,0,0,0.002998
280,17,986000000,17.986000000,3.532118737692481,-6.134612041285176,68.46525173764987,-0.003769938075602409,-0.0045942949331826965,0.0024735628153462557,0.9999792805393378,304,304,304,304,304,0,1.0000,1.0000,1.0041,1.5199,0.8565,0,True,4.92,True,0.9385593495588165,-0.08070401106271764,-0.3355491170516175,0.09,6.0000,0.00,0.0103,2.1031,1.0000,0.0635,0,304,0,0,0.002887
281,18,19000000,18.019000000,3.694826790034905,-5.692646261609559,69.3474038443178,-0.002555948808793663,-0.005116899117914653,0.002731156281630314,0.9999799124254792,304,304,304,304,304,0,1.0000,1.0000,0.9974,1.5680,0.8305,0,True,4.92,True,0.17299003086608206,0.4344772944258843,0.8839139832864483,0.15,8.0000,0.00,0.0100,2.1031,1.0000,0.0626,0,304,0,0,0.002792
282,18,52000000,18.052000000,3.097330074464614,-6.1377741084982596,70.014381261332,-0.002742753116761174,-0.00460062633888574,0.002729930425470109,0.999981929347977,304,304,87,304,87,0,0.2862,1.0000,0.9806,1.4881,0.8370,0,True,4.92,True,-0.5930832723129014,-0.4452954647231396,0.6707936949611437,0.06,9.0000,0.00,0.0088,2.1023,1.0000,0.0622,0,304,0,0,0.002415
283,18,85000000,18.085000000,3.097330074464614,-6.1377741084982596,70.014381261332,-0.002742753116761174,-0.00460062633888574,0.002729930425470109,0.999981929347977,2000,0,0,0,0,0,0.0000,0.0000,0.0000,0.0000,0.0000,1,True,6.56,True,0.0,0.0,0.0,0.00,3.0000,0.00,0.0074,2.1016,1.0000,0.0547,0,2000,0,0,0.001545
284,18,118000000,18.118000000,3.8985131724809214,-6.73616995149856,70.01967829191042,-0.0029878987497788854,-0.004000854724217287,0.0029814286813438238,0.9999830882097731,2000,1922,248,1861,248,0,0.1290,0.9610,5.5609,1203.2286,2.4183,0,True,6.56,True,0.7979036995882124,-0.602761160126708,-0.005354439853869502,0.08,7.0000,0.00,0.0087,2.0994,1.0000,0.0714,0,1922,0,0,0.004048
285,18,151000000,18.151000000,4.277380137716101,-7.289693289833267,69.27801007999064,-0.0027583848213525238,-0.0034599009226873654,0.002993305469334444,0.9999857301587608,248,248,35,247,35,0,0.1411,1.0000,0.9624,4.8755,1.1926,0,True,6.56,True,0.36961304287506985,-0.5513039703701609,-0.7479639903034961,0.07,6.0000,0.00,0.0070,2.0969,1.0000,0.0568,0,248,0,0,0.001753
286,18,184000000,18.184000000,4.277380137716101,-7.289693289833267,69.27801007999064,-0.0027583848213525238,-0.0034599009226873654,0.002993305469334444,0.9999857301587608,2000,0,0,0,0,0,0.0000,0.0000,0.0000,0.0000,0.0000,1,True,8.20,True,0.0,0.0,0.0,0.00,1.0000,0.00,0.0058,2.0939,1.0000,0.0515,0,2000,0,0,0.003328
287,18,217000000,18.217000000,5.243757036785947,-7.544317078600471,69.2421992556776,-0.002705093599508012,-0.0033315332210697318,0.0031977509152924396,0.9999856787695005,2000,1973,1200,1973,1200,0,0.6082,0.9865,0.7721,18.1488,2.3022,0,True,8.20,True,0.9645600641550129,-0.2601838465270815,-0.04391182806089579,0.03,2.0000,0.00,0.0066,2.0892,1.0000,0.0581,0,1973,0,0,0.002593
288,18,250000000,18.250000000,5.499617147908684,-6.6067258113364495,69.00670356763534,-0.001568524192815278,-0.0025789521998434007,0.0052464043499910115,0.9999816818216241,1200,1200,1200,1200,1200,0,1.0000,1.0000,0.8223,1.9210,1.0315,0,True,8.20,True,0.2602973522029352,0.9372057271504237,-0.232143734424573,0.28,3.0000,0.00,0.0073,2.0837,1.0000,0.0573,0,1200,0,0,0.002563
289,18,283000000,18.283000000,6.2411164932297,-6.722979075537035,68.345898074732,-0.0017345055600251759,-0.0019853416130373846,0.005379716156989361,0.9999820541205787,1200,1200,114,1200,114,0,0.0950,1.0000,0.7833,2.4144,1.0231,0,True,8.20,True,0.7368304878443842,-0.12192973926731974,-0.6649917073657464,0.07,5.0000,0.00,0.0038,2.0807,1.0000,0.0291,0,1200,0,0,0.001311
290,18,316000000,18.316000000,7.088757794110923,-7.220607940600631,68.52993540164125,-0.002379243642073708,-0.0016369165209935987,0.0053993076994342335,0.9999812534144636,114,114,42,114,42,0,0.3684,1.0000,0.2464,5.0182,1.9337,0,True,8.20,True,0.842955326019868,-0.5073535517309846,0.17893767596762156,0.08,3.0000,0.00,0.0098,2.0721,1.0000,0.0877,0,114,0,0,0.003952
291,18,349000000,18.349000000,7.088757794110923,-7.220607940600631,68.52993540164125,-0.002379243642073708,-0.0016369165209935987,0.0053993076994342335,0.9999812534144636,2000,0,0,0,0,0,0.0000,0.0000,0.0000,0.0000,0.0000,1,True,9.84,True,0.0,0.0,0.0,0.00,2.0000,0.00,0.0057,2.0668,1.0000,0.0556,0,2000,0,0,0.002486
292,18,382000000,18.382000000,6.248710589972109,-7.759827573034099,68.47024551290892,-0.0023485052458202004,-0.0010664885787560676,0.0052271970340956155,0.9999830116238918,2000,1955,146,1954,146,0,0.0747,0.9775,0.6622,14.4508,2.3159,0,True,9.84,True,-0.8460145172057832,-0.5298323717389569,-0.0594734775722508,0.07,2.0000,0.00,0.0048,2.0624,1.0000,0.0488,0,1955,0,0,0.002170
293,18,415000000,18.415000000,5.287335859645505,-8.028787021470706,68.52872151641569,-0.0024183754779585234,-0.0010140619993344775,0.005187924573879691,0.9999831041457276,146,146,16,146,16,0,0.1096,1.0000,0.3265,17.6598,5.0859,0,True,9.84,True,-0.9640098244284073,-0.2591714896835794,0.05928909967865581,0.01,1.0000,0.00,0.0054,2.0576,1.0000,0.0551,0,146,0,0,0.002456
294,18,448000000,18.448000000,5.287335859645505,-8.028787021470706,68.52872151641569,-0.0024183754779585234,-0.0010140619993344775,0.005187924573879691,0.9999831041457276,2000,0,0,0,0,0,0.0000,0.0000,0.0000,0.0000,0.0000,1,True,11.48,True,0.0,0.0,0.0,0.00,2.0000,0.00,0.0054,2.0529,1.0000,0.0511,0,2000,0,0,0.002279
295,18,481000000,18.481000000,6.053114169636538,-7.39575727253134,68.64210986195896,-0.0022431878620919644,-0.0009260400468069016,0.005069055053595979,0.9999842074947537,2000,1923,639,1870,639,0,0.3323,0.9615,8.0664,1008.6218,2.7947,0,True,11.48,True,0.7725338454707698,0.6244969439224674,0.11486959838722845,0.03,2.0000,0.00,0.0053,2.0484,1.0000,0.0508,0,1923,0,0,0.002292
296,18,514000000,18.514000000,5.745693528076762,-6.460352300177627,68.46743849384467,-0.001244729335345324,-0.0005625908860125944,0.006296462006229857,0.9999792441378874,639,639,639,639,639,0,1.0000,1.0000,0.6586,0.9917,1.3922,0,True,11.48,True,-0.2982368686531874,0.9392480943532244,-0.16990523073107022,0.19,4.0000,0.00,0.0059,2.0439,1.0000,0.0468,0,639,0,0,0.002138
297,18,547000000,18.547000000,6.486298622038188,-6.136847421745552,67.87849988207851,-0.001337933179612395,-8.026173764484071e-05,0.006089371245971576,0.9999805613364138,639,639,164,639,164,0,0.2567,1.0000,0.6220,1.0217,1.3664,0,True,11.48,True,0.7439667250517457,0.31562335249695134,-0.5889782775063657,0.06,4.0000,0.00,0.0066,2.0388,1.0000,0.0476,0,639,0,0,0.002198
298,18,580000000,18.580000000,7.119974320245271,-5.522889732236661,67.40785026187824,-0.0016418889565733051,0.00037161328419047727,0.006084928021594381,0.9999800696789878,164,164,115,164,115,0,0.7012,1.0000,0.3848,0.9536,2.7776,0,True,11.48,True,0.6410380352888515,0.6074527038316058,-0.4691177356705677,0.06,5.0000,0.00,0.0065,2.0335,1.0000,0.0405,0,164,0,0,0.001884
299,18,613000000,18.613000000,7.070664548513676,-5.473791407722787,68.40542627449167,0.007616208890689949,-0.013173931321002391,0.007128312661782026,0.9998588040589925,115,115,115,115,115,0,1.0000,1.0000,0.2808,0.6847,4.2175,0,True,11.48,True,-0.049470002209800835,0.046423323696893254,0.9976961430707728,1.88,1.0000,0.00,0.0075,2.0275,1.0000,0.0380,0,115,0,0,0.001754
300,18,646000000,18.646000000,6.471961045113091,-6.200882199726706,68.7414219518433,0.009380516671201284,-0.011697809127375596,0.0069806960754234355,0.9998632091695862,115,115,49,115,49,0,0.4261,1.0000,0.3588,0.6718,5.1881,0,True,11.48,True,-0.5997653374060137,-0.7132239214559961,0.3627577399714329,0.26,7.0000,0.00,0.0130,2.0169,1.0000,0.0561,0,115,0,0,0.002555
301,18,679000000,18.679000000,6.471961045113091,-6.200882199726706,68.7414219518433,0.009380516671201284,-0.011697809127375596,0.0069806960754234355,0.9998632091695862,2000,0,0,0,0,0,0.0000,0.0000,0.0000,0.0000,0.0000,1,True,13.11,True,0.0,0.0,0.0,0.00,8.0000,0.00,0.0126,2.0066,1.0000,0.0720,0,2000,0,0,0.001984
302,18,712000000,18.712000000,7.323257215684117,-6.304682471820408,68.22710654911421,0.009311642938893042,-0.011177104280313538,0.00663976003057706,0.9998721314410267,2000,1854,177,1814,177,0,0.0955,0.9270,3.7178,246.1264,3.8136,0,True,13.11,True,0.8374555664966338,-0.12540614165358133,-0.5319224321076935,0.07,3.0000,0.00,0.0231,2.0042,1.0000,0.6814,0,1854,0,0,0.001749
303,18,745000000,18.745000000,7.383840625093347,-6.310978520531032,69.2252498305498,0.00921914212835082,-0.014739008084015353,0.005653205539385382,0.9998328912004475,177,176,176,176,176,0,1.0000,0.9944,2.5298,9.1997,2.5742,0,True,13.11,True,0.08291391779932401,0.011326751588972589,0.9964923416331952,0.42,4.0000,0.35,0.1589,2.0678,1.0000,4.6004,0,176,0,0,0.002214
304,18,778000000,18.778000000,8.377251597183967,-6.199792311845963,69.19746012871249,0.010777488352869912,-0.011167122678423682,0.003485312864644268,0.999873488852527,173,173,119,173,119,0,0.6879,1.0000,6.2589,11.2680,4.4426,0,True,13.11,True,0.9933206074991149,0.09915251692272838,-0.05901651553147908,0.51,6.0000,1.04,0.4685,2.3279,1.0000,13.3374,0,173,0,0,0.002536
305,18,811000000,18.811000000,7.62119191314526,-6.853383827095281,69.23198382152466,0.015568266506519325,-0.0053317944196595995,-0.0030809665507465687,0.9998598445239021,113,109,35,109,35,0,0.3211,0.9646,11.1128,14.0988,1.8821,0,True,13.11,True,-0.759477232084161,-0.6472308943757623,0.06547139307615446,1.15,5.0000,1.63,0.7465,2.8344,1.0000,21.5622,0,109,0,0,0.002142
306,18,844000000,18.844000000,7.62119191314526,-6.853383827095281,69.23198382152466,0.015568266506519325,-0.0053317944196595995,-0.0030809665507465687,0.9998598445239021,2000,0,0,0,0,0,0.0000,0.0000,0.0000,0.0000,0.0000,1,True,14.75,True,0.0,0.0,0.0,0.00,5.0000,1.82,0.8449,3.4876,1.0000,24.7925,0,2000,0,0,0.001429
307,18,877000000,18.877000000,6.735257767729618,-7.316676419841469,69.2539078606865,0.018152493894174542,0.0006857784596819676,-0.014517053343945409,0.9997295993595143,2000,1926,352,1755,352,0,0.1828,0.9630,19.5448,103.6433,4.6990,0,True,13.11,True,-0.882704011781021,-0.4676871814831717,0.04585114897162389,1.51,3.0000,1.63,0.7614,4.1205,1.0000,22.5642,0,1926,0,0,0.000854
308,18,910000000,18.910000000,5.89813055845367,-6.7795083060364,69.35719606427706,0.01983998343984237,0.00030210198365228575,-0.029934656269238538,0.9993548919905986,345,285,138,284,138,0,0.4842,0.8261,22.8945,55.8229,3.3897,0,True,13.11,True,-0.8525482510529226,0.5160149909751879,0.08300607637685095,1.78,2.0000,0.00,0.0000,6.5035,0.0000,80.2869,1,285,0,0,0.001320
309,18,943000000,18.943000000,5.67291929314741,-5.84240276999425,69.62386646064364,0.020865693115719678,-1.9183080054520205e-05,-0.047475749736413865,0.9986544325590186,138,130,82,124,82,0,0.6308,0.9420,34.8719,48.4758,2.5365,0,True,13.11,True,-0.28134181775707223,0.9317809278790528,0.22941465520318818,2.02,2.0000,0.00,0.0000,8.2162,0.0000,55.6508,1,130,0,0,0.000276
310,18,976000000,18.976000000,5.67291929314741,-5.84240276999425,69.62386646064364,0.020865693115719678,-1.9183080054520205e-05,-0.047475749736413865,0.9986544325590186,2000,0,0,0,0,0,0.0000,0.0000,0.0000,0.0000,0.0000,1,True,14.75,True,0.0,0.0,0.0,0.00,7.0000,0.00,0.0000,10.1018,0.0000,60.3162,1,2000,0,0,0.000473
311,19,9000000,19.009000000,6.536980913340097,-6.345210859838669,69.59975129327968,0.020412835645642016,-0.0007112777459620631,-0.07079870672473221,0.9972814815040825,2000,1947,471,1748,471,0,0.2419,0.9735,35.5572,332.5782,4.1428,0,True,14.75,True,0.9078919193895468,-0.41917585222112136,-0.004885450016237027,2.68,1.0000,0.00,0.0000,13.1275,0.0000,95.4830,1,1947,0,0,0.001208
312,19,42000000,19.042000000,5.794607106127896,-7.014460235164781,69.56834422415713,0.01949054046434137,-0.0012529711136252306,-0.09797128467495211,0.994997576014603,468,466,433,437,433,0,0.9292,0.9957,31.3603,141.4324,6.2072,0,True,14.75,True,-0.6403588035769852,-0.7680752571315839,-0.001001031319940034,3.13,2.0000,0.00,0.0000,15.7772,0.0000,82.8169,1,466,0,0,0.001385
313,19,75000000,19.075000000,5.416633306716826,-6.089732597988283,69.6132285644188,0.01830451570235409,-0.0016900500215224694,-0.12591148560511659,0.9918711540459978,432,431,217,411,217,0,0.5035,0.9977,35.6495,80.4886,5.9497,0,True,14.75,True,-0.5511085135949949,0.8343529992751716,0.011596501353467438,3.23,2.0000,0.00,0.0000,18.3285,0.0000,79.2461,1,431,0,0,0.001505
314,19,108000000,19.108000000,6.297682012999292,-6.423014789880893,69.27755587007914,0.015815951266492913,-0.0020050244768338855,-0.1558944878958407,0.987645049704638,217,216,24,196,24,0,0.1111,0.9954,47.1232,103.8147,3.2931,0,True,14.75,True,0.9367962974896944,-0.11481270416882283,-0.3305007412564188,3.48,4.0000,0.00,0.0000,22.3592,0.0000,124.5090,1,216,0,0,0.002510
315,19,141000000,19.141000000,6.297682012999292,-6.423014789880893,69.27755587007914,0.015815951266492913,-0.0020050244768338855,-0.1558944878958407,0.987645049704638,2000,0,0,0,0,0,0.0000,0.0000,0.0000,0.0000,0.0000,1,True,16.39,True,0.0,0.0,0.0,0.00,5.0000,0.00,0.0000,25.8981,0.0000,108.8405,1,2000,0,0,0.002088
316,19,174000000,19.174000000,7.156820569928068,-6.839184780665082,68.97975815556637,0.011746480030130188,-0.0020970925592820153,-0.18901210905612092,0.9819022583943151,2000,1906,866,1496,866,0,0.4544,0.9530,42.7011,583.5839,5.3489,0,True,16.39,True,0.9458417518886392,-0.140717121323775,-0.29254413709828475,3.88,2.0000,0.00,0.0000,28.2153,0.0000,71.0664,1,1906,0,0,0.001274
317,19,207000000,19.207000000,7.864189954563708,-7.545853341354659,68.96400699646256,0.006713137766023975,-0.0016608644966648154,-0.22237802328060993,0.9749359928078698,863,858,310,806,310,0,0.3613,0.9942,41.7675,277.0589,2.4840,0,True,16.39,True,0.9191639322312442,-0.39382857263517024,-0.006059790536077972,3.95,7.0000,0.00,0.0000,33.2030,0.0000,152.5492,1,858,0,0,0.002819
318,19,240000000,19.240000000,7.6759380186302835,-8.524642921727947,68.8831851802865,0.002263572423071165,-0.0010493342006457195,-0.256316541522048,0.9665896780329268,309,308,112,294,112,0,0.3636,0.9968,42.0019,67.0972,3.4381,0,True,16.39,True,0.25478101971569567,-0.9646362986244587,-0.06755326319826828,4.04,1.0000,0.00,0.0000,36.2733,0.0000,93.6343,1,308,0,0,0.001945
319,19,273000000,19.273000000,8.537625702550256,-9.032070866212962,68.87983607050268,-0.0027194871986825136,-0.00027987431527905855,-0.28854863345600235,0.957461337177861,110,110,44,108,44,0,0.4000,1.0000,38.0945,55.9195,5.3799,0,True,16.39,True,0.9998961955538564,-0.013797835378652097,-0.004149440418625921,3.88,0.0000,0.00,0.0000,40.0871,0.0000,116.0521,1,110,0,0,0.001352
320,19,306000000,19.306000000,8.537625702550256,-9.032070866212962,68.87983607050268,-0.0027194871986825136,-0.00027987431527905855,-0.28854863345600235,0.957461337177861,2000,0,0,0,0,0,0.0000,0.0000,0.0000,0.0000,0.0000,1,True,18.03,True,0.0,0.0,0.0,0.00,4.0000,0.00,0.0000,43.6930,0.0000,109.4801,1,2000,0,0,0.004397
321,19,339000000,19.339000000,9.367620002959354,-8.479444327774262,68.80424923102866,-0.006959607716377633,0.0008275375931269872,-0.31775450538308125,0.9481471158795556,2000,1809,1280,1374,1280,0,0.7076,0.9045,38.6433,102.6682,5.3181,0,True,18.03,True,0.38627183733390724,0.9195892850081749,-0.07176081507926911,3.55,11.0000,0.00,0.0000,47.0051,0.0000,100.3669,1,1809,0,0,0.002953
322,19,372000000,19.372000000,9.29980201981691,-9.476696887959315,68.83404943852526,-0.01240963675646945,0.0025946314401956083,-0.3466729539706361,0.9379003847896297,1279,1274,1188,1199,1188,0,0.9325,0.9961,41.0281,163.3977,3.2428,0,True,18.03,True,0.5468740671898342,-0.8370472224889673,0.016754162430679835,3.58,5.0000,0.00,0.0000,51.5601,0.0000,137.7812,1,1274,0,0,0.004551
323,19,405000000,19.405000000,9.206114949815477,-10.468509473752457,68.92082805096439,-0.017920192836286482,0.0043496037860548354,-0.37331775959794217,0.9275202412909315,1187,1176,1117,1121,1117,0,0.9498,0.9907,38.6182,107.3302,3.1056,0,True,18.03,True,0.5741865963322411,-0.8162046177967616,0.06418546938083534,3.34,3.0000,0.00,0.0000,54.8324,0.0000,98.8483,1,1176,0,0,0.003784
324,19,438000000,19.438000000,8.521912638827963,-9.740143027390225,68.88409227204258,-0.021482514047236535,0.006177188569827802,-0.3975647876788249,0.9173017952285245,1115,1107,560,1074,560,0,0.5059,0.9928,36.0900,70.7986,3.0466,0,True,18.03,True,-0.9981838032478485,0.052503064488864354,-0.02953850288926015,3.05,2.0000,0.00,0.0000,57.8556,0.0000,91.2406,1,1107,0,0,0.003995
325,19,471000000,19.471000000,8.83963434162877,-10.466229669998228,68.27429631682838,-0.025376764054112974,0.008522155164755274,-0.4188375667695084,0.9076665055955778,560,556,322,512,322,0,0.5791,0.9929,33.3829,61.1718,4.0429,0,True,18.03,True,0.7435364361205645,-0.23720732325897265,-0.625208968228578,2.73,14.0000,0.00,0.0000,59.7883,0.0000,58.3019,1,556,0,0,0.001568
326,19,504000000,19.504000000,9.353486614226377,-11.324069786141429,68.28243124655684,-0.027409060244188762,0.008315308837384064,-0.4379789766654751,0.8985288059124941,322,320,233,314,233,0,0.7281,0.9938,26.2353,52.4062,4.9907,0,True,18.03,True,0.986152061111979,-0.16572016589739771,-0.0063983575653918994,2.44,8.0000,0.00,0.0000,61.5599,0.0000,53.4297,1,320,0,0,0.004079
327,19,537000000,19.537000000,8.802444080371732,-10.490951913341428,68.3300414965483,-0.029222236827869896,0.00953933617597417,-0.4543030676303509,0.8903166766279011,233,233,48,232,48,0,0.2060,1.0000,23.3421,49.7192,1.6730,0,True,18.03,True,-0.9952313014777219,0.07608782766941653,0.061035227856614256,2.11,3.0000,0.00,0.0000,64.9673,0.0000,102.7795,1,233,0,0,0.008455
328,19,570000000,19.570000000,8.802444080371732,-10.490951913341428,68.3300414965483,-0.029222236827869896,0.00953933617597417,-0.4543030676303509,0.8903166766279011,2000,0,0,0,0,0,0.0000,0.0000,0.0000,0.0000,0.0000,1,True,19.67,True,0.0,0.0,0.0,0.00,4.0000,0.00,0.0000,66.9414,0.0000,59.5828,1,2000,0,0,0.006147
329,19,603000000,19.603000000,7.859555365479025,-10.159160440401784,68.3596267937839,-0.030147089225793258,0.010541190964066683,-0.46561818947310923,0.8844092593002716,2000,1850,782,1741,782,0,0.4227,0.9250,25.2732,1202.3488,4.0140,0,True,19.67,True,-0.8218128644444506,-0.5697502929404022,0.002866971910047618,1.47,6.0000,0.00,0.0000,68.4211,0.0000,44.7065,1,1850,0,0,0.006064
330,19,636000000,19.636000000,7.135528519405878,-9.469899179038848,68.38616054115855,-0.026893015606217655,0.01834292908868117,-0.4748466669889983,0.8794662844666024,778,773,341,765,341,0,0.4411,0.9936,16.1211,42.9916,3.7174,0,True,18.03,True,-0.9777868614221893,-0.2083751179954024,0.022642080967672888,1.54,1.0000,2.03,0.9550,69.3747,1.0000,28.8512,0,773,0,0,0.005030
331,19,669000000,19.669000000,7.453251890323884,-10.418034001246495,68.37655749529979,-0.027861809209070314,0.018017500080129492,-0.48150859560442993,0.8758130860163653,336,314,188,312,188,0,0.5987,0.9345,12.5555,19.2804,2.8059,0,True,18.03,True,0.9671337012836123,-0.25351568676179853,-0.019549946474455786,0.88,9.0000,0.00,0.0000,70.5400,0.0000,35.3397,1,314,0,0,0.008758
332,19,702000000,19.702000000,6.739426313789472,-10.249886118849254,69.05639522294562,-0.023777902185586352,0.022433915100802206,-0.485675736952086,0.8735275664550896,188,187,153,187,153,0,0.8182,0.9947,7.4072,11.3121,1.8102,0,True,18.03,True,-0.5275636949213836,-0.5563982153329643,0.6419482640954718,0.88,8.0000,1.39,0.6558,71.1879,1.0000,19.7409,0,187,0,0,0.007943
333,19,735000000,19.735000000,7.001442415154412,-9.286905020055382,68.99303146365646,-0.014126449764788785,0.026622926366994697,-0.47714224436338526,0.8783091379762434,152,152,152,152,152,0,1.0000,1.0000,3.1315,5.0890,1.4247,0,True,18.03,True,-0.6789559280346957,0.7336491570602309,-0.027888387033989267,1.65,8.0000,0.78,0.3551,71.5200,1.0000,10.2072,0,152,0,0,0.007478
334,19,768000000,19.768000000,6.199896287089597,-8.963770832993267,69.49612996468386,-0.011578817165373451,0.026603910512423463,-0.47564250886652726,0.8791600347477435,150,150,111,150,111,0,0.7400,1.0000,5.6126,6.9644,1.2955,0,True,18.03,True,-0.7232684707443742,-0.5206116349991831,0.45370281543161256,0.35,7.0000,0.51,0.2224,71.6309,1.0000,3.5815,0,150,0,0,0.009343
335,19,801000000,19.801000000,5.383209492893736,-8.722573192494364,70.02038789586264,-0.009584292656317946,0.02451860069093352,-0.472024633371919,0.8811922179890957,110,110,80,110,80,0,0.7273,1.0000,9.0235,10.8875,1.5276,0,True,18.03,True,-0.6666222817315645,-0.5744614534636691,0.474982917570107,0.58,6.0000,0.56,0.2382,71.5033,1.0000,3.6390,0,110,0,0,0.008440
336,19,834000000,19.834000000,5.383209492893736,-8.722573192494364,70.02038789586264,-0.009584292656317946,0.02451860069093352,-0.472024633371919,0.8811922179890957,2000,0,0,0,0,0,0.0000,0.0000,0.0000,0.0000,0.0000,1,True,19.67,True,0.0,0.0,0.0,0.00,5.0000,1.07,0.4473,71.1368,1.0000,10.8366,0,2000,0,0,0.009754
337,19,867000000,19.867000000,4.781581262598353,-9.517930810752555,70.09421019324155,-0.008254167309356292,0.020011745586863416,-0.46576664859476136,0.8846427684762929,2000,1984,1482,1893,1482,0,0.7470,0.9920,16.4727,405.7343,4.6532,0,True,19.67,True,0.32669034307563455,-0.943949367663738,0.04725474609341881,0.98,8.0000,1.04,0.4446,70.7413,1.0000,11.7890,0,1984,0,0,0.007253
338,19,900000000,19.900000000,4.322519456410719,-10.406198949807957,70.07865476850301,-0.008052888265004159,0.01117572847131919,-0.4566337515844427,0.8895481274206833,1480,1472,1457,1460,1457,0,0.9898,0.9946,21.1463,241.6694,1.4877,0,True,18.03,True,0.47320575640994755,-0.88038004319021,-0.03173785835391553,1.56,3.0000,2.22,0.9824,69.8357,1.0000,27.1133,0,1472,0,0,0.012943
339,19,933000000,19.933000000,3.627026156904491,-9.922061771864922,70.60959757453328,-0.005999793946366788,0.0038993896534769215,-0.44634233172086,0.8948336829528252,1452,1438,757,1435,757,0,0.5264,0.9904,19.5810,45.3560,1.3193,0,True,18.03,True,-0.8053286008386136,-0.2957408899716608,0.513792925866142,1.58,7.0000,1.66,0.7391,69.1422,1.0000,20.8208,0,1438,0,0,0.008341
340,19,966000000,19.966000000,2.8312527955481888,-9.42156058004457,70.95054231249253,-0.002397379543126176,0.002482740563257143,-0.4366011259581842,0.8996485677100073,752,736,713,736,713,0,0.9688,0.9787,18.1847,29.8590,1.1358,0,True,18.03,True,-0.8790580446570003,-0.33943371055283234,0.33472632143909364,1.32,0.0000,0.00,0.0000,67.9331,0.0000,36.3762,1,736,0,0,0.013111
341,19,999000000,19.999000000,1.9762013481045098,-9.685851033923292,71.39667859011747,0.0007572573123123634,0.0005485834456652419,-0.42720167399705583,0.904155880007247,707,694,693,694,693,0,0.9986,0.9816,19.9400,31.4955,1.1365,0,True,18.03,True,-0.32249603732423854,-0.8381176779810222,0.439948933134134,1.27,1.0000,0.00,0.0000,66.8395,0.0000,32.9652,1,694,0,0,0.010959
342,20,32000000,20.032000000,1.381213185476426,-10.44023601427937,71.67397335700933,0.0031892689919795552,-0.0017325065070291417,-0.41821613469940216,0.9083402950775614,690,674,673,674,673,0,0.9985,0.9768,21.3331,36.3293,1.1575,0,True,18.03,True,0.20450208603839573,-0.9384190037834991,0.27847561858074693,1.20,6.0000,0.00,0.0000,65.7904,0.0000,31.6710,1,674,0,0,0.010122
343,20,65000000,20.065000000,1.0356884644047577,-9.552940348163016,71.97945505534736,0.00715347197661618,-0.0035861784858673765,-0.406011039435531,0.9138331374047599,669,656,416,656,416,0,0.6341,0.9806,22.4798,35.8730,1.1355,0,True,18.03,True,-0.8986543722852268,0.3165919771133317,0.30362779714663213,1.61,3.0000,0.00,0.0000,64.4187,0.0000,41.4652,1,656,0,0,0.013004
344,20,98000000,20.098000000,0.1312857501588881,-9.38752237783158,72.37276488939187,0.012148497772133041,-0.00503910685652212,-0.3949873702909496,0.9185924007494343,415,401,217,401,217,0,0.5411,0.9663,26.0157,39.0207,1.4300,0,True,16.39,True,-0.7286710855937498,-0.5539161213160552,0.402759704496122,1.50,9.0000,0.00,0.0000,63.3247,0.0000,33.1185,1,401,0,0,0.010378
345,20,131000000,20.131000000,0.3766976570947417,-9.115552248023338,73.30325145266197,0.020361976091385865,-0.010654101117290444,-0.3829275234019584,0.9234924969268992,217,203,203,203,203,0,1.0000,0.9355,25.3946,34.7151,1.5892,0,True,16.39,True,-0.02888454599632972,0.38955534655155805,0.9205500067762107,1.88,5.0000,0.00,0.0000,61.9277,0.0000,42.3548,1,203,0,0,0.013499
346,20,164000000,20.164000000,-0.4301796699576943,-9.612282939433127,73.62295068522323,0.02397878283500305,-0.0126340873781199,-0.3735123093154751,0.9272291801920897,199,186,184,184,184,0,0.9892,0.9347,25.2454,37.2765,1.6367,0,True,16.39,True,-0.2172241794596631,-0.9063352600421133,0.36245006864735313,1.25,6.0000,0.00,0.0000,60.7123,0.0000,36.9103,1,186,0,0,0.012207
347,20,197000000,20.197000000,-0.9485967823423049,-10.425396004871885,73.88769743288896,0.02612754181680721,-0.015231745420441405,-0.36461806299135163,0.9306658979625785,181,173,172,172,172,0,0.9942,0.9558,24.9389,32.7301,1.6258,0,True,14.75,True,0.19156516359530565,-0.9298037731931753,0.31427333875535474,1.16,9.0000,0.00,0.0000,59.6145,0.0000,33.3905,1,173,0,0,0.011619
348,20,230000000,20.230000000,-1.1282358701962194,-11.240436318011058,73.33684437982215,0.02338160663692078,-0.009777868493881995,-0.36573099373334106,0.9303754801055408,167,161,161,161,161,0,1.0000,0.9641,24.3997,31.9450,1.5654,0,True,14.75,True,0.41688341170296306,-0.7518956336657271,-0.5107457069044362,0.71,8.0000,0.00,0.0000,58.4543,0.0000,35.3503,1,161,0,0,0.013199
349,20,263000000,20.263000000,-1.3211144134754247,-12.204368219678221,73.5202378270628,0.021830064491769715,-0.019901747816791868,-0.3615502574243921,0.9318845315136838,156,152,151,151,151,0,0.9934,0.9744,24.6665,33.2840,1.6659,0,True,14.75,True,0.5153865134626742,-0.8268901504821513,0.22500982373308537,1.28,0.0000,1.80,0.8179,57.6824,1.0000,23.5578,0,152,0,0,0.009499
350,20,296000000,20.296000000,-2.2993985382109843,-12.139499431570169,73.32338201277283,0.025429685368406563,-0.02729094072536424,-0.35101313089051,0.9356272321810809,146,139,109,139,109,0,0.7842,0.9521,24.0210,29.4781,1.4781,0,True,14.75,True,-0.7697116718160422,-0.6213573923258611,-0.1464886796723873,1.59,2.0000,2.14,0.9719,56.7700,1.0000,27.8967,0,139,0,0,0.012474
351,20,329000000,20.329000000,-3.262062431707638,-12.209422510240026,73.5848949019909,0.027701061340490607,-0.03518438119860396,-0.34108111229387805,0.9389666582774133,108,108,83,108,83,0,0.7685,1.0000,22.1021,25.4287,1.4839,0,True,14.75,True,-0.6692984819461207,-0.6661227094288614,0.32912015746193785,1.53,2.0000,2.17,0.9775,55.8609,1.0000,27.8649,0,108,0,0,0.014513
352,20,362000000,20.362000000,-3.262062431707638,-12.209422510240026,73.5848949019909,0.027701061340490607,-0.03518438119860396,-0.34108111229387805,0.9389666582774133,2000,0,0,0,0,0,0.0000,0.0000,0.0000,0.0000,0.0000,1,True,14.75,True,0.0,0.0,0.0,0.00,5.0000,1.73,0.7686,55.1577,1.0000,21.6198,0,2000,0,0,0.013940
353,20,395000000,20.395000000,-3.661816174546286,-13.090760703270192,73.83676775601215,0.028281835846452986,-0.03988803366451879,-0.33585601887631594,0.940643299617918,2000,1983,1847,1858,1847,0,0.9314,0.9915,15.1019,211.3407,4.2990,0,True,14.75,True,0.272369852085272,-0.911048446822322,0.30952445980516946,0.83,6.0000,0.99,0.4300,54.7734,1.0000,11.8575,0,1983,0,0,0.009658
354,20,428000000,20.428000000,-3.3732739888443346,-12.722299258067183,72.95303727081361,0.03199802919476741,-0.04350213264868238,-0.33039592596081335,0.9422962499613187,1840,1816,1077,1774,1077,0,0.5931,0.9870,12.2626,97.1690,2.1550,0,True,14.75,True,-0.06063862837107949,0.3957115346132733,-0.9163707427254987,0.88,3.0000,1.20,0.5045,54.3456,1.0000,13.2741,0,1816,0,0,0.015580
355,20,461000000,20.461000000,-3.4307741002298853,-13.714712443366963,72.84436433566512,0.03308850824302411,-0.04538032686069286,-0.32711895739093744,0.9433127605792969,1077,1021,848,1021,848,0,0.8306,0.9480,7.0445,12.2510,1.8895,0,True,13.11,True,0.5693599862434254,-0.819034678341744,-0.07079125467543565,0.47,2.0000,0.58,0.2372,54.1819,1.0000,5.1750,0,1021,0,0,0.012445
356,20,494000000,20.494000000,-3.1407079482310927,-13.771938187627352,71.8890702230179,0.03837922116605178,-0.04552701853727364,-0.3251347677014831,0.943791136214733,848,847,810,846,810,0,0.9563,0.9988,4.9171,41.2558,1.1078,0,True,13.11,True,0.20117393113976345,0.0452930873920446,-0.9785078362814833,0.65,1.0000,0.30,0.1314,54.1846,1.0000,0.0832,0,847,0,0,0.012516
357,20,527000000,20.527000000,-3.112872751751037,-13.71454735478564,70.89110654925885,0.045720523943915466,-0.04210103056085742,-0.3255355921611641,0.9434848780729279,810,810,810,810,810,0,1.0000,1.0000,3.5809,6.1475,1.2019,0,True,13.11,True,-0.07444261631686264,-0.03976736681048539,-0.996432061614268,0.93,11.0000,0.33,0.1365,54.3022,1.0000,3.4806,0,810,0,0,0.009197
358,20,560000000,20.560000000,-3.157714912880721,-13.489971973960488,69.91768214083648,0.05551462969945224,-0.03449235327980581,-0.32732026159789124,0.9426504388170844,810,810,810,810,810,0,1.0000,1.0000,6.9700,12.1557,1.2185,0,True,13.11,True,-0.22235071395190042,0.03800283077923286,-0.9742258182053302,1.44,1.0000,0.88,0.4100,54.7054,1.0000,12.1515,0,810,0,0,0.015547
359,20,593000000,20.593000000,-2.905249963450631,-13.453174604649927,68.95077604254095,0.05990117814119464,-0.0298619781344104,-0.3299185713121332,0.9416336057206952,810,810,810,810,810,0,1.0000,1.0000,7.7045,15.8665,1.2293,0,True,13.11,True,0.14718129497025756,0.06048333588035889,-0.98725854389398,0.80,1.0000,0.77,0.3651,55.0692,1.0000,11.0352,0,810,0,0,0.008980
360,20,626000000,20.626000000,-2.052370299793778,-13.258679461713864,68.46624748951766,0.06525573018126002,-0.021977903568079757,-0.3314731970574806,0.9409485538889761,804,796,793,793,793,0,0.9962,0.9900,14.9935,27.9608,1.4014,0,True,13.11,True,0.5360546139296468,0.6134165500710673,-0.579970332847851,1.11,4.0000,1.77,0.8356,55.9015,1.0000,25.3130,0,796,0,0,0.015409
361,20,659000000,20.659000000,-1.7188174748702392,-14.102178615819604,68.04523479373708,0.06779200011696432,-0.01537958734647657,-0.33685081502360276,0.9389884138961078,777,764,676,756,676,0,0.8848,0.9833,14.8689,31.7319,1.3798,0,True,13.11,True,0.789325941406713,-0.5016808565682916,-0.3539503868839693,1.04,2.0000,1.42,0.6717,56.5693,1.0000,20.3353,0,764,0,0,0.009752
362,20,692000000,20.692000000,-1.2222290713055366,-14.878099252231864,67.65620121750663,0.07030071380108487,-0.006229274995696009,-0.3424390151141903,0.9368855462113338,658,622,447,616,447,0,0.7186,0.9453,19.8950,38.5537,1.5120,0,True,11.48,True,0.8826545763369215,-0.3331577942677169,-0.33155208186672463,1.28,1.0000,1.95,0.9225,57.4850,1.0000,27.9060,0,622,0,0,0.011444
363,20,725000000,20.725000000,-0.7227160640329724,-15.44594414592181,67.00195437397143,0.0716374990113208,-0.00456118935065746,-0.3499539570570694,0.9340125760540964,405,402,344,400,344,0,0.8557,0.9926,12.5996,29.1339,1.0513,0,True,11.48,True,0.7710440884853679,-0.1979533139177127,-0.6052317730595145,0.95,6.0000,0.00,0.0000,58.9462,0.0000,44.5389,1,402,0,0,0.015400
364,20,758000000,20.758000000,-0.3670766180060566,-16.234925613268853,67.5029821462681,0.06947512918442826,-0.008368806743784412,-0.36039750704623785,0.93017031043425,337,331,330,330,330,0,0.9970,0.9822,15.2254,31.7354,1.2343,0,True,11.48,True,0.76395428590007,-0.28672931521399964,0.5780658689559738,1.37,7.0000,0.00,0.0000,60.2548,0.0000,39.8816,1,331,0,0,0.012000
365,20,791000000,20.791000000,0.21833604977249543,-16.682535649675096,66.82701079797528,0.07335201958741314,0.0016793526625507474,-0.3703362145645773,0.9259955449023833,317,262,218,246,218,0,0.8321,0.8265,28.1474,82.5839,2.2232,0,True,11.48,True,0.7572092536341556,-0.02664097388950656,-0.6526288414719532,1.75,2.0000,2.09,0.9898,61.2355,1.0000,29.8815,0,262,0,0,0.008268
366,20,824000000,20.824000000,0.6151525163253753,-17.210466818412794,66.0761277358759,0.07424778466424857,0.003907578559956256,-0.38129286461671724,0.921459575182019,194,188,180,184,180,0,0.9574,0.9691,18.9039,39.1481,1.3277,0,True,11.48,True,0.6930555050844146,-0.20625309713615808,-0.6907486712212548,1.39,7.0000,0.00,0.0000,63.2529,0.0000,61.4475,1,188,0,0,0.015507
367,20,857000000,20.857000000,0.4287836470537625,-16.512371031720132,65.38480370391378,0.08268909912023116,0.004779423667919088,-0.39818554455462196,0.9135578482525485,177,171,168,168,168,0,0.9825,0.9661,20.4378,39.4035,1.3392,0,True,9.84,True,-0.5781927342092728,0.2638109929825132,-0.77207313260415,2.35,5.0000,0.00,0.0000,64.4808,0.0000,37.3887,1,171,0,0,0.008771
368,20,890000000,20.890000000,0.6556404677311566,-17.17775279556993,64.67360535517534,0.08271002275132606,0.007428785624888047,-0.4108665237824887,0.9079055925125189,163,160,117,149,117,0,0.7312,0.9816,21.0816,37.8633,1.8210,0,True,9.84,True,0.6915132002990573,-0.3848058365586051,-0.6113378460087254,1.62,5.0000,0.00,0.0000,66.5872,0.0000,64.1058,1,160,0,0,0.014158
369,20,923000000,20.923000000,1.3382708946917643,-17.74803113939299,64.21666081723446,0.08521267676556343,0.015403295065121657,-0.4231218151682396,0.901925422498068,115,105,77,83,77,0,0.7333,0.9130,26.7688,61.3754,3.4477,0,True,9.84,True,0.9140627614593408,0.07434524690314875,-0.39870045444698715,1.83,5.0000,1.58,0.7399,67.3210,1.0000,22.3253,0,105,0,0,0.004727
370,20,956000000,20.956000000,1.3382708946917643,-17.74803113939299,64.21666081723446,0.08521267676556343,0.015403295065121657,-0.4231218151682396,0.901925422498068,2000,0,0,0,0,0,0.0000,0.0000,0.0000,0.0000,0.0000,1,True,11.48,True,0.0,0.0,0.0,0.00,3.0000,0.00,0.0000,70.5885,0.0000,99.3734,1,2000,0,0,0.020138
371,20,989000000,20.989000000,0.8387724427333341,-18.601682983955136,64.06908092440767,0.08383886070957115,0.017968478664861346,-0.43909100858792127,0.8943418056798159,2000,1968,1638,1764,1638,0,0.8323,0.9840,31.2366,901.5931,4.3743,0,True,9.84,True,0.3436413675052708,-0.9389063633378705,0.01911678379754717,2.05,5.0000,0.00,0.0000,72.2784,0.0000,51.3695,1,1968,0,0,0.009990
372,21,22000000,21.022000000,0.2909840217967543,-19.39049600824696,63.79033039329537,0.08234427529563337,0.02093086364816946,-0.4563811815008931,0.885718655355541,1637,1628,1535,1536,1535,0,0.9429,0.9945,24.6826,289.2014,2.6113,0,True,9.84,True,0.3104288597604699,-0.9428400775580558,-0.12118791679921817,2.25,7.0000,0.00,0.0000,74.3797,0.0000,63.8538,1,1628,0,0,0.012161
373,21,55000000,21.055000000,0.07316529951339729,-20.17291445626671,63.206912552960326,0.08170659302383146,0.02375837857432713,-0.47231863424380016,0.8773110507967105,1531,1518,1446,1505,1446,0,0.9526,0.9915,25.5836,311.0221,1.6238,0,True,9.84,True,0.568439921607072,-0.6966800128854743,-0.43762200032589893,2.09,2.0000,0.00,0.0000,75.6761,0.0000,39.3880,1,1518,0,0,0.007406
374,21,88000000,21.088000000,-0.6819303647294459,-20.823792175169164,63.12824405305098,0.08135209241474169,0.026066900438520897,-0.4875574450163608,0.8689016581698932,1441,1427,526,1418,526,0,0.3686,0.9903,24.3496,53.1781,1.5150,0,True,9.84,True,0.1288908562003735,-0.9900080837727341,0.05719389174180936,2.01,11.0000,0.00,0.0000,78.6743,0.0000,91.0637,1,1427,0,0,0.016961
375,21,121000000,21.121000000,-1.0336535669946778,-20.52894905235509,62.23978565677261,0.08545511111409193,0.030144410404537688,-0.5047967517470773,0.8584689731909014,523,518,517,517,517,0,0.9981,0.9904,20.7214,32.3604,1.1876,0,True,9.84,True,-0.32186555773510067,-0.2517563852509112,-0.9126999973864728,2.40,11.0000,0.00,0.0000,80.8508,0.0000,66.0917,1,518,0,0,0.012280
376,21,154000000,21.154000000,-1.5959163610359537,-20.713158587489566,63.045966404249526,0.08593358306545504,0.031651568347190566,-0.5200774990970024,0.8491954971946702,512,505,383,504,383,0,0.7584,0.9863,20.5827,34.7393,1.0992,0,True,8.20,True,-0.22726132906852098,-0.48410248249153065,0.8449834760251508,2.06,8.0000,0.00,0.0000,83.2277,0.0000,72.1642,1,505,0,0,0.013476
377,21,187000000,21.187000000,-2.3142495207651232,-21.184161004067647,62.53395644808548,0.08491209981536975,0.035609255158179684,-0.537057151737346,0.8385055348772563,382,380,380,380,380,0,1.0000,0.9948,19.8774,28.3883,1.2060,0,True,8.20,True,0.15845797044750076,-0.9055303341603158,-0.393580850038675,2.35,0.0000,0.00,0.0000,84.8308,0.0000,48.6638,1,380,0,0,0.009169
378,21,220000000,21.220000000,-2.8225190736293895,-20.663056226400364,63.21960349454852,0.08647026844869175,0.03666082071270365,-0.5520854877159347,0.8284808333042719,374,374,238,374,238,0,0.6364,1.0000,19.4899,31.8310,1.2190,0,True,8.20,True,-0.7834414509531393,-0.17645133905524515,0.5958896020858654,2.08,5.0000,0.00,0.0000,87.9333,0.0000,94.1747,1,374,0,0,0.018082
379,21,253000000,21.253000000,-3.370883906233893,-20.119577718367285,63.85515610580016,0.08705483891497609,0.038147007866109396,-0.5660419198661764,0.818878993360169,236,234,173,234,173,0,0.7393,0.9915,19.0857,25.2718,1.2278,0,True,8.20,True,-0.8056176336256003,-0.23573027999032234,0.5435176754137554,1.95,9.0000,0.00,0.0000,90.0181,0.0000,63.2745,1,234,0,0,0.012475
380,21,286000000,21.286000000,-4.299892457146961,-20.42068768614236,63.64003776711914,0.08481458927473569,0.042390415406032673,-0.5834392779209114,0.8066028434781192,170,170,170,170,170,0,1.0000,1.0000,18.5795,25.6272,1.2601,0,True,8.20,True,-0.019208411934469323,-0.9923711369897904,-0.12178080054157354,2.50,2.0000,0.00,0.0000,91.5254,0.0000,45.7473,1,170,0,0,0.009216
381,21,319000000,21.319000000,-4.464392542486586,-19.78654876399989,64.39555583397608,0.08604702587710103,0.04290488146576019,-0.5963648095317613,0.7969341845072656,167,165,114,165,114,0,0.6909,0.9880,17.8581,22.3506,1.1794,0,True,6.56,True,-0.7706513024021079,0.10328165332188442,0.6288318298186193,1.86,1.0000,0.00,0.0000,93.9390,0.0000,73.2494,1,165,0,0,0.015214
382,21,352000000,21.352000000,-5.042165992234069,-19.775567845802524,63.5794325220909,0.09206624206219724,0.05002860324004828,-0.6127705449176806,0.7832836045850082,114,113,113,113,113,0,1.0000,0.9912,16.9823,20.8712,1.1988,0,True,6.56,True,-0.03546167797175628,-0.6206129456565179,-0.7833147777738956,2.67,6.0000,0.00,0.0000,96.2211,0.0000,69.2599,1,113,0,0,0.014996
383,21,385000000,21.385000000,-5.4346037472907,-19.18361115157222,62.87545817556822,0.09816569200401967,0.05568032520651123,-0.6270034660043532,0.7707981914332681,113,113,113,113,113,0,1.0000,1.0000,16.0687,19.5317,1.1677,0,True,6.56,True,-0.5239529484913196,-0.3013282188396583,-0.7966646799615076,2.37,8.0000,0.00,0.0000,98.4592,0.0000,67.9229,1,113,0,0,0.015412
384,21,418000000,21.418000000,-5.717316407175748,-18.468046338795588,63.514238693944186,0.09868848633633072,0.05654699021652576,-0.6379467604331029,0.7616343948476887,112,112,112,112,112,0,1.0000,1.0000,15.1424,18.1564,1.1401,0,True,6.56,True,-0.8759697581430328,-0.08514183120149356,0.47479242980326986,1.64,7.0000,0.00,0.0000,100.3215,0.0000,56.5195,1,112,0,0,0.013457
385,21,451000000,21.451000000,-6.0261797920453635,-18.64534772748698,64.44867308278857,0.10006536879471675,0.053085118172941766,-0.6514054179467526,0.7502265482280394,111,111,111,111,111,0,1.0000,1.0000,14.2098,16.9080,1.1122,0,True,6.56,True,-0.08332077996722637,-0.260067447866593,0.9619888617784563,2.07,6.0000,0.00,0.0000,102.2136,0.0000,57.4202,1,111,0,0,0.014385
386,21,484000000,21.484000000,-6.993133725521424,-18.589671855257492,64.19987539834064,0.09971595812885402,0.05531583183188512,-0.6634068752301046,0.7395189005972868,111,111,111,111,111,0,1.0000,1.0000,13.2292,15.6004,1.0661,0,True,6.56,True,-0.14246519160368148,-0.9682142178340241,-0.2055842833617772,1.86,8.0000,0.00,0.0000,103.5468,0.0000,40.4605,1,111,0,0,0.010654
387,21,517000000,21.517000000,-7.350556424336352,-18.925039846198327,63.32822333184612,0.1012603894415368,0.054655974995893405,-0.6733511923358863,0.730313103885749,111,111,61,111,61,0,0.5495,1.0000,12.2077,14.3676,1.0510,0,True,6.56,True,0.47137596639263113,-0.4527300573368437,-0.7568620703213971,1.56,3.0000,0.00,0.0000,105.7483,0.0000,66.8099,1,111,0,0,0.018666
388,21,550000000,21.550000000,-7.350556424336352,-18.925039846198327,63.32822333184612,0.1012603894415368,0.054655974995893405,-0.6733511923358863,0.730313103885749,2000,0,0,0,0,0,0.0000,0.0000,0.0000,0.0000,0.0000,1,True,8.20,True,0.0,0.0,0.0,0.00,4.0000,0.00,0.0000,106.8090,0.0000,32.1914,1,2000,0,0,0.009612
389,21,583000000,21.583000000,-8.313328745095568,-18.65988247482013,63.2756778583616,0.10119467884302957,0.05561661821035146,-0.6827630183322081,0.721457614521181,2000,1928,1552,1777,1552,0,0.8050,0.9640,21.9810,584.4711,4.3933,0,True,6.56,True,-0.3304654928131327,-0.9421873481116702,-0.055457723700777534,1.48,0.0000,0.00,0.0000,108.9645,0.0000,65.4150,1,1928,0,0,0.020906
390,21,616000000,21.616000000,-9.250708144177091,-18.313048584230238,63.30771088063291,0.100786162095097,0.05704116490194431,-0.6919391341110824,0.712606967214309,1549,1545,1544,1544,1544,0,0.9994,0.9974,13.0318,435.1398,1.5141,0,True,6.56,True,-0.40241592689572503,-0.9154174743321893,0.008501145095224049,1.47,7.0000,0.00,0.0000,110.1780,0.0000,36.8274,1,1545,0,0,0.006452
391,21,649000000,21.649000000,-10.031108056447307,-18.001582979410717,62.76552534602041,0.10218317037191349,0.05820603754189983,-0.7003773477246309,0.7040186273676478,1539,1535,1534,1534,1534,0,0.9993,0.9974,11.3689,26.4596,1.4057,0,True,6.56,True,-0.21191709950944407,-0.8067635322260026,-0.551564815779368,1.40,2.0000,0.00,0.0000,111.7217,0.0000,46.8493,1,1535,0,0,0.024173
392,21,682000000,21.682000000,-10.89182331050103,-17.788556658775338,63.22789861314968,-0.1058884722210685,-0.06309910028517543,0.708034675445001,-0.6953366331219587,1533,1513,1503,1503,1503,0,0.9934,0.9870,13.2991,155.0499,1.7038,0,True,6.56,True,-0.3220915189722454,-0.8306256131104565,0.4542225712698899,1.50,14.0000,1.85,0.8747,112.5927,1.0000,26.4329,0,1513,0,0,0.006450
393,21,715000000,21.715000000,-11.39335061130039,-17.167342853446403,63.83003130170068,-0.10618627223308484,-0.06206496245008966,0.7137133876135334,-0.6895546507467877,1470,1466,1260,1448,1260,0,0.8595,0.9973,8.8132,57.1998,1.3387,0,True,6.56,True,-0.7411873134838334,-0.48122453323668335,0.46804306953714614,0.94,8.0000,0.00,0.0000,113.8887,0.0000,39.3298,1,1466,0,0,0.022174
394,21,748000000,21.748000000,-11.753783556978307,-16.526618195527153,64.50793985335363,-0.1068730403241443,-0.06034511137228169,0.7185755016964931,-0.6845333221596842,1259,1257,1001,1254,1001,0,0.7963,0.9984,7.1018,18.1870,1.1695,0,True,6.56,True,-0.7734471936767849,-0.3467821247463714,0.5305860877839695,0.83,8.0000,0.00,0.0000,114.9951,0.0000,33.5742,1,1257,0,0,0.016972
395,21,781000000,21.781000000,-11.99533492157146,-15.878157403206666,65.2298481155908,-0.11392564356513274,-0.06373252147926799,0.721056153906793,-0.6804683213473705,1000,989,793,987,793,0,0.8018,0.9890,12.0767,27.5937,1.4254,0,True,6.56,True,-0.7904401370384362,-0.23374796278596388,0.5661857289371307,1.05,5.0000,2.04,0.9655,115.9520,1.0000,29.0349,0,989,0,0,0.009828
396,21,814000000,21.814000000,-12.883314066726138,-15.484096435093766,65.46693247015746,-0.11851363202606814,-0.06804891319091093,0.7248574734391156,-0.6752077514639382,738,728,721,721,721,0,0.9904,0.9864,9.4241,20.2696,1.5904,0,True,6.56,True,-0.39789520136239515,-0.8952406177239662,0.20055833343441637,1.04,7.0000,1.71,0.8048,116.7473,1.0000,24.1297,0,728,0,0,0.022536
397,21,847000000,21.847000000,-13.816487109330309,-15.133706296588668,65.54702506279402,-0.12260991009132637,-0.07253073836430218,0.728378132455814,-0.6702025052921742,638,626,624,624,624,0,0.9968,0.9812,8.3732,16.7815,1.6500,0,True,4.92,True,-0.3023698461075757,-0.951234687305805,0.06103315354058473,0.99,5.0000,1.61,0.7528,117.4876,1.0000,22.4573,0,626,0,0,0.017076
398,21,880000000,21.880000000,-13.826588765837588,-15.503240119014189,66.47618743322202,-0.12770205806282783,-0.06744589421411436,0.7318563760122642,-0.665980090250731,532,531,495,529,495,0,0.9322,0.9981,4.2398,12.6397,1.5070,0,True,4.92,True,0.09864061456961216,0.07816568073323371,0.9920484642963969,1.04,1.0000,1.00,0.4619,117.9391,1.0000,13.6952,0,531,0,0,0.012108
399,21,913000000,21.913000000,-13.944585480862019,-14.614630651305985,66.03296064122635,-0.14289627590046342,-0.07803013221737527,0.7320591509722458,-0.6614993214491699,438,435,429,429,429,0,0.9862,0.9932,6.9659,15.3817,1.8946,0,True,4.92,True,-0.7187694254587862,-0.24096648868376977,-0.6521546322438115,2.18,10.0000,1.35,0.6270,118.5456,1.0000,18.3918,0,435,0,0,0.019849
400,21,946000000,21.946000000,-14.046279611740957,-14.983738308245513,66.95676681209413,-0.14605910740839206,-0.0715983219717437,0.734415233441842,-0.6589193291461852,359,359,359,359,359,0,1.0000,1.0000,3.5986,10.4797,1.2122,0,True,4.92,True,0.06915257858351119,0.009930152412448432,0.9975566715471943,0.91,3.0000,0.65,0.2959,118.8271,1.0000,8.5361,0,359,0,0,0.011500
401,21,979000000,21.979000000,-13.975478903731847,-14.382109938084412,67.75239899090712,-0.15005758173248215,-0.0694258746313799,0.7328357063197241,-0.6600110587248812,332,332,262,332,262,0,0.7892,1.0000,5.8941,13.0999,1.5256,0,True,4.92,True,-0.821761152183541,0.06643999368972157,0.5659455238806019,0.57,8.0000,0.88,0.3908,119.1857,1.0000,10.8682,0,332,0,0,0.019868
402,22,12000000,22.012000000,-14.318975168801364,-15.029264939045804,68.43298750139928,-0.14637575848616527,-0.055884066942819256,0.7378652643728862,-0.6565104416697887,222,222,222,222,222,0,1.0000,1.0000,5.7918,7.5502,1.1289,0,True,4.92,True,0.4292536092041517,-0.19678829106278767,0.8814849445599151,1.75,5.0000,0.54,0.2272,119.3719,1.0000,5.6420,0,222,0,0,0.016985
403,22,45000000,22.045000000,-14.666276565476497,-14.45285954706893,69.17267565458783,-0.1479296617227876,-0.05255658957973194,0.7363613342747857,-0.6581235487804601,216,216,201,216,201,0,0.9306,1.0000,7.0694,9.1254,1.5884,0,True,4.92,True,-0.7300261786027269,-0.33693360430192054,0.5945902159023612,0.49,7.0000,0.37,0.1569,119.4495,1.0000,2.3462,0,216,0,0,0.018397
404,22,78000000,22.078000000,-15.441988570352125,-13.829762618504919,69.27278111450849,-0.14895198050030248,-0.05033055204908545,0.7354081455286768,-0.6591320069041892,201,201,201,201,201,0,1.0000,1.0000,8.0925,10.4901,1.7681,0,True,4.92,True,-0.5531727027609792,-0.8320594009724038,0.040952584455170055,0.32,6.0000,0.26,0.1180,119.4157,1.0000,1.0310,0,201,0,0,0.016041
405,22,111000000,22.111000000,-16.12003361560327,-13.12735508078686,69.05626652477557,-0.1506403887908913,-0.04894472404737756,0.7342983805627884,-0.6600892178756758,201,201,201,201,201,0,1.0000,1.0000,8.9783,11.5919,1.7264,0,True,4.92,True,-0.5498282974145139,-0.7825117812335991,-0.2921714489693969,0.30,3.0000,0.33,0.1356,119.3156,1.0000,3.0424,0,201,0,0,0.013432
406,22,144000000,22.144000000,-16.816934555836774,-12.495148828795315,68.7176748319589,-0.15165844466951578,-0.0479868406642591,0.7329606387997591,-0.6614118847236838,201,201,201,201,201,0,1.0000,1.0000,10.4229,13.3899,0.8956,0,True,4.92,True,-0.44878845368557563,-0.8071044712258658,-0.38362911303200814,0.27,5.0000,0.52,0.2302,119.1106,1.0000,6.2218,0,201,0,0,0.015980
407,22,177000000,22.177000000,-17.589550916968967,-11.9418928035653,69.02907767243653,-0.1504060052402751,-0.04362329965282528,0.7305650077694363,-0.6646426188094663,201,201,201,201,201,0,1.0000,1.0000,11.5795,14.8868,1.0088,0,True,4.92,True,-0.5562808331354776,-0.7864369931059005,0.2684557515879457,0.70,3.0000,0.71,0.3233,118.8040,1.0000,9.3022,0,201,0,0,0.016549
408,22,210000000,22.210000000,-18.5446266771056,-11.678559941031692,69.1650412554626,-0.14643623546370985,-0.04060360345758891,0.7299113936332113,-0.6664361438081664,201,200,200,200,200,0,1.0000,0.9950,12.3593,15.6183,1.0448,0,True,4.92,True,-0.2219833448988094,-0.9511937592975632,0.21436843718445467,0.61,7.0000,0.83,0.3868,118.4278,1.0000,11.4127,0,200,0,0,0.015550
409,22,243000000,22.243000000,-18.85603138983115,-12.03965237821322,70.04404032070819,-0.14436229630924616,-0.02685957803919975,0.7290917249218648,-0.6684783819409101,200,200,198,198,198,0,0.9900,1.0000,14.1690,40.7128,1.4017,0,True,4.92,True,0.13296641033687367,-0.14804754920035043,0.9800009473964277,1.61,3.0000,1.20,0.5590,117.8773,1.0000,16.6937,0,200,0,0,0.018422
410,22,276000000,22.276000000,-18.73253024385965,-12.157673997355483,71.02934147485283,-0.14358860605437143,-0.01626237564347882,0.7255904664438898,-0.6727825223320916,198,198,174,194,174,0,0.8788,1.0000,15.7311,66.1919,1.5519,0,True,4.92,True,-0.13664401489019387,0.2852931828057848,0.9486496787746431,1.37,3.0000,1.49,0.7023,117.1809,1.0000,21.1132,0,198,0,0,0.011858
411,22,309000000,22.309000000,-19.452331349240474,-11.605349841993371,71.44984640478359,-0.1408105559708238,-0.010705933334537242,0.7213855797173907,-0.6779827547175725,174,174,174,174,174,0,1.0000,1.0000,13.9433,15.9101,1.3222,0,True,4.92,True,-0.594990559828397,-0.6868314165537528,0.4174312385888913,1.05,13.0000,1.02,0.4814,116.7022,1.0000,14.5126,0,174,0,0,0.018868
412,22,342000000,22.342000000,-20.077436730242063,-11.05706620453963,72.00538966641436,-0.14130203220163653,-0.007357862461459026,0.7159898696523266,-0.6836213163081811,174,174,174,174,174,0,1.0000,1.0000,14.9110,21.8367,1.0461,0,True,4.92,True,-0.6299471401095501,-0.5599644747307324,0.5381508967820586,0.97,0.0000,0.00,0.0000,115.7015,0.0000,30.3376,1,174,0,0,0.021483
413,22,375000000,22.375000000,-20.61925584688234,-10.563616256884664,71.32499331574627,-0.14255762981975637,-0.006551713928999534,0.7114417380521161,-0.6881025000551517,173,169,167,167,167,0,0.9882,0.9769,15.6969,29.2253,1.6167,0,True,3.28,True,-0.32375305511274693,-0.687990970375859,-0.6495016427896441,0.75,8.0000,0.76,0.3477,115.3548,1.0000,10.5083,0,169,0,0,0.006737
414,22,408000000,22.408000000,-21.042976686011883,-10.600672051929298,70.41995877577503,-0.14381326371836683,-0.00739578558536148,0.7060682964416419,-0.6933473936593723,167,167,167,167,167,0,1.0000,1.0000,17.5422,24.3087,1.0893,0,True,3.28,True,0.23319938765754009,-0.5828106866667402,-0.7784277417353465,0.88,9.0000,0.00,0.0000,114.0385,0.0000,39.8952,1,167,0,0,0.023526
415,22,441000000,22.441000000,-21.672255060521604,-9.930863466113832,70.81412268297899,0.137800470075642,-0.0010063106062772893,-0.6991464771950291,0.7015726770703634,167,164,145,145,145,0,0.8841,0.9820,28.2597,144.7184,2.6557,0,True,3.28,True,-0.7402545408097433,-0.5687165929347151,0.35858702114171054,1.71,14.0000,2.03,0.9649,113.0750,1.0000,29.2031,0,164,0,0,0.015569
416,22,474000000,22.474000000,-22.229229033735532,-9.22847730169338,71.25733106420955,0.13260560731190638,-0.009760118925832098,-0.6918448951699404,0.7096979174376153,145,145,145,145,145,0,1.0000,1.0000,18.8397,22.0266,1.6661,0,True,3.28,True,-0.7864811465148133,-0.47086937027030756,0.3996616598048767,1.71,7.0000,2.01,0.9512,112.1248,1.0000,28.7973,0,145,0,0,0.014342
417,22,507000000,22.507000000,-22.80350831108091,-8.552409666693087,71.71899746380647,0.12845750580397938,-0.017831539147759482,-0.6838775604432827,0.7179778462713085,145,143,137,137,137,0,0.9580,0.9862,20.8005,116.9600,2.1860,0,True,3.28,True,-0.7683758435882048,-0.4642344975740497,0.440550671605758,1.68,6.0000,1.69,0.8049,111.3206,1.0000,24.3717,0,143,0,0,0.011477
418,22,540000000,22.540000000,-23.334711113118775,-8.26651561043053,70.92144610389236,0.13162367562143304,-0.017423033593088548,-0.6761635184594906,0.7246892728754857,137,136,136,136,136,0,1.0000,0.9927,21.0145,30.3616,1.6492,0,True,3.28,True,-0.1963459372920347,-0.676744427458697,-0.7095528541359781,1.23,9.0000,0.00,0.0000,109.5205,0.0000,54.5544,1,136,0,0,0.024006
419,22,573000000,22.573000000,-24.090807676998512,-7.655413735258338,71.15569486963145,0.12596381447424657,-0.0257530373096301,-0.6676086250870908,0.7333270908822,136,136,114,115,114,0,0.8382,1.0000,24.7147,86.5534,2.9868,0,True,3.28,True,-0.7017407125714531,-0.6561725708846633,0.277484287011572,1.81,0.0000,1.99,0.9436,108.5774,1.0000,28.5820,0,136,0,0,0.011845
420,22,606000000,22.606000000,-24.942189467546292,-7.278034734529451,71.5200218334051,0.12575635696617302,-0.0286013795760892,-0.6580004732396287,0.7418912838046863,114,114,110,114,110,0,0.9649,1.0000,21.9027,32.2699,1.7814,0,True,3.28,True,-0.5108028890870464,-0.7192654703781334,0.470890211856277,1.51,9.0000,0.00,0.0000,106.8881,0.0000,51.1945,1,114,0,0,0.020109
421,22,639000000,22.639000000,-25.201119468912808,-6.362908742125547,71.82905204619844,0.12348571947241943,-0.03734024198481863,-0.6463713957707202,0.7520378994068752,110,100,93,94,93,0,0.9300,0.9091,24.3602,129.2530,3.0687,0,True,3.28,True,-0.9723674042514477,-0.08789632892853687,0.2162772907870545,2.05,5.0000,2.02,0.9565,105.9319,1.0000,28.9786,0,100,0,0,0.010907
422,22,672000000,22.672000000,-25.201119468912808,-6.362908742125547,71.82905204619844,0.12348571947241943,-0.03734024198481863,-0.6463713957707202,0.7520378994068752,2000,0,0,0,0,0,0.0000,0.0000,0.0000,0.0000,0.0000,1,True,4.92,True,0.0,0.0,0.0,0.00,7.0000,0.00,0.0000,104.0227,0.0000,57.8589,1,2000,0,0,0.020851
423,22,705000000,22.705000000,-26.17182976734852,-6.364396837836544,71.58880362875934,0.12319517418187724,-0.03893323406718082,-0.6365399079313466,0.7603447231053293,2000,1975,1885,1935,1885,0,0.9544,0.9875,23.8158,213.0474,2.2390,0,True,4.92,True,-0.1305660702777963,-0.9911826807790864,-0.02256977216981692,1.49,6.0000,0.00,0.0000,102.6246,0.0000,42.3695,1,1975,0,0,0.014629
424,22,738000000,22.738000000,-27.13242418560566,-6.411564980080668,71.31488113977669,0.12285517832464973,-0.04039990552425682,-0.6264340411417191,0.7686708299989694,1875,1857,1787,1791,1787,0,0.9623,0.9904,25.7532,259.7951,2.0387,0,True,4.92,True,-0.10639527503025496,-0.9930279686493513,-0.05074937370430865,1.51,5.0000,0.00,0.0000,101.0064,0.0000,49.0415,1,1857,0,0,0.016345
425,22,771000000,22.771000000,-28.116454644356395,-6.242871925531259,71.25807700614537,0.12321328006534608,-0.042523677756619485,-0.6152036047882885,0.7775183271801928,1779,1754,1544,1720,1544,0,0.8803,0.9859,26.1009,286.1869,1.7877,0,True,4.92,True,-0.36743049071590467,-0.9202956149762526,0.13435332354560636,1.66,4.0000,0.00,0.0000,99.4356,0.0000,47.6042,1,1754,0,0,0.015366
426,22,804000000,22.804000000,-28.984575369741524,-6.582945765586889,70.89653006663875,0.1224814732801529,-0.04389700605877923,-0.6049554880338432,0.7855572538395487,1533,1499,1489,1490,1489,0,0.9933,0.9778,26.1138,230.3106,1.5118,0,True,4.92,True,0.15194755299365056,-0.9819213999200908,-0.11288182102628817,1.50,3.0000,0.00,0.0000,97.8713,0.0000,47.4075,1,1499,0,0,0.014883
427,22,837000000,22.837000000,-29.941073941776985,-6.757360457955152,71.1303889915918,0.12118154424960989,-0.04721912663467967,-0.5944024187989002,0.7935812194975097,1484,1441,1414,1414,1414,0,0.9813,0.9710,26.3401,46.4483,1.6330,0,True,4.92,True,-0.10358921573636763,-0.8829203958320484,0.45795288950600926,1.57,12.0000,0.00,0.0000,96.7124,0.0000,35.1229,1,1441,0,0,0.010780
428,22,870000000,22.870000000,-30.854594401518362,-6.930677652720692,70.76236518851312,0.12127828633064444,-0.04916291630591891,-0.5820409530159144,0.8025602244924213,1407,1372,1307,1329,1307,0,0.9526,0.9751,26.6909,90.8165,1.9139,0,True,4.92,True,-0.07299741875583274,-0.988571334091842,-0.13190183572210568,1.76,11.0000,0.00,0.0000,94.9651,0.0000,52.9575,1,1372,0,0,0.015937
429,22,903000000,22.903000000,-31.566595007533625,-7.3786064514035345,70.22161115168635,0.12129944952386003,-0.05138798254307569,-0.5685506189725807,0.8120319651720963,1294,1257,1041,1217,1041,0,0.8282,0.9714,27.0046,238.6732,1.8129,0,True,4.92,True,0.23133983210454148,-0.9241678507699385,-0.303966553563242,1.91,3.0000,0.00,0.0000,93.0340,0.0000,58.5281,1,1257,0,0,0.010404
430,22,936000000,22.936000000,-31.57509532983779,-7.2642696368575095,69.22820547555993,0.12497970329270561,-0.05509725236765099,-0.5550643164998158,0.8205168926323181,1037,1031,460,1004,460,0,0.4462,0.9942,25.6131,44.9545,1.5571,0,True,4.92,True,-0.05584652851028421,-0.22443640466293416,-0.972887180260551,1.92,11.0000,0.00,0.0000,91.4477,0.0000,48.0776,1,1031,0,0,0.020728
431,22,969000000,22.969000000,-32.19363238763396,-7.029788433067756,69.978159122929,0.12673588158716245,-0.06045017977438377,-0.5415101127060794,0.8288851488117148,460,456,396,456,396,0,0.8684,0.9913,22.3928,28.1395,1.1669,0,True,3.28,True,-0.4867000348824423,-0.2725402692281992,0.8299667931275625,1.94,5.0000,0.00,0.0000,90.3328,0.0000,33.7921,1,456,0,0,0.009658
432,23,2000000,23.002000000,-32.478712960738065,-6.151501218051349,70.36200887840288,0.1278421175253722,-0.06378733987049649,-0.5261336216958548,0.8383143684681051,396,394,285,394,285,0,0.7234,0.9949,22.1579,30.3002,1.1033,0,True,3.28,True,-0.931921985023611,0.18921528124797923,0.30938485931263804,2.11,12.0000,0.00,0.0000,87.8927,0.0000,73.9605,1,394,0,0,0.020860
433,23,35000000,23.035000000,-31.944196733720425,-6.916621101194733,70.00300474545524,0.12845689988973705,-0.06763019814037374,-0.5106902658715181,0.847419868491582,285,285,231,285,231,0,0.8105,1.0000,21.6779,24.8564,1.1187,0,True,3.28,True,0.9315550768855668,0.04523392398004065,-0.3607755962507631,2.10,11.0000,0.00,0.0000,86.1936,0.0000,51.5022,1,285,0,0,0.014360
434,23,68000000,23.068000000,-32.827728584995754,-7.384049447224313,70.0327067506069,0.1264920199790697,-0.07036866430221062,-0.4988477476453492,0.8545167901422999,231,231,231,231,231,0,1.0000,1.0000,21.6977,25.2251,1.0713,0,True,3.28,True,-0.002385120826977899,-0.9490480439043456,0.3151223913973361,1.63,6.0000,0.00,0.0000,84.4440,0.0000,53.0369,1,231,0,0,0.014691
435,23,101000000,23.101000000,-32.12685791563723,-7.863150959013183,69.5042731727236,0.12672714968554474,-0.07347877762177571,-0.4828614061681579,0.863357377454491,231,231,74,231,74,0,0.3203,1.0000,21.7803,26.1707,1.1043,0,True,3.28,True,0.7652313155993804,0.20839069181751343,-0.6090930579064741,2.12,8.0000,0.00,0.0000,82.3756,0.0000,62.7053,1,231,0,0,0.017291
436,23,134000000,23.134000000,-32.12685791563723,-7.863150959013183,69.5042731727236,0.12672714968554474,-0.07347877762177571,-0.4828614061681579,0.863357377454491,2000,0,0,0,0,0,0.0000,0.0000,0.0000,0.0000,0.0000,1,True,4.92,True,0.0,0.0,0.0,0.00,2.0000,0.00,0.0000,81.1156,0.0000,38.2000,1,2000,0,0,0.010514
437,23,167000000,23.167000000,-33.01738648438281,-8.235339529202879,69.24267321770051,0.12595339008814807,-0.07576159062420397,-0.468145304822809,0.8713414362256351,2000,1947,1356,1850,1356,0,0.6965,0.9735,26.2460,566.4457,4.0702,0,True,4.92,True,-0.14957645183568835,-0.9883914038328985,0.026633022462320105,1.94,7.0000,0.00,0.0000,78.8835,0.0000,67.6764,1,1947,0,0,0.018647
438,23,200000000,23.200000000,-33.7577208222193,-8.906879338509802,69.21202435579299,0.12337178596884048,-0.07837196584041194,-0.45694836258895877,0.8774026620226527,1346,1319,1295,1303,1295,0,0.9818,0.9799,25.2650,51.0867,1.3849,0,True,4.92,True,0.15291344774870036,-0.954641787380464,0.2554927303948955,1.52,6.0000,0.00,0.0000,77.3194,0.0000,47.4274,1,1319,0,0,0.013120
439,23,233000000,23.233000000,-34.615493106531225,-9.420806027879289,69.22232320135954,0.12222869005749058,-0.08088223049886512,-0.4437306461576415,0.8840935051095445,1289,1265,1225,1230,1225,0,0.9684,0.9814,24.4229,46.5703,1.4517,0,True,4.92,True,-0.06673803075214291,-0.9519191729505726,0.2989915106159765,1.73,2.0000,0.00,0.0000,75.5895,0.0000,52.4574,1,1265,0,0,0.014602
440,23,266000000,23.266000000,-35.55033819491258,-9.766634044532328,69.30274486278903,0.12244411872007625,-0.083607377363033,-0.428050941845978,0.8915097506063019,1220,1212,421,1178,421,0,0.3474,0.9934,23.6243,51.3908,1.5119,0,True,4.92,True,-0.27352558757018475,-0.8911505209463001,0.3619868809246035,2.01,3.0000,0.00,0.0000,73.8242,0.0000,53.5345,1,1212,0,0,0.015048
441,23,299000000,23.299000000,-34.87051408067395,-10.34443050988092,68.85109187837475,0.12277888833796807,-0.08644382795746981,-0.41184233586014724,0.8987984755103948,413,412,244,411,244,0,0.5922,0.9976,24.0915,39.1423,1.0258,0,True,4.92,True,0.8540273751479939,0.02527114646233892,-0.5196139063326798,2.06,2.0000,0.00,0.0000,72.1069,0.0000,52.0840,1,412,0,0,0.014829
442,23,332000000,23.332000000,-35.63679722949972,-9.869834097383947,69.28418353272825,0.12310175383352345,-0.08909806018544349,-0.3947017662351456,0.9061556210746353,238,238,117,238,117,0,0.4916,1.0000,22.9105,32.6762,1.0265,0,True,4.92,True,-0.8328170902713942,-0.1253191933797269,0.5391760324073606,2.16,1.0000,0.00,0.0000,70.4658,0.0000,49.7787,1,238,0,0,0.014395
443,23,365000000,23.365000000,-35.38350239209744,-10.238608144357375,70.17852542911027,0.12139866002672359,-0.15392436538785959,-0.3835790209047151,0.9024615170772884,115,113,113,113,113,0,1.0000,0.9826,24.8871,33.5421,1.2702,0,True,4.92,True,0.49973683991032924,0.19536560779215595,0.8438574347177604,7.55,1.0000,0.00,0.0000,68.9053,0.0000,47.3341,1,113,0,0,0.013942
444,23,398000000,23.398000000,-36.27511790366309,-9.924786017845024,70.50492618347029,0.12080484306540193,-0.15628312644533557,-0.36763586875708215,0.9087494936909953,112,105,51,104,51,0,0.4857,0.9375,24.7744,33.5383,1.2866,0,True,4.92,True,-0.7557081544515175,-0.26168365300383684,0.6003556038266393,1.98,7.0000,0.00,0.0000,67.6360,0.0000,38.5057,1,105,0,0,0.011559
445,23,431000000,23.431000000,-36.27511790366309,-9.924786017845024,70.50492618347029,0.12080484306540193,-0.15628312644533557,-0.36763586875708215,0.9087494936909953,2000,0,0,0,0,0,0.0000,0.0000,0.0000,0.0000,0.0000,1,True,6.56,True,0.0,0.0,0.0,0.00,7.0000,0.00,0.0000,65.8788,0.0000,53.3094,1,2000,0,0,0.016386
446,23,464000000,23.464000000,-36.537423477817555,-10.863219373781545,70.28011821601093,0.11851966235974225,-0.15805967224661116,-0.3559667068215737,0.9133772130275806,2000,1910,1616,1776,1616,0,0.8461,0.9550,22.0581,254.9392,4.6429,0,True,6.56,True,0.4400002840071707,-0.8979271597483267,-0.011250149328425847,1.48,8.0000,0.00,0.0000,64.3889,0.0000,45.2013,1,1910,0,0,0.014326
447,23,497000000,23.497000000,-36.76196071459286,-11.816278612394134,70.07698988958525,0.11637271531229058,-0.15976968358614863,-0.3445664966545075,0.9177172596834309,1613,1584,1522,1555,1522,0,0.9609,0.9820,21.5171,48.6780,1.8516,0,True,6.56,True,0.45752180721039176,-0.8891875311458872,-0.004396632986623843,1.43,10.0000,0.00,0.0000,62.9679,0.0000,43.1175,1,1584,0,0,0.014113
448,23,530000000,23.530000000,-36.7752745982533,-12.673018981291124,69.56141382264252,0.11460355602639712,-0.159863042395659,-0.33428121978292097,0.9217189911912148,1516,1496,1486,1487,1486,0,0.9933,0.9868,20.9451,59.9887,1.3115,0,True,6.56,True,0.4543696113907039,-0.8049159947411549,-0.3816523256244059,1.28,11.0000,0.00,0.0000,61.5796,0.0000,42.1262,1,1496,0,0,0.014300
449,23,563000000,23.563000000,-37.19454566941726,-13.570014020270182,69.7014554911986,0.11181433006165044,-0.1624876295031819,-0.3250400206979899,0.9249023250029981,1479,1463,1457,1458,1457,0,0.9959,0.9892,20.2038,62.9383,1.2447,0,True,4.92,True,0.312020628831948,-0.871415239748975,0.3785216071990504,1.20,3.0000,0.00,0.0000,60.3518,0.0000,37.2579,1,1463,0,0,0.013155
450,23,596000000,23.596000000,-37.51410155756869,-14.51404576913162,69.6196747386381,0.10966287501677743,-0.1640698464626315,-0.31565322897770376,0.9281261651094276,1453,1429,1427,1427,1427,0,0.9986,0.9835,19.3693,41.4746,1.2745,0,True,4.92,True,0.34811674474943116,-0.9270287867091436,0.13940000228706234,1.18,2.0000,0.00,0.0000,59.2847,0.0000,32.3830,1,1429,0,0,0.011890
451,23,629000000,23.629000000,-37.92880320355932,-15.40090584059466,69.8233945424305,0.10802563689855091,-0.16669355239020728,-0.3070055136240072,0.9307477294995972,1417,1395,1389,1389,1389,0,0.9957,0.9845,18.4702,41.4149,1.2512,0,True,4.92,True,0.2897575676274494,-0.8542948083638279,0.4315332344156524,1.09,8.0000,0.00,0.0000,57.8341,0.0000,44.0243,1,1395,0,0,0.017047
452,23,662000000,23.662000000,-38.01225904317331,-16.39602125219248,69.77066466062887,0.10607683046061034,-0.16814743891085596,-0.29814440821444155,0.9335866626498106,1388,1361,1351,1352,1351,0,0.9927,0.9805,17.7140,108.3271,1.3217,0,True,4.92,True,0.5285857058194724,-0.8449952547520794,0.08111825349327205,1.10,7.0000,0.00,0.0000,56.6247,0.0000,36.7065,1,1361,0,0,0.015145
453,23,695000000,23.695000000,-38.20023479459305,-17.351739314583167,69.99708926639944,0.10468930306053352,-0.17040685078752604,-0.289892633493452,0.9359294396884889,1341,1330,1323,1323,1323,0,0.9947,0.9918,16.6897,42.7352,1.2344,0,True,4.92,True,0.4789680707133592,-0.7946914697969312,0.3729008649347913,1.03,6.0000,0.00,0.0000,55.6324,0.0000,30.1207,1,1330,0,0,0.013241
454,23,728000000,23.728000000,-38.11427065675615,-18.342804805468255,69.89511201509973,0.10171930332496365,-0.17581991468045097,-0.2822834039239881,0.9375801943310929,1310,1280,1211,1246,1211,0,0.9461,0.9771,17.1536,230.2312,1.9043,0,True,4.92,True,0.6133350894998684,-0.7892466902979284,-0.03016172809960263,1.14,3.0000,1.14,0.5412,55.0924,1.0000,16.3915,0,1280,0,0,0.007600
455,23,761000000,23.761000000,-37.7510804125954,-18.44788764216564,68.96934182548566,0.10538510243661234,-0.1725056642286672,-0.27388785265591103,0.940277203893078,1211,1211,1209,1209,1209,0,0.9983,1.0000,14.7797,29.9591,1.0002,0,True,4.92,True,0.0901837156819085,-0.17538127552741542,-0.9803613138125052,1.16,4.0000,0.00,0.0000,53.6693,0.0000,43.1989,1,1211,0,0,0.021710
456,23,794000000,23.794000000,-37.410411831885654,-18.339483931130072,68.03542879230167,0.10822268543306168,-0.17680704415227527,-0.2664123803783512,0.9413031196574951,1209,1167,1111,1137,1111,0,0.9520,0.9653,17.4399,497.3191,1.9672,0,True,4.92,True,-0.03954786490685847,-0.020523860373924157,-0.9990068756203132,1.05,3.0000,1.75,0.8260,52.8451,1.0000,25.0163,0,1167,0,0,0.014085
457,23,827000000,23.827000000,-37.49413817115129,-19.328557324962276,67.91408744845543,0.10435895206672358,-0.1825557122198753,-0.2647990859405118,0.9410972665694545,1111,1110,1109,1109,1109,0,0.9991,0.9991,12.7997,58.0308,1.1448,0,True,4.92,True,0.43392124221957185,-0.9004471530573138,0.03012109064429793,0.82,4.0000,1.35,0.6351,52.2115,1.0000,19.2322,0,1110,0,0,0.011926
458,23,860000000,23.860000000,-37.54358076886998,-20.324401387029834,67.99057296064959,0.1019524146576435,-0.18893121988218195,-0.2602377408309234,0.9413750674128372,1109,1100,1081,1095,1081,0,0.9827,0.9919,12.4756,279.8984,1.2567,0,True,4.92,True,0.5171165545538725,-0.8348388851265707,0.18877103826317274,0.94,7.0000,1.40,0.6665,51.5467,1.0000,20.1800,0,1100,0,0,0.013933
459,23,893000000,23.893000000,-37.08034832612023,-20.232272479696686,67.10913778525794,0.10540402826711785,-0.1921099127286784,-0.2546465645913713,0.941880512272261,1081,1079,892,1078,892,0,0.8267,0.9981,10.5765,22.3661,1.2108,0,True,4.92,True,0.051966451694963875,0.030988688714301115,-0.9981679162696041,0.84,6.0000,1.27,0.6032,50.9451,1.0000,18.2575,0,1079,0,0,0.014448
460,23,926000000,23.926000000,-36.40890918036822,-20.962520349768607,66.98301276074963,0.10334519014243575,-0.19662495402223149,-0.250373532344411,0.9423223935742806,892,888,875,888,875,0,0.9854,0.9955,8.9791,10.9659,1.1496,0,True,4.92,True,0.8757959216611337,-0.36180638771390383,-0.31949591767523666,0.75,3.0000,1.16,0.5495,50.3972,1.0000,16.6272,0,888,0,0,0.015624
461,23,959000000,23.959000000,-35.97310663530279,-20.89695888208377,66.08536147229208,0.10734519551310895,-0.19734383055943214,-0.2461658829162798,0.9428333785077992,875,875,875,875,875,0,1.0000,1.0000,7.3489,9.0805,1.1487,0,True,4.92,True,0.02767850450094716,-0.019346630023884155,-0.9994296414932419,0.67,2.0000,0.89,0.4216,49.9767,1.0000,12.7531,0,875,0,0,0.014912
462,23,992000000,23.992000000,-35.56407065661524,-20.76421326623442,65.18255021316209,0.11199358566587687,-0.1958325498914792,-0.24229371278548043,0.9436105160061159,875,875,875,875,875,0,1.0000,1.0000,5.6825,8.8110,1.0713,0,True,4.92,True,-0.02788492787736608,0.015676868408214212,-0.9994882023286646,0.72,2.0000,0.38,0.1785,49.7987,1.0000,5.3965,0,875,0,0,0.007699
463,24,25000000,24.025000000,-35.431650914769676,-21.744196857585735,65.33120139092976,0.1109630536935305,-0.19911388008386618,-0.2411969594693869,0.9433265024452973,875,875,875,875,875,0,1.0000,1.0000,5.0657,6.7662,1.1159,0,True,4.92,True,0.6446813435020748,-0.7400711241582745,0.19152205232679487,0.41,5.0000,0.73,0.3372,49.4627,1.0000,10.1755,0,875,0,0,0.020288
464,24,58000000,24.058000000,-35.06414386212057,-21.576325338614183,64.41645677117442,0.11616115471882936,-0.19639522637696594,-0.23885788975761305,0.9438656735421987,875,875,875,875,875,0,1.0000,1.0000,3.4749,6.2630,1.2073,0,True,4.92,True,-0.08287000188368096,0.015838602389762667,-0.9964344943156763,0.73,5.0000,0.26,0.1268,49.3378,1.0000,3.7734,0,875,0,0,0.014476
465,24,91000000,24.091000000,-34.57045674925168,-21.510104868187756,63.54934208217205,0.12135942868089189,-0.19361671498671906,-0.23723064202616356,0.9441959961956276,875,875,875,875,875,0,1.0000,1.0000,2.7326,5.9040,1.1734,0,True,4.92,True,0.09303265309385501,-0.01454042308948825,-0.9955568801202156,0.70,9.0000,0.04,0.0299,49.3105,1.0000,0.8171,0,875,0,0,0.007676
466,24,124000000,24.124000000,-33.978989180618576,-21.463434241564325,62.74436508382625,0.12631730577359335,-0.19073717375446958,-0.2363311364313799,0.9443573808486437,875,875,808,875,808,0,0.9234,1.0000,2.3890,5.2586,1.1357,0,True,4.92,True,0.2094794663045101,0.018787330894613166,-0.9776325431339905,0.67,7.0000,0.16,0.0731,49.3738,1.0000,1.9581,0,875,0,0,0.020706
467,24,157000000,24.157000000,-33.51983024893659,-22.30615444529567,62.463303286920926,0.12673474471274723,-0.18809305038639224,-0.23816424473918973,0.944371273073651,808,808,808,808,808,0,1.0000,1.0000,3.0083,5.4568,1.1024,0,True,4.92,True,0.7067549469134335,-0.6312594693512231,-0.31938836448405905,0.37,8.0000,0.35,0.1601,49.5310,1.0000,4.7959,0,808,0,0,0.014217
468,24,190000000,24.190000000,-33.273455559902565,-23.23834505684533,62.198123769721626,0.12696819688095493,-0.18479013140319178,-0.24170803405979116,0.9440915795555752,808,808,808,808,808,0,1.0000,1.0000,3.7550,5.7993,1.2125,0,True,4.92,True,0.5865637264872904,-0.7846471846745455,-0.20067832556520154,0.56,8.0000,0.51,0.2290,49.7576,1.0000,6.9036,0,808,0,0,0.013126
469,24,223000000,24.223000000,-33.24916538191656,-24.197351760810264,61.91578332096567,0.12723819416538149,-0.18029587611596448,-0.24693185773770476,0.9435722000119097,808,808,808,808,808,0,1.0000,1.0000,5.1781,7.4373,1.1957,0,True,4.92,True,0.42129063435862024,-0.8989946334590618,-0.11967811167259472,0.79,7.0000,0.73,0.3406,50.0959,1.0000,10.2926,0,808,0,0,0.014382
470,24,256000000,24.256000000,-33.51548820797242,-25.11725001666629,62.20363632371994,0.128647098354555,-0.1785096879443983,-0.2526072131694785,0.942217496786011,808,808,808,808,808,0,1.0000,1.0000,6.7708,9.8872,1.2055,0,True,4.92,True,0.33419694925778237,-0.7950675186335558,0.5061423119248887,0.72,6.0000,0.98,0.4570,50.5504,1.0000,13.8237,0,808,0,0,0.015086
471,24,289000000,24.289000000,-33.48403314527058,-26.116687784026052,62.19202907575369,0.13047173500351633,-0.17349752226742698,-0.256958493702795,0.9417261112692089,808,808,808,808,808,0,1.0000,1.0000,7.9838,11.8806,1.2432,0,True,4.92,True,0.5439438319886304,-0.8291393063121963,0.12904696187688636,0.79,5.0000,1.14,0.5308,51.0789,1.0000,16.0647,0,808,0,0,0.013310
472,24,322000000,24.322000000,-33.63888149086828,-27.04541093751901,62.528919701968995,0.1327052764230239,-0.16984128887646643,-0.2630796718235521,0.9403894578713021,808,808,808,808,808,0,1.0000,1.0000,8.8182,13.5890,1.2442,0,True,4.92,True,0.4539400169291216,-0.7295677085586001,0.5115363326870754,0.87,3.0000,1.19,0.5620,51.6389,1.0000,17.0150,0,808,0,0,0.007609
473,24,355000000,24.355000000,-33.89420134448443,-27.587131688769773,63.32976325723664,0.13867959373398678,-0.16385766853760006,-0.26793776618951026,0.9392166886254598,808,808,618,808,618,0,0.7649,1.0000,10.9808,16.9941,1.3030,0,True,4.92,True,0.287110393356441,-0.2910280891262396,0.9126172655424832,1.13,1.0000,1.51,0.7086,52.3452,1.0000,21.4554,0,808,0,0,0.021292
474,24,388000000,24.388000000,-33.683140492345764,-27.599604597413492,62.352369916127515,0.1463782762405521,-0.15105725583162402,-0.273454104041259,0.9386042609579696,618,618,618,618,618,0,1.0000,1.0000,10.0829,19.3811,1.2401,0,True,4.92,True,-0.051935201950580795,-0.2540004552667662,-0.9658087302994458,1.83,11.0000,1.32,0.6261,52.9696,1.0000,18.9636,0,618,0,0,0.011558
475,24,421000000,24.421000000,-33.59556784583246,-28.589730966967895,62.24291305752255,0.14952893445544202,-0.14242185625658382,-0.279603662054611,0.9376454046102396,614,611,609,609,609,0,0.9967,0.9951,13.6669,22.0279,1.3819,0,True,4.92,True,0.6002519455998794,-0.797657215312527,0.05865636080958532,1.27,6.0000,1.89,0.8910,53.8584,1.0000,26.9875,0,611,0,0,0.015018
476,24,454000000,24.454000000,-33.644720392098876,-29.58843846424538,62.25584990711038,0.15042381414607656,-0.14169026602330176,-0.28840171725894787,0.9349443802355745,591,591,590,590,590,0,0.9983,1.0000,6.2018,11.0843,0.8628,0,True,4.92,True,0.5290980394565203,-0.8169142398431773,0.2295787215416756,1.06,4.0000,0.00,0.0000,54.8859,0.0000,31.1922,1,591,0,0,0.015777
477,24,487000000,24.487000000,-33.00641175441296,-28.86404965706697,62.51627828323362,0.1581962502386898,-0.1343635030389264,-0.2862999014791824,0.9353890965125352,588,575,572,572,572,0,0.9948,0.9779,14.3885,26.5702,1.2848,0,True,4.92,True,0.13137248340996244,0.9826575423836605,-0.13086414711143585,1.25,10.0000,1.89,0.8898,55.7740,1.0000,26.9552,0,575,0,0,0.012588
478,24,520000000,24.520000000,-33.93033732631664,-28.98685020590516,62.878606260055015,0.16240010542679986,-0.13263130056261455,-0.2935368214007707,0.9326689007093384,550,550,320,550,320,0,0.5818,1.0000,7.5274,10.6069,0.7951,0,True,4.92,True,-0.6098529297770389,-0.4169958458181649,0.6739390689170317,1.03,2.0000,0.00,0.0000,56.9888,0.0000,36.8648,1,550,0,0,0.016062
479,24,553000000,24.553000000,-34.81565303860086,-28.54718238096479,63.029961118896374,0.16752305533609774,-0.12279360493820791,-0.2989033101947674,0.9314046208129682,320,311,151,310,151,0,0.4855,0.9719,15.1143,23.7202,1.3610,0,True,4.92,True,-0.938267123080418,-0.04826757348560569,0.3425274399171647,1.42,1.0000,2.02,0.9465,57.9339,1.0000,28.6779,0,311,0,0,0.011757
480,24,586000000,24.586000000,-34.98980968727215,-29.45745444947407,62.65436263245718,0.16166220809498713,-0.11714567089292657,-0.3251762723029092,0.9243390147538313,148,148,148,148,148,0,1.0000,1.0000,8.9069,10.8074,0.7475,0,True,4.92,True,0.35820409634799505,-0.9311145437075734,-0.06866973027290602,3.25,8.0000,0.00,0.0000,59.4092,0.0000,44.7608,1,148,0,0,0.017323
481,24,619000000,24.619000000,-34.39551467214404,-29.262415864655104,61.8741233195373,0.168330797839377,-0.11482178288599909,-0.3344719958338763,0.9201136803007238,148,148,52,148,52,0,0.3514,1.0000,9.5001,11.3888,0.7657,0,True,4.92,True,0.24072893756852495,0.18571940434684536,-0.9526583235694643,1.42,3.0000,0.00,0.0000,60.6115,0.0000,36.4746,1,148,0,0,0.013382
482,24,652000000,24.652000000,-34.39551467214404,-29.262415864655104,61.8741233195373,0.168330797839377,-0.11482178288599909,-0.3344719958338763,0.9201136803007238,2000,0,0,0,0,0,0.0000,0.0000,0.0000,0.0000,0.0000,1,True,6.56,True,0.0,0.0,0.0,0.00,3.0000,0.00,0.0000,61.6755,0.0000,32.2785,1,2000,0,0,0.011405
483,24,685000000,24.685000000,-34.60609333570925,-30.187242650894675,61.557339415424615,0.1695159085276864,-0.1124304052164825,-0.3462791214465645,0.9158135895416086,2000,1987,1924,1946,1924,0,0.9683,0.9935,14.8463,123.2135,3.8457,0,True,4.92,True,0.4158098797847225,-0.9094259426662538,-0.006826322509961262,1.47,10.0000,0.00,0.0000,63.4948,0.0000,55.1847,1,1987,0,0,0.018670
484,24,718000000,24.718000000,-34.10346648428865,-31.048189906981875,61.47900634152269,0.1708973928620238,-0.11062734634603098,-0.3558388913278749,0.9121043551984319,1917,1870,1445,1806,1445,0,0.7727,0.9755,15.1372,70.6457,2.6826,0,True,4.92,True,0.9413223471926105,-0.3357831246579875,-0.034087121772199996,1.20,5.0000,0.00,0.0000,64.5400,0.0000,31.7015,1,1870,0,0,0.010357
485,24,751000000,24.751000000,-34.40498876936257,-31.999105728247383,61.40941171191136,0.17211873874057293,-0.10903604634393245,-0.36842958087832245,0.9070534296864005,1440,1422,1412,1412,1412,0,0.9930,0.9875,15.2029,42.9107,1.5723,0,True,4.92,True,0.4298545318058274,-0.8660585696770459,0.25527952400249937,1.57,0.0000,0.00,0.0000,66.2695,0.0000,52.4515,1,1422,0,0,0.016639
486,24,784000000,24.784000000,-34.57693080693419,-32.91500975038397,61.046705552672606,0.17395017605843477,-0.10666395564663414,-0.3803432933654747,0.9020549406809747,1403,1390,1352,1381,1352,0,0.9727,0.9907,15.6176,47.0458,1.6162,0,True,4.92,True,0.4996231083054809,-0.8638473318896532,-0.0643780772802115,1.52,8.0000,0.00,0.0000,67.6795,0.0000,42.7629,1,1390,0,0,0.013158
487,24,817000000,24.817000000,-33.99346763695305,-33.387132946774145,60.3858951284919,0.1771634486750477,-0.10417328130574628,-0.39088194174875207,0.8972025119950805,1348,1327,1211,1314,1211,0,0.9126,0.9844,15.6093,73.3045,1.3702,0,True,4.92,True,0.7031372311809324,-0.1892416349215542,-0.6854091024632145,1.41,11.0000,0.00,0.0000,69.8415,0.0000,65.5640,1,1327,0,0,0.014514
488,24,850000000,24.850000000,-34.172148238304985,-34.17781321941214,59.800320240743446,0.17901612971409556,-0.10103572783789859,-0.4035211735890685,0.8915804335379692,1203,1192,1187,1187,1187,0,0.9958,0.9909,15.8293,51.8534,1.1993,0,True,4.92,True,0.4352080765509572,-0.8520081766728517,-0.29099140363147963,1.64,7.0000,0.00,0.0000,71.0319,0.0000,36.0975,1,1192,0,0,0.013897
489,24,883000000,24.883000000,-34.39317288889266,-35.089444053633564,59.45379848683853,0.18120220219339148,-0.09880530851984753,-0.4156227902424113,0.8858109104993432,1182,1164,1144,1162,1144,0,0.9828,0.9848,16.0872,37.0487,1.1258,0,True,4.92,True,0.5320344567109125,-0.8462323191975466,-0.0288131709095962,1.58,13.0000,0.00,0.0000,73.1797,0.0000,65.1308,1,1164,0,0,0.015885
490,24,916000000,24.916000000,-35.20021114690861,-35.653814438846055,59.28008804272625,0.1805463032314975,-0.09508071069522955,-0.43280826433191094,0.8780886613372985,1141,1131,1127,1127,1127,0,0.9965,0.9912,16.1994,39.4412,1.1306,0,True,4.92,True,-0.08093443642445494,-0.9677052646939878,0.23873863885888888,2.20,2.0000,0.00,0.0000,74.7855,0.0000,48.6893,1,1131,0,0,0.018503
491,24,949000000,24.949000000,-34.90678915374022,-36.3729572386741,58.65021728822134,0.1831353630994538,-0.09269251251096992,-0.4444691930023005,0.8719613944313811,1125,1122,1027,1120,1027,0,0.9153,0.9973,16.5847,45.8536,1.1432,0,True,4.92,True,0.7427531996505532,-0.4414370536380291,-0.5034391840969884,1.56,0.0000,0.00,0.0000,76.5213,0.0000,52.6323,1,1122,0,0,0.014750
492,24,982000000,24.982000000,-35.421746450721855,-36.96375290416597,58.02910581358786,0.1847609766530691,-0.08848419108440993,-0.4591565095418658,0.8644126498262691,1024,1014,1012,1012,1012,0,0.9980,0.9902,16.0978,38.6670,1.1513,0,True,4.92,True,0.1760622611405456,-0.9489557484879731,-0.2616965181535837,1.96,9.0000,0.00,0.0000,77.9414,0.0000,43.0579,1,1014,0,0,0.011963
493,25,15000000,25.015000000,-35.78390553086961,-37.44396450869578,57.23020806322087,0.1875501474329397,-0.08408155227785166,-0.47327053285198356,0.8566038976670776,1009,1000,1000,1000,1000,0,1.0000,0.9911,16.2351,38.9322,1.1573,0,True,4.92,True,0.2064474997740613,-0.8406848522613989,-0.5006280146129148,1.94,9.0000,0.00,0.0000,79.7427,0.0000,54.6126,1,1000,0,0,0.015090
494,25,48000000,25.048000000,-35.818210528984906,-37.28159338283378,56.24407481431857,0.19514667333931468,-0.07882429834428657,-0.4862628641624231,0.8480878096115323,994,983,978,978,978,0,0.9949,0.9889,16.3000,45.1318,1.2014,0,True,4.92,True,-0.1222150583933743,-0.3438618597490679,-0.9310330289048915,2.07,5.0000,0.00,0.0000,81.7462,0.0000,60.7434,1,983,0,0,0.016712
495,25,81000000,25.081000000,-36.238890498945004,-37.831497664962335,55.522525340359195,0.19719712050345117,-0.07540936125798914,-0.4991721941399802,0.840389103033403,971,960,958,958,958,0,0.9979,0.9887,16.2659,39.3629,1.1562,0,True,4.92,True,0.29442843806014246,-0.8761471471356614,-0.38167796822387634,1.78,2.0000,0.00,0.0000,83.7189,0.0000,59.8048,1,960,0,0,0.016429
496,25,114000000,25.114000000,-36.6180021384635,-38.49566036544592,56.16685621193678,0.19807983683615665,-0.07867516838881891,-0.5136001036164916,0.8311374914435528,952,943,936,936,936,0,0.9926,0.9905,16.1791,42.4992,1.1584,0,True,4.92,True,0.3459294071893661,-0.3262563449482109,0.8797099764255534,2.00,6.0000,0.00,0.0000,85.3905,0.0000,50.6783,1,943,0,0,0.013947
497,25,147000000,25.147000000,-37.59857315232745,-38.63578376558725,56.304136653015135,0.20055091855052015,-0.07691580752229797,-0.5246527407364396,0.8237735060436684,932,926,490,926,490,0,0.5292,0.9936,16.2115,36.5803,1.1711,0,True,3.28,True,-0.3370936640015604,-0.805501934651841,0.4873751070398904,1.56,6.0000,0.00,0.0000,87.2477,0.0000,56.2978,1,926,0,0,0.015563
498,25,180000000,25.180000000,-36.97628531556698,-39.26221188211284,55.834726743611654,0.20274205104351153,-0.07522795060115538,-0.5345706205633085,0.8169887807170791,486,484,203,482,203,0,0.4194,0.9959,13.8940,22.6365,1.1328,0,True,3.28,True,0.8724440495092735,0.09453933980300117,-0.4794827355656019,1.41,6.0000,0.00,0.0000,89.0555,0.0000,54.8020,1,484,0,0,0.015259
499,25,213000000,25.213000000,-36.7053487603042,-38.92983064779836,54.93133530126902,0.20889139850017294,-0.07481625635880819,-0.5462523432970615,0.8076975231233314,200,198,192,198,192,0,0.9697,0.9900,14.7451,21.4713,1.0217,0,True,3.28,True,-0.10267140163027576,-0.028448637755185486,-0.9943084321764293,1.85,10.0000,0.00,0.0000,90.6579,0.0000,48.5685,1,198,0,0,0.013648
500,25,246000000,25.246000000,-36.52216999447841,-38.78084249952106,53.959611023799624,0.21467749176258702,-0.07449028099570269,-0.5577839521747983,0.7982742857338999,190,190,189,190,189,0,0.9947,1.0000,14.7650,21.9393,1.0956,0,True,3.28,True,0.04000545371137773,-0.2043407307929499,-0.9780820156880251,1.83,6.0000,0.00,0.0000,91.8645,0.0000,36.5723,1,190,0,0,0.010374
501,25,279000000,25.279000000,-36.39523276913415,-38.14301313724672,53.199965945198706,0.2239403225609337,-0.07057200434007242,-0.5683017064436505,0.7886085813557728,187,185,184,184,184,0,0.9946,0.9893,14.6400,26.2926,1.1252,0,True,3.28,True,-0.450280058056965,-0.03235516691358223,-0.8923009651962788,2.00,1.0000,0.00,0.0000,93.8065,0.0000,58.8600,1,185,0,0,0.016921
502,25,312000000,25.312000000,-36.69698495644294,-37.475297200123435,53.88048122406167,0.22968824050178946,-0.06448401583760327,-0.5764147275386596,0.7815568986025142,182,173,86,171,86,0,0.4971,0.9505,20.1928,36.5265,1.4440,0,True,3.28,True,-0.8209030433941547,0.20345689452040894,0.5335948701199495,1.56,10.0000,1.52,0.7143,94.5206,1.0000,21.6425,0,173,0,0,0.006310
503,25,345000000,25.345000000,-36.69698495644294,-37.475297200123435,53.88048122406167,0.22968824050178946,-0.06448401583760327,-0.5764147275386596,0.7815568986025142,2000,0,0,0,0,0,0.0000,0.0000,0.0000,0.0000,0.0000,1,True,4.92,True,0.0,0.0,0.0,0.00,5.0000,0.00,0.0000,97.5138,0.0000,90.7081,1,2000,0,0,0.027017
504,25,378000000,25.378000000,-37.6104702399247,-37.49982468652432,53.47434942369005,0.2306260055894763,-0.061451183102471725,-0.587331639670048,0.7733543448404763,2000,1980,1840,1957,1840,0,0.9293,0.9900,18.3691,238.1835,2.4054,0,True,4.92,True,-0.20944056294204777,-0.9776375322987035,-0.0189606443830192,1.61,4.0000,0.00,0.0000,99.1928,0.0000,50.8796,1,1980,0,0,0.015659
505,25,411000000,25.411000000,-38.24672001757335,-37.63421795723452,52.71466220566552,0.23206482522167451,-0.05771146568327468,-0.5982989615488965,0.764757253141828,1838,1832,1790,1791,1790,0,0.9771,0.9967,17.9714,265.0097,1.8110,0,True,4.92,True,0.06701050893255552,-0.9131581645376229,-0.40205939639670113,1.66,3.0000,0.00,0.0000,100.7698,0.0000,47.7842,1,1832,0,0,0.015118
506,25,444000000,25.444000000,-39.048309109008315,-37.38702043317524,53.25904103753853,0.23200844726138153,-0.056076177586171325,-0.6086589626603953,0.7566781415369802,1790,1774,1727,1735,1727,0,0.9735,0.9911,18.7049,570.2985,1.7561,0,True,3.28,True,-0.558321747176828,-0.43765206068810447,0.7047960700833041,1.52,4.0000,0.00,0.0000,102.0700,0.0000,39.3955,1,1774,0,0,0.012829
507,25,477000000,25.477000000,-40.04407377074833,-37.302158074905165,53.294412192151285,0.23182517567691205,-0.053890444524586995,-0.6189948773891449,0.7484639267708957,1725,1717,1712,1713,1712,0,0.9971,0.9954,14.9237,115.8987,1.3062,0,True,3.28,True,-0.3390733255409274,-0.8636235504372117,0.3730732408480153,1.53,1.0000,0.00,0.0000,103.7909,0.0000,52.1397,1,1717,0,0,0.017557
508,25,510000000,25.510000000,-40.61689158853203,-37.09919423754575,52.50025513693245,0.2340548383172588,-0.05055187158881754,-0.6282590343041756,0.7402387633421625,1708,1701,1695,1695,1695,0,0.9965,0.9959,14.0215,26.8261,1.2960,0,True,3.28,True,-0.1598146638708704,-0.819415650122074,-0.5504700405533982,1.49,8.0000,0.00,0.0000,104.8801,0.0000,32.9985,1,1701,0,0,0.011546
509,25,543000000,25.543000000,-41.51758951250627,-36.87021630728176,52.13105010283825,0.23473106808602537,-0.04804623819864995,-0.6369775545341483,0.7327021766651498,1692,1686,1663,1684,1663,0,0.9864,0.9965,13.1634,26.9821,1.2796,0,True,3.28,True,-0.3225133973642026,-0.944701367057621,-0.05936695713999743,1.35,0.0000,0.00,0.0000,106.5947,0.0000,51.9445,1,1686,0,0,0.018913
510,25,576000000,25.576000000,-42.31614346447301,-36.48531887696608,52.59383034651195,0.23533419003583136,-0.047640571685859036,-0.6451631149372885,0.7253363013485805,1660,1654,1608,1645,1608,0,0.9722,0.9964,12.2866,34.3026,1.2631,0,True,3.28,True,-0.6206176021057875,-0.5097245258851344,0.5958310999500088,1.26,4.0000,0.00,0.0000,107.8047,0.0000,36.6549,1,1654,0,0,0.014072
511,25,609000000,25.609000000,-43.234775528060325,-36.35020388961941,52.222536565331055,0.23607823233141864,-0.04491996563529414,-0.6529383127843958,0.7182762870963115,1604,1600,1595,1597,1595,0,0.9969,0.9975,11.2258,43.3893,1.2361,0,True,3.28,True,-0.19212842036954672,-0.9810795391314857,-0.023866461485822846,1.25,7.0000,0.00,0.0000,109.0106,0.0000,36.5301,1,1600,0,0,0.014717
512,25,642000000,25.642000000,-44.20910756907405,-36.29950904385533,52.44186988807747,0.233945888082666,-0.043847198619402276,-0.6625035301835651,0.7102364515545211,1592,1588,1585,1585,1585,0,0.9981,0.9975,10.2914,20.4220,1.2180,0,True,3.28,True,-0.24171956846610695,-0.8041700142020196,0.5430306054716277,1.46,6.0000,0.00,0.0000,110.2330,0.0000,37.0312,1,1588,0,0,0.015788
513,25,675000000,25.675000000,-45.12051229384763,-35.9678708525545,52.68550391224301,0.23290993893271483,-0.04218016045026952,-0.6702848042415481,0.7033434975981635,1581,1576,1570,1570,1570,0,0.9962,0.9968,9.3619,24.1869,1.1797,0,True,3.28,True,-0.4870944656614118,-0.7396610288766791,0.4643711273142593,1.21,4.0000,0.00,0.0000,111.4038,0.0000,35.4672,1,1576,0,0,0.016157
514,25,708000000,25.708000000,-45.551504284175735,-35.58703942145231,51.867449314213225,0.23504704468549495,-0.041061917002269584,-0.6762493022148676,0.6969603195380769,1568,1563,1437,1542,1437,0,0.9194,0.9968,11.7469,608.5837,1.7258,0,True,3.28,True,-0.20186200608295715,-0.7148711796191478,-0.6694855689632844,1.04,6.0000,0.00,0.0000,112.4071,0.0000,30.3911,1,1563,0,0,0.014888
515,25,741000000,25.741000000,-46.467271086446104,-35.1960312017811,51.95955651267809,0.23996021471797443,-0.03421469325313902,-0.6808368397894533,0.6911654271616943,1433,1415,1414,1414,1414,0,0.9993,0.9874,13.0338,28.1766,1.3524,0,True,3.28,True,-0.47523011986311975,-0.8200887502385202,0.3187644505071215,1.28,11.0000,1.90,0.8972,113.3041,1.0000,27.1734,0,1415,0,0,0.014350
516,25,774000000,25.774000000,-47.205235943476175,-34.65804591566074,52.36696257756492,0.24561524523619374,-0.02839227960476887,-0.6836266274375413,0.6866743507841123,1385,1362,1335,1358,1335,0,0.9802,0.9834,13.0104,27.5551,1.2923,0,True,3.28,True,-0.681090924313156,-0.5510169789346391,0.4821778113351901,1.11,7.0000,1.97,0.9357,114.2397,1.0000,28.3419,0,1362,0,0,0.016339
517,25,807000000,25.807000000,-47.5749349886394,-34.01620323180663,51.695128829388835,-0.2531015524189112,0.021706455224288077,0.6866376146242612,-0.6811734141522537,1296,1285,1277,1277,1277,0,0.9938,0.9915,9.5314,27.5323,1.2423,0,True,3.28,True,-0.43568202862582744,-0.6301610403689853,-0.6427116251738114,1.36,9.0000,1.44,0.6832,114.9227,1.0000,20.6908,0,1285,0,0,0.013116
518,25,840000000,25.840000000,-47.755305804985746,-33.89011401851278,50.71964542158454,-0.26025336591495696,0.018905193543132005,0.6886662211657478,-0.6764980524822828,1228,1214,771,1194,771,0,0.6351,0.9886,9.7519,27.4939,1.2843,0,True,3.28,True,0.1807542225440624,-0.5411408364303927,-0.8212761448988438,1.06,7.0000,1.57,0.7461,115.6687,1.0000,22.5942,0,1214,0,0,0.015954
519,25,873000000,25.873000000,-48.56153134475533,-33.43033595269141,50.34734915620871,-0.26416489599764525,0.010156684224090025,0.6932037924471736,-0.6705089496979003,707,697,694,694,694,0,0.9957,0.9859,8.8331,16.8033,1.1717,0,True,3.28,True,-0.3499259461685165,-0.9226800650936516,-0.16190531083582047,1.40,7.0000,1.36,0.6402,116.3085,1.0000,19.3813,0,697,0,0,0.015638
520,25,906000000,25.906000000,-49.24111045566246,-32.839468775501494,49.91255240951172,-0.26844725260333097,0.006914118386872731,0.6944609479774159,-0.6675419531916811,631,629,624,624,624,0,0.9921,0.9968,6.8116,13.4236,1.1150,0,True,3.28,True,-0.42544256816768156,-0.847696847482903,-0.3168732806003615,0.72,6.0000,1.13,0.5274,116.8356,1.0000,15.9640,0,629,0,0,0.014985
521,25,939000000,25.939000000,-49.573447220103155,-32.12409845363683,49.29790000563102,-0.27551215975031096,0.002191845545173433,0.6961710537101772,-0.6628982649086411,568,567,566,566,566,0,0.9982,0.9982,5.6580,9.8094,0.9768,0,True,3.28,True,-0.4541690750238897,-0.6108370241530681,-0.6485434304776887,1.13,5.0000,0.98,0.4587,117.2939,1.0000,13.8823,0,567,0,0,0.014807
522,25,972000000,25.972000000,-49.98961307926935,-31.41434866178553,49.86628474384229,-0.2780926919618953,0.00275167618785234,0.6957328317082747,-0.6622784232018503,527,526,297,526,297,0,0.5646,0.9981,3.6061,5.6852,0.9080,0,True,3.28,True,-0.8850965240685789,-0.26022682701366445,0.38585767011181715,0.31,4.0000,0.64,0.3003,117.5937,1.0000,9.0825,0,526,0,0,0.006129
523,26,5000000,26.005000000,-50.965112787982136,-31.19489617350527,49.85076302715713,-0.26703694335055034,-0.012785388955658563,0.7100689315436668,-0.6514061077175152,271,270,270,270,270,0,1.0000,0.9963,4.0896,5.5161,0.9008,0,True,3.28,True,-0.2277349786711933,-0.93018351019576,0.28791564189797997,3.00,6.0000,0.60,0.2777,117.8707,1.0000,8.3882,0,270,0,0,0.022545
524,26,38000000,26.038000000,-51.82837348990494,-30.768414995822553,49.58077272066798,-0.26794182809102496,-0.014284412544149543,0.7110356964133456,-0.6499472061202332,253,253,253,253,253,0,1.0000,1.0000,4.4918,5.8389,0.6797,0,True,3.28,True,-0.2772043945591233,-0.9579168807819071,-0.07451827393446299,0.28,10.0000,0.38,0.1804,118.0501,1.0000,5.4334,0,253,0,0,0.014599
525,26,71000000,26.071000000,-52.21165339493009,-30.236004133070725,50.33551452262927,-0.26888867464342053,-0.011920971876357125,0.7098935099860985,-0.6508517308555343,237,237,237,237,237,0,1.0000,1.0000,5.5205,7.2064,0.7290,0,True,3.28,True,-0.7851844096352426,-0.19202584064618144,0.5887372243963198,0.34,9.0000,0.12,0.0654,118.1147,1.0000,1.9551,0,237,0,0,0.008247
526,26,104000000,26.104000000,-52.2310220719413,-29.790974701904897,51.230820983985964,-0.26991669377142735,-0.008507412565259082,0.7075324005566972,-0.6530470921131366,237,237,162,237,162,0,0.6835,1.0000,6.7010,9.0776,0.9082,0,True,3.28,True,-0.7639165806811182,0.21232679657617165,0.6093839423681673,0.55,8.0000,0.11,0.0412,118.1482,1.0000,1.0134,0,237,0,0,0.022504
527,26,137000000,26.137000000,-52.67791486806451,-28.98467129333643,50.84331402649484,-0.27168874756926453,-0.007330833170465969,0.7064388926489984,-0.6535101944745224,162,162,162,162,162,0,1.0000,1.0000,7.6518,9.0632,1.4130,0,True,3.28,True,-0.5884884064158533,-0.665430621056852,-0.4592205179148921,0.28,9.0000,0.23,0.0967,118.0523,1.0000,2.9034,0,162,0,0,0.015390
528,26,170000000,26.170000000,-53.02674794816369,-28.12535292661156,50.46929875028569,-0.2729089984596551,-0.00402721912571189,0.7050052911569037,-0.6545777261002935,162,162,162,162,162,0,1.0000,1.0000,9.2973,11.0128,0.8137,0,True,3.28,True,-0.6434783385292995,-0.5776557976202695,-0.5022443701220182,0.45,2.0000,0.50,0.2248,117.8279,1.0000,6.7984,0,162,0,0,0.017436
529,26,203000000,26.203000000,-53.461634056827684,-28.425523410578464,51.31828152575652,-0.2734105769339496,0.005073655883325395,0.7051823552970206,-0.6541702838056532,162,162,162,162,162,0,1.0000,1.0000,10.0687,11.8053,0.6240,0,True,3.28,True,-0.05734949518083064,-0.06090368601759167,0.9964947448090102,1.05,7.0000,0.54,0.2621,117.5660,1.0000,7.9331,0,162,0,0,0.013488
530,26,236000000,26.236000000,-54.09001121099947,-28.707277773836044,52.043372300005004,-0.2712893826266846,0.014827885928352224,0.7057880624356723,-0.654251798313331,162,162,162,162,162,0,1.0000,1.0000,11.0071,12.8480,0.7050,0,True,3.28,True,-0.01743783547419514,-0.2728527468913507,0.9618977598517522,1.15,2.0000,0.68,0.3240,117.2421,1.0000,9.8115,0,162,0,0,0.013102
531,26,269000000,26.269000000,-54.45766346985647,-29.04555311337465,52.90962954310163,-0.27004242392027156,0.025500091762753356,0.7048178836788366,-0.6554834745818094,162,162,162,162,162,0,1.0000,1.0000,13.3519,15.5076,0.8265,0,True,3.28,True,-0.0010026822746202323,0.03759161501018658,0.9992926824055012,1.24,7.0000,1.14,0.5473,116.6950,1.0000,16.5730,0,162,0,0,0.017663
532,26,302000000,26.302000000,-55.098939206423225,-28.44685045692188,53.389546784766445,-0.2674938817900938,0.0318420863476605,0.7013189399424277,-0.6599885220365013,162,162,162,162,162,0,1.0000,1.0000,12.8150,14.7622,0.8593,0,True,3.28,True,-0.731395867469437,-0.48000129527716456,0.48441597989834523,1.02,11.0000,1.01,0.4761,116.2191,1.0000,14.4179,0,162,0,0,0.012845
533,26,335000000,26.335000000,-55.778240962726734,-27.888419697440288,52.91341212865772,-0.264196242789685,0.03728695852533597,0.6987948882359545,-0.6636985250812627,162,162,162,162,162,0,1.0000,1.0000,14.8969,17.0115,1.0003,0,True,3.28,True,-0.377531686361963,-0.8774668969766118,-0.2958406167228033,0.89,7.0000,1.49,0.7000,115.5192,1.0000,21.2024,0,162,0,0,0.016329
534,26,368000000,26.368000000,-56.712355049433086,-27.705937041008955,52.60660444766111,-0.2568763342117706,0.040703102877205494,0.69959945525625,-0.6655211555940568,162,162,162,162,162,0,1.0000,1.0000,15.5553,17.6576,1.1131,0,True,3.28,True,-0.09399665805205545,-0.9928531779446006,0.07353363393952664,0.95,8.0000,1.65,0.7858,114.7335,1.0000,23.8022,0,162,0,0,0.015988
535,26,401000000,26.401000000,-57.63792447939149,-27.36794669926315,52.4360648358021,-0.2515581542029278,0.046216655961195556,0.6972455910873397,-0.6696499843015354,162,162,162,162,162,0,1.0000,1.0000,14.9888,16.6881,1.1085,0,True,3.28,True,-0.28622940849383594,-0.9480205163031994,0.13903174594848453,1.03,8.0000,1.52,0.7212,114.0124,1.0000,21.8479,0,162,0,0,0.013187
536,26,434000000,26.434000000,-58.49515034812715,-27.291404298620787,51.92684477445897,-0.2414274665075368,0.045080483862050096,0.7025348660633055,-0.6679261114494095,162,162,162,162,162,0,1.0000,1.0000,17.1068,18.9833,1.3044,0,True,3.28,True,0.053775094796281786,-0.9925112687842862,-0.1096796267127916,1.33,7.0000,2.07,0.9890,113.0234,1.0000,29.9637,0,162,0,0,0.016398
537,26,467000000,26.467000000,-59.2075173456281,-26.58987384729853,51.907139781714314,-0.23714102346384072,0.052956138393400784,0.6971623504437708,-0.674480866682442,162,162,162,162,162,0,1.0000,1.0000,15.4467,16.7747,1.4288,0,True,3.28,True,-0.6744336156139213,-0.7333791690316641,0.0854066306580419,1.41,1.0000,1.64,0.7670,112.2564,1.0000,23.2388,0,162,0,0,0.011756
538,26,500000000,26.500000000,-59.971450124212744,-26.519638245507583,51.26567764717713,-0.23611568885390058,0.04871271509478222,0.696137961738227,-0.6762162310179263,162,162,162,162,162,0,1.0000,1.0000,14.0846,16.4045,1.2501,0,True,3.28,True,0.08140887266355534,-0.9577521654986458,-0.27583216805569194,0.55,5.0000,0.00,0.0000,111.0274,0.0000,37.2353,1,162,0,0,0.017383
539,26,533000000,26.533000000,-59.259406567589686,-26.303540670704137,51.93373139623902,0.23334082706763137,-0.0638143238905785,-0.682613221549686,0.6895788426680022,162,162,162,162,162,0,1.0000,1.0000,16.4923,17.5133,1.3897,0,True,3.28,True,-0.36548524687224215,0.8951904111717596,0.2550581542802977,2.80,8.0000,1.76,0.8247,110.2027,1.0000,24.9875,0,162,0,0,0.010923
540,26,566000000,26.566000000,-58.9056492508064,-26.35204119217457,52.867810333074324,0.22974550770946547,-0.07372002535598426,-0.6749395799860353,0.6973083413505874,162,162,162,162,162,0,1.0000,1.0000,16.3473,17.1787,1.7070,0,True,3.28,True,-0.14704841377390765,0.7064600136721682,0.6923084667176169,1.74,2.0000,1.52,0.7346,109.4681,1.0000,22.2567,0,162,0,0,0.009330
541,26,599000000,26.599000000,-58.677503086881906,-27.040353618107037,52.17920643227685,0.23057110868298,-0.07787329819892243,-0.6658178654747804,0.7053079350772473,162,162,75,162,75,0,0.4630,1.0000,16.2852,19.9574,1.4420,0,True,3.28,True,0.8317768163841225,-0.0706744781062296,-0.5505928131299082,1.47,12.0000,0.00,0.0000,107.8296,0.0000,49.6429,1,162,0,0,0.019570
542,26,632000000,26.632000000,-58.677503086881906,-27.040353618107037,52.17920643227685,0.23057110868298,-0.07787329819892243,-0.6658178654747804,0.7053079350772473,2000,0,0,0,0,0,0.0000,0.0000,0.0000,0.0000,0.0000,1,True,4.92,True,0.0,0.0,0.0,0.00,1.0000,0.00,0.0000,106.1352,0.0000,51.3383,1,2000,0,0,0.018910
543,26,665000000,26.665000000,-59.50396556544875,-27.075056430953357,51.61728518663677,0.22449968547329788,-0.08540176829964559,-0.6594827648284042,0.7123123697423537,2000,1916,1770,1781,1770,0,0.9238,0.9580,24.8761,386.9260,3.7492,0,True,3.28,True,0.060968446193604524,-0.9878241886187548,-0.14313008400904562,1.55,4.0000,1.83,0.8712,105.2640,1.0000,26.3959,0,1916,0,0,0.009264
544,26,698000000,26.698000000,-60.37612680544107,-27.00727966447128,51.13278432865993,0.22347334994353057,-0.08812777339638135,-0.6501018940608115,0.7208749439117424,1770,1695,1381,1664,1381,0,0.8147,0.9576,25.1390,559.6185,1.5249,0,True,3.28,True,-0.08256169350895518,-0.9935073896639574,-0.07827281423357053,1.49,1.0000,0.00,0.0000,103.3086,0.0000,59.2475,1,1695,0,0,0.019958
545,26,731000000,26.731000000,-61.318100044060714,-26.706133518022956,51.28109958817066,0.2183855159515761,-0.09604678894644635,-0.6414600258124971,0.7291171483652482,1381,1374,1288,1296,1288,0,0.9374,0.9949,23.6951,232.0952,1.9099,0,True,3.28,True,-0.4494957807059894,-0.7644940828095365,0.4620631347302213,1.74,8.0000,1.39,0.6632,102.6454,1.0000,20.0945,0,1374,0,0,0.006525
546,26,764000000,26.764000000,-62.24952298293999,-26.69569831764763,50.91731061703134,0.21656759754564953,-0.09830483617736355,-0.6324834696384777,0.7371562219173899,1288,1283,1278,1279,1278,0,0.9961,0.9961,22.1143,37.9852,1.2083,0,True,3.28,True,-0.10695870060636414,-0.9920036378901251,0.06699715499449137,1.42,6.0000,0.00,0.0000,101.0868,0.0000,47.2288,1,1283,0,0,0.014960
547,26,797000000,26.797000000,-63.20385794104256,-26.75260235968169,50.624041597625,0.2148272802759186,-0.1011519024347209,-0.6229864540209664,0.7453223533408017,1278,1275,1270,1270,1270,0,0.9961,0.9977,22.8973,42.0206,1.2455,0,True,3.28,True,-0.07903252405035778,-0.9854067705183053,0.15075595099004754,1.49,8.0000,0.00,0.0000,98.9388,0.0000,65.0893,1,1275,0,0,0.019853
548,26,830000000,26.830000000,-63.98173250282006,-26.807737724823873,49.998045385455875,0.21393069744089263,-0.1032607516813336,-0.6125111841718349,0.7539236852089711,1269,1253,1249,1249,1249,0,0.9968,0.9874,23.7836,169.1361,1.2503,0,True,3.28,True,-0.03138267331301201,-0.9751758786034957,-0.21919656385451963,1.58,2.0000,0.00,0.0000,97.6827,0.0000,38.0613,1,1253,0,0,0.011278
549,26,863000000,26.863000000,-64.92987130111406,-26.850989102276316,49.68314518298203,0.21257008074533754,-0.10664980539405632,-0.6010474508712389,0.7630083496152033,1246,1229,1218,1224,1218,0,0.9910,0.9864,24.1432,43.3806,1.2451,0,True,3.28,True,-0.14114066490682847,-0.9820377153897765,0.1252247509947086,1.73,9.0000,0.00,0.0000,96.1259,0.0000,47.1758,1,1229,0,0,0.013674
550,26,896000000,26.896000000,-65.85371170034422,-26.990995512948622,49.32689088936453,0.21093497247278775,-0.10984954501744766,-0.5896915843762444,0.7718182105672285,1215,1204,1201,1201,1201,0,0.9975,0.9909,24.9186,45.8251,1.2338,0,True,3.28,True,-0.06751861085919549,-0.9928997821108444,0.0979349777754721,1.70,9.0000,0.00,0.0000,93.8047,0.0000,70.3455,1,1204,0,0,0.019910
551,26,929000000,26.929000000,-66.75543062172646,-27.302869441025848,49.02749543213959,0.20793673353553097,-0.11221707545776588,-0.5817203649429719,0.7783129575131686,1198,1176,1169,1169,1169,0,0.9940,0.9816,25.5052,48.0560,1.2553,0,True,3.28,True,0.06921954451172713,-0.9825142847850317,0.1728419360310077,1.26,8.0000,0.00,0.0000,92.0637,0.0000,52.7660,1,1176,0,0,0.014632
552,26,962000000,26.962000000,-67.27006866536193,-27.568120253024862,49.84284179459968,0.2107288642360812,-0.12175533377634205,-0.5698305140917602,0.7848962795711947,1164,1144,1099,1141,1099,0,0.9607,0.9828,26.0683,47.6039,1.3053,0,True,3.28,True,0.044372227039570555,-0.1344295289842452,0.9899291930257551,1.93,3.0000,0.00,0.0000,90.7464,0.0000,39.9240,1,1144,0,0,0.010935
553,26,995000000,26.995000000,-67.88162231435474,-27.974495315148264,49.16397402891348,0.20889830775969473,-0.12350072109944774,-0.5589030429934446,0.7929290368221611,1086,1065,1061,1061,1061,0,0.9962,0.9807,26.6095,53.1538,1.3529,0,True,3.28,True,0.22137541973522637,-0.9408101048847927,-0.25665009270155714,1.58,5.0000,0.00,0.0000,88.5395,0.0000,66.8906,1,1065,0,0,0.018100
554,27,28000000,27.028000000,-68.04046788831889,-28.57460024212294,48.37998285533261,0.20804306738347153,-0.12718208685115642,-0.5452414525937896,0.8020315188764563,1050,1019,978,1018,978,0,0.9598,0.9705,26.9927,47.9583,1.2856,0,True,3.28,True,0.5376196319029258,-0.673364936878164,-0.5074887123627767,1.93,11.0000,0.00,0.0000,87.3002,0.0000,37.5640,1,1019,0,0,0.010076
555,27,61000000,27.061000000,-68.85062568478911,-29.010812314858264,47.988366496610865,0.20576880467804418,-0.13045130195220647,-0.5332199044550503,0.8101346741951552,975,958,949,952,949,0,0.9906,0.9826,26.9093,48.8495,1.3316,0,True,3.28,True,0.1112997062027412,-0.9897844649456371,0.0891015620034948,1.72,14.0000,0.00,0.0000,85.8412,0.0000,44.2245,1,958,0,0,0.007291
556,27,94000000,27.094000000,-69.64978895577256,-28.485677744357044,48.280892989728166,0.20498665533566238,-0.1350817446971517,-0.5177553964012749,0.8195503296816069,944,924,516,914,516,0,0.5584,0.9788,27.3785,49.1459,1.3762,0,True,3.28,True,-0.8017711057990419,-0.32726782131228443,0.500058863574372,2.14,2.0000,0.00,0.0000,83.2504,0.0000,78.5381,1,924,0,0,0.025407
557,27,127000000,27.127000000,-70.63528520347596,-28.338331816905356,48.36507329280399,0.20010497649265227,-0.14515751069757893,-0.504891312022173,0.8270260325500559,512,485,416,419,416,0,0.8577,0.9473,34.8683,276.3093,3.7261,0,True,3.28,True,-0.5536017822488449,-0.6857439047354952,0.4725255165692311,2.13,2.0000,1.76,0.8164,82.4344,1.0000,24.7382,0,485,0,0,0.006573
558,27,160000000,27.160000000,-71.44644787526674,-28.83986850298516,48.06428088530451,0.19785754761513372,-0.14868432342485458,-0.4920089315081213,0.8346691405195565,416,413,411,411,411,0,0.9952,0.9928,30.9516,47.3327,1.4299,0,True,3.28,True,0.07311308993200098,-0.979611914566644,0.1871228818708967,1.78,2.0000,0.00,0.0000,79.7451,0.0000,81.5343,1,413,0,0,0.021704
559,27,193000000,27.193000000,-71.81441347409863,-29.539804198850824,47.45216052154479,0.19445986635285303,-0.14982935212419765,-0.48219281422802274,0.8409676661601998,410,397,391,391,391,0,0.9849,0.9683,32.0190,64.1222,1.5567,0,True,3.28,True,0.4097581619675413,-0.8785704747833488,-0.24538168134549712,1.40,9.0000,0.00,0.0000,78.3895,0.0000,41.1049,1,397,0,0,0.011001
560,27,226000000,27.226000000,-72.7692611861878,-29.2577169947927,47.545394935924556,0.19461363577854066,-0.15356919171259092,-0.4671005125244036,0.8487397406303292,386,358,261,358,261,0,0.7291,0.9275,32.0100,49.0548,1.4660,0,True,3.28,True,-0.7071586613681253,-0.5452145201208792,0.4501863555255759,1.99,8.0000,0.00,0.0000,76.5209,0.0000,56.6589,1,358,0,0,0.015271
561,27,259000000,27.259000000,-73.73128774776471,-28.985023668706173,47.557363424900544,0.19485887739213462,-0.15670467691053722,-0.45239276019204755,0.8560458239263024,257,231,151,231,151,0,0.6537,0.8988,32.1670,74.4903,1.4553,0,True,3.28,True,-0.7284277706485688,-0.566567185497545,0.38522020620074743,1.92,7.0000,0.00,0.0000,74.6781,0.0000,55.8837,1,231,0,0,0.009565
562,27,292000000,27.292000000,-74.06872418156932,-29.62487425948097,46.866908593194395,0.19062776752956076,-0.1542617066209312,-0.4460959724429785,0.8607338517144815,151,141,141,141,141,0,1.0000,0.9338,29.5923,45.4958,1.2789,0,True,3.28,True,0.2884064391479649,-0.8983500681172758,-0.3313440522654316,1.06,4.0000,0.00,0.0000,72.9706,0.0000,51.7850,1,141,0,0,0.019977
563,27,325000000,27.325000000,-74.53886489956517,-30.447600105141575,47.18642367603772,0.18755467433501766,-0.16303253349012908,-0.4381320317074214,0.8638772829232185,139,134,134,134,134,0,1.0000,0.9640,29.9227,44.1834,1.2752,0,True,3.28,True,0.4500506854178261,-0.6200465243301125,0.642648183861973,1.45,4.0000,0.00,0.0000,71.7826,0.0000,36.0333,1,134,0,0,0.010094
564,27,358000000,27.358000000,-75.33285931756022,-31.05549952134535,47.180841205991705,0.18529644654058294,-0.16716850342527306,-0.4265320650268785,0.8693620165764628,133,126,126,126,126,0,1.0000,0.9474,30.1230,41.9525,1.1929,0,True,1.64,True,0.04973513174728953,-0.8868385169262003,0.45939510398590105,1.57,8.0000,0.00,0.0000,69.5079,0.0000,69.0018,1,126,0,0,0.019740
565,27,391000000,27.391000000,-75.46120501453193,-31.773585002912107,46.49682320679002,0.18085001541354365,-0.16493265067519397,-0.4203466078672876,0.8737272010877539,126,120,120,120,120,0,1.0000,0.9524,30.5279,41.1625,1.1939,0,True,1.64,True,0.41186745556654253,-0.8126467922773027,-0.41227465365524535,1.04,12.0000,0.00,0.0000,68.0584,0.0000,43.9732,1,120,0,0,0.008006
566,27,424000000,27.424000000,-74.52321085729437,-32.02854616845205,46.26195778776302,0.1819715575670883,-0.16735709797530174,-0.4060423884449425,0.8797769790008257,120,115,62,115,62,0,0.5391,0.9583,31.0511,42.6554,1.2070,0,True,1.64,True,0.7259972856671977,0.3780596452656621,-0.5744552600729349,1.81,9.0000,0.00,0.0000,66.3811,0.0000,50.8925,1,115,0,0,0.020219
567,27,457000000,27.457000000,-74.52321085729437,-32.02854616845205,46.26195778776302,0.1819715575670883,-0.16735709797530174,-0.4060423884449425,0.8797769790008257,2000,0,0,0,0,0,0.0000,0.0000,0.0000,0.0000,0.0000,1,True,3.28,True,0.0,0.0,0.0,0.00,8.0000,0.00,0.0000,64.8417,0.0000,46.7117,1,2000,0,0,0.014511
568,27,490000000,27.490000000,-74.80144729492693,-32.90566460720595,45.87048910552719,0.17983898485379896,-0.16979522775882627,-0.3947300186448352,0.8848817618968827,2000,1945,1584,1896,1584,0,0.8144,0.9725,20.5006,64.5826,4.7481,0,True,3.28,True,0.4517521794217968,-0.8901951868193981,-0.05892790299368902,1.47,5.0000,0.00,0.0000,63.4338,0.0000,42.7267,1,1945,0,0,0.013725
569,27,523000000,27.523000000,-74.87332138774181,-33.821445497437225,45.475293614827656,0.1748480995363251,-0.17981215153515462,-0.38424880043953524,0.8885091961311442,1577,1502,1228,1335,1228,0,0.8176,0.9524,40.1701,893.2375,3.5109,0,True,3.28,True,0.5876941367103081,-0.7957401818771325,-0.14633237721869355,1.81,7.0000,2.02,0.9718,62.4638,1.0000,29.4386,0,1502,0,0,0.009749
570,27,556000000,27.556000000,-74.52492046841397,-34.66627608128062,45.06924179053138,0.17325733501813478,-0.18208685512294903,-0.3723687522282001,0.8934023647930766,1228,1226,1210,1226,1210,0,0.9869,0.9984,19.7517,38.5595,1.1466,0,True,3.28,True,0.7777940974415176,-0.5099880698224579,-0.36735338656925237,1.51,6.0000,0.00,0.0000,60.6565,0.0000,54.8619,1,1226,0,0,0.018977
571,27,589000000,27.589000000,-74.52385233437461,-35.54878466305325,44.59894671062162,0.1712075404912511,-0.1835521118248653,-0.36255495591260195,0.8975246538490071,1209,1196,1196,1196,1196,0,1.0000,0.9892,19.0052,36.7910,1.1049,0,True,3.28,True,0.551231484334732,-0.7935160283184155,-0.257829717992119,1.25,5.0000,0.00,0.0000,59.4433,0.0000,36.8316,1,1196,0,0,0.013436
572,27,622000000,27.622000000,-73.9586421338832,-35.4512965591499,43.77978036679529,0.17281323343413132,-0.19224390211684275,-0.3524712169414629,0.8994119799495304,1196,1186,767,1145,767,0,0.6467,0.9916,26.0988,1029.0344,1.7934,0,True,3.28,True,0.14075427719958525,0.03768272039815905,-0.9893271683489826,1.55,10.0000,1.80,0.8611,58.5842,1.0000,26.0831,0,1186,0,0,0.009949
573,27,655000000,27.655000000,-73.55605838993922,-35.307453902141845,42.875769515567896,0.1775217781328937,-0.19182025857482882,-0.3417139351218859,0.9027306316018843,767,767,767,767,767,0,1.0000,1.0000,14.9296,20.8150,1.1440,0,True,3.28,True,-0.03045180563305414,-0.07552130822716754,-0.9966790955655405,1.40,1.0000,0.00,0.0000,57.1482,0.0000,43.6027,1,767,0,0,0.011246
574,27,688000000,27.688000000,-73.26352230960205,-35.129931044842444,41.93613752545836,0.18244269442453798,-0.18895439420165483,-0.33149492941618613,0.9061578294835607,767,767,767,767,767,0,1.0000,1.0000,14.1269,18.9192,1.1164,0,True,3.28,True,-0.1303405412670912,-0.1389082712357949,-0.9816902950953955,1.40,3.0000,0.00,0.0000,56.0432,0.0000,33.5564,1,767,0,0,0.020883
575,27,721000000,27.721000000,-72.84941932740628,-35.019330938201826,41.03265186616562,0.18560718539228982,-0.1923893199923737,-0.3228085117694783,0.907926752008552,767,767,767,767,767,0,1.0000,1.0000,14.5783,21.5933,1.2325,0,True,3.28,True,0.01934051455640209,-0.112754933779843,-0.993434582348026,1.15,2.0000,1.14,0.5421,55.5027,1.0000,16.4180,0,767,0,0,0.007548
576,27,754000000,27.754000000,-72.51933265615651,-34.74549351600793,40.129293766811095,0.190727551695266,-0.18917296608665757,-0.31328700855356084,0.9108720218548088,767,767,767,767,767,0,1.0000,1.0000,12.3560,15.9017,1.1195,0,True,3.28,True,-0.15055371223743558,-0.048856430522303464,-0.9873938570439593,1.34,7.0000,0.00,0.0000,54.3214,0.0000,35.8800,1,767,0,0,0.017730
577,27,787000000,27.787000000,-72.61048392282669,-35.72319300329437,39.940097680318146,0.18882356790876634,-0.19089395045354166,-0.30746112705871276,0.9128925540446863,767,767,767,767,767,0,1.0000,1.0000,11.5435,15.3412,1.1080,0,True,3.28,True,0.5192266324934062,-0.8482560970938535,0.10423673945716186,0.77,0.0000,0.00,0.0000,53.2812,0.0000,31.6024,1,767,0,0,0.017419
578,27,820000000,27.820000000,-72.33512131986933,-35.466147819809066,39.01375907562787,0.19233551359117446,-0.19077331534003233,-0.3003214053817522,0.9145598098732094,767,767,767,767,767,0,1.0000,1.0000,12.2487,17.0480,1.2106,0,True,3.28,True,-0.17489150212249957,-0.10325119347689912,-0.9791589010630152,0.93,4.0000,1.30,0.6179,52.6655,1.0000,18.7078,0,767,0,0,0.011558
579,27,853000000,27.853000000,-72.0056965508178,-35.24424305832302,38.09602403850378,0.19611980163209328,-0.19003862850844794,-0.2936846995844399,0.9160631202665098,767,767,767,767,767,0,1.0000,1.0000,10.2482,13.3198,1.2836,0,True,3.28,True,-0.10637911481757434,-0.1057791390405218,-0.9886830926411533,0.90,10.0000,0.88,0.4090,52.2579,1.0000,12.3831,0,767,0,0,0.008263
580,27,886000000,27.886000000,-71.57866459193075,-35.05178272599962,37.212506791037136,0.19908247608955393,-0.19444759662392852,-0.28866852269852,0.916093217901041,767,767,767,767,767,0,1.0000,1.0000,12.1464,16.2011,1.2608,0,True,3.28,True,-0.0012204997862460894,-0.0736866222701503,-0.9972806987396717,0.84,13.0000,1.82,0.8665,51.3949,1.0000,26.2277,0,767,0,0,0.020063
581,27,919000000,27.919000000,-71.03160255817595,-34.78131449402356,36.42031359066503,0.20301734935742047,-0.19792408395749625,-0.28369472457852557,0.9160389271727417,767,767,711,767,711,0,0.9270,1.0000,8.5953,10.8664,1.1445,0,True,3.28,True,0.05935383337796318,0.07304581970396842,-0.9955608623721185,0.83,7.0000,1.01,0.4751,50.9219,1.0000,14.3779,0,767,0,0,0.013279
582,27,952000000,27.952000000,-70.50072261676479,-35.59213419256345,36.17386297843824,0.20185790799011366,-0.20092573433496505,-0.28028722919676435,0.9166904076148121,711,711,707,711,707,0,0.9944,1.0000,6.8000,8.8788,1.1428,0,True,3.28,True,0.8294408689175505,-0.4995487378541748,-0.24995780339409204,0.54,8.0000,0.63,0.2953,50.6280,1.0000,8.9360,0,711,0,0,0.009638
583,27,985000000,27.985000000,-70.3980342310987,-36.579234077544214,36.05102604376365,0.1995238276188008,-0.2057180823753293,-0.2797477699211166,0.9163031692733155,707,707,707,707,707,0,1.0000,1.0000,6.9469,8.4107,1.1045,0,True,3.28,True,0.6342271093873278,-0.7664192907973442,0.10177153045862325,0.62,5.0000,1.03,0.4870,50.1437,1.0000,14.7270,0,707,0,0,0.020609
584,28,18000000,28.018000000,-70.88675183123925,-37.434147589088255,36.225031776693015,0.1992116452057396,-0.20910045289801396,-0.2790238994067386,0.9158260667682081,707,707,707,707,707,0,1.0000,1.0000,4.6408,6.7773,1.0964,0,True,3.28,True,0.18378316841193262,-0.7798141207696078,0.5984260054984198,0.40,6.0000,0.50,0.2277,49.9181,1.0000,6.8685,0,707,0,0,0.014646
585,28,51000000,28.051000000,-70.45035369258217,-36.94197788664165,35.47182154802493,0.20419324088961274,-0.20954826780606137,-0.27629565976048237,0.9154536319399228,707,706,577,706,577,0,0.8173,0.9986,3.3849,5.9697,1.1973,0,True,3.28,True,-0.16699738829852045,0.2004195145565454,-0.9653724102575088,0.65,7.0000,0.26,0.1275,49.7926,1.0000,3.8218,0,706,0,0,0.014462
586,28,84000000,28.084000000,-69.80120612848145,-36.462727656366646,36.06252168921626,0.20462247560763722,-0.21317782439074648,-0.2677649222848273,0.9170533267253493,577,577,577,577,577,0,1.0000,1.0000,2.1589,4.2725,1.2444,0,True,3.28,True,0.36955424660077246,0.9281862882818359,0.04358753336590443,1.08,5.0000,0.06,0.0342,49.7623,1.0000,0.9306,0,577,0,0,0.013085
587,28,117000000,28.117000000,-69.17451440446196,-37.17545106296213,35.74742991094144,0.20555261057740595,-0.21188595426575624,-0.26820264343930655,0.9170167984949192,577,577,576,576,576,0,0.9983,1.0000,1.6160,3.8680,1.2156,0,True,3.28,True,0.8034015949990381,-0.45196289065076073,-0.3876537406341001,0.19,2.0000,0.12,0.0496,49.8101,1.0000,1.4406,0,577,0,0,0.013109
588,28,150000000,28.150000000,-68.58664276509428,-37.95716428776591,35.539268027317114,0.20595471486354416,-0.21000369580774542,-0.2687608988250697,0.9171960981356739,576,576,575,576,575,0,0.9983,1.0000,2.2477,4.0085,1.2021,0,True,3.28,True,0.8451824313167264,-0.4673663768227455,-0.2592977585887052,0.23,2.0000,0.37,0.1505,49.9600,1.0000,4.5427,0,576,0,0,0.014839
589,28,183000000,28.183000000,-67.71536733903187,-38.44712584566981,35.56784780541552,0.20722721007357037,-0.20801115675830847,-0.2685000516817077,0.9174398968412671,575,575,353,575,353,0,0.6139,1.0000,2.7889,4.5298,1.0411,0,True,3.28,True,0.9603436643344239,-0.009407467466496419,-0.2786602697346689,0.27,6.0000,0.39,0.1941,50.1537,1.0000,5.8751,0,575,0,0,0.011944
590,28,216000000,28.216000000,-66.88640167570966,-39.000751215948284,35.488381596138886,0.20951939272179823,-0.2045878265933574,-0.2693775795491879,0.9174318312111893,353,353,305,353,305,0,0.8640,1.0000,4.9574,7.1342,1.1349,0,True,3.28,True,0.9366986569804684,-0.12840831917554094,-0.3257405863221518,0.48,3.0000,0.76,0.3462,50.4993,1.0000,10.4857,0,353,0,0,0.015507
591,28,249000000,28.249000000,-66.99661693917479,-39.90392818781913,35.90325983512173,0.20982877982666573,-0.20446882341737915,-0.2752595204437316,0.915639983733701,305,305,305,305,305,0,1.0000,1.0000,6.7363,9.7762,1.2789,0,True,3.28,True,0.5477605256839976,-0.5326070257041764,0.6452039698211267,0.71,2.0000,1.02,0.4877,50.9861,1.0000,14.7744,0,305,0,0,0.016582
592,28,282000000,28.282000000,-66.1418231772657,-40.40895514922996,35.78378015965572,0.21220864457433983,-0.19998717697013801,-0.27698060114783146,0.9155623227302563,305,305,290,305,290,0,0.9508,1.0000,6.5385,10.0156,1.2898,0,True,3.28,True,0.9207596159160931,-0.08585152843630794,-0.380567004301737,0.61,7.0000,0.89,0.4155,51.4009,1.0000,12.5882,0,305,0,0,0.011636
593,28,315000000,28.315000000,-66.3380366602874,-41.3326122460505,36.11295767494728,0.2152236813810815,-0.19589873283812723,-0.28178531896386627,0.9142753892901323,290,290,290,290,290,0,1.0000,1.0000,9.4495,14.1223,1.3318,0,True,3.28,True,0.47830073162288617,-0.6172277744639176,0.6247065587612564,0.81,1.0000,1.39,0.6483,52.0480,1.0000,19.6434,0,290,0,0,0.015674
594,28,348000000,28.348000000,-65.6455552079539,-40.69054667882955,35.78398769825744,0.2251515836806162,-0.18721165580578844,-0.28103148068865624,0.9139364677911189,290,290,290,290,290,0,1.0000,1.0000,9.8911,15.2554,1.3719,0,True,3.28,True,0.06645142106535847,0.6132489892150803,-0.7870895030840375,1.51,12.0000,1.31,0.6263,52.6732,1.0000,18.9767,0,290,0,0,0.013203
595,28,381000000,28.381000000,-65.26813175386049,-40.0954119985647,35.07450461273233,0.23455313000026218,-0.17426736518636482,-0.28247435731309667,0.9136870099211409,290,290,290,290,290,0,1.0000,1.0000,12.6787,19.6267,1.4251,0,True,3.28,True,-0.2175349308660128,0.23620933534857438,-0.9470394414950751,1.84,3.0000,1.76,0.8204,53.4921,1.0000,24.8571,0,290,0,0,0.015429
596,28,414000000,28.414000000,-65.51647035783517,-40.92784279881888,34.579139191488494,0.23675944299251514,-0.16300854452467423,-0.2911543627212282,0.9124704475402022,290,290,290,290,290,0,1.0000,1.0000,14.9382,23.6557,1.5211,0,True,3.28,True,0.21200748961232574,-0.9769747099479964,-0.023942440775908472,1.65,4.0000,2.01,0.9399,54.4303,1.0000,28.4800,0,290,0,0,0.015849
597,28,447000000,28.447000000,-64.57699921674138,-41.17439651209613,34.341220630797835,0.24170848775744552,-0.15426448035424775,-0.2938917356901393,0.911815290911531,290,290,257,290,257,0,0.8862,1.0000,15.1235,25.2176,1.4332,0,True,3.28,True,0.8423242518118631,0.12416968169443049,-0.5244728257569582,1.20,5.0000,1.78,0.8578,55.2866,1.0000,25.9921,0,290,0,0,0.013217
598,28,480000000,28.480000000,-63.84524471966139,-41.73565732498614,33.95454032884642,0.24358225453185725,-0.15201019479714656,-0.29927481014977947,0.9099424014544681,257,257,179,257,179,0,0.6965,1.0000,8.2444,15.0589,1.0005,0,True,3.28,True,0.8593381832833195,-0.26661656458031563,-0.43640977789540286,0.73,11.0000,0.00,0.0000,56.3007,0.0000,30.7849,1,257,0,0,0.014533
599,28,513000000,28.513000000,-63.03765145908434,-41.2048202725587,34.21145500192033,0.24911863047030527,-0.15140078078374586,-0.2993576329588936,0.9085167687609954,179,179,179,179,179,0,1.0000,1.0000,9.3508,16.6302,0.8730,0,True,3.28,True,0.3307934346303486,0.8900665574216169,-0.3136195576890714,0.66,10.0000,0.00,0.0000,57.4034,0.0000,33.4661,1,179,0,0,0.014720
600,28,546000000,28.546000000,-63.16847277374565,-42.16640525920563,34.45278485313125,0.25175231249963315,-0.14681032005395026,-0.30950313671431157,0.9051382830489194,179,177,177,177,177,0,1.0000,0.9888,16.7784,27.3110,1.3211,0,True,3.28,True,0.5246015232166819,-0.6000638278189185,0.6039177463711795,1.37,12.0000,1.47,0.6896,58.0918,1.0000,20.8952,0,177,0,0,0.008736
601,28,579000000,28.579000000,-62.5674697348244,-42.78683964227394,33.94894308877059,0.25418883257006336,-0.1438102367520549,-0.3172888908923559,0.9022385565460418,173,173,158,173,158,0,0.9133,1.0000,11.1200,20.5934,0.8541,0,True,3.28,True,0.7980484187685061,-0.40602462386026356,-0.44526702788351497,1.05,9.0000,0.00,0.0000,59.7904,0.0000,51.5521,1,173,0,0,0.015130
602,28,612000000,28.612000000,-61.856689277471915,-42.95371903671408,33.26561124467354,0.25774927978328793,-0.13928466216376834,-0.3248981970793955,0.8992253628494248,158,158,158,158,158,0,1.0000,1.0000,11.9115,22.5479,0.8105,0,True,3.28,True,0.5789116658660365,-0.13251807525212322,-0.8045497143469028,1.15,7.0000,0.00,0.0000,61.0319,0.0000,37.6772,1,158,0,0,0.019253
603,28,645000000,28.645000000,-61.095787700955086,-43.235572663279676,32.68115652098144,0.2611278326916617,-0.1356619099485255,-0.3329149529386186,0.8958659136794695,158,158,158,158,158,0,1.0000,1.0000,12.8188,24.6242,0.8437,0,True,1.64,True,0.7071499421351213,-0.11874884293542254,-0.697020567587351,1.15,6.0000,0.00,0.0000,62.4287,0.0000,42.3852,1,158,0,0,0.015080
604,28,678000000,28.678000000,-61.063343347738886,-42.89382921184011,31.741923441632906,0.26724166463036686,-0.1275145086630434,-0.34205970476803205,0.8918055287673541,158,158,158,158,158,0,1.0000,1.0000,13.7589,26.8977,0.8409,0,True,1.64,True,-0.26900004207949635,-0.2878390493955507,-0.9191233100103026,1.64,5.0000,0.00,0.0000,63.5126,0.0000,32.8877,1,158,0,0,0.011280
605,28,711000000,28.711000000,-61.08517140270196,-42.48229849126681,30.830788982817452,0.27309689607644316,-0.1171674956411409,-0.35079453770357694,0.8880501425234554,158,158,158,158,158,0,1.0000,1.0000,14.7050,29.4019,0.9110,0,True,1.64,True,-0.33578004188234545,-0.26916251260006846,-0.9026645585622094,1.74,1.0000,0.00,0.0000,64.8190,0.0000,39.6396,1,158,0,0,0.013185
606,28,744000000,28.744000000,-60.22487706525863,-42.75827677050256,30.402152024129787,0.27633457748330453,-0.11396451109058964,-0.35915669016310425,0.8841141122106865,158,155,145,155,145,0,0.9355,0.9810,15.4433,32.1351,0.9203,0,True,1.64,True,0.8074800912409578,0.07091265720811124,-0.5856170227180726,1.18,3.0000,0.00,0.0000,66.8417,0.0000,61.3682,1,155,0,0,0.019702
607,28,777000000,28.777000000,-59.381435840501794,-42.84890027082143,29.872629331914773,0.28018060559153823,-0.1107488426782745,-0.3689147609666564,0.8792811957711233,145,143,62,143,62,0,0.4336,0.9862,16.7039,35.8379,1.0129,0,True,1.64,True,0.665596085108743,0.12703288300096893,-0.7354213065477345,1.37,3.0000,0.00,0.0000,68.4250,0.0000,48.0368,1,143,0,0,0.014911
608,28,810000000,28.810000000,-59.381435840501794,-42.84890027082143,29.872629331914773,0.28018060559153823,-0.1107488426782745,-0.3689147609666564,0.8792811957711233,2000,0,0,0,0,0,0.0000,0.0000,0.0000,0.0000,0.0000,1,True,3.28,True,0.0,0.0,0.0,0.00,10.0000,0.00,0.0000,69.6171,0.0000,36.1628,1,2000,0,0,0.010981
609,28,843000000,28.843000000,-59.56429404717475,-43.656062764532585,29.311334770210905,0.28154818639082313,-0.10656480093347269,-0.381315250924219,0.8740556282952748,2000,1921,1632,1782,1632,0,0.8496,0.9605,21.0287,874.7901,4.7910,0,True,3.28,True,0.4518640312410391,-0.8904362694543607,-0.0542415644206394,1.62,12.0000,0.00,0.0000,71.2285,0.0000,48.8829,1,1921,0,0,0.014573
610,28,876000000,28.876000000,-59.82837404947426,-44.42303285820747,28.726511183311555,0.28318364134566,-0.10226663406898517,-0.39383427810763144,0.8684717164179002,1623,1603,1566,1592,1566,0,0.9769,0.9877,16.0332,40.7507,3.2718,0,True,3.28,True,0.39261063521001616,-0.9178884657161472,-0.05777242962906022,1.66,0.0000,0.00,0.0000,73.3806,0.0000,65.2818,1,1603,0,0,0.019060
611,28,909000000,28.909000000,-60.188890500890324,-45.151942727063116,28.144516087676546,0.28455304067650317,-0.09777196680857853,-0.4067475399318391,0.8625697932964819,1554,1533,1492,1493,1492,0,0.9733,0.9865,16.2202,70.4387,3.1625,0,True,3.28,True,0.32613944208069745,-0.9447728600686277,-0.03220725379532806,1.71,4.0000,0.00,0.0000,74.8182,0.0000,43.6078,1,1533,0,0,0.012514
612,28,942000000,28.942000000,-60.489169298189225,-45.910981754522645,27.56685494246596,0.28587981302159066,-0.0935018396062814,-0.4193798348337719,0.8565341164435775,1485,1467,1414,1445,1414,0,0.9639,0.9879,16.4403,37.7902,2.7914,0,True,3.28,True,0.4159544917010888,-0.9084752351758354,-0.040676871879475336,1.68,2.0000,0.00,0.0000,76.6686,0.0000,56.1275,1,1467,0,0,0.015932
613,28,975000000,28.975000000,-60.2108483277836,-45.18090508097694,28.190974713164586,0.2894963399093376,-0.09031489460031826,-0.42967673545447327,0.8505368845626963,1409,1396,1012,1349,1012,0,0.7249,0.9908,16.6318,40.1521,2.6480,0,True,3.28,True,-0.43766980050444715,0.8936034067903985,0.09958964353280347,1.47,6.0000,0.00,0.0000,78.4829,0.0000,55.0284,1,1396,0,0,0.008634
614,29,8000000,29.008000000,-60.97513303641509,-45.77467048768198,27.93935689592486,0.2907036521643929,-0.08636288913708073,-0.44339032120632926,0.8434677593475214,1006,995,994,994,994,0,0.9990,0.9891,18.3818,37.0170,1.2965,0,True,3.28,True,0.019371101821236983,-0.9370942783295932,0.3485384827191539,1.83,5.0000,0.00,0.0000,80.3221,0.0000,55.7828,1,995,0,0,0.022416
615,29,41000000,29.041000000,-60.64144615013302,-46.28109249326661,27.14425324596279,0.293616060612213,-0.08264045916652658,-0.45428802008350516,0.8370080992845408,991,981,709,981,709,0,0.7227,0.9899,18.5789,43.4401,1.3462,0,True,3.28,True,0.6908568057673349,-0.4396853890990766,-0.5739282468547342,1.55,11.0000,0.00,0.0000,81.8792,0.0000,47.2250,1,981,0,0,0.013152
616,29,74000000,29.074000000,-61.273176145714835,-46.667752284628776,26.47238166714288,0.29443252606859943,-0.07594515434606915,-0.4692391614105525,0.8290696174163763,705,692,687,687,687,0,0.9928,0.9816,19.1244,43.0352,1.3801,0,True,3.28,True,0.036751185962498385,-0.990844535100211,-0.12990942072227368,2.09,8.0000,0.00,0.0000,83.6595,0.0000,53.9927,1,692,0,0,0.015027
617,29,107000000,29.107000000,-60.866375714388916,-47.27517547714406,25.79006907436185,0.2968724674377373,-0.07264284834163544,-0.4796687547971994,0.822500845187133,678,665,434,662,434,0,0.6526,0.9808,19.0773,37.1812,1.3077,0,True,3.28,True,0.8253573167836119,-0.31803439909616404,-0.46651840330612726,1.49,11.0000,0.00,0.0000,85.5484,0.0000,57.2832,1,665,0,0,0.015973
618,29,140000000,29.140000000,-61.36192028737871,-47.54867774829429,24.96567106135113,0.2987752180690233,-0.06677675463614463,-0.4925239490675341,0.8146744096281612,431,411,411,411,411,0,1.0000,0.9536,21.4589,38.2576,1.3687,0,True,3.28,True,0.10159807309824627,-0.9291268552717481,-0.3555293494995252,1.86,10.0000,0.00,0.0000,87.2611,0.0000,51.9390,1,411,0,0,0.014547
619,29,173000000,29.173000000,-62.25970746859165,-47.78368986313382,24.593182829149942,0.298425895084993,-0.06038652278879965,-0.5074277284433939,0.806109517010546,404,389,387,387,387,0,0.9949,0.9629,21.4070,41.8473,1.4045,0,True,3.28,True,-0.18713858184188878,-0.969512795214682,0.15819004741519205,2.10,4.0000,0.00,0.0000,88.8053,0.0000,46.8283,1,389,0,0,0.013203
620,29,206000000,29.206000000,-62.29960101052646,-48.27578358791643,23.7235551666751,0.30017517299205565,-0.05636932390159544,-0.517877536535164,0.7990746035223097,379,368,336,363,336,0,0.9130,0.9710,21.1556,44.6802,1.4418,0,True,3.28,True,0.5799624385641534,-0.6539270100283963,-0.4858220203017174,1.53,8.0000,0.00,0.0000,90.9894,0.0000,66.2326,1,368,0,0,0.018878
621,29,239000000,29.239000000,-62.138207400267945,-47.59383977163414,23.01017957555774,0.3117620044244923,-0.050521492590816064,-0.5289084871541931,0.7877232024003622,333,328,326,326,326,0,0.9939,0.9850,20.4489,40.1095,1.3686,0,True,3.28,True,-0.35615975893198054,-0.06249950030871967,-0.9323325793828475,2.35,0.0000,0.00,0.0000,92.3083,0.0000,39.9906,1,328,0,0,0.011536
622,29,272000000,29.272000000,-61.71638777187331,-48.115336582067954,22.26848605542402,0.3139502458550404,-0.04779845147179085,-0.5383551689728852,0.7805922515658446,319,316,215,315,215,0,0.6804,0.9906,20.4501,39.5969,1.3389,0,True,3.28,True,0.82020375928228,-0.194081949600042,-0.5381430944448348,1.41,7.0000,0.00,0.0000,94.4203,0.0000,64.0417,1,316,0,0,0.018780
623,29,305000000,29.305000000,-61.249815651046845,-48.664574566366014,21.57519816957018,0.31626613133878356,-0.04588748734053944,-0.5469114171953698,0.7737945298429832,214,202,197,198,197,0,0.9752,0.9439,22.8171,60.5679,1.5442,0,True,3.28,True,0.8547133941678496,-0.11994641045977926,-0.5050523462453057,1.30,6.0000,0.00,0.0000,96.1259,0.0000,51.7182,1,202,0,0,0.015474
624,29,338000000,29.338000000,-61.655472715077856,-48.966228287486395,20.71238452866274,0.3177385988474037,-0.04198784411576178,-0.5568010647475597,0.7663235465813268,196,193,191,192,191,0,0.9896,0.9847,22.3812,35.5556,1.5499,0,True,3.28,True,0.3400069929581185,-0.8580343709733427,-0.3849315042549235,1.50,5.0000,0.00,0.0000,97.6934,0.0000,47.5267,1,193,0,0,0.014522
625,29,371000000,29.371000000,-60.84195262599806,-49.49634689769529,20.473304366847124,0.31947148469676284,-0.039998741600794856,-0.564015243330093,0.7604109917848996,187,181,180,180,180,0,0.9945,0.9679,22.1728,36.4914,1.4869,0,True,3.28,True,0.8419711021487378,0.4505516532361611,-0.29679600892296665,1.11,4.0000,0.00,0.0000,99.3948,0.0000,51.5870,1,181,0,0,0.016164
626,29,404000000,29.404000000,-61.80931993213939,-49.27938773458994,20.3424257339329,0.31324813545856034,-0.02149324597531229,-0.5870538800146691,0.7461778527729851,175,164,164,164,164,0,1.0000,0.9371,21.6312,36.1823,1.4025,0,True,3.28,True,-0.5012487597679858,-0.839908996598445,0.2080926674922719,3.83,3.0000,0.00,0.0000,100.9084,0.0000,45.8902,1,164,0,0,0.014781
627,29,437000000,29.437000000,-60.88247066022255,-49.64965662995574,20.404485159259053,0.3233424642333817,-0.0454220375718236,-0.5728496376898725,0.7518176520439581,162,154,153,153,153,0,0.9935,0.9506,20.8725,30.1569,1.6718,0,True,3.28,True,0.5956904576113302,0.7877125447699092,-0.1570408403025081,3.45,2.0000,0.00,0.0000,102.4605,0.0000,47.0582,1,154,0,0,0.015634
628,29,470000000,29.470000000,-61.53846464021353,-49.74940931916529,19.656339919876327,0.3245584423035708,-0.04205060334180455,-0.5817523460445243,0.7446192128596749,146,132,130,130,130,0,0.9848,0.9041,19.8563,36.6478,1.2831,0,True,1.64,True,0.09215915395747055,-0.9618748384148013,-0.2574946321117068,1.37,1.0000,0.00,0.0000,103.9699,0.0000,45.7637,1,132,0,0,0.015562
629,29,503000000,29.503000000,-61.457311080632174,-48.97230280443554,19.032224894795338,0.34135911960630066,-0.03375843242404552,-0.5913763234005753,0.7298002218573932,128,122,122,122,122,0,1.0000,0.9531,18.8348,26.0993,1.1777,0,True,1.64,True,-0.4719384494670457,-0.17671739841496992,-0.8637390005158304,2.95,6.0000,0.00,0.0000,105.1815,0.0000,36.7306,1,122,0,0,0.006572
630,29,536000000,29.536000000,-61.31996228267762,-49.500537443819304,18.19430874537731,0.34280612322102927,-0.032638957600950626,-0.597930618413114,0.7238077340654787,121,113,111,112,111,0,0.9823,0.9339,17.8915,25.0280,1.2454,0,True,1.64,True,0.806115090518146,-0.3712096650327338,-0.46084904841521235,1.04,12.0000,0.00,0.0000,106.4748,0.0000,39.2105,1,113,0,0,0.021298
631,29,569000000,29.569000000,-61.30866019188572,-50.05231171659911,17.360391834263233,0.3438714174339552,-0.030933945826119903,-0.6034896814418009,0.7187459521005058,109,106,101,106,101,0,0.9528,0.9725,16.9954,26.0236,1.4615,0,True,1.64,True,0.7956067885559281,-0.4643995744964362,-0.38902811365150947,0.89,7.0000,0.00,0.0000,107.8144,0.0000,40.6144,1,106,0,0,0.009824
632,29,602000000,29.602000000,-61.30866019188572,-50.05231171659911,17.360391834263233,0.3438714174339552,-0.030933945826119903,-0.6034896814418009,0.7187459521005058,2000,0,0,0,0,0,0.0000,0.0000,0.0000,0.0000,0.0000,1,True,3.28,True,0.0,0.0,0.0,0.00,11.0000,0.00,0.0000,109.0594,0.0000,37.7455,1,2000,0,0,0.021381
633,29,635000000,29.635000000,-62.23884619231302,-49.73488133320807,17.176022757926436,0.3442304095696049,-0.027666953412209927,-0.6108644903723576,0.712449674867319,2000,1879,1721,1770,1721,0,0.9159,0.9395,22.6812,1037.1560,3.5113,0,True,3.28,True,-0.4646632148139894,-0.8740338938625495,0.14196073111321356,1.17,8.0000,0.00,0.0000,110.2029,0.0000,34.6669,1,1879,0,0,0.014985
634,29,668000000,29.668000000,-62.906329663528375,-49.31808861345651,16.558973615299706,0.34576683244064244,-0.02319220995704549,-0.6178794436681584,0.7057849616374666,1721,1721,1702,1702,1702,0,0.9890,1.0000,10.7890,147.9464,1.3144,0,True,3.28,True,-0.30385706023300485,-0.8848327420143636,-0.3531882013967888,1.23,6.0000,0.00,0.0000,111.4398,0.0000,37.4985,1,1721,0,0,0.017327
635,29,701000000,29.701000000,-63.80515864354508,-48.96831471464009,16.294843563263036,0.34608828189453505,-0.020279864787123247,-0.6241016221024609,0.7002205320529967,1699,1697,1617,1697,1617,0,0.9529,0.9988,9.1158,21.0863,1.1843,0,True,3.28,True,-0.41802501014602994,-0.9069402855311212,0.052099993984071176,1.01,8.0000,0.00,0.0000,112.5997,0.0000,35.1675,1,1697,0,0,0.017572
636,29,734000000,29.734000000,-64.68532840383662,-48.51116850625435,16.167099533160382,0.35121117263035667,-0.012416214427547468,-0.6266445199658657,0.6955668159390934,1615,1607,1311,1603,1311,0,0.8158,0.9950,12.9150,28.4349,1.3934,0,True,3.28,True,-0.5482034986016822,-0.8305613521878331,0.09818739416439319,1.24,8.0000,1.87,0.8816,113.4805,1.0000,26.7032,0,1607,0,0,0.014474
637,29,767000000,29.767000000,-65.64339259948389,-48.31515137221184,15.958077332950658,0.35423139426551076,-0.006627097862513869,-0.6303937579600181,0.6907097153042507,1273,1261,1259,1259,1259,0,0.9984,0.9906,8.9801,22.2132,1.1945,0,True,3.28,True,-0.28952907358427266,-0.9384955777916285,0.18814612941804032,1.03,6.0000,1.27,0.6014,114.0813,1.0000,18.2134,0,1261,0,0,0.010587
638,29,800000000,29.800000000,-66.52835424251383,-47.993463758540045,15.621387609947567,0.3594616154847146,0.0010555180732045926,-0.6320798898194838,0.6864847017672757,1217,1191,1187,1188,1187,0,0.9966,0.9786,12.3202,25.4234,1.2249,0,True,3.28,True,-0.31588431686300716,-0.9487910436128738,-0.003557234879090177,1.19,0.0000,1.96,0.9311,115.0111,1.0000,28.1912,0,1191,0,0,0.017906
639,29,833000000,29.833000000,-67.34771545156727,-47.59288285652041,16.031487780681022,0.36376012723568585,0.00523378721849936,-0.6329912599074867,0.6833544045263495,1109,1094,1073,1091,1073,0,0.9808,0.9865,8.9855,19.3861,1.1084,0,True,3.28,True,-0.6989302865580773,-0.5328590669186134,0.47703005076668764,0.78,3.0000,1.49,0.6991,115.7092,1.0000,21.1632,0,1094,0,0,0.015164
640,29,866000000,29.866000000,-67.33017290263878,-47.42428031132129,15.045959779694018,0.36548651494137235,0.008713473156970604,-0.6347768047880356,0.6807364327584099,1002,1001,1000,1000,1000,0,0.9990,0.9990,4.4180,12.4371,1.0237,0,True,3.28,True,0.319164152201343,-0.4793138021925831,-0.8175527646441464,0.57,1.0000,0.77,0.3641,116.0727,1.0000,11.0222,0,1001,0,0,0.008658
641,29,899000000,29.899000000,-68.05816197494978,-46.97350817085601,14.529397694387614,0.36935072075744524,0.01293565795372647,-0.6355763604722536,0.6778313977960181,953,950,942,943,942,0,0.9916,0.9969,6.5458,18.0650,1.1002,0,True,3.28,True,-0.28208939784375786,-0.9180409444357633,-0.2786151395090326,0.74,8.0000,1.15,0.5522,116.6238,1.0000,16.7106,0,950,0,0,0.014657
642,29,932000000,29.932000000,-68.3339638639596,-47.610836776022836,15.248943083542942,0.3776194447857663,0.012901767435320864,-0.6366041621519932,0.6722888070223191,883,864,526,851,526,0,0.6088,0.9785,9.9949,19.4115,1.2816,0,True,3.28,True,0.1397187840148902,0.15964887100063363,0.9772363579920794,1.15,2.0000,1.66,0.7882,117.4102,1.0000,23.8450,0,864,0,0,0.025981
643,29,965000000,29.965000000,-69.06189109570644,-47.33325612856903,15.875896773571558,0.37951461390938895,0.013469900799703753,-0.6362450567551253,0.6715500333976023,472,472,417,472,417,0,0.8835,1.0000,3.4978,5.5985,0.9422,0,True,3.28,True,-0.6848804620192283,-0.34871301606860733,0.6397952681668282,0.25,12.0000,0.78,0.3723,117.7810,1.0000,11.2451,0,472,0,0,0.011961
644,29,998000000,29.998000000,-69.23898775953775,-46.91721541690457,16.76783113096426,0.38295499068675015,0.011589261946534101,-0.6344732981524593,0.6713082734833424,395,395,395,395,395,0,1.0000,1.0000,3.1389,4.5971,0.7926,0,True,3.28,True,-0.8317992893581294,0.24556910237542323,0.4978009222388402,0.49,4.0000,0.54,0.2589,118.0383,1.0000,7.8021,0,395,0,0,0.020715
645,30,31000000,30.031000000,-69.99736512325187,-46.31872995194512,16.509608509108066,0.38497679379494437,0.012702316471092339,-0.6344686975793059,0.6701350544387693,387,387,387,387,387,0,1.0000,1.0000,3.5969,5.1091,0.7424,0,True,3.28,True,-0.5226034026415364,-0.8406333922931823,-0.1422012071297037,0.30,3.0000,0.34,0.1530,118.1891,1.0000,4.5764,0,387,0,0,0.014659
646,30,64000000,30.064000000,-70.96824711439544,-46.20388838721925,16.29937156115554,0.3816585515052544,0.015430532143376193,-0.6383023324326871,0.6683328371041444,381,381,381,381,381,0,1.0000,1.0000,4.4912,6.1983,0.8881,0,True,3.28,True,-0.17916166524653762,-0.9518401224310893,0.24880007844945817,0.69,5.0000,0.11,0.0384,118.2262,1.0000,1.1235,0,381,0,0,0.006052
647,30,97000000,30.097000000,-71.22243601634482,-45.87312631503872,17.208208429758805,0.3833633157894807,0.01108389403816215,-0.6360715016957498,0.6695690854052024,381,381,381,381,381,0,1.0000,1.0000,5.6536,7.3814,0.8819,0,True,3.28,True,-0.7868039793074555,0.19075065181978065,0.5869869563936511,0.61,6.0000,0.10,0.0346,118.2427,1.0000,0.5044,0,381,0,0,0.013832
648,30,130000000,30.130000000,-72.15177383170001,-45.89692578342804,16.839745663315277,0.3759671841260696,0.01654228607821162,-0.6450396572733472,0.6650555388659684,381,381,381,381,381,0,1.0000,1.0000,6.6776,8.5139,0.8648,0,True,3.28,True,0.028122020040024034,-0.9810069976813542,0.19192295977574939,1.56,10.0000,0.15,0.0587,118.1893,1.0000,1.6162,0,381,0,0,0.015628
649,30,163000000,30.163000000,-72.90160321188269,-45.50681145401954,17.374130085435723,0.3751511356667252,0.011821986461814885,-0.6436776668188869,0.666933975204935,381,381,372,381,372,0,0.9764,1.0000,8.5809,10.9081,0.8449,0,True,3.28,True,-0.7262515656742639,-0.44163815710518906,0.5267963568063212,0.61,10.0000,0.52,0.2508,117.9416,1.0000,7.5053,0,381,0,0,0.017751
650,30,196000000,30.196000000,-72.95607815353193,-44.589378824746355,16.979985630347,0.381861950832381,0.017479139025760922,-0.6388854061615269,0.667608693771454,372,372,372,372,372,0,1.0000,1.0000,9.4608,11.7269,0.8166,0,True,3.28,True,-0.5923036191632156,-0.3395129487575158,-0.7306896607672322,1.15,11.0000,0.64,0.3004,117.6430,1.0000,9.0489,0,372,0,0,0.021894
651,30,229000000,30.229000000,-72.96578599806801,-43.65817545708368,16.615614877118723,0.3893474517974008,0.024235551126519934,-0.632596629615438,0.6690610615180447,372,372,372,372,372,0,1.0000,1.0000,11.0025,13.5331,0.8717,0,True,3.28,True,-0.5974179229480447,-0.28661128300481753,-0.7489631484891474,1.37,4.0000,0.95,0.4471,117.1975,1.0000,13.5010,0,372,0,0,0.017678
652,30,262000000,30.262000000,-72.38756987486917,-43.48505808619081,17.41292064705146,0.39633005725541487,0.00418793498109311,-0.6175689533932058,0.6793478745983785,372,372,372,372,372,0,1.0000,1.0000,11.5691,13.9101,0.9365,0,True,3.28,True,-0.4471271079188504,0.8733870220139263,0.19306076541278375,3.21,5.0000,1.02,0.4801,116.7185,1.0000,14.5191,0,372,0,0,0.015185
653,30,295000000,30.295000000,-73.24896036613006,-43.50431562675695,16.905342506567987,0.3877304031005855,0.004250269522390723,-0.6238287754232229,0.6785902509426486,372,372,371,371,371,0,0.9973,1.0000,12.9132,30.8049,1.2298,0,True,3.28,True,0.06314743834756686,-0.9948617508347907,0.07913594477906347,1.22,6.0000,1.27,0.6135,116.1060,1.0000,18.5661,0,372,0,0,0.016313
654,30,328000000,30.328000000,-74.09121261490361,-43.10318740584363,17.265491503266308,0.3847611997902041,-0.003877252286709363,-0.6208289820204536,0.6830191513670427,371,370,363,370,363,0,0.9811,0.9973,13.1293,15.1142,1.1470,0,True,3.28,True,-0.7012697963878287,-0.5599464458151623,0.441226303038634,1.17,10.0000,1.27,0.6053,115.5014,1.0000,18.3257,0,370,0,0,0.013959
655,30,361000000,30.361000000,-74.28999812450897,-42.34596735196973,16.64331619743833,0.3858306855610524,-0.008371670274243286,-0.6178513091100021,0.6850725195534881,363,363,356,356,356,0,0.9807,1.0000,15.6526,86.2547,1.5626,0,True,3.28,True,-0.39604001084216,-0.548689886397791,-0.7362687813407008,0.67,11.0000,1.52,0.7324,114.7698,1.0000,22.1773,0,363,0,0,0.009874
656,30,394000000,30.394000000,-74.13797135207014,-41.468997890691185,16.187451717086308,0.39439685174516653,0.006274894319966212,-0.6033322308538176,0.6931103579140411,356,355,355,355,355,0,1.0000,0.9972,14.1230,25.8326,1.3792,0,True,3.28,True,-0.5000097575744009,-0.17167063745017694,-0.8488341619938718,2.72,7.0000,1.27,0.6095,114.1609,1.0000,18.4571,0,355,0,0,0.014625
657,30,427000000,30.427000000,-73.98404114407934,-40.796747569186635,16.911596037166866,0.39409086371102864,-0.0065531779506623694,-0.5941377136468121,0.7011774555850901,355,353,349,349,349,0,0.9887,0.9944,17.2635,167.1704,1.6137,0,True,3.28,True,-0.8679789534366409,0.49362701788283975,0.0542669660763176,2.03,5.0000,1.90,0.9004,113.2613,1.0000,27.2687,0,353,0,0,0.010645
658,30,460000000,30.460000000,-74.80409032638792,-40.92362047512722,16.353543526794212,0.38819328726282337,-0.0024170972615741573,-0.5995430858675247,0.6998915755696427,349,349,349,349,349,0,1.0000,1.0000,15.2142,23.9067,1.2523,0,True,3.28,True,0.12154127848452194,-0.9896710104821846,0.07601979107784596,1.04,3.0000,0.00,0.0000,112.1438,0.0000,33.8735,1,349,0,0,0.024021
659,30,493000000,30.493000000,-75.45301400383912,-40.39653196880782,16.902247242244727,0.38361607484955074,-0.014116498950391174,-0.5946790063810009,0.7063967093242387,349,349,246,339,246,0,0.7049,1.0000,21.9568,595.8053,1.7967,0,True,3.28,True,-0.8792927476610224,-0.2543258029272469,0.402694238692511,1.71,7.0000,2.03,0.9728,111.1717,1.0000,29.4690,0,349,0,0,0.007553
660,30,526000000,30.526000000,-76.22077942733581,-39.875386399069974,17.274998566354427,0.3839187250202068,-0.01973919523398197,-0.5862460904654289,0.7131145056471463,246,246,212,246,212,0,0.8618,1.0000,17.5099,27.6425,1.3747,0,True,3.28,True,-0.8305550766792013,-0.42928929225754675,0.3548083541229277,1.39,2.0000,0.00,0.0000,109.7342,0.0000,43.5736,1,246,0,0,0.025459
661,30,559000000,30.559000000,-77.19443741346144,-39.66873953285261,17.178628453060313,0.38354280822374903,-0.024516486211084553,-0.5790020075905441,0.7190622583405569,212,212,212,212,212,0,1.0000,1.0000,19.3145,30.6720,1.2854,0,True,3.28,True,-0.43888369493174895,-0.8506498769757662,0.28944064870741537,1.21,5.0000,0.00,0.0000,108.7235,0.0000,30.6369,1,212,0,0,0.012527
662,30,592000000,30.592000000,-77.93049926306315,-39.14208258335091,17.603887681181767,0.3799456117757826,-0.035623924785871314,-0.5715081153944462,0.7264645497981751,212,207,169,204,169,0,0.8164,0.9764,21.2236,164.0240,1.5632,0,True,3.28,True,-0.8639796272552664,-0.33382787662661,0.3769590859427845,1.80,5.0000,1.53,0.7405,107.9834,1.0000,22.4356,0,207,0,0,0.008821
663,30,625000000,30.625000000,-78.90991833604149,-38.9457319730507,17.55714672140344,0.37927985611160786,-0.04114371058503556,-0.5629760831291204,0.7331520412928321,169,169,169,169,169,0,1.0000,1.0000,22.5553,31.2944,1.3771,0,True,3.28,True,-0.48761200937764365,-0.8030677209252619,0.3425153484423765,1.40,13.0000,0.00,0.0000,106.2777,0.0000,51.7074,1,169,0,0,0.014062
664,30,658000000,30.658000000,-79.82920700479106,-38.552444708411606,17.572426478643735,0.3791314509460995,-0.046938995306484814,-0.5530493052661482,0.7404002563260995,169,168,156,168,156,0,0.9286,0.9941,24.3162,33.4391,1.2791,0,True,3.28,True,-0.6759880366069816,-0.6901334747777853,0.25837175030443604,1.56,9.0000,0.00,0.0000,104.7940,0.0000,44.9775,1,168,0,0,0.021113
665,30,691000000,30.691000000,-80.76252275703666,-38.2083829609578,17.46974629287629,0.37917148689056634,-0.05307226590924828,-0.5424835734346585,0.7477458730571629,156,155,86,155,86,0,0.5548,0.9936,26.1400,32.8423,1.4618,0,True,3.28,True,-0.6163631489006117,-0.7594246218256349,0.20825636230932706,1.63,5.0000,0.00,0.0000,103.0315,0.0000,53.4304,1,155,0,0,0.017945
666,30,724000000,30.724000000,-80.76252275703666,-38.2083829609578,17.46974629287629,0.37917148689056634,-0.05307226590924828,-0.5424835734346585,0.7477458730571629,2000,0,0,0,0,0,0.0000,0.0000,0.0000,0.0000,0.0000,1,True,4.92,True,0.0,0.0,0.0,0.00,5.0000,0.00,0.0000,101.4853,0.0000,46.8709,1,2000,0,0,0.015063
667,30,757000000,30.757000000,-81.61402440979074,-38.23518283090542,16.946079698249658,0.3779612039754148,-0.0580238904896095,-0.5328505308067936,0.7548833474390749,2000,1965,1800,1807,1800,0,0.9160,0.9825,29.9368,394.9873,4.3406,0,True,4.92,True,-0.14884238751868917,-0.9869532386423309,0.06139420502906289,1.49,7.0000,0.00,0.0000,99.9531,0.0000,46.4489,1,1965,0,0,0.014410
668,30,790000000,30.790000000,-82.43892029504329,-38.20824953547459,16.381437000527782,0.377320961746663,-0.06385808158709456,-0.5214379983566232,0.7626620818635391,1796,1780,1380,1766,1380,0,0.7753,0.9911,24.0798,111.8262,1.4972,0,True,4.92,True,-0.19579481948809535,-0.9806063380367416,-0.00869473770712889,1.72,9.0000,0.00,0.0000,98.3707,0.0000,47.9702,1,1780,0,0,0.014431
669,30,823000000,30.823000000,-83.27024197931452,-38.40303052638181,15.860894377064886,0.3768920552156038,-0.07086919503893792,-0.5091904191661313,0.7704901381194381,1375,1365,1291,1354,1291,0,0.9458,0.9927,24.7331,44.0682,1.2126,0,True,3.28,True,-0.05403514890099637,-0.9887954508495357,0.13915372457289957,1.85,9.0000,0.00,0.0000,96.7612,0.0000,48.7900,1,1365,0,0,0.014276
670,30,856000000,30.856000000,-83.5973135387132,-38.25971727099735,14.926825051016975,0.3779028470198962,-0.07532433080552088,-0.4973084210043831,0.7773030411628946,1285,1277,1273,1273,1273,0,0.9969,0.9938,24.6175,50.3002,1.1506,0,True,3.28,True,-0.01778388924072402,-0.820786995641272,-0.5709574774618933,1.65,5.0000,0.00,0.0000,95.2490,0.0000,45.8421,1,1277,0,0,0.013099
671,30,889000000,30.889000000,-84.49054826041439,-38.40984378356227,14.503040008604563,0.3773853357918327,-0.08255619939683337,-0.48426949819169135,0.785014544700672,1267,1265,1221,1255,1221,0,0.9652,0.9984,24.9297,45.7255,1.1779,0,True,3.28,True,-0.20700207481844154,-0.953433033802198,0.21935266370754822,1.92,8.0000,0.00,0.0000,93.3095,0.0000,58.7942,1,1265,0,0,0.016402
672,30,922000000,30.922000000,-85.24997061405945,-38.68499547796298,13.913489982014278,0.3758951969255888,-0.08870063842655083,-0.4724402112838045,0.7922343368177811,1214,1209,1204,1204,1204,0,0.9959,0.9959,25.1749,47.5768,1.1476,0,True,3.28,True,-0.02745530925647362,-0.9942553693543408,0.10345272593651204,1.75,7.0000,0.00,0.0000,91.5707,0.0000,52.7110,1,1209,0,0,0.014399
673,30,955000000,30.955000000,-85.70545099237555,-39.19473362073548,14.64335616890873,0.38060361420609684,-0.09737031621095966,-0.4591336874379168,0.7967786188358067,1199,1194,533,1183,533,0,0.4464,0.9958,25.5439,47.1782,1.1942,0,True,3.28,True,0.013924530919457723,0.04714900943706719,0.9987908081013644,1.97,7.0000,0.00,0.0000,90.3325,0.0000,37.5361,1,1194,0,0,0.010108
674,30,988000000,30.988000000,-86.19111424042424,-38.777141516460674,15.411306716758085,0.38056478114795206,-0.10563969945078687,-0.4438468617188809,0.8043697312754001,528,521,415,520,415,0,0.7965,0.9867,30.3289,49.2298,1.3196,0,True,3.28,True,-0.7574164302866911,0.33564310408864745,0.5600571915523479,2.17,7.0000,0.00,0.0000,88.5544,0.0000,53.9024,1,521,0,0,0.014338
675,31,21000000,31.021000000,-87.04059671121202,-39.160932656576534,15.049251620684501,0.3791350597982385,-0.1126172832687938,-0.4314006312100114,0.810843665161507,412,392,386,387,386,0,0.9847,0.9515,31.7888,47.2003,1.4789,0,True,3.28,True,-0.13014630854195114,-0.9152778866490298,0.38121952807298465,1.80,6.0000,0.00,0.0000,86.7927,0.0000,53.4041,1,392,0,0,0.008094
676,31,54000000,31.054000000,-87.33840141720793,-38.52427385397836,15.760572874521987,0.3808246711056403,-0.123053929250672,-0.41043820826785826,0.8193721850094265,383,371,361,361,361,0,0.9730,0.9687,32.2615,49.0961,1.6681,0,True,3.28,True,-0.7819531260676467,0.5402068780906932,0.3110077772283875,2.86,2.0000,0.00,0.0000,84.4370,0.0000,71.4113,1,371,0,0,0.024553
677,31,87000000,31.087000000,-88.3334190874044,-38.481940902656746,15.670307946508837,0.38153370800584563,-0.1299813894178231,-0.3952456200381657,0.8254197525507664,359,333,187,333,187,0,0.5616,0.9276,33.7946,48.5892,1.5420,0,True,3.28,True,-0.6520690684467132,-0.6256537629696353,0.4282094100518705,2.04,1.0000,0.00,0.0000,82.7965,0.0000,49.7318,1,333,0,0,0.012880
678,31,120000000,31.120000000,-88.59476982511552,-37.80453363454142,16.357923525886132,0.3863239959589853,-0.14418727163342432,-0.3637386520073608,0.8352592375311148,182,159,156,156,156,0,0.9811,0.8736,36.3343,51.5570,1.7589,0,True,3.28,True,-0.7398882431562254,0.6276829559601516,0.24203201118100198,4.15,1.0000,0.00,0.0000,80.8506,0.0000,58.9876,1,159,0,0,0.015244
679,31,153000000,31.153000000,-89.26690615255072,-38.06290596103984,15.664038450213136,0.38561291702214195,-0.15072633532324514,-0.3486697324639726,0.8408410478379378,149,130,108,124,108,0,0.8308,0.8725,35.1212,51.5078,2.1709,0,True,3.28,True,-0.252677860778912,-0.9670037167896325,0.032522459735215274,1.99,3.0000,0.00,0.0000,79.2054,0.0000,49.8766,1,130,0,0,0.012896
680,31,186000000,31.186000000,-88.93855134170396,-38.39222092070833,14.77875048828645,0.37902988659908027,-0.1438981962475297,-0.34633907885456466,0.8459780710157725,105,99,82,89,82,0,0.8283,0.9429,32.7212,49.0093,2.8424,0,True,3.28,True,0.47863349704566194,-0.6640867408159368,-0.5743681538684985,1.26,3.0000,0.00,0.0000,77.3888,0.0000,55.0717,1,99,0,0,0.014286
681,31,219000000,31.219000000,-88.93855134170396,-38.39222092070833,14.77875048828645,0.37902988659908027,-0.1438981962475297,-0.34633907885456466,0.8459780710157725,2000,0,0,0,0,0,0.0000,0.0000,0.0000,0.0000,0.0000,1,True,4.92,True,0.0,0.0,0.0,0.00,7.0000,0.00,0.0000,75.7283,0.0000,50.3372,1,2000,0,0,0.013142
682,31,252000000,31.252000000,-88.24423314718857,-39.10425075213021,14.674176285300193,0.3764508957492343,-0.15128673425702388,-0.3301057607460805,0.8523070068054673,2000,1850,1070,1711,1070,0,0.5784,0.9250,23.1372,88.3969,4.7402,0,True,4.92,True,0.9959044293373134,-0.08298899284814236,-0.03587749562568298,2.19,5.0000,0.00,0.0000,73.8588,0.0000,56.6758,1,1850,0,0,0.014940
683,31,285000000,31.285000000,-88.13848119647386,-38.37060156089104,15.345425411269188,0.3767215903947651,-0.15866997425768342,-0.31424621974746547,0.8568278683457563,1069,1069,863,1036,863,0,0.8073,1.0000,19.9123,38.4341,5.1263,0,True,4.92,True,-0.4122535537918647,0.9110688113676553,-0.0007926784378512367,2.07,4.0000,0.00,0.0000,72.3495,0.0000,45.7542,1,1069,0,0,0.012210
684,31,318000000,31.318000000,-88.22637124786216,-39.07663404402425,14.64272101280017,0.3754005753524937,-0.16485706348836962,-0.30079196815231124,0.8610579240318663,863,863,641,861,641,0,0.7428,1.0000,18.8735,35.2992,5.7013,0,True,4.92,True,0.37381224522485684,-0.9267349027146417,-0.03777334259018151,1.77,8.0000,0.00,0.0000,70.5141,0.0000,55.6413,1,863,0,0,0.015076
685,31,351000000,31.351000000,-87.8564984464693,-38.377994409386105,14.030269568437065,0.38013100349903567,-0.16887447991631033,-0.2856305559310505,0.8633637794871468,641,641,641,641,641,0,1.0000,1.0000,21.6725,32.4940,1.0606,0,True,4.92,True,-0.20109320532341707,0.06444018347841163,-0.9774502470847416,1.90,7.0000,0.00,0.0000,68.8274,0.0000,51.1376,1,641,0,0,0.014136
686,31,384000000,31.384000000,-87.24536800537197,-38.02538220972338,13.32161999310863,0.38397350453999984,-0.1735901874451657,-0.2716810574688007,0.8652284077899066,641,641,641,641,641,0,1.0000,1.0000,20.7796,29.9761,1.0373,0,True,4.92,True,0.2046171365145465,-0.11738681339379892,-0.9717778364862192,1.76,9.0000,0.00,0.0000,67.4657,0.0000,41.2824,1,641,0,0,0.011653
687,31,417000000,31.417000000,-87.62069874450825,-38.91358621818402,13.056628529823744,0.38191762316167244,-0.18024377436022704,-0.26089264960867864,0.8680933914637766,641,641,641,641,641,0,1.0000,1.0000,19.9478,27.7053,1.0058,0,True,4.92,True,0.21436037632537583,-0.8226689766935382,0.526559952757186,1.51,5.0000,0.00,0.0000,65.8896,0.0000,47.7862,1,641,0,0,0.013820
688,31,450000000,31.450000000,-87.39323135234903,-38.115935135323774,12.498048781250514,0.3866357537448162,-0.18219718351380745,-0.24573030266485724,0.8700193093248285,641,641,641,641,641,0,1.0000,1.0000,19.1487,25.6281,1.0326,0,True,4.92,True,-0.35288513016108086,0.10517387294623755,-0.929736812953368,1.85,7.0000,0.00,0.0000,64.2282,0.0000,50.3724,1,641,0,0,0.015032
689,31,483000000,31.483000000,-87.53611323957712,-38.97901064512821,12.01360535764159,0.3842819827143001,-0.1876915522629702,-0.23502028908307293,0.8728486138441145,641,641,641,641,641,0,1.0000,1.0000,18.3746,23.7343,1.0154,0,True,4.92,True,0.3129595126098477,-0.911063423291484,0.26836501673543206,1.44,8.0000,0.00,0.0000,62.7864,0.0000,43.7181,1,641,0,0,0.011969
690,31,516000000,31.516000000,-86.93669208981335,-38.53597168972318,11.34696394787958,0.3877650685436081,-0.1907407529637699,-0.22218773420957083,0.8740073383805208,641,641,641,641,641,0,1.0000,1.0000,17.6389,21.9477,0.9826,0,True,4.92,True,0.14728090924029205,-0.0833164047083593,-0.9855793780715106,1.57,6.0000,0.00,0.0000,61.4912,0.0000,39.2746,1,641,0,0,0.009110
691,31,549000000,31.549000000,-85.97415786920443,-38.27171496265354,11.407760792824186,0.38499199127774353,-0.20288192008684947,-0.21241650575028428,0.8749281806175353,641,641,377,638,377,0,0.5881,1.0000,20.5385,100.2646,1.2155,0,True,4.92,True,0.6655311284010549,0.4365127345381825,-0.6054130405889988,1.82,11.0000,1.91,0.9156,60.5766,1.0000,27.7374,0,641,0,0,0.014235
692,31,582000000,31.582000000,-85.21789322870482,-38.798654690386265,11.019948574260933,0.38280923480209433,-0.20745546704238318,-0.20139819166287626,0.8774155727700443,377,377,373,377,373,0,0.9894,1.0000,15.4770,18.5017,1.2027,0,True,4.92,True,0.829690459532667,-0.4549087599596171,-0.3235301554298694,1.42,6.0000,0.00,0.0000,58.8910,0.0000,51.1204,1,377,0,0,0.017784
693,31,615000000,31.615000000,-84.29656753229635,-39.18639645151053,10.991395328951675,0.37844583946083343,-0.21937546940983413,-0.19269590018880256,0.8783629318604167,373,373,254,373,254,0,0.6810,1.0000,18.4512,23.3102,1.3977,0,True,3.28,True,0.9599111535821538,-0.08493364407050306,-0.26712703594635195,1.77,5.0000,1.94,0.9245,57.9677,1.0000,28.0025,0,373,0,0,0.010297
694,31,648000000,31.648000000,-84.12054469692107,-38.94108021080219,10.038066475160319,0.3830567831684824,-0.21323381396410682,-0.18516714170676996,0.8794952933831311,254,254,254,254,254,0,1.0000,1.0000,13.6362,15.4907,1.2439,0,True,3.28,True,-0.2061211147390444,-0.5272091447222667,-0.8243570851153946,1.24,3.0000,0.00,0.0000,56.5415,0.0000,43.2632,1,254,0,0,0.016893
695,31,681000000,31.681000000,-83.61347738070243,-38.646707930943236,9.22798765327109,0.384373493053839,-0.22037054089002414,-0.17894212372239898,0.8784495198377344,254,254,254,254,254,0,1.0000,1.0000,16.9531,19.8945,1.4295,0,True,3.28,True,0.09329191480225844,-0.33967736696272965,-0.9359037904644876,1.10,3.0000,1.91,0.9106,55.6327,1.0000,27.5728,0,254,0,0,0.011561
696,31,714000000,31.714000000,-83.33632792631434,-37.6888240042026,9.15284403861012,0.39018192561628706,-0.21867514814472017,-0.15934267651718137,0.8800847436165405,254,254,254,254,254,0,1.0000,1.0000,11.7125,12.8640,1.2035,0,True,3.28,True,-0.2496912811233352,0.5970074687604576,-0.7623885796463761,2.36,1.0000,0.00,0.0000,54.5379,0.0000,33.2182,1,254,0,0,0.015008
697,31,747000000,31.747000000,-82.39879671683693,-37.95568884138957,8.92964370274794,0.3896650720891795,-0.22774864993622795,-0.1536959349548376,0.8790160656235575,254,254,111,254,111,0,0.4370,1.0000,13.4198,15.3069,1.3133,0,True,3.28,True,0.8624899203340527,-0.2379394358767942,-0.44664970858245556,1.23,10.0000,1.45,0.6869,53.8528,1.0000,20.7916,0,254,0,0,0.010213
698,31,780000000,31.780000000,-81.41496512274885,-38.13224115092822,8.959721542941288,0.38725810504278013,-0.23689325073755668,-0.14842665603348462,0.8785683101571476,111,111,76,111,76,0,0.6847,1.0000,13.2450,14.8000,1.3464,0,True,3.28,True,0.922770485781714,-0.0006737687702406099,-0.3853494214421818,1.24,1.0000,1.64,0.7800,53.0751,1.0000,23.6049,0,111,0,0,0.012546
699,31,813000000,31.813000000,-81.41496512274885,-38.13224115092822,8.959721542941288,0.38725810504278013,-0.23689325073755668,-0.14842665603348462,0.8785683101571476,2000,0,0,0,0,0,0.0000,0.0000,0.0000,0.0000,0.0000,1,True,4.92,True,0.0,0.0,0.0,0.00,3.0000,1.96,0.9350,52.1436,1.0000,28.2829,0,2000,0,0,0.016931
700,31,846000000,31.846000000,-80.6778095228937,-38.801944192253806,8.86972455387248,0.38540538843836003,-0.24423604742006902,-0.14497763765488902,0.8779481330256965,2000,1980,1686,1953,1686,0,0.8515,0.9900,12.3096,115.7345,4.0833,0,True,4.92,True,0.8923622472073413,-0.44989181830863634,-0.03587438609945775,0.96,10.0000,1.20,0.5684,51.5778,1.0000,17.1827,0,1980,0,0,0.011835
701,31,879000000,31.879000000,-80.12228158905144,-38.14252469939174,8.363212315960624,0.3888825444549401,-0.2475292379119387,-0.13981101364033566,0.8763290041199414,1686,1686,1345,1684,1345,0,0.7977,1.0000,10.2810,16.5927,1.5008,0,True,4.92,True,0.013275105995949688,0.09399451751200422,-0.9954842049166234,0.83,0.0000,0.89,0.4193,51.1608,1.0000,12.6680,0,1686,0,0,0.009749
702,31,912000000,31.912000000,-79.59912286633748,-37.55696263343894,7.744001513595739,0.39213297559499904,-0.2501184671886433,-0.1356568698553332,0.8747969452868869,1345,1315,1313,1313,1313,0,0.9985,0.9777,10.4248,20.3894,1.2456,0,True,4.92,True,-0.01892292391197652,-0.05186070869891741,-0.998475032158475,0.70,10.0000,1.30,0.6120,50.5531,1.0000,18.4702,0,1315,0,0,0.017150
703,31,945000000,31.945000000,-79.05161460215079,-38.266667049881136,7.30065701782556,0.3908747864647561,-0.25335889374079895,-0.13404467676572082,0.8746760525470806,1313,1258,1256,1258,1256,0,0.9984,0.9581,7.1134,10.2035,1.1147,0,True,4.92,True,0.6196708758780329,-0.7770266561612339,-0.11062360147564926,0.44,1.0000,0.61,0.2846,50.2712,1.0000,8.5701,0,1258,0,0,0.009750
704,31,978000000,31.978000000,-78.38171174527807,-37.70137963155083,7.7819888129847845,0.39115812495643854,-0.2575072384512323,-0.12866140189819117,0.8741462046404912,1256,1250,1250,1250,1250,0,1.0000,0.9952,6.3990,8.6040,1.1050,0,True,4.92,True,0.47820300746436,0.7584611876072864,-0.4427849484178362,0.78,10.0000,0.73,0.3480,49.9288,1.0000,10.4236,0,1250,0,0,0.015674
705,32,11000000,32.011000000,-77.38932408261311,-37.763428484391966,7.888368636501665,0.39120901703717076,-0.2599790110765708,-0.12573145629646681,0.873818070130178,1250,1247,1061,1247,1061,0,0.8508,0.9976,4.5480,6.3863,1.1450,0,True,4.92,True,0.8915632024984919,0.0620976022115945,-0.4486189293266655,0.44,9.0000,0.43,0.2031,49.7322,1.0000,5.9974,0,1247,0,0,0.013866
706,32,44000000,32.044000000,-76.82757243488523,-37.18612769485853,7.295782031287668,0.39541154732910416,-0.2574417446054043,-0.1225199872618875,0.8731336146860207,1061,1061,1061,1061,1061,0,1.0000,1.0000,3.1770,5.8565,1.1013,0,True,4.92,True,0.01282677867279426,-0.0523754562688252,-0.9985450842748721,0.68,6.0000,0.17,0.0823,49.6562,1.0000,2.3285,0,1061,0,0,0.009397
707,32,77000000,32.077000000,-76.28302548241196,-36.55073881709647,6.748288112994211,0.4002707769045702,-0.2544330822049305,-0.11986837294941682,0.8721689543903579,1061,1061,1061,1061,1061,0,1.0000,1.0000,2.2102,5.1633,1.1420,0,True,4.92,True,-0.002370089115092523,0.010689805779526582,-0.9999400535682039,0.73,2.0000,0.12,0.0534,49.6365,1.0000,0.6306,0,1061,0,0,0.015897
708,32,110000000,32.110000000,-75.70726052954325,-35.89302091381577,6.262590801130008,0.4053960942474398,-0.250955643850657,-0.11771153220364437,0.8711023285324714,1061,1061,1061,1061,1061,0,1.0000,1.0000,2.6494,5.2821,1.1062,0,True,4.92,True,0.04423044779622496,0.062431806628338034,-0.9970686721629894,0.76,6.0000,0.20,0.0975,49.7258,1.0000,2.6831,0,1061,0,0,0.008270
709,32,143000000,32.143000000,-75.50016246240907,-36.86030791205675,6.116077137524091,0.40623914916623055,-0.250909062085592,-0.1203624405188495,0.8703604306035356,1061,1061,1061,1061,1061,0,1.0000,1.0000,2.3578,4.9569,1.1179,0,True,4.92,True,0.5203840311355745,-0.7343459567776355,0.4358170211263309,0.33,4.0000,0.13,0.0622,49.7863,1.0000,1.8261,0,1061,0,0,0.010500
710,32,176000000,32.176000000,-75.24390083309639,-37.80469308698559,5.9100028336513715,0.4077663903013663,-0.24749221511379602,-0.12238826633415187,0.8703420515305352,1061,1061,1061,1061,1061,0,1.0000,1.0000,7.0580,12.3427,1.2199,0,True,4.92,True,0.5371031633158284,-0.7620399838370591,0.361683915857127,0.49,4.0000,0.90,0.4197,50.2025,1.0000,12.5887,0,1061,0,0,0.022875
711,32,209000000,32.209000000,-74.63030858039015,-38.53384383226376,5.606945515509823,0.40918237213368486,-0.2434953962914176,-0.12360147083760693,0.870633364124484,1061,1061,1061,1061,1061,0,1.0000,1.0000,7.0029,13.4298,1.2194,0,True,4.92,True,0.7222403210612937,-0.6914242960540733,-0.017359765534381368,0.51,3.0000,0.77,0.3678,50.5690,1.0000,11.1040,0,1061,0,0,0.013267
712,32,242000000,32.242000000,-74.34507805310301,-39.47632506871555,5.432667963198014,0.4106050292970743,-0.2413431559995657,-0.12749017846130092,0.8700018651497384,1061,1061,1061,1061,1061,0,1.0000,1.0000,5.4530,13.0287,1.1502,0,True,4.92,True,0.577079274132806,-0.7281957570737405,0.36974376363389183,0.54,4.0000,0.38,0.1851,50.7536,1.0000,5.5941,0,1061,0,0,0.005691
713,32,275000000,32.275000000,-73.80538378494062,-38.89314021600285,4.825522573296149,0.41708934101413875,-0.22936451560346177,-0.1261799811700889,0.8703487880995164,1061,1061,1061,1061,1061,0,1.0000,1.0000,14.5155,25.9775,1.3529,0,True,4.92,True,0.022928671083563806,-0.09080050572328034,-0.9956051145924966,1.57,1.0000,1.78,0.8473,51.5988,1.0000,25.6318,0,1061,0,0,0.021664
714,32,308000000,32.308000000,-72.81689926074813,-38.94107319346207,4.681992872175335,0.4200058838760107,-0.2216312082320561,-0.1269486339632004,0.8708379351992007,1043,1033,883,1026,883,0,0.8548,0.9904,13.0349,26.4920,1.3986,0,True,4.92,True,0.8305056173029006,-0.1142594863882326,-0.545165286311065,0.95,0.0000,1.39,0.6488,52.2462,1.0000,19.6423,0,1033,0,0,0.013665
715,32,341000000,32.341000000,-72.43115793381055,-38.2235128581691,4.102069779078796,0.4266999381606862,-0.20974560663970226,-0.12687769660512468,0.8705377610265896,853,847,844,844,844,0,0.9965,0.9930,14.6971,29.9136,1.4176,0,True,4.92,True,-0.11884654293104079,-0.0021113320291066802,-0.9929103894664427,1.56,1.0000,1.52,0.7199,52.9646,1.0000,21.8016,0,847,0,0,0.013399
716,32,374000000,32.374000000,-71.89918786455569,-37.479196954614146,3.698335112333269,0.43200339612302247,-0.20198651923967992,-0.12866188819901733,0.8694944682450124,813,802,795,796,795,0,0.9913,0.9865,11.0725,29.3323,1.2497,0,True,4.92,True,0.06666267141877362,0.15017603819196018,-0.9864092689103643,1.10,7.0000,0.76,0.3646,53.3284,1.0000,11.0407,0,802,0,0,0.006267
717,32,407000000,32.407000000,-71.02756935795969,-37.71125299984398,3.266558351921547,0.4339841098429655,-0.19826841275845117,-0.13349345985940692,0.8686350931667556,773,767,752,765,752,0,0.9804,0.9922,8.1976,25.9313,0.9678,0,True,4.92,True,0.7603938660227991,-0.44166684560803604,-0.47616338163024324,0.74,5.0000,0.00,0.0000,54.6288,0.0000,39.4670,1,767,0,0,0.020425
718,32,440000000,32.440000000,-70.0480762982043,-37.59455879802663,3.102315211567988,0.4375342181481851,-0.18787966343947546,-0.13486440584878479,0.8689514555200308,745,717,655,698,655,0,0.9135,0.9624,18.6993,37.9651,1.5719,0,True,4.92,True,0.7828871327830831,-0.005350008306141298,-0.6221407515456673,1.27,12.0000,1.82,0.8651,55.4921,1.0000,26.2014,0,717,0,0,0.012255
719,32,473000000,32.473000000,-69.33120126511096,-38.013215763395785,2.5448059898726605,0.4392852910872501,-0.18349661597046688,-0.14166515800969962,0.8679218904762478,622,615,613,613,613,0,0.9967,0.9887,9.9335,28.0713,0.9516,0,True,4.92,True,0.6909022562377992,-0.6451511791444674,-0.3262422847731756,0.96,10.0000,0.00,0.0000,56.5822,0.0000,33.0841,1,615,0,0,0.014421
720,32,506000000,32.506000000,-68.35260972122065,-37.80813429788059,2.562131772062864,0.44366476688805867,-0.1733299920092925,-0.14391386772014184,0.8674140229267986,605,572,544,562,544,0,0.9510,0.9455,19.6109,40.6153,1.4908,0,True,4.92,True,0.7932812475462041,0.21469301516540126,-0.5697471119108255,1.30,1.0000,1.72,0.8135,57.3941,1.0000,24.6436,0,572,0,0,0.010154
721,32,539000000,32.539000000,-67.87538741919312,-37.121724716205804,2.0134052822406945,0.44985396102794145,-0.16653252867966314,-0.15042434057974371,0.8644482913397294,509,501,497,497,497,0,0.9920,0.9843,11.2992,38.1310,0.9946,0,True,4.92,True,0.05690761847647174,-0.01621826269910764,-0.9982477101974034,1.33,1.0000,0.00,0.0000,58.6931,0.0000,39.4204,1,501,0,0,0.015338
722,32,572000000,32.572000000,-66.89318394711111,-37.053303776411354,1.8384912621402556,0.45286406556728404,-0.16199011237977465,-0.15677879046517174,0.8626086902352285,494,486,479,484,479,0,0.9856,0.9838,11.8373,30.5579,1.0282,0,True,4.92,True,0.8285408668935133,0.001104770122856396,-0.5599275054596988,0.98,5.0000,0.00,0.0000,59.8230,0.0000,34.2895,1,486,0,0,0.012656
723,32,605000000,32.605000000,-66.72381786574287,-36.5109460340381,1.0155919914091893,0.46003475960689744,-0.15053007198397858,-0.1653496384495944,0.8592835471755006,471,463,461,461,461,0,0.9957,0.9830,12.2492,30.6996,1.0229,0,True,4.92,True,-0.18724146895045746,-0.3705232607200574,-0.9097544424572223,1.87,1.0000,0.00,0.0000,61.2341,0.0000,42.8186,1,463,0,0,0.015094
724,32,638000000,32.638000000,-66.19708906525297,-36.69972458467532,0.18678596491459598,0.46266869085938184,-0.1429212937858623,-0.17573798730086096,0.8571040462513776,454,446,444,444,444,0,0.9955,0.9824,12.7046,31.6505,1.0381,0,True,4.92,True,0.46552580873856164,-0.7183388084364656,-0.516986535310531,1.53,8.0000,0.00,0.0000,62.8720,0.0000,49.6939,1,446,0,0,0.016704
725,32,671000000,32.671000000,-65.41418152667647,-36.991070035560064,-0.3629172407235406,0.4651628403609957,-0.13747905402972635,-0.1843603481839325,0.8548299852414405,438,433,417,430,417,0,0.9630,0.9886,13.2937,37.2534,1.1971,0,True,4.92,True,0.783579345258667,-0.4798941447689351,-0.39459475351364093,1.23,2.0000,0.00,0.0000,63.9922,0.0000,33.9857,1,433,0,0,0.011033
726,32,704000000,32.704000000,-64.4811759336593,-36.84772837207277,-0.692998641149799,0.46866350722063266,-0.1319760475453977,-0.19229051969986705,0.8520335650122629,408,403,375,397,375,0,0.9305,0.9877,13.4613,34.3928,1.1816,0,True,4.92,True,0.7498307288458984,-0.03292446115046522,-0.660810001389492,1.22,9.0000,0.00,0.0000,65.3635,0.0000,41.6011,1,403,0,0,0.013113
727,32,737000000,32.737000000,-64.58696664434925,-37.310959489381986,-1.5728993500301551,0.4676137996147158,-0.12129042378327408,-0.20841910474349032,0.850404282848037,371,368,367,367,367,0,0.9973,0.9919,14.1438,40.7579,0.9633,0,True,3.28,True,0.07551779867672428,-0.994438075755333,-0.0734164529996649,2.23,1.0000,0.00,0.0000,67.2132,0.0000,56.1148,1,368,0,0,0.017186
728,32,770000000,32.770000000,-63.77821647000767,-37.458501858035476,-2.142244943632656,0.4706051931698397,-0.11556617976470486,-0.21736710571963938,0.8473055833683836,364,361,277,360,277,0,0.7673,0.9918,14.6195,38.9113,1.2040,0,True,3.28,True,0.7772551377840572,-0.35685170172902253,-0.5182000711707663,1.31,4.0000,0.00,0.0000,68.9443,0.0000,52.5200,1,361,0,0,0.015670
729,32,803000000,32.803000000,-63.96276508516154,-36.68612243763561,-2.7500046326443024,0.4821124601482457,-0.09501575259156961,-0.22574499158448158,0.8411770213836004,269,260,257,257,257,0,0.9885,0.9665,15.1581,37.2161,1.4508,0,True,3.28,True,-0.5253842847280596,-0.20584805920866095,-0.8255894439010304,2.95,4.0000,0.00,0.0000,70.5742,0.0000,49.4557,1,260,0,0,0.013655
730,32,836000000,32.836000000,-63.64563698821443,-37.61498328990962,-2.5585698206599314,0.48334339363613704,-0.09823450260896097,-0.24196729280008694,0.8355722443574041,244,239,234,234,234,0,0.9791,0.9795,15.2700,35.9804,1.4735,0,True,3.28,True,0.7058758923417201,-0.1475274501740921,0.6928021911454316,2.01,1.0000,0.00,0.0000,72.1107,0.0000,46.6169,1,239,0,0,0.007049
731,32,869000000,32.869000000,-62.720374749309926,-37.830667032997106,-2.8706119848384333,0.48807893571786826,-0.08720362866869756,-0.24688845955424443,0.8325986837573413,225,202,168,176,168,0,0.8317,0.8978,22.9815,45.0374,2.8451,0,True,3.28,True,0.9285185692009204,-0.07025719472227453,-0.3645781030709775,1.53,1.0000,1.73,0.8172,72.9247,1.0000,24.6978,0,202,0,0,0.014129
732,32,902000000,32.902000000,-61.86284018068044,-37.81245686096897,-3.384715917171322,0.49236136575068323,-0.08142633270337239,-0.25643397845218635,0.8277630413069825,121,114,100,111,100,0,0.8772,0.9421,14.7597,31.3019,2.0061,0,True,3.28,True,0.7801619958517121,-0.1531088753354847,-0.6065516734147025,1.48,1.0000,0.00,0.0000,75.6194,0.0000,81.7350,1,114,0,0,0.023392
733,32,935000000,32.935000000,-61.86284018068044,-37.81245686096897,-3.384715917171322,0.49236136575068323,-0.08142633270337239,-0.25643397845218635,0.8277630413069825,2000,0,0,0,0,0,0.0000,0.0000,0.0000,0.0000,0.0000,1,True,4.92,True,0.0,0.0,0.0,0.00,8.0000,0.00,0.0000,77.0538,0.0000,43.4899,1,2000,0,0,0.010072
734,32,968000000,32.968000000,-61.97152116769696,-38.255096999403,-4.274804761561696,0.49518114456956286,-0.07427744897879959,-0.26873188055783825,0.8228375726763011,2000,1951,1589,1725,1589,0,0.8145,0.9755,22.0035,270.2670,5.2795,0,True,4.92,True,0.2352358719082561,-0.9699381118490243,-0.06232289908462148,1.76,8.0000,0.00,0.0000,78.7383,0.0000,51.0569,1,1951,0,0,0.014629
735,33,1000000,33.001000000,-62.188127511021555,-38.62734439392591,-5.17730881656778,0.49784858429179163,-0.06665123176643964,-0.2815535326900768,0.8175769129888717,1580,1568,1510,1511,1510,0,0.9630,0.9924,15.6898,43.0079,3.5356,0,True,4.92,True,0.1389519717967487,-0.9872746244566464,-0.07733799478770777,1.84,2.0000,0.00,0.0000,79.8645,0.0000,34.1234,1,1568,0,0,0.011188
736,33,34000000,33.034000000,-62.722059632263274,-38.90458039241912,-5.9760933250841655,0.49807894477045606,-0.05504474190916296,-0.29847053287251674,0.8122824522118515,1500,1483,1410,1410,1410,0,0.9508,0.9887,16.0019,90.9023,3.0856,0,True,4.92,True,-0.16162530838042766,-0.9864708909500417,0.02743065801548824,2.43,10.0000,0.00,0.0000,82.1836,0.0000,70.2313,1,1483,0,0,0.019350
737,33,67000000,33.067000000,-62.9284189570569,-39.25498207018018,-6.8896766509460825,0.5013226786211497,-0.04884003229861877,-0.3098340726879606,0.806407508984618,1400,1383,1301,1359,1301,0,0.9407,0.9879,15.7656,36.9408,2.8545,0,True,4.92,True,0.210710168326465,-0.9721143122892907,-0.10293196202420472,1.67,1.0000,0.00,0.0000,84.4467,0.0000,68.4951,1,1383,0,0,0.018739
738,33,100000000,33.100000000,-63.821948491520466,-39.02981665229706,-7.278142229383642,0.5063513177462229,-0.04086735045402248,-0.32112301337621924,0.7992610418153184,1299,1292,1241,1242,1241,0,0.9605,0.9946,15.7041,36.0213,2.7159,0,True,4.92,True,-0.7511778083258123,-0.6598369700397932,-0.018629901973286345,1.87,8.0000,0.00,0.0000,85.8584,0.0000,42.7085,1,1292,0,0,0.011619
739,33,133000000,33.133000000,-64.56639906448993,-39.41413670753645,-7.82411973766233,0.5084270661674409,-0.033895560234648715,-0.3347742403460282,0.7926406609463634,1234,1225,1206,1206,1206,0,0.9845,0.9927,15.9693,39.3079,1.8162,0,True,4.92,True,-0.23335697547368572,-0.915569749809914,0.3275309988852734,1.93,2.0000,0.00,0.0000,87.6755,0.0000,54.9525,1,1225,0,0,0.014891
740,33,166000000,33.166000000,-65.4927074292632,-39.41271864542431,-7.4473561480588435,0.5118295465063452,-0.02871937479098392,-0.34520182598799753,0.7861560991109058,1197,1187,484,1186,484,0,0.4078,0.9916,15.9114,37.9130,1.3218,0,True,4.92,True,-0.8253631070968359,-0.14708639421410702,0.545106718065875,1.58,3.0000,0.00,0.0000,89.7754,0.0000,63.4844,1,1187,0,0,0.017133
741,33,199000000,33.199000000,-66.0031619004928,-40.26199782136989,-7.312592970198912,0.5159130094459679,-0.02588874330626422,-0.3596100900528942,0.7770740780559962,477,473,472,472,472,0,0.9979,0.9916,14.0427,24.5719,1.1905,0,True,4.92,True,0.05643456948683459,-0.3528277367223071,0.9339848647415278,2.03,4.0000,0.00,0.0000,91.5082,0.0000,52.3712,1,473,0,0,0.014090
742,33,232000000,33.232000000,-66.48995305524714,-41.01983459165366,-6.878176348441902,0.5213786482113764,-0.021851880023970604,-0.3714795944881939,0.7679125675541344,470,470,280,470,280,0,0.5957,1.0000,13.8148,23.3070,1.1978,0,True,3.28,True,-0.06016004845898487,-0.061061322279772415,0.9963193682202802,1.89,1.0000,0.00,0.0000,92.6327,0.0000,33.9826,1,470,0,0,0.009130
743,33,265000000,33.265000000,-67.35784836172198,-41.45985698951086,-7.108693216334349,0.523975758892611,-0.016451048682149312,-0.3851231845007828,0.7595122776164621,280,280,280,280,280,0,1.0000,1.0000,14.3047,22.1828,1.2485,0,True,3.28,True,-0.28490357994091825,-0.7430614722116715,0.605549005986693,1.96,7.0000,0.00,0.0000,95.0051,0.0000,71.6857,1,280,0,0,0.019247
744,33,298000000,33.298000000,-67.19014849887704,-40.965983115899775,-6.255484359742867,0.5285032536364681,-0.013834747658123822,-0.38994827443891683,0.7539451265941138,279,279,279,279,279,0,1.0000,1.0000,13.8764,21.0074,1.2047,0,True,3.28,True,-0.5025992435286576,0.8613073441852025,-0.07445575368669972,1.04,4.0000,0.00,0.0000,96.3388,0.0000,40.2982,1,279,0,0,0.010828
745,33,331000000,33.331000000,-67.47856333208652,-41.88945096814181,-6.002454697726307,0.5315822490059936,-0.012918476805508752,-0.4036255204589927,0.7445400356817373,279,279,279,279,279,0,1.0000,1.0000,13.4255,19.9319,1.1641,0,True,3.28,True,0.25689600774113003,-0.0877396586764706,0.962448021194914,1.94,4.0000,0.00,0.0000,97.4038,0.0000,32.1778,1,279,0,0,0.008660
746,33,364000000,33.364000000,-67.97903138593374,-42.70823459848367,-5.721162867481341,0.5353435691901387,-0.009113483424491772,-0.414947829899375,0.7356238888239248,279,279,278,279,278,0,0.9964,1.0000,12.9733,18.7939,1.1802,0,True,3.28,True,0.05082779474816332,-0.157586284553902,0.9861962777264652,1.76,7.0000,0.00,0.0000,99.8569,0.0000,74.1222,1,279,0,0,0.020027
747,33,397000000,33.397000000,-68.07978327919575,-42.33496918272791,-6.64340035609518,0.5370697594679379,0.0008235780300771897,-0.4254929607685207,0.728361953647167,278,278,278,278,278,0,1.0000,1.0000,12.4960,17.7783,1.1831,0,True,3.28,True,0.09980818809485074,-0.7630994679549734,-0.6385276247712853,1.87,6.0000,0.00,0.0000,101.4932,0.0000,49.4438,1,278,0,0,0.013458
748,33,430000000,33.430000000,-68.96418662147909,-42.365672407256135,-7.109112756790734,0.5370804156347065,0.007782470443836006,-0.43717642506931237,0.7213604048317718,278,278,278,278,278,0,1.0000,1.0000,12.0120,16.7583,1.1466,0,True,3.28,True,-0.33175899144117565,-0.9148614359516247,0.23014022813594615,1.75,1.0000,0.00,0.0000,102.7404,0.0000,37.6899,1,278,0,0,0.010331
749,33,463000000,33.463000000,-69.56457625367092,-42.158454679798645,-7.881507152798291,0.537052434301882,0.015819443784337417,-0.447703339013959,0.7147630014519002,278,278,278,278,278,0,1.0000,1.0000,11.4931,15.8187,1.1381,0,True,3.28,True,-0.12839783566606783,-0.9684749667402501,-0.21347185902067042,1.70,3.0000,0.00,0.0000,104.4116,0.0000,50.5119,1,278,0,0,0.013993
750,33,496000000,33.496000000,-70.27385340209989,-42.81800101155924,-7.632660688130616,0.5395957130554436,0.01791001013455604,-0.45880186497762687,0.7057028742198936,278,278,278,278,278,0,1.0000,1.0000,10.9679,14.7914,1.0936,0,True,3.28,True,-0.13897726454011572,-0.2931595734251217,0.9459084440103849,1.68,3.0000,0.00,0.0000,105.5953,0.0000,35.7816,1,278,0,0,0.010034
751,33,529000000,33.529000000,-70.6095716476268,-43.639078831801996,-7.171006626385556,0.54224708188646,0.020567582968193672,-0.4676252102311074,0.6977619504335114,278,278,174,278,174,0,0.6259,1.0000,10.4125,13.8886,1.0886,0,True,3.28,True,0.08140648342203236,0.1228487507127265,0.9890809718648826,1.43,6.0000,0.00,0.0000,106.6639,0.0000,32.3071,1,278,0,0,0.009179
752,33,562000000,33.562000000,-70.99014451464296,-44.52054344898661,-6.891391852915598,0.5439198275804926,0.0195542816856928,-0.4790546749315241,0.6886766074572416,174,174,174,174,174,0,1.0000,1.0000,10.8000,12.9911,1.3141,0,True,3.28,True,0.19192943206858945,-0.028234351119100092,0.9810025048503761,1.69,5.0000,0.00,0.0000,108.3280,0.0000,50.3191,1,174,0,0,0.014560
753,33,595000000,33.595000000,-71.35175372349389,-45.423335514229734,-6.658571606785137,0.5474021148535759,0.019540063202577878,-0.4887679632135791,0.6790250280511911,174,174,174,174,174,0,1.0000,1.0000,10.1748,10.9251,1.3412,0,True,3.28,True,0.2535227875338649,-0.03047446022320585,0.966849266160534,1.62,7.0000,1.36,0.6463,108.9734,1.0000,19.5205,0,174,0,0,0.005760
754,33,628000000,33.628000000,-71.91011678844401,-46.22898198155099,-6.460671487047281,0.5479605017664466,0.018913444560543752,-0.49950638223484894,0.6707271757021422,174,174,174,174,174,0,1.0000,1.0000,9.3274,11.0329,1.2672,0,True,3.28,True,0.11522390543914579,-0.17712710395088746,0.9774197873285164,1.56,3.0000,0.00,0.0000,110.7886,0.0000,54.9088,1,174,0,0,0.011768
755,33,661000000,33.661000000,-71.77201748557641,-45.27043131496042,-6.709888665681195,0.5580247589133536,0.04803196249162565,-0.4898548476488866,0.6680894605169151,174,174,174,174,174,0,1.0000,1.0000,8.6090,10.1286,1.1991,0,True,3.28,True,-0.41058627693779526,-0.17849271947536635,-0.8941807749469055,3.71,2.0000,0.00,0.0000,112.0112,0.0000,36.9978,1,174,0,0,0.016571
756,33,694000000,33.694000000,-72.36776946365367,-45.21130978932553,-7.510878194840975,0.5514824826387084,0.06602342976132568,-0.5078528233712092,0.6584781605027531,174,174,174,174,174,0,1.0000,1.0000,7.8905,9.2359,1.2080,0,True,3.28,True,0.14668951278793843,-0.9874894608293636,-0.057851115710676915,3.21,1.0000,0.00,0.0000,113.0204,0.0000,30.5461,1,174,0,0,0.010068
757,33,727000000,33.727000000,-73.03834733644207,-44.96020524969477,-6.812829610068106,0.55495408008434,0.0724075476492369,-0.5088832441849752,0.6540802395952215,174,174,119,174,119,0,0.6839,1.0000,9.1187,10.1680,1.3076,0,True,3.28,True,-0.9201890099079348,-0.06832299541060725,0.38546615200660217,0.98,8.0000,1.51,0.7132,113.7333,1.0000,21.5860,0,174,0,0,0.007430
758,33,760000000,33.760000000,-72.49013918843332,-45.0523949487836,-5.981584227621562,0.5669179888104604,0.06300470684385016,-0.49575270012367534,0.6548768290287177,119,119,119,119,119,0,1.0000,1.0000,10.1861,11.7850,1.4097,0,True,3.28,True,-0.23574354093937397,0.9635420832806076,0.1265370959546337,2.30,9.0000,1.90,0.9024,114.6356,1.0000,27.3244,0,119,0,0,0.009864
759,33,793000000,33.793000000,-73.1732641523978,-45.71090522171921,-6.2973444278475545,0.5645282408158003,0.06645899686450542,-0.5076706415300684,0.647426896866071,119,119,119,119,119,0,1.0000,1.0000,6.6252,7.4779,1.2254,0,True,3.28,True,0.24216688246896273,-0.6186367578794656,0.7474247539623283,1.68,5.0000,1.09,0.5102,115.1457,1.0000,15.4522,0,119,0,0,0.005879
760,33,826000000,33.826000000,-73.93501915626769,-45.56189167028807,-5.666849165716995,0.5702805530644081,0.07347453384684542,-0.5063892758070421,0.6426130134226672,119,119,80,119,80,0,0.6723,1.0000,11.0161,12.7549,1.2044,0,True,1.64,True,-0.8647964985612553,-0.16234595439217603,0.47515345644190143,1.19,9.0000,2.03,0.9784,116.1238,1.0000,29.6427,0,119,0,0,0.012224
761,33,859000000,33.859000000,-73.93501915626769,-45.56189167028807,-5.666849165716995,0.5702805530644081,0.07347453384684542,-0.5063892758070421,0.6426130134226672,2000,0,0,0,0,0,0.0000,0.0000,0.0000,0.0000,0.0000,1,True,3.28,True,0.0,0.0,0.0,0.00,4.0000,1.39,0.6497,116.7732,1.0000,19.6874,0,2000,0,0,0.009146
762,33,892000000,33.892000000,-74.70462302994439,-45.15771985045519,-6.161171952643483,0.5720447788548573,0.07891883964624385,-0.5068357315128318,0.6400422868808285,2000,1993,1932,1988,1932,0,0.9694,0.9965,7.2677,29.4824,2.3415,0,True,3.28,True,-0.2635851986838211,-0.9568973478006815,-0.1219438756429864,0.72,6.0000,1.01,0.4792,117.2517,1.0000,14.5167,0,1993,0,0,0.007677
763,33,925000000,33.925000000,-75.67729037289523,-45.03834902128337,-5.962001560517058,0.5735202908830801,0.08254322681119569,-0.5069357944852254,0.638182726123652,1908,1905,1651,1891,1651,0,0.8667,0.9984,6.7784,328.4160,1.5849,0,True,3.28,True,-0.6631107583356202,-0.6090516630102308,0.43513238671010346,0.50,5.0000,0.85,0.3953,117.6457,1.0000,11.9592,0,1905,0,0,0.007378
764,33,958000000,33.958000000,-76.20612990009552,-45.78445091765809,-5.557451545442763,0.5760452104569806,0.08410176222477322,-0.5075373253738916,0.6352201763582269,1632,1578,938,1538,938,0,0.5944,0.9669,6.3380,320.0627,2.0552,0,True,3.28,True,-0.11557121737534706,-0.0017710194922804122,0.9932976176375025,0.49,9.0000,0.68,0.3219,117.9650,1.0000,9.7028,0,1578,0,0,0.007379
765,33,991000000,33.991000000,-76.89413301437006,-46.4597110750005,-5.291603027195209,0.5777887998618753,0.08474980823923056,-0.5085550628063741,0.6327316341479952,929,917,908,908,908,0,0.9902,0.9871,3.5886,112.5358,1.1130,0,True,3.28,True,-0.13769646253021783,-0.217656796654513,0.966263526723823,0.37,7.0000,0.50,0.2399,118.1997,1.0000,7.1451,0,917,0,0,0.007518
766,34,24000000,34.024000000,-77.66083350923427,-47.03837705953223,-5.013545426110666,0.578744405292769,0.0845507212342931,-0.5095710473750074,0.6310653187731184,903,893,892,892,892,0,0.9989,0.9889,1.7812,27.1841,1.0816,0,True,3.28,True,-0.23660115368202358,-0.2821475173648885,0.9297379590622108,0.25,8.0000,0.26,0.1295,118.3183,1.0000,3.6295,0,893,0,0,0.006597
767,34,57000000,34.057000000,-77.99044041039404,-47.56473843271966,-4.22977058884931,0.5798663394838975,0.08413510249047577,-0.5092031381866271,0.630387560888818,884,882,444,882,444,0,0.5034,0.9977,1.2125,2.0995,1.1059,0,True,3.28,True,-0.4126354881038855,0.36032503298902896,0.8365989628004109,0.16,8.0000,0.11,0.0613,118.3431,1.0000,0.7873,0,882,0,0,0.006203
768,34,90000000,34.090000000,-78.78287989734045,-47.99493038717038,-3.7973650594513084,0.5805212470835189,0.08296578097085296,-0.5089857332160012,0.6301152944144922,443,441,440,440,440,0,0.9977,0.9955,1.5077,38.8005,1.2019,0,True,3.28,True,-0.4372973383454052,-0.2247921429968252,0.8707695047042696,0.16,7.0000,0.16,0.0940,118.2732,1.0000,2.0822,0,441,0,0,0.006063
769,34,123000000,34.123000000,-79.60676172543032,-47.85144396727982,-3.249067347756021,0.580967698674399,0.08135702093832083,-0.5081136420717078,0.6306172333370207,440,440,329,440,329,0,0.7477,1.0000,2.6425,3.7514,1.0238,0,True,3.28,True,-0.8452222573564501,-0.28058003525606423,0.4548342329739185,0.22,3.0000,0.26,0.1242,118.1593,1.0000,3.4199,0,440,0,0,0.004344
770,34,156000000,34.156000000,-79.45470526758655,-48.06641605463255,-2.284357113910033,0.5792984105740047,0.07511579668457748,-0.5060061629321903,0.6346091172284835,329,326,320,322,320,0,0.9816,0.9909,3.8168,28.4080,1.4133,0,True,3.28,True,-0.47957837000311027,0.7800853317596883,0.40183511817477713,0.90,5.0000,0.60,0.2889,117.8816,1.0000,8.3688,0,326,0,0,0.006257
771,34,189000000,34.189000000,-80.36185456669836,-48.016213378853685,-1.866553523133692,0.5798706682920035,0.07269263033441951,-0.5040209820213434,0.6359470412163966,320,320,195,320,195,0,0.6094,1.0000,5.2878,8.2521,1.2885,0,True,3.28,True,-0.7450209878219896,-0.3953167905229562,0.5372786640425766,0.40,5.0000,0.26,0.1271,117.7578,1.0000,3.7389,0,320,0,0,0.002066
772,34,222000000,34.222000000,-80.69538693632911,-47.0773795871791,-1.9522697410764918,0.577672990431227,0.06895695021434764,-0.5040029892416479,0.638372807988297,195,195,195,195,195,0,1.0000,1.0000,6.6484,9.8360,1.3381,0,True,3.28,True,-0.6252210576465915,-0.4683998501814331,-0.6242597291394734,0.57,3.0000,1.31,0.6233,117.1449,1.0000,18.5124,0,195,0,0,0.007562
773,34,255000000,34.255000000,-79.86934580045161,-47.598772587037665,-1.738247822720694,0.5749555209361046,0.06377558199159311,-0.5033599222520149,0.641862612057418,195,193,90,190,90,0,0.4663,0.9897,8.6042,76.3809,2.0559,0,True,3.28,True,0.5490269028893994,0.8318059999420472,0.08165928216733949,0.78,2.0000,1.25,0.5991,116.5523,1.0000,17.9149,0,193,0,0,0.005241
774,34,288000000,34.288000000,-79.86934580045161,-47.598772587037665,-1.738247822720694,0.5749555209361046,0.06377558199159311,-0.5033599222520149,0.641862612057418,2000,0,0,0,0,0,0.0000,0.0000,0.0000,0.0000,0.0000,1,True,4.92,True,0.0,0.0,0.0,0.00,8.0000,0.51,0.2371,116.3173,1.0000,7.1058,0,2000,0,0,0.001743
775,34,321000000,34.321000000,-80.3834916008745,-47.35022659394404,-2.5591491476219077,0.5756404042455469,0.060748816455660125,-0.4987707768878601,0.6451165928899522,2000,1948,1410,1879,1410,0,0.7238,0.9740,12.6330,316.5465,2.4462,0,True,4.92,True,0.15055995072781705,-0.9648521389911577,-0.2153881406229804,0.74,7.0000,0.00,0.0000,115.3168,0.0000,30.2676,1,1948,0,0,0.006210
776,34,354000000,34.354000000,-80.89276795600954,-46.68410703272598,-3.104054941556072,0.5729513287561848,0.05502689301068217,-0.49717939850359166,0.6492391405527856,1409,1387,1357,1358,1357,0,0.9784,0.9844,14.3404,287.0565,1.8581,0,True,4.92,True,-0.278601964214955,-0.8417972140092849,-0.46234013023073733,0.88,8.0000,1.50,0.7145,114.6062,1.0000,21.5030,0,1387,0,0,0.003561
777,34,387000000,34.387000000,-81.87095315069172,-46.886103200248314,-3.0555650125928935,0.5702304884937729,0.04748152523020876,-0.4954002394744906,0.6535757779191206,1357,1344,1329,1338,1329,0,0.9888,0.9904,12.8798,80.3361,1.2027,0,True,4.92,True,-0.4020946255224232,-0.6292663413682748,0.6650893050914053,1.06,0.0000,1.40,0.6687,113.9407,1.0000,20.1393,0,1344,0,0,0.002920
778,34,420000000,34.420000000,-81.43458102196615,-46.8100323495025,-3.952109819581536,0.5712130945599083,0.043123185842753486,-0.48912953587610325,0.6577296470280874,1329,1328,1010,1328,1010,0,0.7605,0.9992,12.3796,22.9042,0.9981,0,True,4.92,True,0.7372516244010513,-0.33061714245314466,-0.5891963572817881,1.00,7.0000,0.00,0.0000,112.6528,0.0000,38.9832,1,1328,0,0,0.004735
779,34,453000000,34.453000000,-81.31293667414526,-46.74895244322667,-4.942802454909231,0.5720718210003685,0.03828678290063152,-0.48228296784553526,0.66232249908828,1010,1010,595,1010,595,0,0.5891,1.0000,12.2846,20.2750,0.9025,0,True,4.92,True,0.6364864328081518,-0.626363890901092,-0.45005921502220025,1.10,8.0000,0.00,0.0000,111.6282,0.0000,31.0148,1,1010,0,0,0.003180
780,34,486000000,34.486000000,-80.82003626371866,-46.8026412278015,-5.811230172000378,0.5693537008962386,0.028568977663767543,-0.4789504732736324,0.6675527102349051,595,595,181,589,181,0,0.3042,1.0000,17.3089,273.2715,1.1943,0,True,4.92,True,0.8173513805680174,-0.28310550144709345,-0.5017848101865438,1.36,0.0000,1.65,0.7882,110.8422,1.0000,23.7944,0,595,0,0,0.002179
781,34,519000000,34.519000000,-80.35689795757135,-46.882921910416634,-6.6938727504985085,0.5701638062145753,0.022894287233958806,-0.47132430826912386,0.6724897635872157,181,181,165,181,165,0,0.9116,1.0000,14.0891,23.8213,1.0798,0,True,4.92,True,0.8136699869293372,-0.32696428251743015,-0.48066153406349715,1.23,6.0000,0.00,0.0000,109.2480,0.0000,48.2671,1,181,0,0,0.003811
782,34,552000000,34.552000000,-81.07186453788826,-46.721358390212075,-6.013637483867149,0.5672698269946339,0.012582707068096367,-0.4678300251910368,0.6776294609844457,165,165,143,165,143,0,0.8667,1.0000,18.1376,23.2219,1.3834,0,True,4.92,True,-0.8813110396115572,0.019803233977105834,0.47212147100385504,1.42,4.0000,1.65,0.7797,108.4700,1.0000,23.5586,0,165,0,0,0.001644
783,34,585000000,34.585000000,-81.08002575568622,-47.68568195619634,-5.749036927156808,0.5576283595531895,-0.008127373258386191,-0.4644414733269458,0.6879525247281485,143,143,143,143,143,0,1.0000,1.0000,14.5416,16.8371,1.2818,0,True,4.92,True,0.4481036754177412,0.2734368681820013,0.8511376946158187,2.90,4.0000,0.00,0.0000,106.9679,0.0000,45.4842,1,143,0,0,0.002826
784,34,618000000,34.618000000,-80.60196731895928,-47.92619573741932,-6.593793254221598,0.5573749505731093,-0.014181962580884696,-0.4552240171483681,0.6941924305423393,143,143,93,143,93,0,0.6503,1.0000,14.8850,17.0531,1.2515,0,True,4.92,True,0.8557433762533199,-0.34053016364714944,-0.38954137347015494,1.45,4.0000,0.00,0.0000,105.4621,0.0000,45.5975,1,143,0,0,0.002456
785,34,651000000,34.651000000,-80.60196731895928,-47.92619573741932,-6.593793254221598,0.5573749505731093,-0.014181962580884696,-0.4552240171483681,0.6941924305423393,2000,0,0,0,0,0,0.0000,0.0000,0.0000,0.0000,0.0000,1,True,6.56,True,0.0,0.0,0.0,0.00,3.0000,0.00,0.0000,104.2594,0.0000,36.4226,1,2000,0,0,0.001742
786,34,684000000,34.684000000,-80.91977890170955,-48.163465152241855,-7.511779649904838,0.5569109127929568,-0.020464885091928,-0.44630064367975214,0.7001765199871591,2000,1918,1849,1879,1849,0,0.9640,0.9590,19.8956,177.9228,2.3937,0,True,6.56,True,0.41551435197574627,-0.9095862334563894,0.0008409570702802174,1.43,5.0000,0.00,0.0000,102.5159,0.0000,52.8007,1,1918,0,0,0.002227
787,34,717000000,34.717000000,-81.86932182295509,-48.06707385434308,-7.21332201739753,0.556793643306482,-0.027433502855888567,-0.4363466259890333,0.7062788852022526,1843,1821,607,1809,607,0,0.3333,0.9881,20.1327,257.3342,1.5255,0,True,6.56,True,-0.7727290879523319,-0.33538857056245075,0.5388916991088594,1.56,4.0000,0.00,0.0000,100.9714,0.0000,46.7734,1,1821,0,0,0.001722
788,34,750000000,34.750000000,-82.84206907789246,-48.22045847757334,-7.039437183762443,0.5566830345420959,-0.03484010252621358,-0.4260967228518288,0.7122722436568044,607,603,298,595,298,0,0.4942,0.9934,17.5343,269.9301,1.1941,0,True,6.56,True,-0.5793914652572766,-0.42879809776202576,0.6931361492107406,1.60,3.0000,0.00,0.0000,99.3700,0.0000,48.5005,1,603,0,0,0.001572
789,34,783000000,34.783000000,-83.21486742178931,-48.34598946503935,-7.958819240349117,0.5557628436860097,-0.041495620813411974,-0.4162635719176973,0.7184221695672187,296,295,292,293,292,0,0.9898,0.9966,18.2788,123.5573,1.2312,0,True,6.56,True,0.23506812870332666,-0.9703560083295951,-0.05614438499592645,1.54,2.0000,0.00,0.0000,97.7301,0.0000,49.6674,1,295,0,0,0.001416
790,34,816000000,34.816000000,-82.2739775185778,-48.431161935868076,-8.286648220531722,0.5552187585915267,-0.049319446924595334,-0.40508040757921243,0.7247134507228323,285,284,99,280,99,0,0.3486,0.9965,18.3219,37.9837,1.1211,0,True,6.56,True,0.7985905830234762,0.24320237105849327,-0.5505503495755417,1.72,2.0000,0.00,0.0000,96.0753,0.0000,50.1225,1,284,0,0,0.001258
791,34,849000000,34.849000000,-82.2739775185778,-48.431161935868076,-8.286648220531722,0.5552187585915267,-0.049319446924595334,-0.40508040757921243,0.7247134507228323,2000,0,0,0,0,0,0.0000,0.0000,0.0000,0.0000,0.0000,1,True,8.20,True,0.0,0.0,0.0,0.00,2.0000,0.00,0.0000,94.4255,0.0000,49.9678,1,2000,0,0,0.001104
792,34,882000000,34.882000000,-81.50506294258709,-48.68589386162809,-7.700233673621761,0.5548188880460948,-0.05812281641774007,-0.3933011834998728,0.7308296099205095,2000,1926,1684,1688,1684,0,0.8744,0.9630,24.2779,197.9384,5.1083,0,True,8.20,True,0.4544848058862514,0.8906108340112155,0.01599698597810398,1.83,12.0000,0.00,0.0000,92.8614,0.0000,47.3758,1,1926,0,0,0.000630
793,34,915000000,34.915000000,-81.79025722773699,-48.85717229101064,-8.643275517521623,0.5528268620809929,-0.06477124980183695,-0.3834001207895526,0.7370152597737358,1675,1652,1560,1615,1560,0,0.9443,0.9863,21.6496,138.3309,2.6562,0,True,8.20,True,0.24592077395110504,-0.9662801506740522,-0.0763259022391513,1.56,8.0000,0.00,0.0000,91.0562,0.0000,54.6804,1,1652,0,0,0.001242
794,34,948000000,34.948000000,-82.57745277872492,-48.2781594793127,-8.430984847932868,0.5516185972238857,-0.07298605035776025,-0.37172914347220076,0.7431065896244975,1554,1523,140,1499,140,0,0.0919,0.9801,22.1638,283.1234,1.6905,0,True,6.56,True,-0.9875761633298404,-0.15009266388964135,0.04653508213405913,1.78,8.0000,0.00,0.0000,89.2136,0.0000,55.8112,1,1523,0,0,0.000854
795,34,981000000,34.981000000,-81.70001181998082,-48.75065850895086,-8.348268278194947,0.5515999321052276,-0.08080375746991166,-0.35965272214927835,0.7482367186464896,138,134,70,116,70,0,0.5224,0.9710,23.9291,92.7691,4.9341,0,True,6.56,True,0.8997356931891141,0.4320377939725466,-0.061798276519979115,1.75,2.0000,0.00,0.0000,87.7149,0.0000,45.3960,1,134,0,0,0.000631
796,35,14000000,35.014000000,-81.70001181998082,-48.75065850895086,-8.348268278194947,0.5515999321052276,-0.08080375746991166,-0.35965272214927835,0.7482367186464896,2000,0,0,0,0,0,0.0000,0.0000,0.0000,0.0000,0.0000,1,True,8.20,True,0.0,0.0,0.0,0.00,7.0000,0.00,0.0000,85.6961,0.0000,61.1520,1,2000,0,0,0.000787
797,35,47000000,35.047000000,-80.95150061423426,-49.359007325866045,-8.612167296438166,0.5497474252572716,-0.08925431362047063,-0.3475920109569631,0.7543150733228347,2000,1964,567,1814,567,0,0.2887,0.9820,21.8245,172.6450,5.1601,0,True,8.20,True,0.9995425875546083,0.022183870787147078,-0.02055459903616115,1.84,6.0000,0.00,0.0000,84.0510,0.0000,49.8312,1,1964,0,0,0.000618
798,35,80000000,35.080000000,-80.12137711802765,-49.74261249871704,-8.20751676522925,0.5486113189956972,-0.0988328068517854,-0.3356211492053829,0.7593524485808005,567,567,561,562,561,0,0.9894,1.0000,18.9496,37.2891,6.2229,0,True,8.20,True,0.7549481941858389,0.655511130969294,0.01893096064382416,1.85,2.0000,0.00,0.0000,82.3182,0.0000,52.4893,1,567,0,0,0.000652
799,35,113000000,35.113000000,-79.34445232365464,-50.028114103960185,-7.646378014747691,0.5476463205070301,-0.11195738061010924,-0.32180931408877367,0.7641909564550914,560,560,529,529,529,0,0.9446,1.0000,18.0369,34.8195,5.2545,0,True,8.20,True,0.6407877545661048,0.7671846186817591,0.02861493414728294,2.26,0.0000,0.00,0.0000,80.5429,0.0000,53.7792,1,560,0,0,0.000694
800,35,146000000,35.146000000,-78.54422969406795,-50.38762928899237,-7.1663857493635295,0.5454683350927655,-0.12201741106972802,-0.3090200425187005,0.769469076785226,528,528,527,527,527,0,0.9981,1.0000,17.3005,32.5900,4.8638,0,True,8.20,True,0.7482782027526197,0.6624037562010224,0.03606930906027551,1.98,9.0000,0.00,0.0000,79.0036,0.0000,46.6275,1,528,0,0,0.000639
801,35,179000000,35.179000000,-79.17731628393665,-50.21646026919584,-7.921304643278829,0.5404514763923837,-0.13600223050619614,-0.3026563490975354,0.7731847963543923,527,516,372,503,372,0,0.7209,0.9791,27.3108,447.6692,6.1849,0,True,8.20,True,-0.4847681556313262,-0.8708202840165584,-0.08168150482895616,1.90,7.0000,2.06,0.9841,78.0199,1.0000,29.8010,0,516,0,0,0.000430
802,35,212000000,35.212000000,-78.46784838881057,-50.15327222023985,-7.219405379670093,0.5385167167492896,-0.14645011201046546,-0.2882736484252692,0.7781069425839046,372,354,354,354,354,0,1.0000,0.9516,19.8131,28.2901,1.3731,0,True,8.20,True,0.4323799030614394,0.8868344131379466,-0.16301025459416338,2.13,8.0000,0.00,0.0000,76.2333,0.0000,54.1236,1,354,0,0,0.000836
803,35,245000000,35.245000000,-78.21309938368817,-50.72381980779175,-6.438650363850259,0.5354093361001271,-0.15662901487341702,-0.27634307225347343,0.7825846286083797,354,354,354,354,354,0,1.0000,1.0000,19.0586,26.6392,1.3921,0,True,8.20,True,0.48296219786292865,0.649532526909687,0.5872435712051058,1.90,0.0000,0.00,0.0000,73.3582,0.0000,87.1042,1,354,0,0,0.001027
804,35,278000000,35.278000000,-77.3374205776185,-50.986156803908266,-6.844071045450181,0.5305915167844248,-0.17041620972711558,-0.26917650984778885,0.7854775390326642,354,354,56,351,56,0,0.1582,1.0000,23.5274,134.0772,1.7139,0,True,8.20,True,0.8770166635842569,-0.21482443177361799,-0.4297583452461168,1.89,0.0000,1.84,0.8725,72.4862,1.0000,26.4202,0,354,0,0,0.000997
805,35,311000000,35.311000000,-77.3374205776185,-50.986156803908266,-6.844071045450181,0.5305915167844248,-0.17041620972711558,-0.26917650984778885,0.7854775390326642,2000,0,0,0,0,0,0.0000,0.0000,0.0000,0.0000,0.0000,1,True,9.84,True,0.0,0.0,0.0,0.00,5.0000,0.00,0.0000,70.1512,0.0000,70.7499,1,2000,0,0,0.000999
806,35,344000000,35.344000000,-76.64821506465944,-51.18118302385991,-6.1462454695086155,0.5277220813468704,-0.17795344436348165,-0.25828077826358914,0.7893877476105485,2000,1955,286,1941,286,0,0.1463,0.9775,18.1250,38.0715,4.7872,0,True,9.84,True,0.6545271391077843,0.7555320561657736,0.027668326246766024,1.62,3.0000,0.00,0.0000,68.4376,0.0000,51.9240,1,1955,0,0,0.001696
807,35,377000000,35.377000000,-76.72913403316511,-50.785965582887414,-5.231228915075252,0.5241427863786418,-0.1872218643329518,-0.24537372015160935,0.7937342442290662,286,281,252,252,252,0,0.8968,0.9825,7.5253,36.2970,19.4729,0,True,9.84,True,-0.2927462305133432,0.9510239828974739,0.09926242226569892,1.93,10.0000,0.00,0.0000,67.0831,0.0000,41.0466,1,281,0,0,0.001042
808,35,410000000,35.410000000,-76.37783489801537,-50.662759307678584,-4.3031076237602806,0.4449151473577191,-0.3595748184037628,-0.002134005620221052,0.8202145497621783,251,249,226,226,226,0,0.9076,0.9920,6.3964,34.7338,18.8042,0,True,9.84,True,0.2493098890815335,0.9660940786595359,0.0671327817473383,35.62,1.0000,0.00,0.0000,65.3207,0.0000,53.4118,1,249,0,0,0.001006
809,35,443000000,35.443000000,-77.21997469066848,-50.246581065637024,-4.646030706216608,0.44530248651867443,-0.35680223965079894,-0.005620963590440158,0.8211980650542077,226,225,198,220,198,0,0.8800,0.9956,5.1902,27.3944,20.2575,0,True,9.84,True,-0.9606067300583925,0.26710408357475096,0.07674710876779112,0.52,3.0000,0.00,0.0000,63.9843,0.0000,40.5060,1,225,0,0,0.001692
810,35,476000000,35.476000000,-77.94160205372641,-49.63138377304987,-4.328562219466361,0.4405816446153954,-0.36151340235299045,0.0030786819232337943,0.8216972654602022,198,198,165,187,165,0,0.8333,1.0000,5.8082,38.9900,19.9497,0,True,9.84,True,-0.5545640448144028,0.8272857854547688,0.08976051127068689,1.26,0.0000,0.00,0.0000,62.9679,0.0000,30.8086,1,198,0,0,0.000991
811,35,509000000,35.509000000,-77.97794646910887,-49.185243327259016,-3.4343375351168306,0.37554917331065657,-0.4440070486156961,0.15859672636561944,0.7979145553199103,165,165,163,163,163,0,0.9879,1.0000,6.9891,37.0811,17.1286,0,True,9.84,True,0.36698721571934684,0.930163264718976,0.010802058410227407,21.71,6.0000,0.00,0.0000,61.0952,0.0000,56.7702,1,165,0,0,0.001370
812,35,542000000,35.542000000,-78.42388962764589,-48.59706153084478,-2.7596695621694387,0.35250803954739063,-0.4627347966955782,0.19661078477157706,0.7892773842528757,163,163,163,163,163,0,1.0000,1.0000,10.4662,35.3646,14.4897,0,True,9.84,True,0.2634391774755717,0.9635851182510257,0.045864143469065234,5.62,11.0000,0.00,0.0000,59.8916,0.0000,36.4918,1,163,0,0,0.002054
813,35,575000000,35.575000000,-78.65064118113759,-48.85169377357265,-3.6997473004190207,0.35447757211574277,-0.46448928387818694,0.18652666391129574,0.7898121040344849,163,163,163,163,163,0,1.0000,1.0000,14.1126,34.8302,15.1937,0,True,9.84,True,-0.9250627639534458,-0.3793701198827829,0.018362867067386997,1.20,3.0000,1.85,0.8797,59.0134,1.0000,26.6293,0,163,0,0,0.001109
814,35,608000000,35.608000000,-78.71879158698376,-49.11010102365238,-4.663376490143574,0.487547733546105,-0.26908906921938053,-0.08634300579764893,0.8260951311383761,162,120,117,117,117,0,0.9750,0.7407,10.9882,18.4103,9.0590,0,True,9.84,True,-0.8595068341693851,-0.5055629730170058,-0.07519363224587133,41.81,8.0000,0.00,0.0000,57.3931,0.0000,49.1376,1,120,0,0,0.002252
815,35,641000000,35.641000000,-77.94220624556124,-49.69337592400513,-4.901505862767303,0.48511380304588114,-0.27941231083863605,-0.08172960303888306,0.8245687543396741,117,117,67,114,67,0,0.5726,1.0000,15.2439,31.1367,8.5531,0,True,9.84,True,0.802973720489744,-0.5931521982703561,-0.05834101378877956,1.34,8.0000,1.44,0.6845,56.7102,1.0000,20.7130,0,117,0,0,0.001037
816,35,674000000,35.674000000,-77.94220624556124,-49.69337592400513,-4.901505862767303,0.48511380304588114,-0.27941231083863605,-0.08172960303888306,0.8245687543396741,2000,0,0,0,0,0,0.0000,0.0000,0.0000,0.0000,0.0000,1,True,11.48,True,0.0,0.0,0.0,0.00,0.0000,0.00,0.0000,55.5133,0.0000,36.3060,1,2000,0,0,0.001978
817,35,707000000,35.707000000,-77.97284096598837,-50.13108871624242,-5.800098665663123,0.48230140862399795,-0.28284924540121625,-0.07684237531789581,0.8255161445851763,2000,1983,1880,1909,1880,0,0.9481,0.9915,24.2195,821.3342,3.0609,0,True,11.48,True,-0.19059143732709316,-0.9816033709155528,0.011389742087351799,0.76,4.0000,0.00,0.0000,54.4062,0.0000,33.5881,1,1983,0,0,0.002069
818,35,740000000,35.740000000,-78.66658856974655,-50.07172967997886,-6.517866571809405,0.4798839673665877,-0.2920673729141278,-0.07422106402692345,0.8239534338773368,1873,1843,49,1760,49,0,0.0266,0.9840,16.9289,327.6152,3.0987,0,True,11.48,True,-0.8802663327122823,-0.47044885372591866,0.06171757870525012,1.15,1.0000,1.57,0.7435,53.6651,1.0000,22.4872,0,1843,0,0,0.001540
819,35,773000000,35.773000000,-78.66658856974655,-50.07172967997886,-6.517866571809405,0.4798839673665877,-0.2920673729141278,-0.07422106402692345,0.8239534338773368,2000,0,0,0,0,0,0.0000,0.0000,0.0000,0.0000,0.0000,1,True,13.11,True,0.0,0.0,0.0,0.00,2.0000,1.80,0.8533,52.8150,1.0000,25.7986,0,2000,0,0,0.001994
820,35,806000000,35.806000000,-79.20669635585487,-50.067196481047574,-7.359450215598059,0.4779167558126184,-0.2995843199118738,-0.07252540207544532,0.8225477954686142,2000,1954,1526,1872,1526,0,0.7810,0.9770,15.2366,155.0421,4.1565,0,True,13.11,True,-0.7889401644425086,-0.6142782828553247,-0.015349532297145509,0.93,13.0000,1.35,0.6398,52.1780,1.0000,19.3348,0,1954,0,0,0.001301
821,35,839000000,35.839000000,-79.66849543125177,-50.17183336184256,-8.240241188042736,0.476159465840292,-0.30631983782852323,-0.07153394822087104,0.8211718543005043,1526,1516,1502,1513,1502,0,0.9908,0.9934,10.9270,85.8569,1.3008,0,True,13.11,True,-0.7046348719290426,-0.7093665449783578,0.016994179209635776,0.82,13.0000,1.29,0.6098,51.5712,1.0000,18.4212,0,1516,0,0,0.001556
822,35,872000000,35.872000000,-80.07517014385152,-50.27558027112565,-9.147904262617264,0.474597490288439,-0.3121271021445147,-0.07071270031764969,0.8199595162766081,1502,1473,1412,1473,1412,0,0.9586,0.9807,9.0345,18.1373,1.2637,0,True,11.48,True,-0.6785381835123822,-0.7343715587874312,-0.016862596473707973,0.71,3.0000,1.09,0.5192,51.0551,1.0000,15.6709,0,1473,0,0,0.002669
823,35,905000000,35.905000000,-79.65078397650483,-49.45617946491659,-8.762574923287005,0.474015932692815,-0.3175453465159262,-0.06952259686611417,0.8183156218626361,1412,1399,621,1398,621,0,0.4439,0.9908,7.3497,14.3557,1.2011,0,True,11.48,True,0.1710406675504256,0.6824704342565842,-0.710618882671671,0.67,4.0000,0.91,0.4277,50.6310,1.0000,12.8856,0,1399,0,0,0.001322
824,35,938000000,35.938000000,-80.65011045702786,-49.47317551567859,-8.795097524411686,0.4730639048831283,-0.3213837890356245,-0.06912194642871698,0.8174014671896164,621,620,426,620,426,0,0.6871,0.9984,6.4152,10.4145,1.1098,0,True,11.48,True,-0.7958401335104539,0.15127343789260134,0.5863060880480572,0.47,3.0000,0.67,0.3146,50.3201,1.0000,9.4458,0,620,0,0,0.002494
825,35,971000000,35.971000000,-79.81108004497368,-49.23553697287803,-9.284541995852312,0.47251205004367636,-0.323359500491163,-0.0690798234213356,0.8169449026719641,426,426,426,426,426,0,1.0000,1.0000,4.6631,7.0087,1.1330,0,True,11.48,True,0.3334330751510918,-0.43157281652479035,-0.8381928706641127,0.24,3.0000,0.45,0.2132,50.1114,1.0000,6.3482,0,426,0,0,0.001531
826,36,4000000,36.004000000,-80.54465527817105,-48.5892016627109,-9.494584953531383,0.47206350804314906,-0.3246274841409752,-0.068840630839702,0.8167214999373338,426,426,120,426,120,0,0.2817,1.0000,2.4885,3.7387,0.9333,0,True,11.48,True,-0.9408873251637224,0.3213814072076502,-0.10698145842848776,0.16,2.0000,0.23,0.1093,50.0088,1.0000,3.1299,0,426,0,0,0.002198
827,36,37000000,36.037000000,-80.71655451552192,-49.46580211557706,-9.944053860390364,0.4702842170365762,-0.32552676161186384,-0.07783347607715396,0.8165825326827255,120,120,120,120,120,0,1.0000,1.0000,0.7293,0.9530,1.0616,0,True,11.48,True,0.024078073913763504,-0.8109155454277491,0.5846676188572612,1.06,11.0000,0.05,0.0397,49.9950,1.0000,0.4353,0,120,0,0,0.001908
828,36,70000000,36.070000000,-81.19675580073702,-50.33659796747074,-10.049511482222618,0.47066198056873787,-0.32512432181422024,-0.07955575599649119,0.8163592083756899,120,120,120,120,120,0,1.0000,1.0000,1.5376,1.9440,1.1911,0,True,11.48,True,-0.04364497518879759,-0.4754156303823333,0.8786780380372197,0.21,12.0000,0.20,0.0964,50.0854,1.0000,2.7255,0,120,0,0,0.001918
829,36,103000000,36.103000000,-81.39329863671693,-51.26827536400996,-10.355040764620966,0.46977195788942494,-0.324282158284889,-0.0862590904274091,0.8165260306429102,120,120,120,120,120,0,1.0000,1.0000,3.4539,4.5858,1.1626,0,True,11.48,True,0.11434575041449209,-0.7230784941177191,0.6812360389076598,0.78,11.0000,0.39,0.1982,50.2812,1.0000,5.9278,0,120,0,0,0.001899
830,36,136000000,36.136000000,-82.3617557698182,-51.093636468893614,-10.532782255719189,0.4705416560795709,-0.3208323784030749,-0.087558689740404,0.8173069256485378,120,120,103,120,103,0,0.8583,1.0000,5.5044,7.3419,1.1410,0,True,11.48,True,-0.9078921639210904,0.10730388831742055,0.405237824299068,0.44,10.0000,0.64,0.3089,50.5887,1.0000,9.3136,0,120,0,0,0.001922
831,36,169000000,36.169000000,-82.62211927561229,-52.034308087125815,-10.750377640557662,0.4632207452402249,-0.32463474514147966,-0.11634480448890101,0.8163961721458869,103,103,103,103,103,0,1.0000,1.0000,7.4716,10.0434,1.0116,0,True,11.48,True,0.11969392532948459,-0.6479435387504885,0.752225055971093,3.43,4.0000,0.88,0.3950,50.9827,1.0000,11.9391,0,103,0,0,0.001815
832,36,202000000,36.202000000,-82.6161931789222,-51.37232891237788,-11.499876442143112,0.4684124100255418,-0.3079576455625472,-0.11676060592879357,0.8198285574294037,103,103,103,103,103,0,1.0000,1.0000,10.5018,14.1150,1.0082,0,True,11.48,True,-0.6368253693390807,-0.2641798153910345,-0.7243358848670293,2.04,8.0000,1.25,0.5718,51.5533,1.0000,17.2997,0,103,0,0,0.002060
833,36,235000000,36.235000000,-83.578724663696,-51.10783199732905,-11.440089129535659,0.47039041851773716,-0.3011128531593418,-0.11910729594575409,0.8209003324895412,103,103,94,103,94,0,0.9126,1.0000,12.0602,16.5122,1.0297,0,True,11.48,True,-0.8570137841134738,0.28485536365281977,0.4294005072630025,0.87,8.0000,1.27,0.6020,52.1543,1.0000,18.2237,0,103,0,0,0.001784
834,36,268000000,36.268000000,-83.578724663696,-51.10783199732905,-11.440089129535659,0.47039041851773716,-0.3011128531593418,-0.11910729594575409,0.8209003324895412,2000,0,0,0,0,0,0.0000,0.0000,0.0000,0.0000,0.0000,1,True,13.11,True,0.0,0.0,0.0,0.00,7.0000,1.53,0.7351,52.8882,1.0000,22.2568,0,2000,0,0,0.001859
835,36,301000000,36.301000000,-84.40983528732842,-50.55429583861206,-11.386677030923515,0.47328036301990795,-0.291756579350446,-0.12200449048631903,0.8221914014915533,2000,1981,1324,1951,1324,0,0.6683,0.9905,14.5892,33.8208,3.6034,0,True,11.48,True,-0.9014480508738374,0.4108665699073479,0.13630874259683426,1.18,6.0000,1.73,0.8145,53.7015,1.0000,24.6658,0,1981,0,0,0.001795
836,36,334000000,36.334000000,-85.28767673772069,-50.090377791340046,-11.505733460353065,0.47628302337032347,-0.2816007770475363,-0.12549990824904825,0.8234714670496653,1277,1232,1066,1226,1066,0,0.8653,0.9648,16.9025,33.4674,1.3021,0,True,11.48,True,-0.9668204195612229,0.2074601752523935,0.14905888770451478,1.29,5.0000,1.78,0.8578,54.5580,1.0000,25.9790,0,1232,0,0,0.001685
837,36,367000000,36.367000000,-86.26467976615633,-49.96872965212505,-11.330614036378737,0.4784121645925955,-0.27751014860636475,-0.1331404258777821,0.8224254040260328,1021,979,571,979,571,0,0.5832,0.9589,12.9361,24.9917,0.7344,0,True,11.48,True,-0.7887692042334135,0.27250547761321847,0.550984489004708,1.03,4.0000,0.00,0.0000,55.5618,0.0000,30.4431,1,979,0,0,0.001777
838,36,400000000,36.400000000,-87.19255766467371,-49.81051576826936,-10.992958927727502,0.481780855617003,-0.2674395800213052,-0.13792944678133365,0.8230059209444193,567,541,328,536,328,0,0.6063,0.9541,21.3015,43.3030,1.3529,0,True,11.48,True,-0.7176129155972709,0.41401532719721484,0.5600205462425173,1.34,8.0000,1.65,0.7876,56.3483,1.0000,23.8570,0,541,0,0,0.001278
839,36,433000000,36.433000000,-87.26554590488325,-48.89396834234136,-11.386168201290387,0.4853648142004532,-0.2583433134754228,-0.14417431755887494,0.8227353740268688,286,285,285,285,285,0,1.0000,0.9965,13.5840,19.3442,0.7990,0,True,11.48,True,-0.6248817811634775,0.11759590245027468,-0.7718121295346848,1.33,1.0000,0.00,0.0000,57.8469,0.0000,45.4472,1,285,0,0,0.002241
840,36,466000000,36.466000000,-87.81361331690806,-49.48538817125272,-10.794691491819195,0.48598986408637734,-0.25663618488587486,-0.15502621980281514,0.8209254483728572,284,284,284,284,284,0,1.0000,1.0000,14.5625,19.8495,0.8107,0,True,11.48,True,0.0051518483259708646,0.2356895927494229,0.9718147325125491,1.28,7.0000,0.00,0.0000,58.8490,0.0000,30.3916,1,284,0,0,0.001377
841,36,499000000,36.499000000,-88.2685553536448,-50.37111205878728,-10.702382563429431,0.4878757343378374,-0.25115320990066836,-0.1648672079502421,0.8195841242627864,280,279,100,279,100,0,0.3584,0.9964,15.4989,20.2165,0.8410,0,True,11.48,True,0.0982208321866479,-0.34607181258600334,0.9330525004832262,1.32,1.0000,0.00,0.0000,60.4187,0.0000,47.5994,1,279,0,0,0.002022
842,36,532000000,36.532000000,-88.2685553536448,-50.37111205878728,-10.702382563429431,0.4878757343378374,-0.25115320990066836,-0.1648672079502421,0.8195841242627864,2000,0,0,0,0,0,0.0000,0.0000,0.0000,0.0000,0.0000,1,True,13.11,True,0.0,0.0,0.0,0.00,9.0000,0.00,0.0000,61.5010,0.0000,32.8200,1,2000,0,0,0.001309
843,36,565000000,36.565000000,-89.00973633375727,-49.74467541325437,-10.461078017568859,0.49085928163248815,-0.2448057885183009,-0.17552131434218007,0.817508140482261,2000,1943,1191,1826,1191,0,0.6130,0.9715,18.7683,155.0561,3.9011,0,True,13.11,True,-0.869669917291478,0.4884624411730225,0.07126484772681041,1.48,3.0000,0.00,0.0000,63.2301,0.0000,52.4255,1,1943,0,0,0.001988
844,36,598000000,36.598000000,-89.7965571469465,-49.437138637207276,-10.996180007203353,0.4939191782113665,-0.23801907843154066,-0.1869361861412099,0.8151353421417743,1191,1185,549,1177,549,0,0.4633,0.9950,18.7138,41.8355,2.3959,0,True,13.11,True,-0.92817565864178,-0.3717530755679352,0.017017564769350974,1.59,10.0000,0.00,0.0000,64.5778,0.0000,40.8613,1,1185,0,0,0.001474
845,36,631000000,36.631000000,-90.59267585447819,-48.83526241201929,-10.93341048377418,0.49687128144767784,-0.23083816835150361,-0.19832893202623825,0.8127104677718856,544,530,516,522,516,0,0.9736,0.9743,20.6160,46.7376,4.2549,0,True,13.11,True,-0.9624484961564574,0.2668417874258212,0.049883391319819934,1.60,3.0000,0.00,0.0000,66.0871,0.0000,45.7563,1,530,0,0,0.001590
846,36,664000000,36.664000000,-91.17607509622043,-48.79716320102249,-11.744701907897454,0.5000636083504432,-0.22161825487945286,-0.2126039688013544,0.8097044455587687,514,503,492,495,492,0,0.9781,0.9786,21.8959,48.9709,4.0034,0,True,11.48,True,-0.6408595978400736,-0.7674552090195876,-0.017648739472277006,2.01,11.0000,0.00,0.0000,67.8364,0.0000,53.0286,1,503,0,0,0.001775
847,36,697000000,36.697000000,-90.87545740725002,-48.62799521790291,-10.806079940028969,0.5033824677546661,-0.21652068394416774,-0.22274980918963214,0.8062923831263414,490,470,413,469,413,0,0.8787,0.9592,22.9149,50.9921,3.7834,0,True,11.48,True,0.2854557541310851,0.9546922010090256,0.08412974364631998,1.41,2.0000,0.00,0.0000,69.1055,0.0000,38.4730,1,470,0,0,0.001253
848,36,730000000,36.730000000,-91.5780760214551,-48.39576442854814,-10.13347608674816,0.507835846065111,-0.2033010606557801,-0.23133208448587597,0.8045227771014237,404,390,323,367,323,0,0.8282,0.9653,33.1918,53.5882,2.2246,0,True,11.48,True,-0.6170469160416124,0.6031349672802158,0.5054515947619794,1.89,4.0000,1.77,0.8479,69.9531,1.0000,25.6912,0,390,0,0,0.000822
849,36,763000000,36.763000000,-92.32340698468191,-47.94206369579742,-9.64497081517286,0.5106505110527895,-0.19557932778772105,-0.2438260471684213,0.8009579519711699,307,304,300,303,300,0,0.9868,0.9902,26.0799,39.2093,1.2387,0,True,11.48,True,-0.8214872432300087,0.49271817965129766,0.28703223625835544,1.76,10.0000,0.00,0.0000,72.4945,0.0000,77.0297,1,304,0,0,0.002410
850,36,796000000,36.796000000,-93.1341743346854,-48.47500526517321,-9.887106289235577,0.5115284501408615,-0.1872842117090491,-0.2591053812664782,0.7975761218465365,293,286,285,285,285,0,0.9965,0.9761,27.5473,40.4741,1.2227,0,True,11.48,True,-0.353290779378677,-0.567524402701112,0.7437080593517547,2.03,4.0000,0.00,0.0000,74.7620,0.0000,68.7246,1,286,0,0,0.002096
851,36,829000000,36.829000000,-93.83092457866232,-48.15100638498046,-9.247134553022224,0.5141745263351697,-0.17951646324063253,-0.2720939313748529,0.7933242013216005,281,268,203,263,203,0,0.7575,0.9537,28.9078,89.2550,1.5100,0,True,11.48,True,-0.7287648536195559,0.5407686087064405,0.4200846342900055,1.83,3.0000,0.00,0.0000,76.5699,0.0000,54.7906,1,268,0,0,0.001646
852,36,862000000,36.862000000,-94.40112323364444,-48.73023992133405,-8.664586697288577,0.5159402567321709,-0.1719301420325347,-0.2851497624910085,0.78926249796575,200,191,186,186,186,0,0.9738,0.9550,30.4393,52.6544,1.4849,0,True,9.84,True,-0.08909810807159799,0.2040614225728903,0.9748951035652965,1.80,6.0000,0.00,0.0000,77.8006,0.0000,37.2947,1,191,0,0,0.001109
853,36,895000000,36.895000000,-95.17636843606131,-48.57051669635814,-8.05345384141114,0.5180655999124877,-0.16379175967599174,-0.29799201837639394,0.7848446028568453,181,161,142,158,142,0,0.8820,0.8895,30.8145,45.1614,1.8684,0,True,9.84,True,-0.7175334684638563,0.3949453168773263,0.5737280874341925,1.83,3.0000,0.00,0.0000,80.0596,0.0000,68.4608,1,161,0,0,0.001277
854,36,928000000,36.928000000,-95.85580091812562,-48.40983487274243,-7.337525874451156,0.5204025778829925,-0.1559499533913405,-0.3110764383907295,0.779802679174747,133,110,43,106,43,0,0.3909,0.8271,32.5802,56.4007,1.7728,0,True,9.84,True,-0.6617224557783715,0.4954730073536191,0.5626987564430913,1.86,1.0000,0.00,0.0000,82.0948,0.0000,61.6724,1,110,0,0,0.002559
855,36,961000000,36.961000000,-95.85580091812562,-48.40983487274243,-7.337525874451156,0.5204025778829925,-0.1559499533913405,-0.3110764383907295,0.779802679174747,2000,0,0,0,0,0,0.0000,0.0000,0.0000,0.0000,0.0000,1,True,11.48,True,0.0,0.0,0.0,0.00,8.0000,0.00,0.0000,83.6752,0.0000,47.8882,1,2000,0,0,0.001406
856,36,994000000,36.994000000,-96.49092993769534,-47.73495010266896,-6.961837605239456,0.5228770726523851,-0.14771052655807354,-0.32405569092448955,0.7744475943650807,2000,1928,811,1702,811,0,0.4206,0.9640,28.5636,959.8036,5.6859,0,True,11.48,True,-0.9485439927209552,0.31504772167455675,0.0317683323556516,1.89,3.0000,0.00,0.0000,85.7478,0.0000,62.8035,1,1928,0,0,0.001846
857,37,27000000,37.027000000,-97.25175164496812,-47.086113783420444,-6.949119092489625,0.5254221318160266,-0.13924541650084118,-0.33732647752959016,0.7686046740287806,808,797,688,750,688,0,0.8632,0.9864,21.4669,41.8272,5.3689,0,True,9.84,True,-0.9951255050676666,-0.09505584536756195,-0.02626052979815574,1.95,3.0000,0.00,0.0000,86.7650,0.0000,30.8210,1,797,0,0,0.000909
858,37,60000000,37.060000000,-97.6954232450522,-46.42104218606866,-6.348423427718543,0.5276836202026383,-0.13108222031476127,-0.3495088281476861,0.7630275404820074,686,678,637,655,637,0,0.9395,0.9883,22.6760,40.8333,4.5071,0,True,9.84,True,-0.8520351848359967,0.5229663785988188,0.023285417254701384,1.82,5.0000,0.00,0.0000,89.3672,0.0000,78.8416,1,678,0,0,0.002344
859,37,93000000,37.093000000,-97.66313528417614,-45.97003939607086,-5.456485105301215,0.5295582978220555,-0.12330157774548985,-0.3608872159795106,0.7577104641456642,632,621,569,575,569,0,0.9163,0.9826,23.4176,41.3888,4.2192,0,True,9.84,True,-0.4302312339320539,0.9023904755619585,0.024341630273352708,1.71,6.0000,0.00,0.0000,91.1518,0.0000,54.0712,1,621,0,0,0.001624
860,37,126000000,37.126000000,-98.19683485232206,-45.66059079973868,-4.66946138444593,0.5311541609406378,-0.11551300331945168,-0.37301271801893376,0.7519265360230976,565,547,414,543,414,0,0.7569,0.9681,24.2738,47.6729,1.3593,0,True,9.84,True,-0.741860449277635,0.5347345319897606,0.4046011049110931,1.79,10.0000,0.00,0.0000,92.7587,0.0000,48.6828,1,547,0,0,0.001476
861,37,159000000,37.159000000,-98.8951102794358,-45.14542309498094,-4.172456692452223,0.5325581795450871,-0.10730350085085714,-0.3846698698741238,0.7462552078986099,413,398,386,396,386,0,0.9698,0.9637,24.8429,41.2182,1.5221,0,True,9.84,True,-0.9481333382817955,0.2149349601102434,0.23419251858466023,1.77,9.0000,0.00,0.0000,94.5979,0.0000,55.7196,1,398,0,0,0.001714
862,37,192000000,37.192000000,-99.55376391663003,-45.15506532339473,-3.420072207204153,0.5336174432264699,-0.09971647697374439,-0.3961821681391891,0.740505731343736,380,365,176,363,176,0,0.4822,0.9605,24.6837,41.6836,1.4371,0,True,9.84,True,-0.629695124186281,0.3559532661163633,0.6904935357533173,1.72,8.0000,0.00,0.0000,96.2880,0.0000,51.1998,1,365,0,0,0.001601
863,37,225000000,37.225000000,-100.26719082724637,-44.671303319047105,-3.927020297601967,0.5352308355864067,-0.07984975019170731,-0.41353655771609904,0.7322154638247668,174,164,163,163,163,0,0.9939,0.9425,29.5098,46.2153,2.0390,0,True,9.84,True,-0.6711288765372136,-0.7269735982270443,-0.1452426196359776,3.17,7.0000,0.00,0.0000,98.0028,0.0000,51.9422,1,164,0,0,0.001489
864,37,258000000,37.258000000,-99.64190810669967,-45.047852417704746,-3.243476373859087,0.5361430780369421,-0.07528626558854423,-0.4232819029725063,0.7264399553320139,158,144,144,144,144,0,1.0000,0.9114,29.5689,37.5645,1.9721,0,True,9.84,True,0.4410113038441292,0.8741134138081603,0.20355532339475965,1.40,5.0000,0.00,0.0000,99.5453,0.0000,46.7252,1,144,0,0,0.001050
865,37,291000000,37.291000000,-99.4433812414972,-45.724373842621766,-2.534317826409299,0.5359206498328799,-0.06992258147431282,-0.4332472791304303,0.721246618576996,139,125,125,125,125,0,1.0000,0.8993,29.5854,35.5534,2.2117,0,True,9.84,True,0.35149405842821974,0.6584922539359201,0.6654621539922845,1.43,8.0000,0.00,0.0000,100.7253,0.0000,35.7430,1,125,0,0,0.001805
866,37,324000000,37.324000000,-100.1881745838993,-45.38802913271916,-1.9579888290180034,0.5362760459611774,-0.062322539415863874,-0.44322103318876716,0.715596967117724,122,100,97,98,97,0,0.9700,0.8197,29.0323,42.7453,2.4139,0,True,8.20,True,-0.9028197567697661,0.08768728465519025,0.42098387961533634,1.58,10.0000,0.00,0.0000,102.2790,0.0000,47.0564,1,100,0,0,0.001583
867,37,357000000,37.357000000,-100.1881745838993,-45.38802913271916,-1.9579888290180034,0.5362760459611774,-0.062322539415863874,-0.44322103318876716,0.715596967117724,2000,0,0,0,0,0,0.0000,0.0000,0.0000,0.0000,0.0000,1,True,9.84,True,0.0,0.0,0.0,0.00,11.0000,0.00,0.0000,103.8232,0.0000,46.7703,1,2000,0,0,0.001612
868,37,390000000,37.390000000,-100.70208509145266,-44.651881358622255,-1.5175544469377478,0.5405853976977268,-0.05021848354346476,-0.44825273207567806,0.7101514063164809,2000,1896,901,1802,901,0,0.4752,0.9480,30.9243,793.6655,4.1170,0,True,9.84,True,-0.9942676742720079,0.09423474085456601,-0.05051341914585724,1.70,7.0000,1.92,0.9155,104.7386,1.0000,27.7236,0,1896,0,0,0.000974
869,37,423000000,37.423000000,-101.12666869908661,-44.62635524458633,-0.6125256199765615,0.5407586633944662,-0.044307306332261785,-0.45718378795936276,0.7046984565021679,864,837,766,832,766,0,0.9152,0.9688,16.9523,60.4030,1.0190,0,True,9.84,True,-0.6435153000810637,0.48871059689011004,0.58910950683968,1.38,15.0000,0.00,0.0000,106.6891,0.0000,59.0689,1,837,0,0,0.002135
870,37,456000000,37.456000000,-101.75938987985245,-43.98589684046156,-0.177236130100887,0.5412133460431622,-0.038365147928000935,-0.4659257273170761,0.6989488150882586,762,743,568,743,568,0,0.7645,0.9751,15.9357,32.4628,0.8976,0,True,9.84,True,-0.9971572232377701,-0.029829175857744954,0.0691931529299516,1.38,1.0000,0.00,0.0000,108.1327,0.0000,43.7204,1,743,0,0,0.001636
871,37,489000000,37.489000000,-100.84451838369226,-43.862129651698005,0.20707081558077944,0.5430032238965539,-0.03486103753501512,-0.4714973358175216,0.6939902515287304,561,557,557,557,557,0,1.0000,0.9929,16.0523,27.2619,0.8805,0,True,9.84,True,0.2560068597312013,0.8598943715616421,-0.4416357747365782,0.97,6.0000,0.00,0.0000,109.3520,0.0000,36.9242,1,557,0,0,0.001428
872,37,522000000,37.522000000,-101.14327861437583,-43.72764269491978,1.1518753366423637,0.5466870888813932,-0.024587132103784683,-0.4745322713816087,0.6894547289000998,556,544,418,542,418,0,0.7684,0.9784,22.9564,39.4435,1.3576,0,True,9.84,True,-0.696373836051195,0.554314835321053,0.455849255572867,1.40,0.0000,1.84,0.8737,110.2256,1.0000,26.4543,0,544,0,0,0.001052
873,37,555000000,37.555000000,-101.40040308100686,-43.07551963152384,1.8650530976857014,0.5468759245686421,-0.019555688232406325,-0.48142690914195113,0.6846695767587292,394,385,381,385,381,0,0.9896,0.9772,13.3043,21.2073,0.8132,0,True,9.84,True,-0.9311007468377724,0.36156020358814894,-0.048224666089445374,1.12,0.0000,0.00,0.0000,111.3807,0.0000,34.9791,1,385,0,0,0.001439
874,37,588000000,37.588000000,-102.05027560270523,-42.94351644344006,2.6135454916865455,0.546742607185999,-0.01507803202093538,-0.488142832047006,0.680118923394255,379,377,292,375,292,0,0.7745,0.9947,12.6043,21.2020,0.7806,0,True,9.84,True,-0.8120598284835322,0.15194556931257067,0.5634459858137026,1.06,9.0000,0.00,0.0000,112.7253,0.0000,40.7141,1,377,0,0,0.001757
875,37,621000000,37.621000000,-101.96562919472024,-43.20703347757882,3.574479286666156,0.5500334165852889,-0.0067469755286259005,-0.4892885007088363,0.6767676721259884,291,288,287,287,287,0,0.9965,0.9897,20.2388,29.4604,1.1837,0,True,9.84,True,-0.26963007392953764,0.8032120398440534,0.5311779760892832,1.10,2.0000,1.78,0.8455,113.5706,1.0000,25.5992,0,288,0,0,0.001159
876,37,654000000,37.654000000,-102.25763071991578,-42.67773114988369,4.371080915574848,0.5499752092615148,-0.0028462721506435054,-0.4946341136646428,0.6729459573634354,272,268,256,268,256,0,0.9552,0.9853,11.4164,18.6031,0.7146,0,True,9.84,True,-0.9281280250714091,0.3627069508465711,0.08379759474250374,0.88,7.0000,0.00,0.0000,114.6121,0.0000,31.5372,1,268,0,0,0.001010
877,37,687000000,37.687000000,-103.09061122014364,-42.1588532071563,4.178963329729315,0.5526203367085917,0.011070572012699937,-0.4981476490952738,0.6680846694785374,254,250,250,250,250,0,1.0000,0.9843,18.5953,25.3480,1.0680,0,True,8.20,True,-0.6686321204783131,-0.7435903486187369,-0.002116814998996837,1.76,7.0000,1.65,0.7843,115.3963,1.0000,23.7440,0,250,0,0,0.001718
878,37,720000000,37.720000000,-102.67017477818652,-43.03150654726949,4.427376989304878,0.5529998949433291,0.0109864687613581,-0.49852223705547966,0.6674923167033632,237,227,225,225,225,0,0.9912,0.9578,17.1328,24.2649,1.1213,0,True,8.20,True,0.6413944092315558,0.5591224721897341,0.5253525225017424,0.09,8.0000,1.47,0.6963,116.0924,1.0000,21.0794,0,227,0,0,0.001162
879,37,753000000,37.753000000,-103.64536012682755,-42.99258080789126,4.209435890359084,0.5448633391134281,0.03169630873267401,-0.5119982321241942,0.6633076933102678,208,201,197,197,197,0,0.9801,0.9663,15.0423,31.0834,1.2824,0,True,8.20,True,-0.39230634577174106,-0.823591224578477,0.4096257143595205,3.02,8.0000,1.23,0.5761,116.6684,1.0000,17.4394,0,201,0,0,0.001048
880,37,786000000,37.786000000,-103.94357490358347,-43.00413656075239,5.163864730818239,0.546175307838339,0.03614595918518003,-0.5132958144146439,0.6609942584067477,179,175,96,172,96,0,0.5486,0.9777,11.4715,31.1650,1.4618,0,True,6.56,True,-0.7064612501359377,0.44741506500661776,0.548390610478965,0.61,9.0000,0.77,0.3705,117.0388,1.0000,11.2155,0,175,0,0,0.000734
881,37,819000000,37.819000000,-103.94357490358347,-43.00413656075239,5.163864730818239,0.546175307838339,0.03614595918518003,-0.5132958144146439,0.6609942584067477,2000,0,0,0,0,0,0.0000,0.0000,0.0000,0.0000,0.0000,1,True,8.20,True,0.0,0.0,0.0,0.00,1.0000,0.69,0.3265,117.3652,1.0000,9.8808,0,2000,0,0,0.000699
882,37,852000000,37.852000000,-104.64291998747385,-43.61068802507148,5.542033707296623,0.5488599972016344,0.041021399180548285,-0.5125064997140555,0.659095619794229,2000,1941,33,1900,33,0,0.0170,0.9705,11.2313,379.0939,3.3010,0,True,8.20,True,-0.17147150212839476,-0.16820341765472044,0.9707240257905969,0.68,5.0000,1.37,0.6454,118.0103,1.0000,19.5293,0,1941,0,0,0.001671
883,37,885000000,37.885000000,-104.64291998747385,-43.61068802507148,5.542033707296623,0.5488599972016344,0.041021399180548285,-0.5125064997140555,0.659095619794229,2000,0,0,0,0,0,0.0000,0.0000,0.0000,0.0000,0.0000,1,True,9.84,True,0.0,0.0,0.0,0.00,4.0000,0.52,0.2563,118.2663,1.0000,7.7496,0,2000,0,0,0.000891
884,37,918000000,37.918000000,-104.50728967387202,-43.177731965919556,6.433186594783318,0.5492301162499934,0.04207392662188844,-0.5128337114352239,0.6584661331596394,2000,1981,1133,1958,1133,0,0.5719,0.9905,4.2359,260.2662,2.5505,0,True,9.84,True,-0.7586181087609222,0.649676718009097,-0.04918055649268181,0.15,1.0000,0.21,0.0913,118.3575,1.0000,2.7584,0,1981,0,0,0.000401
885,37,951000000,37.951000000,-104.14024928128653,-43.978098874843774,5.959167437670684,0.5497689504103304,0.04295294265844151,-0.5126622745048218,0.6580931075320932,1133,1131,39,1125,39,0,0.0345,0.9982,2.2662,196.1114,1.4220,0,True,9.84,True,0.9695229436802859,0.04593949855748214,0.24065498987097764,0.13,2.0000,0.27,0.1380,118.4949,1.0000,4.1564,0,1131,0,0,0.000869
886,37,984000000,37.984000000,-104.14024928128653,-43.978098874843774,5.959167437670684,0.5497689504103304,0.04295294265844151,-0.5126622745048218,0.6580931075320932,2000,0,0,0,0,0,0.0000,0.0000,0.0000,0.0000,0.0000,1,True,11.48,True,0.0,0.0,0.0,0.00,3.0000,0.05,0.0348,118.5235,1.0000,0.8548,0,2000,0,0,0.001272
887,38,17000000,38.017000000,-104.759067789947,-43.39489595376004,6.485416434038965,0.5495894334548028,0.041984267696967593,-0.5124647248421588,0.6584593242511102,2000,2000,440,2000,440,0,0.2200,1.0000,1.8587,14.1823,1.8456,0,True,11.48,True,-0.9836269695752983,-0.16505894780236913,0.0723431301126082,0.12,7.0000,0.13,0.0725,118.4517,1.0000,2.1805,0,2000,0,0,0.000594
888,38,50000000,38.050000000,-104.759067789947,-43.39489595376004,6.485416434038965,0.5495894334548028,0.041984267696967593,-0.5124647248421588,0.6584593242511102,440,439,5,437,5,0,0.0114,0.9977,4.5891,46.8177,1.3287,0,True,11.48,True,0.0,0.0,0.0,0.00,1.0000,0.50,0.2192,118.2331,1.0000,6.6293,0,439,0,0,0.000859
889,38,83000000,38.083000000,-105.37907165965954,-43.14371935924624,7.228723584488835,0.5485679759035381,0.038951709075173487,-0.5118727669034168,0.6599562187568648,438,438,98,437,98,0,0.2237,1.0000,5.6382,42.3988,1.0787,0,True,11.48,True,-0.9098836049488743,0.02647091567636064,0.4140182557188701,0.41,4.0000,0.52,0.2581,117.9754,1.0000,7.8141,0,438,0,0,0.000304
890,38,116000000,38.116000000,-105.37907165965954,-43.14371935924624,7.228723584488835,0.5485679759035381,0.038951709075173487,-0.5118727669034168,0.6599562187568648,2000,0,0,0,0,0,0.0000,0.0000,0.0000,0.0000,0.0000,1,True,13.11,True,0.0,0.0,0.0,0.00,2.0000,0.64,0.3138,117.6619,1.0000,9.5044,0,2000,0,0,0.000893
891,38,149000000,38.149000000,-104.54509395207026,-43.60832439563824,7.5264203150777,0.5469443266030963,0.034212210752932216,-0.511114084011363,0.6621509052756086,2000,1967,46,1931,46,0,0.0234,0.9835,9.0872,105.7558,2.3019,0,True,13.11,True,0.5059744383602144,0.861263004991478,0.047073389076155395,0.63,8.0000,0.89,0.4165,117.2457,1.0000,12.6157,0,1967,0,0,0.000589
892,38,182000000,38.182000000,-104.54509395207026,-43.60832439563824,7.5264203150777,0.5469443266030963,0.034212210752932216,-0.511114084011363,0.6621509052756086,2000,0,0,0,0,0,0.0000,0.0000,0.0000,0.0000,0.0000,1,True,14.75,True,0.0,0.0,0.0,0.00,11.0000,1.12,0.5171,116.7290,1.0000,15.6634,0,2000,0,0,0.000393
893,38,215000000,38.215000000,-105.27288423349415,-43.02934440552191,7.8939845643047235,0.5450242987160353,0.028416239279952682,-0.509361158283362,0.665351216716788,2000,1976,921,1816,921,0,0.4661,0.9880,24.5124,1094.0099,6.1891,0,True,14.75,True,-0.9382192226922234,-0.33640101509891446,0.08111132603539506,0.82,6.0000,1.02,0.4821,116.2472,1.0000,14.6034,0,1976,0,0,0.000597
894,38,248000000,38.248000000,-106.2582837947567,-42.883378273432825,7.981629261500499,0.5408114174418499,0.019193446875483362,-0.5097729689475622,0.6687945443048732,921,920,821,902,821,0,0.8924,0.9989,15.7628,615.3872,1.8492,0,True,14.75,True,-0.6188794312214849,-0.6539004379643806,0.4352039370696944,1.23,10.0000,2.02,0.9647,115.2830,1.0000,29.2240,0,920,0,0,0.000844
895,38,281000000,38.281000000,-106.94833394165886,-42.64954619082034,8.666576961621756,0.5378454432755206,0.01033917929859257,-0.5088614913517008,0.6720679750877238,821,809,118,804,118,0,0.1459,0.9854,13.5939,466.3111,1.6624,0,True,13.11,True,-0.8807376377233724,-0.027251485370025873,0.4728198071597475,1.14,9.0000,1.76,0.8267,114.4567,1.0000,25.0436,0,809,0,0,0.000573
896,38,314000000,38.314000000,-107.6658229280797,-42.401469573208225,8.015679468802121,0.512091692187415,0.05764660791996099,-0.5373491937853396,0.6676037831874515,118,118,118,118,118,0,1.0000,1.0000,13.4071,15.3914,0.9640,0,True,13.11,True,-0.1473500764142192,-0.9863596660366923,-0.07336596074957669,7.00,3.0000,1.65,0.7846,113.6725,1.0000,23.7670,0,118,0,0,0.000492
897,38,347000000,38.347000000,-108.42178635070844,-42.90258069702149,7.594482430305862,0.48407908229860125,0.06085254190120273,-0.5632332656003248,0.6668828223505988,118,118,118,118,118,0,1.0000,1.0000,9.6530,10.2803,0.7093,0,True,13.11,True,0.2797914816757636,-0.7978190087374375,0.534042653801074,4.39,7.0000,0.00,0.0000,112.6372,0.0000,31.3783,1,118,0,0,0.000594
898,38,380000000,38.380000000,-107.87450981664482,-43.1130199404367,6.7844184080865535,0.4820398920704835,0.05165949491065992,-0.5606309575550091,0.671313465133246,118,118,80,118,80,0,0.6780,1.0000,13.5461,15.3108,0.9601,0,True,13.11,True,0.8491590970509009,-0.0024169527859928645,-0.5281315993527832,1.23,6.0000,1.53,0.7383,111.8993,1.0000,22.3655,0,118,0,0,0.000396
899,38,413000000,38.413000000,-107.87450981664482,-43.1130199404367,6.7844184080865535,0.4820398920704835,0.05165949491065992,-0.5606309575550091,0.671313465133246,2000,0,0,0,0,0,0.0000,0.0000,0.0000,0.0000,0.0000,1,True,14.75,True,0.0,0.0,0.0,0.00,1.0000,0.00,0.0000,110.6423,0.0000,38.0971,1,2000,0,0,0.000636
900,38,446000000,38.446000000,-108.37457419143301,-42.570155136037194,7.459128290341117,0.4802276067570504,0.043438175586663214,-0.5556093680595408,0.6773424545490823,2000,1936,252,1861,252,0,0.1302,0.9680,20.0584,481.6743,3.1456,0,True,14.75,True,-0.9761086918068375,-0.054392914680624654,0.21036452317748527,1.32,4.0000,1.10,0.5124,110.1301,1.0000,15.5235,0,1936,0,0,0.000248
901,38,479000000,38.479000000,-109.03536458501239,-41.82523751673109,7.5510728181856175,0.48103988671239484,0.03819530249338942,-0.5481241052426028,0.6831557007821576,252,241,37,228,37,0,0.1535,0.9563,35.3542,450.4865,3.4070,0,True,14.75,True,-0.8344010312806138,-0.5281330167612239,-0.15764020935198178,1.24,7.0000,0.00,0.0000,108.0738,0.0000,62.3231,1,241,0,0,0.000952
902,38,512000000,38.512000000,-109.03536458501239,-41.82523751673109,7.5510728181856175,0.48103988671239484,0.03819530249338942,-0.5481241052426028,0.6831557007821576,2000,0,0,0,0,0,0.0000,0.0000,0.0000,0.0000,0.0000,1,True,16.39,True,0.0,0.0,0.0,0.00,5.0000,1.98,0.9388,107.1354,1.0000,28.4410,0,2000,0,0,0.000418
903,38,545000000,38.545000000,-109.91721024506501,-41.72233228038248,8.011245333855967,0.48196598824675324,0.032017444425704214,-0.5397567740359904,0.6894536201283146,2000,1977,269,1953,269,0,0.1361,0.9885,18.0243,118.2614,1.9104,0,True,14.75,True,-0.6893561297918375,-0.41619907373932685,0.5929303983917049,1.40,0.0000,0.00,0.0000,105.6224,0.0000,45.8618,1,1977,0,0,0.000353
904,38,578000000,38.578000000,-110.17950998971644,-41.20620806235439,7.195883674516595,0.4844333022120374,0.021067682435924738,-0.5328113509320379,0.6935362952165494,268,263,28,262,28,0,0.1065,0.9813,24.1313,35.3374,1.4696,0,True,14.75,True,-0.01691465941096738,-0.7414055549027928,-0.6708440187229016,1.58,4.0000,0.00,0.0000,104.0155,0.0000,49.2214,1,263,0,0,0.002502
905,38,611000000,38.611000000,-110.17950998971644,-41.20620806235439,7.195883674516595,0.4844333022120374,0.021067682435924738,-0.5328113509320379,0.6935362952165494,2000,0,0,0,0,0,0.0000,0.0000,0.0000,0.0000,0.0000,1,True,16.39,True,0.0,0.0,0.0,0.00,3.0000,0.00,0.0000,102.7112,0.0000,41.7790,1,2000,0,0,0.005471
906,38,644000000,38.644000000,-109.85008320526119,-41.96308080157514,6.6314178648275135,0.4985176677224815,-0.010772431092561553,-0.5308451799944548,0.6852499431401279,2000,1941,889,1302,889,0,0.4580,0.9705,57.2874,876.0783,7.6028,0,True,16.39,True,0.9938953114390242,-0.08833022797092574,0.06610507337662809,4.11,0.0000,0.00,0.0000,101.5193,0.0000,42.8061,1,1941,0,0,0.009265
907,38,677000000,38.677000000,-109.48620734838472,-42.030977056282225,5.702448296230599,0.5174789941800735,-0.045074745821104024,-0.5285120249444426,0.6714601978975874,889,889,687,805,687,0,0.7728,1.0000,44.5662,354.7896,4.9513,0,True,16.39,True,0.6868008627366194,-0.3803770287766744,-0.619368945720775,4.77,1.0000,0.00,0.0000,100.7276,0.0000,35.6639,1,889,0,0,0.010342
908,38,710000000,38.710000000,-109.81404900596326,-41.63631939592324,4.844098030502153,0.5383219872488977,-0.07766547213111001,-0.5251705008679465,0.6545024503400728,687,687,665,665,665,0,0.9680,1.0000,40.3666,215.9256,3.3710,0,True,16.39,True,-0.02433024958518325,-0.8919679208746244,-0.45144353698521666,4.86,2.0000,0.00,0.0000,100.2504,0.0000,30.5084,1,687,0,0,0.010417
909,38,743000000,38.743000000,-108.98801565922595,-42.036115125886305,4.446816915444746,0.5587180404021116,-0.10803318796876579,-0.5198101299554903,0.6371502259453307,665,665,397,660,397,0,0.5970,1.0000,34.9079,152.0332,2.8435,0,True,16.39,True,0.8529334990653443,0.23887599893679765,-0.4641580585362009,4.68,14.0000,0.00,0.0000,100.0031,0.0000,31.0470,1,665,0,0,0.011994
910,38,776000000,38.776000000,-109.64169193940447,-41.869396065582386,5.184998516179516,0.5738658142281159,-0.16672514990612725,-0.4891371904499415,0.6353153237313095,397,397,88,98,88,0,0.2217,1.0000,50.4906,153.4019,8.6886,0,True,16.39,True,-0.7428811507209434,0.2269300576107996,0.6297859516187116,7.79,5.0000,9.97,5.0033,100.0412,1.0000,29.6049,0,397,0,0,0.013010
911,38,809000000,38.809000000,-109.64169193940447,-41.869396065582386,5.184998516179516,0.5738658142281159,-0.16672514990612725,-0.4891371904499415,0.6353153237313095,2000,0,0,0,0,0,0.0000,0.0000,0.0000,0.0000,0.0000,1,True,18.03,True,0.0,0.0,0.0,0.00,4.0000,6.92,3.3187,100.2277,1.0000,18.5617,0,2000,0,0,0.009481
912,38,842000000,38.842000000,-109.44040435875277,-42.76627313668053,5.578819324687362,0.5844075502466766,-0.20403530904490785,-0.4681168737356137,0.6306377727361584,2000,1808,582,689,582,0,0.3219,0.9040,53.4477,727.7044,11.9501,0,True,18.03,True,0.6851610440186163,0.5609920678706791,0.46458825162233613,5.08,1.0000,6.44,3.0618,100.5131,1.0000,16.3989,0,1808,0,0,0.010044
913,38,875000000,38.875000000,-110.00171849948137,-43.48928776397219,5.98153049182875,0.5910479686825756,-0.23494242224572714,-0.4507811263190672,0.6263072194219262,581,571,428,428,428,0,0.7496,0.9828,40.1641,171.9497,3.2076,0,True,18.03,True,0.21403172906695808,0.26393839567878147,0.9404929251403857,4.16,4.0000,5.38,2.5193,100.8308,1.0000,12.9357,0,571,0,0,0.010309
914,38,908000000,38.908000000,-110.09519550087035,-44.22885866453224,6.648086515922817,0.5960168132357676,-0.2618651268085406,-0.43148190990086766,0.624510988798537,423,407,320,337,320,0,0.7862,0.9622,37.1246,123.1521,2.6282,0,True,18.03,True,0.4188084043055027,0.6855696129550647,0.5954778134202159,3.84,9.0000,5.72,2.6837,101.2548,1.0000,13.1483,0,407,0,0,0.015222
915,38,941000000,38.941000000,-110.59721430187953,-44.818777274109095,7.280520826747408,0.6024126610298872,-0.2742420490892639,-0.4226411613606294,0.6190837851744708,319,314,314,314,314,0,1.0000,0.9843,15.7671,22.5690,1.0863,0,True,18.03,True,0.13739590156199707,0.5487390090698328,0.8246258946692276,1.99,1.0000,1.72,0.7674,101.3926,1.0000,3.6248,0,314,0,0,0.005700
916,38,974000000,38.974000000,-111.46726721083067,-44.93279290821683,6.800928947328408,0.5981890702200869,-0.29003471488024496,-0.40827309080691115,0.625589948573772,314,313,173,293,173,0,0.5527,0.9968,30.2264,54.4129,1.6918,0,True,16.39,True,-0.2496543470328022,-0.6272492525156099,0.737720192367156,2.60,0.0000,5.20,2.4261,101.8841,1.0000,10.7959,0,313,0,0,0.026766
917,39,7000000,39.007000000,-110.67900242416694,-44.888140000828216,7.414642841555761,0.5955414925725725,-0.29560966347532386,-0.3988902777281005,0.6315313165777586,173,173,168,173,168,0,0.9711,1.0000,13.9754,17.9493,0.7663,0,True,16.39,True,0.27749614872749623,0.7316265928740259,-0.6226703911709243,1.46,2.0000,2.40,1.0805,102.1344,1.0000,4.3148,0,173,0,0,0.020241
918,39,40000000,39.040000000,-110.46285605123086,-44.67329885100551,8.367073430002709,0.5934807753075244,-0.3061863982264777,-0.38018583690284263,0.6399134225033585,168,168,168,168,168,0,1.0000,1.0000,11.6854,16.2108,0.7383,0,True,16.39,True,-0.17119807447707963,0.967910510182933,-0.18395777660309612,2.65,4.0000,2.15,0.9664,102.3811,1.0000,3.3598,0,168,0,0,0.028462
919,39,73000000,39.073000000,-111.36885894971967,-44.877446304409744,7.996287015474853,0.5882705054319166,-0.30504086181044965,-0.3789817427525949,0.6459572150886013,168,168,168,168,168,0,1.0000,1.0000,9.2318,14.0540,0.6735,0,True,16.39,True,-0.27866661946825333,-0.4808448986386781,0.8313441517490184,0.93,3.0000,1.26,0.5575,102.5387,1.0000,1.5470,0,168,0,0,0.025776
920,39,106000000,39.106000000,-111.49520031201557,-45.4025141470357,8.83791735048738,0.5897338204184547,-0.30128005534531627,-0.3771443342252267,0.6474615822329441,168,168,167,168,167,0,0.9940,1.0000,11.1695,16.1799,0.6414,0,True,16.39,True,0.33538838898977397,0.8068854011592959,0.48626184091171104,0.54,4.0000,0.44,0.1974,102.5991,1.0000,0.4180,0,168,0,0,0.012567
921,39,139000000,39.139000000,-111.72153911632914,-45.72357890379304,9.757530403695203,0.5893710710344712,-0.31286767744296146,-0.36752219514187756,0.6478294475533072,167,167,167,167,167,0,1.0000,1.0000,13.4786,24.1449,0.7852,0,True,16.39,True,0.09972995595953381,0.8747414877247157,0.47421647539648043,1.73,1.0000,1.20,0.5331,102.7842,1.0000,0.4528,0,167,0,0,0.053530
922,39,172000000,39.172000000,-112.29321136862265,-46.28609232315055,10.35483224447619,0.5893145537286472,-0.31303126663718656,-0.36840091558719873,0.6473025168077425,167,165,165,165,165,0,1.0000,0.9880,16.9471,21.5042,0.7336,0,True,16.39,True,0.15335756827945443,0.5123169801765827,0.844992762143061,0.12,12.0000,0.31,0.1469,102.8473,1.0000,0.2601,0,165,0,0,0.026962
923,39,205000000,39.205000000,-112.80600468045837,-46.81704868622453,11.029464262577735,0.5895389142631993,-0.3149518573535293,-0.3685095172501398,0.6461036540795905,165,163,163,163,163,0,1.0000,0.9879,19.7400,25.1100,0.7567,0,True,16.39,True,0.15648565237672118,0.5968797911712365,0.7869223312955435,0.26,6.0000,0.33,0.1498,102.9254,1.0000,0.6985,0,163,0,0,0.042614
924,39,238000000,39.238000000,-113.57587172843459,-46.22201069778569,10.79873818959283,0.5828214392166675,-0.30118680478322174,-0.3690647229947461,0.6583288759083087,163,161,159,160,159,0,0.9876,0.9877,22.8646,30.2147,0.9178,0,True,16.39,True,-0.9060102253649626,-0.29022895998438397,0.30807892222693933,2.25,8.0000,0.20,0.0886,102.9875,1.0000,0.9211,0,161,0,0,0.044260
925,39,271000000,39.271000000,-113.63907632646756,-46.084344717927806,11.78719823267865,0.5841463110426364,-0.32204717929856597,-0.33398727167499254,0.6659663684903401,158,146,145,145,145,0,0.9932,0.9241,25.5108,39.2279,1.1614,0,True,16.39,True,-0.18299663591255344,0.976385086294827,0.11482331864970326,4.76,11.0000,0.15,0.0592,103.0398,1.0000,1.0163,0,146,0,0,0.045689
926,39,304000000,39.304000000,-114.46661943892181,-45.7414701474731,11.342665415031828,0.582114584137737,-0.30436033386549566,-0.33731607192000274,0.6743332008198122,141,127,103,125,103,0,0.8110,0.9007,27.8787,34.1312,1.3375,0,True,16.39,True,-0.7700241482105594,-0.46588073684762144,0.4359104841672424,2.29,8.0000,0.11,0.0647,103.0946,1.0000,1.2126,0,127,0,0,0.055519
927,39,337000000,39.337000000,-114.46661943892181,-45.7414701474731,11.342665415031828,0.582114584137737,-0.30436033386549566,-0.33731607192000274,0.6743332008198122,2000,0,0,0,0,0,0.0000,0.0000,0.0000,0.0000,0.0000,1,True,18.03,True,0.0,0.0,0.0,0.00,2.0000,0.08,0.0784,103.1454,1.0000,1.1412,0,2000,0,0,0.056892
928,39,370000000,39.370000000,-114.84972317421682,-46.202636101557474,12.143013770934692,0.5819875000981843,-0.3027107211681516,-0.337238832386392,0.6752234733404832,2000,1986,1884,1910,1884,0,0.9486,0.9930,17.8224,86.7773,3.7031,0,True,16.39,True,0.16248355157726554,0.7104574361054089,0.6847257311868503,0.22,10.0000,0.09,0.0930,103.1925,1.0000,0.9551,0,1986,0,0,0.054559
929,39,403000000,39.403000000,-115.13417812052607,-46.691234080928346,12.967851572005218,0.5818908303302155,-0.30039661673524753,-0.33680612289561856,0.6765549274165777,1873,1849,1750,1801,1750,0,0.9465,0.9872,19.6010,264.3331,2.8286,0,True,16.39,True,0.24046332118453975,0.7408878999710127,0.6271064589377499,0.31,3.0000,0.14,0.1481,103.2527,1.0000,0.9757,0,1849,0,0,0.069158
930,39,436000000,39.436000000,-115.5526923827648,-47.13905274595866,13.757980837096198,0.5814843022412134,-0.2982169618767686,-0.3366170673960682,0.6779613557082069,1736,1707,1682,1685,1682,0,0.9854,0.9833,20.6091,104.8209,2.6085,0,True,16.39,True,0.12406889657088478,0.6946213359351875,0.7085958711192852,0.30,5.0000,0.17,0.1876,103.3155,1.0000,0.6938,0,1707,0,0,0.069566
931,39,469000000,39.469000000,-115.98753075647323,-47.582913312537805,14.541500706778265,0.580250545762867,-0.29742671830647627,-0.33627834017108815,0.6795318456931307,1668,1622,1609,1609,1609,0,0.9920,0.9724,22.2700,198.6317,2.5416,0,True,16.39,True,0.10767200868765875,0.68429698400287,0.7212103550488864,0.25,9.0000,0.16,0.1734,103.3606,1.0000,0.3166,0,1622,0,0,0.052084
932,39,502000000,39.502000000,-116.35819942464522,-48.03957313254809,15.35024451492998,0.5786819701918983,-0.294017056876827,-0.33664347985077436,0.6821673659112351,1593,1539,1516,1518,1516,0,0.9851,0.9661,24.8959,78.4017,2.4967,0,True,16.39,True,0.1563701700190568,0.7122160176106244,0.6843220836616878,0.53,6.0000,0.42,0.3515,103.4051,1.0000,0.1415,0,1539,0,0,0.079306
933,39,535000000,39.535000000,-116.7062080350249,-48.49754859519993,16.168259479775,0.5758398267167063,-0.288660863020885,-0.33850682921438313,0.6859274937645641,1507,1432,1332,1338,1332,0,0.9302,0.9502,28.3716,71.0875,2.5818,0,True,16.39,True,0.16664819130861624,0.7189071882211512,0.6748339314657534,0.85,4.0000,0.82,0.5358,103.3891,1.0000,0.3235,0,1432,0,0,0.045311
934,39,568000000,39.568000000,-116.9359492430331,-48.985171323663316,17.010543904437366,0.573113655854312,-0.27710924812075693,-0.342303509126253,0.6910712768731654,1321,1201,718,1058,718,0,0.5978,0.9092,31.8028,93.5222,2.9783,0,True,16.39,True,0.25492643556979483,0.7471830171012249,0.613783391273493,1.54,9.0000,1.19,0.7218,103.3065,1.0000,0.7501,0,1201,0,0,0.113249
935,39,601000000,39.601000000,-117.17867077681512,-49.43056980772835,17.872348086041885,0.5684553300337177,-0.2679066225176026,-0.3442011825694874,0.6975744585958078,709,667,580,581,580,0,0.8696,0.9408,39.6693,353.1230,3.2211,0,True,16.39,True,0.1955704999863781,0.7599794947055181,0.6198252553439747,1.41,11.0000,0.96,0.5254,103.2247,1.0000,0.6619,0,667,0,0,0.045475
936,39,634000000,39.634000000,-117.44881915822097,-49.84573242123635,18.74105969317567,0.5605947696130761,-0.24897491493597354,-0.35549644172037137,0.7052427071152467,574,557,341,352,341,0,0.6122,0.9704,47.4576,283.3275,5.0319,0,True,16.39,True,0.14320951346675487,0.7532491559636384,0.6419554067789146,2.82,10.0000,3.41,1.8332,102.8823,1.0000,2.6808,0,557,0,0,0.126718
937,39,667000000,39.667000000,-117.64154359808788,-50.23545772240219,19.641599242506594,0.5523584091976282,-0.22596723909447147,-0.3671891392015138,0.7134501599250916,338,316,229,242,229,0,0.7247,0.9349,46.9221,150.0123,3.5874,0,True,16.39,True,0.14140058866260038,0.7823766372278771,0.6065415658022696,3.24,8.0000,3.52,1.8269,102.5069,1.0000,3.0306,0,316,0,0,0.102101
938,39,700000000,39.700000000,-117.31043678689868,-50.713595246698105,20.45508113378891,0.5420298820363288,-0.21017153547934944,-0.37168874592594414,0.723794866523613,229,224,142,156,142,0,0.6339,0.9782,45.0452,173.1817,3.7209,0,True,16.39,True,0.510194773525969,0.8095288788741983,0.2904553103929564,2.52,0.0000,2.66,1.3445,102.2249,1.0000,2.3728,0,224,0,0,0.067308
939,39,733000000,39.733000000,-117.68928679421333,-50.92236356733627,21.35668440588566,0.5277679342197108,-0.18198633035597953,-0.38851681904602087,0.7330734373112865,137,134,57,68,57,0,0.4254,0.9781,52.5958,226.3449,3.9215,0,True,16.39,True,-0.16978863195974805,0.7023562762638386,0.691279597304905,4.24,2.0000,4.97,2.5520,101.6898,1.0000,4.7361,0,134,0,0,0.115732
940,39,766000000,39.766000000,-117.68928679421333,-50.92236356733627,21.35668440588566,0.5277679342197108,-0.18198633035597953,-0.38851681904602087,0.7330734373112865,2000,0,0,0,0,0,0.0000,0.0000,0.0000,0.0000,0.0000,1,True,18.03,True,0.0,0.0,0.0,0.00,9.0000,5.62,2.8714,101.1071,1.0000,5.5234,0,2000,0,0,0.119316
941,39,799000000,39.799000000,-117.79997142151632,-50.54684747215154,20.436501502580033,0.514012521887662,-0.14772721426962354,-0.4073427742378268,0.740297009167978,2000,1828,249,412,249,0,0.1362,0.9140,62.9845,709.5994,14.2710,0,True,18.03,True,-0.22413601688531148,-0.8309737882411078,-0.509161672939951,4.82,7.0000,5.63,2.8508,100.5608,1.0000,5.5647,0,1828,0,0,0.111210
942,39,832000000,39.832000000,-117.2565779065718,-50.93727689906418,21.179662555459476,0.4935937727251813,-0.11673212084990899,-0.4240309841609205,0.7502909595352496,223,124,70,76,70,0,0.5645,0.5561,57.9145,557.0767,9.2378,0,True,16.39,True,0.48545483744061424,0.8456673448381689,0.2217664146796545,4.80,8.0000,5.82,2.9292,100.0418,1.0000,5.6840,0,124,0,0,0.109115
943,39,865000000,39.865000000,-117.2565779065718,-50.93727689906418,21.179662555459476,0.4935937727251813,-0.11673212084990899,-0.4240309841609205,0.7502909595352496,2000,0,0,0,0,0,0.0000,0.0000,0.0000,0.0000,0.0000,1,True,18.03,True,0.0,0.0,0.0,0.00,8.0000,6.11,3.0673,99.5508,1.0000,5.8251,0,2000,0,0,0.110477
944,39,898000000,39.898000000,-116.81398268533708,-51.115237285462676,22.058547969499916,0.4717074254319026,-0.08588971478819508,-0.43935513052621816,0.7596592202865035,2000,1841,320,387,320,0,0.1738,0.9205,62.2988,680.9402,13.7922,0,True,16.39,True,0.19116770592796448,0.941344087348744,0.27807592025164546,4.80,7.0000,5.91,2.9382,99.1359,1.0000,5.4021,0,1841,0,0,0.103461
945,39,931000000,39.931000000,-116.68884210526294,-51.16016098955369,23.04966940304346,0.4474189761833104,-0.05959953431979628,-0.4562283026968246,0.7668897515799232,320,255,145,153,145,0,0.5686,0.7969,57.5118,237.7550,5.4982,0,True,16.39,True,-0.17286943431900295,0.850918194068937,0.49603869373334875,4.61,4.0000,7.12,3.5743,98.7101,1.0000,6.2614,0,255,0,0,0.124228
946,39,964000000,39.964000000,-116.90418428999219,-51.47818424215633,22.12636611902459,0.42967067287154526,0.00259728407282063,-0.5013626822958923,0.7510072088805986,145,105,45,48,45,0,0.4286,0.7241,50.4255,334.8783,7.6250,0,True,16.39,True,0.40786827974084544,-0.8813301241192667,-0.23853863146492899,9.22,5.0000,7.02,3.4965,98.3829,1.0000,5.7441,0,105,0,0,0.120977
947,39,997000000,39.997000000,-116.90418428999219,-51.47818424215633,22.12636611902459,0.42967067287154526,0.00259728407282063,-0.5013626822958923,0.7510072088805986,2000,0,0,0,0,0,0.0000,0.0000,0.0000,0.0000,0.0000,1,True,16.39,True,0.0,0.0,0.0,0.00,12.0000,4.95,2.3856,98.2132,1.0000,3.6710,0,2000,0,0,0.082746
948,40,30000000,40.030000000,-115.9937456310189,-51.673753886045716,22.490857494280394,0.40277007125834147,0.04122860199946769,-0.5234033152717024,0.7497502528431123,2000,1594,233,295,233,0,0.1462,0.7970,68.7555,510.4235,12.7912,0,True,16.39,True,0.4411003676704121,0.8968844252550316,-0.03207480905599553,5.96,3.0000,7.86,3.9138,98.0330,1.0000,5.5255,0,1594,0,0,0.082824
949,40,63000000,40.063000000,-115.13368970323255,-51.700644654799994,23.000348110126588,0.3767946929355613,0.07278356797453185,-0.5358687851354098,0.7520458474893619,233,184,74,81,74,0,0.4022,0.7897,59.3857,243.9142,6.2839,0,True,16.39,True,0.15980710604445217,0.9858603571158806,0.05040878023762926,4.90,5.0000,7.08,3.4729,97.9792,1.0000,4.3854,0,184,0,0,0.178808
950,40,96000000,40.096000000,-115.13368970323255,-51.700644654799994,23.000348110126588,0.3767946929355613,0.07278356797453185,-0.5358687851354098,0.7520458474893619,2000,0,0,0,0,0,0.0000,0.0000,0.0000,0.0000,0.0000,1,True,18.03,True,0.0,0.0,0.0,0.00,0.0000,7.76,3.8200,98.0407,1.0000,4.1686,0,2000,0,0,0.140875
951,40,129000000,40.129000000,-114.19838103044516,-51.648312372978374,23.350289560783732,0.3570463119612165,0.09461086119874493,-0.5381611844537877,0.7575943872583943,2000,1841,816,850,816,0,0.4432,0.9205,52.8500,610.6967,9.7220,0,True,16.39,True,0.16930784514390587,0.9835996411918466,-0.06218198629826485,3.44,14.0000,2.36,1.0798,98.0821,1.0000,1.0325,0,1841,0,0,0.040957
952,40,162000000,40.162000000,-113.21228471608448,-51.59208168377666,23.506661452107473,0.33103112110995986,0.12883364025542676,-0.5636819631499141,0.7457096850750145,810,689,129,158,129,0,0.1872,0.8506,64.1178,519.0206,12.0288,0,True,16.39,True,0.2726993116327697,0.9486955757671213,-0.16003683936801494,5.89,4.0000,9.70,4.8674,98.4006,1.0000,3.8885,0,689,0,0,0.191625
953,40,195000000,40.195000000,-112.24256650382308,-51.407007774206846,23.66601714483635,0.3094578323855302,0.15443475517454683,-0.57525850126774,0.7412579936085819,126,97,50,51,50,0,0.5155,0.7698,81.3493,515.7628,8.2240,0,True,14.75,True,0.09140304664116111,0.9803741177366807,-0.1746770515458128,4.09,3.0000,6.04,2.8731,98.6941,1.0000,1.6473,0,97,0,0,0.120606
954,40,228000000,40.228000000,-112.24256650382308,-51.407007774206846,23.66601714483635,0.3094578323855302,0.15443475517454683,-0.57525850126774,0.7412579936085819,2000,0,0,0,0,0,0.0000,0.0000,0.0000,0.0000,0.0000,1,True,16.39,True,0.0,0.0,0.0,0.00,11.0000,4.04,1.8685,98.9287,1.0000,0.7771,0,2000,0,0,0.082498
955,40,261000000,40.261000000,-111.25592515534844,-51.2567150471824,23.603160596381386,0.29017417751512176,0.17592026832545102,-0.5871179739860211,0.7349445492812869,2000,1699,725,775,725,0,0.4267,0.8495,58.9772,492.4487,10.0406,0,True,16.39,True,0.20953655258978923,0.9401107344296823,-0.268861005240384,3.65,12.0000,5.40,2.5357,99.3024,1.0000,0.6761,0,1699,0,0,0.117791
956,40,294000000,40.294000000,-110.27437436573037,-51.09221480749609,23.505704357262037,0.2716148055760445,0.1962366659046398,-0.6002277307314197,0.7262528757998337,712,644,303,320,303,0,0.4705,0.9045,61.5685,307.2935,6.8561,0,True,16.39,True,0.1773393061530752,0.949241562111151,-0.25979073742904657,3.63,0.0000,6.08,2.8758,99.8052,1.0000,0.2057,0,644,0,0,0.143972
957,40,327000000,40.327000000,-109.33118461910962,-50.917149619616175,23.223312286087864,0.2573699395620131,0.21000475501992513,-0.6027304958968053,0.7255168270928375,302,278,197,198,197,0,0.7086,0.9205,43.4682,318.2192,4.0874,0,True,16.39,True,0.22953842944924663,0.9010565860226778,-0.367979806770874,2.29,5.0000,2.16,0.9695,99.9944,1.0000,0.0790,0,278,0,0,0.051949
958,40,360000000,40.360000000,-108.41765902263212,-50.757339690214884,22.84923773329769,0.2428242590227284,0.2254825131585207,-0.6102461073730845,0.7195788378807274,197,193,131,140,131,0,0.6788,0.9797,43.3959,398.9648,4.6039,0,True,16.39,True,0.2767645078178265,0.875227993054865,-0.39670816400158665,2.67,0.0000,4.53,2.0947,100.4364,1.0000,0.4028,0,193,0,0,0.118728
959,40,393000000,40.393000000,-107.54023245025027,-50.5566196294643,22.413538218390325,0.23035331920830082,0.238804979622006,-0.6201849884972767,0.7108305776203532,131,124,80,86,80,0,0.6452,0.9466,36.5679,91.9827,3.6231,0,True,16.39,True,0.2509100333835107,0.8618712815394163,-0.44070630719912507,2.58,4.0000,5.06,2.3606,100.9911,1.0000,0.8552,0,124,0,0,0.148590
960,40,426000000,40.426000000,-107.54023245025027,-50.5566196294643,22.413538218390325,0.23035331920830082,0.238804979622006,-0.6201849884972767,0.7108305776203532,2000,0,0,0,0,0,0.0000,0.0000,0.0000,0.0000,0.0000,1,True,16.39,True,0.0,0.0,0.0,0.00,5.0000,3.17,1.4457,101.3599,1.0000,0.6920,0,2000,0,0,0.101145
961,40,459000000,40.459000000,-106.63618162775803,-50.2888045834638,22.080420804425152,0.21900010156104166,0.2477788937038368,-0.6261598036279679,0.7060938150640754,2000,1885,1381,1441,1381,0,0.7326,0.9425,40.4834,425.9063,5.9610,0,True,16.39,True,0.10709647479542715,0.9195128096316302,-0.378188495342915,1.87,7.0000,2.78,1.2595,101.6988,1.0000,0.6757,0,1885,0,0,0.096598
962,40,492000000,40.492000000,-105.69530797828459,-49.989412064158955,21.921925078581147,0.21009167546413374,0.25378918665576256,-0.6306988756101474,0.7026175808655626,1357,1278,1158,1170,1158,0,0.9061,0.9418,37.6436,134.7820,2.6657,0,True,16.39,True,-0.045762313235079344,0.9701507126449889,-0.23814576511413033,1.39,7.0000,2.54,1.1513,102.0229,1.0000,0.6371,0,1278,0,0,0.097412
963,40,525000000,40.525000000,-104.81411134546133,-49.697309167429566,21.550214987215263,0.20248796295947682,0.25941655940583985,-0.6339630074277971,0.699851826300154,1136,1100,1022,1026,1022,0,0.9291,0.9683,34.1893,158.5228,2.2729,0,True,14.75,True,0.06997113892108621,0.9181430299762332,-0.39002232785335195,1.19,9.0000,2.04,0.9205,102.2911,1.0000,0.4774,0,1100,0,0,0.086305
964,40,558000000,40.558000000,-103.90113273485822,-49.38436253164958,21.288424116986377,0.19707714970082418,0.26288795284594013,-0.6352676408900295,0.6989174098219949,1014,984,910,915,910,0,0.9248,0.9704,30.9149,55.8143,2.1754,0,True,14.75,True,-0.026320570709539085,0.9536991006641589,-0.2996084994620458,0.76,1.0000,1.66,0.7500,102.5148,1.0000,0.3289,0,984,0,0,0.078089
965,40,591000000,40.591000000,-103.12219972411437,-49.11046491667042,20.724293404046342,0.1917400510757196,0.2659331938207351,-0.6389196049790694,0.6959145260814533,903,878,849,854,849,0,0.9670,0.9723,28.2166,132.8293,1.7192,0,True,14.75,True,0.1762865559269112,0.8369712689077244,-0.5180754242602342,0.89,0.0000,1.43,0.6511,102.7126,1.0000,0.1941,0,878,0,0,0.087469
966,40,624000000,40.624000000,-102.33249087637822,-48.785576273316956,20.203901911776175,0.19020651792891083,0.26603351989198554,-0.6407201193415692,0.694640464918482,842,812,798,799,798,0,0.9828,0.9644,20.9333,44.6977,1.5671,0,True,13.11,True,0.0976010216097135,0.8565084217134195,-0.5068208402529711,0.31,3.0000,0.56,0.2719,102.7973,1.0000,0.0378,0,812,0,0,0.080603
967,40,657000000,40.657000000,-101.46802153607331,-48.4009321150998,19.880263794085746,0.1912012914064948,0.2624568996532083,-0.6415476295233927,0.6949640861525364,792,758,746,746,746,0,0.9842,0.9571,14.3727,48.6879,1.6563,0,True,13.11,True,-0.07262423500108103,0.9227966977741965,-0.37838072766401054,0.44,5.0000,0.38,0.2431,102.7789,1.0000,0.3462,0,758,0,0,0.101178
968,40,690000000,40.690000000,-100.59997937956489,-48.068495259708314,19.51149753789952,0.19638455885663125,0.256680693021324,-0.6387835163975724,0.6982146847865143,746,744,737,737,737,0,0.9906,0.9973,12.0707,103.7345,1.5595,0,True,13.11,True,-0.004166155233342252,0.9218203074802469,-0.3875951029974382,1.01,4.0000,0.81,0.4169,102.7052,1.0000,0.4978,0,744,0,0,0.076852
969,40,723000000,40.723000000,-99.70156573523484,-47.73695736784743,19.223512208512705,0.2024325259323346,0.24847458267855085,-0.6356589333920528,0.7022956461535644,737,734,729,729,729,0,0.9932,0.9959,10.7996,85.7254,1.5662,0,True,13.11,True,-0.03998992016961344,0.9428366906976344,-0.33084706581615825,1.31,3.0000,1.18,0.6060,102.5979,1.0000,0.7975,0,734,0,0,0.080995
970,40,756000000,40.756000000,-98.85456122818651,-47.40807998906628,18.805872369936626,0.2089668608808093,0.23997618230863843,-0.6327607827416017,0.7059448100258454,729,724,706,706,706,0,0.9751,0.9931,13.2927,304.3806,1.8638,0,True,13.11,True,0.050621957895311515,0.8907760059509519,-0.45161435384730086,1.34,2.0000,1.23,0.6502,102.4911,1.0000,1.0187,0,724,0,0,0.073039
971,40,789000000,40.789000000,-98.0062330612217,-47.04486017256078,18.420631294722885,0.21259618091644125,0.22981828631624313,-0.6333624507716626,0.7076993889264863,706,705,699,703,699,0,0.9915,0.9986,10.7501,16.5715,1.4823,0,True,13.11,True,0.015639951541463932,0.8869457199927101,-0.46160879725411846,1.25,1.0000,1.32,0.7383,102.3813,1.0000,1.4311,0,705,0,0,0.074512
972,40,822000000,40.822000000,-97.36641305105073,-46.76845886147915,17.703531113564676,0.21591992254732043,0.21990284487605508,-0.6346975968121715,0.708646799515408,699,696,667,673,667,0,0.9583,0.9957,11.5060,51.0739,1.4891,0,True,11.48,True,0.26451250383508546,0.6587334368568515,-0.7043460757906261,1.21,2.0000,1.23,0.7128,102.2868,1.0000,1.7105,0,696,0,0,0.066771
973,40,855000000,40.855000000,-96.48293082011986,-46.38451046826669,17.435123254180887,0.2201993868774347,0.20842547877398354,-0.6346390313927642,0.7108476275894092,667,664,656,661,656,0,0.9880,0.9955,11.7169,48.4441,1.5243,0,True,11.48,True,-0.06546904096703113,0.910230177544034,-0.4088946423750418,1.43,3.0000,1.27,0.7814,102.1925,1.0000,2.3020,0,664,0,0,0.069330
974,40,888000000,40.888000000,-95.58224792795409,-46.043670916312294,17.16568174367553,0.22310571540857443,0.1970079327183978,-0.634890007551993,0.7129701203477476,656,648,641,645,641,0,0.9892,0.9878,11.8890,50.4247,1.5784,0,True,11.48,True,-0.02419436985479846,0.9154862287830066,-0.401621211312348,1.37,3.0000,1.25,0.8020,102.0984,1.0000,2.9240,0,648,0,0,0.068768
975,40,921000000,40.921000000,-94.67130372022406,-45.712742852429756,16.91937448243854,0.22706205696491202,0.18541103158767566,-0.6339948157596813,0.7156229071531353,641,635,624,629,624,0,0.9827,0.9906,12.0487,48.1015,1.6257,0,True,11.48,True,-0.025676210759616163,0.9192254679484116,-0.3928934604648586,1.44,4.0000,1.16,0.7599,101.9992,1.0000,3.4761,0,635,0,0,0.065319
976,40,954000000,40.954000000,-93.77741046728323,-45.391316585365736,16.60690047201825,0.2295156206228694,0.17457983888788686,-0.6343058089965365,0.7172869721507759,624,619,615,616,615,0,0.9935,0.9920,11.6746,113.9260,1.7355,0,True,11.48,True,0.022121265838292173,0.8881888772721844,-0.4589457134429823,1.29,7.0000,1.05,0.6858,101.8922,1.0000,3.9062,0,619,0,0,0.060612
977,40,987000000,40.987000000,-92.80964561680203,-45.15657940665298,16.515633549734947,0.23393483136060247,0.16367087907577585,-0.6291120801860115,0.7229829379611104,615,613,608,608,608,0,0.9918,0.9967,11.1208,17.0554,1.7016,0,True,11.48,True,-0.015333352083573002,0.9694596103851232,-0.24477122409672,1.61,12.0000,0.94,0.6043,101.7776,1.0000,4.1874,0,613,0,0,0.055561
978,41,20000000,41.020000000,-91.9002021913253,-44.81951908619535,16.272111484553704,0.2361283220199351,0.15321851755176422,-0.6289015676201861,0.7247415537032232,608,605,597,602,597,0,0.9868,0.9951,11.1093,43.6559,1.6755,0,True,11.48,True,-0.010656733811404268,0.8980790353934233,-0.4397049922519546,1.24,6.0000,1.16,0.7241,101.6060,1.0000,6.1708,0,605,0,0,0.070374
979,41,53000000,41.053000000,-91.01150961468952,-44.52760717759875,15.918539791891627,0.23771567797830148,0.14478793193203265,-0.6283552043336363,0.726427868681396,597,596,591,591,591,0,0.9916,0.9983,10.4367,16.0926,1.6192,0,True,11.48,True,0.0825368072253061,0.8499933188785564,-0.5202874525825787,1.00,7.0000,0.94,0.5649,101.4392,1.0000,5.8546,0,596,0,0,0.058249
980,41,86000000,41.086000000,-90.10233004785866,-44.18527153094772,16.15560269554643,0.23817693030250248,0.1350668988227848,-0.6256931381499322,0.7304360201866844,591,590,578,578,578,0,0.9797,0.9983,9.7904,14.4163,1.5925,0,True,11.48,True,-0.25652680474340595,0.9646388273984294,-0.06054693322969992,1.24,9.0000,0.79,0.4603,101.2778,1.0000,5.5481,0,590,0,0,0.049966
981,41,119000000,41.119000000,-89.21393525684792,-43.93172962068694,15.772887141843297,0.239735082875736,0.1275184897151346,-0.6243037031714015,0.7324691195032114,578,563,560,560,560,0,0.9947,0.9740,10.5544,299.2378,1.5812,0,True,11.48,True,0.13452742481650737,0.8269823034117373,-0.5458961822691714,0.93,8.0000,0.96,0.5312,101.0606,1.0000,7.3022,0,563,0,0,0.060124
982,41,152000000,41.152000000,-88.31842912674462,-43.503592773138394,15.894409200411175,0.23959968976939017,0.11964586015384339,-0.6238782038418225,0.7342021816785622,560,560,549,557,549,0,0.9804,1.0000,8.8902,13.8683,1.4819,0,True,11.48,True,-0.2561332999735723,0.9422688494658485,-0.2156968891081975,0.93,7.0000,0.81,0.4268,100.8653,1.0000,6.3886,0,560,0,0,0.048747
983,41,185000000,41.185000000,-87.39631228515466,-43.116683789091034,15.89581223981896,0.24157104449905967,0.11156859488791177,-0.6211177828362704,0.737162518674767,549,544,539,539,539,0,0.9908,0.9909,8.7379,24.3351,1.4354,0,True,11.48,True,-0.15503590939210377,0.9392064108120738,-0.30635793557286145,1.06,2.0000,0.93,0.4639,100.6390,1.0000,7.1488,0,544,0,0,0.051283
984,41,218000000,41.218000000,-86.47920967028185,-42.764253849862406,15.70949012162379,0.24343048242711282,0.10438186044168696,-0.6191338075847416,0.7392694743743012,539,533,529,530,529,0,0.9925,0.9889,8.1739,15.4581,1.4117,0,True,11.48,True,-0.03051424181286031,0.8880874930185407,-0.4586605343722411,0.91,3.0000,0.92,0.4337,100.4222,1.0000,6.5980,0,533,0,0,0.044942
985,41,251000000,41.251000000,-85.59957085109453,-42.31652887847235,15.87004508969546,0.24480506753551545,0.09542026808419692,-0.6168235791560714,0.7419529119457415,529,526,519,521,519,0,0.9867,0.9943,8.7725,18.2886,1.3846,0,True,11.48,True,-0.27418317361265426,0.9383831810504644,-0.21038201641134766,1.12,1.0000,1.19,0.5521,100.1482,1.0000,8.0327,0,526,0,0,0.052479
986,41,284000000,41.284000000,-84.73686192068577,-41.81274011659323,15.826111221242241,0.24623610649933395,0.08614188254549845,-0.616468160341622,0.7429093909842454,519,511,293,496,293,0,0.5734,0.9846,10.2798,142.3439,2.0635,0,True,11.48,True,-0.22756966916500665,0.879211823124284,-0.41856733718077205,1.08,2.0000,1.21,0.5470,99.8842,1.0000,7.4647,0,511,0,0,0.047064
987,41,317000000,41.317000000,-84.25498307783478,-41.34097574373267,15.087713525341153,0.27391750726968705,0.09308794781954077,-0.6012143207210694,0.7448793014588407,293,293,289,289,289,0,0.9863,1.0000,9.2585,380.9780,1.4382,0,True,11.48,True,0.015044892789154538,0.3260798171327168,-0.9452225156330424,3.72,1.0000,1.39,0.6244,99.5945,1.0000,7.9404,0,293,0,0,0.048898
988,41,350000000,41.350000000,-84.2608812505406,-41.54011991387675,14.107761071873986,0.2713179740723631,0.09449340970216902,-0.5988495728300343,0.7475538385891761,289,289,244,288,244,0,0.8443,1.0000,5.5782,9.3247,1.2548,0,True,9.84,True,0.6253401972120912,-0.321081558754062,-0.7112357347453829,0.53,8.0000,1.13,0.5044,99.3710,1.0000,5.9745,0,289,0,0,0.036264
989,41,383000000,41.383000000,-83.63210744135013,-41.30279003714278,14.848246065972788,0.26629931397061457,0.08721757268461304,-0.5903292468257273,0.7569604684103087,244,244,244,244,244,0,1.0000,1.0000,8.2589,9.6474,1.1218,0,True,9.84,True,-0.379000510793402,0.8439488896953865,0.37961675990433397,1.77,1.0000,1.74,0.7776,99.0433,1.0000,8.5883,0,244,0,0,0.052015
990,41,416000000,41.416000000,-84.41467519363412,-40.81801634501395,15.238863756950769,0.26154870636703853,0.08548218694939694,-0.6018103143927497,0.7497395650508094,244,244,244,244,244,0,1.0000,1.0000,5.9957,6.7008,1.1059,0,True,9.84,True,-0.8103501872815685,-0.5403437742333151,0.22663005012580048,1.66,2.0000,1.30,0.5825,98.8115,1.0000,5.9492,0,244,0,0,0.036187
991,41,449000000,41.449000000,-85.31501295249406,-40.40294448853332,15.369658534861802,0.2535173460043714,0.09541119283542415,-0.630629335178095,0.7272773206758583,244,244,244,244,244,0,1.0000,1.0000,6.6965,7.5468,0.9657,0,True,9.84,True,-0.6489605635578186,-0.7572611330882052,0.0735238958481243,4.44,8.0000,1.47,0.6583,98.5625,1.0000,6.3041,0,244,0,0,0.038910
992,41,482000000,41.482000000,-84.3771634499001,-40.33516447537917,15.710017434115299,0.2563165400370632,0.08123969985328565,-0.6153459556120262,0.7409799574773255,244,244,244,244,244,0,1.0000,1.0000,7.7559,8.8882,0.8313,0,True,9.84,True,-0.040138535018228796,0.9953521817738343,0.08753817592718267,2.88,4.0000,1.70,0.7631,98.2909,1.0000,6.7803,0,244,0,0,0.042984
993,41,515000000,41.515000000,-84.01058500404565,-39.81507543082621,14.938572278079631,0.29086105336332635,0.09902299054922294,-0.5964664957301138,0.7414998411668764,244,244,244,244,244,0,1.0000,1.0000,6.7369,7.4719,0.8815,0,True,9.84,True,-0.03226233536982771,0.19153902736533204,-0.980954607875628,4.95,5.0000,1.52,0.6816,98.0640,1.0000,5.5928,0,244,0,0,0.036838
994,41,548000000,41.548000000,-84.160715875189,-40.56985474624939,14.30000442221854,0.29234156225612673,0.09206229628352267,-0.5957035986025881,0.7424272133970972,244,244,136,244,136,0,0.5574,1.0000,6.2402,6.8022,0.8224,0,True,9.84,True,0.8991504735482058,-0.43147075543166447,-0.0732216711449989,0.83,9.0000,1.44,0.6473,97.8625,1.0000,4.9147,0,244,0,0,0.033911
995,41,581000000,41.581000000,-83.93068580791383,-39.8712083026898,14.977484543735684,0.29384666165446693,0.08588704719572138,-0.5938073298195565,0.7440903235569547,136,136,134,136,134,0,0.9853,1.0000,5.1265,6.1743,0.5874,0,True,9.84,True,-0.8460728571465969,0.5190078645627384,0.12162054481797267,0.78,1.0000,1.23,0.5495,97.7019,1.0000,3.8871,0,136,0,0,0.028188
996,41,614000000,41.614000000,-83.21848921980997,-39.420126339179575,14.439617383473081,0.3306434618842779,0.09197569221451914,-0.5606989524201663,0.7535463210113683,134,133,133,133,133,0,1.0000,0.9925,7.9451,8.3771,0.6390,0,True,9.84,True,0.08003969261101677,0.5400407165101051,-0.837824368300413,5.82,8.0000,1.84,0.8285,97.4793,1.0000,5.3212,0,133,0,0,0.041709
997,41,647000000,41.647000000,-82.51869295374784,-38.993346076514186,15.01245574933621,0.33459313453724066,0.08249639882261994,-0.551908541324032,0.759367329107213,133,132,132,132,132,0,1.0000,0.9925,5.9082,7.4885,0.5097,0,True,9.84,True,-0.3785376658314883,0.9253961986585398,0.01873795760409216,1.69,8.0000,1.43,0.6397,97.3231,1.0000,3.6807,0,132,0,0,0.031739
998,41,680000000,41.680000000,-82.14825884022004,-39.588534403599425,14.29934325972722,0.33538908406007095,0.07949645390050376,-0.5494481755625585,0.7611183735014991,132,130,130,130,130,0,1.0000,0.9848,4.4680,5.5313,0.5166,0,True,9.84,True,0.9584716107206969,-0.06581869082270832,-0.2774888671295799,0.50,1.0000,1.14,0.5096,97.2089,1.0000,2.6646,0,130,0,0,0.025129
999,41,713000000,41.713000000,-82.26157632257254,-38.85676663404642,14.971411023897396,0.33874236369006977,0.07252690652682867,-0.5476648387675953,0.7616145240533279,130,128,86,128,86,0,0.6719,0.9846,5.6331,6.3475,0.4992,0,True,9.84,True,-0.9455122900703574,0.30889675372237196,0.10290434813791215,0.91,2.0000,1.42,0.6368,97.0802,1.0000,2.9503,0,128,0,0,0.031324
1000,41,746000000,41.746000000,-82.26157632257254,-38.85676663404642,14.971411023897396,0.33874236369006977,0.07252690652682867,-0.5476648387675953,0.7616145240533279,2000,0,0,0,0,0,0.0000,0.0000,0.0000,0.0000,0.0000,1,True,11.48,True,0.0,0.0,0.0,0.00,10.0000,1.24,0.5583,96.9808,1.0000,2.2313,0,2000,0,0,0.027456
1001,41,779000000,41.779000000,-81.39608563942349,-38.38415576810642,15.13743766867955,0.342213076762295,0.06718196544522476,-0.5460064800860346,0.7617438659522366,2000,1984,1774,1947,1774,0,0.8942,0.9920,7.8273,227.6740,2.9455,0,True,9.84,True,-0.11378175728605912,0.917656223539199,-0.38073713649796764,0.75,1.0000,0.88,0.3929,96.9180,1.0000,1.3806,0,1984,0,0,0.019364
1002,41,812000000,41.812000000,-80.58035615237277,-37.86620235629077,15.39494430382605,0.3463139769087529,0.060414260141063575,-0.5417832145081862,0.7634708213457986,1770,1766,1758,1764,1758,0,0.9955,0.9977,8.3121,63.9155,1.4644,0,True,9.84,True,-0.20763137139591406,0.919232038886906,-0.33451707325049024,1.05,13.0000,1.69,0.7611,96.8164,1.0000,2.1374,0,1766,0,0,0.037842
1003,41,845000000,41.845000000,-79.72641767724937,-37.379021058860324,15.577819846580917,0.350109843273899,0.05425904816472649,-0.5375179783700412,0.7652146602515975,1753,1743,1724,1737,1724,0,0.9891,0.9943,7.6979,58.8025,1.3942,0,True,9.84,True,-0.12174670856733862,0.9112237895433914,-0.3935085060366556,0.98,2.0000,1.64,0.7394,96.7425,1.0000,1.4193,0,1743,0,0,0.037320
1004,41,878000000,41.878000000,-78.86314079154072,-36.91545457980282,15.777467381239811,0.35321386316455244,0.049181793994450114,-0.5350965393686721,0.7658281867126148,1719,1707,1649,1682,1649,0,0.9660,0.9930,6.2090,179.7092,1.7654,0,True,8.20,True,-0.09610665353965192,0.9203372473714626,-0.3791343590946732,0.74,1.0000,1.19,0.5344,96.7057,1.0000,0.5784,0,1707,0,0,0.027416
1005,41,911000000,41.911000000,-77.98120842351119,-36.44960130092285,15.849411948641313,0.3562790866120363,0.04577291412373511,-0.5342941422496457,0.7651796013572434,1647,1643,1607,1612,1607,0,0.9781,0.9976,6.2387,249.3647,1.5472,0,True,8.20,True,-0.02561425177523243,0.8714340133573709,-0.4898435163088926,0.54,4.0000,0.51,0.2321,96.6944,1.0000,0.1252,0,1643,0,0,0.012018
1006,41,944000000,41.944000000,-77.10795116513852,-35.96240452013798,15.841598019265302,0.36000798927433353,0.04103382254315578,-0.5294424672880291,0.7670731040116793,1605,1602,1594,1594,1594,0,0.9950,0.9981,7.0169,66.5959,1.4375,0,True,8.20,True,-0.00792955627175247,0.8239850362683926,-0.566556071490818,0.91,1.0000,1.74,0.7805,96.6769,1.0000,0.1308,0,1602,0,0,0.041389
1007,41,977000000,41.977000000,-76.22583076335154,-35.49638420070831,15.910071799866556,0.36338799777822844,0.03742205837706375,-0.5269486375585378,0.7673811868900321,1589,1585,1581,1581,1581,0,0.9975,0.9975,4.3595,146.3075,1.4078,0,True,8.20,True,-0.010549347141139542,0.8613636484516198,-0.5078792931406143,0.64,7.0000,0.91,0.4143,96.6816,1.0000,0.4446,0,1585,0,0,0.022521
1008,42,10000000,42.010000000,-75.87427075028837,-35.16646090606025,16.786174634506164,0.3645438534941729,0.031481229132541484,-0.524376367478041,0.7688602840064364,1577,1574,1567,1567,1567,0,0.9956,0.9981,4.2146,53.9902,1.4017,0,True,6.56,True,-0.4883551416357637,0.8075120898750106,0.33080731603700336,0.77,5.0000,1.10,0.4809,96.6989,1.0000,0.8364,0,1574,0,0,0.026791
1009,42,43000000,42.043000000,-74.98546778033192,-34.71626814186655,16.87194033664975,0.3673704684983555,0.028358317450684886,-0.5226527343169647,0.7688100311635283,1566,1566,1556,1564,1556,0,0.9936,1.0000,3.7692,27.4868,1.4067,0,True,6.56,True,0.00863312643321962,0.8652862992801208,-0.5012036406552741,0.52,11.0000,0.87,0.3815,96.7224,1.0000,0.9283,0,1566,0,0,0.021811
1010,42,76000000,42.076000000,-74.01220564947523,-34.50711317265837,16.776992859085404,0.36941314524673474,0.02505396423025542,-0.5214178398730659,0.7687845363021877,1552,1549,1454,1531,1454,0,0.9387,0.9981,3.8120,10.2305,1.3384,0,True,6.56,True,0.31684642678441305,0.7900449599589108,-0.5248212105826826,0.47,3.0000,1.13,0.5111,96.7673,1.0000,1.6071,0,1549,0,0,0.030201
1011,42,109000000,42.109000000,-73.1696772584352,-34.008643970414646,16.981135859714808,0.37249100324466244,0.022037603191871622,-0.5193671392688035,0.7687799237721298,1453,1452,1450,1451,1450,0,0.9986,0.9993,3.3527,88.4378,1.4404,0,True,4.92,True,-0.09356806532839164,0.8930600203089772,-0.4401009171501813,0.55,6.0000,0.90,0.3920,96.8126,1.0000,1.5227,0,1452,0,0,0.023934
1012,42,142000000,42.142000000,-72.27098474898953,-33.570202854707915,16.992143199269282,0.37547590133824815,0.01971009996485394,-0.5166191024401697,0.7692425251294414,1449,1448,1448,1448,1448,0,1.0000,0.9993,3.1098,7.4584,1.3859,0,True,4.92,True,0.06543451114151083,0.8187067065120657,-0.5704714308918877,0.54,7.0000,0.90,0.3938,96.8670,1.0000,1.7763,0,1448,0,0,0.024826
1013,42,175000000,42.175000000,-71.36442641669426,-33.14835058137717,16.978263371039834,0.3780628744834104,0.01800202115196263,-0.5152860330638039,0.768911369600654,1448,1448,1448,1448,1448,0,1.0000,1.0000,3.7592,6.7844,1.4358,0,True,4.92,True,0.09869854684801939,0.8039495986258933,-0.5864500317327592,0.39,6.0000,0.51,0.2290,96.9028,1.0000,1.1458,0,1448,0,0,0.014822
1014,42,208000000,42.208000000,-71.83474686107988,-33.7354957115074,16.31943162031948,0.378675444143253,0.015862280463556984,-0.5161072220520418,0.7681058725248296,1445,1444,697,1444,697,0,0.4827,0.9993,2.8507,8.8199,1.4222,0,True,4.92,True,0.5119494409771363,-0.8574151099913389,0.052412775558422726,0.29,10.0000,1.09,0.4852,96.9889,1.0000,2.7052,0,1444,0,0,0.032679
1015,42,241000000,42.241000000,-70.89274352467854,-33.4326619948058,16.174789115372217,0.3803718365835438,0.014295893393266921,-0.5142385546422498,0.7685516262981947,695,694,692,692,692,0,0.9971,0.9986,2.7977,19.3485,1.5813,0,True,3.28,True,0.26329071038056806,0.7310642824380321,-0.6294624824170708,0.34,9.0000,0.84,0.3667,97.0622,1.0000,2.2677,0,694,0,0,0.025708
1016,42,274000000,42.274000000,-69.93395836735894,-33.20654707178847,16.002733706586298,0.3821654436230698,0.01288634182292635,-0.5137029550042865,0.7680447837949743,689,689,688,688,688,0,0.9985,1.0000,3.1127,5.5817,1.5082,0,True,3.28,True,0.34612734008018825,0.711318052571432,-0.6117372741095632,0.27,0.0000,0.60,0.2640,97.1188,1.0000,1.7342,0,689,0,0,0.019049
1017,42,307000000,42.307000000,-69.03035947836784,-32.79447668393556,16.119810789180555,0.3841962473043504,0.010880843038137829,-0.5127594444031979,0.767693039559014,685,685,683,685,683,0,0.9971,1.0000,2.5230,5.8230,1.5429,0,True,3.28,True,0.057006022614156826,0.8633242668135737,-0.5014195087115376,0.35,7.0000,0.87,0.3781,97.2051,1.0000,2.6230,0,685,0,0,0.028288
1018,42,340000000,42.340000000,-68.45394995180655,-33.4050045247149,15.57666457192162,0.3845297282997901,0.00929523858677209,-0.5145433611274147,0.7663521488930577,681,681,557,680,557,0,0.8179,1.0000,2.6757,5.0329,1.5716,0,True,3.28,True,0.9717992608123062,0.03503239927974526,-0.23319289801655513,0.32,6.0000,0.70,0.3071,97.2787,1.0000,2.2143,0,681,0,0,0.023732
1019,42,373000000,42.373000000,-68.13325025111853,-32.7989084369257,14.848791482471814,0.3798528181523879,0.014957710225266386,-0.5133517963972816,0.7693880923059504,556,556,556,556,556,0,1.0000,1.0000,4.4560,7.3534,1.5068,0,True,3.28,True,-0.024430137354756905,-0.06089041669224465,-0.9978454417112264,0.92,1.0000,0.31,0.1316,97.3109,1.0000,0.9657,0,556,0,0,0.010344
1020,42,406000000,42.406000000,-67.16372703371776,-32.5773030779465,14.744312796642811,0.381491291115857,0.01330591111540211,-0.5111238381412145,0.7700907541426134,556,556,556,556,556,0,1.0000,1.0000,2.7326,6.9558,1.5015,0,True,3.28,True,0.32870809068563006,0.7582677864326205,-0.5630106172856612,0.38,8.0000,0.96,0.4228,97.4168,1.0000,3.1494,0,556,0,0,0.034311
1021,42,439000000,42.439000000,-66.60002281888553,-31.970169231212473,15.304336055383278,0.38720463013995543,0.008568044006977728,-0.5013004172508487,0.7737551645605992,554,554,554,554,554,0,1.0000,1.0000,2.7097,4.7129,1.4873,0,True,1.64,True,-0.4326883276056651,0.8841073220343074,-0.17645128018560297,1.47,4.0000,0.73,0.3216,97.4985,1.0000,2.4070,0,554,0,0,0.026793
1022,42,472000000,42.472000000,-66.27069836619273,-31.466884300337142,14.505430752351456,0.38218505046264517,0.01128150831279959,-0.500098079059112,0.7769872753748543,551,551,548,551,548,0,0.9946,1.0000,2.6145,4.6846,1.4876,0,True,1.64,True,0.0974006631178634,-0.11475999657817916,-0.9886067236315849,0.76,2.0000,0.72,0.3165,97.5788,1.0000,2.3473,0,551,0,0,0.026961
1023,42,505000000,42.505000000,-65.31739134469376,-31.20691333197218,14.35174009431353,0.3835587875380836,0.01037643902439491,-0.49890918437106035,0.7770872613585244,544,544,544,544,544,0,1.0000,1.0000,2.6458,4.4598,1.5470,0,True,1.64,True,0.33787604294826423,0.7135186965446241,-0.6137840412416108,0.23,3.0000,0.65,0.2838,97.6495,1.0000,2.0560,0,544,0,0,0.024594
1024,42,538000000,42.538000000,-65.43034544669926,-30.708404037936788,15.2112340469394,0.38441559426477917,0.00827457288240757,-0.49963864782757544,0.7762199455867534,541,541,531,541,531,0,0.9815,1.0000,3.6835,5.7062,1.5329,0,True,1.64,True,-0.7820789970356519,0.5186396693513583,0.34549288816243745,0.29,4.0000,0.34,0.1491,97.6858,1.0000,1.0512,0,541,0,0,0.013005
1025,42,571000000,42.571000000,-65.02626942499758,-30.195334645157452,15.968520232524975,0.3875521239402703,0.0032340161853000424,-0.4935272359687776,0.7786037244489118,531,531,531,531,531,0,1.0000,1.0000,2.2580,4.6388,1.4176,0,True,1.64,True,-0.49305841705973213,0.8669363146694686,0.07290283721413919,1.01,2.0000,0.85,0.3743,97.7740,1.0000,2.5321,0,531,0,0,0.033292
1026,42,604000000,42.604000000,-64.75737849803433,-29.548003984177377,16.68172475070466,0.3932295355265342,-0.002603558153362817,-0.4830528080086657,0.7823194606741362,530,530,530,530,530,0,1.0000,1.0000,2.4567,3.8905,1.4618,0,True,1.64,True,-0.6343858824718994,0.7730021671877855,0.004711861981889819,1.58,2.0000,0.61,0.2688,97.8342,1.0000,1.7112,0,530,0,0,0.024295
1027,42,637000000,42.637000000,-64.60294799253286,-30.162024588323302,15.907689921607922,0.39324242281521576,-0.002335169747838731,-0.4865074269556443,0.7801701528497911,530,530,530,530,530,0,1.0000,1.0000,2.2367,4.6268,1.5806,0,True,1.64,True,0.8385984736175497,-0.49935656732586325,-0.21770534838364944,0.47,4.0000,0.76,0.3319,97.9044,1.0000,1.9665,0,530,0,0,0.030578
1028,42,670000000,42.670000000,-64.04908075177757,-29.547168079383308,16.469101137235295,0.39614924325759465,-0.004674534028250376,-0.48356226060310825,0.7805199971291354,526,526,526,526,526,0,1.0000,1.0000,2.7102,3.9712,1.3873,0,True,1.64,True,-0.388972829352196,0.8988199913031398,-0.20204643342452483,0.55,3.0000,0.51,0.2245,97.9489,1.0000,1.2274,0,526,0,0,0.020992
1029,42,703000000,42.703000000,-64.20852580230698,-30.1939422754667,15.723272460431886,0.3960184912652755,-0.0049135004174744555,-0.48668407799282454,0.7786422929162636,525,525,525,525,525,0,1.0000,1.0000,2.3054,4.2983,1.4940,0,True,1.64,True,0.6860518546519605,-0.7256625797207663,-0.05240871226816917,0.42,8.0000,0.68,0.3054,98.0054,1.0000,1.5315,0,525,0,0,0.029140
1030,42,736000000,42.736000000,-63.7655334373768,-30.91006260145555,15.183893703602159,0.3970664851543508,-0.006117820507298676,-0.48856270343724223,0.7769216585020033,523,523,481,523,481,0,0.9197,1.0000,2.6250,4.0579,1.5136,0,True,1.64,True,0.9824420399901348,-0.15345798177061618,-0.10610507005280856,0.34,3.0000,0.54,0.2375,98.0460,1.0000,1.0749,0,523,0,0,0.023036
1031,42,769000000,42.769000000,-63.49728627829066,-30.589758388025864,16.092435762343175,0.3989730065553267,-0.011732040607187124,-0.4852733512460193,0.7779413048770788,480,480,480,480,480,0,1.0000,1.0000,2.6862,4.0998,1.4177,0,True,1.64,True,-0.44840853116738333,0.8347148413938693,0.3196575084885653,0.79,3.0000,0.56,0.2457,98.0849,1.0000,1.0027,0,480,0,0,0.024203
1032,42,802000000,42.802000000,-62.52752711340322,-30.515359202831576,16.324883441099537,0.3999686812989086,-0.01300212686605034,-0.48674603580787856,0.7764884386146947,479,479,258,479,258,0,0.5386,1.0000,3.6311,5.2424,1.5186,0,True,1.64,True,0.37011879831253347,0.8857300851480145,-0.2801683269025555,0.30,0.0000,0.30,0.1264,98.1037,1.0000,0.4709,0,479,0,0,0.012542
1033,42,835000000,42.835000000,-61.61565791383147,-30.80125362469961,16.03033473134659,0.4014343131901782,-0.01490209200421032,-0.486220746585445,0.7760269360256256,258,258,202,258,202,0,0.7829,1.0000,2.3750,3.7290,1.3751,0,True,1.64,True,0.8073001791398824,0.4341643530949187,-0.39970956363637905,0.29,7.0000,1.00,0.4439,98.1622,1.0000,1.4007,0,258,0,0,0.045000
1034,42,868000000,42.868000000,-60.966928378722194,-30.667613934898164,15.2811415495926,0.3956070758461091,-0.01515934164167875,-0.4861160617576417,0.779074072474962,202,202,129,202,129,0,0.6386,1.0000,2.1165,3.1279,1.4745,0,True,1.64,True,0.5143950283173045,0.03153622200555579,-0.8569732910330731,0.75,4.0000,0.66,0.2917,98.1944,1.0000,0.7092,0,202,0,0,0.029455
1035,42,901000000,42.901000000,-61.58664602358188,-30.551702903515913,16.05735973635033,0.3906561329635627,-0.01718328970989696,-0.4865060654938654,0.7812837951540911,129,129,116,129,116,0,0.8992,1.0000,2.2681,3.0216,1.5131,0,True,1.64,True,-0.6959451948691583,0.052794052234590355,0.7161515717969069,0.66,7.0000,0.50,0.2235,98.2150,1.0000,0.4246,0,129,0,0,0.022019
1036,42,934000000,42.934000000,-62.012702631758415,-31.445222486997277,16.19912898747474,0.36153950011832975,-0.06541369727123508,-0.551707344455413,0.7487517907407313,116,116,116,116,116,0,1.0000,1.0000,1.2315,1.6405,1.2278,0,True,1.64,True,0.4170465542037284,-0.42708215217776774,0.8022923450451228,10.56,8.0000,0.62,0.2906,98.2361,1.0000,0.4017,0,116,0,0,0.015851
1037,42,967000000,42.967000000,-61.447746685465894,-30.73128167946832,15.785470550967506,0.3661472737625695,-0.0395945095289823,-0.5299562967955789,0.7638813862230928,116,116,116,116,116,0,1.0000,1.0000,0.3890,0.8826,1.4063,0,True,1.64,True,-0.28291866249361175,0.27890195724156497,-0.917698604477336,4.27,5.0000,0.72,0.3622,98.2571,1.0000,0.3584,0,116,0,0,0.046207
1038,43,0,43.000000000,-60.84081089953892,-31.52478540597263,15.74096450884994,0.36020400867553765,-0.03986388467248768,-0.5306726435443135,0.7661922005780154,116,116,116,116,116,0,1.0000,1.0000,1.3227,2.0230,1.5184,0,True,1.64,True,0.9441581726651996,0.3120156397155627,0.10588477493199555,0.74,1.0000,0.58,0.3421,98.2713,1.0000,0.2014,0,116,0,0,0.035897
1039,43,33000000,43.033000000,-60.558904361712045,-30.95387613547185,14.969867038495703,0.35481350496586467,-0.027106636531738067,-0.5283812532416579,0.7708345206155142,116,116,116,116,116,0,1.0000,1.0000,2.8443,3.6806,1.4016,0,True,1.64,True,-0.11073524460545726,-0.13588874110246432,-0.9845161022775387,1.69,7.0000,0.32,0.2091,98.2768,1.0000,0.0534,0,116,0,0,0.013092
1040,43,66000000,43.066000000,-60.14752833550816,-30.119526523397735,14.602946761192236,0.36640838621785154,0.021920278024464817,-0.48570245927448724,0.7933205638172219,116,116,116,116,116,0,1.0000,1.0000,3.6732,4.7090,1.4644,0,True,1.64,True,-0.3923865461590583,0.2743655490903029,-0.8779272998749622,7.99,1.0000,0.30,0.2287,98.2796,1.0000,0.0064,0,116,0,0,0.047992
1041,43,99000000,43.099000000,-61.04242394613096,-29.778143951707175,14.890383338255752,0.36133985915334915,0.024521090119859732,-0.48742039498262024,0.794514682609049,116,116,90,116,90,0,0.7759,1.0000,4.8538,6.0636,1.4290,0,True,1.64,True,-0.8417137658280898,-0.4543814415852088,0.29164266141708955,0.70,8.0000,0.18,0.1942,98.2773,1.0000,0.0940,0,116,0,0,0.034868
1042,43,132000000,43.132000000,-61.04242394613096,-29.778143951707175,14.890383338255752,0.36133985915334915,0.024521090119859732,-0.48742039498262024,0.794514682609049,2000,0,0,0,0,0,0.0000,0.0000,0.0000,0.0000,0.0000,1,True,3.28,True,0.0,0.0,0.0,0.00,3.0000,0.17,0.1774,98.2708,1.0000,0.1612,0,2000,0,0,0.034825
1043,43,165000000,43.165000000,-60.093038326821485,-29.590277344428475,14.63864322679563,0.3598191287264517,0.027811927357989385,-0.48726019173535334,0.7951944396493211,2000,1947,1881,1893,1881,0,0.9661,0.9735,6.8411,32.5110,2.3932,0,True,3.28,True,0.4534422942861392,0.6631630032530288,-0.5954871256953801,0.42,1.0000,0.21,0.1561,98.2625,1.0000,0.1839,0,1947,0,0,0.030383
1044,43,198000000,43.198000000,-59.1561835190617,-29.247539826527877,14.708170653043803,0.35851878570544493,0.030455818601656758,-0.48730941956056895,0.795654606608381,1878,1877,1844,1846,1844,0,0.9824,0.9995,8.4300,117.6338,1.6624,0,True,3.28,True,0.2043505389100139,0.8738954067268343,-0.44107558915556366,0.34,13.0000,0.32,0.2109,98.2493,1.0000,0.2824,0,1877,0,0,0.038838
1045,43,231000000,43.231000000,-58.20883804798214,-28.93303211298223,14.768349191953662,0.3574317210695975,0.03241133719134989,-0.48715756556238554,0.7961592656686375,1842,1838,1762,1769,1762,0,0.9587,0.9978,9.7447,267.2078,1.7892,0,True,3.28,True,0.23469089019230613,0.8721472070028778,-0.4292778067613355,0.26,1.0000,0.13,0.0785,98.2441,1.0000,0.1096,0,1838,0,0,0.013708
1046,43,264000000,43.264000000,-57.24245191114637,-28.71593162905668,14.630634942832849,0.3543038375061483,0.036534348102849244,-0.4888866755727467,0.796318937728185,1760,1756,1725,1728,1725,0,0.9823,0.9977,11.7533,160.9545,1.7006,0,True,3.28,True,0.3973550240497396,0.7565781530137041,-0.5193250265920206,0.63,4.0000,0.78,0.4093,98.2161,1.0000,0.5913,0,1756,0,0,0.046385
1047,43,297000000,43.297000000,-56.314771950587655,-28.355884731845585,14.531760666165809,0.3524521126110906,0.040057897951230055,-0.48954766782687736,0.7965650971847645,1722,1711,1686,1687,1686,0,0.9854,0.9936,9.8696,184.9798,1.5355,0,True,3.28,True,0.2507411596672252,0.791608279805301,-0.5572119903523503,0.46,1.0000,0.51,0.2497,98.1991,1.0000,0.3673,0,1711,0,0,0.039272
1048,43,330000000,43.330000000,-55.39146461258039,-27.985076149592217,14.631783438118845,0.35049822446473866,0.04275217953285295,-0.4906509597445628,0.7966083614261124,1683,1671,1654,1655,1654,0,0.9898,0.9929,10.4023,23.2848,1.3787,0,True,3.28,True,0.15816275082436246,0.8993603851749622,-0.40759715630707505,0.40,8.0000,0.66,0.3113,98.1784,1.0000,0.4603,0,1671,0,0,0.067147
1049,43,363000000,43.363000000,-54.45242873404347,-27.642976387315965,14.59744145985742,0.34864489690183076,0.04568858939196579,-0.4914186427655324,0.7967854204277124,1650,1634,1624,1625,1624,0,0.9939,0.9903,10.3958,23.2492,1.3953,0,True,3.28,True,0.24045869336263265,0.8377958972607645,-0.4901812433369578,0.41,5.0000,0.64,0.2970,98.1591,1.0000,0.4418,0,1634,0,0,0.044599
1050,43,396000000,43.396000000,-53.555440815700614,-27.284373824815038,14.855931066059851,0.34539726209618965,0.04801002314135249,-0.4942183425121903,0.7963315885602719,1622,1614,1241,1602,1241,0,0.7689,0.9951,10.5308,46.2069,1.3875,0,True,3.28,True,0.08321632136405051,0.9612484252431708,-0.2628241024452658,0.56,6.0000,0.65,0.2972,98.1405,1.0000,0.4446,0,1614,0,0,0.045327
1051,43,429000000,43.429000000,-52.63782626745246,-26.943166188726078,14.652066184538006,0.34385943927006024,0.05143252888217107,-0.49454898992016866,0.7965781051262992,1238,1234,1222,1222,1222,0,0.9903,0.9968,12.3366,27.0774,1.4019,0,True,3.28,True,0.2930585627086337,0.7433514437101669,-0.6012863793211685,0.43,5.0000,0.65,0.2934,98.1228,1.0000,0.4381,0,1234,0,0,0.045196
1052,43,462000000,43.462000000,-51.712960591244205,-26.56428306267647,14.684793203447487,0.3416440378391176,0.05383189095077287,-0.4962636504315275,0.796306390898643,1216,1210,1205,1205,1205,0,0.9959,0.9951,12.4357,24.9801,1.4322,0,True,3.28,True,0.1686370715347331,0.8816250314588115,-0.4407934232828788,0.42,4.0000,0.65,0.2945,98.1059,1.0000,0.4359,0,1210,0,0,0.045925
1053,43,495000000,43.495000000,-51.04702769850091,-26.08051039854497,15.252681741632248,0.33854969657409356,0.05536222653461546,-0.4988875363962777,0.7958833789263172,1194,1183,1168,1174,1168,0,0.9873,0.9908,11.7553,21.4291,1.3927,0,True,3.28,True,-0.27174639840541187,0.962024009802555,-0.0257623662946668,0.50,3.0000,0.53,0.2380,98.0929,1.0000,0.3475,0,1183,0,0,0.037859
1054,43,528000000,43.528000000,-50.128607521225035,-25.684923806238483,15.2487287731434,0.33692773449181507,0.057477350626043956,-0.4998489791382339,0.7958184805278709,1167,1160,1160,1160,1160,0,1.0000,0.9940,12.0976,23.0244,1.4345,0,True,3.28,True,0.1579935670357544,0.8698362609281983,-0.4673573707023031,0.32,6.0000,0.59,0.2631,98.0793,1.0000,0.3765,0,1160,0,0,0.042994
1055,43,561000000,43.561000000,-49.21869587089433,-25.27652918086831,15.176102203892254,0.33548352524682573,0.05998178277462447,-0.5002847330004023,0.7959699592006324,1155,1144,1142,1142,1142,0,0.9983,0.9905,12.2757,22.0929,1.4533,0,True,3.28,True,0.17123306211678446,0.8359723708028965,-0.5213726437897311,0.34,4.0000,0.63,0.2810,98.0659,1.0000,0.3894,0,1144,0,0,0.047539
1056,43,594000000,43.594000000,-48.30217459669194,-24.8840049685898,15.253001467279791,0.33413789692128226,0.06128536281432945,-0.500981030961269,0.7959987291212987,1137,1128,1127,1127,1127,0,0.9991,0.9921,12.2654,22.1954,1.5005,0,True,3.28,True,0.12116962370181983,0.9109612947556148,-0.3942935984125701,0.23,0.0000,0.63,0.2812,98.0538,1.0000,0.3716,0,1128,0,0,0.049780
1057,43,627000000,43.627000000,-47.395116826476,-24.491645096758518,15.100358313265563,0.3319744628266772,0.0634587755418012,-0.5019522353690113,0.7961217829237729,1122,1115,1114,1114,1114,0,0.9991,0.9938,10.3905,24.3502,1.4086,0,True,3.28,True,0.214069103540324,0.7965544782404408,-0.5653984277520953,0.37,0.0000,0.30,0.1229,98.0490,1.0000,0.1548,0,1115,0,0,0.022628
1058,43,660000000,43.660000000,-46.47590944985913,-24.099984077007456,15.059622034831273,0.32975625973527944,0.06531683299702698,-0.5042197981902825,0.7954601910878936,1111,1108,1105,1105,1105,0,0.9973,0.9973,12.3535,22.4516,1.4834,0,True,3.28,True,0.16977129431015797,0.8624209337397698,-0.47687298170024,0.43,11.0000,0.66,0.2934,98.0389,1.0000,0.3444,0,1108,0,0,0.056853
1059,43,693000000,43.693000000,-46.24529016602867,-23.53100054475959,14.270272628068827,0.318775533241133,0.07761891534188443,-0.5032135554161706,0.7994583047497833,1101,1091,669,1072,669,0,0.6132,0.9909,11.1147,20.5010,1.4581,0,True,3.28,True,0.02398806804306544,-0.011253329213593448,-0.9996489059530711,1.95,10.0000,0.41,0.1905,98.0335,1.0000,0.1994,0,1091,0,0,0.039278
1060,43,726000000,43.726000000,-45.925233813486116,-22.87154716646581,13.590062974319306,0.31605606350511867,0.09274597379259679,-0.49957767673179493,0.8012046517452165,669,669,661,661,661,0,0.9880,1.0000,10.8381,18.9433,1.3527,0,True,3.28,True,-0.04120609019233561,0.17124144555885423,-0.9843670176585434,1.82,9.0000,0.51,0.2262,98.0288,1.0000,0.2030,0,669,0,0,0.049754
1061,43,759000000,43.759000000,-45.27824835277039,-22.882219379971794,12.827635326944602,0.31065175970719494,0.09681954497644767,-0.502427319071975,0.8010544606651439,661,661,651,653,651,0,0.9849,1.0000,10.3888,18.6106,1.3745,0,True,1.64,True,0.6749022762989564,0.23716699591626206,-0.6987551312831575,0.84,8.0000,0.41,0.1870,98.0264,1.0000,0.1336,0,661,0,0,0.044504
1062,43,792000000,43.792000000,-44.94869765385493,-22.257920470924766,12.119364750817802,0.3070197323287644,0.11010005321899262,-0.4991095088656316,0.802811659358443,651,651,651,651,651,0,1.0000,1.0000,10.1300,18.4694,1.3951,0,True,1.64,True,0.022979604102298636,0.19011206935035543,-0.9814934227403804,1.64,8.0000,0.40,0.1681,98.0258,1.0000,0.0850,0,651,0,0,0.043057
1063,43,825000000,43.825000000,-44.61949757625233,-21.663259468652107,11.385876099724626,0.30316292818866886,0.12245972556668855,-0.4960213686085838,0.8043995626987069,651,651,651,651,651,0,1.0000,1.0000,9.9134,18.2501,1.4021,0,True,1.64,True,0.07531661763911435,0.19138680257764656,-0.9786207124859502,1.54,9.0000,0.30,0.1507,98.0267,1.0000,0.0403,0,651,0,0,0.041960
1064,43,858000000,43.858000000,-44.44706507546764,-21.099012694800546,10.578477430620444,0.2947181592318593,0.13449534124974488,-0.4938868813597925,0.8069250016090699,651,651,651,651,651,0,1.0000,1.0000,9.6842,18.0319,1.4195,0,True,1.64,True,0.07593227420488367,0.03757809761664479,-0.9964046247953632,1.73,10.0000,0.30,0.1338,98.0290,1.0000,0.0014,0,651,0,0,0.041014
1065,43,891000000,43.891000000,-44.35992041675513,-20.55368158301339,9.74479896323939,0.28411296796081914,0.145699822878937,-0.49190465667920386,0.8099883899086798,651,651,527,651,527,0,0.8095,1.0000,9.4169,17.6578,1.3932,0,True,1.64,True,0.07369972834976193,-0.024841725881451795,-0.9969710320247034,1.82,9.0000,0.26,0.1120,98.0324,1.0000,0.0370,0,651,0,0,0.037856
1066,43,924000000,43.924000000,-44.33637340286506,-19.986041436045063,8.921858988705042,0.27251507250294527,0.15672384793815824,-0.4897129713035755,0.8132369743704445,527,527,451,527,451,0,0.8558,1.0000,9.0603,16.9806,1.4213,0,True,1.64,True,0.03007055346029702,-0.03879288745408406,-0.9987947104873786,1.89,8.0000,0.28,0.1166,98.0378,1.0000,0.0886,0,527,0,0,0.044736
1067,43,957000000,43.957000000,-44.48683557073809,-19.411468663267105,8.117354628977173,0.25942807035398363,0.16534219135619874,-0.48828060979503307,0.8166646081275528,451,451,277,451,277,0,0.6142,1.0000,8.5966,15.6800,1.4085,0,True,1.64,True,-0.05967127969068563,-0.15214739495142596,-0.9865548685144536,1.85,7.0000,0.20,0.0923,98.0439,1.0000,0.1212,0,451,0,0,0.040937
1068,43,990000000,43.990000000,-43.86202583566993,-18.8184924031002,7.609425549437014,0.26210939611776896,0.1698147117052151,-0.4831108787330412,0.8179642455541941,277,277,277,277,277,0,1.0000,1.0000,7.9356,13.3380,1.3794,0,True,1.64,True,0.13652733863839106,0.6490957698853393,-0.7483548405143624,0.85,0.0000,0.11,0.0642,98.0495,1.0000,0.1215,0,277,0,0,0.032316
1069,44,23000000,44.023000000,-43.29983885721462,-18.43983524221567,6.874194595405477,0.25920343880582053,0.1741457508457304,-0.48173900896231003,0.8187883499523094,277,277,277,277,277,0,1.0000,1.0000,7.9118,13.1958,1.4047,0,True,1.64,True,0.392233116641159,0.44961070938604764,-0.8024982194468333,0.63,5.0000,0.16,0.0734,98.0582,1.0000,0.2030,0,277,0,0,0.043649
1070,44,56000000,44.056000000,-42.76431306279397,-18.318435383951346,6.038446907449648,0.2539790436157384,0.17738970742938207,-0.4819049830452107,0.8196310904415159,277,277,277,277,277,0,1.0000,1.0000,7.5787,12.8566,1.4017,0,True,1.64,True,0.6167250062500405,0.30503467002649737,-0.7256749387623314,0.71,8.0000,0.08,0.0380,98.0641,1.0000,0.1454,0,277,0,0,0.026955
1071,44,89000000,44.089000000,-42.299543943443524,-18.21878900162083,5.158639960337595,0.24790686969246464,0.1816876171491154,-0.4814048042424554,0.8208417680565743,277,277,277,277,277,0,1.0000,1.0000,7.4452,12.6778,1.4083,0,True,1.64,True,0.6211148919458257,0.23366373350559608,-0.7480758989884321,0.87,5.0000,0.08,0.0311,98.0701,1.0000,0.1510,0,277,0,0,0.025690
1072,44,122000000,44.122000000,-41.799266555534636,-18.171684115755816,4.2940570175989095,0.2426337040530562,0.18422007923177333,-0.4824020662973997,0.821267370895333,277,277,277,277,277,0,1.0000,1.0000,7.3881,12.5342,1.4339,0,True,1.64,True,0.6666322719354452,0.2592948127038531,-0.6988330373694853,0.68,4.0000,0.08,0.0395,98.0799,1.0000,0.2577,0,277,0,0,0.039701
1073,44,155000000,44.155000000,-41.36872980492004,-18.088617416996307,3.3953145461826573,0.2366298588075322,0.1886484229735379,-0.48171027753446133,0.8224191698568296,277,277,277,277,277,0,1.0000,1.0000,7.2334,12.3774,1.4297,0,True,1.64,True,0.6248782645199021,0.2158138011808827,-0.7503009781084213,0.87,2.0000,0.04,0.0303,98.0904,1.0000,0.2841,0,277,0,0,0.039647
1074,44,188000000,44.188000000,-40.75240042270605,-17.91881506616153,2.6263507926346117,0.23346569049887467,0.18884461797383476,-0.48391831412809144,0.8219820842777694,277,277,276,277,276,0,0.9964,1.0000,7.0314,12.0924,1.4228,0,True,1.64,True,0.5809589579141694,0.4558115162877274,-0.674331187799263,0.45,0.0000,0.02,0.0353,98.1068,1.0000,0.4570,0,277,0,0,0.057964
1075,44,221000000,44.221000000,-41.320960756187596,-18.7411974027788,2.6470012069465803,0.22912810518508148,0.18738947251291393,-0.48900763428408506,0.8205224132328798,276,276,195,276,195,0,0.7065,1.0000,6.9905,12.0903,1.4041,0,True,1.64,True,0.30892836417015124,-0.8458641277253426,0.4348300164875924,0.80,1.0000,0.00,0.0096,98.1120,1.0000,0.1507,0,276,0,0,0.018102
1076,44,254000000,44.254000000,-41.5238942858275,-18.04473843267828,1.9586968516542649,0.23486876135026857,0.22134842904969532,-0.4797164600971727,0.8159127746339436,195,195,195,195,195,0,1.0000,1.0000,5.8925,7.4260,1.5562,0,True,1.64,True,-0.22481116573104157,-0.022695897655267753,-0.974137996380529,4.12,3.0000,0.02,0.0302,98.1261,1.0000,0.4072,0,195,0,0,0.047164
1077,44,287000000,44.287000000,-41.89997933920506,-17.36862434749676,1.3251119903727535,0.23567157789051862,0.2488740054808391,-0.47495577314912285,0.8105169031691045,195,195,195,195,195,0,1.0000,1.0000,5.8182,7.2594,1.5376,0,True,1.64,True,-0.253484278464977,-0.15144995335753844,-0.9554101905459713,3.26,6.0000,0.04,0.0317,98.1382,1.0000,0.3564,0,195,0,0,0.024817
1078,44,320000000,44.320000000,-41.79173011198227,-16.663884382508204,2.0262708072991087,0.2349179679657536,0.24627828990062114,-0.4763320320829247,0.8107208813532671,195,195,195,195,195,0,1.0000,1.0000,5.7209,7.1983,1.5706,0,True,1.64,True,-0.8537592202701546,0.5066476392156238,0.12001401368562249,0.35,7.0000,0.09,0.0328,98.1490,1.0000,0.3202,0,195,0,0,0.050271
1079,44,353000000,44.353000000,-42.11145110057405,-15.935998489183609,1.4196732341479243,0.24313407746800633,0.27995313520079435,-0.46816502618076355,0.8020807756867087,195,195,195,195,195,0,1.0000,1.0000,5.6513,7.0990,1.5964,0,True,1.64,True,-0.2358219396644498,-0.0554224165100174,-0.9702145992104463,4.20,6.0000,0.10,0.0378,98.1599,1.0000,0.3254,0,195,0,0,0.035675
1080,44,386000000,44.386000000,-42.51465483141018,-15.218389864363793,0.8518135569177172,0.2368853271542831,0.2990906892443339,-0.4618250050891167,0.8007170324532848,195,195,195,195,195,0,1.0000,1.0000,5.6070,7.0818,1.5473,0,True,1.64,True,-0.22020308118184073,-0.11212984822162804,-0.9689878741118584,2.42,7.0000,0.09,0.0346,98.1686,1.0000,0.2627,0,195,0,0,0.029008
1081,44,419000000,44.419000000,-42.07134755767776,-15.861505500567299,1.4762180248120798,0.21608634186260184,0.29326379318353696,-0.4586584292218126,0.810515567877522,195,195,195,195,195,0,1.0000,1.0000,5.4352,6.8987,1.5478,0,True,1.64,True,0.12371026150109635,0.15844702318604748,0.9795868067929512,2.74,8.0000,0.11,0.0512,98.1799,1.0000,0.3435,0,195,0,0,0.038493
1082,44,452000000,44.452000000,-41.794634346384484,-14.984078061950791,1.8680737235821843,0.2144445829995965,0.2910261589275886,-0.4616436124712728,0.8100632510529387,195,195,163,195,163,0,0.8359,1.0000,5.4350,6.9507,1.5235,0,True,1.64,True,-0.6924253857390184,0.6989747752713689,-0.17883329868486703,0.47,8.0000,0.10,0.0453,98.1889,1.0000,0.2737,0,195,0,0,0.031361
1083,44,485000000,44.485000000,-41.28164404973137,-14.13137062781947,1.769427956734841,0.21681414595375134,0.2893080562500383,-0.46098097806242705,0.8104252047954692,163,163,163,163,163,0,1.0000,1.0000,5.6010,6.8835,1.6150,0,True,1.64,True,-0.2578400297450437,0.8507728177365296,-0.457934636887974,0.35,3.0000,0.09,0.0394,98.1959,1.0000,0.2160,0,163,0,0,0.025408
