frame_idx,timestamp_sec,timestamp_nanosec,timestamp_total_sec,pos_x,pos_y,pos_z,rot_x,rot_y,rot_z,rot_w,num_detected,num_matched,num_inliers,num_inliers_E,num_inliers_pose,num_inliers_H,inlier_ratio,feature_survival_rate,feature_vel_mean,feature_vel_max,mean_lk_err,consecutive_low_inliers,failure_triggered_streak,window_low_inlier_pct,failure_triggered_window,rel_tx,rel_ty,rel_tz,rel_rot_deg,eis_dt_ms,eis_crop_pct,eis_warp_deg,eis_cum_warp_deg,eis_gate_scale,eis_yaw_rate_deg,is_r_frame,num_active,num_pending,promotions_this_frame,bd_ratio
0,8,350000000,8.350000000,0.0,0.0,0.0,0.0,0.0,0.0,1.0,963,0,0,0,0,0,0.0000,0.0000,0.0000,0.0000,0.0000,1,False,100.00,True,0.0,0.0,0.0,0.00,71.0000,0.00,0.0000,0.0000,1.0000,0.0000,0,963,0,0,0.000000
1,8,383000000,8.383000000,0.0,0.0,0.0,0.0,0.0,0.0,1.0,963,963,0,963,0,0,0.0000,1.0000,0.0000,0.0000,0.0000,2,False,100.00,True,0.0,0.0,0.0,0.00,38.0000,0.00,0.0000,0.0000,1.0000,0.0000,0,963,0,0,0.000000
2,8,416000000,8.416000000,0.0,0.0,0.0,0.0,0.0,0.0,1.0,963,963,0,963,0,0,0.0000,1.0000,0.0000,0.0000,0.0000,3,False,100.00,True,0.0,0.0,0.0,0.00,5.0000,0.00,0.0000,0.0000,1.0000,0.0000,0,963,0,0,0.000000
3,8,449000000,8.449000000,0.0,0.0,0.0,0.0,0.0,0.0,1.0,963,963,0,963,0,0,0.0000,1.0000,0.0000,0.0000,0.0000,4,False,100.00,True,0.0,0.0,0.0,0.00,1.0000,0.00,0.0000,0.0000,1.0000,0.0000,0,963,0,0,0.000000
4,8,482000000,8.482000000,0.0,0.0,0.0,0.0,0.0,0.0,1.0,963,963,0,963,0,0,0.0000,1.0000,0.0000,0.0000,0.0000,5,False,100.00,True,0.0,0.0,0.0,0.00,2.0000,0.00,0.0000,0.0000,1.0000,0.0000,0,963,0,0,0.000000
5,8,515000000,8.515000000,0.0,0.0,0.0,0.0,0.0,0.0,1.0,963,963,0,963,0,0,0.0000,1.0000,0.0000,0.0000,0.0000,6,False,100.00,True,0.0,0.0,0.0,0.00,2.0000,0.00,0.0000,0.0000,1.0000,0.0000,0,963,0,0,0.000000
6,8,548000000,8.548000000,0.0,0.0,0.0,0.0,0.0,0.0,1.0,963,963,0,963,0,0,0.0000,1.0000,0.0000,0.0000,0.0000,7,False,100.00,True,0.0,0.0,0.0,0.00,3.0000,0.00,0.0000,0.0000,1.0000,0.0000,0,963,0,0,0.000000
7,8,581000000,8.581000000,0.0,0.0,0.0,0.0,0.0,0.0,1.0,963,963,0,963,0,0,0.0000,1.0000,0.0000,0.0000,0.0000,8,False,100.00,True,0.0,0.0,0.0,0.00,4.0000,0.00,0.0000,0.0000,1.0000,0.0000,0,963,0,0,0.000000
8,8,614000000,8.614000000,0.0,0.0,0.0,0.0,0.0,0.0,1.0,963,963,0,963,0,0,0.0000,1.0000,0.0000,0.0000,0.0000,9,False,100.00,True,0.0,0.0,0.0,0.00,0.0000,0.00,0.0000,0.0000,1.0000,0.0000,0,963,0,0,0.000000
9,8,647000000,8.647000000,0.0,0.0,0.0,0.0,0.0,0.0,1.0,963,963,0,963,0,0,0.0000,1.0000,0.0000,0.0000,0.0000,10,True,100.00,True,0.0,0.0,0.0,0.00,8.0000,0.00,0.0000,0.0000,1.0000,0.0000,0,963,0,0,0.000000
10,8,680000000,8.680000000,0.0,0.0,0.0,0.0,0.0,0.0,1.0,963,963,0,963,0,0,0.0000,1.0000,0.0000,0.0000,0.0000,11,True,100.00,True,0.0,0.0,0.0,0.00,5.0000,0.00,0.0000,0.0000,1.0000,0.0000,0,963,0,0,0.000000
11,8,713000000,8.713000000,0.0,0.0,0.0,0.0,0.0,0.0,1.0,963,963,0,963,0,0,0.0000,1.0000,0.0000,0.0000,0.0000,12,True,100.00,True,0.0,0.0,0.0,0.00,3.0000,0.00,0.0000,0.0000,1.0000,0.0000,0,963,0,0,0.000000
12,8,746000000,8.746000000,0.0,0.0,0.0,0.0,0.0,0.0,1.0,963,963,0,963,0,0,0.0000,1.0000,0.0000,0.0000,0.0000,13,True,100.00,True,0.0,0.0,0.0,0.00,9.0000,0.00,0.0000,0.0000,1.0000,0.0000,0,963,0,0,0.000000
13,8,779000000,8.779000000,0.0,0.0,0.0,0.0,0.0,0.0,1.0,963,963,0,963,0,0,0.0000,1.0000,0.0000,0.0000,0.0000,14,True,100.00,True,0.0,0.0,0.0,0.00,1.0000,0.00,0.0000,0.0000,1.0000,0.0000,0,963,0,0,0.000000
14,8,812000000,8.812000000,0.0,0.0,0.0,0.0,0.0,0.0,1.0,963,963,0,963,0,0,0.0000,1.0000,0.0000,0.0000,0.0000,15,True,100.00,True,0.0,0.0,0.0,0.00,0.0000,0.00,0.0000,0.0000,1.0000,0.0000,0,963,0,0,0.000000
15,8,845000000,8.845000000,0.0,0.0,0.0,0.0,0.0,0.0,1.0,963,963,0,963,0,0,0.0000,1.0000,0.0000,0.0000,0.0000,16,True,100.00,True,0.0,0.0,0.0,0.00,3.0000,0.00,0.0000,0.0000,1.0000,0.0000,0,963,0,0,0.000000
16,8,878000000,8.878000000,0.0,0.0,0.0,0.0,0.0,0.0,1.0,963,963,0,963,0,0,0.0000,1.0000,0.0000,0.0000,0.0000,17,True,100.00,True,0.0,0.0,0.0,0.00,11.0000,0.00,0.0000,0.0000,1.0000,0.0000,0,963,0,0,0.000000
17,8,911000000,8.911000000,0.0,0.0,0.0,0.0,0.0,0.0,1.0,963,963,0,963,0,0,0.0000,1.0000,0.0000,0.0000,0.0000,18,True,100.00,True,0.0,0.0,0.0,0.00,11.0000,0.00,0.0000,0.0000,1.0000,0.0000,0,963,0,0,0.000000
18,8,944000000,8.944000000,0.0,0.0,0.0,0.0,0.0,0.0,1.0,963,963,0,963,0,0,0.0000,1.0000,0.0000,0.0000,0.0000,19,True,100.00,True,0.0,0.0,0.0,0.00,12.0000,0.00,0.0000,0.0000,1.0000,0.0000,0,963,0,0,0.000000
19,8,977000000,8.977000000,0.0,0.0,0.0,0.0,0.0,0.0,1.0,963,963,0,963,0,0,0.0000,1.0000,0.0000,0.0000,0.0000,20,True,100.00,True,0.0,0.0,0.0,0.00,1.0000,0.00,0.0000,0.0000,1.0000,0.0000,0,963,0,0,0.000000
20,9,10000000,9.010000000,0.0,0.0,0.0,0.0,0.0,0.0,1.0,963,963,0,963,0,0,0.0000,1.0000,0.0000,0.0000,0.0000,21,True,100.00,True,0.0,0.0,0.0,0.00,11.0000,0.00,0.0000,0.0000,1.0000,0.0000,0,963,0,0,0.000000
21,9,43000000,9.043000000,0.0,0.0,0.0,0.0,0.0,0.0,1.0,963,963,0,963,0,0,0.0000,1.0000,0.0000,0.0000,0.0000,22,True,100.00,True,0.0,0.0,0.0,0.00,9.0000,0.00,0.0000,0.0000,1.0000,0.0000,0,963,0,0,0.000000
22,9,76000000,9.076000000,0.0,0.0,0.0,0.0,0.0,0.0,1.0,963,963,0,963,0,0,0.0000,1.0000,0.0000,0.0000,0.0000,23,True,100.00,True,0.0,0.0,0.0,0.00,2.0000,0.00,0.0000,0.0000,1.0000,0.0000,0,963,0,0,0.000000
23,9,109000000,9.109000000,0.0,0.0,0.0,0.0,0.0,0.0,1.0,963,963,0,963,0,0,0.0000,1.0000,0.0000,0.0000,0.0000,24,True,100.00,True,0.0,0.0,0.0,0.00,4.0000,0.00,0.0000,0.0000,1.0000,0.0000,0,963,0,0,0.000000
24,9,142000000,9.142000000,0.0,0.0,0.0,0.0,0.0,0.0,1.0,963,963,0,963,0,0,0.0000,1.0000,0.0000,0.0000,0.0000,25,True,100.00,True,0.0,0.0,0.0,0.00,0.0000,0.00,0.0000,0.0000,1.0000,0.0000,0,963,0,0,0.000000
25,9,175000000,9.175000000,0.0,0.0,0.0,0.0,0.0,0.0,1.0,963,963,0,963,0,0,0.0000,1.0000,0.0000,0.0000,0.0000,26,True,100.00,True,0.0,0.0,0.0,0.00,5.0000,0.00,0.0000,0.0000,1.0000,0.0000,0,963,0,0,0.000000
26,9,208000000,9.208000000,0.0,0.0,0.0,0.0,0.0,0.0,1.0,963,963,0,963,0,0,0.0000,1.0000,0.0000,0.0000,0.0000,27,True,100.00,True,0.0,0.0,0.0,0.00,5.0000,0.00,0.0000,0.0000,1.0000,0.0000,0,963,0,0,0.000000
27,9,241000000,9.241000000,0.0,0.0,0.0,0.0,0.0,0.0,1.0,963,963,0,963,0,0,0.0000,1.0000,0.0000,0.0000,0.0000,28,True,100.00,True,0.0,0.0,0.0,0.00,6.0000,0.00,0.0000,0.0000,1.0000,0.0000,0,963,0,0,0.000000
28,9,274000000,9.274000000,0.0,0.0,0.0,0.0,0.0,0.0,1.0,963,963,0,963,0,0,0.0000,1.0000,0.0000,0.0000,0.0000,29,True,100.00,True,0.0,0.0,0.0,0.00,9.0000,0.00,0.0000,0.0000,1.0000,0.0000,0,963,0,0,0.000000
29,9,307000000,9.307000000,0.0,0.0,0.0,0.0,0.0,0.0,1.0,963,963,0,963,0,0,0.0000,1.0000,0.0000,0.0000,0.0000,30,True,100.00,True,0.0,0.0,0.0,0.00,8.0000,0.00,0.0000,0.0000,1.0000,0.0000,0,963,0,0,0.000000
30,9,340000000,9.340000000,0.0,0.0,0.0,0.0,0.0,0.0,1.0,963,963,0,963,0,0,0.0000,1.0000,0.0000,0.0000,0.0000,31,True,100.00,True,0.0,0.0,0.0,0.00,8.0000,0.00,0.0000,0.0000,1.0000,0.0000,0,963,0,0,0.000000
31,9,373000000,9.373000000,0.0,0.0,0.0,0.0,0.0,0.0,1.0,963,963,0,963,0,0,0.0000,1.0000,0.0000,0.0000,0.0000,32,True,100.00,True,0.0,0.0,0.0,0.00,8.0000,0.00,0.0000,0.0000,1.0000,0.0000,0,963,0,0,0.000000
32,9,406000000,9.406000000,0.0,0.0,0.0,0.0,0.0,0.0,1.0,963,963,0,963,0,0,0.0000,1.0000,0.0000,0.0000,0.0000,33,True,100.00,True,0.0,0.0,0.0,0.00,7.0000,0.00,0.0000,0.0000,1.0000,0.0000,0,963,0,0,0.000000
33,9,439000000,9.439000000,0.0,0.0,0.0,0.0,0.0,0.0,1.0,963,963,0,963,0,0,0.0000,1.0000,0.0000,0.0000,0.0000,34,True,100.00,True,0.0,0.0,0.0,0.00,6.0000,0.00,0.0000,0.0000,1.0000,0.0000,0,963,0,0,0.000000
34,9,472000000,9.472000000,0.0,0.0,0.0,0.0,0.0,0.0,1.0,963,963,0,963,0,0,0.0000,1.0000,0.0000,0.0000,0.0000,35,True,100.00,True,0.0,0.0,0.0,0.00,3.0000,0.00,0.0000,0.0000,1.0000,0.0000,0,963,0,0,0.000000
35,9,505000000,9.505000000,0.0,0.0,0.0,0.0,0.0,0.0,1.0,963,963,0,963,0,0,0.0000,1.0000,0.0000,0.0000,0.0000,36,True,100.00,True,0.0,0.0,0.0,0.00,3.0000,0.00,0.0000,0.0000,1.0000,0.0000,0,963,0,0,0.000000
36,9,538000000,9.538000000,0.0,0.0,0.0,0.0,0.0,0.0,1.0,963,963,0,963,0,0,0.0000,1.0000,0.0000,0.0000,0.0000,37,True,100.00,True,0.0,0.0,0.0,0.00,12.0000,0.00,0.0000,0.0000,1.0000,0.0000,0,963,0,0,0.000000
37,9,571000000,9.571000000,0.0,0.0,0.0,0.0,0.0,0.0,1.0,963,963,0,963,0,0,0.0000,1.0000,0.0000,0.0000,0.0000,38,True,100.00,True,0.0,0.0,0.0,0.00,1.0000,0.00,0.0000,0.0000,1.0000,0.0000,0,963,0,0,0.000000
38,9,604000000,9.604000000,0.0,0.0,0.0,0.0,0.0,0.0,1.0,963,963,0,963,0,0,0.0000,1.0000,0.0000,0.0000,0.0000,39,True,100.00,True,0.0,0.0,0.0,0.00,5.0000,0.00,0.0000,0.0000,1.0000,0.0000,0,963,0,0,0.000000
39,9,637000000,9.637000000,0.0,0.0,0.0,0.0,0.0,0.0,1.0,963,963,0,963,0,0,0.0000,1.0000,0.0000,0.0000,0.0000,40,True,100.00,True,0.0,0.0,0.0,0.00,3.0000,0.00,0.0000,0.0000,1.0000,0.0000,0,963,0,0,0.000000
40,9,670000000,9.670000000,0.0,0.0,0.0,0.0,0.0,0.0,1.0,963,963,0,963,0,0,0.0000,1.0000,0.0000,0.0000,0.0000,41,True,100.00,True,0.0,0.0,0.0,0.00,1.0000,0.00,0.0000,0.0000,1.0000,0.0000,0,963,0,0,0.000000
41,9,703000000,9.703000000,0.0,0.0,0.0,0.0,0.0,0.0,1.0,963,963,0,963,0,0,0.0000,1.0000,0.0000,0.0000,0.0000,42,True,100.00,True,0.0,0.0,0.0,0.00,3.0000,0.00,0.0000,0.0000,1.0000,0.0000,0,963,0,0,0.000000
42,9,736000000,9.736000000,0.0,0.0,0.0,0.0,0.0,0.0,1.0,963,963,0,963,0,0,0.0000,1.0000,0.0000,0.0000,0.0000,43,True,100.00,True,0.0,0.0,0.0,0.00,6.0000,0.00,0.0000,0.0000,1.0000,0.0000,0,963,0,0,0.000000
43,9,769000000,9.769000000,0.0,0.0,0.0,0.0,0.0,0.0,1.0,963,963,0,963,0,0,0.0000,1.0000,0.0000,0.0000,0.0000,44,True,100.00,True,0.0,0.0,0.0,0.00,6.0000,0.00,0.0000,0.0000,1.0000,0.0000,0,963,0,0,0.000000
44,9,802000000,9.802000000,0.0,0.0,0.0,0.0,0.0,0.0,1.0,963,963,0,963,0,0,0.0000,1.0000,0.0000,0.0000,0.0000,45,True,100.00,True,0.0,0.0,0.0,0.00,1.0000,0.00,0.0000,0.0000,1.0000,0.0000,0,963,0,0,0.000000
45,9,835000000,9.835000000,0.0,0.0,0.0,0.0,0.0,0.0,1.0,963,963,0,963,0,0,0.0000,1.0000,0.0000,0.0000,0.0000,46,True,100.00,True,0.0,0.0,0.0,0.00,9.0000,0.00,0.0000,0.0000,1.0000,0.0000,0,963,0,0,0.000000
46,9,868000000,9.868000000,0.0,0.0,0.0,0.0,0.0,0.0,1.0,963,963,0,963,0,0,0.0000,1.0000,0.0000,0.0000,0.0000,47,True,100.00,True,0.0,0.0,0.0,0.00,3.0000,0.00,0.0000,0.0000,1.0000,0.0000,0,963,0,0,0.000000
47,9,901000000,9.901000000,0.0,0.0,0.0,0.0,0.0,0.0,1.0,963,963,0,963,0,0,0.0000,1.0000,0.0000,0.0000,0.0000,48,True,100.00,True,0.0,0.0,0.0,0.00,9.0000,0.00,0.0000,0.0000,1.0000,0.0000,0,963,0,0,0.000000
48,9,934000000,9.934000000,0.0,0.0,0.0,0.0,0.0,0.0,1.0,963,963,0,963,0,0,0.0000,1.0000,0.0000,0.0000,0.0000,49,True,100.00,True,0.0,0.0,0.0,0.00,8.0000,0.00,0.0000,0.0000,1.0000,0.0000,0,963,0,0,0.000000
49,9,967000000,9.967000000,0.0,0.0,0.0,0.0,0.0,0.0,1.0,963,963,0,963,0,0,0.0000,1.0000,0.0000,0.0000,0.0000,50,True,100.00,True,0.0,0.0,0.0,0.00,9.0000,0.00,0.0000,0.0000,1.0000,0.0000,0,963,0,0,0.000000
50,10,0,10.000000000,0.0,0.0,0.0,0.0,0.0,0.0,1.0,963,963,0,963,0,0,0.0000,1.0000,0.0000,0.0000,0.0000,51,True,100.00,True,0.0,0.0,0.0,0.00,7.0000,0.00,0.0000,0.0000,1.0000,0.0000,0,963,0,0,0.000000
51,10,33000000,10.033000000,0.0,0.0,0.0,0.0,0.0,0.0,1.0,963,963,0,963,0,0,0.0000,1.0000,0.0000,0.0000,0.0000,52,True,100.00,True,0.0,0.0,0.0,0.00,6.0000,0.00,0.0000,0.0000,1.0000,0.0000,0,963,0,0,0.000000
52,10,66000000,10.066000000,0.0,0.0,0.0,0.0,0.0,0.0,1.0,963,963,0,963,0,0,0.0000,1.0000,0.0000,0.0000,0.0000,53,True,100.00,True,0.0,0.0,0.0,0.00,4.0000,0.00,0.0000,0.0000,1.0000,0.0000,0,963,0,0,0.000000
53,10,99000000,10.099000000,0.0,0.0,0.0,0.0,0.0,0.0,1.0,963,963,0,963,0,0,0.0000,1.0000,0.0000,0.0000,0.0000,54,True,100.00,True,0.0,0.0,0.0,0.00,3.0000,0.00,0.0000,0.0000,1.0000,0.0000,0,963,0,0,0.000000
54,10,132000000,10.132000000,0.0,0.0,0.0,0.0,0.0,0.0,1.0,963,963,0,963,0,0,0.0000,1.0000,0.0000,0.0000,0.0000,55,True,100.00,True,0.0,0.0,0.0,0.00,9.0000,0.00,0.0000,0.0000,1.0000,0.0000,0,963,0,0,0.000000
55,10,165000000,10.165000000,0.0,0.0,0.0,0.0,0.0,0.0,1.0,963,963,0,963,0,0,0.0000,1.0000,0.0000,0.0000,0.0000,56,True,100.00,True,0.0,0.0,0.0,0.00,9.0000,0.00,0.0000,0.0000,1.0000,0.0000,0,963,0,0,0.000000
56,10,198000000,10.198000000,0.0,0.0,0.0,0.0,0.0,0.0,1.0,963,963,0,963,0,0,0.0000,1.0000,0.0000,0.0000,0.0000,57,True,100.00,True,0.0,0.0,0.0,0.00,5.0000,0.00,0.0000,0.0000,1.0000,0.0000,0,963,0,0,0.000000
57,10,231000000,10.231000000,0.0,0.0,0.0,0.0,0.0,0.0,1.0,963,963,0,963,0,0,0.0000,1.0000,0.0000,0.0000,0.0000,58,True,100.00,True,0.0,0.0,0.0,0.00,6.0000,0.00,0.0000,0.0000,1.0000,0.0000,0,963,0,0,0.000000
58,10,264000000,10.264000000,0.0,0.0,0.0,0.0,0.0,0.0,1.0,963,963,0,963,0,0,0.0000,1.0000,0.0000,0.0000,0.0000,59,True,100.00,True,0.0,0.0,0.0,0.00,4.0000,0.00,0.0000,0.0000,1.0000,0.0000,0,963,0,0,0.000000
59,10,297000000,10.297000000,0.0,0.0,0.0,0.0,0.0,0.0,1.0,963,963,0,963,0,0,0.0000,1.0000,0.0000,0.0000,0.0000,60,True,100.00,True,0.0,0.0,0.0,0.00,3.0000,0.00,0.0000,0.0000,1.0000,0.0000,0,963,0,0,0.000000
60,10,330000000,10.330000000,0.0,0.0,0.0,0.0,0.0,0.0,1.0,963,963,0,963,0,0,0.0000,1.0000,0.0000,0.0000,0.0000,61,True,100.00,True,0.0,0.0,0.0,0.00,4.0000,0.00,0.0000,0.0000,1.0000,0.0000,0,963,0,0,0.000000
61,10,363000000,10.363000000,0.0,0.0,0.0,0.0,0.0,0.0,1.0,963,963,0,963,0,0,0.0000,1.0000,0.0000,0.0000,0.0000,62,True,100.00,True,0.0,0.0,0.0,0.00,7.0000,0.00,0.0000,0.0000,1.0000,0.0000,0,963,0,0,0.000000
62,10,396000000,10.396000000,0.0,0.0,0.0,0.0,0.0,0.0,1.0,963,963,0,963,0,0,0.0000,1.0000,0.0000,0.0000,0.0000,63,True,100.00,True,0.0,0.0,0.0,0.00,11.0000,0.00,0.0000,0.0000,1.0000,0.0000,0,963,0,0,0.000000
63,10,429000000,10.429000000,0.0,0.0,0.0,0.0,0.0,0.0,1.0,963,963,0,963,0,0,0.0000,1.0000,0.0000,0.0000,0.0000,64,True,100.00,True,0.0,0.0,0.0,0.00,8.0000,0.00,0.0000,0.0000,1.0000,0.0000,0,963,0,0,0.000000
64,10,462000000,10.462000000,0.0,0.0,0.0,0.0,0.0,0.0,1.0,963,963,0,963,0,0,0.0000,1.0000,0.0000,0.0000,0.0000,65,True,100.00,True,0.0,0.0,0.0,0.00,8.0000,0.00,0.0000,0.0000,1.0000,0.0000,0,963,0,0,0.000000
65,10,495000000,10.495000000,0.0,0.0,0.0,0.0,0.0,0.0,1.0,963,963,0,963,0,0,0.0000,1.0000,0.0000,0.0000,0.0000,66,True,100.00,True,0.0,0.0,0.0,0.00,7.0000,0.00,0.0000,0.0000,1.0000,0.0000,0,963,0,0,0.000000
66,10,528000000,10.528000000,0.0,0.0,0.0,0.0,0.0,0.0,1.0,963,963,0,963,0,0,0.0000,1.0000,0.0000,0.0000,0.0000,67,True,100.00,True,0.0,0.0,0.0,0.00,4.0000,0.00,0.0000,0.0000,1.0000,0.0000,0,963,0,0,0.000000
67,10,561000000,10.561000000,0.0,0.0,0.0,0.0,0.0,0.0,1.0,963,963,0,963,0,0,0.0000,1.0000,0.0000,0.0000,0.0000,68,True,100.00,True,0.0,0.0,0.0,0.00,3.0000,0.00,0.0000,0.0000,1.0000,0.0000,0,963,0,0,0.000000
68,10,594000000,10.594000000,0.0,0.0,0.0,0.0,0.0,0.0,1.0,963,963,0,963,0,0,0.0000,1.0000,0.0000,0.0000,0.0000,69,True,100.00,True,0.0,0.0,0.0,0.00,8.0000,0.00,0.0000,0.0000,1.0000,0.0000,0,963,0,0,0.000000
69,10,627000000,10.627000000,0.0,0.0,0.0,0.0,0.0,0.0,1.0,963,963,0,963,0,0,0.0000,1.0000,0.0000,0.0000,0.0000,70,True,100.00,True,0.0,0.0,0.0,0.00,3.0000,0.00,0.0000,0.0000,1.0000,0.0000,0,963,0,0,0.000000
70,10,660000000,10.660000000,0.0,0.0,0.0,0.0,0.0,0.0,1.0,963,963,0,963,0,0,0.0000,1.0000,0.0000,0.0000,0.0000,71,True,100.00,True,0.0,0.0,0.0,0.00,2.0000,0.00,0.0000,0.0000,1.0000,0.0000,0,963,0,0,0.000000
71,10,693000000,10.693000000,0.0,0.0,0.0,0.0,0.0,0.0,1.0,963,963,0,963,0,0,0.0000,1.0000,0.0000,0.0000,0.0000,72,True,100.00,True,0.0,0.0,0.0,0.00,1.0000,0.00,0.0000,0.0000,1.0000,0.0000,0,963,0,0,0.000000
72,10,726000000,10.726000000,0.0,0.0,0.0,0.0,0.0,0.0,1.0,963,963,0,963,0,0,0.0000,1.0000,0.0000,0.0000,0.0000,73,True,100.00,True,0.0,0.0,0.0,0.00,6.0000,0.00,0.0000,0.0000,1.0000,0.0000,0,963,0,0,0.000000
73,10,759000000,10.759000000,0.0,0.0,0.0,0.0,0.0,0.0,1.0,963,963,0,963,0,0,0.0000,1.0000,0.0000,0.0000,0.0000,74,True,100.00,True,0.0,0.0,0.0,0.00,3.0000,0.00,0.0000,0.0000,1.0000,0.0000,0,963,0,0,0.000000
74,10,792000000,10.792000000,0.0,0.0,0.0,0.0,0.0,0.0,1.0,963,963,0,963,0,0,0.0000,1.0000,0.0000,0.0000,0.0000,75,True,100.00,True,0.0,0.0,0.0,0.00,2.0000,0.00,0.0000,0.0000,1.0000,0.0000,0,963,0,0,0.000000
75,10,825000000,10.825000000,0.0,0.0,0.0,0.0,0.0,0.0,1.0,963,963,0,963,0,0,0.0000,1.0000,0.0000,0.0000,0.0000,76,True,100.00,True,0.0,0.0,0.0,0.00,2.0000,0.00,0.0000,0.0000,1.0000,0.0000,0,963,0,0,0.000000
76,10,858000000,10.858000000,0.0,0.0,0.0,0.0,0.0,0.0,1.0,963,963,0,963,0,0,0.0000,1.0000,0.0000,0.0000,0.0000,77,True,100.00,True,0.0,0.0,0.0,0.00,4.0000,0.00,0.0000,0.0000,1.0000,0.0000,0,963,0,0,0.000000
77,10,891000000,10.891000000,0.0,0.0,0.0,0.0,0.0,0.0,1.0,963,963,0,963,0,0,0.0000,1.0000,0.0000,0.0000,0.0000,78,True,100.00,True,0.0,0.0,0.0,0.00,5.0000,0.00,0.0000,0.0000,1.0000,0.0000,0,963,0,0,0.000000
78,10,924000000,10.924000000,0.0,0.0,0.0,0.0,0.0,0.0,1.0,963,963,0,963,0,0,0.0000,1.0000,0.0000,0.0000,0.0000,79,True,100.00,True,0.0,0.0,0.0,0.00,6.0000,0.00,0.0000,0.0000,1.0000,0.0000,0,963,0,0,0.000000
79,10,957000000,10.957000000,0.0,0.0,0.0,0.0,0.0,0.0,1.0,963,963,0,963,0,0,0.0000,1.0000,0.0000,0.0000,0.0000,80,True,100.00,True,0.0,0.0,0.0,0.00,10.0000,0.00,0.0000,0.0000,1.0000,0.0000,0,963,0,0,0.000000
80,10,990000000,10.990000000,0.0,0.0,0.0,0.0,0.0,0.0,1.0,963,963,0,963,0,0,0.0000,1.0000,0.0000,0.0000,0.0000,81,True,100.00,True,0.0,0.0,0.0,0.00,9.0000,0.00,0.0000,0.0000,1.0000,0.0000,0,963,0,0,0.000000
81,11,23000000,11.023000000,0.0,0.0,0.0,0.0,0.0,0.0,1.0,963,963,0,963,0,0,0.0000,1.0000,0.0000,0.0000,0.0000,82,True,100.00,True,0.0,0.0,0.0,0.00,4.0000,0.00,0.0000,0.0000,1.0000,0.0000,0,963,0,0,0.000000
82,11,56000000,11.056000000,0.0,0.0,0.0,0.0,0.0,0.0,1.0,963,963,0,963,0,0,0.0000,1.0000,0.0000,0.0000,0.0000,83,True,100.00,True,0.0,0.0,0.0,0.00,1.0000,0.00,0.0000,0.0000,1.0000,0.0000,0,963,0,0,0.000000
83,11,89000000,11.089000000,0.0,0.0,0.0,0.0,0.0,0.0,1.0,963,963,0,963,0,0,0.0000,1.0000,0.0000,0.0000,0.0000,84,True,100.00,True,0.0,0.0,0.0,0.00,1.0000,0.00,0.0000,0.0000,1.0000,0.0000,0,963,0,0,0.000000
84,11,122000000,11.122000000,0.0,0.0,0.0,0.0,0.0,0.0,1.0,963,963,0,963,0,0,0.0000,1.0000,0.0000,0.0000,0.0000,85,True,100.00,True,0.0,0.0,0.0,0.00,4.0000,0.00,0.0000,0.0000,1.0000,0.0000,0,963,0,0,0.000000
85,11,155000000,11.155000000,0.0,0.0,0.0,0.0,0.0,0.0,1.0,963,963,0,963,0,0,0.0000,1.0000,0.0000,0.0000,0.0000,86,True,100.00,True,0.0,0.0,0.0,0.00,3.0000,0.00,0.0000,0.0000,1.0000,0.0000,0,963,0,0,0.000000
86,11,188000000,11.188000000,0.0,0.0,0.0,0.0,0.0,0.0,1.0,963,963,0,963,0,0,0.0000,1.0000,0.0000,0.0000,0.0000,87,True,100.00,True,0.0,0.0,0.0,0.00,2.0000,0.00,0.0000,0.0000,1.0000,0.0000,0,963,0,0,0.000000
87,11,221000000,11.221000000,0.0,0.0,0.0,0.0,0.0,0.0,1.0,963,963,0,963,0,0,0.0000,1.0000,0.0000,0.0000,0.0000,88,True,100.00,True,0.0,0.0,0.0,0.00,0.0000,0.00,0.0000,0.0000,1.0000,0.0000,0,963,0,0,0.000000
88,11,254000000,11.254000000,0.0,0.0,0.0,0.0,0.0,0.0,1.0,963,960,0,960,0,0,0.0000,0.9969,0.0000,0.0021,0.0000,89,True,100.00,True,0.0,0.0,0.0,0.00,2.0000,0.00,0.0000,0.0000,1.0000,0.0000,0,960,0,0,0.000000
89,11,287000000,11.287000000,0.0,0.0,0.0,0.0,0.0,0.0,1.0,960,960,0,960,0,0,0.0000,1.0000,0.0000,0.0000,0.0000,90,True,100.00,True,0.0,0.0,0.0,0.00,8.0000,0.00,0.0000,0.0000,1.0000,0.0000,0,960,0,0,0.000000
90,11,320000000,11.320000000,0.0,0.0,0.0,0.0,0.0,0.0,1.0,960,960,0,960,0,0,0.0000,1.0000,0.0000,0.0000,0.0000,91,True,100.00,True,0.0,0.0,0.0,0.00,9.0000,0.00,0.0000,0.0000,1.0000,0.0000,0,960,0,0,0.000000
91,11,353000000,11.353000000,0.0,0.0,0.0,0.0,0.0,0.0,1.0,960,960,0,960,0,0,0.0000,1.0000,0.0000,0.0000,0.0000,92,True,100.00,True,0.0,0.0,0.0,0.00,11.0000,0.00,0.0000,0.0000,1.0000,0.0000,0,960,0,0,0.000000
92,11,386000000,11.386000000,0.0,0.0,0.0,0.0,0.0,0.0,1.0,960,960,0,960,0,0,0.0000,1.0000,0.0000,0.0000,0.0000,93,True,100.00,True,0.0,0.0,0.0,0.00,7.0000,0.00,0.0000,0.0000,1.0000,0.0000,0,960,0,0,0.000000
93,11,419000000,11.419000000,0.0,0.0,0.0,0.0,0.0,0.0,1.0,960,960,0,960,0,0,0.0000,1.0000,0.0000,0.0000,0.0000,94,True,100.00,True,0.0,0.0,0.0,0.00,6.0000,0.00,0.0000,0.0000,1.0000,0.0000,0,960,0,0,0.000000
94,11,452000000,11.452000000,0.0,0.0,0.0,0.0,0.0,0.0,1.0,960,953,0,953,0,0,0.0000,0.9927,0.0000,0.0022,0.0000,95,True,100.00,True,0.0,0.0,0.0,0.00,7.0000,0.00,0.0000,0.0000,1.0000,0.0000,0,953,0,0,0.000000
95,11,485000000,11.485000000,0.0,0.0,0.0,0.0,0.0,0.0,1.0,953,953,0,953,0,0,0.0000,1.0000,0.0000,0.0013,0.0000,96,True,100.00,True,0.0,0.0,0.0,0.00,8.0000,0.00,0.0000,0.0000,1.0000,0.0000,0,953,0,0,0.000000
96,11,518000000,11.518000000,0.0,0.0,0.0,0.0,0.0,0.0,1.0,953,953,0,953,0,0,0.0000,1.0000,0.0000,0.0000,0.0000,97,True,100.00,True,0.0,0.0,0.0,0.00,8.0000,0.00,0.0000,0.0000,1.0000,0.0000,0,953,0,0,0.000000
97,11,551000000,11.551000000,0.0,0.0,0.0,0.0,0.0,0.0,1.0,953,953,0,953,0,0,0.0000,1.0000,0.0000,0.0000,0.0000,98,True,100.00,True,0.0,0.0,0.0,0.00,7.0000,0.00,0.0000,0.0000,1.0000,0.0000,0,953,0,0,0.000000
98,11,584000000,11.584000000,0.0,0.0,0.0,0.0,0.0,0.0,1.0,953,953,0,953,0,0,0.0000,1.0000,0.0000,0.0000,0.0000,99,True,100.00,True,0.0,0.0,0.0,0.00,1.0000,0.00,0.0000,0.0000,1.0000,0.0000,0,953,0,0,0.000000
99,11,617000000,11.617000000,0.0,0.0,0.0,0.0,0.0,0.0,1.0,953,953,0,953,0,0,0.0000,1.0000,0.0000,0.0000,0.0000,100,True,100.00,True,0.0,0.0,0.0,0.00,15.0000,0.00,0.0000,0.0000,1.0000,0.0000,0,953,0,0,0.000000
100,11,650000000,11.650000000,0.0,0.0,0.0,0.0,0.0,0.0,1.0,953,950,0,950,0,0,0.0000,0.9969,0.0000,0.0015,0.0000,101,True,100.00,True,0.0,0.0,0.0,0.00,13.0000,0.00,0.0000,0.0000,1.0000,0.0000,0,950,0,0,0.000000
101,11,683000000,11.683000000,0.0,0.0,0.0,0.0,0.0,0.0,1.0,950,950,0,950,0,0,0.0000,1.0000,0.0000,0.0027,0.0000,102,True,100.00,True,0.0,0.0,0.0,0.00,7.0000,0.00,0.0000,0.0000,1.0000,0.0000,0,950,0,0,0.000000
102,11,716000000,11.716000000,0.0,0.0,0.0,0.0,0.0,0.0,1.0,950,950,0,950,0,0,0.0000,1.0000,0.0000,0.0000,0.0000,103,True,100.00,True,0.0,0.0,0.0,0.00,9.0000,0.00,0.0000,0.0000,1.0000,0.0000,0,950,0,0,0.000000
103,11,749000000,11.749000000,0.0,0.0,0.0,0.0,0.0,0.0,1.0,950,950,0,950,0,0,0.0000,1.0000,0.0000,0.0000,0.0000,104,True,100.00,True,0.0,0.0,0.0,0.00,9.0000,0.00,0.0000,0.0000,1.0000,0.0000,0,950,0,0,0.000000
104,11,782000000,11.782000000,0.0,0.0,0.0,0.0,0.0,0.0,1.0,950,950,0,950,0,0,0.0000,1.0000,0.0000,0.0000,0.0000,105,True,100.00,True,0.0,0.0,0.0,0.00,7.0000,0.00,0.0000,0.0000,1.0000,0.0000,0,950,0,0,0.000000
105,11,815000000,11.815000000,0.0,0.0,0.0,0.0,0.0,0.0,1.0,950,950,0,950,0,0,0.0000,1.0000,0.0000,0.0000,0.0000,106,True,100.00,True,0.0,0.0,0.0,0.00,7.0000,0.00,0.0000,0.0000,1.0000,0.0000,0,950,0,0,0.000000
106,11,848000000,11.848000000,0.0,0.0,0.0,0.0,0.0,0.0,1.0,950,950,0,950,0,0,0.0000,1.0000,0.0000,0.0000,0.0000,107,True,100.00,True,0.0,0.0,0.0,0.00,1.0000,0.00,0.0000,0.0000,1.0000,0.0000,0,950,0,0,0.000000
107,11,881000000,11.881000000,0.0,0.0,0.0,0.0,0.0,0.0,1.0,950,950,0,950,0,0,0.0000,1.0000,0.0000,0.0023,0.0001,108,True,100.00,True,0.0,0.0,0.0,0.00,4.0000,0.00,0.0000,0.0000,1.0000,0.0000,0,950,0,0,0.000000
108,11,914000000,11.914000000,0.0,0.0,0.0,0.0,0.0,0.0,1.0,950,950,0,950,0,0,0.0000,1.0000,0.0000,0.0000,0.0000,109,True,100.00,True,0.0,0.0,0.0,0.00,0.0000,0.00,0.0000,0.0000,1.0000,0.0000,0,950,0,0,0.000000
109,11,947000000,11.947000000,0.0,0.0,0.0,0.0,0.0,0.0,1.0,950,950,0,950,0,0,0.0000,1.0000,0.0000,0.0000,0.0000,110,True,100.00,True,0.0,0.0,0.0,0.00,0.0000,0.00,0.0000,0.0000,1.0000,0.0000,0,950,0,0,0.000000
110,11,980000000,11.980000000,0.0,0.0,0.0,0.0,0.0,0.0,1.0,950,950,0,950,0,0,0.0000,1.0000,0.0000,0.0000,0.0000,111,True,100.00,True,0.0,0.0,0.0,0.00,7.0000,0.00,0.0000,0.0000,1.0000,0.0000,0,950,0,0,0.000000
111,12,13000000,12.013000000,0.0,0.0,0.0,0.0,0.0,0.0,1.0,950,950,0,950,0,0,0.0000,1.0000,0.0000,0.0000,0.0000,112,True,100.00,True,0.0,0.0,0.0,0.00,11.0000,0.00,0.0000,0.0000,1.0000,0.0000,0,950,0,0,0.000000
112,12,46000000,12.046000000,0.0,0.0,0.0,0.0,0.0,0.0,1.0,950,950,0,950,0,0,0.0000,1.0000,0.0000,0.0000,0.0000,113,True,100.00,True,0.0,0.0,0.0,0.00,1.0000,0.00,0.0000,0.0000,1.0000,0.0000,0,950,0,0,0.000000
113,12,79000000,12.079000000,0.0,0.0,0.0,0.0,0.0,0.0,1.0,950,950,0,950,0,0,0.0000,1.0000,0.0000,0.0028,0.0000,114,True,100.00,True,0.0,0.0,0.0,0.00,8.0000,0.00,0.0000,0.0000,1.0000,0.0000,0,950,0,0,0.000000
114,12,112000000,12.112000000,0.0,0.0,0.0,0.0,0.0,0.0,1.0,950,950,0,950,0,0,0.0000,1.0000,0.0000,0.0036,0.0000,115,True,100.00,True,0.0,0.0,0.0,0.00,6.0000,0.00,0.0000,0.0000,1.0000,0.0000,0,950,0,0,0.000000
115,12,145000000,12.145000000,0.0,0.0,0.0,0.0,0.0,0.0,1.0,950,950,0,950,0,0,0.0000,1.0000,0.0000,0.0000,0.0000,116,True,100.00,True,0.0,0.0,0.0,0.00,4.0000,0.00,0.0000,0.0000,1.0000,0.0000,0,950,0,0,0.000000
116,12,178000000,12.178000000,0.0,0.0,0.0,0.0,0.0,0.0,1.0,950,950,0,950,0,0,0.0000,1.0000,0.0000,0.0000,0.0000,117,True,100.00,True,0.0,0.0,0.0,0.00,0.0000,0.00,0.0000,0.0000,1.0000,0.0000,0,950,0,0,0.000000
117,12,211000000,12.211000000,0.0,0.0,0.0,0.0,0.0,0.0,1.0,950,950,0,950,0,0,0.0000,1.0000,0.0000,0.0000,0.0000,118,True,100.00,True,0.0,0.0,0.0,0.00,7.0000,0.00,0.0000,0.0000,1.0000,0.0000,0,950,0,0,0.000000
118,12,244000000,12.244000000,0.0,0.0,0.0,0.0,0.0,0.0,1.0,950,950,0,950,0,0,0.0000,1.0000,0.0000,0.0000,0.0000,119,True,100.00,True,0.0,0.0,0.0,0.00,10.0000,0.00,0.0000,0.0000,1.0000,0.0000,0,950,0,0,0.000000
119,12,277000000,12.277000000,0.0,0.0,0.0,0.0,0.0,0.0,1.0,950,950,0,950,0,0,0.0000,1.0000,0.0000,0.0020,0.0000,120,True,100.00,True,0.0,0.0,0.0,0.00,9.0000,0.00,0.0000,0.0000,1.0000,0.0000,0,950,0,0,0.000000
120,12,310000000,12.310000000,0.0,0.0,0.0,0.0,0.0,0.0,1.0,950,950,0,950,0,0,0.0000,1.0000,0.0000,0.0013,0.0000,121,True,100.00,True,0.0,0.0,0.0,0.00,7.0000,0.00,0.0000,0.0000,1.0000,0.0000,0,950,0,0,0.000000
121,12,343000000,12.343000000,0.0,0.0,0.0,0.0,0.0,0.0,1.0,950,950,0,950,0,0,0.0000,1.0000,0.0000,0.0000,0.0000,122,True,100.00,True,0.0,0.0,0.0,0.00,7.0000,0.00,0.0000,0.0000,1.0000,0.0000,0,950,0,0,0.000000
122,12,376000000,12.376000000,0.0,0.0,0.0,0.0,0.0,0.0,1.0,950,950,0,950,0,0,0.0000,1.0000,0.0000,0.0000,0.0000,123,True,100.00,True,0.0,0.0,0.0,0.00,2.0000,0.00,0.0000,0.0000,1.0000,0.0000,0,950,0,0,0.000000
123,12,409000000,12.409000000,0.0,0.0,0.0,0.0,0.0,0.0,1.0,950,950,0,950,0,0,0.0000,1.0000,0.0000,0.0000,0.0000,124,True,100.00,True,0.0,0.0,0.0,0.00,5.0000,0.00,0.0000,0.0000,1.0000,0.0000,0,950,0,0,0.000000
124,12,442000000,12.442000000,0.0,0.0,0.0,0.0,0.0,0.0,1.0,950,950,0,950,0,0,0.0000,1.0000,0.0000,0.0014,0.0000,125,True,100.00,True,0.0,0.0,0.0,0.00,1.0000,0.00,0.0000,0.0000,1.0000,0.0000,0,950,0,0,0.000000
125,12,475000000,12.475000000,0.0,0.0,0.0,0.0,0.0,0.0,1.0,950,950,0,950,0,0,0.0000,1.0000,0.0000,0.0015,0.0000,126,True,100.00,True,0.0,0.0,0.0,0.00,3.0000,0.00,0.0000,0.0000,1.0000,0.0000,0,950,0,0,0.000000
126,12,508000000,12.508000000,0.0,0.0,0.0,0.0,0.0,0.0,1.0,950,950,0,950,0,0,0.0000,1.0000,0.0000,0.0000,0.0000,127,True,100.00,True,0.0,0.0,0.0,0.00,1.0000,0.00,0.0000,0.0000,1.0000,0.0000,0,950,0,0,0.000000
127,12,541000000,12.541000000,0.0,0.0,0.0,0.0,0.0,0.0,1.0,950,950,0,950,0,0,0.0000,1.0000,0.0000,0.0000,0.0000,128,True,100.00,True,0.0,0.0,0.0,0.00,0.0000,0.00,0.0000,0.0000,1.0000,0.0000,0,950,0,0,0.000000
128,12,574000000,12.574000000,0.0,0.0,0.0,0.0,0.0,0.0,1.0,950,950,0,950,0,0,0.0000,1.0000,0.0000,0.0000,0.0000,129,True,100.00,True,0.0,0.0,0.0,0.00,0.0000,0.00,0.0000,0.0000,1.0000,0.0000,0,950,0,0,0.000000
129,12,607000000,12.607000000,0.0,0.0,0.0,0.0,0.0,0.0,1.0,950,950,0,950,0,0,0.0000,1.0000,0.0000,0.0026,0.0000,130,True,100.00,True,0.0,0.0,0.0,0.00,0.0000,0.00,0.0000,0.0000,1.0000,0.0000,0,950,0,0,0.000000
130,12,640000000,12.640000000,0.0,0.0,0.0,0.0,0.0,0.0,1.0,950,950,0,950,0,0,0.0000,1.0000,0.0000,0.0000,0.0000,131,True,100.00,True,0.0,0.0,0.0,0.00,2.0000,0.00,0.0000,0.0000,1.0000,0.0000,0,950,0,0,0.000000
131,12,673000000,12.673000000,0.0,0.0,0.0,0.0,0.0,0.0,1.0,950,950,0,950,0,0,0.0000,1.0000,0.0000,0.0000,0.0000,132,True,100.00,True,0.0,0.0,0.0,0.00,1.0000,0.00,0.0000,0.0000,1.0000,0.0000,0,950,0,0,0.000000
132,12,706000000,12.706000000,0.0,0.0,0.0,0.0,0.0,0.0,1.0,950,950,0,950,0,0,0.0000,1.0000,0.0000,0.0000,0.0000,133,True,100.00,True,0.0,0.0,0.0,0.00,4.0000,0.00,0.0000,0.0000,1.0000,0.0000,0,950,0,0,0.000000
133,12,739000000,12.739000000,0.0,0.0,0.0,0.0,0.0,0.0,1.0,950,950,0,950,0,0,0.0000,1.0000,0.0000,0.0013,0.0000,134,True,100.00,True,0.0,0.0,0.0,0.00,1.0000,0.00,0.0000,0.0000,1.0000,0.0000,0,950,0,0,0.000000
134,12,772000000,12.772000000,0.0,0.0,0.0,0.0,0.0,0.0,1.0,950,950,0,950,0,0,0.0000,1.0000,0.0000,0.0000,0.0000,135,True,100.00,True,0.0,0.0,0.0,0.00,6.0000,0.00,0.0000,0.0000,1.0000,0.0000,0,950,0,0,0.000000
135,12,805000000,12.805000000,0.0,0.0,0.0,0.0,0.0,0.0,1.0,950,950,0,950,0,0,0.0000,1.0000,0.0000,0.0000,0.0000,136,True,100.00,True,0.0,0.0,0.0,0.00,6.0000,0.00,0.0000,0.0000,1.0000,0.0000,0,950,0,0,0.000000
136,12,838000000,12.838000000,0.0,0.0,0.0,0.0,0.0,0.0,1.0,950,950,0,950,0,0,0.0000,1.0000,0.0000,0.0000,0.0000,137,True,100.00,True,0.0,0.0,0.0,0.00,0.0000,0.00,0.0000,0.0000,1.0000,0.0000,0,950,0,0,0.000000
137,12,871000000,12.871000000,0.0,0.0,0.0,0.0,0.0,0.0,1.0,950,950,0,950,0,0,0.0000,1.0000,0.0000,0.0010,0.0000,138,True,100.00,True,0.0,0.0,0.0,0.00,8.0000,0.00,0.0000,0.0000,1.0000,0.0000,0,950,0,0,0.000000
138,12,904000000,12.904000000,0.0,0.0,0.0,0.0,0.0,0.0,1.0,950,950,0,950,0,0,0.0000,1.0000,0.0000,0.0000,0.0000,139,True,100.00,True,0.0,0.0,0.0,0.00,4.0000,0.00,0.0000,0.0000,1.0000,0.0000,0,950,0,0,0.000000
139,12,937000000,12.937000000,0.0,0.0,0.0,0.0,0.0,0.0,1.0,950,950,0,950,0,0,0.0000,1.0000,0.0000,0.0000,0.0000,140,True,100.00,True,0.0,0.0,0.0,0.00,2.0000,0.00,0.0000,0.0000,1.0000,0.0000,0,950,0,0,0.000000
140,12,970000000,12.970000000,0.0,0.0,0.0,0.0,0.0,0.0,1.0,950,950,0,950,0,0,0.0000,1.0000,0.0000,0.0024,0.0000,141,True,100.00,True,0.0,0.0,0.0,0.00,0.0000,0.00,0.0000,0.0000,1.0000,0.0000,0,950,0,0,0.000000
141,13,3000000,13.003000000,0.0,0.0,0.0,0.0,0.0,0.0,1.0,950,950,0,950,0,0,0.0000,1.0000,0.0000,0.0000,0.0000,142,True,100.00,True,0.0,0.0,0.0,0.00,6.0000,0.00,0.0000,0.0000,1.0000,0.0000,0,950,0,0,0.000000
142,13,36000000,13.036000000,0.0,0.0,0.0,0.0,0.0,0.0,1.0,950,950,0,950,0,0,0.0000,1.0000,0.0000,0.0000,0.0000,143,True,100.00,True,0.0,0.0,0.0,0.00,3.0000,0.00,0.0000,0.0000,1.0000,0.0000,0,950,0,0,0.000000
143,13,69000000,13.069000000,0.0,0.0,0.0,0.0,0.0,0.0,1.0,950,950,0,950,0,0,0.0000,1.0000,0.0000,0.0024,0.0000,144,True,100.00,True,0.0,0.0,0.0,0.00,3.0000,0.00,0.0000,0.0000,1.0000,0.0000,0,950,0,0,0.000000
144,13,102000000,13.102000000,0.0,0.0,0.0,0.0,0.0,0.0,1.0,950,950,0,950,0,0,0.0000,1.0000,0.0000,0.0000,0.0000,145,True,100.00,True,0.0,0.0,0.0,0.00,1.0000,0.00,0.0000,0.0000,1.0000,0.0000,0,950,0,0,0.000000
145,13,135000000,13.135000000,0.0,0.0,0.0,0.0,0.0,0.0,1.0,950,950,0,950,0,0,0.0000,1.0000,0.0000,0.0000,0.0000,146,True,100.00,True,0.0,0.0,0.0,0.00,2.0000,0.00,0.0000,0.0000,1.0000,0.0000,0,950,0,0,0.000000
146,13,168000000,13.168000000,0.0,0.0,0.0,0.0,0.0,0.0,1.0,950,950,0,950,0,0,0.0000,1.0000,0.0000,0.0000,0.0000,147,True,100.00,True,0.0,0.0,0.0,0.00,5.0000,0.00,0.0000,0.0000,1.0000,0.0000,0,950,0,0,0.000000
147,13,201000000,13.201000000,0.0,0.0,0.0,0.0,0.0,0.0,1.0,950,950,0,950,0,0,0.0000,1.0000,0.0000,0.0000,0.0000,148,True,100.00,True,0.0,0.0,0.0,0.00,11.0000,0.00,0.0000,0.0000,1.0000,0.0000,0,950,0,0,0.000000
148,13,234000000,13.234000000,0.0,0.0,0.0,0.0,0.0,0.0,1.0,950,950,0,950,0,0,0.0000,1.0000,0.0000,0.0029,0.0001,149,True,100.00,True,0.0,0.0,0.0,0.00,3.0000,0.00,0.0000,0.0000,1.0000,0.0000,0,950,0,0,0.000000
149,13,267000000,13.267000000,0.0,0.0,0.0,0.0,0.0,0.0,1.0,950,950,0,950,0,0,0.0000,1.0000,0.0000,0.0000,0.0000,150,True,100.00,True,0.0,0.0,0.0,0.00,4.0000,0.00,0.0000,0.0000,1.0000,0.0000,0,950,0,0,0.000000
150,13,300000000,13.300000000,0.0,0.0,0.0,0.0,0.0,0.0,1.0,950,950,0,950,0,0,0.0000,1.0000,0.0000,0.0021,0.0000,151,True,100.00,True,0.0,0.0,0.0,0.00,7.0000,0.00,0.0000,0.0000,1.0000,0.0000,0,950,0,0,0.000000
151,13,333000000,13.333000000,0.0,0.0,0.0,0.0,0.0,0.0,1.0,950,950,0,950,0,0,0.0000,1.0000,0.0000,0.0000,0.0000,152,True,100.00,True,0.0,0.0,0.0,0.00,11.0000,0.00,0.0000,0.0000,1.0000,0.0000,0,950,0,0,0.000000
152,13,366000000,13.366000000,0.0,0.0,0.0,0.0,0.0,0.0,1.0,950,950,0,950,0,0,0.0000,1.0000,0.0000,0.0000,0.0000,153,True,100.00,True,0.0,0.0,0.0,0.00,6.0000,0.00,0.0000,0.0000,1.0000,0.0000,0,950,0,0,0.000000
153,13,399000000,13.399000000,0.0,0.0,0.0,0.0,0.0,0.0,1.0,950,950,0,950,0,0,0.0000,1.0000,0.0000,0.0000,0.0000,154,True,100.00,True,0.0,0.0,0.0,0.00,7.0000,0.00,0.0000,0.0000,1.0000,0.0000,0,950,0,0,0.000000
154,13,432000000,13.432000000,0.0,0.0,0.0,0.0,0.0,0.0,1.0,950,950,0,950,0,0,0.0000,1.0000,0.0000,0.0000,0.0000,155,True,100.00,True,0.0,0.0,0.0,0.00,1.0000,0.00,0.0000,0.0000,1.0000,0.0000,0,950,0,0,0.000000
155,13,465000000,13.465000000,0.0,0.0,0.0,0.0,0.0,0.0,1.0,950,950,0,950,0,0,0.0000,1.0000,0.0000,0.0000,0.0000,156,True,100.00,True,0.0,0.0,0.0,0.00,8.0000,0.00,0.0000,0.0000,1.0000,0.0000,0,950,0,0,0.000000
156,13,498000000,13.498000000,0.0,0.0,0.0,0.0,0.0,0.0,1.0,950,950,0,950,0,0,0.0000,1.0000,0.0000,0.0000,0.0000,157,True,100.00,True,0.0,0.0,0.0,0.00,4.0000,0.00,0.0000,0.0000,1.0000,0.0000,0,950,0,0,0.000000
157,13,531000000,13.531000000,0.0,0.0,0.0,0.0,0.0,0.0,1.0,950,950,0,950,0,0,0.0000,1.0000,0.0000,0.0000,0.0000,158,True,100.00,True,0.0,0.0,0.0,0.00,6.0000,0.00,0.0000,0.0000,1.0000,0.0000,0,950,0,0,0.000000
158,13,564000000,13.564000000,0.0,0.0,0.0,0.0,0.0,0.0,1.0,950,950,0,950,0,0,0.0000,1.0000,0.0000,0.0000,0.0000,159,True,100.00,True,0.0,0.0,0.0,0.00,5.0000,0.00,0.0000,0.0000,1.0000,0.0000,0,950,0,0,0.000000
159,13,597000000,13.597000000,0.0,0.0,0.0,0.0,0.0,0.0,1.0,950,950,0,950,0,0,0.0000,1.0000,0.0000,0.0000,0.0000,160,True,100.00,True,0.0,0.0,0.0,0.00,5.0000,0.00,0.0000,0.0000,1.0000,0.0000,0,950,0,0,0.000000
160,13,630000000,13.630000000,0.0,0.0,0.0,0.0,0.0,0.0,1.0,950,950,0,950,0,0,0.0000,1.0000,0.0000,0.0000,0.0000,161,True,100.00,True,0.0,0.0,0.0,0.00,2.0000,0.00,0.0000,0.0000,1.0000,0.0000,0,950,0,0,0.000000
161,13,663000000,13.663000000,0.0,0.0,0.0,0.0,0.0,0.0,1.0,950,950,0,950,0,0,0.0000,1.0000,0.0000,0.0000,0.0000,162,True,100.00,True,0.0,0.0,0.0,0.00,1.0000,0.00,0.0000,0.0000,1.0000,0.0000,0,950,0,0,0.000000
162,13,696000000,13.696000000,0.0,0.0,0.0,0.0,0.0,0.0,1.0,950,950,0,950,0,0,0.0000,1.0000,0.0000,0.0023,0.0000,163,True,100.00,True,0.0,0.0,0.0,0.00,4.0000,0.00,0.0000,0.0000,1.0000,0.0000,0,950,0,0,0.000000
163,13,729000000,13.729000000,0.0,0.0,0.0,0.0,0.0,0.0,1.0,950,950,0,950,0,0,0.0000,1.0000,0.0000,0.0000,0.0000,164,True,100.00,True,0.0,0.0,0.0,0.00,2.0000,0.00,0.0000,0.0000,1.0000,0.0000,0,950,0,0,0.000000
164,13,762000000,13.762000000,0.0,0.0,0.0,0.0,0.0,0.0,1.0,950,950,0,950,0,0,0.0000,1.0000,0.0000,0.0000,0.0000,165,True,100.00,True,0.0,0.0,0.0,0.00,8.0000,0.00,0.0000,0.0000,1.0000,0.0000,0,950,0,0,0.000000
165,13,795000000,13.795000000,0.0,0.0,0.0,0.0,0.0,0.0,1.0,950,950,0,950,0,0,0.0000,1.0000,0.0000,0.0000,0.0000,166,True,100.00,True,0.0,0.0,0.0,0.00,6.0000,0.00,0.0000,0.0000,1.0000,0.0000,0,950,0,0,0.000000
166,13,828000000,13.828000000,0.0,0.0,0.0,0.0,0.0,0.0,1.0,950,950,0,950,0,0,0.0000,1.0000,0.0000,0.0000,0.0000,167,True,100.00,True,0.0,0.0,0.0,0.00,6.0000,0.00,0.0000,0.0000,1.0000,0.0000,0,950,0,0,0.000000
167,13,861000000,13.861000000,0.0,0.0,0.0,0.0,0.0,0.0,1.0,950,950,0,950,0,0,0.0000,1.0000,0.0000,0.0003,0.0000,168,True,100.00,True,0.0,0.0,0.0,0.00,1.0000,0.00,0.0000,0.0000,1.0000,0.0000,0,950,0,0,0.000000
168,13,894000000,13.894000000,0.0,0.0,0.0,0.0,0.0,0.0,1.0,950,950,0,950,0,0,0.0000,1.0000,0.0000,0.0000,0.0000,169,True,100.00,True,0.0,0.0,0.0,0.00,34.0000,0.00,0.0000,0.0000,1.0000,0.0000,0,950,0,0,0.000000
169,13,927000000,13.927000000,0.0,0.0,0.0,0.0,0.0,0.0,1.0,950,950,0,950,0,0,0.0000,1.0000,0.0000,0.0000,0.0000,170,True,100.00,True,0.0,0.0,0.0,0.00,67.0000,0.00,0.0000,0.0000,1.0000,0.0000,0,950,0,0,0.000000
170,13,960000000,13.960000000,0.0,0.0,0.0,0.0,0.0,0.0,1.0,950,950,0,950,0,0,0.0000,1.0000,0.0000,0.0000,0.0000,171,True,100.00,True,0.0,0.0,0.0,0.00,72.0000,0.00,0.0000,0.0000,1.0000,0.0000,0,950,0,0,0.000000
171,13,993000000,13.993000000,0.0,0.0,0.0,0.0,0.0,0.0,1.0,950,950,0,950,0,0,0.0000,1.0000,0.0000,0.0029,0.0001,172,True,100.00,True,0.0,0.0,0.0,0.00,39.0000,0.00,0.0000,0.0000,1.0000,0.0000,0,950,0,0,0.000000
172,14,26000000,14.026000000,0.0,0.0,0.0,0.0,0.0,0.0,1.0,950,950,0,950,0,0,0.0000,1.0000,0.0000,0.0000,0.0000,173,True,100.00,True,0.0,0.0,0.0,0.00,6.0000,0.00,0.0000,0.0000,1.0000,0.0000,0,950,0,0,0.000000
173,14,59000000,14.059000000,0.0,0.0,0.0,0.0,0.0,0.0,1.0,950,950,0,950,0,0,0.0000,1.0000,0.0000,0.0000,0.0000,174,True,100.00,True,0.0,0.0,0.0,0.00,3.0000,0.00,0.0000,0.0000,1.0000,0.0000,0,950,0,0,0.000000
174,14,92000000,14.092000000,0.0,0.0,0.0,0.0,0.0,0.0,1.0,950,950,0,950,0,0,0.0000,1.0000,0.0000,0.0000,0.0000,175,True,100.00,True,0.0,0.0,0.0,0.00,1.0000,0.00,0.0000,0.0000,1.0000,0.0000,0,950,0,0,0.000000
175,14,125000000,14.125000000,-0.8104828512199727,0.5653075846463627,-0.15344341830016428,0.00016409267853134026,-1.0406279496101171e-05,-4.6559740753875874e-05,0.9999999853987462,950,950,82,950,82,0,0.0863,1.0000,0.1053,5.0913,1.0162,0,True,98.36,True,-0.8104828512199727,0.5653075846463627,-0.15344341830016428,0.02,1.0000,0.00,0.0044,0.0044,1.0000,0.0851,0,950,0,0,0.000011
176,14,158000000,14.158000000,-0.8104828512199727,0.5653075846463627,-0.15344341830016428,0.00016409267853134026,-1.0406279496101171e-05,-4.6559740753875874e-05,0.9999999853987462,1061,0,0,0,0,0,0.0000,0.0000,0.0000,0.0000,0.0000,1,True,98.36,True,0.0,0.0,0.0,0.00,0.0000,0.00,0.0341,0.0375,1.0000,0.0453,0,1061,0,0,0.000022
177,14,191000000,14.191000000,-0.6350777566556828,-0.41282151248280985,-0.04165557392447783,0.0011665598602447066,-0.0013936320116767237,-0.0025137441747074022,0.9999951889974935,1061,1061,1047,1050,1047,0,0.9868,1.0000,1.5969,53.7807,4.4108,0,True,96.72,True,0.17549850486227672,-0.9780760199397815,0.11210519171680482,0.34,1.0000,0.11,0.0907,0.1257,1.0000,0.2579,0,1061,0,0,0.000388
178,14,224000000,14.224000000,-0.8647812927033789,-1.3011305198462009,-0.43932804338175835,0.005005791362151192,-0.0031160636232563286,-0.0011824401805023209,0.9999819168542768,1047,1047,1024,1041,1024,0,0.9780,1.0000,4.5730,23.6188,2.8285,0,True,95.08,True,-0.2263369913242166,-0.8903800420514145,-0.39496195649052424,0.51,2.0000,0.48,0.2958,0.4144,1.0000,0.4489,0,1047,0,0,0.001429
179,14,257000000,14.257000000,-1.4836011695106572,-0.5156015028411985,-0.44180261635088913,0.012456520651641077,-0.005855492138334888,0.00347350782188145,0.9998992364475954,1022,1020,851,1016,851,0,0.8343,0.9980,8.9267,17.5939,3.0256,0,True,93.44,True,-0.6207036758522527,0.7840185573840608,-0.006469038639385839,1.05,8.0000,1.03,0.5841,0.9901,1.0000,0.4918,0,1020,0,0,0.003323
180,14,290000000,14.290000000,-0.8678765502648347,-0.7037007017392118,-1.2069835652959817,0.021046377132060704,-0.007588785964309905,0.008882310423983207,0.9997102404690745,838,825,651,800,651,0,0.7891,0.9845,10.8864,169.4282,2.8071,0,True,91.80,True,0.6053620476623104,-0.2114330630293757,-0.7673544494613364,1.18,5.0000,1.32,0.7061,1.6885,1.0000,0.4739,0,825,0,0,0.005066
181,14,323000000,14.323000000,-1.418675005280899,-0.4439025419838283,-2.0001581855024235,0.02970413543132385,-0.00996555985240686,0.013296966573364169,0.9994206034673552,651,608,283,598,283,0,0.4655,0.9339,8.8187,54.4542,2.6058,0,True,90.16,True,-0.5584487424566509,0.23621454361868163,-0.7951966369594399,1.15,11.0000,1.12,0.5802,2.2636,1.0000,0.3540,0,608,0,0,0.005470
182,14,356000000,14.356000000,-0.42907478596660076,-0.5870677554302561,-1.9861893776817414,0.036943421571973466,-0.01262316031747135,0.018238655129794144,0.9990711640745173,283,257,238,257,238,0,0.9261,0.9081,8.2675,18.0003,2.8700,0,True,88.52,True,0.9856226453374403,-0.16892426168748137,0.0035489169285676434,1.05,9.0000,1.16,0.5904,2.8489,1.0000,0.3399,0,257,0,0,0.007523
183,14,389000000,14.389000000,0.3205288065065589,-1.2452763507099616,-2.0558736603518666,0.042955732714622163,-0.014589916108597306,0.022271891949483102,0.998722134631993,238,218,69,216,69,0,0.3165,0.9160,7.5133,54.9995,2.4778,0,True,86.89,True,0.7236409729793867,-0.6891031753658153,-0.03847799275165947,0.86,8.0000,1.03,0.5155,3.3596,1.0000,0.2868,0,218,0,0,0.009446
184,14,422000000,14.422000000,0.3205288065065589,-1.2452763507099616,-2.0558736603518666,0.042955732714622163,-0.014589916108597306,0.022271891949483102,0.998722134631993,1231,0,0,0,0,0,0.0000,0.0000,0.0000,0.0000,0.0000,1,True,86.89,True,0.0,0.0,0.0,0.00,0.0000,0.69,0.3381,3.6940,1.0000,0.1863,0,1231,0,0,0.008844
185,14,455000000,14.455000000,0.15846727276180517,-1.4477438408685934,-1.090087465219029,0.04459826216190404,-0.013003467998767913,0.02504036199262026,0.9986064715909976,1231,1229,608,1169,608,0,0.4947,0.9984,6.5424,14.8563,4.5427,0,True,85.25,True,-0.14059171159912373,-0.11186827426952167,0.9837273300267649,0.41,0.0000,0.68,0.3278,4.0168,1.0000,0.1844,0,1229,0,0,0.013302
186,14,488000000,14.488000000,0.22809811996144302,-1.815447544080611,-0.1627549834400126,0.04408631369881048,-0.01238020510431034,0.02586276002016339,0.9986161650555055,608,608,592,592,592,0,0.9737,1.0000,7.8039,16.0808,1.9330,0,True,83.61,True,0.0777119379632297,-0.28734725689180535,0.9546687428918754,0.13,5.0000,0.44,0.2042,4.2164,1.0000,0.1234,0,608,0,0,0.014206
187,14,521000000,14.521000000,0.191671551984314,-2.077217917003291,0.801687537919,0.03907162397668921,-0.008468853685007643,0.027754642346414598,0.9988149811378025,592,592,517,591,517,0,0.8733,1.0000,8.9615,17.1661,2.0627,0,True,81.97,True,-0.02355614645249975,-0.1741791407218763,0.9844321890824665,0.76,4.0000,0.32,0.1478,4.3561,1.0000,0.1100,0,592,0,0,0.021541
188,14,554000000,14.554000000,-0.11115355549797076,-1.855312057872199,1.7285395994485815,0.04568035865036551,-0.0019428674524251503,0.027368243066669823,0.9985792454137428,517,517,226,456,226,0,0.4371,1.0000,10.6499,19.9853,2.0669,0,True,80.33,True,-0.27246840226166263,0.30978224247894703,0.9109313541720319,1.07,5.0000,0.08,0.0355,4.3790,1.0000,0.0459,0,517,0,0,0.016316
189,14,587000000,14.587000000,0.10817187788675642,-1.7178075110206923,2.694453081011896,0.04853680072005894,-0.002291170334866282,0.027998328922348048,0.9984262732379962,226,226,224,224,224,0,0.9912,1.0000,13.8416,22.8478,1.6204,0,True,78.69,True,0.2326497383184067,0.2127161723607623,0.9490131344067706,0.34,6.0000,0.04,0.0477,4.3410,1.0000,0.0330,0,226,0,0,0.022824
190,14,620000000,14.620000000,-0.06282971324956468,-1.290210900762795,1.80680473018551,0.03752579448659323,0.016148409374292683,0.03304662018847401,0.9986185280260671,224,224,192,220,192,0,0.8571,1.0000,15.7510,25.9359,1.6166,0,True,77.05,True,-0.15339414442411814,0.3485922826446135,-0.9246370406473077,2.53,1.0000,0.22,0.1307,4.2136,1.0000,0.0101,0,224,0,0,0.030785
191,14,653000000,14.653000000,0.20957626985510489,-1.1713552356446553,2.761617963879987,0.03784917453955642,0.006375231047942197,0.034330433685129134,0.9986732287083451,192,192,191,191,191,0,0.9948,1.0000,16.6753,26.0151,1.6616,0,True,75.41,True,0.25123098686018414,0.17319247487457107,0.9523063361587379,1.13,4.0000,0.25,0.1431,4.0717,1.0000,0.0100,0,192,0,0,0.025276
192,14,686000000,14.686000000,-0.3400830274333315,-1.2940200565894702,3.5879520359156016,0.03080800666087954,0.019289018400706553,0.03346187017475795,0.9987788062124306,191,191,129,191,129,0,0.6754,1.0000,18.5882,28.9774,1.6054,0,True,73.77,True,-0.5651640001696023,-0.021768639133726966,0.8246913236251243,1.69,1.0000,0.40,0.2181,3.8544,1.0000,0.0273,0,191,0,0,0.034141
193,14,719000000,14.719000000,-0.02638241826175486,-1.0588261980114426,4.5078845207711815,0.034918673610315545,0.015409813400482458,0.03376664444525588,0.9987006746804401,129,129,129,129,129,0,1.0000,1.0000,22.2215,31.8485,1.3101,0,True,72.13,True,0.2952158919412645,0.271426049540728,0.916065214259355,0.65,2.0000,0.41,0.2224,3.6324,1.0000,0.0357,0,129,0,0,0.032702
194,14,752000000,14.752000000,0.27785148057638914,-1.0413397660722108,5.460321374056363,0.03122246407113018,-0.012322137765297277,0.03281988392369776,0.9988974811648366,129,129,129,129,129,0,1.0000,1.0000,24.0426,34.3733,1.2438,0,True,70.49,True,0.27752424688395266,0.06463251942703982,0.9585420855778884,3.21,3.0000,0.47,0.2509,3.3819,1.0000,0.0465,0,129,0,0,0.035967
195,14,785000000,14.785000000,0.5873592942878227,-0.9847919320816001,6.409535394034229,0.029261319280331398,-0.0598175322937221,0.03391593588658535,0.9972037641912515,129,129,125,125,125,0,0.9690,1.0000,25.4622,36.5065,1.1554,0,True,68.85,True,0.33772349301490556,0.09422449414133222,0.9365172646404449,5.45,7.0000,0.48,0.2534,3.1288,1.0000,0.0529,0,129,0,0,0.036012
196,14,818000000,14.818000000,0.7825948577510187,-1.150711882411578,7.376155094248179,0.014235046756214181,-0.08247107851312817,0.02883921854654304,0.9960743868438514,125,123,123,123,123,0,1.0000,0.9840,26.5712,37.5488,1.0455,0,True,67.21,True,0.2999837356362648,-0.1266548669732293,0.9454989703990718,3.17,5.0000,0.51,0.2738,2.8555,1.0000,0.0640,0,123,0,0,0.039209
197,14,851000000,14.851000000,0.985129550015029,-1.0160513030746157,8.346127375708921,0.012033556017204013,-0.10148905303744062,0.030115661333313233,0.9943079063276132,123,121,119,119,119,0,0.9835,0.9837,28.2175,145.6402,1.0835,0,True,65.57,True,0.36702073393652096,0.14516326929437917,0.9188163070540625,2.21,6.0000,0.53,0.2825,2.5737,1.0000,0.0755,0,121,0,0,0.041394
198,14,884000000,14.884000000,0.7902804516355725,-0.823681895440118,9.307911051941298,0.013182306668391541,-0.09706665167455059,0.02752799764575885,0.9948097814503067,119,114,102,103,102,0,0.8947,0.9580,29.0183,102.2362,1.6535,0,True,63.93,True,0.015375992371035476,0.22124628784879416,0.9750967433910004,0.60,8.0000,0.43,0.2296,2.3447,1.0000,0.0700,0,114,0,0,0.034709
199,14,917000000,14.917000000,0.8905518162838767,-0.770703526404947,10.30145971499004,0.007688210972929175,-0.10676302116247527,0.026356619556462606,0.9939053663854787,102,99,97,97,97,0,0.9798,0.9706,26.3711,33.4535,1.0208,0,True,62.30,True,0.2935968274937137,0.06788011616053657,0.9535162257222781,1.29,9.0000,0.50,0.2657,2.0798,1.0000,0.0936,0,99,0,0,0.041822
200,14,950000000,14.950000000,0.8905518162838767,-0.770703526404947,10.30145971499004,0.007688210972929175,-0.10676302116247527,0.026356619556462606,0.9939053663854787,2000,0,0,0,0,0,0.0000,0.0000,0.0000,0.0000,0.0000,1,True,62.30,True,0.0,0.0,0.0,0.00,7.0000,0.32,0.1693,1.9112,1.0000,0.0680,0,2000,0,0,0.027747
201,14,983000000,14.983000000,0.828778784990723,-0.6293219542174208,11.28948569827724,0.006337865300717266,-0.1074692597622905,0.024580394593297257,0.9938842960180089,2000,1934,1865,1865,1865,0,0.9643,0.9670,11.3599,140.5642,4.4751,0,True,60.66,True,0.15698009081331465,0.15404552641787267,0.9755138271079934,0.27,12.0000,0.40,0.2157,1.6966,1.0000,0.0981,0,1934,0,0,0.036828
202,15,16000000,15.016000000,0.6049684266718627,-0.6737265075861113,12.263106342650246,-0.0008153272115751362,-0.10392959157574767,0.021785615429899815,0.9943456955188054,1863,1858,1562,1816,1562,0,0.8407,0.9973,11.8242,28.4554,3.1424,0,True,59.02,True,-0.012187060674600255,-0.025985064687650467,0.9995880411275897,0.97,11.0000,0.54,0.2871,1.4118,1.0000,0.1578,0,1858,0,0,0.035847
203,15,49000000,15.049000000,0.5420608880182202,-0.5358825744235047,13.251560535656076,-0.0030839947993706665,-0.10458277208232845,0.02081798796986514,0.994293489939736,1552,1542,1526,1526,1526,0,0.9896,0.9936,11.9955,25.4902,2.1733,0,True,57.38,True,0.14876901669808493,0.13434893404341253,0.9797030895082876,0.29,5.0000,0.26,0.1406,1.2727,1.0000,0.0899,0,1542,0,0,0.040987
204,15,82000000,15.082000000,0.3214711151094722,-0.3026116361262585,14.198621685442081,-0.00420761756272146,-0.10043358522249661,0.018622073874833625,0.9947605788723242,1521,1517,1364,1511,1364,0,0.8991,0.9974,12.3531,37.0566,1.9342,0,True,55.74,True,-0.008925094652224325,0.23212205392905783,0.9726457190391599,0.56,9.0000,0.42,0.2243,1.0519,1.0000,0.1701,0,1517,0,0,0.050449
205,15,115000000,15.115000000,0.16884436740468803,-0.31256067377605806,15.186855510270448,-0.009577786078625484,-0.09813575018028999,0.017352156999569816,0.9949756495502018,1361,1350,1345,1345,1345,0,0.9963,0.9919,12.4333,25.3345,1.4987,0,True,54.10,True,0.0474899831977311,-0.016385310057727538,0.9987373143675926,0.69,4.0000,0.23,0.1207,0.9339,1.0000,0.1096,0,1350,0,0,0.022083
206,15,148000000,15.148000000,0.07823574318936022,0.013976104258073385,16.1276869562845,-0.008895812698289832,-0.09530760985997573,0.01594293849048387,0.9952804362246374,1343,1336,1326,1326,1326,0,0.9925,0.9948,12.1943,21.3491,1.4280,0,True,52.46,True,0.10649819957678991,0.3081027744794597,0.9453733727183992,0.37,4.0000,0.28,0.1533,0.7854,1.0000,0.1561,0,1336,0,0,0.043121
207,15,181000000,15.181000000,-0.3392259339945212,0.0500585349163782,17.035664822909347,-0.012710401953145862,-0.09023185685156898,0.01421113399667352,0.9957382695075226,1326,1317,1298,1312,1298,0,0.9856,0.9932,11.8857,26.6014,1.3497,0,True,50.82,True,-0.23645910813983964,0.02976133098737993,0.9711855401289556,0.76,4.0000,0.30,0.1644,0.6299,1.0000,0.2058,0,1317,0,0,0.044860
208,15,214000000,15.214000000,-0.32681834167343377,0.05968411919332693,18.03554151519701,-0.017076893639374056,-0.09147438191342991,0.013233424343876019,0.9955730478660622,1295,1284,1281,1281,1281,0,0.9977,0.9915,11.2720,44.5217,1.2547,0,True,49.18,True,0.1918062889678261,-0.018577726468321714,0.9812569569647182,0.53,1.0000,0.20,0.1069,0.5326,1.0000,0.1624,0,1284,0,0,0.032706
209,15,247000000,15.247000000,-0.6634871149587195,0.14875650607682267,18.972942308342322,-0.019636338670855732,-0.08781861050352231,0.012068532938229442,0.9958697989022224,1278,1269,1257,1257,1257,0,0.9905,0.9930,10.9335,116.9712,1.2794,0,True,47.54,True,-0.1579779215282594,0.06266499587927732,0.9854522183246944,0.53,3.0000,0.18,0.1014,0.4460,1.0000,0.1868,0,1269,0,0,0.035064
210,15,280000000,15.280000000,-0.5973433691843365,0.2571561168993489,19.964846804384386,-0.021973009920224353,-0.09131729291732824,0.011797812481821776,0.9955094929079986,1249,1239,1230,1230,1230,0,0.9927,0.9920,10.3291,40.6937,1.2076,0,True,45.90,True,0.24110943930410025,0.06602626074377262,0.9682493331630329,0.48,2.0000,0.14,0.0808,0.3830,1.0000,0.1815,0,1239,0,0,0.031903
211,15,313000000,15.313000000,-0.7722125290972269,0.21273339167527916,20.94843584376772,-0.025462024716550614,-0.08934699523601279,0.010879189295398599,0.9956156100523458,1224,1213,1205,1205,1205,0,0.9934,0.9910,9.8035,26.5632,1.0942,0,True,44.26,True,0.005194944949667571,-0.08611165020332189,0.9962719489407653,0.47,1.0000,0.11,0.0667,0.3386,1.0000,0.1846,0,1213,0,0,0.030808
212,15,346000000,15.346000000,-0.8125945792733686,-0.12096136242510686,21.890251696845937,-0.0310939717846309,-0.08338502925487043,0.011690404355543419,0.9959635717539195,1202,1182,677,1152,677,0,0.5728,0.9834,9.1814,24.0469,1.0708,0,True,42.62,True,0.11856231125931861,-0.38207375483538175,0.9164947486018896,0.95,1.0000,0.02,0.0271,0.3236,1.0000,0.0900,0,1182,0,0,0.014555
213,15,379000000,15.379000000,-0.9930750653423762,0.11857085132367229,22.844217688233943,-0.0313346565561854,-0.08212337500421525,0.011097979041691112,0.9960676309556561,674,671,665,665,665,0,0.9911,0.9955,9.1538,24.9080,1.0932,0,True,40.98,True,-0.013344153495317966,0.18132484084545378,0.983332718696914,0.16,1.0000,0.11,0.0655,0.2974,1.0000,0.2826,0,671,0,0,0.044123
214,15,412000000,15.412000000,-1.255789218439164,0.48791152130553794,23.735603543663558,-0.02963121781157805,-0.08047369054389637,0.010476414930447979,0.9962611207868413,662,656,647,647,647,0,0.9863,0.9909,8.6045,26.0049,1.0709,0,True,39.34,True,-0.1038277908577048,0.31571288968530786,0.943157018280711,0.28,4.0000,0.00,0.0262,0.2934,1.0000,0.1654,0,656,0,0,0.025059
215,15,445000000,15.445000000,-1.4312691105166822,0.03731754388303954,24.610915987872502,-0.03232370506614212,-0.07616191680850853,0.01019626055851126,0.9965192305166387,646,638,634,634,634,0,0.9937,0.9876,8.1295,13.1338,0.9786,0,True,37.70,True,-0.044914313373619216,-0.50003274760747,0.8648410002851972,0.58,8.0000,0.00,0.0197,0.2956,1.0000,0.1837,0,638,0,0,0.027479
216,15,478000000,15.478000000,-1.276670197823025,-0.8486851159281609,24.173767885964903,-0.030637686038712846,-0.07085580891210873,0.006747686307545784,0.996993106930584,632,621,615,615,615,0,0.9903,0.9826,7.7404,17.9944,1.0743,0,True,36.07,True,0.0643377538379061,-0.857506425587256,-0.5104345046209758,0.75,11.0000,0.00,0.0114,0.3019,1.0000,0.1688,0,621,0,0,0.025199
217,15,511000000,15.511000000,-1.278435497251092,-0.7667768348204645,25.170406194080698,-0.031595166330553696,-0.07155887510099516,0.00687053385120717,0.9969121669552561,612,603,601,601,601,0,0.9967,0.9853,7.3370,21.8770,1.0463,0,True,34.43,True,0.14010873912529737,0.01992437524982354,0.9899356345195498,0.14,7.0000,0.00,0.0113,0.3116,1.0000,0.1751,0,603,0,0,0.016604
218,15,544000000,15.544000000,-0.9660631640316725,-0.38058098640339405,26.0383211047168,-0.02819485074476111,-0.07172355468780604,0.006698589063284485,0.9970034658911608,592,583,577,577,577,0,0.9897,0.9848,6.9267,17.9130,0.9749,0,True,32.79,True,0.4396340691113432,0.32699386365211397,0.8365386413133977,0.39,9.0000,0.00,0.0152,0.3221,1.0000,0.1548,0,583,0,0,0.033434
219,15,577000000,15.577000000,-1.010469304286706,-0.8929973031532576,25.180732850928216,-0.022752890212493604,-0.06953253913931193,0.004484076347837862,0.9973100947283774,575,573,351,569,351,0,0.6126,0.9965,6.5961,12.1248,0.9693,0,True,31.15,True,-0.1751880836523802,-0.4621038195423833,-0.8693498693337148,0.72,2.0000,0.00,0.0217,0.3350,1.0000,0.1408,0,573,0,0,0.022040
220,15,610000000,15.610000000,-0.4634765453971089,-0.2045536591185939,24.70445113732731,-0.015635702215222418,-0.06315514087574513,0.0156761592164504,0.9977580924399572,350,350,347,347,347,0,0.9914,1.0000,6.0461,22.8573,1.0443,0,True,29.51,True,0.4840585721578193,0.706453861294186,-0.5163431422833739,1.69,1.0000,0.08,0.0292,0.3526,1.0000,0.1363,0,350,0,0,0.021636
221,15,643000000,15.643000000,-0.8473294636406827,0.08151104917481006,25.582416922437925,-0.014320512731388745,-0.06181466133492968,0.015952695648650744,0.9978573956536573,346,345,344,344,344,0,0.9971,0.9971,5.8070,13.4220,0.9024,0,True,27.87,True,-0.26087146831085106,0.2679017525452948,0.9274560517914046,0.22,8.0000,0.10,0.0471,0.3839,1.0000,0.1648,0,345,0,0,0.026833
222,15,676000000,15.676000000,-0.5487563748362503,-0.6391462095659777,24.95671153963705,-0.009795492924869122,-0.059942773355495686,0.014121875167809205,0.9980538486888147,344,343,341,342,341,0,0.9942,0.9971,5.5883,8.6887,1.0199,0,True,26.23,True,0.19501602627296627,-0.709855480653059,-0.6768116030946253,0.60,9.0000,0.09,0.0446,0.4154,1.0000,0.1202,0,343,0,0,0.020570
223,15,709000000,15.709000000,0.36102510942599286,-0.31808036874924345,24.69362528618729,-0.006323277251542612,-0.05803363144201972,0.017553046966332767,0.9981402728718292,339,335,333,333,333,0,0.9940,0.9882,5.4373,22.6467,1.0931,0,True,24.59,True,0.8809021002290898,0.30188842176787634,-0.3645200551608639,0.60,4.0000,0.09,0.0460,0.4499,1.0000,0.1012,0,335,0,0,0.018260
224,15,742000000,15.742000000,0.0065392858261798525,-0.9132522423981282,23.972438596290676,-0.001489890655506973,-0.0534118525750196,0.0134860031268188,0.9984803863621972,331,323,321,321,321,0,0.9938,0.9758,5.2716,22.8025,0.9304,0,True,22.95,True,-0.45656215096853736,-0.5720233567785951,-0.6814251841565081,0.90,8.0000,0.10,0.0590,0.4969,1.0000,0.1070,0,323,0,0,0.020596
225,15,775000000,15.775000000,-0.9340226714488276,-0.6423267464704646,23.767639718892973,0.001900543436968327,-0.0517768216905999,0.013140191322863762,0.9985704201718888,320,319,162,318,162,0,0.5078,0.9969,5.0131,9.0463,0.8857,0,True,21.31,True,-0.9493497945391843,0.29691070873922737,-0.10285425924276677,0.43,7.0000,0.10,0.0573,0.5438,1.0000,0.0867,0,319,0,0,0.017895
226,15,808000000,15.808000000,-0.9686518841982479,-0.06605263797643368,22.95111723328479,0.016079306618071765,-0.03694656807791208,0.021592107624490924,0.9989545474616343,162,162,162,162,162,0,1.0000,1.0000,4.6804,8.9514,0.9546,0,True,19.67,True,-0.10389573013888073,0.5749983425475279,-0.8115310119314633,2.54,3.0000,0.09,0.0451,0.5826,1.0000,0.0595,0,162,0,0,0.013122
227,15,841000000,15.841000000,-1.3348917020190987,0.24091554241548035,23.8295470438385,0.01803662264979091,-0.036277331089500514,0.022118277494856297,0.9989341406184254,160,158,158,158,158,0,1.0000,0.9875,4.6343,10.6962,0.8873,0,True,18.03,True,-0.2865688237815732,0.3495756235486426,0.8920062738888237,0.24,11.0000,0.12,0.0671,0.6421,1.0000,0.0748,0,158,0,0,0.013379
228,15,874000000,15.874000000,-1.5946804446036702,-0.6885877583852937,23.567758153648736,0.01712362902548129,-0.031048269257363367,0.012049631125794632,0.9992985503316074,158,158,158,158,158,0,1.0000,1.0000,4.5358,7.3717,0.9029,0,True,16.39,True,-0.31789121542164095,-0.9251825838431568,-0.20732187947983657,1.30,7.0000,0.13,0.0703,0.7059,1.0000,0.0659,0,158,0,0,0.022699
229,15,907000000,15.907000000,-2.0617150698801967,-0.5309012020627764,24.437823443582747,0.018454081245456153,-0.029953604216372325,0.012636494706247255,0.9993010294607797,156,156,156,156,156,0,1.0000,1.0000,4.3494,6.4738,0.8260,0,True,14.75,True,-0.40801958125728277,0.1984176253859077,0.8911512033582456,0.21,10.0000,0.10,0.0599,0.7611,1.0000,0.0464,0,156,0,0,0.014704
230,15,940000000,15.940000000,-1.7920895021048184,-0.5872827890192275,25.39913669630221,0.018571269656292296,-0.033415009356743956,0.013454160000711491,0.9991784278454561,156,156,156,156,156,0,1.0000,1.0000,4.2767,6.9658,0.9450,0,True,13.11,True,0.32569171664894464,-0.02870496450426904,0.9450401741296887,0.41,3.0000,0.10,0.0579,0.8153,1.0000,0.0370,0,156,0,0,0.013694
231,15,973000000,15.973000000,-1.9791169302210436,0.06418801135229424,24.663877192864465,0.023262171743056607,-0.028325115115571346,0.0163465326310552,0.9991943505096633,155,154,154,154,154,0,1.0000,0.9935,4.2012,6.5819,0.9828,0,True,11.48,True,-0.21929949430092924,0.6294202915151564,-0.7454782548326492,0.86,8.0000,0.12,0.0669,0.8783,1.0000,0.0356,0,154,0,0,0.015601
232,16,6000000,16.006000000,-2.044536255017155,-0.5982918197242156,23.917659540057954,0.02719422203876035,-0.026518283653903345,0.014309190531773774,0.9991759114320576,154,151,151,151,151,0,1.0000,0.9805,3.9478,6.1095,0.9292,0,True,9.84,True,-0.12885426800294714,-0.6931838637999729,-0.7091492851189833,0.55,2.0000,0.09,0.0445,0.9201,1.0000,0.0203,0,151,0,0,0.010434
233,16,39000000,16.039000000,-1.3389706024385117,0.10835549748592044,23.864493018815867,0.03338426849032441,-0.028137845170073533,0.026229614015351958,0.998702037464206,150,148,148,148,148,0,1.0000,0.9867,3.9658,5.3940,0.8038,0,True,8.20,True,0.7206128088028185,0.6812707248933315,-0.12879199972291472,1.55,8.0000,0.12,0.0675,0.9840,1.0000,0.0265,0,148,0,0,0.016058
234,16,72000000,16.072000000,-0.5827932170642667,-0.3292022843963157,23.377934749578905,0.03624087125724851,-0.02716243629282404,0.026199253887217902,0.9986302621095091,148,148,70,148,70,0,0.4730,1.0000,3.7985,5.1160,0.8720,0,True,6.56,True,0.703639428571068,-0.508744439193475,-0.49605508781777224,0.35,7.0000,0.10,0.0549,1.0359,1.0000,0.0193,0,148,0,0,0.013282
235,16,105000000,16.105000000,-0.5827932170642667,-0.3292022843963157,23.377934749578905,0.03624087125724851,-0.02716243629282404,0.026199253887217902,0.9986302621095091,2000,0,0,0,0,0,0.0000,0.0000,0.0000,0.0000,0.0000,1,True,6.56,True,0.0,0.0,0.0,0.00,3.0000,0.08,0.0392,1.0730,1.0000,0.0132,0,2000,0,0,0.009692
236,16,138000000,16.138000000,-1.1160143258852755,-0.15925390585927512,24.206664378432805,0.037501323171405795,-0.02619486006903537,0.02689504404602034,0.9985910758023627,2000,1892,1303,1882,1303,0,0.6887,0.9460,2.3209,20.8871,3.1098,0,True,6.56,True,-0.47661133454635424,0.25702615134848067,0.840701607768732,0.20,8.0000,0.09,0.0470,1.1172,1.0000,0.0151,0,1892,0,0,0.011918
237,16,171000000,16.171000000,-1.2608912250626279,-0.09309614943392426,25.193899829249638,0.039107279345686696,-0.026264866785668802,0.027192347581605235,0.9985195810337977,1303,1303,1302,1302,1302,0,0.9992,1.0000,2.6653,10.6499,0.8470,0,True,4.92,True,-0.08740527962564308,0.14649247278215238,0.9853427183024867,0.19,9.0000,0.09,0.0423,1.1563,1.0000,0.0131,0,1303,0,0,0.006440
238,16,204000000,16.204000000,-1.0819328748094488,-0.22745865497766082,26.168538544866184,0.039259682017207975,-0.029254339670399955,0.027559737616804008,0.9984204133734694,1302,1302,1301,1301,1301,0,0.9992,1.0000,2.6825,12.1319,0.8712,0,True,4.92,True,0.22462098227958863,-0.06911273890227644,0.9719922034878564,0.35,1.0000,0.10,0.0570,1.2088,1.0000,0.0174,0,1302,0,0,0.013121
239,16,237000000,16.237000000,-1.0769400216228069,-0.30765449417329904,27.165305166896015,0.04060101303260695,-0.030357023566477872,0.027626768753678567,0.9983319941327841,1301,1301,1301,1301,1301,0,1.0000,1.0000,2.5097,7.9019,0.9052,0,True,4.92,True,0.0611319189922744,-0.0035784535349844167,0.9981232805373391,0.20,5.0000,0.08,0.0393,1.2445,1.0000,0.0122,0,1301,0,0,0.016606
240,16,270000000,16.270000000,-1.3796719058450053,-0.3086860464904342,28.118380369687006,0.04150851126177222,-0.0296618300198339,0.027955377594967006,0.9983064239982774,1296,1296,1280,1296,1280,0,0.9877,1.0000,2.4703,4.2425,0.9112,0,True,4.92,True,-0.24185955120197242,0.09208270310863227,0.9659320541738886,0.14,0.0000,0.09,0.0471,1.2865,1.0000,0.0158,0,1296,0,0,0.012627
241,16,303000000,16.303000000,-1.1280304572883522,-0.49082802730435343,29.06890700276653,0.041448653106253584,-0.03335478250878036,0.027987552734090693,0.9981914468334347,1278,1276,1276,1276,1276,0,1.0000,0.9984,2.3310,5.2426,0.8699,0,True,4.92,True,0.2995865712784327,-0.11869505013673277,0.9466569449291921,0.42,9.0000,0.04,0.0314,1.3139,1.0000,0.0119,0,1276,0,0,0.004303
242,16,336000000,16.336000000,-0.8850261512380332,-0.6402099916038311,30.02736093279292,0.04235979244321743,-0.03790382022737053,0.02756672122875992,0.9980025171696887,1272,1272,1272,1272,1272,0,1.0000,1.0000,2.3012,3.9230,0.8658,0,True,4.92,True,0.3001955163191574,-0.0853640873215236,0.9500503273919952,0.53,9.0000,0.06,0.0391,1.3479,1.0000,0.0167,0,1272,0,0,0.014825
243,16,369000000,16.369000000,-0.7794855759019562,-0.32521352128084496,30.97056738455297,0.0449605298484398,-0.03744844048805549,0.027411806480113397,0.9979101953213311,1271,1271,833,1271,833,0,0.6554,1.0000,2.2247,4.6427,0.8771,0,True,4.92,True,0.1949597781338678,0.3850185520041174,0.9020817033521108,0.30,7.0000,0.06,0.0396,1.3811,1.0000,0.0204,0,1271,0,0,0.010638
244,16,402000000,16.402000000,-1.7586359103913298,-0.2833480309996223,30.77179137193358,0.04505358140945572,-0.0358108680136949,0.028258398151690445,0.9979424930667036,832,832,717,831,717,0,0.8618,1.0000,1.9725,3.6915,0.8315,0,True,4.92,True,-0.988129671366048,0.08107019022735243,-0.13048899119284654,0.21,7.0000,0.04,0.0380,1.4116,1.0000,0.0239,0,832,0,0,0.010152
245,16,435000000,16.435000000,-1.6672092191731378,-0.4527642340824491,31.753086083152333,0.04499407594887565,-0.03679417230391848,0.028257095689913678,0.9979094440665182,717,717,717,717,717,0,1.0000,1.0000,1.7672,3.2033,0.8319,0,True,3.28,True,0.15467377577651342,-0.0876556951414852,0.9840693584276974,0.11,4.0000,0.02,0.0332,1.4368,1.0000,0.0253,0,717,0,0,0.008814
246,16,468000000,16.468000000,-1.4307193118472898,-1.2199300476570123,32.34934872512774,0.04530519586821541,-0.0369583459081518,0.02900496206397188,0.9978678429886112,716,716,494,716,494,0,0.6899,1.0000,1.7057,3.0096,0.8106,0,True,3.28,True,0.24004935360849433,-0.7246500884310884,0.6459555380743786,0.09,0.0000,0.00,0.0284,1.4578,1.0000,0.0253,0,716,0,0,0.007492
247,16,501000000,16.501000000,-1.8986124287197685,-1.6266222410517521,33.13399991579473,0.04477629297657794,-0.03646980352974469,0.029510969910225275,0.9978948540165617,493,493,478,493,478,0,0.9696,1.0000,1.7843,2.7808,0.7530,0,True,3.28,True,-0.4280702494334827,-0.30642321759019875,0.8502121342768671,0.10,4.0000,0.01,0.0330,1.4812,1.0000,0.0352,0,493,0,0,0.008809
248,16,534000000,16.534000000,-1.2502157408020929,-2.38395880940705,33.21160827442452,0.04448176115804227,-0.03544483288545192,0.030253146069738838,0.9979227344333248,478,478,44,478,44,0,0.0921,1.0000,1.7892,2.8024,0.7416,0,True,3.28,True,0.6092644875098613,-0.7865190137249478,0.10091890461395887,0.15,9.0000,0.03,0.0437,1.5116,1.0000,0.0575,0,478,0,0,0.012026
249,16,567000000,16.567000000,-1.2502157408020929,-2.38395880940705,33.21160827442452,0.04448176115804227,-0.03544483288545192,0.030253146069738838,0.9979227344333248,2000,0,0,0,0,0,0.0000,0.0000,0.0000,0.0000,0.0000,1,True,4.92,True,0.0,0.0,0.0,0.00,8.0000,0.00,0.0286,1.5311,1.0000,0.0447,0,2000,0,0,0.008123
250,16,600000000,16.600000000,-1.1943673265624166,-2.2962273732474276,34.20618564684774,0.045903796927114084,-0.03666794240373502,0.030451384574925203,0.9978081061030827,2000,1951,1895,1945,1895,0,0.9713,0.9755,1.4624,18.8715,2.8424,0,True,4.92,True,0.13366211969456296,0.1698397016737539,0.9763651537688789,0.22,7.0000,0.00,0.0287,1.5502,1.0000,0.0498,0,1951,0,0,0.008187
251,16,633000000,16.633000000,-1.1649359676537552,-2.098023760844184,35.185904546911985,0.047728826878907546,-0.03797711933907091,0.03085579689877114,0.9976610733556818,1894,1894,1877,1890,1877,0,0.9910,1.0000,1.4140,13.0962,1.5939,0,True,4.92,True,0.11510512865058312,0.2826737320150099,0.9522848158965044,0.26,3.0000,0.00,0.0310,1.5704,1.0000,0.0550,0,1894,0,0,0.008324
252,16,666000000,16.666000000,-1.4908210646914557,-2.4083413615940117,36.07893416019118,0.04790341573705363,-0.03800265521556471,0.030895023896674267,0.9976505191978371,1875,1875,1540,1872,1540,0,0.8213,1.0000,1.3654,13.0956,1.5324,0,True,4.92,True,-0.27200388831215133,-0.20411342562573065,0.9403996991824274,0.02,8.0000,0.00,0.0238,1.5859,1.0000,0.0446,0,1875,0,0,0.006326
253,16,699000000,16.699000000,-1.5537337128085367,-2.289851079150654,37.069894326733404,0.04945512551888255,-0.03864096374613418,0.031045123766453943,0.9975456213983435,1538,1538,1538,1538,1538,0,1.0000,1.0000,1.5954,3.1349,0.9060,0,True,4.92,True,0.022336548269469528,0.21421831105680197,0.9765303855074746,0.19,5.0000,0.00,0.0335,1.6078,1.0000,0.0649,0,1538,0,0,0.008609
254,16,732000000,16.732000000,-2.356793266381964,-2.3669232413785553,37.660787917174154,0.04963701029127444,-0.038069978362173365,0.031397977504928294,0.9975474980999389,1536,1536,1455,1533,1455,0,0.9473,1.0000,1.5615,3.4012,0.9271,0,True,4.92,True,-0.756224795716268,0.03314677730410056,0.6534717664124755,0.08,4.0000,0.00,0.0334,1.6297,1.0000,0.0670,0,1536,0,0,0.008180
255,16,765000000,16.765000000,-2.155846988052531,-2.399386938642931,38.639852114040465,0.05078932760576354,-0.04133300858185919,0.031439159484521646,0.9973583136735931,1454,1453,1453,1453,1453,0,1.0000,0.9993,1.4994,3.1646,0.8626,0,True,4.92,True,0.2754715380226738,0.04902984205252521,0.9600580744557733,0.40,12.0000,0.00,0.0292,1.6492,1.0000,0.0603,0,1453,0,0,0.006801
256,16,798000000,16.798000000,-1.9553136969042533,-2.343006519679168,39.61791532646526,0.05220615985189697,-0.04501802977197905,0.03179866161123062,0.9971142055896616,1453,1453,1453,1453,1453,0,1.0000,1.0000,1.4950,3.6332,0.8925,0,True,4.92,True,0.28651319872058917,0.13910621079780064,0.9479238624891633,0.46,10.0000,0.00,0.0336,1.6717,1.0000,0.0723,0,1453,0,0,0.007502
257,16,831000000,16.831000000,-2.7414738832279952,-1.8934735658524418,40.042028854737154,0.052847502751770456,-0.044175408305561215,0.0327048654747603,0.9970887957088959,1447,1447,1132,1447,1132,0,0.7823,1.0000,1.5115,4.7851,0.9376,0,True,4.92,True,-0.7155067920174182,0.5426628052497491,0.439962623839135,0.16,0.0000,0.01,0.0429,1.7005,1.0000,0.1014,0,1447,0,0,0.009510
258,16,864000000,16.864000000,-3.2026373190085082,-1.807860584625973,40.92520420705663,0.05989396944910754,-0.04506049619404518,0.0335329499036439,0.9966232013038505,1132,1132,879,1132,879,0,0.7765,1.0000,1.2579,2.7783,0.8067,0,True,4.92,True,-0.3723381220751913,0.2077051493994794,0.9045567388298315,0.82,4.0000,0.00,0.0311,1.7211,1.0000,0.0780,0,1132,0,0,0.006610
259,16,897000000,16.897000000,-4.107959587735116,-1.7519804463884907,41.34623745977934,0.06016839521589446,-0.044220453062341104,0.03427901160775583,0.9966189166934875,879,879,678,879,678,0,0.7713,1.0000,1.1837,1.9733,0.7150,0,True,4.92,True,-0.8566694512840684,0.1697434654186918,0.4871392071926738,0.13,2.0000,0.00,0.0358,1.7449,1.0000,0.0966,0,879,0,0,0.007491
260,16,930000000,16.930000000,-4.277226047209749,-2.359769287536644,42.12208640788245,0.06012702234025995,-0.044396610939064836,0.03410070084381142,0.996619698944176,678,678,678,678,678,0,1.0000,1.0000,1.1076,1.9345,0.6759,0,True,4.92,True,-0.134915160512347,-0.4987983464593974,0.8561530873817478,0.03,7.0000,0.00,0.0302,1.7649,1.0000,0.0884,0,678,0,0,0.006289
261,16,963000000,16.963000000,-4.107976924588736,-2.487285301014593,43.099375720623925,0.061182397113391,-0.046970534248143174,0.03385303606760528,0.9964459118009913,677,677,677,677,677,0,1.0000,1.0000,1.0803,1.6571,0.6840,0,True,3.28,True,0.2506926677308731,-0.024538464180522933,0.9677556768738892,0.32,11.0000,0.00,0.0315,1.7862,1.0000,0.0980,0,677,0,0,0.006483
262,16,996000000,16.996000000,-3.261266294777561,-2.621524223190504,42.58453494801766,0.06163091501778908,-0.04614130215493772,0.0337264193374595,0.9964613084250641,677,677,295,677,295,0,0.4357,1.0000,1.0543,1.6484,0.6539,0,True,3.28,True,0.7824234121657304,-0.25605364863607544,-0.5676707964261407,0.11,1.0000,0.00,0.0236,1.8022,1.0000,0.0763,0,677,0,0,0.004814
263,17,29000000,17.029000000,-2.549278385172133,-3.313427485247664,42.464772297202174,0.06285863420433144,-0.044980653129271075,0.030676436036590423,0.9965362458145329,295,295,295,295,295,0,1.0000,1.0000,1.2285,1.7571,0.6218,0,True,3.28,True,0.6532552182952113,-0.7513152545913803,-0.09371770370834405,0.40,11.0000,0.01,0.0408,1.8304,1.0000,0.1401,0,295,0,0,0.008451
264,17,62000000,17.062000000,-2.6743811188437214,-2.323591090271708,42.53239786343929,0.0682301075200288,-0.045472719634758886,0.04144718138002155,0.9957705636101498,295,295,295,295,295,0,1.0000,1.0000,1.1717,1.6182,0.5906,0,True,3.28,True,-0.0631160519995018,0.9967932282875394,-0.0491896739174168,1.38,3.0000,0.00,0.0275,1.8499,1.0000,0.1001,0,295,0,0,0.005853
265,17,95000000,17.095000000,-2.3299828885951936,-3.2381554954975,42.744439858562124,0.06720575059867633,-0.045199029908467504,0.03927817613373636,0.9959405904276667,295,295,295,295,295,0,1.0000,1.0000,1.1519,1.6104,0.5684,0,True,3.28,True,0.29237615430502856,-0.9054583259406686,0.3076709352189841,0.28,2.0000,0.00,0.0231,1.8665,1.0000,0.0902,0,295,0,0,0.005200
266,17,128000000,17.128000000,-2.7736524464070293,-3.9087131310069685,43.339006743723914,0.06538410421325531,-0.044832580242630454,0.039447470580568474,0.9960717121421596,295,295,292,295,292,0,0.9898,1.0000,1.1665,1.6349,0.5974,0,True,3.28,True,-0.4322082210491051,-0.5475432044208168,0.7165141261344063,0.21,1.0000,0.00,0.0297,1.8873,1.0000,0.1195,0,295,0,0,0.006783
267,17,161000000,17.161000000,-3.1412383106105204,-4.269986471343299,42.4820573834931,0.06714737083618548,-0.042767173877026145,0.04313164456000794,0.9958924945323713,292,292,66,292,66,0,0.2260,1.0000,1.1710,1.5840,0.5789,0,True,3.28,True,-0.47219404916917423,-0.4346086958777949,-0.7669081179623944,0.52,7.0000,0.00,0.0285,1.9074,1.0000,0.1221,0,292,0,0,0.006856
268,17,194000000,17.194000000,-3.1412383106105204,-4.269986471343299,42.4820573834931,0.06714737083618548,-0.042767173877026145,0.04313164456000794,0.9958924945323713,2000,0,0,0,0,0,0.0000,0.0000,0.0000,0.0000,0.0000,1,True,4.92,True,0.0,0.0,0.0,0.00,3.0000,0.00,0.0181,1.9197,1.0000,0.0820,0,2000,0,0,0.004540
269,17,227000000,17.227000000,-2.671512707603773,-5.1144912806102765,42.22482308367115,0.0680333413216233,-0.04239528249506284,0.04323443099269026,0.9958438072647324,2000,1922,196,1866,196,0,0.1020,0.9610,4.7758,356.2345,2.6526,0,True,4.92,True,0.3751574376304022,-0.91025310935354,-0.17520323599409654,0.11,2.0000,0.00,0.0264,1.9370,1.0000,0.1225,0,1922,0,0,0.003790
270,17,260000000,17.260000000,-2.7807241983034574,-5.4628715903285965,41.29385369099504,0.07026939473037636,-0.04230217065625584,0.042494741730938417,0.995724327033952,196,196,175,196,175,0,0.8929,1.0000,1.4183,2.1379,0.7730,0,True,4.92,True,-0.22048582859651103,-0.4565534129688505,-0.8619425621783648,0.27,5.0000,0.00,0.0182,1.9485,1.0000,0.0872,0,196,0,0,0.004766
271,17,293000000,17.293000000,-1.9375924144472085,-4.978562590644494,41.52746359634231,0.07212432230026974,-0.04459176385301347,0.04607392637549388,0.9953325323918382,173,173,173,173,173,0,1.0000,1.0000,1.4393,2.0768,1.1158,0,True,4.92,True,0.8962501779286155,0.4332645794137354,0.0949601115646141,0.53,2.0000,0.00,0.0240,1.9630,1.0000,0.1231,0,173,0,0,0.009271
272,17,326000000,17.326000000,-2.394713340275007,-5.815762220728774,41.22723495254383,0.0704456008987769,-0.04063288424710756,0.03835203724706719,0.995949550565073,172,172,172,172,172,0,1.0000,1.0000,1.3454,2.0514,0.9955,0,True,4.92,True,-0.5534090420875319,-0.8219404598596108,-0.13473051837476038,1.02,1.0000,0.00,0.0180,1.9737,1.0000,0.0940,0,172,0,0,0.002515
273,17,359000000,17.359000000,-1.5614986171699328,-6.044880616220233,40.72398751236321,0.07077921331431464,-0.039970374963042905,0.0390213768682793,0.9959267062566524,172,172,77,172,77,0,0.4477,1.0000,1.2967,1.9937,0.8776,0,True,4.92,True,0.7683703909822353,-0.36363991558159797,-0.5266620871655898,0.11,12.0000,0.00,0.0146,1.9822,1.0000,0.0779,0,172,0,0,0.006780
274,17,392000000,17.392000000,-1.5614986171699328,-6.044880616220233,40.72398751236321,0.07077921331431464,-0.039970374963042905,0.0390213768682793,0.9959267062566524,2000,0,0,0,0,0,0.0000,0.0000,0.0000,0.0000,0.0000,1,True,6.56,True,0.0,0.0,0.0,0.00,11.0000,0.00,0.0172,1.9920,1.0000,0.0976,0,2000,0,0,0.005228
275,17,425000000,17.425000000,-2.478101240541258,-5.6464606661402295,40.75717145738265,0.07093579224205794,-0.0391294264036924,0.039709526433668825,0.995921761424422,2000,1893,1315,1893,1315,0,0.6947,0.9465,0.9090,15.8976,2.0991,0,True,6.56,True,-0.8793444110185521,0.4742186021464156,0.0432449325208785,0.13,3.0000,0.00,0.0178,2.0012,1.0000,0.1070,0,1893,0,0,0.003540
276,17,458000000,17.458000000,-2.9808305974225684,-6.227657654773413,41.39707242951303,0.07095182929498958,-0.03890190432873808,0.03962272582876478,0.9959329893909484,1315,1315,1020,1313,1020,0,0.7757,1.0000,0.7411,15.9127,1.4884,0,True,6.56,True,-0.4888692068123685,-0.44253579149345484,0.751777208937533,0.03,10.0000,0.00,0.0125,2.0071,1.0000,0.0767,0,1315,0,0,0.006324
277,17,491000000,17.491000000,-3.9134836738706658,-6.25393250271511,41.75688887071262,0.07084717343564284,-0.03834573778511907,0.039998165137829896,0.9959470011981069,1018,1018,525,1018,525,0,0.5157,1.0000,0.9063,1.4479,0.9509,0,True,6.56,True,-0.8989260510929079,0.1025710391462256,0.4259238624390211,0.08,1.0000,0.00,0.0111,2.0119,1.0000,0.0704,0,1018,0,0,0.003766
278,17,524000000,17.524000000,-3.613537436068402,-6.657894255866528,42.62109206234009,0.07053530935153869,-0.04096194547882986,0.03917594414355139,0.9958976526519848,524,524,524,524,524,0,1.0000,1.0000,0.8727,1.2032,0.9379,0,True,6.56,True,0.3390210915927255,-0.30483558729488947,0.89002245149988,0.32,7.0000,0.00,0.0169,2.0189,1.0000,0.1201,0,524,0,0,0.006381
279,17,557000000,17.557000000,-2.6955888545282436,-6.8283820569649425,42.262896150407755,0.07014656405571977,-0.040492004612083986,0.03884189279770574,0.9959574109757723,523,523,463,523,463,0,0.8853,1.0000,0.8869,1.2437,0.8779,0,True,6.56,True,0.8685284228241497,-0.29437441062280184,-0.3987506553186755,0.08,6.0000,0.00,0.0107,2.0234,1.0000,0.0850,0,523,0,0,0.004495
280,17,590000000,17.590000000,-3.6239605852495735,-6.902475707665113,42.62708849041973,0.06986970624131596,-0.04001679005681792,0.03893295256173695,0.9959925229981027,463,463,99,463,99,0,0.2138,1.0000,0.8835,1.2910,0.8553,0,True,6.56,True,-0.8964787535278745,0.053702347517444564,0.4398203068802349,0.06,8.0000,0.00,0.0084,2.0265,1.0000,0.0775,0,463,0,0,0.004102
281,17,623000000,17.623000000,-3.6239605852495735,-6.902475707665113,42.62708849041973,0.06986970624131596,-0.04001679005681792,0.03893295256173695,0.9959925229981027,2000,0,0,0,0,0,0.0000,0.0000,0.0000,0.0000,0.0000,1,True,8.20,True,0.0,0.0,0.0,0.00,3.0000,0.00,0.0064,2.0291,1.0000,0.0717,0,2000,0,0,0.003854
282,17,656000000,17.656000000,-3.6078883760604263,-6.775504301509763,43.61886464768038,0.07070864047510458,-0.03996443289926551,0.039019637206561715,0.9959320258820231,2000,1935,1117,1924,1117,0,0.5773,0.9675,0.8998,16.6821,1.7911,0,True,8.20,True,0.10956214733598979,0.25895495962305487,0.959655388542027,0.10,7.0000,0.00,0.0065,2.0321,1.0000,0.0911,0,1935,0,0,0.005059
283,17,689000000,17.689000000,-4.364638025434071,-7.094581199306067,44.18940816176633,0.07109400359594338,-0.03951086151560019,0.03906496392980382,0.995920912054847,1117,1117,912,1117,912,0,0.8165,1.0000,0.9147,2.1322,0.9495,0,True,8.20,True,-0.7264582512983994,-0.1732447751395733,0.6650147795405077,0.07,4.0000,0.00,0.0036,2.0339,1.0000,0.0517,0,1117,0,0,0.002995
284,17,722000000,17.722000000,-4.764230337059349,-7.414351957973803,45.04851970655607,0.07127889951654784,-0.03936303303779493,0.03920256621204829,0.9959081428104528,911,911,910,911,910,0,0.9989,1.0000,1.0638,1.7156,0.6425,0,True,8.20,True,-0.347826832004675,-0.16321961927328993,0.9232420326338451,0.03,5.0000,0.00,0.0046,2.0375,1.0000,0.0831,0,911,0,0,0.003465
285,17,755000000,17.755000000,-4.581173377873448,-6.436678878048708,44.94534268157774,0.07144455108555506,-0.038740530290067576,0.039437650958614276,0.9959114012400373,907,907,85,907,85,0,0.0937,1.0000,1.0662,1.5975,0.6875,0,True,8.20,True,0.24411563096894326,0.9350823582951858,-0.2569601952088078,0.08,4.0000,0.00,0.0040,2.0406,1.0000,0.0611,0,907,0,0,0.005500
286,17,788000000,17.788000000,-4.581173377873448,-6.436678878048708,44.94534268157774,0.07144455108555506,-0.038740530290067576,0.039437650958614276,0.9959114012400373,2000,0,0,0,0,0,0.0000,0.0000,0.0000,0.0000,0.0000,1,True,9.84,True,0.0,0.0,0.0,0.00,2.0000,0.00,0.0050,2.0441,1.0000,0.0596,0,2000,0,0,0.003982
287,17,821000000,17.821000000,-4.71840095131426,-5.453057482261833,45.06220817194089,0.07214729923697058,-0.03807450675769869,0.04104603598200164,0.9958214308188659,2000,1860,1859,1859,1859,0,0.9995,0.9300,0.9211,19.0803,2.0422,0,True,9.84,True,-0.054891100504650125,0.9983329195424198,-0.01784233289951208,0.22,7.0000,0.00,0.0055,2.0475,1.0000,0.0420,0,1860,0,0,0.002983
288,17,854000000,17.854000000,-5.163187788799584,-4.567808065316061,44.926200308208784,0.07226545613967846,-0.0374159675827862,0.0416500781222546,0.9958127435472887,1859,1859,563,1854,563,0,0.3029,1.0000,0.9418,16.0163,1.4879,0,True,9.84,True,-0.3856128602168078,0.8927371096531049,-0.2330733255514936,0.10,1.0000,0.00,0.0097,2.0539,1.0000,0.0548,0,1859,0,0,0.004114
289,17,887000000,17.887000000,-4.259867921242966,-4.196270737568653,45.14061399939432,0.07194915631666421,-0.03746904507673405,0.04185540064525408,0.9958250423659686,563,563,209,563,209,0,0.3712,1.0000,0.5178,6.3570,2.7158,0,True,9.84,True,0.9437354810814986,0.3167425597978649,0.09506572758133437,0.04,5.0000,0.00,0.0123,2.0602,1.0000,0.0489,0,563,0,0,0.002282
290,17,920000000,17.920000000,-4.373418566909105,-3.695830095322855,45.998906149222925,0.07733014344995197,-0.04149078469662202,0.0456257240954175,0.9950964058823835,209,209,209,209,209,0,1.0000,1.0000,0.9164,1.5532,1.4087,0,True,9.84,True,-0.004595139285157315,0.6238830144853523,0.7815042347496396,0.89,6.0000,0.00,0.0142,2.0670,1.0000,0.0434,0,209,0,0,0.005295
291,17,953000000,17.953000000,-4.580366967860514,-3.0947840390390677,46.770862104941486,0.08141221733072955,-0.04370488703824406,0.04924187021436233,0.9945034801025385,209,209,209,209,209,0,1.0000,1.0000,0.9128,1.6081,1.3522,0,True,9.84,True,-0.08546249222427918,0.727357711214957,0.6809162374029234,0.68,6.0000,0.00,0.0158,2.0754,1.0000,0.0411,0,209,0,0,0.003633
292,17,986000000,17.986000000,-3.9991958215549537,-2.3555902993880644,46.43052005058641,0.08106813366437429,-0.043354800014159436,0.049712623349398445,0.9945234909742596,207,207,120,207,120,0,0.5797,1.0000,0.9371,1.6297,1.5298,0,True,9.84,True,0.6109561984377154,0.6111067712939667,-0.503270342528942,0.08,5.0000,0.00,0.0144,2.0815,1.0000,0.0326,0,207,0,0,0.002975
293,18,19000000,18.019000000,-3.9991958215549537,-2.3555902993880644,46.43052005058641,0.08106813366437429,-0.043354800014159436,0.049712623349398445,0.9945234909742596,120,120,1,120,1,0,0.0083,1.0000,0.8935,4.5837,2.3405,1,True,11.48,True,0.0,0.0,0.0,0.00,6.0000,0.02,0.0222,2.0899,1.0000,0.0434,0,120,0,0,0.004106
294,18,52000000,18.052000000,-3.0061768505655415,-2.4195831762306246,46.33143304352423,0.08107953868722544,-0.04288606861656366,0.048996857653448356,0.9945784038802421,119,119,119,119,119,0,1.0000,1.0000,0.8519,1.7157,2.1931,0,True,11.48,True,0.9691565151214306,-0.18355671273453147,-0.16444629034361608,0.10,7.0000,0.00,0.0201,2.0965,1.0000,0.0335,0,119,0,0,0.003389
295,18,85000000,18.085000000,-2.6687943393255336,-3.0334194668087964,45.61772578597488,0.07653824314166272,-0.039163963969770746,0.04420711295079709,0.9953159359859148,119,119,119,119,119,0,1.0000,1.0000,0.8627,1.7537,2.5561,0,True,11.48,True,0.2124095187527555,-0.7501540874316043,-0.6262196431387949,0.87,12.0000,0.00,0.0196,2.1029,1.0000,0.0286,0,119,0,0,0.001893
296,18,118000000,18.118000000,-2.4837764778634965,-3.581810749992096,44.80222876484692,0.07180020089363812,-0.034445056048703106,0.040429471699129804,0.9960038790504604,118,118,118,118,118,0,1.0000,1.0000,0.8848,1.7370,2.8404,0,True,9.84,True,0.06966079819671801,-0.6786385044776346,-0.7311615098150036,0.88,8.0000,0.00,0.0211,2.1095,1.0000,0.0280,0,118,0,0,0.004269
297,18,151000000,18.151000000,-1.7436216624761633,-2.9399567972243053,44.60174347218111,0.07138827607750106,-0.034252060356175645,0.04090773325835963,0.9960206161318662,118,118,57,118,57,0,0.4831,1.0000,0.8004,1.6837,2.3663,0,True,9.84,True,0.7695760564081529,0.541751465913151,-0.338020772415287,0.08,1.0000,0.00,0.0094,2.1121,1.0000,0.0116,0,118,0,0,0.001325
298,18,184000000,18.184000000,-1.7436216624761633,-2.9399567972243053,44.60174347218111,0.07138827607750106,-0.034252060356175645,0.04090773325835963,0.9960206161318662,2000,0,0,0,0,0,0.0000,0.0000,0.0000,0.0000,0.0000,1,True,11.48,True,0.0,0.0,0.0,0.00,1.0000,0.08,0.0394,2.1219,1.0000,0.0423,0,2000,0,0,0.005073
299,18,217000000,18.217000000,-2.7411709093874395,-2.8712087897666323,44.588735341748716,0.07169433149846907,-0.03338109147224367,0.04129046149280058,0.9960124112443683,2000,1931,657,1929,657,0,0.3402,0.9655,1.0681,16.0013,2.7008,0,True,11.48,True,-0.9875673847906986,0.15217237049348745,0.03942372580125985,0.11,4.0000,0.00,0.0164,2.1260,1.0000,0.0160,0,1931,0,0,0.001991
300,18,250000000,18.250000000,-3.6937344016729803,-3.0713226878553637,44.359438108977564,0.07198928081130712,-0.03288001090159966,0.04190780780986201,0.9959820199059585,657,657,49,656,49,0,0.0746,1.0000,1.0487,15.8374,1.4762,0,True,11.48,True,-0.979299327054805,-0.14658046298150224,-0.13959583053277203,0.10,3.0000,0.01,0.0237,2.1315,1.0000,0.0212,0,657,0,0,0.002716
301,18,283000000,18.283000000,-3.6937344016729803,-3.0713226878553637,44.359438108977564,0.07198928081130712,-0.03288001090159966,0.04190780780986201,0.9959820199059585,2000,0,0,0,0,0,0.0000,0.0000,0.0000,0.0000,0.0000,1,True,13.11,True,0.0,0.0,0.0,0.00,4.0000,0.04,0.0303,2.1385,1.0000,0.0240,0,2000,0,0,0.003217
302,18,316000000,18.316000000,-3.4863963232261597,-3.7262762424440803,45.08610637067446,0.07172993766267108,-0.03272021745626161,0.042212711673295246,0.9959931176397313,2000,1973,1572,1953,1572,0,0.7968,0.9865,2.3028,463.0390,3.5663,0,True,13.11,True,0.20656559558750578,-0.5619526836853528,0.8009618193262452,0.05,1.0000,0.09,0.0497,2.1500,1.0000,0.0357,0,1973,0,0,0.004961
303,18,349000000,18.349000000,-4.0343078029832515,-4.072712468224337,44.32467682579357,0.07182238623793354,-0.03129031173246886,0.0423989522948819,0.9960244927064146,1572,1572,1572,1572,1572,0,1.0000,1.0000,1.2593,2.2900,0.9264,0,True,13.11,True,-0.6265299760236587,-0.39968591458661934,-0.6691123663667045,0.17,0.0000,0.04,0.0313,2.1563,1.0000,0.0208,0,1572,0,0,0.003027
304,18,382000000,18.382000000,-3.4473131822253853,-4.681264543981749,43.790727683746624,0.07196749754870395,-0.030541985421602753,0.042844033171184855,0.9960182002577616,1569,1569,133,1569,133,0,0.0848,1.0000,1.2588,2.4348,0.8570,0,True,13.11,True,0.49853721775858767,-0.7272794636419899,-0.4717257935221964,0.10,2.0000,0.03,0.0289,2.1615,1.0000,0.0172,0,1569,0,0,0.002675
305,18,415000000,18.415000000,-4.0803286062735875,-4.590338813970892,43.0219468407627,0.07424906031756404,-0.029288988195100604,0.04184191358460398,0.9959309647159509,133,133,132,133,132,0,0.9925,1.0000,1.4394,7.6847,1.4894,0,True,13.11,True,-0.6736640862095329,0.03825681677266361,-0.7380468243423974,0.32,2.0000,0.02,0.0265,2.1653,1.0000,0.0142,0,133,0,0,0.002338
306,18,448000000,18.448000000,-3.0813706458379544,-4.5946122360552355,42.97650752798215,0.07499180716042081,-0.029746446892455654,0.042667558262444324,0.9958267204830414,131,131,130,131,130,0,0.9924,1.0000,1.2732,1.8805,1.6397,0,True,13.11,True,0.9904753943490017,-0.09842145952405024,-0.0962897164516836,0.14,4.0000,0.07,0.0437,2.1705,1.0000,0.0212,0,131,0,0,0.003729
307,18,481000000,18.481000000,-3.6936816999070903,-4.77822341135059,42.20750680667469,0.08050843407465036,-0.022452844592422184,0.0363941642977104,0.9958361946714065,129,129,129,129,129,0,1.0000,1.0000,1.4039,2.2250,1.4623,0,True,13.11,True,-0.6742622309253141,-0.23901620506313312,-0.6987429410483063,1.27,1.0000,0.00,0.0240,2.1731,1.0000,0.0105,0,129,0,0,0.002028
308,18,514000000,18.514000000,-2.850869093328422,-4.614831957513663,41.69470066103569,0.0807265997560341,-0.02171274261752174,0.03724669887435835,0.9958034225301784,128,128,125,128,125,0,0.9766,1.0000,1.2945,2.5050,1.6784,0,True,13.11,True,0.8250458140293088,0.01531349550347607,-0.5648583022388717,0.13,10.0000,0.04,0.0370,2.1764,1.0000,0.0141,0,128,0,0,0.003122
309,18,547000000,18.547000000,-2.147774688589137,-5.063980244723985,41.14340756827981,0.08081584181219634,-0.020953512239432447,0.037676937694144895,0.9957962635012293,123,123,109,123,109,0,0.8862,1.0000,1.3011,2.0854,1.4701,0,True,13.11,True,0.6415820389041936,-0.5844117267190903,-0.49682534257900834,0.10,1.0000,0.02,0.0314,2.1787,1.0000,0.0090,0,123,0,0,0.002634
310,18,580000000,18.580000000,-1.6119409006815344,-4.289772000360824,40.80653408149777,0.08181251491148155,-0.020243907660167534,0.039276600761043,0.9956677383741842,108,108,108,108,108,0,1.0000,1.0000,1.2727,1.9892,1.3807,0,True,11.48,True,0.5732047740351268,0.6661863768653847,-0.47710795246182025,0.23,4.0000,0.01,0.0289,2.1798,1.0000,0.0056,0,108,0,0,0.002438
311,18,613000000,18.613000000,-2.1590800879614145,-5.020599891420131,40.39845406067771,0.0795976422422302,-0.013742067310128692,0.030845492703779686,0.9962549505600375,107,107,107,107,107,0,1.0000,1.0000,1.1714,1.5944,1.4182,0,True,11.48,True,-0.6188152744927825,-0.740017990492106,-0.263516659440058,1.25,1.0000,0.02,0.0355,2.1804,1.0000,0.0050,0,107,0,0,0.001809
312,18,646000000,18.646000000,-1.396935631247504,-5.179345769442448,39.77081118984177,0.07979785519050903,-0.013001277199047949,0.03135416731938415,0.9962329974909967,106,106,99,106,99,0,0.9340,1.0000,1.2218,1.6934,1.2405,0,True,11.48,True,0.7307294658389898,-0.30395242186691807,-0.6112670226635001,0.11,5.0000,0.00,0.0255,2.1804,1.0000,0.0029,0,106,0,0,0.003592
313,18,679000000,18.679000000,-1.396935631247504,-5.179345769442448,39.77081118984177,0.07979785519050903,-0.013001277199047949,0.03135416731938415,0.9962329974909967,2000,0,0,0,0,0,0.0000,0.0000,0.0000,0.0000,0.0000,1,True,13.11,True,0.0,0.0,0.0,0.00,12.0000,0.00,0.0253,2.1796,1.0000,0.0028,0,2000,0,0,0.002360
314,18,712000000,18.712000000,-1.1611208894236866,-5.786778631932472,40.52937346487642,0.079404539044617,-0.013022675786217078,0.03134586341471025,0.9962644056380139,2000,1947,1596,1884,1596,0,0.8197,0.9735,12.6564,1051.3333,3.3361,0,True,13.11,True,0.22203024005044567,-0.49373500594325603,0.840790292765892,0.05,12.0000,0.00,0.0226,2.1774,1.0000,0.0029,0,1947,0,0,0.001439
315,18,745000000,18.745000000,-1.2719509216378135,-5.386170565630962,41.43889525195663,0.08115652014042514,-0.01376283334049875,0.03170720487616112,0.9961018305454917,1596,1596,1505,1594,1505,0,0.9430,1.0000,1.0980,192.2178,1.1801,0,True,13.11,True,-0.05825422901346774,0.5450786685406274,0.8363585893048648,0.22,2.0000,0.00,0.0332,2.1724,1.0000,0.0059,0,1596,0,0,0.004377
316,18,778000000,18.778000000,-0.5159251505427143,-5.48680360262995,40.79213561708103,0.08070559891866672,-0.01296870833316954,0.03210915046872375,0.9961362463857669,1501,1501,517,1501,517,0,0.3444,1.0000,1.0057,2.0689,0.7999,0,True,13.11,True,0.7270256866247722,-0.2525538298423509,-0.6384749126001268,0.11,0.0000,0.00,0.0103,2.1701,1.0000,0.0027,0,1501,0,0,0.001181
317,18,811000000,18.811000000,-0.25207296477163404,-6.449749719617542,40.84796392390051,0.07929044576820414,-0.01294975122781659,0.030374943812447493,0.9963045176759001,515,515,515,515,515,0,1.0000,1.0000,0.9348,1.8712,0.7940,0,True,13.11,True,0.20536705971399322,-0.9569174229916246,0.20526425982010893,0.26,12.0000,0.00,0.0172,2.1652,1.0000,0.0060,0,515,0,0,0.002131
318,18,844000000,18.844000000,-0.6428944508347734,-6.943684950329969,40.07124869043817,0.07905964580716954,-0.010730812965841243,0.02946678535928145,0.9963765004347138,514,514,514,514,514,0,1.0000,1.0000,0.9009,1.6209,0.8242,0,True,13.11,True,-0.44263406518341414,-0.5844618365092306,-0.6800584136700778,0.28,7.0000,0.00,0.0185,2.1576,1.0000,0.0079,0,514,0,0,0.002434
319,18,877000000,18.877000000,-0.6428944508347734,-6.943684950329969,40.07124869043817,0.07905964580716954,-0.010730812965841243,0.02946678535928145,0.9963765004347138,511,511,0,511,0,0,0.0000,1.0000,0.8520,1.7254,0.8450,1,True,14.75,True,0.0,0.0,0.0,0.00,1.0000,0.00,0.0189,2.1465,1.0000,0.0087,0,511,0,0,0.002621
320,18,910000000,18.910000000,-0.6428944508347734,-6.943684950329969,40.07124869043817,0.07905964580716954,-0.010730812965841243,0.02946678535928145,0.9963765004347138,507,507,1,507,1,0,0.0020,1.0000,1.1356,1.6730,0.9526,2,True,16.39,True,0.0,0.0,0.0,0.00,11.0000,0.03,0.0297,2.1440,1.0000,0.7619,0,507,0,0,0.003014
321,18,943000000,18.943000000,-0.6549402121254075,-6.54696047968173,39.15338998997072,0.08094524702667594,-0.008854727720288372,0.02844913229721586,0.9962731089677797,507,507,507,507,507,0,1.0000,1.0000,1.9546,3.0066,1.0570,0,True,16.39,True,-0.01330345020748067,0.24777907034680663,-0.9687252193014535,0.33,6.0000,0.14,0.0709,2.1726,1.0000,2.0357,0,507,0,0,0.001489
322,18,976000000,18.976000000,-1.2343252949613812,-6.447866832828364,38.344382341712404,0.08319572361754235,-0.002159451114402386,0.026649421128664263,0.996174491088858,503,502,500,500,500,0,0.9960,0.9980,8.0358,16.7059,1.3855,0,True,16.39,True,-0.5908808715104986,0.001233443808877764,-0.8067578783621292,0.84,5.0000,1.33,0.5919,2.5115,1.0000,16.7360,0,502,0,0,0.004022
323,19,9000000,19.009000000,-0.9758085262145035,-7.302014763859679,37.89316134021582,0.08509428801046709,0.005232918989898176,0.02119360557080499,0.996133730876405,482,477,475,475,475,0,0.9958,0.9896,11.4960,18.8772,1.4060,0,True,16.39,True,0.20916098848641734,-0.9296696831321738,-0.3032589012054027,1.08,6.0000,1.79,0.8187,3.0822,1.0000,23.5901,0,477,0,0,0.002626
324,19,42000000,19.042000000,-1.723317985400811,-7.38283613149822,38.5524772849343,0.08773664649869421,0.013345050854312842,0.013989011793932568,0.9959560723384783,456,447,88,446,88,0,0.1969,0.9803,14.5765,22.1642,1.5007,0,True,16.39,True,-0.7547770523557865,0.06323877573019084,0.6529260742850271,1.28,10.0000,2.00,0.9268,3.8084,1.0000,27.1832,0,447,0,0,0.001830
325,19,75000000,19.075000000,-1.723317985400811,-7.38283613149822,38.5524772849343,0.08773664649869421,0.013345050854312842,0.013989011793932568,0.9959560723384783,2000,0,0,0,0,0,0.0000,0.0000,0.0000,0.0000,0.0000,1,True,18.03,True,0.0,0.0,0.0,0.00,16.0000,1.60,0.7479,4.4311,1.0000,22.1902,0,2000,0,0,0.001008
326,19,108000000,19.108000000,-1.4305168792064713,-6.438074108689544,38.69976011648575,0.0894240308121958,0.013923457127303052,-0.0012190332700632923,0.9958955738493922,2000,1949,533,1852,533,0,0.2735,0.9745,26.7097,628.8298,4.6899,0,True,18.03,True,0.3175666878951468,0.9481686978312803,-0.011292439605363023,1.75,10.0000,0.00,0.0000,6.6538,0.0000,75.2041,1,1949,0,0,0.001909
327,19,141000000,19.141000000,-0.9485372648815332,-6.4359391422768395,39.57593994579797,0.0901402138133206,0.023928477037100264,-0.017153074826629783,0.9954938180945002,531,509,487,489,487,0,0.9568,0.9586,24.3716,54.9120,1.8500,0,True,18.03,True,0.45730165144904306,0.16050145261580429,0.8747082275194366,2.16,5.0000,2.60,1.2408,7.7965,1.0000,37.4339,0,509,0,0,0.000454
328,19,174000000,19.174000000,-0.9763061546285083,-5.625324490534557,40.16086111582257,0.09113578545312905,0.024055161254118173,-0.03633365378063434,0.994884658354841,447,443,437,438,437,0,0.9865,0.9911,28.3373,47.8937,1.4556,0,True,18.03,True,-0.08158284075287416,0.9003910970568346,0.42736414500456277,2.20,13.0000,0.00,0.0000,9.7157,0.0000,61.9576,1,443,0,0,0.000378
329,19,207000000,19.207000000,-1.8289370657531197,-5.421099724284975,39.67991124915753,0.09016609152241055,0.02585791626653211,-0.059464143420602134,0.9938135940674083,435,433,427,430,427,0,0.9861,0.9954,31.1172,49.4385,1.3837,0,True,16.39,True,-0.8370566710167555,0.04853886269465975,-0.5449588134113035,2.66,9.0000,0.00,0.0000,13.3054,0.0000,113.9372,1,433,0,0,0.000777
330,19,240000000,19.240000000,-2.77360322747531,-5.1629910635299066,39.88236065552931,0.0882657348844972,0.02717525167969185,-0.08506667883848934,0.9920858460298859,424,423,238,423,238,0,0.5626,0.9976,33.8597,50.2722,1.4234,0,True,16.39,True,-0.9786011947452385,0.1716887330949907,0.11341375829866854,2.95,8.0000,0.00,0.0000,16.2392,0.0000,91.9529,1,423,0,0,0.001063
331,19,273000000,19.273000000,-2.0151399138952435,-5.0811298743586555,39.23580659927368,0.08552075560356898,0.0284549311737793,-0.11322465220692499,0.9894729381774476,237,237,117,237,117,0,0.4937,1.0000,34.2326,60.8180,1.1184,0,True,16.39,True,0.7775133889279507,0.10081358827750715,-0.6207330750462605,3.26,7.0000,0.00,0.0000,19.3356,0.0000,96.3010,1,237,0,0,0.001387
332,19,306000000,19.306000000,-1.3078919531564734,-5.131762583362615,38.53065650829321,0.08199423654690306,0.029896580352076405,-0.14357736208530905,0.9857832828532681,117,117,41,116,41,0,0.3504,1.0000,35.7766,41.9414,1.2038,0,True,16.39,True,0.7524312564704276,-0.0014784372495916657,-0.6586691267318002,3.53,2.0000,0.00,0.0000,21.9115,0.0000,79.7037,1,117,0,0,0.001238
333,19,339000000,19.339000000,-1.3078919531564734,-5.131762583362615,38.53065650829321,0.08199423654690306,0.029896580352076405,-0.14357736208530905,0.9857832828532681,2000,0,0,0,0,0,0.0000,0.0000,0.0000,0.0000,0.0000,1,True,18.03,True,0.0,0.0,0.0,0.00,5.0000,0.00,0.0000,25.2996,0.0000,104.4656,1,2000,0,0,0.001530
334,19,372000000,19.372000000,-2.3046704041419614,-5.206368644360023,38.56009551835503,0.0773242922950159,0.03194530763123129,-0.17704147083589905,0.9806409989112644,2000,1892,663,1510,663,0,0.3504,0.9460,42.8017,147.4102,5.3566,0,True,18.03,True,-0.9355757303675862,-0.353067975564577,0.00640760313133475,3.92,11.0000,0.00,0.0000,28.7028,0.0000,104.5650,1,1892,0,0,0.001328
335,19,405000000,19.405000000,-3.1084427033087954,-4.629093978941522,38.70398454419792,0.07135055324091702,0.03522417052416107,-0.210073937888946,0.974442043932286,660,619,437,545,437,0,0.7060,0.9379,50.4558,339.9929,6.0098,0,True,16.39,True,-0.9622943481162344,0.27131429489747916,0.01944584705881876,3.93,11.0000,0.00,0.0000,32.7387,0.0000,123.5994,1,619,0,0,0.001688
336,19,438000000,19.438000000,-4.04967972987538,-4.307051878224928,38.805777202018305,0.06532478764368137,0.03785498410334021,-0.24330682306039733,0.9670064436962663,435,406,52,372,52,0,0.1281,0.9333,54.0061,420.0737,4.1394,0,True,16.39,True,-0.9960935740465543,-0.08709555554697439,0.014558706918044697,3.97,2.0000,0.00,0.0000,35.4109,0.0000,81.6209,1,406,0,0,0.001376
337,19,471000000,19.471000000,-4.04967972987538,-4.307051878224928,38.805777202018305,0.06532478764368137,0.03785498410334021,-0.24330682306039733,0.9670064436962663,2000,0,0,0,0,0,0.0000,0.0000,0.0000,0.0000,0.0000,1,True,18.03,True,0.0,0.0,0.0,0.00,12.0000,0.00,0.0000,40.4165,0.0000,152.4988,1,2000,0,0,0.003196
338,19,504000000,19.504000000,-3.118583577914252,-3.942760354623415,38.7870250918634,0.05914248129750499,0.04082460560868011,-0.2746338125095824,0.9588596286784221,2000,1910,1030,1341,1030,0,0.5393,0.9550,38.5653,107.5694,5.8226,0,True,18.03,True,0.6505393561395276,0.7587681090812303,-0.03270325297066624,3.79,9.0000,0.00,0.0000,43.9915,0.0000,108.6174,1,1910,0,0,0.001749
339,19,537000000,19.537000000,-3.9526277921925486,-3.460587493465662,39.05512876694422,0.05285480268768115,0.04424649198183862,-0.30506812172390385,0.9498326478322362,1030,1028,206,950,206,0,0.2004,0.9981,42.1942,78.3222,2.2083,0,True,18.03,True,-0.9867677421187016,-0.01283277939376405,0.16163150338653304,3.73,2.0000,0.00,0.0000,48.5998,0.0000,139.6834,1,1028,0,0,0.004967
340,19,570000000,19.570000000,-3.017103776435732,-3.134769494311577,39.19164780360015,0.04984252904427931,0.04088251987917412,-0.3215884390834248,0.9446826015729757,205,204,171,176,171,0,0.8382,0.9951,42.3832,94.2723,3.2630,0,True,18.03,True,0.5545550162199363,0.8199113540056608,0.1421763185552009,2.05,8.0000,0.00,0.0000,51.2134,0.0000,79.0803,1,204,0,0,0.002612
341,19,603000000,19.603000000,-3.314119585721035,-2.275631310972078,39.608376961402534,0.04453060587699069,0.04390739308946425,-0.34803797987360746,0.9353922869779363,171,167,43,150,43,0,0.2575,0.9766,39.6412,72.2062,2.9883,0,True,18.03,True,-0.798646381721377,0.5237761344696983,0.2963486425198081,3.29,8.0000,0.00,0.0000,54.6050,0.0000,102.4977,1,167,0,0,0.003831
342,19,636000000,19.636000000,-3.314119585721035,-2.275631310972078,39.608376961402534,0.04453060587699069,0.04390739308946425,-0.34803797987360746,0.9353922869779363,2000,0,0,0,0,0,0.0000,0.0000,0.0000,0.0000,0.0000,1,True,18.03,True,0.0,0.0,0.0,0.00,1.0000,0.00,0.0000,58.2502,0.0000,110.0382,1,2000,0,0,0.004947
343,19,669000000,19.669000000,-3.1415802548730127,-1.2937034748654317,39.68614523249953,0.040198423800596135,0.04701371922284123,-0.3694090365424679,0.9272058890287255,2000,1841,404,1564,404,0,0.2194,0.9205,31.5989,145.1480,4.8563,0,True,18.03,True,-0.5142214529085255,0.8572684678206588,-0.025827726362674126,2.69,1.0000,0.00,0.0000,60.7233,0.0000,74.5991,1,1841,0,0,0.004105
344,19,702000000,19.702000000,-2.330358430452071,-1.8646184252638491,39.559751913867856,0.03678643466964193,0.049266316487956055,-0.3889178062218484,0.9192184333919711,404,390,190,375,190,0,0.4872,0.9653,35.6575,212.7518,6.8805,0,True,18.03,True,0.9899449286592888,0.14049877763447302,-0.016405234072532738,2.46,6.0000,0.00,0.0000,62.9206,0.0000,66.2778,1,390,0,0,0.004435
345,19,735000000,19.735000000,-1.6794724663517426,-2.6134304325702775,39.43473975665546,0.03338192986617031,0.051297200827654627,-0.4053022724606819,0.9121317404212312,188,185,72,184,72,0,0.3892,0.9840,27.7097,56.5556,4.1090,0,True,18.03,True,0.9984109651137698,-0.056179816399085515,-0.004401473611871013,2.10,0.0000,0.00,0.0000,65.4613,0.0000,76.6430,1,185,0,0,0.006410
346,19,768000000,19.768000000,-1.6794724663517426,-2.6134304325702775,39.43473975665546,0.03338192986617031,0.051297200827654627,-0.4053022724606819,0.9121317404212312,2000,0,0,0,0,0,0.0000,0.0000,0.0000,0.0000,0.0000,1,True,19.67,True,0.0,0.0,0.0,0.00,1.0000,0.00,0.0000,67.1708,0.0000,51.6023,1,2000,0,0,0.005646
347,19,801000000,19.801000000,-1.291990826194356,-3.531047238407585,39.34621079989065,0.03154211079620755,0.052593490795700276,-0.41639524454246163,0.9071130140698378,2000,1943,860,1811,860,0,0.4426,0.9715,19.5409,186.8137,3.3203,0,True,18.03,True,0.9441424413817278,-0.3279855056424197,0.031946180839608616,1.42,7.0000,0.00,0.0000,68.6806,0.0000,45.6119,1,1943,0,0,0.006414
348,19,834000000,19.834000000,-1.4718102568339213,-2.687302859616521,39.851938390222564,0.035204196518268685,0.06109783883925561,-0.42536957959275834,0.9022684962879706,856,823,264,777,264,0,0.3208,0.9614,22.1765,60.6860,2.4079,0,True,18.03,True,-0.8126025619827341,0.4198312077772992,0.4042509532893536,1.58,2.0000,2.04,0.9737,69.6532,1.0000,29.4115,0,823,0,0,0.005344
349,19,867000000,19.867000000,-0.9825602760404536,-3.122217144070798,39.09597276833807,0.04017487425171931,0.07050168022634662,-0.43151310009266486,0.8984497409496751,256,256,68,256,68,0,0.2656,1.0000,19.6469,25.4209,1.3438,0,True,18.03,True,0.7465039645640271,0.09246983373955654,-0.6589242450679503,1.47,7.0000,2.38,1.1390,70.7906,1.0000,34.4423,0,256,0,0,0.008739
350,19,900000000,19.900000000,-0.9825602760404536,-3.122217144070798,39.09597276833807,0.04017487425171931,0.07050168022634662,-0.43151310009266486,0.8984497409496751,2000,0,0,0,0,0,0.0000,0.0000,0.0000,0.0000,0.0000,1,True,19.67,True,0.0,0.0,0.0,0.00,1.0000,1.36,0.6428,71.4279,1.0000,19.3499,0,2000,0,0,0.007573
351,19,933000000,19.933000000,-1.3455082701356262,-4.012371359777336,39.37146183498528,0.041670798614423035,0.07151403785194994,-0.43382291020252006,0.8971883690264616,2000,1989,1495,1863,1495,0,0.7516,0.9945,6.7788,465.3226,3.9013,0,True,19.67,True,0.4165428325181916,-0.836136161185221,0.35688708107210015,0.37,2.0000,0.48,0.2284,71.6493,1.0000,6.7448,0,1989,0,0,0.003942
352,19,966000000,19.966000000,-1.9615844039151835,-4.726732124821212,39.70333363968273,0.043946168291338454,0.07261607011569338,-0.4337961075052882,0.8970042239402903,1470,1466,1463,1464,1463,0,0.9980,0.9973,7.6813,14.1341,1.4883,0,True,19.67,True,0.11936408442015221,-0.9220195775384954,0.36828265501686736,0.29,4.0000,0.98,0.4223,71.9706,1.0000,9.9382,0,1466,0,0,0.014688
353,19,999000000,19.999000000,-2.387458774252328,-4.734262536873533,38.79858267196606,0.0496360719567605,0.07064329740618687,-0.43235151217745005,0.8975622289346609,1411,1411,818,1407,818,0,0.5797,1.0000,7.4088,37.7156,1.3097,0,True,19.67,True,-0.10292823420216526,-0.35314520001847827,-0.9298893731557174,0.71,10.0000,0.39,0.1711,71.9000,1.0000,2.0202,0,1411,0,0,0.006815
354,20,32000000,20.032000000,-2.697072717323298,-5.679716700238704,38.697312581458114,0.052321509723662,0.06645142916897302,-0.4270419563884493,0.9002676461283964,818,817,668,817,668,0,0.8176,0.9988,11.9024,19.9755,1.5617,0,True,18.03,True,0.5535762106679237,-0.8326397440260632,0.016261477508340467,0.89,9.0000,0.95,0.3941,71.6020,1.0000,8.8388,0,817,0,0,0.010167
355,20,65000000,20.065000000,-2.5525512157291037,-6.664501329309326,38.600809887593236,0.056009292533769274,0.058523432884121,-0.42021641360690354,0.9038009364283024,668,666,464,666,464,0,0.6967,0.9970,16.4825,26.4384,1.0944,0,True,18.03,True,0.8567497260241467,-0.5116987356980837,0.06437632206434518,1.33,4.0000,1.55,0.6631,71.0252,1.0000,17.2572,0,666,0,0,0.011736
356,20,98000000,20.098000000,-2.9534191969204624,-7.558370479899618,38.400054306653296,0.057572771093740704,0.050645699239280084,-0.41193203347222496,0.9079825928819284,464,462,449,449,449,0,0.9719,0.9957,20.7302,306.3359,1.9958,0,True,18.03,True,0.447246020281008,-0.8901505355268746,-0.08719530631873695,1.41,4.0000,1.79,0.7835,70.3121,1.0000,21.4143,0,462,0,0,0.010955
357,20,131000000,20.131000000,-1.9590291707849037,-7.6584760678426615,38.36588784378842,0.061210219241372724,0.04109030137907973,-0.40140260102709396,0.9129298155289284,449,448,445,445,445,0,0.9933,0.9978,18.7832,60.7803,1.2293,0,True,18.03,True,0.7308802580109903,0.6820415418809476,0.025167113430982255,1.77,14.0000,1.75,0.7754,69.5938,1.0000,21.6250,0,448,0,0,0.009458
358,20,164000000,20.164000000,-1.6982671262796072,-7.725720909827925,37.40282954473702,0.06707824516591866,0.031219392380588355,-0.39202376367971575,0.9169750417951615,445,444,170,434,170,0,0.3829,0.9978,21.6909,357.9719,1.6229,0,True,18.03,True,0.34437536913989447,0.07149031248925698,-0.9361061586967312,1.76,15.0000,1.86,0.8353,68.8124,1.0000,23.5564,0,444,0,0,0.006100
359,20,197000000,20.197000000,-2.3470707423820993,-7.237851373848458,37.98681343457945,0.0690694197174164,0.01590352895762096,-0.37946992027636667,0.9224852696016569,170,170,161,167,161,0,0.9471,1.0000,28.2552,171.1481,1.5714,0,True,16.39,True,-0.8609797347348485,-0.07810482027778153,0.5026067383405095,2.37,0.0000,3.30,1.5065,67.3964,1.0000,42.7698,0,170,0,0,0.019010
360,20,230000000,20.230000000,-1.5331079015905957,-6.739867173836894,38.285939211384886,0.0734652654232069,0.0006448801828755818,-0.36090863053549666,0.9297028553849019,161,161,161,161,161,0,1.0000,1.0000,22.6775,27.3033,1.3103,0,True,16.39,True,0.2071270485385996,0.9559758689733395,0.20786660074277735,2.92,4.0000,2.48,1.1284,66.3310,1.0000,32.2393,0,161,0,0,0.011285
361,20,263000000,20.263000000,-2.454648338410555,-6.5751840469163,38.637567837940416,0.07517346569778442,-0.01199048533248904,-0.347619032662705,0.9345406285695237,161,161,102,161,102,0,0.6335,1.0000,23.1513,27.2066,1.2952,0,True,16.39,True,-0.8110362902550647,-0.4506373140058849,0.37302298470049305,2.18,3.0000,2.70,1.2331,65.1651,1.0000,35.3347,0,161,0,0,0.012189
362,20,296000000,20.296000000,-3.036887316692296,-7.284408404636577,38.24007748260374,0.06645813724576763,-0.007882984017881598,-0.3691271105884059,0.9269662080062311,102,102,102,102,102,0,1.0000,1.0000,23.4669,26.1612,1.2643,0,True,14.75,True,0.032590390308122726,-0.966215276922411,-0.25566756755856374,2.84,2.0000,2.79,1.2782,63.9560,1.0000,36.7068,0,102,0,0,0.012726
363,20,329000000,20.329000000,-2.4051901820601573,-6.5727436475061145,38.54747299909018,0.07371673312114443,-0.029639992902474856,-0.3307009422217062,0.9403851343425007,102,102,102,102,102,0,1.0000,1.0000,22.3199,24.3496,1.1350,0,True,14.75,True,-0.03887823516836163,0.9827373082944462,0.18087527668639602,5.35,0.0000,2.69,1.2335,62.7899,1.0000,35.4626,0,102,0,0,0.012597
364,20,362000000,20.362000000,-3.020906176743221,-5.89528152644737,38.14505668676919,0.07796072391490541,-0.041114737749819864,-0.3178133460347947,0.9440478700514053,102,102,102,102,102,0,1.0000,1.0000,21.0319,22.3898,0.9722,0,True,14.75,True,-0.9070969203340018,0.07797108261907104,-0.4136371446035518,2.08,1.0000,2.55,1.1640,61.6917,1.0000,33.4531,0,102,0,0,0.012423
365,20,395000000,20.395000000,-2.6367497249304357,-5.059082621837888,38.536458286740995,0.08453130145570484,-0.0647510690574776,-0.2681836030514326,0.9574650454113037,102,102,102,102,102,0,1.0000,1.0000,18.9599,19.7202,0.8371,0,True,14.75,True,-0.19088935584938949,0.9530102036445951,0.23522926172713401,6.53,2.0000,2.18,0.9932,60.7573,1.0000,28.5096,0,102,0,0,0.011233
366,20,428000000,20.428000000,-2.3143185014881986,-4.255636057505749,39.036969749559184,0.08802094123764502,-0.08067349365580345,-0.23999039210164871,0.9634047503639906,102,102,102,102,102,0,1.0000,1.0000,16.0486,16.8183,0.7752,0,True,14.75,True,-0.10869296185375264,0.936850081708613,0.33241204016404674,3.79,5.0000,1.55,0.7012,60.0995,1.0000,20.1011,0,102,0,0,0.008389
367,20,461000000,20.461000000,-2.1443135136214377,-3.3382828054692197,39.39691601649135,0.09078854417278216,-0.09782562410703358,-0.20596583167876964,0.9694151142291567,102,102,102,102,102,0,1.0000,1.0000,17.8562,18.5265,0.6863,0,True,14.75,True,-0.24827386436615068,0.9486509580255,0.19601389774707093,4.43,1.0000,2.38,1.0807,59.0903,1.0000,30.8872,0,102,0,0,0.014083
368,20,494000000,20.494000000,-2.119139952472229,-3.250273288097376,38.401114521879585,0.09311031992361651,-0.07957242581691908,-0.1958271855188969,0.972959614159334,102,100,100,100,100,0,1.0000,0.9804,17.3522,18.1152,0.5625,0,True,14.75,True,-0.16578176459545096,-0.12671574402205218,-0.9779874880306784,2.44,5.0000,2.53,1.1426,58.0341,1.0000,32.4082,0,100,0,0,0.017406
369,20,527000000,20.527000000,-2.9279975940376213,-2.6631117868183107,38.36963933964052,0.09367177383501898,-0.08657489396424416,-0.18684518614883935,0.974073540824658,100,79,48,79,48,0,0.6076,0.7900,12.8701,13.7263,0.5601,0,True,14.75,True,-0.9727505058327428,0.22902287855464043,0.036124430800903565,1.31,11.0000,1.62,0.7171,57.3819,1.0000,20.0640,0,79,0,0,0.013241
370,20,560000000,20.560000000,-2.9279975940376213,-2.6631117868183107,38.36963933964052,0.09367177383501898,-0.08657489396424416,-0.18684518614883935,0.974073540824658,2000,0,0,0,0,0,0.0000,0.0000,0.0000,0.0000,0.0000,1,True,16.39,True,0.0,0.0,0.0,0.00,0.0000,1.06,0.4583,56.9731,1.0000,12.6116,0,2000,0,0,0.010179
371,20,593000000,20.593000000,-2.7471403689517473,-3.6375468466833953,38.236346510726335,0.09406207354334621,-0.09118418746175577,-0.18217666087972406,0.9744995815845071,2000,1983,1933,1957,1933,0,0.9748,0.9915,12.6281,153.7059,4.1107,0,True,16.39,True,0.5182036236104696,-0.855035084136905,-0.019493829074208848,0.75,8.0000,1.24,0.5223,56.5295,1.0000,13.7516,0,1983,0,0,0.015734
372,20,626000000,20.626000000,-2.661715660123535,-4.535775342911725,37.805198986455366,0.09495871895847527,-0.09217881156843792,-0.17897303060737316,0.9749125923419022,1922,1913,1898,1901,1898,0,0.9922,0.9953,8.7802,26.3554,2.0106,0,True,16.39,True,0.350822657499948,-0.8872119696713948,-0.29963041210210656,0.40,8.0000,0.71,0.2863,56.3281,1.0000,6.3260,0,1913,0,0,0.012894
373,20,659000000,20.659000000,-2.4427539260968674,-5.49692475711355,37.637128874265535,0.09595432019379385,-0.09243042506650978,-0.17737980848561063,0.9750824521545752,1889,1864,1648,1858,1648,0,0.8841,0.9868,5.8349,19.2454,1.7403,0,True,16.39,True,0.5289533118598588,-0.8463290690052632,-0.0627335701930902,0.22,4.0000,0.32,0.1449,56.2885,1.0000,1.3463,0,1864,0,0,0.007899
374,20,692000000,20.692000000,-2.1684441609377436,-6.458468038118725,37.62339310009245,0.09698537852178686,-0.09159814049425023,-0.17740349851769088,0.9750546731976956,1643,1642,1575,1642,1575,0,0.9592,0.9994,4.4490,9.2013,1.1451,0,True,14.75,True,0.600025772216257,-0.7963270533689547,0.07636947524372767,0.15,7.0000,0.31,0.1260,56.3747,1.0000,2.5306,0,1642,0,0,0.015668
375,20,725000000,20.725000000,-1.381052497266611,-6.91005565181894,37.20377065653903,0.09935692758929124,-0.08921365060384863,-0.1774283031235404,0.9750324726575273,1570,1570,1288,1567,1288,0,0.8204,1.0000,4.2519,9.5105,1.1306,0,True,14.75,True,0.8283543911585011,-0.2492559537067505,-0.5016975903770791,0.39,14.0000,0.41,0.1804,56.5422,1.0000,5.0374,0,1570,0,0,0.009462
376,20,758000000,20.758000000,-0.4632681781468564,-6.696222126602345,36.8691855895212,0.10138167110268968,-0.08764741571136533,-0.17865141116914257,0.9747427150642466,1286,1286,849,1279,849,0,0.6602,1.0000,3.3873,11.8844,1.1369,0,True,14.75,True,0.7212012291848235,0.4220092767354365,-0.5493422952691095,0.33,47.0000,0.11,0.0403,56.5814,1.0000,1.1865,0,1286,0,0,0.001545
377,20,791000000,20.791000000,-0.23397354686759583,-6.645509560797595,35.897150503870485,0.10786286294588042,-0.08345877284584588,-0.18360553090136203,0.9734933204982008,849,849,824,849,824,0,0.9706,1.0000,5.7337,15.6141,1.3471,0,True,14.75,True,0.06169378547341979,-0.10033957340180696,-0.9930386935278519,1.06,64.0000,0.11,0.0403,56.6206,1.0000,1.1865,0,849,0,0,0.001545
378,20,824000000,20.824000000,-0.028425698378416908,-7.613557013422282,35.753504371140416,0.10878511366680926,-0.08161166977669998,-0.1902001554352024,0.9722804303662514,824,824,822,824,822,0,0.9976,1.0000,7.8687,20.0159,1.3675,0,True,14.75,True,0.5346581866666498,-0.8450455624689205,-0.0062145620855853815,0.80,31.0000,0.11,0.0403,56.6598,1.0000,1.1865,0,824,0,0,0.001544
379,20,857000000,20.857000000,0.04318252221649552,-8.57332171039317,36.02502598941711,0.11010038312781635,-0.07408183370994435,-0.19767016598915876,0.9712447132556751,821,812,806,806,806,0,0.9926,0.9890,16.8149,35.1845,1.5182,0,True,14.75,True,0.4693437726405623,-0.7765273923733064,0.42038272083595124,1.23,0.0000,1.78,0.8262,57.4780,1.0000,24.8776,0,812,0,0,0.014893
380,20,890000000,20.890000000,0.1264189128204469,-8.29877059678179,35.06706284331285,0.11618084335377105,-0.06992406176084805,-0.2067563707860121,0.9689501743453419,789,787,757,785,757,0,0.9619,0.9975,11.7470,27.6450,1.0293,0,True,13.11,True,-0.13023718356700234,0.04410729925146319,-0.9905012984187739,1.37,8.0000,0.00,0.0000,60.5087,0.0000,92.4957,1,787,0,0,0.049969
381,20,923000000,20.923000000,0.16904110853171672,-8.02932486384831,34.10499094088731,0.12460187795359394,-0.053042018541388194,-0.21704621535431973,0.9667222231229916,754,730,704,704,704,0,0.9644,0.9682,28.2131,88.7900,1.9493,0,True,11.48,True,-0.15792247832509532,0.011094883376209038,-0.9873891808210824,2.48,7.0000,2.95,1.4134,61.9061,1.0000,42.6599,0,730,0,0,0.014458
382,20,956000000,20.956000000,-0.09141537833155305,-8.790078042893281,33.51050206880997,0.1253948852644844,-0.03414474271262804,-0.23035242748989332,0.9643899721814349,679,635,605,605,605,0,0.9528,0.9352,28.8793,95.8832,1.9357,0,True,11.48,True,0.0660403357862432,-0.9282180344099096,-0.36612833084240276,2.66,10.0000,2.90,1.3901,63.2807,1.0000,41.9433,0,635,0,0,0.012694
383,20,989000000,20.989000000,0.685119082619724,-8.698266626283418,32.887152331715946,0.12700281431485858,-0.030830694800703218,-0.24080163043185454,0.9617350613321591,575,563,556,560,556,0,0.9876,0.9791,15.8296,114.2410,0.9404,0,True,11.48,True,0.6456951063719693,0.2569761999189365,-0.7190556739797787,1.31,3.0000,0.00,0.0000,65.0296,0.0000,53.3384,1,563,0,0,0.014704
384,21,22000000,21.022000000,1.374774704500203,-9.161898984102393,32.33089685085139,0.13048067465073723,-0.015635421176605935,-0.2524067466288527,0.9586559139772501,553,530,463,489,463,0,0.8736,0.9584,30.7166,62.1320,2.1179,0,True,11.48,True,0.8277745064727867,-0.22502261412711952,-0.5139593267614977,2.25,12.0000,2.97,1.4224,66.4374,1.0000,42.9127,0,530,0,0,0.005892
385,21,55000000,21.055000000,2.2961649684164316,-9.35081354161472,31.991262824993704,0.13387602397434334,-0.0013447241058121703,-0.2640696201452467,0.9551662879510799,408,350,299,313,299,0,0.8543,0.8578,30.8928,62.3605,2.7453,0,True,11.48,True,0.907921955119014,0.19608190507595757,-0.37044515102056624,2.19,2.0000,2.81,1.3440,67.7683,1.0000,40.5493,0,350,0,0,0.014328
386,21,88000000,21.088000000,2.707772265345664,-10.02832013008285,32.60082353214016,0.12707478524099275,-0.013414507337262025,-0.28101320400303476,0.951159097693337,219,212,212,212,212,0,1.0000,0.9680,18.3028,37.3335,1.1785,0,True,9.84,True,0.6546870130555387,-0.19491393465987217,0.7303379170026871,2.55,7.0000,0.00,0.0000,70.3077,0.0000,77.3279,1,212,0,0,0.018346
387,21,121000000,21.121000000,3.2102376293225006,-10.556274421602328,31.916139061694263,0.13095039543263215,0.0026895541419114186,-0.2946314573603702,0.9465923433919479,209,142,117,134,117,0,0.8239,0.6794,35.2776,62.0368,2.9312,0,True,9.84,True,0.7383861714817662,-0.33130229954807483,-0.5873879876867226,2.51,1.0000,3.09,1.4797,71.7751,1.0000,44.6621,0,142,0,0,0.009597
388,21,154000000,21.154000000,3.2102376293225006,-10.556274421602328,31.916139061694263,0.13095039543263215,0.0026895541419114186,-0.2946314573603702,0.9465923433919479,2000,0,0,0,0,0,0.0000,0.0000,0.0000,0.0000,0.0000,1,True,11.48,True,0.0,0.0,0.0,0.00,2.0000,0.00,0.0000,73.8870,0.0000,64.2473,1,2000,0,0,0.007946
389,21,187000000,21.187000000,3.7786244523642676,-11.36386116978995,31.75884931776854,0.13025348520829164,0.005986036408552658,-0.3095454548115825,0.9419022286653214,2000,1993,983,1910,983,0,0.4932,0.9965,23.2354,185.5906,3.7503,0,True,11.48,True,0.9325323049806766,-0.36098333157156426,0.00863333625665996,1.83,7.0000,0.00,0.0000,76.3420,0.0000,74.6493,1,1993,0,0,0.021383
390,21,220000000,21.220000000,3.63505979215161,-12.161328971579152,31.172816645089366,0.12953090803477318,0.010332308935386015,-0.32685394355697356,0.9360990796048276,982,970,965,965,965,0,0.9948,0.9878,22.6794,64.2339,1.3396,0,True,11.48,True,0.40160157702038307,-0.8431480445404882,-0.35751580150014695,2.15,14.0000,0.00,0.0000,78.3882,0.0000,62.1959,1,970,0,0,0.008167
391,21,253000000,21.253000000,3.654090080304983,-12.919894720099007,30.521498095295726,0.12916383756380403,0.014437634652879163,-0.3440504970540453,0.9299126374279928,958,943,939,939,939,0,0.9958,0.9843,22.8995,48.8375,1.3271,0,True,11.48,True,0.5448726540134584,-0.7128846572613352,-0.4414852844090259,2.15,14.0000,0.00,0.0000,80.5325,0.0000,65.1565,1,943,0,0,0.010618
392,21,286000000,21.286000000,3.0093008253722475,-13.678583153566823,30.428553608394047,0.12681523282647655,0.018581730718555636,-0.36337279569926934,0.9227853636422538,937,924,909,910,909,0,0.9838,0.9861,22.9612,49.0125,1.4714,0,True,11.48,True,0.001519538605198689,-0.9901531092972138,0.13998039559698158,2.42,3.0000,0.00,0.0000,82.7946,0.0000,68.7211,1,924,0,0,0.020217
393,21,319000000,21.319000000,2.6998683194156037,-14.439111093718198,30.999385261779253,0.12471140522984764,0.018380702137299705,-0.38254685433881014,0.9152961921859053,901,889,878,878,878,0,0.9876,0.9867,23.1379,49.7953,1.3805,0,True,11.48,True,0.20675943111896025,-0.6183068490980944,0.7582527138110028,2.37,0.0000,0.00,0.0000,84.8662,0.0000,62.9158,1,889,0,0,0.006322
394,21,352000000,21.352000000,1.9884267570095664,-14.969532098737982,30.538403200615218,0.12361388355802136,0.02413721925544536,-0.4025243507001881,0.9067034518141587,875,867,857,857,857,0,0.9885,0.9909,23.4402,53.4378,1.4245,0,True,9.84,True,-0.07422181720276841,-0.9589086116187888,-0.2738346150771404,2.58,10.0000,0.00,0.0000,86.6926,0.0000,55.4557,1,867,0,0,0.018193
395,21,385000000,21.385000000,2.64264143469054,-15.429760904402107,29.938242720456998,0.12430969068747123,0.02667621814035244,-0.41714682480290466,0.8999022206572047,847,837,556,828,556,0,0.6643,0.9882,23.3658,50.1281,1.4575,0,True,9.84,True,0.8606407199876107,0.0615445443099724,-0.505479792044039,1.87,0.0000,0.00,0.0000,89.3768,0.0000,81.4883,1,837,0,0,0.016789
396,21,418000000,21.418000000,2.159608453972612,-15.782500834454343,30.739650033429303,0.12400309376151429,0.02784193015213828,-0.4332811465722023,0.8922530513750314,552,524,517,522,517,0,0.9866,0.9493,25.3118,47.0148,1.4785,0,True,9.84,True,-0.17333908805162485,-0.42346761471047023,0.8891730651818327,2.05,2.0000,0.00,0.0000,91.4728,0.0000,63.6217,1,524,0,0,0.013411
397,21,451000000,21.451000000,2.0644245351527553,-15.571642374621186,29.766778648551075,0.12862164424617817,0.029665605275659215,-0.44992148285480527,0.88325935248984,512,499,495,495,495,0,0.9920,0.9746,25.1360,61.4296,1.4857,0,True,9.84,True,-0.06799889742151022,-0.14085784482911123,-0.9876918636394435,2.24,7.0000,0.00,0.0000,93.2189,0.0000,52.9911,1,499,0,0,0.011423
398,21,484000000,21.484000000,1.4891427347558792,-15.349459378716974,28.979577551967004,0.13430982022201404,0.037552450528636094,-0.46879556209476925,0.8722278409976798,487,469,468,468,468,0,0.9979,0.9630,24.5058,45.8556,1.4420,0,True,8.20,True,-0.38389250636396643,-0.49459028066789307,-0.7797480348333344,2.74,13.0000,0.00,0.0000,95.3162,0.0000,63.6435,1,469,0,0,0.014089
399,21,517000000,21.517000000,1.7823136728263456,-16.040885782476195,28.319289486608064,0.13991171983008752,0.050449539093812265,-0.4797608357880546,0.8647017376548727,461,427,264,397,264,0,0.6183,0.9262,36.8432,97.7252,2.5699,0,True,8.20,True,0.8483563332253127,-0.25131778742137817,-0.4659730696103852,2.22,5.0000,2.86,1.3730,96.6868,1.0000,41.5900,0,427,0,0,0.009473
400,21,550000000,21.550000000,1.8780732264847233,-16.66725820609855,27.54566962206955,0.14095608612569507,0.051585478070860724,-0.4928082870851813,0.8570941094281864,237,219,163,217,163,0,0.7443,0.9241,24.9167,42.2051,1.5878,0,True,8.20,True,0.7334024810779157,-0.3824402493293102,-0.5620144628403192,1.74,3.0000,0.00,0.0000,99.0254,0.0000,70.9562,1,219,0,0,0.016730
401,21,583000000,21.583000000,2.846759409158114,-16.913969932848207,27.573605322917295,0.14329970075871418,0.046373211565024976,-0.49841266687788666,0.8537561329251353,160,157,145,147,145,0,0.9236,0.9812,24.3256,39.6023,2.0952,0,True,8.20,True,0.6914949965178988,0.7206548587480929,0.049912366738893287,0.99,7.0000,0.00,0.0000,101.6972,0.0000,81.0615,1,157,0,0,0.020231
402,21,616000000,21.616000000,2.941232572639173,-17.891237387003407,27.383807682176226,0.14350464985459863,0.04316863432268349,-0.5119207378760599,0.8458605337839412,138,135,134,134,134,0,0.9926,0.9783,24.9441,50.2063,1.6552,0,True,8.20,True,0.9079809155133315,-0.4076059669395079,0.09709805754432645,1.83,9.0000,0.00,0.0000,103.4306,0.0000,52.5912,1,135,0,0,0.013884
403,21,649000000,21.649000000,2.83813575508427,-18.551864780603093,26.6402066513568,0.144867194505607,0.043175644004680616,-0.5233925025047108,0.8385759643840933,128,121,95,121,95,0,0.7851,0.9453,24.0172,38.2782,1.5099,0,True,6.56,True,0.6788182919937894,-0.525386568395899,-0.513005536231156,1.57,8.0000,0.00,0.0000,105.2230,0.0000,54.3774,1,121,0,0,0.015127
404,21,682000000,21.682000000,2.83813575508427,-18.551864780603093,26.6402066513568,0.144867194505607,0.043175644004680616,-0.5233925025047108,0.8385759643840933,2000,0,0,0,0,0,0.0000,0.0000,0.0000,0.0000,0.0000,1,True,8.20,True,0.0,0.0,0.0,0.00,9.0000,0.00,0.0000,106.9278,0.0000,51.7227,1,2000,0,0,0.015289
405,21,715000000,21.715000000,1.844095200661794,-18.659680670191072,26.65630354906419,0.1446916035477492,0.044844331950771275,-0.5348793099399239,0.8312385034109409,2000,1981,1771,1904,1771,0,0.8940,0.9905,18.2694,300.1885,3.0247,0,True,8.20,True,-0.35603374475795785,-0.9260493737593859,0.12518997545120938,1.57,8.0000,0.00,0.0000,108.4932,0.0000,47.4923,1,1981,0,0,0.014953
406,21,748000000,21.748000000,1.0046072728317312,-18.774382210626584,26.125169314007458,0.14567150512624719,0.04673125316973534,-0.545870363705581,0.8237848921893244,1769,1762,1758,1758,1758,0,0.9977,0.9960,13.8352,47.0671,1.4416,0,True,8.20,True,-0.13344735723974235,-0.9039376046140987,-0.4063109767287298,1.54,6.0000,0.00,0.0000,110.0954,0.0000,48.6092,1,1762,0,0,0.016428
407,21,781000000,21.781000000,0.04028333668426276,-18.904216139636024,25.894469298725667,0.1523180089392149,0.058523301366443,-0.5540897688072884,0.8163080150611357,1752,1707,1691,1692,1691,0,0.9906,0.9743,20.3071,188.4834,1.9047,0,True,6.56,True,-0.21597284311721307,-0.9709513218026907,-0.10300127050418105,2.01,6.0000,2.95,1.4106,111.5029,1.0000,42.6961,0,1707,0,0,0.015601
408,21,814000000,21.814000000,-0.8480536523289689,-18.98095167971018,26.347204376713254,0.15737477181595758,0.06750947961203695,-0.5621394715217631,0.809119809370417,1594,1515,1491,1491,1491,0,0.9842,0.9504,18.3120,169.6006,1.8012,0,True,6.56,True,-0.38841419847430625,-0.7622752564308016,0.5177555831248156,1.71,5.0000,2.67,1.2763,112.7757,1.0000,38.6103,0,1515,0,0,0.015282
409,21,847000000,21.847000000,-1.0493823769051138,-18.37356083374886,27.11567240135899,0.16519145109644368,0.07437579417290663,-0.5665348062751175,0.8038770670970878,1367,1315,1072,1269,1072,0,0.8152,0.9620,16.1960,39.7778,1.7937,0,True,6.56,True,-0.8317963511149831,0.14339016107492783,0.5362407033960646,1.43,3.0000,2.48,1.1810,113.9526,1.0000,35.6983,0,1315,0,0,0.015387
410,21,880000000,21.880000000,-2.019184669782465,-18.462602618336785,27.342729824332174,0.16594949739841067,0.07794841675307429,-0.5745889062585696,0.7976417726294709,944,942,939,939,939,0,0.9968,0.9979,7.4365,15.7884,1.3780,0,True,6.56,True,-0.3272686788447747,-0.8930290376990652,0.3088597572903878,1.24,12.0000,0.87,0.4047,114.3556,1.0000,12.2245,0,942,0,0,0.005649
411,21,913000000,21.913000000,-2.2610995463366725,-18.462782785603604,28.313027283898833,0.17379318240955235,0.0816624676423626,-0.5791140064783077,0.7923093705284336,895,848,807,826,807,0,0.9517,0.9475,12.5014,53.8307,2.0048,0,True,4.92,True,-0.3847744668459377,-0.058099613678072703,0.9211802454209942,1.28,12.0000,2.19,1.0416,115.3922,1.0000,31.4413,0,848,0,0,0.015470
412,21,946000000,21.946000000,-2.932880900429084,-18.541002070259044,29.049635426537613,0.1822678590619494,0.08831849763916808,-0.5829306789240332,0.7868736201556762,700,635,614,614,614,0,0.9669,0.9071,18.6289,518.5560,2.2236,0,True,4.92,True,-0.38626049266865536,-0.52338644930751,0.7595192271987885,1.45,6.0000,2.96,1.4182,116.8013,1.0000,42.7329,0,635,0,0,0.017805
413,21,979000000,21.979000000,-3.8827215251368608,-18.34659422692339,28.80466935112242,0.18639048626086663,0.09202723432317982,-0.5864700928252277,0.782842516088538,458,451,401,450,401,0,0.8891,0.9847,5.6396,11.3619,1.7371,0,True,4.92,True,-0.37548039170676584,-0.8976258735457969,-0.23082951844354516,0.88,3.0000,1.26,0.5929,117.3892,1.0000,17.8283,0,451,0,0,0.016971
414,22,12000000,22.012000000,-3.749249099823393,-17.75868672694951,29.602510114154356,0.19453673974085622,0.09613786385550106,-0.585892027248238,0.7807967087733205,323,292,276,282,276,0,0.9452,0.9040,13.1218,20.1007,3.0372,0,True,4.92,True,-0.7696525719858023,0.41648876142803143,0.4839132463983434,1.07,2.0000,2.30,1.0912,118.4672,1.0000,32.6841,0,292,0,0,0.017935
415,22,45000000,22.045000000,-3.7288873664848516,-18.164255289040494,30.516347923209608,0.2004061039640455,0.09317996374539231,-0.5895975244787485,0.7768717056109659,162,162,162,162,162,0,1.0000,1.0000,3.3913,11.1598,2.2006,0,True,4.92,True,0.01639410836377724,0.09762415761327949,0.9950883162118096,0.97,7.0000,0.95,0.4472,118.9066,1.0000,13.3210,0,162,0,0,0.020238
416,22,78000000,22.078000000,-3.7512399100052187,-18.635324814292073,31.398160752656665,0.20656992551108674,0.08967009923274757,-0.5924411763036744,0.7734995745298453,125,124,124,124,124,0,1.0000,0.9920,5.5333,7.6962,2.2493,0,True,4.92,True,0.07146676325769445,0.0506562661975922,0.9961558334138225,0.96,10.0000,1.20,0.5595,119.4523,1.0000,16.5455,0,124,0,0,0.018651
417,22,111000000,22.111000000,-3.7512399100052187,-18.635324814292073,31.398160752656665,0.20656992551108674,0.08967009923274757,-0.5924411763036744,0.7734995745298453,2000,0,0,0,0,0,0.0000,0.0000,0.0000,0.0000,0.0000,1,True,6.56,True,0.0,0.0,0.0,0.00,3.0000,0.63,0.2890,119.7308,1.0000,8.4410,0,2000,0,0,0.011920
418,22,144000000,22.144000000,-4.7183305295167965,-18.528462819572642,31.629063865968924,0.2086307113247974,0.09081110627583985,-0.5930309119793954,0.7723606066507753,2000,1992,1876,1916,1876,0,0.9418,0.9960,15.2153,743.8098,3.8652,0,True,6.56,True,-0.4551944905182683,-0.8501884742687325,0.2645326709924863,0.31,9.0000,0.85,0.3825,120.0870,1.0000,10.7968,0,1992,0,0,0.021519
419,22,177000000,22.177000000,-5.6994952934514185,-18.335970662921323,31.64526496595758,0.20990838084678645,0.09086090520946895,-0.5933898011448975,0.7717326683846002,1855,1855,1736,1840,1736,0,0.9358,1.0000,4.4353,184.8571,2.1222,0,True,6.56,True,-0.4501824331738231,-0.8921735335405905,0.03690749126388297,0.17,3.0000,0.35,0.1503,120.2145,1.0000,3.8619,0,1855,0,0,0.012446
420,22,210000000,22.210000000,-6.694139651029417,-18.23263035611266,31.647104239439688,0.2104439703264644,0.09077473429191114,-0.5935117840499314,0.7715031076809312,1730,1730,1723,1723,1723,0,0.9960,1.0000,6.2696,256.7045,1.4429,0,True,6.56,True,-0.36919122285223005,-0.9270555237093677,0.06531383413049052,0.07,8.0000,0.37,0.1563,120.2914,1.0000,2.3288,0,1730,0,0,0.022176
421,22,243000000,22.243000000,-7.67895595711209,-18.059881811606008,31.664273503969927,0.21103597147953368,0.08940750441811275,-0.5928646608978101,0.7719984525592906,1723,1722,1698,1719,1698,0,0.9861,0.9994,6.1139,12.9835,1.5010,0,True,6.56,True,-0.43306657195299814,-0.9000438947819681,0.0487271148600456,0.19,8.0000,0.15,0.0696,120.2637,1.0000,0.8416,0,1722,0,0,0.010909
422,22,276000000,22.276000000,-8.631709345627781,-17.932153060866874,31.38868985622121,0.21152411242807026,0.08872844015074091,-0.592216064942816,0.7724409014245556,1696,1696,1681,1681,1681,0,0.9912,1.0000,7.4459,109.6307,1.8466,0,True,6.56,True,-0.2728554389105746,-0.9421051424557992,-0.1949046177371268,0.13,7.0000,0.19,0.0748,120.2090,1.0000,1.6568,0,1696,0,0,0.008793
423,22,309000000,22.309000000,-9.54745714491835,-17.669835353334676,31.08439495253478,0.21169872903411874,0.08532854750840557,-0.5903552414134643,0.7741985378706776,1679,1676,1666,1666,1666,0,0.9940,0.9982,11.4097,585.2858,1.6176,0,True,6.56,True,-0.37118800863394597,-0.8848090804115467,-0.2816599962146536,0.49,0.0000,0.86,0.3811,119.8607,1.0000,10.5594,0,1676,0,0,0.027418
424,22,342000000,22.342000000,-10.42252102903076,-17.458866366544918,31.52000404947262,0.21064174412717626,0.0800839270278052,-0.5880748598234284,0.7767783335717607,1665,1663,1619,1644,1619,0,0.9735,0.9988,10.7559,21.3092,1.5409,0,True,6.56,True,-0.6040301311663189,-0.6876051286203521,0.4029228061777947,0.73,4.0000,0.85,0.3930,119.4799,1.0000,11.5437,0,1663,0,0,0.018180
425,22,375000000,22.375000000,-11.17619490231753,-16.92004383455956,31.89636288323344,0.21081190684592105,0.0755599277410065,-0.5842901489929565,0.7800346524620231,1619,1617,1497,1601,1497,0,0.9258,0.9988,10.6590,20.2165,1.5509,0,True,6.56,True,-0.836877140487922,-0.507954751005217,0.2040064279869306,0.77,7.0000,0.67,0.3165,119.1695,1.0000,9.4080,0,1617,0,0,0.011849
426,22,408000000,22.408000000,-12.111867743283668,-16.936644560401135,32.24884089755474,0.20721349066322514,0.06778271255374466,-0.5828018471969576,0.7828218699486058,1497,1481,1462,1462,1462,0,0.9872,0.9893,14.9456,284.9737,1.7837,0,True,6.56,True,-0.39990033917982193,-0.8016953798012632,0.44425694899367857,1.05,2.0000,1.49,0.7028,118.4755,1.0000,21.0356,0,1481,0,0,0.014428
427,22,441000000,22.441000000,-13.082188165797504,-16.84730785388047,32.02412500910755,0.2057893612582086,0.06299595919752708,-0.5792615279416492,0.7862177371214848,1462,1454,1452,1452,1452,0,0.9986,0.9945,12.8754,44.7761,1.5664,0,True,6.56,True,-0.3031335861262512,-0.9468074023639107,-0.10800820242528955,0.80,10.0000,1.03,0.4894,117.9901,1.0000,14.7133,0,1454,0,0,0.020356
428,22,474000000,22.474000000,-13.826000902847143,-16.48352531145143,31.46340683210007,0.20559206130481317,0.05787054569778192,-0.5750944327688926,0.7897146938403163,1452,1452,1447,1447,1447,0,0.9966,1.0000,14.5252,117.5716,1.6589,0,True,6.56,True,-0.3714402879242647,-0.748468204841094,-0.5493882587466621,0.86,7.0000,1.41,0.6626,117.3313,1.0000,19.9704,0,1452,0,0,0.015598
429,22,507000000,22.507000000,-14.816154644119134,-16.343949438528362,31.474090667686664,0.20203636250650925,0.05011769914171418,-0.5706565255694604,0.7943680848843756,1447,1447,1442,1442,1442,0,0.9965,1.0000,16.0056,112.5745,1.6256,0,True,6.56,True,-0.4555288200520688,-0.8847287434562383,0.09873471833309434,1.22,2.0000,1.83,0.8684,116.4662,1.0000,26.2205,0,1447,0,0,0.018171
430,22,540000000,22.540000000,-15.655727716469096,-16.38040841200783,30.932068712930526,0.19973634154884984,0.04284211189098201,-0.5654346069004077,0.7990955215947485,1442,1442,1437,1441,1437,0,0.9965,1.0000,15.5314,31.6647,1.5091,0,True,6.56,True,-0.08808625904182295,-0.930891146104289,-0.3545172563820552,1.19,14.0000,1.64,0.7746,115.6937,1.0000,23.4127,0,1442,0,0,0.009114
431,22,573000000,22.573000000,-16.653250889545234,-16.33825874701614,30.875757746705435,0.1969687797754152,0.03557242501685145,-0.5593566021208852,0.8043992131000515,1437,1436,1421,1430,1421,0,0.9896,0.9993,15.6390,118.9428,1.4498,0,True,4.92,True,-0.3768057979122932,-0.9219186492425686,0.08990770177486299,1.28,4.0000,1.48,0.6962,114.9991,1.0000,21.0521,0,1436,0,0,0.016380
432,22,606000000,22.606000000,-16.756877217476962,-16.507537371169892,31.855863012258066,0.1959073964470438,0.020345543813942272,-0.5537233955035425,0.8090715370943926,1421,1419,1083,1401,1083,0,0.7632,0.9986,19.9385,101.4261,1.4820,0,True,4.92,True,-0.1606166181207597,0.1266544875855659,0.9788569572505923,1.94,3.0000,2.75,1.3183,113.6830,1.0000,39.8918,0,1419,0,0,0.022605
433,22,639000000,22.639000000,-16.94408560204392,-16.733992927031053,32.81172435260375,0.1951274909152851,0.004641868321273042,-0.5477608778977968,0.8135488528614789,1083,1080,1071,1072,1071,0,0.9917,0.9972,19.9218,716.8159,1.3863,0,True,4.92,True,-0.11000353764947021,0.04203904312486625,0.9930417617390254,1.99,8.0000,2.57,1.2334,112.4509,1.0000,37.3435,0,1080,0,0,0.018186
434,22,672000000,22.672000000,-17.78964682599636,-17.162782499422832,33.12978994199706,0.19031444169212255,-0.009837053366165246,-0.5468616277126598,0.8152459787082347,1071,1053,1044,1044,1044,0,0.9915,0.9832,18.5765,54.8228,1.0546,0,True,4.92,True,-0.02712463849258273,-0.7946090936736643,0.6065151624137394,1.76,10.0000,2.30,1.1060,111.3458,1.0000,33.4952,0,1053,0,0,0.015239
435,22,705000000,22.705000000,-18.3767796813066,-16.399882584312785,33.40045344108831,0.1875547323888954,-0.018618378919515715,-0.5375653807593447,0.8218880944106686,1044,988,959,982,959,0,0.9706,0.9464,18.3695,95.8524,1.0220,0,True,4.92,True,-0.9709426934178814,-0.1830860701746451,0.1541096265858657,1.68,6.0000,1.77,0.8312,110.5152,1.0000,25.1752,0,988,0,0,0.010915
436,22,738000000,22.738000000,-19.017776705084568,-16.914265526657076,32.83077545824801,0.18608111492146795,-0.01687315140497713,-0.5343758216448551,0.8243370649634979,959,903,903,903,903,0,1.0000,0.9416,18.4964,30.7521,0.9075,0,True,4.92,True,0.2854724055210508,-0.9298711267206563,-0.23204567088674952,0.53,2.0000,0.00,0.0000,108.9882,0.0000,46.2851,1,903,0,0,0.018599
437,22,771000000,22.771000000,-18.711614711465273,-15.993189433181701,33.07136569847228,0.18192684378673546,-0.02860035406576102,-0.5180651052137675,0.8352803062547074,903,849,836,836,836,0,0.9847,0.9402,21.6814,395.7349,1.1603,0,True,4.92,True,-0.7272831595700581,0.6772072972156843,-0.11157724859316745,2.66,2.0000,2.53,1.2221,107.7666,1.0000,37.0273,0,849,0,0,0.007229
438,22,804000000,22.804000000,-19.224963853322567,-15.142062153582033,33.18116101929991,0.1761738920048077,-0.040452219931570235,-0.5073649762316611,0.842559884264574,836,772,768,769,768,0,0.9948,0.9234,21.6591,81.5382,1.1057,0,True,4.92,True,-0.997875839474842,-0.06440146958379377,-0.009811203179372443,2.12,7.0000,2.65,1.2732,106.4938,1.0000,38.5770,0,772,0,0,0.022057
439,22,837000000,22.837000000,-20.026427912732437,-14.556036204907654,33.30044617744855,0.16940213074648255,-0.05268162058271508,-0.4978451331712317,0.8489274340772885,768,693,401,693,401,0,0.5786,0.9023,22.1641,29.4319,1.1957,0,True,4.92,True,-0.9087975596550746,-0.3855557516034015,0.15947964751189167,2.07,10.0000,2.71,1.3008,105.1935,1.0000,39.4139,0,693,0,0,0.008346
440,22,870000000,22.870000000,-20.59811312490266,-15.142661010351985,32.72681968239862,0.16890851044169114,-0.05263727203982822,-0.49063093295176635,0.8532177449651723,401,384,384,384,384,0,1.0000,0.9576,19.3052,29.7193,1.5319,0,True,4.92,True,0.26664461671043593,-0.9302660249077839,-0.25200351442314284,0.96,2.0000,0.00,0.0000,103.1004,0.0000,63.4409,1,384,0,0,0.027634
441,22,903000000,22.903000000,-21.48410880644962,-14.718908459183327,32.91508924355547,0.1654684670108349,-0.05534931605016288,-0.4788209502615257,0.8603994056416548,384,384,261,384,261,0,0.6797,1.0000,20.4406,32.9743,1.5531,0,True,4.92,True,-0.8311416929492351,-0.4664752918880454,0.30266200339560667,1.66,1.0000,0.00,0.0000,101.5452,0.0000,47.1383,1,384,0,0,0.015536
442,22,936000000,22.936000000,-22.2722421742209,-14.109696963094315,33.002879605432426,0.16121838352080523,-0.06590175839488145,-0.46722632919589807,0.8668132142287215,261,261,242,261,242,0,0.9272,1.0000,22.0857,27.7903,1.5396,0,True,4.92,True,-0.940585709627546,-0.30879508047699,0.14122365636696704,2.00,6.0000,2.15,1.0383,100.5072,1.0000,31.4633,0,261,0,0,0.010091
443,22,969000000,22.969000000,-23.013596737684797,-13.488089175604614,32.749902986427,0.15930820961423314,-0.0680258377801547,-0.45372435765709934,0.8741439166478643,242,242,239,239,239,0,0.9876,1.0000,22.4707,146.9712,1.6578,0,True,4.92,True,-0.91873860714722,-0.35312448699545723,-0.17669880707401944,1.79,8.0000,0.00,0.0000,98.7312,0.0000,53.8291,1,242,0,0,0.011333
444,23,2000000,23.002000000,-23.85475205882561,-12.998409659302308,32.520399833876894,0.15731585953339913,-0.07053693340966932,-0.4403438561170795,0.8811206215634545,239,238,92,228,92,0,0.3866,0.9958,23.6316,195.0706,2.0873,0,True,4.92,True,-0.8802039565412705,-0.463887295185434,-0.10024755485614316,1.77,3.0000,0.00,0.0000,96.9687,0.0000,53.4216,1,238,0,0,0.021798
445,23,35000000,23.035000000,-23.85475205882561,-12.998409659302308,32.520399833876894,0.15731585953339913,-0.07053693340966932,-0.4403438561170795,0.8811206215634545,2000,0,0,0,0,0,0.0000,0.0000,0.0000,0.0000,0.0000,1,True,6.56,True,0.0,0.0,0.0,0.00,4.0000,0.00,0.0000,95.2031,0.0000,53.5165,1,2000,0,0,0.015910
446,23,68000000,23.068000000,-24.680463358245618,-13.487815569426878,32.239895457538054,0.1561692793748879,-0.07287161161696765,-0.42709881810556594,0.8876302631009731,2000,1887,1638,1714,1638,0,0.8680,0.9435,28.9247,516.3187,3.6701,0,True,6.56,True,-0.10264757176692738,-0.9929970656795208,0.058483361413435964,1.72,5.0000,0.00,0.0000,93.3272,0.0000,56.8570,1,1887,0,0,0.016542
447,23,101000000,23.101000000,-25.408596761698366,-14.15608849360382,32.087471556563536,0.14877253754098108,-0.08614528201649535,-0.41734318164975737,0.8923398406382926,1620,1497,1222,1233,1222,0,0.8163,0.9241,56.1939,771.9090,4.3933,0,True,6.56,True,0.06775975945515461,-0.9791247978503748,0.1916331005673142,2.14,2.0000,2.84,1.3626,91.9650,1.0000,41.2892,0,1497,0,0,0.011816
448,23,134000000,23.134000000,-26.124228820594777,-14.72837418733115,31.68702200788769,0.14804506178412466,-0.08860686495990763,-0.40281438554593557,0.8988726572549427,1222,1180,1023,1141,1023,0,0.8669,0.9656,29.2483,609.8162,2.3205,0,True,6.56,True,-0.026637405962449758,-0.9973911223907621,-0.06709245546026496,1.85,4.0000,0.00,0.0000,90.1355,0.0000,55.4547,1,1180,0,0,0.015652
449,23,167000000,23.167000000,-26.705778150068916,-15.425136931510645,31.26711480895963,0.14613077060695134,-0.09012331611137321,-0.39033954927964726,0.9045212114942743,1021,1006,1005,1005,1005,0,0.9990,0.9853,26.7033,47.3009,1.5050,0,True,4.92,True,0.12234614098539624,-0.9877157557327062,-0.09720600631314177,1.59,7.0000,0.00,0.0000,88.1420,0.0000,60.4251,1,1006,0,0,0.016828
450,23,200000000,23.200000000,-26.56713438081997,-15.382448694848303,30.277692947618828,0.15176319105583513,-0.09147519930617773,-0.3757505439541275,0.909621762311469,998,979,675,975,675,0,0.6895,0.9810,26.9874,46.6086,1.4708,0,True,4.92,True,0.014436575272002415,-0.2090665887238041,-0.9777948387948299,1.89,9.0000,0.00,0.0000,86.4200,0.0000,52.1982,1,979,0,0,0.014388
451,23,233000000,23.233000000,-27.26240093374736,-16.084672867783627,30.12444272306521,0.1449524537032135,-0.10552980812440184,-0.3646301519603533,0.9137270369448496,675,670,665,665,665,0,0.9925,0.9926,30.7062,608.9826,1.7288,0,True,4.92,True,0.0041962272655133685,-0.9803987507472103,0.19697888518835097,2.25,1.0000,3.01,1.4446,84.9762,1.0000,43.7665,0,670,0,0,0.011991
452,23,266000000,23.266000000,-26.282907522134668,-15.88735575000348,30.165168779076676,0.1442720297357261,-0.10866663747568941,-0.34732370701691606,0.9201866038362482,665,663,577,663,577,0,0.8703,0.9970,22.6476,35.6417,1.2503,0,True,4.92,True,0.5632507867343205,0.7731931889017353,-0.29141181149557843,2.15,7.0000,0.00,0.0000,82.9618,0.0000,61.0670,1,663,0,0,0.016660
453,23,299000000,23.299000000,-27.035505507345913,-16.54578309349461,30.173517790944206,0.14239328831433265,-0.11173247807494159,-0.33398199323529887,0.9250383954089909,577,577,577,577,577,0,1.0000,1.0000,22.8574,37.9680,1.2657,0,True,4.92,True,-0.11089827895061473,-0.9267804268014644,0.35885876361527985,1.68,6.0000,0.00,0.0000,81.3087,0.0000,50.1173,1,577,0,0,0.013652
454,23,332000000,23.332000000,-26.317782232944694,-16.059494021546296,30.671911450501003,0.14185128225809535,-0.11556337501289912,-0.31631576826954194,0.9308424436076235,577,577,577,577,577,0,1.0000,1.0000,23.0692,40.6089,1.2708,0,True,4.92,True,0.2793603458152609,0.9472146514289933,0.15729653939050486,2.18,2.0000,0.00,0.0000,79.6255,0.0000,51.0300,1,577,0,0,0.013912
455,23,365000000,23.365000000,-27.204085727580658,-15.650124631089664,30.88843585456031,0.14061667734532268,-0.11831813414512786,-0.29961332200056445,0.936194224754972,577,577,242,572,242,0,0.4194,1.0000,23.0413,43.4411,1.3548,0,True,4.92,True,-0.912609331850606,-0.10888301766981161,0.3940668672729361,2.04,5.0000,0.00,0.0000,77.8050,0.0000,55.1966,1,577,0,0,0.015101
456,23,398000000,23.398000000,-27.99753987419475,-15.050126107316558,30.990574430480457,0.1388279690927659,-0.12104779777390764,-0.2824683870487195,0.9414275521620131,242,242,188,230,188,0,0.7769,1.0000,23.5433,38.1190,1.8014,0,True,4.92,True,-0.971323360017503,0.08396329277083238,0.2224434664164984,2.09,4.0000,0.00,0.0000,75.9900,0.0000,55.0327,1,242,0,0,0.014333
457,23,431000000,23.431000000,-27.00984435236473,-15.16730698249569,30.887007067623355,0.13667069080824987,-0.12374246010804062,-0.266529677568549,0.9460289936442811,188,188,86,182,86,0,0.4574,1.0000,25.2409,34.9009,1.7538,0,True,4.92,True,0.8519164900857699,0.36398806122378863,-0.3764983203235971,1.94,2.0000,0.00,0.0000,74.3668,0.0000,49.2203,1,188,0,0,0.007946
458,23,464000000,23.464000000,-27.00984435236473,-15.16730698249569,30.887007067623355,0.13667069080824987,-0.12374246010804062,-0.266529677568549,0.9460289936442811,2000,0,0,0,0,0,0.0000,0.0000,0.0000,0.0000,0.0000,1,True,6.56,True,0.0,0.0,0.0,0.00,4.0000,3.00,1.4448,72.9234,1.0000,43.7690,0,2000,0,0,0.018897
459,23,497000000,23.497000000,-27.126275414556083,-16.11726622459337,30.597142881994692,0.13477874494899003,-0.12571612650172861,-0.2528254535581636,0.9497944174822703,2000,1935,1403,1694,1403,0,0.7251,0.9675,22.2348,338.8596,5.1896,0,True,6.56,True,0.3681149256292526,-0.9283568706193196,-0.051428808102790935,1.66,9.0000,0.00,0.0000,71.3686,0.0000,47.1495,1,1935,0,0,0.013460
460,23,530000000,23.530000000,-26.870115736309174,-16.9501831101937,30.10660065045671,0.13303258773542997,-0.12709208777883663,-0.23921100635965922,0.9533771689425076,1400,1399,1381,1390,1381,0,0.9871,0.9993,23.3922,100.6044,1.2998,0,True,6.56,True,0.5598459455527314,-0.7386052159207823,-0.37554607209073887,1.63,1.0000,0.00,0.0000,69.4952,0.0000,56.8139,1,1399,0,0,0.009582
461,23,563000000,23.563000000,-27.017159785114597,-17.933506553199813,29.99958170752843,0.13094815076915356,-0.12935227374034944,-0.2265280853441785,0.9564547023454071,1378,1373,1370,1370,1370,0,0.9978,0.9964,23.0790,45.7635,1.1839,0,True,6.56,True,0.33717252879635373,-0.9317336846730552,0.13485928470314376,1.54,2.0000,0.00,0.0000,67.9205,0.0000,47.7609,1,1373,0,0,0.021200
462,23,596000000,23.596000000,-26.79012620902721,-18.826138448120552,29.610141011787526,0.12646408112708604,-0.14314251157669888,-0.21375968237675375,0.9580312394459722,1364,1294,980,1142,980,0,0.7573,0.9487,47.6959,991.1550,2.8657,0,True,6.56,True,0.5399188014190534,-0.8000941988243947,-0.26141339078509906,2.22,5.0000,3.01,1.4491,66.4733,1.0000,43.8968,0,1294,0,0,0.013431
463,23,629000000,23.629000000,-27.135473632317467,-19.763707036174786,29.651375704956536,0.12476692844726153,-0.14553377090189132,-0.2028376142777619,0.9602656076976919,980,980,980,980,980,0,1.0000,1.0000,21.0437,39.6065,1.2082,0,True,6.56,True,0.12739577050155526,-0.9383261833063742,0.3214254056231521,1.32,4.0000,0.00,0.0000,64.9447,0.0000,46.3696,1,980,0,0,0.014603
464,23,662000000,23.662000000,-26.244335739625306,-20.177568826535527,29.46538733250392,0.12147294636088618,-0.15867504033904067,-0.19006640076034134,0.9612186630407352,980,958,569,922,569,0,0.5939,0.9776,27.3647,294.6768,1.7120,0,True,6.56,True,0.9137424005210695,-0.10768276340723959,-0.3917642760065984,2.14,6.0000,2.86,1.3760,63.5708,1.0000,41.6811,0,958,0,0,0.013579
465,23,695000000,23.695000000,-26.708481620402676,-20.459814352438666,30.30497417403078,0.1227716213169607,-0.17251436020960512,-0.1788166441016816,0.9608280451323681,569,569,291,566,291,0,0.5114,1.0000,24.4989,831.2598,1.5008,0,True,4.92,True,-0.07588719331499098,-0.1585201094226154,0.9844351216811675,2.05,5.0000,2.97,1.4283,62.1448,1.0000,43.2667,0,569,0,0,0.014637
466,23,728000000,23.728000000,-26.60239308593253,-20.51271080304578,29.312025440023262,0.12095362265348825,-0.17511302842963905,-0.1682902890075201,0.9624884555499683,291,291,291,291,291,0,1.0000,1.0000,19.2635,24.6337,1.3098,0,True,4.92,True,-0.1721714466864642,-0.3114814860060864,-0.9345246261181833,1.27,2.0000,2.17,1.0394,61.1072,1.0000,31.4835,0,291,0,0,0.011067
467,23,761000000,23.761000000,-27.593032754093304,-20.64069244245,29.264551785837945,0.11923893343119427,-0.17662457823279915,-0.15542135628068446,0.9645880141957754,291,291,132,291,132,0,0.4536,1.0000,18.8952,30.5074,1.2932,0,True,4.92,True,-0.8409599562300345,-0.4097971673839198,0.35334492160167574,1.52,7.0000,0.00,0.0000,59.6103,0.0000,45.4286,1,291,0,0,0.016733
468,23,794000000,23.794000000,-27.941520510453838,-21.06576853464175,30.09993588881919,0.12142329157326326,-0.18926863308300607,-0.1461108353790915,0.9633718869570715,132,132,130,130,130,0,0.9848,1.0000,19.9962,142.5693,1.3459,0,True,4.92,True,0.08913422710571427,-0.24423233254568266,0.9656115457561399,1.82,9.0000,2.29,1.0934,58.5192,1.0000,33.1157,0,132,0,0,0.012889
469,23,827000000,23.827000000,-27.61653769211935,-21.0712652930212,29.154231942843136,0.12343883916136313,-0.19171975984052395,-0.13762943507142142,0.9638799330181681,130,130,129,130,129,0,0.9923,1.0000,18.6786,135.1472,1.2930,0,True,4.92,True,-0.021692220240314444,-0.20210297711128106,-0.9791240137101136,1.04,7.0000,2.44,1.1647,57.3573,1.0000,35.2719,0,130,0,0,0.014543
470,23,860000000,23.860000000,-26.830517243792567,-20.457511403511056,29.22824557620419,0.11970818095926435,-0.20192429201846313,-0.12735117547261232,0.9636795161307572,129,129,96,128,96,0,0.7442,1.0000,17.4549,145.9149,1.0400,0,True,4.92,True,0.5314114424972175,0.7646578995251915,-0.36455476334392956,1.71,6.0000,2.18,1.0416,56.3184,1.0000,31.5422,0,129,0,0,0.013902
471,23,893000000,23.893000000,-26.830517243792567,-20.457511403511056,29.22824557620419,0.11970818095926435,-0.20192429201846313,-0.12735117547261232,0.9636795161307572,2000,0,0,0,0,0,0.0000,0.0000,0.0000,0.0000,0.0000,1,True,6.56,True,0.0,0.0,0.0,0.00,1.0000,1.82,0.8640,55.4568,1.0000,26.1622,0,2000,0,0,0.012328
472,23,926000000,23.926000000,-26.463103729585487,-21.385684899746956,29.169074041973456,0.11699414714505749,-0.21107421679430338,-0.12139209236283396,0.9628208579223059,2000,1875,1789,1811,1789,0,0.9541,0.9375,20.1525,554.9354,4.2897,0,True,6.56,True,0.5770032858528512,-0.815740497901586,-0.04043078280574845,1.29,4.0000,2.04,0.9709,54.4889,1.0000,29.3937,0,1875,0,0,0.015052
473,23,959000000,23.959000000,-25.995725109130255,-21.189415504840266,28.307078943516213,0.11964122351288853,-0.2155258515442855,-0.11349626777467084,0.9624724318928152,1788,1668,1596,1656,1596,0,0.9568,0.9329,15.3415,134.8402,1.5706,0,True,6.56,True,0.03050901039393591,0.03291082404999267,-0.9989925314761532,1.08,3.0000,1.73,0.8243,53.6674,1.0000,24.9531,0,1668,0,0,0.014061
474,23,992000000,23.992000000,-25.498943951831745,-22.057170204737158,28.32157937661307,0.11768527390855942,-0.22256064114986024,-0.10790841000186499,0.9617550168140013,1596,1469,1412,1467,1412,0,0.9612,0.9204,13.8733,363.5075,1.2714,0,True,6.56,True,0.6777857505083089,-0.7335938735804838,-0.04946215778824731,1.06,2.0000,1.56,0.7408,52.9293,1.0000,22.4240,0,1469,0,0,0.014061
475,24,25000000,24.025000000,-25.07915544414329,-22.964675694848708,28.307039973940185,0.11577609115060615,-0.22774473728927547,-0.10380512324823037,0.9612245979698737,1412,1406,1406,1406,1406,0,1.0000,0.9958,11.3310,18.1317,1.1873,0,True,6.56,True,0.598473756846707,-0.8000809100726614,-0.04122741446040984,0.79,6.0000,1.14,0.5389,52.3925,1.0000,16.3096,0,1406,0,0,0.011457
476,24,58000000,24.058000000,-24.159551208936684,-23.35618616727567,28.33940663224918,0.11460042532207569,-0.23139901100234725,-0.09785496272384404,0.961116874523307,1406,1406,1263,1406,1263,0,0.8983,1.0000,9.5960,14.2661,1.1643,0,True,6.56,True,0.9165595149917966,-0.22882184976655717,-0.3279622181706511,0.81,1.0000,0.82,0.3871,52.0071,1.0000,11.7126,0,1406,0,0,0.009029
477,24,91000000,24.091000000,-24.046550424867018,-24.332341956801116,28.524746043534474,0.11342492943773506,-0.23836605278846834,-0.09581480093910966,0.9597582686182436,1263,1262,1262,1262,1262,0,1.0000,0.9992,10.4629,15.5086,1.2078,0,True,6.56,True,0.4124052089513609,-0.8673371030751462,0.27865443340990903,0.86,6.0000,1.46,0.6944,51.3162,1.0000,20.9984,0,1262,0,0,0.019172
478,24,124000000,24.124000000,-23.506353766693753,-24.086216215983324,27.720004041272063,0.11776643915479099,-0.24031805025799377,-0.09128869060086064,0.9591895930927199,1262,1262,946,1262,946,0,0.7496,1.0000,7.8152,10.6879,1.1713,0,True,4.92,True,0.059599904272815106,0.09344718384923048,-0.9938387571640178,0.76,4.0000,0.92,0.4347,50.8839,1.0000,13.1419,0,1262,0,0,0.015251
479,24,157000000,24.157000000,-23.00165902426292,-24.78657802768548,27.215250091637255,0.11753120943585788,-0.2406860336936759,-0.09034396008167557,0.9592156258475526,946,946,946,946,946,0,1.0000,1.0000,5.8926,7.6614,1.1440,0,True,4.92,True,0.37843278238794154,-0.7456252300315017,-0.5484812171392844,0.12,5.0000,0.64,0.3044,50.5816,1.0000,9.1919,0,946,0,0,0.014043
480,24,190000000,24.190000000,-22.009180589433022,-24.781605466929204,27.092931531978024,0.11775662407139612,-0.24176836933147391,-0.08701971839717991,0.9592231240374595,946,946,826,946,826,0,0.8732,1.0000,4.3993,5.7040,1.1272,0,True,4.92,True,0.8062641905383182,0.08771899693212601,-0.585015754174887,0.40,11.0000,0.39,0.1917,50.3917,1.0000,5.7739,0,946,0,0,0.012362
481,24,223000000,24.223000000,-21.983938733459983,-25.768695032294257,27.251099286765296,0.11723391645692888,-0.24396593137085437,-0.08882280842443348,0.9585652517518658,826,826,826,826,826,0,1.0000,1.0000,3.0840,4.7980,1.1874,0,True,4.92,True,0.3130203599692243,-0.8996014530823697,0.3045250069482414,0.34,6.0000,0.29,0.1384,50.2561,1.0000,4.1206,0,826,0,0,0.015018
482,24,256000000,24.256000000,-21.497564764592457,-25.538610997437427,26.408186658249125,0.12184174708689292,-0.2405299757746352,-0.0868728723315578,0.9590375506066131,826,826,826,826,826,0,1.0000,1.0000,1.9815,4.3078,1.2325,0,True,4.92,True,-0.008226919854958518,0.04915129870085113,-0.9987574618623479,0.70,2.0000,0.09,0.0382,50.2242,1.0000,0.9708,0,826,0,0,0.011996
483,24,289000000,24.289000000,-20.608950902200444,-25.08232541360536,26.454757781831848,0.12251851967506602,-0.23939397119394992,-0.08557395939293533,0.9593523004436051,826,826,542,826,542,0,0.6562,1.0000,1.9929,4.2268,1.1191,0,True,4.92,True,0.690105678937295,0.5446650916825136,-0.4765439012315385,0.22,5.0000,0.15,0.0772,50.2953,1.0000,2.1662,0,826,0,0,0.017108
484,24,322000000,24.322000000,-20.226232282052134,-25.97374829759655,26.697433902800928,0.12233828433132003,-0.23892160769849666,-0.08740162223109349,0.9593282889569179,542,542,542,542,542,0,1.0000,1.0000,1.9385,4.1150,1.0391,0,True,4.92,True,0.6382804583277444,-0.7442263621513224,0.19678713981338689,0.22,9.0000,0.13,0.0766,50.3706,1.0000,2.2883,0,542,0,0,0.007591
485,24,355000000,24.355000000,-19.986141830246922,-26.936406186854605,26.822519326416913,0.12339359407315777,-0.23673463670570993,-0.08942688593651288,0.959548625551213,542,542,529,542,529,0,0.9760,1.0000,4.0675,7.6626,1.1328,0,True,4.92,True,0.48138437644064014,-0.8583236592551203,0.17762200900157651,0.36,4.0000,0.51,0.2325,50.6007,1.0000,7.0008,0,542,0,0,0.015159
486,24,388000000,24.388000000,-19.48755243375506,-26.74000535293323,25.978223568911964,0.12990743374109626,-0.22972327991800048,-0.09054343564044018,0.9602880607322701,529,529,529,529,529,0,1.0000,1.0000,6.3687,11.4327,1.1538,0,True,4.92,True,0.024604547895374283,0.008035876902646502,-0.9996649643281841,1.11,9.0000,0.87,0.4015,50.9997,1.0000,12.1326,0,529,0,0,0.017498
487,24,421000000,24.421000000,-19.223159904100594,-26.500280180362818,25.044077738808877,0.14033295212136682,-0.21523144782264886,-0.09203711022950517,0.9620349560996577,529,529,529,529,529,0,1.0000,1.0000,7.3602,13.6015,1.2029,0,True,4.92,True,-0.21401401152101734,-0.014027346159315338,-0.976729868711103,2.06,7.0000,0.89,0.4276,51.4252,1.0000,12.9335,0,529,0,0,0.014202
488,24,454000000,24.454000000,-18.398634623468787,-27.01299569144801,24.804743524180687,0.1418463505836994,-0.20894022793454903,-0.09521699414560933,0.9628900861482684,529,529,516,529,516,0,0.9754,1.0000,9.4756,17.3885,1.2635,0,True,4.92,True,0.763000959968157,-0.46173618920456677,-0.45235962095053905,0.83,7.0000,1.17,0.5544,51.9772,1.0000,16.7773,0,529,0,0,0.015102
489,24,487000000,24.487000000,-17.499618914870922,-27.447788238446233,24.7525305299257,0.1432089332205868,-0.20199949026226355,-0.09807868941273604,0.9638817241045123,516,516,408,516,408,0,0.7907,1.0000,11.2136,21.0134,1.3544,0,True,4.92,True,0.8901195198507024,-0.3141917154663535,-0.33010726485956804,0.88,6.0000,1.37,0.6443,52.6190,1.0000,19.5057,0,516,0,0,0.014903
490,24,520000000,24.520000000,-16.66736072069022,-27.91997370631426,24.462035810260563,0.14611393764272834,-0.1943369594269511,-0.10253016408335743,0.9645576337784405,408,408,397,408,397,0,0.9730,1.0000,13.2806,24.5245,1.4408,0,True,4.92,True,0.7599637758740503,-0.42623565248241,-0.4906915812525729,1.07,6.0000,1.44,0.6813,53.2980,1.0000,20.6308,0,408,0,0,0.013798
491,24,553000000,24.553000000,-15.902152560815866,-27.31827607168718,24.690982154511474,0.15088188322749813,-0.18950224549140945,-0.09672942042714587,0.9653843667116563,397,397,397,397,397,0,1.0000,1.0000,14.0878,27.6021,1.4818,0,True,4.92,True,0.617110538227141,0.7449080891520992,-0.2535478698880683,1.03,3.0000,1.39,0.6512,53.9471,1.0000,19.7194,0,397,0,0,0.011914
492,24,586000000,24.586000000,-15.678161725087206,-27.94552145499777,25.436898593950318,0.15195587539061894,-0.18760015217408885,-0.10439416473569779,0.9647888127500575,397,397,395,395,395,0,0.9950,1.0000,17.0644,38.9597,1.5504,0,True,4.92,True,0.6078731714766857,-0.31327975629335125,0.729620450436838,0.92,9.0000,1.66,0.7915,54.7363,1.0000,23.9723,0,397,0,0,0.013211
493,24,619000000,24.619000000,-15.709062451695157,-28.908357261158187,25.168584681768156,0.15243264845802929,-0.17649842675462757,-0.11558320702052502,0.965532555273028,392,387,387,387,387,0,1.0000,0.9872,20.5012,39.2233,1.5368,0,True,4.92,True,0.13217924476126197,-0.9910294539450152,0.01972989274647888,1.81,9.0000,2.02,0.9620,55.6958,1.0000,29.1395,0,387,0,0,0.014731
494,24,652000000,24.652000000,-14.855175610545189,-29.4069096371427,25.019176546410254,0.15481571652532242,-0.16912506951375184,-0.12201545106119469,0.9656816424065712,382,378,376,376,376,0,0.9947,0.9895,18.3036,36.1255,1.3627,0,True,4.92,True,0.8703162750212657,-0.36749817263581785,-0.3278638048678798,1.15,3.0000,1.38,0.6424,56.3365,1.0000,19.4584,0,378,0,0,0.009218
495,24,685000000,24.685000000,-14.173425416801674,-30.113416301554135,24.829268656966708,0.15749712865141546,-0.16713848347146312,-0.13029560307580465,0.9645115020716607,373,371,353,371,353,0,0.9515,0.9946,12.8392,26.8666,1.0998,0,True,4.92,True,0.7710828061434619,-0.5912665828066136,-0.23629459182578474,1.03,7.0000,0.00,0.0000,57.8708,0.0000,46.5846,1,371,0,0,0.020428
496,24,718000000,24.718000000,-14.55803875555071,-30.937221059235924,24.41283342685626,0.15548345793945278,-0.14793632969663176,-0.15290471725463176,0.9646553188078947,347,334,323,323,323,0,0.9671,0.9625,28.2740,46.2249,1.8953,0,True,4.92,True,-0.2168095840200804,-0.9760420935012319,-0.01831491170527276,3.41,4.0000,2.65,1.2601,59.1284,1.0000,38.1780,0,334,0,0,0.009024
497,24,751000000,24.751000000,-14.107745205562825,-31.588460886117183,23.80199596343169,0.15942584551409544,-0.13297283098689577,-0.16084264025203376,0.9648996170992096,301,252,233,234,233,0,0.9246,0.8372,28.8222,65.7741,2.1932,0,True,4.92,True,0.48630588400902797,-0.6880495380570555,-0.538604140680027,1.99,2.0000,2.86,1.3678,60.4936,1.0000,41.4420,0,252,0,0,0.022313
498,24,784000000,24.784000000,-13.726962508005464,-32.2272388119093,23.133439833580475,0.1633036159074338,-0.11866394234951703,-0.17074926052033806,0.9644145829721705,209,176,164,164,164,0,0.9318,0.8421,26.1602,86.1225,2.2990,0,True,4.92,True,0.435699136791366,-0.7054936204245206,-0.5589678110048564,2.04,7.0000,2.52,1.1954,61.6869,1.0000,36.2180,0,176,0,0,0.013166
499,24,817000000,24.817000000,-13.975206880293285,-32.33874169292634,22.171181116211642,0.16824446284850372,-0.0951069480330315,-0.18105081114142482,0.9642971911924729,142,116,101,101,101,0,0.8707,0.8169,26.0055,58.3712,2.9554,0,True,4.92,True,-0.3523144245352164,-0.5132821885874264,-0.7825700870486434,3.00,8.0000,2.92,1.4067,63.0912,1.0000,42.6206,0,116,0,0,0.014857
500,24,850000000,24.850000000,-13.975206880293285,-32.33874169292634,22.171181116211642,0.16824446284850372,-0.0951069480330315,-0.18105081114142482,0.9642971911924729,2000,0,0,0,0,0,0.0000,0.0000,0.0000,0.0000,0.0000,1,True,6.56,True,0.0,0.0,0.0,0.00,6.0000,0.00,0.0000,64.6319,0.0000,46.7509,1,2000,0,0,0.015641
501,24,883000000,24.883000000,-13.790495771545496,-33.28135576535653,21.89304353018321,0.1713284669053701,-0.08030562142836734,-0.19165083719605958,0.9630511513917154,2000,1915,1770,1821,1770,0,0.9243,0.9575,25.2292,161.5841,5.4100,0,True,6.56,True,0.4944898287564593,-0.8686961469651546,-0.029100060211315212,2.12,5.0000,3.03,1.4609,66.0908,1.0000,44.2661,0,1915,0,0,0.014294
502,24,916000000,24.916000000,-13.499344415339824,-34.12450429237873,21.441013167088123,0.17283493988785903,-0.07744888273891261,-0.20380639236871706,0.9605168965437842,1690,1558,1337,1480,1337,0,0.8582,0.9219,15.1974,44.6296,1.4187,0,True,6.56,True,0.560214768463284,-0.7953308297464294,-0.23153462905251393,1.47,6.0000,0.00,0.0000,67.6610,0.0000,47.6390,1,1558,0,0,0.014921
503,24,949000000,24.949000000,-13.39715876233386,-35.058375662127645,21.098314528218616,0.1763102045183452,-0.062484375931348056,-0.21472083512606263,0.9585955234142999,1323,1258,1231,1234,1231,0,0.9785,0.9509,26.8038,57.4042,1.7308,0,True,6.56,True,0.4562561725762476,-0.887827978095496,-0.059931513387672976,2.17,6.0000,3.03,1.4657,69.1250,1.0000,44.4115,0,1258,0,0,0.013548
504,24,982000000,24.982000000,-13.28049050587772,-35.88823101150157,21.643959666610737,0.18083928038158098,-0.05479759986083431,-0.2284428546832359,0.9550435800866566,1120,1031,1016,1016,1016,0,0.9855,0.9205,24.0472,53.9275,1.5707,0,True,6.56,True,0.488954430899357,-0.45720389872539563,0.7428917548971613,1.92,3.0000,2.41,1.1679,70.2916,1.0000,35.3892,0,1031,0,0,0.010590
505,25,15000000,25.015000000,-12.526499051654698,-36.02709880365533,21.0019217991442,0.18437249800957584,-0.052300710891581996,-0.23994295768192492,0.9516820869790469,907,893,396,887,396,0,0.4434,0.9846,15.4840,38.7093,1.0999,0,True,6.56,True,0.7199602006078496,-0.039079724919110735,-0.6929141971708701,1.46,2.0000,0.00,0.0000,72.2537,0.0000,59.5106,1,893,0,0,0.017436
506,25,48000000,25.048000000,-12.174729519997873,-36.63940543782391,20.293868988718973,0.18639543096325556,-0.04901887084558801,-0.2526731395216603,0.9481614726307505,391,383,371,377,371,0,0.9687,0.9795,17.7236,42.7838,1.2511,0,True,4.92,True,0.5929511312938678,-0.6125517889759281,-0.5226751014920383,1.58,5.0000,0.00,0.0000,74.1378,0.0000,57.1435,1,383,0,0,0.016395
507,25,81000000,25.081000000,-11.790875128395886,-36.34900353772903,19.417328891251014,0.19243229000186535,-0.04655871024291,-0.2659645819395901,0.9434325314609698,368,361,317,356,317,0,0.8781,0.9810,18.0087,34.7872,1.2432,0,True,4.92,True,0.18962925294453656,0.07851124170098751,-0.9787117713373362,1.78,7.0000,0.00,0.0000,75.8585,0.0000,52.1831,1,361,0,0,0.014738
508,25,114000000,25.114000000,-10.808929657565844,-36.17261483764887,19.348990623784044,0.1960301123509073,-0.045316119024904296,-0.2757644337548473,0.9399322430282301,308,304,302,302,302,0,0.9934,0.9870,19.2446,42.1098,1.3801,0,True,4.92,True,0.7480804127556548,0.5870486790537279,-0.3094342328712232,1.27,6.0000,0.00,0.0000,77.6463,0.0000,54.2150,1,304,0,0,0.015133
509,25,147000000,25.147000000,-10.347674937683415,-36.86837971080195,18.79839519638526,0.2021621675358874,-0.030875783233938154,-0.28581082199689084,0.9362100822231857,289,255,177,218,177,0,0.6941,0.8824,35.1827,59.1686,2.8887,0,True,4.92,True,0.7748769912964442,-0.522212807414496,-0.3561733175458837,2.18,2.0000,3.04,1.4802,79.1255,1.0000,44.8554,0,255,0,0,0.012420
510,25,180000000,25.180000000,-9.771929129791607,-37.17962990824685,18.0423263640125,0.2050713789107258,-0.0282063078169198,-0.2978022486442353,0.9319141346998809,132,120,111,118,111,0,0.9250,0.9091,17.6635,34.8524,1.6244,0,True,4.92,True,0.6947001747705162,-0.2335714559906295,-0.6803205436558797,1.53,3.0000,0.00,0.0000,81.1905,0.0000,62.6186,1,120,0,0,0.009550
511,25,213000000,25.213000000,-9.56580365862501,-37.95404234984319,18.640488265538448,0.19162503233104738,-0.045865106145605676,-0.31826879080790016,0.9272978032002742,106,88,76,77,76,0,0.8636,0.8302,34.0528,69.7196,3.1801,0,True,4.92,True,0.5664208137217395,-0.22121541055753677,0.7938710247355443,3.50,7.0000,2.94,1.4212,82.6107,1.0000,43.0646,0,88,0,0,0.011796
512,25,246000000,25.246000000,-9.56580365862501,-37.95404234984319,18.640488265538448,0.19162503233104738,-0.045865106145605676,-0.31826879080790016,0.9272978032002742,2000,0,0,0,0,0,0.0000,0.0000,0.0000,0.0000,0.0000,1,True,6.56,True,0.0,0.0,0.0,0.00,7.0000,0.00,0.0000,84.5132,0.0000,57.6862,1,2000,0,0,0.023509
513,25,279000000,25.279000000,-10.074653709052518,-38.71543991076975,18.238810060509877,0.19277958871903136,-0.04291698308051866,-0.3322704589116657,0.9222746363590504,2000,1878,1432,1770,1432,0,0.7625,0.9390,25.6604,800.8051,4.5264,0,True,6.56,True,0.07401296929525229,-0.9971161672010213,-0.01677586011044449,1.74,0.0000,0.00,0.0000,86.6783,0.0000,65.6459,1,1878,0,0,0.018040
514,25,312000000,25.312000000,-10.790030214336856,-39.32272280170992,17.893203425650984,0.19756748544550612,-0.027756097791846547,-0.3440033812911882,0.9175283981383565,1426,1380,1324,1335,1324,0,0.9594,0.9677,26.4462,267.9079,3.3532,0,True,6.56,True,-0.1556184460520171,-0.987412993681524,0.02825737350226266,2.33,10.0000,3.03,1.4539,88.1313,1.0000,44.0532,0,1380,0,0,0.012174
515,25,345000000,25.345000000,-11.198319585714867,-39.9013380433606,17.18715513314597,0.19885815361003256,-0.023923876490783823,-0.3580874183603504,0.9119520183038589,1244,1223,1197,1197,1197,0,0.9787,0.9831,17.3062,37.1891,1.3560,0,True,6.56,True,0.12058786352810105,-0.9192207187886872,-0.37482240770708636,1.80,2.0000,0.00,0.0000,90.2505,0.0000,64.2527,1,1223,0,0,0.017888
516,25,378000000,25.378000000,-11.15187639495656,-39.59852263803701,16.235238193318295,0.2053755723244796,-0.022094576906195658,-0.3718112766421232,0.9050354018078427,1192,1182,758,1172,758,0,0.6413,0.9916,17.0561,37.1647,1.1657,0,True,6.56,True,-0.07214306343185625,-0.13046943144083495,-0.9888241025876,1.92,2.0000,0.00,0.0000,91.9054,0.0000,50.1686,1,1182,0,0,0.014123
517,25,411000000,25.411000000,-10.290452409678423,-39.92362900082603,15.845040076380728,0.20805459143894972,-0.021502523802615286,-0.3818997576532825,0.9002241407314368,753,741,735,735,735,0,0.9919,0.9841,16.0887,41.8232,1.1319,0,True,6.56,True,0.8881454814025925,0.21266658272446679,-0.4073948066144862,1.32,4.0000,0.00,0.0000,93.6323,0.0000,52.3527,1,741,0,0,0.014928
518,25,444000000,25.444000000,-10.9922406688811,-40.508328093331706,15.438075445892657,0.20884263799200975,-0.01867318052682789,-0.3948875085943865,0.8944830464808537,729,720,713,720,713,0,0.9903,0.9877,15.8220,52.3655,1.1312,0,True,6.56,True,-0.04024979375640195,-0.9989192560443009,-0.02324379501001127,1.66,4.0000,0.00,0.0000,95.3491,0.0000,52.0432,1,720,0,0,0.015082
519,25,477000000,25.477000000,-10.913238159153144,-40.069690919928654,14.542890530042495,0.21591644002166638,-0.018193086309384394,-0.4082519851226448,0.8867803669355391,706,697,642,696,642,0,0.9211,0.9873,15.3518,34.7147,1.1631,0,True,4.92,True,-0.14123707097655439,-0.028883785470589753,-0.9895543525844614,1.95,5.0000,0.00,0.0000,97.1849,0.0000,55.6495,1,697,0,0,0.016445
520,25,510000000,25.510000000,-11.241192163720129,-40.73614731676658,13.873351851546436,0.22097789876964388,-0.007883550735196518,-0.4173307831331886,0.8814429280064581,633,592,550,552,550,0,0.9291,0.9352,25.3813,64.5404,2.0816,0,True,4.92,True,0.3658069299497479,-0.8833812882031769,-0.29295526903135904,1.79,1.0000,2.27,1.0798,98.2643,1.0000,32.7174,0,592,0,0,0.009843
521,25,543000000,25.543000000,-11.738107654111724,-41.06313305569096,13.069513981109285,0.2231475067391512,-0.004004479872846557,-0.4314377129127989,0.8740999109104299,497,495,493,493,493,0,0.9960,0.9960,13.8828,30.6512,1.0961,0,True,4.92,True,0.05503134724489917,-0.8634366622142541,-0.5014465885462973,1.89,9.0000,0.00,0.0000,100.4047,0.0000,64.8741,1,495,0,0,0.020022
522,25,576000000,25.576000000,-10.820894432180264,-41.380992521322774,12.829336410086585,0.23002977088921478,0.004696817506814245,-0.4371050215770649,0.8694845855574881,487,445,437,438,437,0,0.9820,0.9138,26.7966,71.9699,1.6595,0,True,4.92,True,0.8606010381248529,0.427762153104871,-0.2763790758170933,1.52,1.0000,2.55,1.2243,101.6286,1.0000,37.0919,0,445,0,0,0.011766
523,25,609000000,25.609000000,-11.045226632977666,-40.8859200408028,11.989944783539604,0.23783644555529232,0.007924944985944097,-0.44968473674966575,0.8609033964080859,385,381,378,378,378,0,0.9921,0.9896,12.4173,27.7518,1.2006,0,True,4.92,True,-0.33818824016683313,-0.24982243695157755,-0.9073133219612921,2.00,0.0000,0.00,0.0000,103.1862,0.0000,47.2054,1,381,0,0,0.015417
524,25,642000000,25.642000000,-11.27992992069451,-41.26569484733891,12.884755077990533,0.24220322492960925,0.005473855892918826,-0.4617023649598041,0.8533103543997839,365,362,219,361,219,0,0.6050,0.9918,11.7262,24.4233,1.1341,0,True,4.92,True,-0.050747767339668105,-0.005770536812415803,0.9986948307741136,1.73,1.0000,0.00,0.0000,104.7563,0.0000,47.5805,1,362,0,0,0.016116
525,25,675000000,25.675000000,-11.274777274884075,-41.54497338728335,11.924558771307552,0.24469499431091518,0.006216544932429524,-0.4710846282165799,0.8474461560396218,217,216,215,215,215,0,0.9954,0.9954,8.9581,11.1470,0.8900,0,True,4.92,True,0.44599219598573175,-0.515414278128414,-0.7317370313310586,1.30,6.0000,0.00,0.0000,106.3373,0.0000,47.9085,1,216,0,0,0.016928
526,25,708000000,25.708000000,-11.030761835210615,-41.892827461645936,11.019321781260029,0.2530411065173511,0.016078653521466906,-0.47683370907988826,0.8416301380051262,212,198,181,197,181,0,0.9141,0.9340,23.7341,28.6995,1.6460,0,True,4.92,True,0.6306089061612455,-0.32636098041439343,-0.704145523264242,1.75,5.0000,2.84,1.3619,107.6990,1.0000,41.2593,0,198,0,0,0.015247
527,25,741000000,25.741000000,-11.68785975064279,-41.82380381968596,10.26868334207292,0.26003097653280066,0.029520668126677654,-0.4835868983830245,0.8352581236414519,152,131,127,127,127,0,0.9695,0.8618,23.5150,29.3093,1.9169,0,True,4.92,True,-0.21133054727501147,-0.812172600457307,-0.5437968985336892,2.04,7.0000,2.72,1.3002,108.9990,1.0000,39.3882,0,131,0,0,0.015296
528,25,774000000,25.774000000,-11.68785975064279,-41.82380381968596,10.26868334207292,0.26003097653280066,0.029520668126677654,-0.4835868983830245,0.8352581236414519,2000,0,0,0,0,0,0.0000,0.0000,0.0000,0.0000,0.0000,1,True,6.56,True,0.0,0.0,0.0,0.00,6.0000,2.52,1.1997,110.1985,1.0000,36.3430,0,2000,0,0,0.014868
529,25,807000000,25.807000000,-12.596146793595777,-41.8850777706944,9.854847444002779,0.2636590930504289,0.03800849521705439,-0.48998744968861324,0.8300310452572297,2000,1958,1827,1916,1827,0,0.9331,0.9790,20.1345,532.0075,3.4451,0,True,6.56,True,-0.30884192257362053,-0.9399729084415729,-0.14514681621351727,1.42,7.0000,1.77,0.8274,111.0258,1.0000,25.0644,0,1958,0,0,0.010787
530,25,840000000,25.840000000,-12.770300696570617,-42.501101809268505,10.623082305212206,0.2715862378370483,0.04315403890748553,-0.49637845697137895,0.8233997035451265,1781,1711,1644,1667,1644,0,0.9608,0.9607,19.5606,225.9698,1.6346,0,True,6.56,True,0.151737971837979,-0.07209185175300291,0.9857881886152418,1.51,4.0000,2.94,1.4141,112.4398,1.0000,42.8383,0,1711,0,0,0.019629
531,25,873000000,25.873000000,-13.673653339402708,-42.35864779533398,10.218532114750985,0.2759148721318041,0.05305027242072721,-0.5013379829129921,0.8183623151277858,1541,1511,1498,1500,1498,0,0.9914,0.9805,13.8243,159.2917,1.3898,0,True,6.56,True,-0.4301147337637484,-0.8719696470191958,-0.2338167027322023,1.48,0.0000,2.02,0.9507,113.3904,1.0000,28.8010,0,1511,0,0,0.014307
532,25,906000000,25.906000000,-14.6497068211608,-42.35951702340418,10.001003162217177,0.278742508930678,0.060470911529594544,-0.5061395741371554,0.8139217493506793,1397,1367,1351,1361,1351,0,0.9883,0.9785,11.0453,47.1065,1.2809,0,True,4.92,True,-0.4001618472810119,-0.9164409837274405,0.0025336387526931187,1.18,10.0000,1.59,0.7508,114.1412,1.0000,22.7455,0,1367,0,0,0.012180
533,25,939000000,25.939000000,-15.511137773673603,-42.36061110988456,9.493129637579749,0.2833124259409938,0.07135048529774099,-0.5104360990537185,0.808763356203796,1263,1215,1179,1179,1179,0,0.9704,0.9620,14.9104,331.5281,1.7855,0,True,4.92,True,-0.2196104136384147,-0.9385090167562132,-0.2664058777295473,1.56,2.0000,2.28,1.0967,115.2379,1.0000,33.2242,0,1215,0,0,0.019463
534,25,972000000,25.972000000,-16.49030376920943,-42.32006931297056,9.294156483889836,0.28530233430081653,0.07685356586657108,-0.5144878104707441,0.8049834782982304,1044,1027,1010,1014,1010,0,0.9834,0.9837,8.9176,292.9138,1.4679,0,True,4.92,True,-0.41028481967618374,-0.9118109591135651,-0.016344466454484907,0.92,6.0000,1.14,0.5433,115.7812,1.0000,16.4567,0,1027,0,0,0.010754
535,26,5000000,26.005000000,-17.475617820461625,-42.25822977328944,9.134995899142845,0.2884547966529409,0.08359243621647232,-0.5172257838042842,0.8014259937532283,920,901,864,887,864,0,0.9589,0.9793,9.4949,21.0443,1.4763,0,True,4.92,True,-0.4341463660381611,-0.9008383644686546,0.002678424405998374,1.00,10.0000,1.64,0.7724,116.5536,1.0000,23.3993,0,901,0,0,0.016941
536,26,38000000,26.038000000,-18.46810776304171,-42.2027684803827,9.025964899576293,0.290686455610884,0.08948021152730608,-0.5198847804405936,0.7982571586497962,748,736,730,730,730,0,0.9918,0.9840,7.2256,15.6624,1.4173,0,True,4.92,True,-0.44375480188847927,-0.8950981638289071,0.043369954012376595,0.86,7.0000,1.34,0.6288,117.1824,1.0000,19.0502,0,736,0,0,0.016036
537,26,71000000,26.071000000,-19.45102193332185,-42.09260280189202,8.878508949729612,0.2927477599938176,0.09429494684442823,-0.5220463160520394,0.7955343210161978,631,621,614,614,614,0,0.9887,0.9842,5.5335,14.1413,1.4050,0,True,4.92,True,-0.455923697635485,-0.8896709385790778,-0.024883789546801188,0.72,3.0000,1.13,0.5148,117.6972,1.0000,15.5944,0,621,0,0,0.015593
538,26,104000000,26.104000000,-20.44420832126884,-41.97862198136573,8.902781801827356,0.2936533670114275,0.09687920004990988,-0.5239491791349544,0.7936368050464574,525,523,501,521,501,0,0.9579,0.9962,2.6030,9.7377,1.0658,0,True,4.92,True,-0.5336154004168563,-0.8385517278506008,0.10993454487434802,0.44,3.0000,0.62,0.2700,117.9672,1.0000,8.1793,0,523,0,0,0.009596
539,26,137000000,26.137000000,-21.3822985907009,-41.90969711866708,8.563317503706255,0.29555540299667316,0.10151524476558847,-0.5255820090617593,0.7912681028515312,465,465,463,463,463,0,0.9957,1.0000,4.6340,14.5255,1.3879,0,True,4.92,True,-0.30216645026021194,-0.9381086756632986,-0.1692558683839207,0.66,8.0000,1.00,0.4502,118.4173,1.0000,13.6366,0,465,0,0,0.020759
540,26,170000000,26.170000000,-22.375590980315998,-41.81344653134541,8.499239011425685,0.2962123722364897,0.10336752950584543,-0.5266290826214971,0.7900855610091414,395,395,395,395,395,0,1.0000,1.0000,2.1918,4.4349,1.0020,0,True,4.92,True,-0.4681317752233117,-0.8826520364813214,0.042166616198681804,0.29,11.0000,0.39,0.1964,118.6137,1.0000,5.9462,0,395,0,0,0.013283
541,26,203000000,26.203000000,-23.363822306873455,-41.76453238946381,8.354303674345777,0.29582042540433706,0.1054919001253109,-0.5276610785303417,0.7892626439441721,369,369,369,369,369,0,1.0000,1.0000,2.6150,5.8773,1.0134,0,True,4.92,True,-0.3877821591667647,-0.9217482406835428,0.002275484290409618,0.29,9.0000,0.26,0.1328,118.7465,1.0000,4.0212,0,369,0,0,0.014887
542,26,236000000,26.236000000,-24.275984171630203,-41.632001957703295,7.966493905076283,0.296417797395876,0.10633375207505236,-0.5282229569008524,0.7885493835896005,360,360,360,360,360,0,1.0000,1.0000,3.4640,8.6110,1.3354,0,True,4.92,True,-0.3003892423227244,-0.9190771659329031,-0.2550754126871551,0.16,7.0000,0.10,0.0349,118.7813,1.0000,1.0561,0,360,0,0,0.009515
543,26,269000000,26.269000000,-24.469601493447314,-42.3247393427598,8.661207693652152,0.2975207086596848,0.0985037956543198,-0.5301538528166757,0.7878548867043762,360,360,356,360,356,0,0.9889,1.0000,4.8542,11.8803,1.8336,0,True,4.92,True,0.11817779768516802,-0.11120674436036215,0.9867456957813663,0.94,7.0000,0.13,0.0789,118.7026,1.0000,2.3887,0,360,0,0,0.020782
544,26,302000000,26.302000000,-25.460625330038553,-42.20135635851649,8.6097451392345,0.296873413787515,0.09689879644947513,-0.5293670526943187,0.7888265480791837,356,356,356,356,356,0,1.0000,1.0000,6.1461,14.8436,1.1849,0,True,4.92,True,-0.4863276401072333,-0.8725261067777172,0.046729214192502457,0.24,10.0000,0.37,0.1677,118.5349,1.0000,5.0821,0,356,0,0,0.005069
545,26,335000000,26.335000000,-26.44091238716814,-42.09129492577005,8.445660506663351,0.29649249250953574,0.09486513910879214,-0.5279911361546956,0.790138068573731,356,356,356,356,356,0,1.0000,1.0000,6.9530,16.3294,0.8520,0,True,4.92,True,-0.42139676515752966,-0.9061348710746635,-0.0366655388242493,0.32,1.0000,0.38,0.1801,118.3549,1.0000,5.4567,0,356,0,0,0.023158
546,26,368000000,26.368000000,-27.43359610224617,-41.97124412759054,8.432743553642727,0.29499409366981394,0.09142981373446686,-0.5262496738517382,0.792262806542971,356,356,351,355,351,0,0.9860,1.0000,8.7189,20.0218,1.0180,0,True,4.92,True,-0.508779629539723,-0.8568577094076567,0.0832955844813282,0.53,1.0000,0.76,0.3609,117.9940,1.0000,10.9342,0,356,0,0,0.016713
547,26,401000000,26.401000000,-28.391790621795028,-41.72293986487434,8.574899298596966,0.2942753133585426,0.08632349731982895,-0.5239203941802371,0.7946431364582658,351,349,307,347,307,0,0.8797,0.9943,10.3347,79.7710,1.1418,0,True,4.92,True,-0.6698393591601278,-0.7303576164065904,0.13376466303487197,0.70,4.0000,1.02,0.4878,117.5062,1.0000,14.7808,0,349,0,0,0.016654
548,26,434000000,26.434000000,-29.293058441853635,-41.449942163972096,8.91133439163705,0.2931595143892736,0.08034002630930824,-0.5204989265901245,0.7979247124348219,307,307,261,306,261,0,0.8502,1.0000,11.4913,99.3190,1.0336,0,True,4.92,True,-0.7563948518001449,-0.5934799612966675,0.2750424761914833,0.88,3.0000,1.13,0.5170,116.9893,1.0000,15.6646,0,307,0,0,0.014002
549,26,467000000,26.467000000,-30.1755425512735,-41.64829426358928,8.484862538874344,0.29084903714393556,0.07570185410968497,-0.5180989678745044,0.8007805731685645,261,261,261,261,261,0,1.0000,1.0000,11.8449,22.3109,1.0077,0,True,4.92,True,-0.0526847932413575,-0.9952301310824573,-0.08210541240813742,0.73,9.0000,1.01,0.4612,116.5281,1.0000,13.9742,0,261,0,0,0.005604
550,26,500000000,26.500000000,-30.90114490665973,-41.749763927589996,7.804270789625563,0.289979315701262,0.07145831565585262,-0.5150815834005512,0.8034280727175503,261,261,260,260,260,0,0.9962,1.0000,12.6019,23.2537,1.1360,0,True,4.92,True,0.03961448473134755,-0.9275025588636807,-0.3717118452521985,0.68,0.0000,1.01,0.4748,116.0533,1.0000,14.3858,0,261,0,0,0.016799
551,26,533000000,26.533000000,-31.820010977927783,-41.75130754986137,7.409704242256578,0.28592892793562147,0.06263413615210651,-0.5122386806043996,0.8074237717894672,260,260,256,256,256,0,0.9846,1.0000,16.7957,34.8123,1.2896,0,True,4.92,True,-0.2575288076905829,-0.9538606901532302,-0.15436546566466958,1.25,8.0000,2.17,1.0436,115.0098,1.0000,31.6187,0,260,0,0,0.020332
552,26,566000000,26.566000000,-32.81140929337627,-41.63360602197124,7.466938239655073,0.2822043668661278,0.05293994610970703,-0.5080778469920729,0.8120436926813046,256,255,252,252,252,0,0.9882,0.9961,17.5979,136.6728,1.4233,0,True,4.92,True,-0.5790565067663088,-0.796138679603956,0.1756609370636203,1.39,1.0000,2.14,1.0099,113.9999,1.0000,30.5991,0,255,0,0,0.017320
553,26,599000000,26.599000000,-33.51482220386244,-41.89718190517897,6.806833678882599,0.28001544927991223,0.045046179247703516,-0.5029378036455152,0.8164654037765334,252,252,251,252,251,0,0.9960,1.0000,15.2040,23.4821,1.2932,0,True,4.92,True,0.11935886127263666,-0.953992941658753,-0.27504714050682033,1.22,8.0000,1.53,0.7395,113.2605,1.0000,22.4064,0,252,0,0,0.011567
554,26,632000000,26.632000000,-33.722377445836806,-42.41603956950025,7.636115021795851,0.2792260448060964,0.027259290819354895,-0.49968623312708377,0.8195141337336626,251,251,245,250,245,0,0.9761,1.0000,18.4801,138.5444,1.4074,0,True,4.92,True,0.016741195143256664,-0.009088814648161548,0.9998185464540386,2.10,6.0000,2.39,1.1316,112.1289,1.0000,34.2869,0,251,0,0,0.016449
555,26,665000000,26.665000000,-34.12254029062895,-42.90207857980533,8.413055031133446,0.27835613173118334,0.010735671234596664,-0.49588154987773425,0.8224986916595376,245,237,231,234,231,0,0.9747,0.9673,18.2131,110.4583,1.5735,0,True,4.92,True,-0.06058931052839631,-0.16695088565366326,0.9841017921074785,1.98,3.0000,2.34,1.1186,111.0104,1.0000,33.8933,0,237,0,0,0.015049
556,26,698000000,26.698000000,-34.91754374630293,-42.52689318609461,8.889715734162916,0.2743962672722614,-0.0011037222475800284,-0.48879192250137776,0.828123135047957,231,231,151,226,151,0,0.6537,1.0000,22.4942,699.5483,1.7724,0,True,4.92,True,-0.8476516245838448,-0.3075392776608157,0.43232663119015985,1.77,11.0000,2.38,1.1273,109.8831,1.0000,34.1561,0,231,0,0,0.014218
557,26,731000000,26.731000000,-34.527122354707984,-41.84046494479139,9.503219936696526,0.27379256251689743,-0.020048033320678983,-0.46912548464140347,0.8393789303588529,151,150,145,145,145,0,0.9667,0.9934,20.3136,33.9685,1.5938,0,True,4.92,True,-0.5157052342941455,0.8503746723740493,0.10445586583025872,3.39,8.0000,2.78,1.3357,108.5475,1.0000,40.4732,0,150,0,0,0.015880
558,26,764000000,26.764000000,-35.30896185266148,-41.302387697960214,9.818180054620042,0.2685612598681816,-0.03299339544654831,-0.46059032696557883,0.845365504536744,145,140,117,140,117,0,0.8357,0.9655,20.4810,24.9572,1.0160,0,True,4.92,True,-0.9370559266365007,-0.23589572258659855,0.2574478557315158,2.00,5.0000,2.56,1.2336,107.3139,1.0000,37.3783,0,140,0,0,0.013910
559,26,797000000,26.797000000,-34.40903799366184,-41.694266641802486,10.009407514406167,0.2673946748296665,-0.0438564445343709,-0.45226551643078083,0.8497250159864307,117,117,73,116,73,0,0.6239,1.0000,21.4355,43.4222,0.9738,0,True,4.92,True,0.7916117957657772,0.6084140569584932,0.05641896932582884,1.65,3.0000,2.15,1.0325,106.2815,1.0000,31.2856,0,117,0,0,0.011192
560,26,830000000,26.830000000,-34.40903799366184,-41.694266641802486,10.009407514406167,0.2673946748296665,-0.0438564445343709,-0.45226551643078083,0.8497250159864307,2000,0,0,0,0,0,0.0000,0.0000,0.0000,0.0000,0.0000,1,True,6.56,True,0.0,0.0,0.0,0.00,0.0000,3.02,1.4399,104.8417,1.0000,43.6314,0,2000,0,0,0.015004
561,26,863000000,26.863000000,-35.188991683558896,-42.12072116963464,9.551358633491265,0.26699870278329624,-0.04714033025346695,-0.4417310102199283,0.8551977529119875,2000,1917,1820,1838,1820,0,0.9494,0.9585,27.1524,724.2784,2.6642,0,True,4.92,True,-0.04345982593648026,-0.9985144909207544,0.03286418949004297,1.41,3.0000,0.00,0.0000,103.3345,0.0000,45.6725,1,1917,0,0,0.015060
562,26,896000000,26.896000000,-36.010958242750434,-42.472855484649344,9.103728876035488,0.2611562250905204,-0.06076751540115108,-0.43313447446335707,0.8605226680336735,1814,1674,1320,1466,1320,0,0.7885,0.9228,37.6138,717.2914,3.7132,0,True,4.92,True,-0.15312833173773172,-0.987902842941345,0.02448850603094568,2.06,1.0000,2.78,1.3473,101.9874,1.0000,40.8251,0,1674,0,0,0.013023
563,26,929000000,26.929000000,-36.7721807756463,-42.866357910437245,8.588271703895442,0.26044537414179064,-0.06437485740469265,-0.4208752453622959,0.866538004165712,1320,1284,1157,1261,1157,0,0.9011,0.9727,23.5584,249.6656,1.7140,0,True,4.92,True,-0.1014536450730579,-0.994280596863357,-0.033365440240411035,1.62,9.0000,0.00,0.0000,99.8923,0.0000,63.4901,1,1284,0,0,0.019508
564,26,962000000,26.962000000,-37.19847661380848,-43.368050145593116,7.835558770865939,0.26002589331994097,-0.06729804594884213,-0.40896067377664774,0.8721288179614205,1157,1156,1143,1143,1143,0,0.9888,0.9991,23.6352,80.0174,1.3780,0,True,4.92,True,0.1920633753526952,-0.9330855955706314,-0.3040771796546563,1.55,10.0000,0.00,0.0000,98.3039,0.0000,48.1411,1,1156,0,0,0.014321
565,26,995000000,26.995000000,-37.94475847730714,-43.801280992918905,7.330212935681442,0.25943970934725746,-0.07140624535353957,-0.39538992087191566,0.8782135251812174,1142,1129,1034,1124,1034,0,0.9159,0.9886,24.5637,112.2280,1.3696,0,True,4.92,True,-0.1175350469576947,-0.992977457981782,-0.013464051273331312,1.77,8.0000,0.00,0.0000,96.5308,0.0000,53.7400,1,1129,0,0,0.015591
566,27,28000000,27.028000000,-38.54230976160854,-44.34700825715976,6.742748710648199,0.25302224474125046,-0.08607492442269885,-0.3860564210414286,0.8829106924397329,1032,974,910,911,910,0,0.9343,0.9438,34.3786,867.0776,2.3298,0,True,4.92,True,0.04143388013474267,-0.9953474609482102,-0.08698658264888393,2.19,8.0000,3.04,1.4813,95.0498,1.0000,44.8876,0,974,0,0,0.012761
567,27,61000000,27.061000000,-38.56509244933552,-44.88403711218716,5.8994925467170525,0.2492551534524978,-0.09725051216022927,-0.3747696715535038,0.8876721802814505,910,910,896,896,896,0,0.9846,1.0000,25.1483,157.5112,1.4816,0,True,4.92,True,0.41040486159462725,-0.7555316778495327,-0.5106268043741582,1.95,6.0000,2.26,1.0607,93.9892,1.0000,32.1431,0,910,0,0,0.009007
568,27,94000000,27.094000000,-39.30944831561994,-45.34800167189186,5.419210096833686,0.24356368096942987,-0.11196224655353103,-0.3629718034251218,0.8924083474383365,896,896,853,876,853,0,0.9520,1.0000,26.5409,349.8086,1.4333,0,True,4.92,True,-0.18318612087268724,-0.9826920828633195,0.02755204887785772,2.32,1.0000,2.89,1.3691,92.6204,1.0000,41.4884,0,896,0,0,0.011501
569,27,127000000,27.127000000,-39.31272842070697,-44.49574482461568,5.942323380149509,0.24300481496051765,-0.11746769413640226,-0.3441270614395354,0.8992922585707448,853,853,845,845,845,0,0.9906,1.0000,24.4378,155.3584,1.1026,0,True,4.92,True,-0.5888987081223074,0.7945500070030334,0.14794795687456092,2.38,6.0000,0.00,0.0000,90.1026,0.0000,76.3167,1,853,0,0,0.020825
570,27,160000000,27.160000000,-39.32531692252734,-43.63100559908402,6.44438672420961,0.2420146292813223,-0.12236686363791521,-0.32704718995995874,0.9052598551998972,845,836,802,836,802,0,0.9593,0.9893,24.7206,47.3231,1.0374,0,True,4.92,True,-0.571746867313994,0.8107523554844246,0.1256428979015182,2.15,3.0000,0.00,0.0000,87.9445,0.0000,65.4168,1,836,0,0,0.017620
571,27,193000000,27.193000000,-39.73246228458264,-44.5214343611264,6.240992344040198,0.23934486761190904,-0.12725808486563064,-0.31661423882692563,0.9089966105306534,800,780,777,778,777,0,0.9962,0.9750,25.1644,52.1475,1.0121,0,True,4.92,True,0.25926464434551055,-0.9180093203598725,0.3000678788621019,1.42,2.0000,0.00,0.0000,86.1248,0.0000,55.1603,1,780,0,0,0.014746
572,27,226000000,27.226000000,-40.357384680755956,-45.198961076154426,5.853139860247322,0.23726918012433493,-0.13094589602025258,-0.30380505732746627,0.9133777945739835,775,760,760,760,760,0,1.0000,0.9806,25.6134,45.4438,1.0157,0,True,4.92,True,-0.07908082252126034,-0.9857225588224934,0.14865147337916593,1.63,1.0000,0.00,0.0000,84.2762,0.0000,56.0381,1,760,0,0,0.014921
573,27,259000000,27.259000000,-41.23957090999042,-45.623981774303715,5.6503965173387405,0.23158016909741244,-0.14656335261221504,-0.2917158758731995,0.9164014713625319,758,741,719,722,719,0,0.9703,0.9776,26.9312,124.3590,1.4562,0,True,3.28,True,-0.4460669133290722,-0.8374917392221859,0.31564520520304523,2.38,11.0000,2.97,1.4252,82.8516,1.0000,43.1878,0,741,0,0,0.011485
574,27,292000000,27.292000000,-41.103452657966024,-46.453274398673344,5.1084135244026765,0.2295429246094662,-0.14989145999293163,-0.27757271897660935,0.9207583731157988,719,714,707,709,707,0,0.9902,0.9930,25.5236,66.3158,0.8586,0,True,3.28,True,0.5344251523177853,-0.812049059171443,-0.2344484635669133,1.75,0.0000,0.00,0.0000,80.6259,0.0000,67.4764,1,714,0,0,0.017977
575,27,325000000,27.325000000,-41.38412713060422,-47.28436729982985,4.628302672560633,0.22728610841237448,-0.15358813160060042,-0.2628939422569535,0.9250072896354886,705,690,689,689,689,0,0.9986,0.9787,25.9588,69.7312,0.8326,0,True,3.28,True,0.18585133540762205,-0.9824977176068369,-0.012550538815502322,1.82,7.0000,0.00,0.0000,79.1263,0.0000,45.4632,1,690,0,0,0.012172
576,27,358000000,27.358000000,-40.80322084208661,-47.98034526728864,4.206209610816387,0.22555612209874548,-0.15683204379164772,-0.24820654644109238,0.928935765339938,687,664,661,661,661,0,0.9955,0.9665,25.9879,46.1913,0.8519,0,True,3.28,True,0.7907968135649646,-0.4974660842264747,-0.35660607776631686,1.79,7.0000,0.00,0.0000,77.2564,0.0000,56.6941,1,664,0,0,0.015279
577,27,391000000,27.391000000,-41.004461238574414,-48.91462550598505,3.9118921998418066,0.2226162053403428,-0.1599937060298273,-0.2433080189744406,0.9304005841858876,657,637,635,635,635,0,0.9969,0.9696,26.2184,87.6545,0.8555,0,True,3.28,True,0.27758201111791664,-0.9489109678918418,0.15005399734195946,0.77,9.0000,0.00,0.0000,75.5189,0.0000,52.6816,1,637,0,0,0.014337
578,27,424000000,27.424000000,-41.31686370310116,-49.8204833037997,3.6258391448048433,0.22026481795275218,-0.16355584130065873,-0.2328718579961297,0.9330078212438013,630,606,603,603,603,0,0.9950,0.9619,26.0495,52.0079,0.8588,0,True,3.28,True,0.1610573930696838,-0.9687739208063557,0.18851420769554167,1.33,10.0000,0.00,0.0000,73.7794,0.0000,52.7484,1,606,0,0,0.014537
579,27,457000000,27.457000000,-40.362693509075754,-50.10634237483396,3.5372737320245538,0.21867587225889815,-0.16712023706182128,-0.21720712636961315,0.9365216246891823,597,574,254,573,254,0,0.4425,0.9615,25.8113,45.1636,0.8513,0,True,3.28,True,0.9265032437051499,0.07561262389653457,-0.3686115441916011,1.89,7.0000,0.00,0.0000,71.9746,0.0000,54.7292,1,574,0,0,0.015330
580,27,490000000,27.490000000,-40.455014085978235,-50.703417480664285,2.7404185199075277,0.21408245204607906,-0.16878271940798975,-0.20426651402097465,0.9401894961149593,253,250,250,250,250,0,1.0000,0.9881,23.9520,43.7227,0.9366,0,True,3.28,True,0.0343645692122424,-0.8986795882264387,-0.43725744600637206,1.64,11.0000,0.00,0.0000,70.3763,0.0000,48.4700,1,250,0,0,0.013837
581,27,523000000,27.523000000,-39.56271983798972,-50.86932741271082,2.320555602451234,0.21140710433384768,-0.18224621472533337,-0.1916390552820771,0.9409398630869341,250,249,237,240,237,0,0.9518,0.9960,25.0808,113.4210,1.4777,0,True,3.28,True,0.7461764272834256,-0.05658084977630015,-0.6633395411138512,2.14,1.0000,2.84,1.3631,69.0146,1.0000,41.3011,0,249,0,0,0.012014
582,27,556000000,27.556000000,-38.598465978518746,-51.106443980902554,2.4388358949107305,0.210173769255887,-0.18515047983751018,-0.1776779733495962,0.9433858300393817,237,237,224,237,224,0,0.9451,1.0000,22.9816,40.3698,0.7749,0,True,3.28,True,0.9641430590952468,0.13026201081644065,-0.23121412183626933,1.66,8.0000,0.00,0.0000,67.0570,0.0000,59.3778,1,237,0,0,0.017738
583,27,589000000,27.589000000,-37.62965618655978,-51.13214677574678,2.685304865253061,0.20635553350781508,-0.19998058716403588,-0.16581601582090563,0.9433611225005585,224,218,136,213,136,0,0.6239,0.9732,25.3132,129.8181,0.8534,0,True,3.28,True,0.9195269076316087,0.3415258375419666,-0.19450030445402663,2.22,5.0000,3.02,1.4418,65.6169,1.0000,43.6833,0,218,0,0,0.013457
584,27,622000000,27.622000000,-37.57250683638331,-52.120227390112134,2.5423690359807107,0.2050066801917644,-0.20302182175214675,-0.16857416852023363,0.9425163927894852,136,136,136,136,136,0,1.0000,1.0000,22.9161,37.4236,0.7350,0,True,3.28,True,0.3959567766068058,-0.9015632379497557,0.1743615755741509,0.50,7.0000,0.00,0.0000,64.0535,0.0000,47.4285,1,136,0,0,0.015100
585,27,655000000,27.655000000,-38.121840183398554,-51.29400879955193,2.667251838919086,0.20079633345604367,-0.2157250295123027,-0.152487494094829,0.9433403989320106,136,130,124,124,124,0,0.9538,0.9559,23.8344,158.3392,1.2621,0,True,3.28,True,-0.7649876794228172,0.6377879082082791,0.08955687843265163,2.40,3.0000,2.27,1.0848,62.9701,1.0000,32.8682,0,130,0,0,0.010805
586,27,688000000,27.688000000,-38.042612917132864,-52.28512716024819,2.5604462427604053,0.20324373994755307,-0.2182860668821838,-0.17423730636942766,0.9384479400831803,124,122,122,122,122,0,1.0000,0.9839,20.9461,33.9404,0.6811,0,True,3.28,True,0.4022431438529311,-0.8966637302907583,0.18491784122786145,2.59,5.0000,0.00,0.0000,61.2858,0.0000,51.1062,1,122,0,0,0.017517
587,27,721000000,27.721000000,-38.03586609542505,-51.39401105104095,3.014171446279193,0.1987172832617291,-0.23301691565409002,-0.16011301294758548,0.938391379668941,122,113,104,105,104,0,0.9204,0.9262,25.5120,130.7810,1.0948,0,True,3.28,True,-0.2110364063267636,0.9725921465532851,0.09761225162631208,2.40,4.0000,2.71,1.3005,59.9875,1.0000,39.4009,0,113,0,0,0.014202
588,27,754000000,27.754000000,-37.21467690371212,-51.096368978986526,3.5010569650174137,0.1952748308862139,-0.2447515971387851,-0.15072669593698046,0.9376811074412748,104,83,45,82,45,0,0.5422,0.7981,20.1674,26.5660,0.8074,0,True,3.28,True,0.7548470045494989,0.6475040420025702,-0.10461603755152794,1.77,3.0000,2.48,1.1810,58.8085,1.0000,35.7796,0,83,0,0,0.013555
589,27,787000000,27.787000000,-37.21467690371212,-51.096368978986526,3.5010569650174137,0.1952748308862139,-0.2447515971387851,-0.15072669593698046,0.9376811074412748,2000,0,0,0,0,0,0.0000,0.0000,0.0000,0.0000,0.0000,1,True,3.28,True,0.0,0.0,0.0,0.00,1.0000,1.14,0.5440,58.2655,1.0000,16.4798,0,2000,0,0,0.006496
590,27,820000000,27.820000000,-36.84258350778119,-52.0162585358446,3.3771630269572945,0.1917728152274228,-0.25572882539403013,-0.1428944767253109,0.9367001247591131,2000,1841,1325,1676,1325,0,0.7197,0.9205,33.2420,812.1413,5.4929,0,True,3.28,True,0.6089860428326433,-0.7928388583528649,-0.023292580809426748,1.60,6.0000,2.27,1.0835,57.1842,1.0000,32.8229,0,1841,0,0,0.013532
591,27,853000000,27.853000000,-36.54905658515132,-52.93967716876211,3.1298980393990425,0.18730531076566168,-0.26889208204289455,-0.13874800089164682,0.9345387958892813,1323,1304,1284,1285,1284,0,0.9847,0.9856,25.5017,913.7722,1.5315,0,True,3.28,True,0.47600981836560563,-0.874906494652452,-0.08918115515344252,1.68,10.0000,3.02,1.4454,55.7420,1.0000,43.7849,0,1304,0,0,0.019525
592,27,886000000,27.886000000,-35.9837101751696,-53.75789743078676,3.0254995742135327,0.18432791746215216,-0.27774729988093205,-0.13161114234880478,0.9335727949456113,1284,1284,1251,1283,1251,0,0.9743,1.0000,16.7916,46.4405,1.2730,0,True,3.28,True,0.7093935577464822,-0.6839794675037475,-0.17009664388540596,1.35,9.0000,1.89,0.8949,54.8492,1.0000,27.1069,0,1284,0,0,0.013199
593,27,919000000,27.919000000,-36.62340693125718,-54.507151519766914,2.854016716768495,0.18229602957263238,-0.2867180929654371,-0.1254389175369874,0.9321083471010576,1251,1247,1171,1247,1171,0,0.9391,0.9968,15.4739,60.5238,1.2197,0,True,3.28,True,-0.3386105843261485,-0.835635637198324,0.43249965783391703,1.28,8.0000,1.89,0.8872,53.9642,1.0000,26.8731,0,1247,0,0,0.009554
594,27,952000000,27.952000000,-36.42820498860304,-55.48790278844708,2.849205213230643,0.17959043209203343,-0.2954971462421126,-0.12201418817035194,0.9303446948034336,1171,1171,1170,1170,1170,0,0.9991,1.0000,13.9844,25.3680,1.1844,0,True,3.28,True,0.48648028023447926,-0.8614424721238122,0.14578684496276653,1.14,9.0000,1.80,0.8640,53.1023,1.0000,26.1720,0,1171,0,0,0.020110
595,27,985000000,27.985000000,-35.89549495987666,-55.20420211489334,2.051875950554632,0.1834381044485738,-0.2967550572797375,-0.11469410674596502,0.9301248086643851,1170,1170,1130,1170,1130,0,0.9658,1.0000,11.3564,18.9161,1.0764,0,True,3.28,True,-0.0741533367058023,-0.002577821266551987,-0.9972435196545093,0.96,0.0000,1.19,0.5663,52.5375,1.0000,17.1530,0,1170,0,0,0.011181
596,28,18000000,28.018000000,-35.478355381806644,-54.42595321511049,2.5212619563050316,0.18131677595938686,-0.30468199034014737,-0.10552914229631515,0.9290622754392001,1130,1129,1129,1129,1129,0,1.0000,0.9991,11.3113,13.8957,1.0179,0,True,3.28,True,0.3212865894670273,0.9411096230978704,-0.10529769580209437,1.41,7.0000,1.60,0.7572,51.7825,1.0000,22.9330,0,1129,0,0,0.017206
597,28,51000000,28.051000000,-34.81849743614437,-55.15715524271014,2.6942679862014414,0.17953371682972724,-0.31014540830274334,-0.10165360070593522,0.9280323354784283,1129,1126,1105,1126,1105,0,0.9813,0.9973,9.1760,12.1631,0.9727,0,True,3.28,True,0.8381425066823697,-0.5409430958373299,-0.06998360921043806,0.80,11.0000,1.15,0.5547,51.2294,1.0000,16.7990,0,1126,0,0,0.015031
598,28,84000000,28.084000000,-33.928650354160325,-55.37621432201095,3.094499532259916,0.17787214818553612,-0.3145987602626304,-0.09713520131187142,0.9273369784534535,1105,1104,687,1104,687,0,0.6223,0.9991,7.6738,10.7885,0.9260,0,True,3.28,True,0.9817784317515503,0.026990265041867446,-0.18810272868950148,0.76,7.0000,0.93,0.4442,50.7865,1.0000,13.4514,0,1104,0,0,0.014770
599,28,117000000,28.117000000,-34.18451583840054,-55.7358111183148,3.9918417178627714,0.18125463167095585,-0.3220815081605843,-0.09392986367824843,0.9244389873367604,687,685,685,685,685,0,1.0000,0.9971,5.8169,9.5913,1.0224,0,True,3.28,True,0.3972094105340695,0.003355205871907892,0.9177218678754114,1.06,7.0000,0.50,0.2294,50.5578,1.0000,6.9435,0,685,0,0,0.009342
600,28,150000000,28.150000000,-34.06731879096442,-56.72865306310229,4.014857467749036,0.18074991392787423,-0.32545045804796935,-0.09576483277721226,0.9231687628893135,685,685,685,685,685,0,1.0000,1.0000,5.1038,7.8321,0.9140,0,True,3.28,True,0.39207927376369645,-0.8943115123574958,0.21559397475296238,0.47,0.0000,0.63,0.2981,50.2609,1.0000,9.0151,0,685,0,0,0.015961
601,28,183000000,28.183000000,-34.32111231606504,-57.67852591404577,4.197423657547376,0.18106527058720753,-0.32787272836409037,-0.09516210173590937,0.9223117781832092,685,683,683,683,683,0,1.0000,0.9971,3.6146,6.6163,0.8700,0,True,3.28,True,0.1877101343857447,-0.8130932453219627,0.5510392725211918,0.30,6.0000,0.38,0.1716,50.0908,1.0000,5.1669,0,683,0,0,0.015684
602,28,216000000,28.216000000,-34.355534613150446,-58.677713097334376,4.1764456162867365,0.18104056097293075,-0.32916214248907516,-0.10003910359928712,0.9213407496608731,683,681,681,681,681,0,1.0000,0.9971,2.3391,5.6161,1.0100,0,True,3.28,True,0.2556691425711674,-0.925845344120499,0.27828706097718364,0.59,5.0000,0.13,0.0573,50.0363,1.0000,1.6491,0,681,0,0,0.014536
603,28,249000000,28.249000000,-33.411471886483795,-58.61347588913972,4.499894451811097,0.1813795076905029,-0.32883285093283393,-0.09880165115513506,0.9215251836311118,681,681,513,681,513,0,0.7533,1.0000,1.5850,4.5535,0.9651,0,True,3.28,True,0.8855640390288857,0.24945704573624267,-0.39185139416798387,0.15,10.0000,0.00,0.0247,50.0575,1.0000,0.6481,0,681,0,0,0.009901
604,28,282000000,28.282000000,-33.2455139464576,-59.57451195846004,4.278834198469176,0.18226364759418223,-0.32576443940732097,-0.10780147845027056,0.9214316762664682,513,512,512,512,512,0,1.0000,0.9981,2.2430,4.0185,0.9560,0,True,3.28,True,0.2904161376780137,-0.9568789350922358,-0.006416428362698548,1.09,3.0000,0.34,0.1533,50.2085,1.0000,4.5882,0,512,0,0,0.017700
605,28,315000000,28.315000000,-32.97902722021944,-60.49459710868967,3.99173118374138,0.18317242755803306,-0.32285405670180045,-0.11417170390449322,0.9215085142749537,512,512,512,512,512,0,1.0000,1.0000,1.6850,2.7869,0.9042,0,True,3.28,True,0.3347028063920172,-0.9328729348601497,-0.13312444853864616,0.81,5.0000,0.13,0.0832,50.2910,1.0000,2.5058,0,512,0,0,0.005757
606,28,348000000,28.348000000,-32.62564850723881,-61.41485655861858,3.8236656309690216,0.1845752645703939,-0.3178548031505522,-0.11953404625026348,0.9222862395210788,512,512,512,512,512,0,1.0000,1.0000,5.2010,6.7088,0.9021,0,True,3.28,True,0.48000947073956407,-0.8710800135052579,-0.10397364123662968,0.86,6.0000,0.89,0.4216,50.7103,1.0000,12.7381,0,512,0,0,0.020462
607,28,381000000,28.381000000,-33.17366903574223,-62.212651035598505,4.075056706465213,0.18763587033123558,-0.3145317980127441,-0.121452462791927,0.9225572217947707,512,512,294,512,294,0,0.5742,1.0000,5.3474,7.3291,0.9652,0,True,3.28,True,-0.015810445800318353,-0.672475279393025,0.7399506932281829,0.56,8.0000,0.87,0.3970,51.1058,1.0000,12.0126,0,512,0,0,0.013881
608,28,414000000,28.414000000,-32.3978814206262,-61.82477397304277,3.5773570374119963,0.19312845294148526,-0.3081431453255593,-0.12239072809897368,0.9234553114952033,294,294,160,294,160,0,0.5442,1.0000,6.1833,7.6487,1.1221,0,True,3.28,True,0.20054463642916975,0.2210677579192231,-0.9544165208168077,0.98,1.0000,1.04,0.4981,51.6024,1.0000,15.0802,0,294,0,0,0.014207
609,28,447000000,28.447000000,-33.24019692462847,-62.35532804505262,3.672314756377479,0.1978425704617778,-0.3027919908754438,-0.12503935754765133,0.9238725489150721,160,160,61,160,61,0,0.3812,1.0000,7.6778,9.0581,1.0612,0,True,3.28,True,-0.42449178786534963,-0.524194915147887,0.7382590419141365,0.87,11.0000,1.20,0.5659,52.1666,1.0000,17.1335,0,160,0,0,0.013660
610,28,480000000,28.480000000,-33.24019692462847,-62.35532804505262,3.672314756377479,0.1978425704617778,-0.3027919908754438,-0.12503935754765133,0.9238725489150721,2000,0,0,0,0,0,0.0000,0.0000,0.0000,0.0000,0.0000,1,True,4.92,True,0.0,0.0,0.0,0.00,3.0000,1.64,0.7712,52.9358,1.0000,23.3520,0,2000,0,0,0.016063
611,28,513000000,28.513000000,-33.16704050476969,-63.35177169767239,3.7141260633077144,0.1996618628918445,-0.2989943138767557,-0.13186947881741307,0.9237683591314169,2000,1967,1877,1877,1877,0,0.9542,0.9835,15.0721,264.1420,4.1887,0,True,4.92,True,0.42838187205742295,-0.8606923034150956,0.27513220555688245,0.92,7.0000,0.76,0.3567,53.2916,1.0000,10.8027,0,1967,0,0,0.006718
612,28,546000000,28.546000000,-32.54467875035466,-63.14898689163094,2.9581206604962245,0.20703199467984737,-0.2839994345795197,-0.13466798597125237,0.9264699713924047,1845,1784,1704,1745,1704,0,0.9552,0.9669,20.5860,166.9443,2.7073,0,True,4.92,True,0.038015017879821054,-0.08160791150068519,-0.995939258788453,1.97,3.0000,2.60,1.2436,54.5320,1.0000,37.6629,0,1784,0,0,0.021053
613,28,579000000,28.579000000,-32.08505210839442,-64.03535245295784,2.902448030829514,0.2099851443574125,-0.2751797178027004,-0.14048680539363126,0.927602188208671,1619,1438,1322,1430,1322,0,0.9193,0.8882,17.0603,37.1566,1.3953,0,True,4.92,True,0.6680276173208717,-0.7432063954298185,-0.037193497937343764,1.26,7.0000,1.82,0.8660,55.3960,1.0000,26.2279,0,1438,0,0,0.013074
614,28,612000000,28.612000000,-31.20366653776694,-64.50385397460697,2.8419021795916852,0.21339477493859346,-0.2665472474675114,-0.14506767805713694,0.9286391138001411,1248,1174,1087,1159,1087,0,0.9259,0.9407,16.9823,40.1703,1.4079,0,True,4.92,True,0.8620232017432711,-0.30910250202143325,-0.40171089467472737,1.19,10.0000,1.65,0.7883,56.1824,1.0000,23.8759,0,1174,0,0,0.011096
615,28,645000000,28.645000000,-30.31265397286136,-64.80132036505655,2.498958516968701,0.21780729862395404,-0.2570057689024913,-0.15042382888783612,0.9294518207630227,1008,945,923,937,923,0,0.9767,0.9375,17.8180,47.6001,1.4777,0,True,4.92,True,0.6923462334405892,-0.28159089657575853,-0.6643517592407576,1.36,4.0000,1.65,0.7792,56.9597,1.0000,23.5990,0,945,0,0,0.010371
616,28,678000000,28.678000000,-29.84988488435793,-64.56344063747567,1.6449924720162517,0.22539863010713912,-0.2507127701384875,-0.15788298812791257,0.928122581610378,840,826,817,817,817,0,0.9891,0.9833,10.7944,64.9729,1.1231,0,True,4.92,True,-0.06447937159521096,-0.12964838215061952,-0.9894613219547359,1.42,11.0000,0.00,0.0000,58.4424,0.0000,45.0103,1,826,0,0,0.018416
617,28,711000000,28.711000000,-28.913500576413806,-64.83991576944312,1.4287844026951253,0.23072876603079598,-0.23717052312809433,-0.16298549061665835,0.9294891657967291,797,710,644,699,644,0,0.9070,0.8908,24.8953,53.5071,1.7396,0,True,4.92,True,0.7990275169742564,-0.1735812170971612,-0.5756948742077026,1.77,6.0000,2.69,1.2844,59.7239,1.0000,38.9005,0,710,0,0,0.014820
618,28,744000000,28.744000000,-27.934060438741326,-65.02261508135193,1.3432392208077175,0.23526200309462686,-0.22722152030147308,-0.16868106644428593,0.929821955233909,515,442,300,436,300,0,0.6787,0.8583,18.9808,40.2224,1.8287,0,True,4.92,True,0.8612854651461186,-0.00728290169459053,-0.5080691949635807,1.41,10.0000,1.79,0.8514,60.5734,1.0000,25.7859,0,442,0,0,0.009375
619,28,777000000,28.777000000,-27.290421824577773,-64.35285079203062,1.7135703309072032,0.24203271443564778,-0.22605233088297305,-0.17097678467817246,0.9279479769612091,222,216,214,214,214,0,0.9907,0.9730,11.9507,27.0719,1.4694,0,True,4.92,True,0.3859381038113011,0.8810064561502393,-0.27364101346131153,0.86,9.0000,0.00,0.0000,62.4023,0.0000,55.5089,1,216,0,0,0.019176
620,28,810000000,28.810000000,-26.51686761345139,-64.79783817217385,1.262349637718278,0.24659568268181056,-0.21526102161991909,-0.17857392614041928,0.927881789214896,201,154,147,149,147,0,0.9545,0.7662,21.7646,44.1779,2.6865,0,True,4.92,True,0.6872087322136274,-0.44358295797976777,-0.5753071507979528,1.60,8.0000,1.80,0.8582,63.2587,1.0000,25.9905,0,154,0,0,0.008596
621,28,843000000,28.843000000,-26.51686761345139,-64.79783817217385,1.262349637718278,0.24659568268181056,-0.21526102161991909,-0.17857392614041928,0.927881789214896,2000,0,0,0,0,0,0.0000,0.0000,0.0000,0.0000,0.0000,1,True,4.92,True,0.0,0.0,0.0,0.00,2.0000,0.00,0.0000,65.1048,0.0000,56.0264,1,2000,0,0,0.017834
622,28,876000000,28.876000000,-26.187827205839266,-65.70111454076726,0.98698767211818,0.24914265879313333,-0.21193465972631415,-0.18989084322788563,0.9257176152771333,2000,1931,1475,1729,1475,0,0.7639,0.9655,21.3270,221.8589,4.7526,0,True,4.92,True,0.5870468913590954,-0.8088857897850257,-0.03285919094374468,1.40,9.0000,0.00,0.0000,66.8421,0.0000,52.7181,1,1931,0,0,0.016086
623,28,909000000,28.909000000,-26.038486949449478,-66.59078967764758,0.5555069209386895,0.25214723775097403,-0.20804646637311502,-0.20191846319186957,0.9232374410445277,1471,1458,1421,1432,1421,0,0.9746,0.9912,15.7338,45.5992,2.4144,0,True,4.92,True,0.4034122527459818,-0.9120928910707853,-0.073110275560613,1.52,8.0000,0.00,0.0000,68.4740,0.0000,49.5126,1,1458,0,0,0.014619
624,28,942000000,28.942000000,-26.209299830793462,-67.53445998843662,0.272117958376193,0.2551960155507639,-0.20440740361221965,-0.2145708265696909,0.9203542618908901,1416,1399,1325,1333,1325,0,0.9471,0.9880,16.1575,38.0316,2.2467,0,True,4.92,True,0.22873645176018217,-0.9482426348529459,0.22026243684138452,1.58,5.0000,0.00,0.0000,70.0217,0.0000,46.9566,1,1399,0,0,0.013502
625,28,975000000,28.975000000,-26.125702810745935,-68.25557657729998,-0.4156337435520757,0.2580857267997126,-0.19888084062990224,-0.22864201457867175,0.9173663379599308,1318,1305,1302,1302,1302,0,0.9977,0.9901,16.9751,36.8782,1.2498,0,True,4.92,True,0.24550967636676252,-0.9198885303798605,-0.3058268962760922,1.80,6.0000,0.00,0.0000,71.6847,0.0000,50.4494,1,1305,0,0,0.014179
626,29,8000000,29.008000000,-25.409273672644943,-68.84571430755778,-0.7877449492500943,0.26366605049532776,-0.18443341060736362,-0.23731238274876132,0.9165955290432287,1295,1264,1096,1226,1096,0,0.8671,0.9761,26.5017,62.9214,1.8999,0,True,4.92,True,0.8011263666223924,-0.43286966361518536,-0.413304245107742,2.04,4.0000,2.78,1.3332,73.0163,1.0000,40.3930,0,1264,0,0,0.011151
627,29,41000000,29.041000000,-26.248448539093925,-69.27561342202992,-0.4546199053155771,0.2692395266716071,-0.18127146959548418,-0.24930984295243366,0.912411822476767,1032,1017,579,1011,579,0,0.5693,0.9855,17.0950,40.3364,1.1422,0,True,4.92,True,-0.38778885986196965,-0.41498555852590624,0.8230472564694541,1.63,4.0000,0.00,0.0000,75.0905,0.0000,62.9148,1,1017,0,0,0.017085
628,29,74000000,29.074000000,-25.726611428250177,-68.81883026202757,-1.175060863676838,0.2775034865222974,-0.17723027106684064,-0.26179076672056634,0.9072192901638507,574,574,251,572,251,0,0.4373,1.0000,14.0383,25.7903,0.9910,0,True,4.92,True,0.028678055901989973,0.10116607731627923,-0.9944561297061418,1.87,3.0000,0.00,0.0000,76.8996,0.0000,54.8658,1,574,0,0,0.014681
629,29,107000000,29.107000000,-25.678312248870974,-68.8063425235323,-2.1738157113038943,0.28457819935461076,-0.16647273700917525,-0.276454049065447,0.9027044006983022,249,249,248,248,248,0,0.9960,1.0000,13.0163,16.8936,1.0420,0,True,4.92,True,-0.14457364984251458,-0.5685209268392408,-0.8098656774534062,2.30,2.0000,0.00,0.0000,78.6266,0.0000,52.3750,1,249,0,0,0.013876
630,29,140000000,29.140000000,-25.536024232741035,-68.12195889329116,-2.8889193171707364,0.29319868142689215,-0.16106661885498094,-0.288521716070188,0.8971328200751937,241,241,241,241,241,0,1.0000,1.0000,13.1614,15.6961,0.9997,0,True,4.92,True,-0.3961838419856085,0.0932328771818547,-0.9134254178431404,1.92,0.0000,0.00,0.0000,80.4153,0.0000,54.2414,1,241,0,0,0.014266
631,29,173000000,29.173000000,-25.3128545735962,-67.1608582900067,-2.726189683718802,0.3015176383825573,-0.1568555506882343,-0.2959820610397635,0.8926802728329724,236,236,236,236,236,0,1.0000,1.0000,13.2900,16.0721,0.9268,0,True,4.92,True,-0.3943906102562891,0.8310304923959182,-0.3922299927974274,1.46,0.0000,0.00,0.0000,82.2710,0.0000,56.2649,1,236,0,0,0.014733
632,29,206000000,29.206000000,-25.887244313366214,-67.97241517534587,-2.833202994598744,0.30259208361216516,-0.1537576205956553,-0.3128036331244567,0.8871023121084463,236,235,234,234,234,0,0.9957,0.9958,13.4398,24.9564,1.0067,0,True,4.92,True,0.04926537242124295,-0.8385413470562397,0.5426060563219903,2.07,1.0000,0.00,0.0000,84.0788,0.0000,54.8100,1,235,0,0,0.014335
633,29,239000000,29.239000000,-26.309386133202402,-68.87239341850749,-2.7244121595936273,0.302417894200072,-0.14565971482186918,-0.3334155636224039,0.8809998448807812,231,213,212,212,212,0,0.9953,0.9221,26.1072,37.7869,1.6847,0,True,4.92,True,0.2727237492213274,-0.6851799361558323,0.6753889336524193,2.63,9.0000,2.77,1.3229,85.4010,1.0000,40.0872,0,213,0,0,0.010500
634,29,272000000,29.272000000,-26.872676277386173,-69.69780840054676,-2.7617527660496695,0.3004563071735682,-0.14458237676788915,-0.35574580640578163,0.8730789569291376,184,183,182,182,182,0,0.9945,0.9946,13.1545,17.4550,1.1062,0,True,4.92,True,0.1414286727716817,-0.7957385425068607,0.5888956634982957,2.73,5.0000,0.00,0.0000,87.6120,0.0000,67.0260,1,183,0,0,0.017625
635,29,305000000,29.305000000,-27.203503468034565,-69.9178544801382,-3.6794308647226743,0.303887571776747,-0.13572375242338555,-0.3716525485669428,0.8666635967268062,177,177,176,176,176,0,0.9944,1.0000,13.1444,22.8948,1.0784,0,True,4.92,True,-0.11295859443271554,-0.877239801386714,-0.46657334558114627,2.25,4.0000,0.00,0.0000,89.2954,0.0000,51.0241,1,177,0,0,0.013515
636,29,338000000,29.338000000,-27.7032220226977,-70.75846122261888,-3.470477112372101,0.2695464108047228,-0.15398845380845302,-0.4220634180443296,0.8517598016252651,172,172,172,172,172,0,1.0000,1.0000,13.0090,16.1340,1.1235,0,True,4.92,True,0.2695546014710485,-0.6026831406243387,0.751074795764688,7.49,6.0000,0.00,0.0000,91.2342,0.0000,58.7640,1,172,0,0,0.015723
637,29,371000000,29.371000000,-28.054281629126766,-70.08496190016206,-2.8199728346121042,0.273162074615507,-0.15182026532459297,-0.432336989454304,0.845823749712735,169,169,65,169,65,0,0.3846,1.0000,12.8400,15.4625,1.1376,0,True,4.92,True,-0.7268565987811432,0.4956684447917317,0.4753864508439995,1.44,7.0000,0.00,0.0000,93.0199,0.0000,54.1184,1,169,0,0,0.008413
638,29,404000000,29.404000000,-28.054281629126766,-70.08496190016206,-2.8199728346121042,0.273162074615507,-0.15182026532459297,-0.432336989454304,0.845823749712735,2000,0,0,0,0,0,0.0000,0.0000,0.0000,0.0000,0.0000,1,True,6.56,True,0.0,0.0,0.0,0.00,7.0000,0.00,0.0000,94.5822,0.0000,47.3465,1,2000,0,0,0.019312
639,29,437000000,29.437000000,-28.58627413895582,-70.49518328184432,-3.560717316533131,0.28088759270635516,-0.1380488234100354,-0.44129682385149266,0.841012363688738,2000,1910,1385,1767,1385,0,0.7251,0.9550,25.8367,480.8220,4.5307,0,True,6.56,True,0.010170283232840907,-0.9801373851684482,-0.19805875778192988,2.15,3.0000,2.84,1.3603,95.9423,1.0000,41.2151,0,1910,0,0,0.011531
640,29,470000000,29.470000000,-29.490126850067597,-70.78747357597268,-3.8731539670308055,0.281747419402669,-0.13404280786278425,-0.4553359590924319,0.8338585501615802,1312,1306,1291,1291,1291,0,0.9885,0.9954,16.6112,92.2700,1.1902,0,True,6.56,True,-0.27283009057680346,-0.9188153801431038,0.28520525746966274,1.87,4.0000,0.00,0.0000,97.6448,0.0000,51.5878,1,1306,0,0,0.014718
641,29,503000000,29.503000000,-30.349552916005194,-71.07192058087861,-4.297979506031279,0.28305824543617425,-0.13031899544738768,-0.46812613295443417,0.826893531696376,1289,1283,1282,1282,1282,0,0.9992,0.9953,15.8875,124.2268,1.1693,0,True,6.56,True,-0.22065196616428806,-0.9605201236981861,0.16945147328558566,1.73,3.0000,0.00,0.0000,99.6446,0.0000,60.5922,1,1283,0,0,0.010252
642,29,536000000,29.536000000,-30.891727567403255,-71.47516016910635,-3.5607926356467754,0.288080489963021,-0.13158491398970823,-0.4796360592685988,0.8183179653180517,1275,1267,1034,1265,1034,0,0.8161,0.9937,15.0711,31.3285,1.1579,0,True,6.56,True,0.019310787598354872,-0.1065955836431397,0.9941149204343074,1.75,3.0000,0.00,0.0000,101.2016,0.0000,47.1722,1,1267,0,0,0.014794
643,29,569000000,29.569000000,-31.4303063204633,-71.88398844412735,-2.824048196715875,0.2956067664769184,-0.12878111467592954,-0.4892883494838913,0.8103264620973543,1031,1023,1017,1017,1017,0,0.9941,0.9922,15.1537,253.4171,1.2607,0,True,6.56,True,0.03485880272980761,-0.0944565172297143,0.9949185043133316,1.71,5.0000,1.39,0.6483,101.8499,1.0000,19.6387,0,1023,0,0,0.012144
644,29,602000000,29.602000000,-32.219717945722635,-72.03970884419846,-3.417833042351966,0.2964776831588953,-0.12446682677410768,-0.5008668773892525,0.80358034044883,991,990,988,989,988,0,0.9980,0.9990,12.8940,214.4998,1.0761,0,True,6.56,True,-0.20207724593946066,-0.9791173958014253,-0.022224129061852626,1.62,3.0000,0.00,0.0000,104.3512,0.0000,75.7764,1,990,0,0,0.025204
645,29,635000000,29.635000000,-32.65463544037474,-72.40733710439389,-2.595825600079576,0.3019803965292269,-0.12566163018285165,-0.5107252154233728,0.795095433984241,986,986,712,982,712,0,0.7221,1.0000,11.9390,24.0031,1.0331,0,True,6.56,True,0.04013810854564916,0.057619508239670325,0.9975314153010904,1.62,2.0000,0.00,0.0000,105.8421,0.0000,45.1642,1,986,0,0,0.015253
646,29,668000000,29.668000000,-33.28050182129831,-72.73678436578612,-1.8888915330048828,0.31158276796298284,-0.11962433891108586,-0.5174656302241903,0.7879311631007452,712,706,704,704,704,0,0.9972,0.9916,15.4359,22.9020,1.2161,0,True,6.56,True,-0.06382978108472531,-0.12807850054111194,0.989707864344735,1.72,5.0000,2.46,1.1773,107.0193,1.0000,35.6579,0,706,0,0,0.012562
647,29,701000000,29.701000000,-33.69946667318341,-73.3043868906791,-1.1801632164970708,0.3185794877061781,-0.11983025321046566,-0.5261244223374774,0.7793208021401973,678,673,672,672,672,0,0.9985,0.9926,11.2952,19.3194,1.1691,0,True,6.56,True,0.2276274782295856,-0.028096156062573825,0.9733428672206661,1.61,5.0000,1.58,0.7482,107.7674,1.0000,22.6594,0,673,0,0,0.008246
648,29,734000000,29.734000000,-34.68322925850428,-73.32688203257607,-1.3582226007311264,0.3189271793760615,-0.11744849408347766,-0.535750310774248,0.7729572497868491,641,640,640,640,640,0,1.0000,0.9984,10.2186,19.7980,0.9320,0,True,6.56,True,-0.36428797824848236,-0.8479555787624469,0.3850527306087791,1.35,0.0000,0.00,0.0000,109.7826,0.0000,61.0345,1,640,0,0,0.023497
649,29,767000000,29.767000000,-35.24815299298569,-73.06518431984367,-2.1407668367780017,0.3266546843432073,-0.1051245205418165,-0.5408698135153248,0.7679227807568874,640,631,627,627,627,0,0.9937,0.9859,14.1171,21.7533,1.1982,0,True,6.56,True,-0.3360531447227075,-0.8516319768877605,-0.4022328428463096,1.86,2.0000,2.39,1.1421,110.9244,1.0000,34.5831,0,631,0,0,0.014361
650,29,800000000,29.800000000,-35.61239972092725,-73.35372508891626,-1.2552903855005924,0.33581233454780607,-0.09941689680306665,-0.5442977919111311,0.7622901483793869,576,548,504,534,504,0,0.9197,0.9514,13.8271,23.4049,1.4308,0,True,4.92,True,-0.05350032705407205,0.20922400351829176,0.9764031090471216,1.45,3.0000,2.36,1.1302,112.0545,1.0000,34.2226,0,548,0,0,0.015161
651,29,833000000,29.833000000,-35.800257450487074,-73.299517861025,-0.2745911197269575,0.3412626382403417,-0.09617156334303138,-0.5480249223089294,0.7576011659664278,435,431,253,427,253,0,0.5870,0.9908,7.4668,13.1531,1.0691,0,True,4.92,True,-0.33130130739764085,0.47474410372484366,0.8153879320269026,1.00,3.0000,1.25,0.5828,112.6372,1.0000,17.6480,0,431,0,0,0.008258
652,29,866000000,29.866000000,-36.39313671158376,-73.87650371103265,0.2871753002843944,0.3502501120634586,-0.09274441934690313,-0.5531422111605634,0.7501713310384123,242,229,229,229,229,0,1.0000,0.9463,13.2449,18.0539,1.2078,0,True,4.92,True,0.16292888882438877,-0.19971787128947308,0.966212683146962,1.51,3.0000,2.57,1.2295,113.8665,1.0000,37.2259,0,229,0,0,0.018765
653,29,899000000,29.899000000,-36.429608516523906,-73.10642792767548,0.9240843168096999,0.3579956828621422,-0.0878261577502331,-0.5515985277094523,0.7482410850091461,186,181,177,177,177,0,0.9779,0.9731,9.1049,14.7660,1.6224,0,True,4.92,True,-0.8608063093582856,0.48204498762039294,0.16323335345150114,1.09,4.0000,1.92,0.9135,114.7797,1.0000,27.6533,0,181,0,0,0.015415
654,29,932000000,29.932000000,-36.58441639797875,-72.85007806406105,1.878190845067576,0.3643878977749644,-0.08577478576344746,-0.5504704292425123,0.7462214501151392,135,129,126,126,126,0,0.9767,0.9556,8.5972,16.1185,1.4878,0,True,4.92,True,-0.5373577088018014,0.5201851612602969,0.6638178144610742,0.81,7.0000,1.86,0.8853,115.6647,1.0000,26.7943,0,129,0,0,0.016657
655,29,965000000,29.965000000,-36.58441639797875,-72.85007806406105,1.878190845067576,0.3643878977749644,-0.08577478576344746,-0.5504704292425123,0.7462214501151392,2000,0,0,0,0,0,0.0000,0.0000,0.0000,0.0000,0.0000,1,True,6.56,True,0.0,0.0,0.0,0.00,8.0000,1.47,0.6943,116.3586,1.0000,21.0127,0,2000,0,0,0.014772
656,29,998000000,29.998000000,-37.44936738565131,-72.45569270257052,1.567836248571502,0.36786380878389957,-0.0804212064031699,-0.5523299471775921,0.7437340097094253,2000,1964,1611,1841,1611,0,0.8203,0.9820,18.2930,955.6277,5.3773,0,True,6.56,True,-0.5919164195992394,-0.8039733701007428,0.05711192850597171,0.81,8.0000,1.28,0.6072,116.9654,1.0000,18.3714,0,1964,0,0,0.014769
657,30,31000000,30.031000000,-38.04668244304487,-72.06470878435283,0.867588936612325,0.37172541478585935,-0.07537543580780084,-0.5539467087236262,0.7411354826030979,1588,1584,1576,1577,1576,0,0.9949,0.9975,5.5823,92.4350,1.1741,0,True,6.56,True,-0.36871128870351183,-0.8541584935838966,-0.36669504144600024,0.81,7.0000,1.06,0.5016,117.4666,1.0000,15.1707,0,1584,0,0,0.012999
658,30,64000000,30.064000000,-38.796057823347724,-71.69359755367638,0.3192158940019505,0.3743528033660151,-0.07155683569919541,-0.5554240472061028,0.7390830302895046,1546,1525,1513,1518,1513,0,0.9921,0.9864,3.8162,26.9059,1.1440,0,True,6.56,True,-0.4419039406125553,-0.8804688983084844,-0.17174232554189814,0.61,1.0000,0.82,0.3845,117.8505,1.0000,11.6233,0,1525,0,0,0.006782
659,30,97000000,30.097000000,-39.435134810028536,-71.28796914142636,-0.3342718229985209,0.3772440489286567,-0.0672687922017507,-0.5563651431549134,0.7373056792306999,1477,1470,1467,1467,1467,0,0.9980,0.9953,3.7908,145.7882,1.0688,0,True,6.56,True,-0.3903522419192028,-0.862335939467099,-0.32249318555908707,0.64,5.0000,0.83,0.3886,118.2384,1.0000,11.7386,0,1470,0,0,0.023903
660,30,130000000,30.130000000,-40.14332276478634,-70.97834088579987,-0.9687796354434385,0.37875608115202025,-0.06497364936682673,-0.557629017197148,0.7357799501604155,1436,1427,1427,1427,1427,0,1.0000,0.9937,2.2663,4.5847,1.0186,0,True,6.56,True,-0.3296836190861281,-0.9157197633176363,-0.22970856835513365,0.39,12.0000,0.38,0.1813,118.4191,1.0000,5.4682,0,1427,0,0,0.010156
661,30,163000000,30.163000000,-40.63411385273801,-71.28223956873532,-0.15221996310020447,0.38276326625991486,-0.06810140685011093,-0.5576268529107768,0.7334212795521413,1410,1408,952,1407,952,0,0.6761,0.9986,3.2854,6.0390,0.9165,0,True,6.56,True,-0.18394242093552915,0.10799802678652172,0.9769859835179798,0.64,1.0000,0.48,0.2263,118.6436,1.0000,6.7903,0,1408,0,0,0.018958
662,30,196000000,30.196000000,-41.60606066177163,-71.10304685408806,-0.3045661853267424,0.3822452151345515,-0.06791747126346394,-0.5588038863338031,0.7328124106632987,943,942,942,942,942,0,1.0000,0.9989,3.3144,6.2053,0.9223,0,True,6.56,True,-0.46458011476670197,-0.8261924497994914,0.3187026088027409,0.16,3.0000,0.13,0.0673,118.7076,1.0000,1.9317,0,942,0,0,0.013530
663,30,229000000,30.229000000,-42.51478753236484,-70.79512299397594,-0.5863433508946869,0.381832616537076,-0.06848096111674347,-0.5587364056809342,0.7330264933000226,942,942,938,942,938,0,0.9958,1.0000,4.4214,7.5448,1.0100,0,True,6.56,True,-0.5086720391678156,-0.8506733149018828,0.13269388788749184,0.08,4.0000,0.03,0.0306,118.6866,1.0000,0.6439,0,942,0,0,0.015240
664,30,262000000,30.262000000,-43.20499144019295,-71.311512592733,-0.07943078652652358,0.38301144629437855,-0.07660596310888199,-0.5609941227197207,0.7298762584832994,938,938,938,938,938,0,1.0000,1.0000,5.6758,9.1304,1.0827,0,True,6.56,True,0.03181258722926857,-0.25011641175256966,0.9676929987686173,1.04,3.0000,0.26,0.1236,118.5648,1.0000,3.6969,0,938,0,0,0.015431
665,30,295000000,30.295000000,-43.2993718535718,-71.22608822189483,0.9124336268069273,0.38318136680459824,-0.08313319412535915,-0.5578690653602258,0.7314663478810105,938,938,938,938,938,0,1.0000,1.0000,6.6291,10.1598,1.0570,0,True,6.56,True,-0.4241571026358231,0.5746468265141195,0.6999084061938644,0.85,14.0000,0.38,0.1783,118.3873,1.0000,5.3819,0,938,0,0,0.012628
666,30,328000000,30.328000000,-44.16316317098191,-70.90597211605143,0.523344641166687,0.3816455335940988,-0.08616650485910148,-0.5569504008357182,0.7326174111614975,938,938,936,936,936,0,0.9979,1.0000,7.9727,20.6339,1.1402,0,True,6.56,True,-0.4768196124230796,-0.8772698496704148,0.05514225301846053,0.42,7.0000,0.63,0.2914,118.0966,1.0000,8.8137,0,938,0,0,0.014704
667,30,361000000,30.361000000,-44.72591992062388,-71.43745896921988,1.1564532934859344,0.38114124089343804,-0.09763919045061306,-0.5572475056040002,0.7312134848841882,936,932,927,927,927,0,0.9946,0.9957,9.4534,59.0084,1.2322,0,True,6.56,True,0.07419829135520317,-0.05436493339533558,0.9957605473088846,1.33,10.0000,0.89,0.4223,117.6747,1.0000,12.7855,0,932,0,0,0.016030
668,30,394000000,30.394000000,-45.49678702032067,-70.9398112606177,0.7588219658367502,0.3796246022715418,-0.10262782802605241,-0.5550516290321215,0.7329872982348445,927,926,883,926,883,0,0.9536,0.9989,10.1190,13.8621,1.2157,0,True,6.56,True,-0.6078836203869703,-0.7917382644061856,-0.06023308675728894,0.68,11.0000,1.01,0.4809,117.1941,1.0000,14.5646,0,926,0,0,0.014652
669,30,427000000,30.427000000,-46.32618173087863,-71.14813610396786,0.24045416808927556,0.3747782218658692,-0.10769037388732729,-0.5564458876691529,0.7336975138864471,883,882,882,882,882,0,1.0000,0.9989,11.2738,14.9457,1.3006,0,True,6.56,True,0.02532851535814846,-0.9777004245077513,0.20847145182761803,0.82,10.0000,1.26,0.5839,116.6103,1.0000,17.6874,0,882,0,0,0.014960
670,30,460000000,30.460000000,-46.73749603205564,-70.94587845806593,-0.6483159879811519,0.3720344901544188,-0.11379942661947691,-0.5539785368815305,0.736035195701414,882,882,873,874,873,0,0.9898,1.0000,12.6759,127.9025,1.4785,0,True,6.56,True,-0.09828907733685005,-0.8777526269553629,-0.46892385645137546,0.86,9.0000,1.40,0.6656,115.9448,1.0000,20.1634,0,882,0,0,0.014735
671,30,493000000,30.493000000,-47.673560859339496,-70.84596763395585,-0.9856592350569853,0.36834436419718264,-0.11960089616820446,-0.5515572188413956,0.7387846028064476,873,873,873,873,873,0,1.0000,1.0000,12.0395,15.3772,1.4109,0,True,4.92,True,-0.3446745782053668,-0.9004493657934978,0.2653118444039775,0.89,6.0000,1.02,0.4926,115.4523,1.0000,14.9214,0,873,0,0,0.009834
672,30,526000000,30.526000000,-48.62430997539813,-70.68184297030963,-1.2486025998653076,0.3627183120180328,-0.12848597030340478,-0.5495514046858502,0.74156593447231,873,865,858,858,858,0,0.9919,0.9908,16.5746,530.5906,1.5346,0,True,4.92,True,-0.4329271408141182,-0.8491260450242667,0.3025872608157184,1.27,0.0000,1.90,0.9087,114.5436,1.0000,27.5272,0,865,0,0,0.016419
673,30,559000000,30.559000000,-49.57028353039408,-70.44509866865168,-1.4701565862451345,0.35691672973731686,-0.13793388656885275,-0.5463335994292632,0.7450532122635908,858,857,843,847,843,0,0.9837,0.9988,16.0198,135.5356,1.4717,0,True,4.92,True,-0.512279927371488,-0.8018713048507912,0.30752509892552327,1.38,3.0000,2.00,0.9499,113.5938,1.0000,28.7739,0,857,0,0,0.015374
674,30,592000000,30.592000000,-50.16902720873515,-69.71636992041526,-1.8025124484476422,0.3563775040264799,-0.1440078178085394,-0.5398419545168717,0.7488841613876493,843,841,728,836,728,0,0.8656,0.9976,14.3664,51.2622,1.3332,0,True,4.92,True,-0.822235897973683,-0.5472923052986869,-0.1562026268801512,1.11,6.0000,0.80,0.3840,113.2097,1.0000,11.6333,0,841,0,0,0.005823
675,30,625000000,30.625000000,-50.19802429724335,-69.35516199949627,-2.734546786186016,0.3581153310562345,-0.14230967798797345,-0.5324266789849493,0.7536731365243825,728,724,723,723,723,0,0.9986,0.9945,15.5890,67.7487,1.1639,0,True,4.92,True,-0.18243325958360396,-0.60395338864523,-0.7758597876817983,1.05,4.0000,0.00,0.0000,111.4540,0.0000,53.1869,1,724,0,0,0.024540
676,30,658000000,30.658000000,-50.780842906818734,-69.83494168676837,-2.078700828652024,0.3547946263825118,-0.15943796592207263,-0.5287180253157179,0.7544253162632957,723,716,693,696,693,0,0.9679,0.9903,20.2469,348.1157,1.5044,0,True,4.92,True,0.09575575658098805,-0.039628169328626464,0.9946157264377354,2.05,10.0000,1.71,0.8116,110.6424,1.0000,24.5866,0,716,0,0,0.010404
677,30,691000000,30.691000000,-51.285835156199234,-69.92562658509244,-2.937047540232805,0.34963070426202003,-0.16602346051969735,-0.5240957542716882,0.7586291726190726,693,691,688,688,688,0,0.9957,0.9971,16.8963,35.7707,1.2266,0,True,4.92,True,0.001157393838046778,-0.9670958229887969,-0.25440976710245433,1.20,6.0000,1.52,0.7247,109.9178,1.0000,21.9531,0,691,0,0,0.008920
678,30,724000000,30.724000000,-52.18968333107343,-69.58639877385343,-3.197782978672908,0.3479505107166902,-0.17041990777932048,-0.5146125854813774,0.7648930539550312,688,685,522,685,522,0,0.7620,0.9956,18.3515,30.5867,1.0049,0,True,4.92,True,-0.6367471892276686,-0.7275513639208548,0.2553860408627836,1.41,1.0000,0.00,0.0000,107.8388,0.0000,62.9831,1,685,0,0,0.023934
679,30,757000000,30.757000000,-53.04070706860387,-69.21182838158997,-3.5658259373058603,0.3422637955854532,-0.1835700839717784,-0.508394589098184,0.7685651958537559,522,504,440,487,440,0,0.8730,0.9655,25.3029,233.0145,1.7878,0,True,4.92,True,-0.6542941347559078,-0.7440187820962155,0.13540767006370785,1.84,0.0000,2.78,1.3361,106.5027,1.0000,40.4779,0,504,0,0,0.014353
680,30,790000000,30.790000000,-53.875594305748734,-68.67253810018802,-3.675959009713856,0.33429623434416705,-0.1975557664429078,-0.5016213255131822,0.773041908720907,440,436,237,436,237,0,0.5436,0.9909,20.5609,23.5365,0.9591,0,True,4.92,True,-0.8289948906357205,-0.4918603066848323,0.26615955742331054,2.07,1.0000,2.85,1.3697,105.1330,1.0000,41.4989,0,436,0,0,0.014056
681,30,823000000,30.823000000,-54.401655975142475,-69.13734158036226,-2.963767430984814,0.3265294110184283,-0.22922695766469622,-0.4985903652169248,0.7695720845590746,237,237,237,237,237,0,1.0000,1.0000,20.8838,25.2079,0.9045,0,True,4.92,True,0.18028649382659054,0.043743259535440615,0.9826409860111321,3.77,11.0000,2.40,1.1571,103.9760,1.0000,35.0579,0,237,0,0,0.011435
682,30,856000000,30.856000000,-54.20256706410081,-68.2745970180269,-2.4989713190593954,0.31738193256676744,-0.24701528304186687,-0.4782840586615482,0.7807025797665631,237,236,236,236,236,0,1.0000,0.9958,22.7371,26.9043,0.7767,0,True,3.28,True,-0.6993967800174052,0.7126436878669281,-0.05461792969995562,3.51,2.0000,3.00,1.4387,102.5374,1.0000,43.5903,0,236,0,0,0.013772
683,30,889000000,30.889000000,-53.87778295302928,-68.62759341291073,-3.376415805277453,0.31130020219011484,-0.2534901295033509,-0.47358711736876774,0.7839325102476036,236,225,225,225,225,0,1.0000,0.9534,23.2557,29.0576,0.6267,0,True,3.28,True,0.3834893831889938,-0.5709153880274025,-0.7259418108187776,1.21,2.0000,2.77,1.3289,101.2085,1.0000,40.2665,0,225,0,0,0.012342
684,30,922000000,30.922000000,-54.64489960068521,-68.13088114996386,-3.7823825240208855,0.3073186462179873,-0.2582214556572007,-0.4616719708714121,0.7910347153170496,225,185,104,176,104,0,0.5622,0.8222,25.5219,179.4198,1.2231,0,True,3.28,True,-0.8132828647542467,-0.5665148225163945,0.1327853070423972,1.74,7.0000,0.00,0.0000,99.6613,0.0000,46.8859,1,185,0,0,0.013956
685,30,955000000,30.955000000,-55.03171133530058,-67.24010299206752,-3.543864274449375,0.30375998666423304,-0.2639392646757686,-0.44702786151531476,0.7988942521342884,104,99,97,97,97,0,0.9798,0.9519,27.9647,85.8138,0.8503,0,True,3.28,True,-0.9325780271208428,0.2944991846159772,0.20873057656203825,2.05,0.0000,0.00,0.0000,97.8251,0.0000,55.6424,1,99,0,0,0.016105
686,30,988000000,30.988000000,-55.03171133530058,-67.24010299206752,-3.543864274449375,0.30375998666423304,-0.2639392646757686,-0.44702786151531476,0.7988942521342884,2000,0,0,0,0,0,0.0000,0.0000,0.0000,0.0000,0.0000,1,True,4.92,True,0.0,0.0,0.0,0.00,0.0000,0.00,0.0000,96.1239,0.0000,51.5557,1,2000,0,0,0.014527
687,31,21000000,31.021000000,-55.54423201359649,-67.68274510968179,-4.279656711236417,0.2999429078622584,-0.268510791492382,-0.4348312875588004,0.8055171992175109,2000,1937,1440,1818,1440,0,0.7434,0.9685,25.9803,247.2331,4.1291,0,True,4.92,True,0.04039003887756784,-0.9986783780803722,-0.031782729810793,1.73,6.0000,0.00,0.0000,94.6071,0.0000,45.9658,1,1937,0,0,0.012689
688,31,54000000,31.054000000,-56.255076664987506,-68.0787940630806,-4.860901159038258,0.29526821725366115,-0.2722501771598309,-0.42559763556054186,0.8109026905378731,1436,1417,1399,1401,1399,0,0.9873,0.9868,25.6746,71.6126,1.3111,0,True,4.92,True,-0.09811344520631916,-0.9750821732833431,0.19896860861648252,1.40,6.0000,0.00,0.0000,92.8679,0.0000,52.7097,1,1417,0,0,0.014313
689,31,87000000,31.087000000,-57.019857858706594,-68.24667423362102,-4.2388674187372235,0.2966802819829962,-0.2802725249780379,-0.4112810880645378,0.8150312807649623,1393,1383,807,1362,807,0,0.5835,0.9928,25.6406,46.5371,1.2283,0,True,4.92,True,-0.11317281375990698,-0.04069264473104807,0.9927416697663385,1.95,5.0000,0.00,0.0000,91.0443,0.0000,55.2670,1,1383,0,0,0.014776
690,31,120000000,31.120000000,-57.90686759822942,-68.53736693707022,-4.597631232621798,0.29285643821233537,-0.2858226014114556,-0.3989395020022581,0.8206021087361177,804,793,784,784,784,0,0.9887,0.9863,26.7447,47.3065,1.2620,0,True,4.92,True,-0.2807026278451932,-0.844539447553499,0.45602538991467756,1.73,7.0000,0.00,0.0000,89.2801,0.0000,53.4715,1,793,0,0,0.014113
691,31,153000000,31.153000000,-58.11733507349356,-67.5873902348839,-4.366876585519876,0.28971724402100124,-0.2918587267703645,-0.38046189134053104,0.82833033951585,781,767,760,760,760,0,0.9909,0.9821,27.4983,54.0357,1.3777,0,True,4.92,True,-0.8357844984900119,0.5456105636312153,0.06142788404158996,2.42,8.0000,0.00,0.0000,87.5358,0.0000,52.8696,1,767,0,0,0.013818
692,31,186000000,31.186000000,-58.901396201914956,-68.10165518614617,-4.7144103346748825,0.28526646673979905,-0.2975474836700005,-0.36816132324330747,0.8333941312387427,749,728,719,719,719,0,0.9876,0.9720,27.9215,47.8812,1.3548,0,True,4.92,True,-0.10381185083099408,-0.8846335202056215,0.45458402364761347,1.73,7.0000,0.00,0.0000,85.6982,0.0000,55.6993,1,728,0,0,0.014458
693,31,219000000,31.219000000,-59.32333471163121,-68.83680202992684,-5.24500152579825,0.27931940647075204,-0.3008357081277655,-0.3614645427801154,0.8371510796725133,708,702,671,682,671,0,0.9558,0.9915,27.7317,48.9244,1.5533,0,True,4.92,True,0.19137849395665418,-0.972036481748783,0.13608581924774762,1.18,8.0000,0.00,0.0000,83.8581,0.0000,55.7819,1,702,0,0,0.014418
694,31,252000000,31.252000000,-59.28725676827147,-68.07469483847774,-4.598556624244788,0.27758804870221127,-0.30963042708432575,-0.33821292074620196,0.8442072577759565,664,648,642,642,642,0,0.9907,0.9759,28.7005,49.5368,1.3391,0,True,4.92,True,-0.3741141398242527,0.9027219209922821,0.21244233039477736,2.97,8.0000,0.00,0.0000,82.1046,0.0000,53.1566,1,648,0,0,0.013718
695,31,285000000,31.285000000,-59.985128460943486,-68.55562206787508,-4.067817422196106,0.2785246589749891,-0.3181892489735487,-0.32414718815671834,0.8462317747464982,634,613,611,611,611,0,0.9967,0.9669,29.1151,48.4511,1.2701,0,True,4.92,True,0.13070395365595244,-0.21543035920267167,0.9677325233929623,1.90,9.0000,0.00,0.0000,80.2615,0.0000,55.8740,1,613,0,0,0.014433
696,31,318000000,31.318000000,-60.45629656359136,-69.3783627457972,-4.385777161690628,0.2736571898129354,-0.32359338119354475,-0.31356126906187254,0.8497519618428216,605,581,575,575,575,0,0.9897,0.9603,29.6248,71.0117,1.3733,0,True,4.92,True,0.20662453995434768,-0.9126436630331256,0.3526866084984415,1.53,6.0000,0.00,0.0000,78.3852,0.0000,56.8869,1,581,0,0,0.014754
697,31,351000000,31.351000000,-59.532511114369626,-69.73243153444761,-4.531570634486301,0.27074353858287953,-0.3276420874693783,-0.2982568591137964,0.8546294195883395,572,545,473,506,473,0,0.8679,0.9528,29.2696,55.9976,2.0268,0,True,4.92,True,0.7448996011883255,-0.0001303219167868418,-0.6671765637113399,1.93,5.0000,0.00,0.0000,76.5740,0.0000,54.9138,1,545,0,0,0.014346
698,31,384000000,31.384000000,-60.48975278057034,-69.676577668429,-4.815416962875494,0.26430112745388173,-0.3407522935128898,-0.28541759881788764,0.855902788158412,468,403,263,323,263,0,0.6526,0.8611,49.4439,513.8773,4.9931,0,True,4.92,True,-0.7329188761047265,-0.46727533094018864,0.4944529160032546,2.23,1.0000,2.28,1.1039,75.4708,1.0000,33.4503,0,403,0,0,0.008805
699,31,417000000,31.417000000,-61.36739607930042,-69.32265924019752,-5.138656790793301,0.2606515996975958,-0.3451575174419805,-0.26895611222936544,0.8605751805756648,263,262,262,262,262,0,1.0000,0.9962,27.0072,46.0063,1.3190,0,True,3.28,True,-0.907286251098862,-0.23302402756067056,0.3500449416094688,2.07,6.0000,0.00,0.0000,73.2216,0.0000,68.2033,1,262,0,0,0.018182
700,31,450000000,31.450000000,-62.334618287291555,-69.21924830272368,-5.370577851457292,0.25684554902166423,-0.3494415908171523,-0.2533542067561038,0.8647153199024076,262,262,115,260,115,0,0.4389,1.0000,27.4449,47.3552,1.4344,0,True,3.28,True,-0.7685690357324915,-0.3464120616810864,0.5378664526023977,1.96,5.0000,0.00,0.0000,71.6112,0.0000,48.8350,1,262,0,0,0.013240
701,31,483000000,31.483000000,-63.227680063903556,-69.427696212081,-5.769313518584202,0.25047678342386215,-0.36196439112068257,-0.24102577874404865,0.8649564928405903,115,111,98,104,98,0,0.8829,0.9652,31.0642,202.1837,2.0164,0,True,3.28,True,-0.6206363908592942,-0.6328982769410069,0.46287173318993435,2.14,9.0000,2.35,1.1195,70.4926,1.0000,33.9210,0,111,0,0,0.009334
702,31,516000000,31.516000000,-63.227680063903556,-69.427696212081,-5.769313518584202,0.25047678342386215,-0.36196439112068257,-0.24102577874404865,0.8649564928405903,2000,0,0,0,0,0,0.0000,0.0000,0.0000,0.0000,0.0000,1,True,4.92,True,0.0,0.0,0.0,0.00,3.0000,0.00,0.0000,68.4267,0.0000,62.6562,1,2000,0,0,0.017618
703,31,549000000,31.549000000,-63.135970465222755,-70.34386487804879,-6.159472877063023,0.24553702749780995,-0.36534754538036984,-0.22922189679773639,0.8681532475551343,2000,1980,1610,1936,1610,0,0.8131,0.9900,21.1207,352.0943,4.9037,0,True,4.92,True,0.4079532045023837,-0.9102887944731931,-0.07034553001276851,1.56,7.0000,0.00,0.0000,66.7140,0.0000,51.9448,1,1980,0,0,0.013677
704,31,582000000,31.582000000,-62.337216685682925,-70.09796127100294,-6.708584719689506,0.24346488086593707,-0.3795674197184764,-0.21787369603122075,0.8655544340195412,1602,1500,899,1336,899,0,0.5993,0.9363,44.9760,1154.7599,2.9489,0,True,4.92,True,0.07307399873818875,0.03893649697417653,-0.9965661743766898,2.12,5.0000,3.03,1.4594,65.2561,1.0000,44.2207,0,1500,0,0,0.007605
705,31,615000000,31.615000000,-62.268277509300916,-71.07215848282199,-6.923496753888991,0.23621479561244116,-0.39353514550473756,-0.2090121318434773,0.8635083024086002,899,885,854,875,854,0,0.9650,0.9844,26.6162,174.0958,1.5749,0,True,4.92,True,0.4716019159278813,-0.8790810392355191,0.06934089233454686,2.08,3.0000,2.90,1.3870,63.8706,1.0000,42.0275,0,885,0,0,0.013905
706,31,648000000,31.648000000,-61.452810067027315,-70.82272777008195,-7.44579663914048,0.23498291571996358,-0.40319455050542197,-0.19721383110738647,0.8621623330802747,854,853,853,853,853,0,1.0000,0.9988,22.0869,37.2499,1.3507,0,True,4.92,True,0.05182256086948912,0.043556905511376844,-0.9977059778147072,1.76,11.0000,2.15,1.0300,62.8416,1.0000,31.2107,0,853,0,0,0.015983
707,31,681000000,31.681000000,-60.70706284488438,-71.45276533376285,-7.2292008196583595,0.23074107315999334,-0.4064389973049712,-0.18505566048107105,0.8644768945151853,853,853,608,853,608,0,0.7128,1.0000,16.4933,24.1088,1.1000,0,True,4.92,True,0.9094181720261879,-0.27695491040285,-0.3102491998253927,1.54,2.0000,0.00,0.0000,61.0739,0.0000,53.6249,1,853,0,0,0.017790
708,31,714000000,31.714000000,-59.833293966541795,-71.32662541636016,-7.6988993064321045,0.2296310922124816,-0.41520558550765174,-0.1742777295708112,0.8628448042540409,608,608,608,608,608,0,1.0000,1.0000,20.2412,30.5260,1.3189,0,True,4.92,True,0.17127321884802088,-0.038291955187291254,-0.984479157053806,1.61,10.0000,2.13,1.0008,60.0743,1.0000,30.3240,0,608,0,0,0.010570
709,31,747000000,31.747000000,-58.970126328537276,-71.15521582674967,-7.223967330996436,0.22570814586022428,-0.41820286059611833,-0.16183771474612987,0.8648530247199887,608,608,588,608,588,0,0.9671,1.0000,15.0990,19.8942,1.1241,0,True,4.92,True,0.7311674693415899,0.49485678748780937,-0.46958587250242145,1.55,1.0000,0.00,0.0000,58.5676,0.0000,45.7071,1,608,0,0,0.016747
710,31,780000000,31.780000000,-58.13868758361642,-71.63072150352376,-6.936558276163382,0.22046279782089243,-0.4269109445787923,-0.1530128083104079,0.8635567616947887,588,588,538,588,538,0,0.9150,1.0000,17.1186,24.3901,1.2558,0,True,4.92,True,0.9068411709863218,-0.17525350947854615,-0.38330835892217346,1.55,8.0000,1.77,0.8435,57.7251,1.0000,25.5600,0,588,0,0,0.009943
711,31,813000000,31.813000000,-57.26412257520772,-71.94617141940128,-6.5682820257209515,0.2144929626605234,-0.43801674938867546,-0.14554556034466987,0.8607848663214552,538,538,447,538,447,0,0.8309,1.0000,18.4106,25.3257,1.2004,0,True,4.92,True,0.9042639811776091,-0.01517726934725715,-0.42670399909068274,1.71,7.0000,2.52,1.2117,56.5149,1.0000,36.7151,0,538,0,0,0.015113
712,31,846000000,31.846000000,-56.77807336442811,-72.79907472963336,-6.377724664027257,0.20919418116758878,-0.44859824660818903,-0.13955847577586267,0.8576251159713074,447,445,404,445,404,0,0.9079,0.9955,16.6551,22.3551,0.9897,0,True,4.92,True,0.7847206049785675,-0.6131685222116016,-0.09076307338842061,1.56,2.0000,2.40,1.1444,55.3721,1.0000,34.6749,0,445,0,0,0.015455
713,31,879000000,31.879000000,-56.0739208230322,-72.96469376686976,-5.687261389876817,0.2042355054377059,-0.45689359889405007,-0.1327056250880227,0.8555263378051228,404,404,271,404,271,0,0.6708,1.0000,13.7790,17.9074,0.8420,0,True,4.92,True,0.9550127472421249,0.22593143231578233,-0.19210840818867925,1.38,4.0000,1.78,0.8560,54.5173,1.0000,25.9369,0,404,0,0,0.012607
714,31,912000000,31.912000000,-55.22425250356771,-73.10252440459584,-5.178275670821382,0.19957749411846187,-0.464178886004681,-0.12629827882666336,0.8536717931349677,271,266,266,266,266,0,1.0000,0.9815,12.8283,15.9844,0.7170,0,True,4.92,True,0.8923408579607653,0.15247271261611897,-0.42482921877070523,1.25,10.0000,1.74,0.8176,53.7008,1.0000,24.7718,0,266,0,0,0.013110
715,31,945000000,31.945000000,-54.7911077851304,-72.30022790934262,-4.7675373275975845,0.19393571599729106,-0.47135488993443536,-0.11257365082645995,0.8529599515423434,266,253,253,253,253,0,1.0000,0.9511,11.9243,14.5297,0.6510,0,True,4.92,True,0.21583106030256027,0.9140536780745497,-0.3433989327401298,1.89,6.0000,1.72,0.8134,52.8887,1.0000,24.6444,0,253,0,0,0.014493
716,31,978000000,31.978000000,-54.403735176223556,-73.20483295142822,-4.945391705395931,0.19316836368137097,-0.474805279894887,-0.11434836652652314,0.8509820095215382,253,239,239,239,239,0,1.0000,0.9447,10.0961,12.1823,0.8988,0,True,3.28,True,0.4092856444741981,-0.8877764866584318,-0.210566310134721,0.51,7.0000,1.39,0.6547,52.2350,1.0000,19.8344,0,239,0,0,0.013189
717,32,11000000,32.011000000,-55.005274126059476,-72.93032978226857,-5.695590946898863,0.18900682547270206,-0.48025533984388163,-0.10962197572078984,0.8494788113397765,239,226,107,226,107,0,0.4735,0.9456,8.7155,10.1305,1.3180,0,True,3.28,True,-0.9914580427551353,-0.08798863732636282,0.09627538188761642,0.97,9.0000,1.18,0.5632,51.6729,1.0000,17.0580,0,226,0,0,0.012979
718,32,44000000,32.044000000,-55.06832337511699,-71.93286799631564,-5.728678372861672,0.16153171626196308,-0.48419878139032435,-0.050932657391885516,0.8584083580398028,107,103,103,103,103,0,1.0000,0.9626,7.4388,8.0102,0.6633,0,True,3.28,True,-0.4249286012253879,0.8878179575997059,-0.17667755382085715,7.51,8.0000,1.02,0.4819,51.1920,1.0000,14.5912,0,103,0,0,0.013001
719,32,77000000,32.077000000,-55.682444815676554,-72.62754738590428,-6.103211952031489,0.1605187129755228,-0.4890453712787152,-0.04967686721974344,0.8559208938206716,103,102,101,101,101,0,0.9902,0.9903,6.2734,7.4841,0.7200,0,True,3.28,True,-0.4587445504277338,-0.7347971976606158,0.4996263761681945,0.65,7.0000,0.84,0.3945,50.7986,1.0000,11.9363,0,102,0,0,0.012883
720,32,110000000,32.110000000,-55.13409325039263,-72.43327596997183,-5.289842922745134,0.16067668431539145,-0.49146431848082167,-0.04626846915594509,0.85469588482662,101,101,56,101,56,0,0.5545,1.0000,5.0313,6.0995,0.6601,0,True,3.28,True,0.9042851572828698,0.4068603511797499,-0.12935613226973774,0.50,6.0000,0.73,0.3390,50.4611,1.0000,10.2381,0,101,0,0,0.013361
721,32,143000000,32.143000000,-55.13409325039263,-72.43327596997183,-5.289842922745134,0.16067668431539145,-0.49146431848082167,-0.04626846915594509,0.85469588482662,2000,0,0,0,0,0,0.0000,0.0000,0.0000,0.0000,0.0000,1,True,4.92,True,0.0,0.0,0.0,0.00,3.0000,0.46,0.2137,50.2493,1.0000,6.4258,0,2000,0,0,0.007581
722,32,176000000,32.176000000,-54.68090450929223,-73.27018950448156,-4.982929741708138,0.15997391568086025,-0.49234970878671125,-0.04550031256807817,0.8543593108965226,2000,1922,1606,1903,1606,0,0.8356,0.9610,5.9810,1003.7486,3.8769,0,True,4.92,True,0.6839696473652277,-0.7275931493994574,-0.05285575115410938,0.16,12.0000,0.24,0.1070,50.1447,1.0000,3.1699,0,1922,0,0,0.015523
723,32,209000000,32.209000000,-54.469702215684975,-74.17813099405856,-4.620941008900436,0.16014982955038462,-0.49335743542933924,-0.045731590855476914,0.853732449072539,1606,1606,1603,1605,1603,0,0.9981,1.0000,3.2206,13.2074,1.0522,0,True,4.92,True,0.620814701178648,-0.7593918047695611,0.1947131060028948,0.14,12.0000,0.17,0.0773,50.0751,1.0000,2.1102,0,1606,0,0,0.014293
724,32,242000000,32.242000000,-54.13964296296378,-75.08533569490629,-4.3600952298414395,0.16044827753078103,-0.4929934249790034,-0.04674390707113728,0.853831857168964,1603,1603,1603,1603,1603,0,1.0000,1.0000,3.2202,7.8813,1.2297,0,True,4.92,True,0.5981156651810275,-0.8001594109944432,0.04475006214613223,0.13,3.0000,0.16,0.0562,50.1168,1.0000,1.2709,0,1603,0,0,0.015336
725,32,275000000,32.275000000,-53.246764426272385,-74.82732667204763,-4.72914707286532,0.1649971458149488,-0.48967437491834465,-0.04482592613308693,0.8549769498457603,1603,1603,1332,1599,1332,0,0.8309,1.0000,3.1864,19.0093,1.1909,0,True,4.92,True,0.08839295573648866,0.05548985465031102,-0.9945388687261322,0.69,2.0000,0.14,0.0662,50.1800,1.0000,1.9205,0,1603,0,0,0.007356
726,32,308000000,32.308000000,-52.626061259260986,-75.53247796794795,-4.38638005526866,0.16603294572147798,-0.486956814881305,-0.045885860968164244,0.8562713408370698,1326,1317,1290,1314,1290,0,0.9795,0.9932,6.0240,16.6101,1.2550,0,True,4.92,True,0.7704739167445204,-0.6048905509035357,-0.20118987311486355,0.38,12.0000,0.62,0.2849,50.4595,1.0000,8.4879,0,1317,0,0,0.018144
727,32,341000000,32.341000000,-51.75921340782586,-75.26688842230273,-4.808324359302076,0.17146791270344205,-0.4808959135320044,-0.045222766346472064,0.8586575432996066,1272,1262,1261,1262,1261,0,0.9992,0.9921,7.2486,16.6005,1.2076,0,True,4.92,True,0.042830239720015505,0.03894432154105292,-0.9983230491104736,0.98,4.0000,0.75,0.3457,50.8018,1.0000,10.3925,0,1262,0,0,0.008593
728,32,374000000,32.374000000,-50.90629751408413,-75.47152770119175,-4.328056471828323,0.17315873297097265,-0.47678384098767085,-0.045321162633812105,0.8606039823208177,1242,1234,871,1231,871,0,0.7058,0.9936,8.4773,22.3715,1.2013,0,True,4.92,True,0.8937570674508574,-0.10387887467265323,-0.4363570599616634,0.56,2.0000,0.87,0.4016,51.2006,1.0000,12.1068,0,1234,0,0,0.018933
729,32,407000000,32.407000000,-50.20387521634325,-76.18324288383472,-4.33608233202432,0.17531693848418675,-0.47123910788263124,-0.048954419759660646,0.8630186203486623,843,824,817,817,817,0,0.9915,0.9775,11.0331,24.6983,1.3754,0,True,4.92,True,0.5467593447883711,-0.7300392898315087,-0.4099961636270489,0.85,11.0000,1.01,0.4648,51.6630,1.0000,14.0344,0,824,0,0,0.012520
730,32,440000000,32.440000000,-49.2738690877573,-76.17239376402321,-3.9686984763748745,0.1781189019268034,-0.46480828673183283,-0.04912685184835942,0.8659177015105289,767,739,597,735,597,0,0.8078,0.9635,14.3666,27.1835,1.3502,0,True,4.92,True,0.8023082940791527,0.06316812488479392,-0.5935580757182392,0.87,3.0000,1.38,0.6448,52.3052,1.0000,19.4858,0,739,0,0,0.014735
731,32,473000000,32.473000000,-48.459161220621176,-76.25398532218377,-3.3945957774930284,0.1815660136757699,-0.4597233845129394,-0.05004792792980333,0.867861392919279,547,518,516,517,516,0,0.9961,0.9470,15.9125,28.2353,1.5037,0,True,4.92,True,0.9312862894800795,0.061707065125917504,-0.3590237946710096,0.75,12.0000,1.34,0.6301,52.9331,1.0000,19.0521,0,518,0,0,0.012526
732,32,506000000,32.506000000,-47.58950671187235,-76.27626631028707,-2.9014380005271203,0.18527974347885384,-0.4527974285926869,-0.05164672077220701,0.8706196193227778,472,435,425,428,425,0,0.9770,0.9216,18.9758,40.4209,1.7922,0,True,4.92,True,0.8879114907785618,0.08777676973089178,-0.4515622030673097,0.97,7.0000,1.61,0.7566,53.6874,1.0000,22.8845,0,435,0,0,0.013432
733,32,539000000,32.539000000,-47.19227612174027,-76.93851364092649,-2.2661142001510646,0.19101788944141854,-0.44610128846086605,-0.05659127078308217,0.8725269247525014,359,313,306,306,306,0,0.9776,0.8719,22.5372,38.4676,1.8263,0,True,4.92,True,0.891648036307644,-0.4094937963933559,0.19307669477199732,1.18,7.0000,1.98,0.9375,54.6226,1.0000,28.3700,0,313,0,0,0.014936
734,32,572000000,32.572000000,-46.295158156257685,-77.36778463977018,-2.161683526687261,0.19507432725679397,-0.4389378736695341,-0.06085187517903929,0.874972341957717,254,223,201,221,201,0,0.9013,0.8780,18.9633,37.5353,1.8987,0,True,4.92,True,0.728897679885253,-0.41940986022163845,-0.5411132426828613,1.10,7.0000,1.35,0.6328,55.2540,1.0000,19.1550,0,223,0,0,0.009324
735,32,605000000,32.605000000,-46.16931019744983,-77.92112533074038,-2.985076732258259,0.20234042559165458,-0.41998033279111807,-0.07588658972296024,0.8814284416447368,167,132,127,127,127,0,0.9621,0.7904,25.3840,38.0579,2.4649,0,True,4.92,True,-0.38280735255968007,-0.840346555890441,-0.38376580987540126,2.99,5.0000,2.16,1.0354,56.2874,1.0000,31.3472,0,132,0,0,0.014210
736,32,638000000,32.638000000,-46.16931019744983,-77.92112533074038,-2.985076732258259,0.20234042559165458,-0.41998033279111807,-0.07588658972296024,0.8814284416447368,2000,0,0,0,0,0,0.0000,0.0000,0.0000,0.0000,0.0000,1,True,6.56,True,0.0,0.0,0.0,0.00,7.0000,2.23,1.0590,57.3446,1.0000,32.0677,0,2000,0,0,0.013507
737,32,671000000,32.671000000,-45.80798610576727,-78.84973514711234,-3.069508418889475,0.20679898599801458,-0.4124768502501585,-0.08418698352824447,0.8831815097715283,2000,1896,1724,1747,1724,0,0.9093,0.9480,25.0132,1263.4692,5.3037,0,True,6.56,True,0.4518334067303486,-0.8904482411326142,-0.054300114422357014,1.39,2.0000,1.40,0.6680,58.0115,1.0000,20.2297,0,1896,0,0,0.008113
738,32,704000000,32.704000000,-45.423595156551364,-79.77215099605212,-3.1068259722068867,0.21102117612391266,-0.4100609399900442,-0.09349982489385483,0.8823705975759734,1690,1661,1435,1634,1435,0,0.8639,0.9828,12.2184,34.6477,1.7885,0,True,6.56,True,0.5167857040305743,-0.8550842780598915,-0.04199301756742408,1.21,9.0000,0.00,0.0000,59.6591,0.0000,49.9754,1,1661,0,0,0.018894
739,32,737000000,32.737000000,-45.022810354294734,-80.68748713948372,-3.1459576321238587,0.21531946311049535,-0.4075686604588034,-0.1033114145508483,0.8813921190033,1429,1417,1386,1413,1386,0,0.9781,0.9916,12.4417,31.8682,1.2360,0,True,6.56,True,0.5416639848549405,-0.8386158566283275,-0.057650433845749,1.27,2.0000,0.00,0.0000,61.3120,0.0000,50.1330,1,1417,0,0,0.017743
740,32,770000000,32.770000000,-44.28650785981521,-81.35277080149446,-3.0224412943995933,0.22096679563276714,-0.3944028649641653,-0.11009154640945443,0.8851553009190084,1378,1325,1219,1295,1219,0,0.9200,0.9615,23.9107,57.4810,1.7658,0,True,6.56,True,0.7971389538107332,-0.5272498515465306,-0.29423983816215493,1.87,1.0000,2.86,1.3665,62.6769,1.0000,41.3984,0,1325,0,0,0.013722
741,32,803000000,32.803000000,-43.70619897636957,-82.08955690194513,-3.36941080599503,0.226974028802307,-0.3801697183089491,-0.11846676828669313,0.8887740997249249,1142,1058,1025,1025,1025,0,0.9688,0.9264,23.9044,56.2642,1.7389,0,True,6.56,True,0.43234393228073653,-0.800883432530146,-0.41432409019843514,2.06,2.0000,2.77,1.3269,64.0024,1.0000,40.1997,0,1058,0,0,0.006501
742,32,836000000,32.836000000,-42.76097265622063,-82.36190985141747,-3.1894911722376396,0.23330249907227998,-0.36646458279135735,-0.124314598465362,0.8920871785282988,939,859,605,831,605,0,0.7043,0.9148,25.2094,56.5886,1.7727,0,True,6.56,True,0.8617324854462518,-0.11192895938920783,-0.4948626390996541,1.89,1.0000,2.90,1.3953,65.3964,1.0000,42.2783,0,859,0,0,0.019983
743,32,869000000,32.869000000,-41.82883843226048,-82.72367303702381,-3.2054029936967883,0.23871134599691812,-0.36328998158516085,-0.13320249093025943,0.890670746674756,500,490,457,488,457,0,0.9327,0.9800,13.5438,37.0540,1.1249,0,True,6.56,True,0.785576597070523,-0.2719164494666152,-0.5558154861503651,1.26,2.0000,0.00,0.0000,66.9681,0.0000,47.6661,1,490,0,0,0.014533
744,32,902000000,32.902000000,-41.89607748674211,-83.44883041962744,-2.52011058894692,0.2438083838722061,-0.36908220450650214,-0.1474825037531996,0.8846381799113867,443,437,436,436,436,0,0.9977,0.9865,13.9725,49.1871,1.0473,0,True,6.56,True,0.6506355671497565,-0.2633448470734159,0.7122659968576304,1.98,3.0000,0.00,0.0000,68.6047,0.0000,49.6421,1,437,0,0,0.014764
745,32,935000000,32.935000000,-41.04448516517632,-83.91243872351933,-2.764769245880764,0.25034060250343954,-0.36538130328442714,-0.15723946994725505,0.8826674543898708,429,424,415,420,415,0,0.9788,0.9883,14.1717,36.7509,1.2056,0,True,6.56,True,0.6447745888267319,-0.4515457970026381,-0.6167431578968435,1.43,4.0000,0.00,0.0000,70.2015,0.0000,48.4351,1,424,0,0,0.014122
746,32,968000000,32.968000000,-40.15103638871827,-84.35160925124784,-2.858995205256469,0.25691132488478696,-0.3620392992480361,-0.16651280401166568,0.8804530669184514,408,401,372,399,372,0,0.9277,0.9828,14.1155,33.2993,1.2349,0,True,6.56,True,0.7595992080677286,-0.3303202765447337,-0.5602656137996426,1.38,5.0000,0.00,0.0000,71.8364,0.0000,49.5953,1,401,0,0,0.014240
747,33,1000000,33.001000000,-39.380077946895135,-84.90718518228776,-3.1703767490749293,0.26383796539529614,-0.3581600612236901,-0.1768815617300815,0.8779657235224165,359,352,338,345,338,0,0.9602,0.9805,13.9701,36.0922,1.2619,0,True,4.92,True,0.6204865027822307,-0.5471998907640739,-0.5617550884619225,1.52,6.0000,0.00,0.0000,73.5053,0.0000,50.6208,1,352,0,0,0.014354
748,33,34000000,33.034000000,-38.66404614250666,-84.72055881547742,-3.8430349492890787,0.2752960197564708,-0.35299523852409487,-0.1868287602684564,0.8744721135760213,331,320,315,319,315,0,0.9844,0.9668,13.4640,36.4656,1.1357,0,True,4.92,True,0.03403348136379905,-0.1608232314763387,-0.9863962745082565,1.88,4.0000,0.00,0.0000,75.0056,0.0000,45.5033,1,320,0,0,0.012777
749,33,67000000,33.067000000,-37.67862308329974,-84.87829597882087,-3.779313824976934,0.2829830547878967,-0.3498151497919937,-0.19564945466798683,0.8713617174096154,308,303,211,300,211,0,0.6964,0.9838,13.3377,33.4362,1.2524,0,True,4.92,True,0.7860351726879963,0.04673542771691482,-0.6164126110759486,1.43,3.0000,0.00,0.0000,76.6974,0.0000,51.2988,1,303,0,0,0.014287
750,33,100000000,33.100000000,-37.65737460918912,-85.46600256176568,-4.588108900822037,0.2902042244086086,-0.3434095537047243,-0.2095695452760385,0.8682925729571309,208,200,197,197,197,0,0.9850,0.9615,14.0643,40.1162,1.5677,0,True,4.92,True,-0.07234422362684617,-0.9551248693454526,-0.28723300170012045,1.97,5.0000,0.00,0.0000,78.4510,0.0000,53.1510,1,200,0,0,0.014689
751,33,133000000,33.133000000,-37.56606638139709,-85.078316774282,-5.505367063893157,0.30450419708427906,-0.322958353193124,-0.21997971113311907,0.8686679588603654,185,179,178,178,178,0,0.9944,0.9676,13.5939,27.7873,1.3291,0,True,4.92,True,-0.5920578640836524,-0.29092996834425733,-0.7515498912886043,3.10,7.0000,0.00,0.0000,80.4310,0.0000,59.9893,1,179,0,0,0.016458
752,33,166000000,33.166000000,-36.96183733184792,-85.761006099184,-5.094462523463466,0.31035335088066757,-0.311381319857685,-0.22380400131159894,0.8698472510951247,175,130,116,117,116,0,0.8923,0.7429,28.0336,45.2122,2.6424,0,True,4.92,True,0.9903939260241736,-0.10217034258337987,0.09317237997828862,1.56,4.0000,2.70,1.2792,81.6987,1.0000,38.3910,0,130,0,0,0.010474
753,33,199000000,33.199000000,-36.96183733184792,-85.761006099184,-5.094462523463466,0.31035335088066757,-0.311381319857685,-0.22380400131159894,0.8698472510951247,2000,0,0,0,0,0,0.0000,0.0000,0.0000,0.0000,0.0000,1,True,6.56,True,0.0,0.0,0.0,0.00,4.0000,0.00,0.0000,83.9046,0.0000,66.7718,1,2000,0,0,0.012184
754,33,232000000,33.232000000,-37.088379664210876,-86.42839418671313,-5.828342744442557,0.3194038136051511,-0.2972176246347789,-0.23082770440400005,0.8696904382253062,2000,1829,1363,1636,1363,0,0.7452,0.9145,25.5836,453.8232,6.1213,0,True,6.56,True,0.003910375983175281,-0.9953010874001708,-0.09674944123718632,2.09,7.0000,2.94,1.3978,85.2891,1.0000,41.8920,0,1829,0,0,0.017249
755,33,265000000,33.265000000,-37.195662879637865,-87.1037456447042,-6.5579938390603605,0.32573070886964817,-0.2926020831296296,-0.2441629237435562,0.8652560273794551,1290,1270,1238,1239,1238,0,0.9748,0.9845,16.2499,81.0187,1.9609,0,True,6.56,True,0.052860153548412,-0.9937770993528592,-0.09804530059444934,1.84,2.0000,0.00,0.0000,87.4291,0.0000,64.7200,1,1270,0,0,0.010383
756,33,298000000,33.298000000,-36.90205289745609,-87.4121030098596,-7.462819188902863,0.3352696051210997,-0.2805649483691094,-0.25342962242344913,0.8629316474129853,1232,1199,1136,1136,1136,0,0.9475,0.9732,18.4083,46.1419,1.9760,0,True,6.56,True,0.08315955126749155,-0.7773862700302112,-0.623502266396446,2.07,1.0000,1.80,0.8451,88.2666,1.0000,25.3217,0,1199,0,0,0.013606
757,33,331000000,33.331000000,-37.263967666668044,-88.02836191172574,-8.162278026645986,0.34141849569794874,-0.27639200530020525,-0.266319967159436,0.8579711797570349,1092,1077,1072,1074,1072,0,0.9954,0.9863,16.0972,43.7923,1.1989,0,True,6.56,True,-0.0927967169463553,-0.9929609870972761,0.07360195260168811,1.80,9.0000,0.00,0.0000,90.6448,0.0000,71.8835,1,1077,0,0,0.019426
758,33,364000000,33.364000000,-38.22371440268846,-87.80300466361697,-7.994646545643786,0.35073598589654914,-0.26522927598714713,-0.27144514998289826,0.8561280452755132,1069,1025,413,1007,413,0,0.4029,0.9588,21.0651,52.7078,1.5139,0,True,6.56,True,-0.7734681726165448,0.006276672437726623,0.6338040622560985,1.78,2.0000,2.55,1.2090,91.8445,1.0000,36.2531,0,1025,0,0,0.009672
759,33,397000000,33.397000000,-38.51839106191439,-88.08374183843287,-7.081217673107014,0.35984200114188414,-0.262714620888805,-0.28179927363448903,0.8497552186156495,379,379,262,379,262,0,0.6913,1.0000,16.1724,31.3694,1.1307,0,True,6.56,True,0.21381871293562144,0.42765233870577796,0.8782909741071196,1.76,0.0000,0.00,0.0000,93.6952,0.0000,55.9179,1,379,0,0,0.014903
760,33,430000000,33.430000000,-39.28455906808111,-87.54747510485961,-6.727092586747431,0.36649116423662603,-0.26083339225882174,-0.2894598668321824,0.8449042274203232,262,262,262,262,262,0,1.0000,1.0000,17.8380,29.3277,1.1091,0,True,6.56,True,-0.8106525977614883,0.3591451354173585,0.4624469023018728,1.31,3.0000,0.00,0.0000,96.1664,0.0000,74.6570,1,262,0,0,0.013525
761,33,463000000,33.463000000,-39.179980546300676,-87.23620130982036,-7.671641133569692,0.37317288458084547,-0.251291288237972,-0.3000591917062437,0.8411653631373008,262,262,261,261,261,0,0.9962,1.0000,17.0556,27.3573,1.1119,0,True,6.56,True,-0.3548549740783102,-0.5209340041558245,-0.7763412334058144,1.85,3.0000,0.00,0.0000,97.6567,0.0000,45.0234,1,262,0,0,0.018403
762,33,496000000,33.496000000,-39.459034917517585,-87.99748996574657,-7.086347839346385,0.3904751794336925,-0.2588591477769888,-0.3162401687342345,0.8249322587566447,261,261,261,261,261,0,1.0000,1.0000,14.7476,21.6652,1.0987,0,True,6.56,True,0.4498762258355513,-0.044989026736340636,0.8919570443139494,3.40,1.0000,2.88,1.3729,99.0232,1.0000,41.2806,0,261,0,0,0.011055
763,33,529000000,33.529000000,-40.02230954455398,-88.17229853107875,-7.8939143443622095,0.39518368637769397,-0.2543115813374602,-0.32717435855424015,0.8198246231500969,261,261,260,261,260,0,0.9962,1.0000,15.7787,25.1663,0.9841,0,True,4.92,True,-0.3940319498550849,-0.9190356901934786,0.010593518961898921,1.57,5.0000,0.00,0.0000,100.9705,0.0000,58.8330,1,261,0,0,0.015834
764,33,562000000,33.562000000,-40.645895662867545,-88.8883402185544,-7.580187305611005,0.40243754630533507,-0.25452177977933454,-0.33934748954575034,0.811237305774764,260,260,260,260,260,0,1.0000,1.0000,14.9435,23.3650,0.9500,0,True,4.92,True,0.16831303343490198,-0.29279116903386426,0.9412460114718814,1.90,9.0000,0.00,0.0000,102.5267,0.0000,47.0231,1,260,0,0,0.012748
765,33,595000000,33.595000000,-41.589107865069465,-88.56574448484639,-7.659451006071978,0.40955176891585005,-0.24465280665121533,-0.34279823396305603,0.8092599851514908,260,260,198,260,198,0,0.7615,1.0000,12.7586,15.4674,0.9381,0,True,4.92,True,-0.858557555365127,-0.24773356467824,0.4488953163681587,1.47,0.0000,2.36,1.1202,103.6436,1.0000,33.7505,0,260,0,0,0.009213
766,33,628000000,33.628000000,-42.57485042419515,-88.40299182374595,-7.702149699647419,0.41386642281512576,-0.24215421998931352,-0.3512133524301723,0.8041922026992914,198,198,164,198,164,0,0.8283,1.0000,14.6769,21.1938,0.8862,0,True,4.92,True,-0.7639016071764739,-0.31493766058802714,0.5632660157479242,1.26,2.0000,0.00,0.0000,105.2068,0.0000,47.2452,1,198,0,0,0.006876
767,33,661000000,33.661000000,-43.08941790808597,-87.7497131723098,-7.146769372214021,0.422197626401687,-0.23255784124255893,-0.3516905937488892,0.8024834833228258,164,164,164,164,164,0,1.0000,1.0000,13.0914,17.0779,0.8729,0,True,4.92,True,-0.7723934488349479,0.544947070430882,0.32625304692164087,1.47,4.0000,2.54,1.2125,106.4168,1.0000,36.5765,0,164,0,0,0.010363
768,33,694000000,33.694000000,-43.07827886173524,-87.35107688143069,-6.229727917730907,0.4348791821813661,-0.24952039254775407,-0.3358089785523933,0.7974032860050674,164,164,164,164,164,0,1.0000,1.0000,12.9209,18.8533,0.7556,0,True,4.92,True,-0.2261592265033525,0.933416334838197,0.2785425463454946,3.09,7.0000,0.00,0.0000,108.1721,0.0000,53.0682,1,164,0,0,0.021096
769,33,727000000,33.727000000,-43.0931378482432,-86.9332658404968,-5.321315486841906,0.4458024431563408,-0.24627717674551472,-0.3275900324077498,0.7957967734020952,164,164,164,164,164,0,1.0000,1.0000,14.0526,18.9156,0.7896,0,True,4.92,True,-0.22792247830005985,0.943075816460483,0.24219692048610286,1.62,6.0000,2.67,1.2773,109.4479,1.0000,38.5834,0,164,0,0,0.011221
770,33,760000000,33.760000000,-43.68607507821972,-86.74993758181738,-4.537213330948099,0.45222545489576815,-0.2407661290263159,-0.3292608833942462,0.7931652285144878,154,150,147,147,147,0,0.9800,0.9740,9.3968,13.6002,1.2407,0,True,4.92,True,-0.4512640180693116,0.5750262769826413,0.6824262354096762,1.03,11.0000,1.71,0.8066,110.2537,1.0000,24.3743,0,150,0,0,0.007231
771,33,793000000,33.793000000,-43.69402547772036,-85.94547692464381,-5.131166058198037,0.45793979974094146,-0.22931327071249769,-0.3314244372894493,0.7923789535668745,125,124,124,124,124,0,1.0000,0.9920,7.8137,9.4732,0.8969,0,True,4.92,True,-0.6506400298379718,-0.22168555876756163,-0.7263078304729732,1.49,8.0000,1.29,0.6065,110.8598,1.0000,18.3345,0,124,0,0,0.005526
772,33,826000000,33.826000000,-43.676625655261255,-85.91780700835183,-6.130631726398175,0.45569751656646373,-0.2084692854181236,-0.3475754751899407,0.7925096967727912,113,113,113,113,113,0,1.0000,1.0000,10.4175,14.4412,0.7139,0,True,4.92,True,-0.06842605189156752,-0.8617842536000445,-0.5026388123389862,3.03,6.0000,0.00,0.0000,112.5000,0.0000,49.6330,1,113,0,0,0.015452
773,33,859000000,33.859000000,-43.93952633347561,-84.95299579374502,-6.135380785606152,0.46457848784965466,-0.19583527848794324,-0.3434852192273301,0.7923593102243647,113,113,113,113,113,0,1.0000,1.0000,11.7025,16.2294,0.9404,0,True,4.92,True,-0.8914330373614039,0.23198670734629817,-0.38926765536741537,1.83,4.0000,2.21,1.0490,113.5487,1.0000,31.7466,0,113,0,0,0.010376
774,33,892000000,33.892000000,-43.93952633347561,-84.95299579374502,-6.135380785606152,0.46457848784965466,-0.19583527848794324,-0.3434852192273301,0.7923593102243647,2000,0,0,0,0,0,0.0000,0.0000,0.0000,0.0000,0.0000,1,True,6.56,True,0.0,0.0,0.0,0.00,2.0000,2.21,1.0536,114.6022,1.0000,31.9014,0,2000,0,0,0.006772
775,33,925000000,33.925000000,-44.33245309068713,-85.06069539094342,-7.048621914898135,0.4678562758364527,-0.18778280792731844,-0.34664501047546276,0.7910027553174788,2000,1927,1779,1794,1779,0,0.9232,0.9635,18.6316,571.5063,4.7847,0,True,6.56,True,-0.1838067244189066,-0.9733923802509555,-0.13682968291920955,1.07,5.0000,1.44,0.6849,115.2871,1.0000,20.7462,0,1927,0,0,0.011799
776,33,958000000,33.958000000,-45.08709235293019,-85.27934325968423,-6.429984142549628,0.47300164152479784,-0.18235122932194958,-0.34762210014392003,0.7887815615055609,1747,1702,1038,1685,1038,0,0.6099,0.9742,10.5989,150.3647,1.2702,0,True,6.56,True,-0.3786159541252897,0.18680124684769078,0.9065071723146734,0.90,9.0000,1.51,0.6982,115.9851,1.0000,21.1536,0,1702,0,0,0.008217
777,33,991000000,33.991000000,-45.330467946241306,-84.77455845947308,-7.258211542516709,0.47713170583896214,-0.17485949186976912,-0.34878193013812675,0.7874774019585394,1021,970,792,968,792,0,0.8165,0.9500,8.6596,17.2456,1.1443,0,True,6.56,True,-0.4981630025672815,-0.6575834704686057,-0.5651704187584617,1.00,1.0000,1.51,0.7019,116.6866,1.0000,21.2672,0,970,0,0,0.008979
778,34,24000000,34.024000000,-45.513591131800425,-83.9963724401215,-7.858954764031867,0.4816768491931389,-0.16766423893540464,-0.3490771423019718,0.7861432850669593,777,763,751,753,751,0,0.9843,0.9820,6.5156,42.0358,1.0401,0,True,6.56,True,-0.6501878860471617,-0.36020740881228963,-0.6689591433520129,0.99,2.0000,1.14,0.5255,117.2114,1.0000,15.9178,0,763,0,0,0.007470
779,34,57000000,34.057000000,-45.88091163271581,-83.75802297538105,-8.757990459799935,0.4840550961906822,-0.1623370014492101,-0.3498665491720594,0.7854493997596177,734,730,664,729,664,0,0.9096,0.9946,5.6412,8.7527,0.9838,0,True,6.56,True,-0.3611337563212047,-0.8587201863692416,-0.36356849639003613,0.68,10.0000,1.01,0.4714,117.6814,1.0000,14.2658,0,730,0,0,0.007593
780,34,90000000,34.090000000,-46.85526661528506,-83.53301177778816,-8.756464386318113,0.4858210459546798,-0.15884596881169655,-0.34973981849097036,0.7851292434126228,639,635,477,632,477,0,0.7512,0.9937,4.8335,12.8460,0.8293,0,True,6.56,True,-0.8436228482880164,-0.3165657658257338,0.4336895269124919,0.45,6.0000,0.86,0.4070,118.0856,1.0000,12.2800,0,635,0,0,0.007793
781,34,123000000,34.123000000,-47.30601166759979,-83.99937569807622,-9.517604052652286,0.4850967828968206,-0.15399218640145684,-0.3547728783750871,0.7842854853431303,466,465,465,465,465,0,1.0000,0.9979,3.3914,4.4077,0.7526,0,True,6.56,True,0.07916917137235965,-0.9753189814242802,0.2061192052617087,0.81,5.0000,0.61,0.2898,118.3702,1.0000,8.6645,0,465,0,0,0.007056
782,34,156000000,34.156000000,-48.03701418378449,-84.60836059884207,-9.209752283174154,0.4881871795539217,-0.15479645202530987,-0.35570957705753614,0.7817813204145464,455,455,455,455,455,0,1.0000,1.0000,2.0791,2.6985,0.7651,0,True,4.92,True,-0.11404527831355624,-0.1987705105969675,0.9733878767538686,0.48,9.0000,0.38,0.1816,118.5430,1.0000,5.2740,0,455,0,0,0.006120
783,34,189000000,34.189000000,-48.687540365596256,-85.2996489655306,-8.895211219307301,0.489654140734109,-0.1552723864371173,-0.3563971459278162,0.7804552407707764,446,446,446,446,446,0,1.0000,1.0000,1.1970,1.5401,0.5884,0,True,4.92,True,0.001116105034459207,-0.17560112077159737,0.9844607664571052,0.25,1.0000,0.19,0.0920,118.6221,1.0000,2.4312,0,446,0,0,0.004492
784,34,222000000,34.222000000,-49.13812534426807,-85.93354364847399,-8.266601079450027,0.49096977994256424,-0.15631935060431199,-0.3569147011645642,0.7791821557905481,442,442,442,442,442,0,1.0000,1.0000,0.9586,1.1761,0.6345,0,True,4.92,True,0.06759005174750175,0.1989822615934621,0.9776694965456992,0.25,8.0000,0.15,0.0953,118.6342,1.0000,0.4303,0,442,0,0,0.007728
785,34,255000000,34.255000000,-50.1013010222834,-85.7703479497828,-8.480282564863188,0.49061015266904984,-0.15728948426768913,-0.35619288484595746,0.7795436646025484,440,440,293,437,293,0,0.6659,1.0000,1.8571,20.1487,1.0571,0,True,4.92,True,-0.7636941612335635,-0.5322708461133334,0.3653203723795867,0.15,8.0000,0.25,0.1213,118.5402,1.0000,2.7975,0,440,0,0,0.005414
786,34,288000000,34.288000000,-50.4922361371752,-85.17296372483183,-9.180498120049043,0.48910216337705564,-0.15574977582474697,-0.35477328951008785,0.7814454518138911,293,292,289,289,289,0,0.9897,0.9966,3.3275,75.7036,1.3643,0,True,4.92,True,-0.6233242447322848,-0.6126013238298034,-0.48599023032453964,0.37,7.0000,0.42,0.2072,118.3507,1.0000,5.6872,0,292,0,0,0.005260
787,34,321000000,34.321000000,-50.98071447554342,-85.82468977185012,-8.600289474316394,0.48885250313385165,-0.15901933689444342,-0.3539280593325063,0.7813264423341532,289,289,203,287,203,0,0.7024,1.0000,4.4422,89.5611,0.9219,0,True,4.92,True,0.05872031169110484,0.13535848502912196,0.9890551074260325,0.39,6.0000,0.59,0.2827,118.0812,1.0000,8.1153,0,289,0,0,0.004771
788,34,354000000,34.354000000,-51.39412174228787,-86.73364449793293,-8.654101533695167,0.48683112402109857,-0.16369261236645502,-0.3546410179223317,0.7813001559887286,203,203,203,203,203,0,1.0000,1.0000,4.9841,6.1808,0.5537,0,True,4.92,True,0.36035202811964273,-0.45832838563208206,0.8124540028542844,0.59,4.0000,0.80,0.3857,117.7067,1.0000,11.2907,0,203,0,0,0.004446
789,34,387000000,34.387000000,-52.345111350541536,-86.50400225512774,-8.447018928648468,0.4846885145767007,-0.16813965818807108,-0.3524777333108546,0.7826656672563784,203,203,148,203,148,0,0.7291,1.0000,6.0207,63.6363,0.6582,0,True,4.92,True,-0.8432097642335592,-0.13083152023339892,0.5214215250779385,0.64,0.0000,0.87,0.4085,117.3070,1.0000,12.0629,0,203,0,0,0.001925
790,34,420000000,34.420000000,-52.88941953980256,-87.17272586941935,-8.953514064648918,0.4809914522622814,-0.17260363860389058,-0.35569453646202204,0.7825193949816108,148,148,148,148,148,0,1.0000,1.0000,6.5387,7.5007,0.5960,0,True,4.92,True,0.13943317736525668,-0.8442754750604732,0.5174527140340857,0.76,5.0000,1.02,0.4862,116.8287,1.0000,14.4455,0,148,0,0,0.005918
791,34,453000000,34.453000000,-53.86539716319802,-86.98004954698305,-8.851810999779877,0.47743741695443936,-0.17964132408980446,-0.3540224242693163,0.7838690137297244,148,148,122,148,122,0,0.8243,1.0000,8.5501,10.3211,0.7168,0,True,4.92,True,-0.8174435965625353,-0.23743340545920427,0.5247964790382573,0.94,2.0000,1.57,0.7499,116.0879,1.0000,22.3856,0,148,0,0,0.004626
792,34,486000000,34.486000000,-54.86116366257508,-87.06397273060249,-8.889307372531064,0.47523985261390755,-0.18425875228167574,-0.34993343543054234,0.7859658933203717,122,122,119,122,119,0,0.9754,1.0000,8.7669,13.3707,0.6950,0,True,4.92,True,-0.6188054036631226,-0.43931790347414484,0.6512139833299051,0.79,4.0000,0.64,0.3054,115.7856,1.0000,9.1374,0,122,0,0,0.001602
793,34,519000000,34.519000000,-55.84799340077365,-87.02066738978081,-9.045165369641364,0.46987958728456736,-0.19377546839791931,-0.3487612120889186,0.7874197471760026,119,119,104,116,104,0,0.8739,1.0000,15.5500,258.1817,1.0325,0,True,4.92,True,-0.7028493658723977,-0.4933927678574064,0.5124122808040182,1.27,9.0000,2.21,1.0596,114.7348,1.0000,31.7738,0,119,0,0,0.004736
794,34,552000000,34.552000000,-55.188384168951,-87.36608488769203,-8.377630791187881,0.4668265544248394,-0.2024740897874764,-0.34634437698202897,0.7881134331944201,104,104,23,104,23,0,0.2212,1.0000,11.0814,12.5660,0.9140,0,True,4.92,True,0.687153965835425,0.7174997518877079,0.11407687442126624,1.09,6.0000,2.00,0.9527,113.7883,1.0000,28.6277,0,104,0,0,0.003485
795,34,585000000,34.585000000,-55.188384168951,-87.36608488769203,-8.377630791187881,0.4668265544248394,-0.2024740897874764,-0.34634437698202897,0.7881134331944201,2000,0,0,0,0,0,0.0000,0.0000,0.0000,0.0000,0.0000,1,True,6.56,True,0.0,0.0,0.0,0.00,2.0000,2.28,1.0960,112.6981,1.0000,32.9851,0,2000,0,0,0.003380
796,34,618000000,34.618000000,-56.160012997163335,-87.39626325236824,-8.612208468071625,0.4613253375256721,-0.21286065952752653,-0.34334900602420665,0.7899245107252467,2000,1898,793,1719,793,0,0.4178,0.9490,35.5453,1163.4559,4.0685,0,True,6.56,True,-0.6356913104692522,-0.5620445740541488,0.5291525815586422,1.41,3.0000,2.17,1.0424,111.6602,1.0000,31.4091,0,1898,0,0,0.002738
797,34,651000000,34.651000000,-56.12944372489319,-86.85225626454276,-9.450732121160726,0.4568543750229478,-0.22297461976955932,-0.3401092163484449,0.7911334400187233,792,775,561,764,561,0,0.7239,0.9785,17.0134,347.1765,1.7109,0,True,4.92,True,-0.3976884564638783,-0.5389357047638833,-0.7425578750010225,1.33,4.0000,2.32,1.1149,110.5492,1.0000,33.6223,0,775,0,0,0.002541
798,34,684000000,34.684000000,-57.00271012493168,-86.73376946998656,-9.923348957593348,0.4513924810231823,-0.23226123345712496,-0.33550087626300534,0.7935607787280483,560,552,512,546,512,0,0.9275,0.9857,17.4100,761.6387,2.1284,0,True,4.92,True,-0.6921775737207757,-0.6637347660921811,0.2834543467978183,1.37,1.0000,1.78,0.8482,109.7036,1.0000,25.5951,0,552,0,0,0.001719
799,34,717000000,34.717000000,-57.86985989748932,-86.29995549175753,-10.168005255788039,0.445049187592042,-0.24378461909314844,-0.3310866091451914,0.7955387717528362,512,512,390,511,390,0,0.7617,1.0000,16.0840,88.9862,1.4381,0,True,4.92,True,-0.9164229188296019,-0.3339499732216776,0.22055940068170646,1.61,2.0000,2.33,1.1187,108.5879,1.0000,33.7745,0,512,0,0,0.002029
800,34,750000000,34.750000000,-56.89834776412112,-86.08610737396415,-10.270148083409781,0.4396037118954575,-0.24690153926538888,-0.32295104682244186,0.8009312253573374,390,390,153,390,153,0,0.3923,1.0000,14.5136,21.4835,1.1427,0,True,4.92,True,0.4744722851541278,0.294401545263177,-0.8295804848037793,1.33,9.0000,0.00,0.0000,106.8291,0.0000,53.2474,1,390,0,0,0.002735
801,34,783000000,34.783000000,-57.515016950963485,-85.87708603397955,-9.511182212352201,0.43252674731303825,-0.2719055330617521,-0.31229359936089635,0.8009124182751968,153,153,153,153,153,0,1.0000,1.0000,17.4675,28.8966,1.1827,0,True,4.92,True,-0.4816846527778186,0.5549687293709485,0.6782253347514429,3.22,8.0000,2.90,1.3938,105.4378,1.0000,42.1249,0,153,0,0,0.001849
802,34,816000000,34.816000000,-58.359238041193834,-85.5201289885028,-9.911022703666886,0.4247724804902522,-0.2857358122177064,-0.30736601566629485,0.8021530513860013,153,153,128,153,128,0,0.8366,1.0000,18.0978,32.1610,1.0251,0,True,4.92,True,-0.8833772515290264,-0.41489561631692173,0.21795930593123297,1.91,7.0000,2.79,1.3591,104.0808,1.0000,41.0895,0,153,0,0,0.001579
803,34,849000000,34.849000000,-57.98585752301239,-85.8544198819739,-10.776376150060225,0.41705042849521456,-0.28699174213834355,-0.31343586753378355,0.8034068937840283,128,127,127,127,127,0,1.0000,0.9922,19.4398,21.5119,0.9327,0,True,4.92,True,0.3171288179552295,-0.7987214341118664,-0.5113446817095124,1.14,6.0000,3.04,1.4719,102.6107,1.0000,44.5165,0,127,0,0,0.001494
804,34,882000000,34.882000000,-58.508782170286956,-86.67806386328155,-10.556921358979169,0.4156959856735062,-0.3246146001942161,-0.33571895260564105,0.7804581947145233,127,125,125,125,125,0,1.0000,0.9843,20.0215,24.1260,0.7517,0,True,4.92,True,0.32176687595715264,-0.32693789773129356,0.8885818412300674,5.66,5.0000,0.00,0.0000,101.1166,0.0000,45.2472,1,125,0,0,0.001320
805,34,915000000,34.915000000,-59.34634533786138,-86.33224463640494,-10.979883535355663,0.4109235399506706,-0.33004378786235156,-0.32472932555290146,0.7853431145262805,125,125,111,125,111,0,0.8880,1.0000,21.2555,25.7882,0.7075,0,True,4.92,True,-0.8430569301585442,-0.4311493755633369,0.32150463210192765,1.61,3.0000,0.00,0.0000,99.4574,0.0000,50.2502,1,125,0,0,0.001259
806,34,948000000,34.948000000,-58.84197035340097,-85.54271185436261,-11.32951743121106,0.38203584131210605,-0.2880436696410656,-0.27523273622715605,0.8338623395030936,111,110,110,110,110,0,1.0000,0.9910,21.7589,25.3870,0.6410,0,True,4.92,True,-0.4166746106864061,0.1762206815269747,-0.8918119421781145,9.86,6.0000,2.72,1.3038,98.1545,1.0000,39.4592,0,110,0,0,0.000853
807,34,981000000,34.981000000,-57.99060133895956,-85.74064046635625,-10.843724197619546,0.3782323379098748,-0.29280791148248975,-0.2628546411868151,0.8379207976527635,110,79,50,79,50,0,0.6329,0.7182,23.1527,29.4813,0.6420,0,True,4.92,True,0.8467227095472327,0.47978942449624695,-0.22991903200594896,1.65,0.0000,0.00,0.0000,96.2190,0.0000,58.6227,1,79,0,0,0.001081
808,35,14000000,35.014000000,-57.99060133895956,-85.74064046635625,-10.843724197619546,0.3782323379098748,-0.29280791148248975,-0.2628546411868151,0.8379207976527635,2000,0,0,0,0,0,0.0000,0.0000,0.0000,0.0000,0.0000,1,True,6.56,True,0.0,0.0,0.0,0.00,8.0000,3.06,1.4753,94.7445,1.0000,44.6617,0,2000,0,0,0.000675
809,35,47000000,35.047000000,-57.273995101975,-86.38152178894849,-10.568503138346745,0.3739400475284757,-0.2984170569265174,-0.25017920050823894,0.8417401431693604,2000,1974,684,1802,684,0,0.3465,0.9870,23.1886,346.2342,4.9354,0,True,6.56,True,0.9992936427331327,0.00480329607197745,-0.03727122133752684,1.72,2.0000,0.00,0.0000,92.7831,0.0000,59.4105,1,1974,0,0,0.000741
810,35,80000000,35.080000000,-57.965005934727714,-86.2926701780979,-11.285865961656965,0.3702704481681547,-0.3033346885866448,-0.2371645118823947,0.8453643334190192,682,667,323,657,323,0,0.4843,0.9780,22.3647,45.0731,3.6109,0,True,6.56,True,-0.7648561948835754,-0.6426416599869534,0.04479618284442358,1.70,3.0000,0.00,0.0000,91.2807,0.0000,45.5111,1,667,0,0,0.000444
811,35,113000000,35.113000000,-57.676174242161586,-86.09499580987682,-12.222616247228178,0.36525482000960435,-0.3047356544921891,-0.224773179130283,0.8504129087006115,322,322,322,322,322,0,1.0000,1.0000,19.1572,25.3050,1.0560,0,True,6.56,True,-0.23637678491395658,-0.549040889570988,-0.8016733232014394,1.65,6.0000,0.00,0.0000,89.3832,0.0000,57.4820,1,322,0,0,0.000429
812,35,146000000,35.146000000,-57.676174242161586,-86.09499580987682,-12.222616247228178,0.36525482000960435,-0.3047356544921891,-0.224773179130283,0.8504129087006115,321,321,7,320,7,0,0.0218,1.0000,19.6842,25.9142,1.1334,0,True,6.56,True,0.0,0.0,0.0,0.00,3.0000,0.00,0.0000,87.8535,0.0000,46.3423,1,321,0,0,0.000242
813,35,179000000,35.179000000,-57.49476650258928,-85.43331007445401,-12.95012103728884,0.3601267241290205,-0.3063050349245949,-0.20990295583567167,0.8558193251378419,319,316,314,314,314,0,0.9937,0.9906,21.4694,237.5862,1.1948,0,True,6.56,True,-0.5284889336907999,-0.10437300998621578,-0.8424996865001071,1.91,6.0000,0.00,0.0000,85.7883,0.0000,62.5669,1,316,0,0,0.000195
814,35,212000000,35.212000000,-56.88801880368446,-85.77335403710524,-12.231631417782665,0.35569090131241854,-0.3119224816097491,-0.19656798477965337,0.8588069489411698,312,308,96,308,96,0,0.3117,0.9872,20.7827,27.7262,1.1604,0,True,4.92,True,0.9046870082530813,0.3975252758730225,0.15334624918845066,1.77,10.0000,0.00,0.0000,84.2421,0.0000,46.8481,1,308,0,0,0.000062
815,35,245000000,35.245000000,-56.88801880368446,-85.77335403710524,-12.231631417782665,0.35569090131241854,-0.3119224816097491,-0.19656798477965337,0.8588069489411698,2000,0,0,0,0,0,0.0000,0.0000,0.0000,0.0000,0.0000,1,True,6.56,True,0.0,0.0,0.0,0.00,4.0000,0.00,0.0000,82.5332,0.0000,51.7799,1,2000,0,0,0.000072
816,35,278000000,35.278000000,-56.18067442235551,-86.05312534729798,-11.582484331063977,0.3505769473450307,-0.3177668244269076,-0.18321659474532415,0.861714412490476,2000,1977,419,1840,419,0,0.2119,0.9885,21.3102,188.6281,5.4163,0,True,6.56,True,0.928593133590312,0.37069553193662036,0.01730938621531207,1.80,0.0000,0.00,0.0000,80.9193,0.0000,48.9005,1,1977,0,0,0.000139
817,35,311000000,35.311000000,-55.65251518636787,-85.94504572843776,-10.74024528101468,0.34547274996155236,-0.32343752630748124,-0.16993216551508517,0.8643840608973848,416,414,185,402,185,0,0.4469,0.9952,13.5199,38.6124,8.1747,0,True,6.56,True,0.6808844067016161,0.7302996111677571,0.05530734705996134,1.78,7.0000,0.00,0.0000,78.8726,0.0000,62.0216,1,414,0,0,0.000293
818,35,344000000,35.344000000,-55.93284736650844,-85.10637820715904,-10.273286334714449,0.34369149147019284,-0.3258585896267634,-0.16336568548166017,0.8654501667135771,185,185,146,173,146,0,0.7892,1.0000,6.5801,21.9684,13.6611,0,True,6.56,True,-0.4330194750001229,0.9005508046428503,0.03876057955878311,0.84,6.0000,0.00,0.0000,77.0299,0.0000,55.8446,1,185,0,0,0.000334
819,35,377000000,35.377000000,-56.800273417215216,-84.6220866213162,-10.387451594040877,0.3390823050071241,-0.31843142388763956,-0.17583170945197338,0.8675873608249158,146,146,146,146,146,0,1.0000,1.0000,4.6874,9.0864,14.1677,0,True,6.56,True,-0.9339041133111042,0.212970176727325,0.28717035182158396,1.76,3.0000,0.00,0.0000,75.3809,0.0000,49.9761,1,146,0,0,0.000266
820,35,410000000,35.410000000,-56.43649605946041,-84.27357679988565,-9.523618891284535,0.25121092186450183,-0.41077585193539967,0.030730180299151665,0.8759063467183665,146,146,146,146,146,0,1.0000,1.0000,5.1452,11.0074,14.8607,0,True,6.56,True,0.4602116728632101,0.8842330711584583,0.07960585424531631,27.90,4.0000,0.00,0.0000,73.7362,0.0000,49.8481,1,146,0,0,0.000674
821,35,443000000,35.443000000,-56.40553593783608,-83.28967417038295,-9.347615804588058,0.24404001126393443,-0.40744923378781717,0.05924341443614222,0.8780203942016194,146,146,145,145,145,0,0.9932,1.0000,8.6101,12.5131,15.2003,0,True,6.56,True,-0.0002705382714699451,0.9228168905875858,-0.38523877434041276,3.40,8.0000,1.34,0.6315,73.1052,1.0000,19.1255,0,146,0,0,0.000212
822,35,476000000,35.476000000,-56.558840167596045,-82.69854929789896,-8.555738795028828,0.2071052350691545,-0.4477524061416637,0.12504352648599723,0.8608073657243219,145,142,142,142,142,0,1.0000,0.9793,6.2147,11.9055,12.2337,0,True,6.56,True,0.43209828236571224,0.8641266089304037,0.2580237936994232,10.00,2.0000,0.00,0.0000,70.3716,0.0000,82.8660,1,142,0,0,0.001053
823,35,509000000,35.509000000,-57.27546613614821,-82.11211573572639,-8.933287332774967,0.20740816026267547,-0.4492929985242651,0.13003498969797184,0.8591906412361433,142,142,142,142,142,0,1.0000,1.0000,6.8051,11.9529,13.7527,0,True,6.56,True,-0.699981775238454,0.7126283147368664,0.04675894961733337,0.63,1.0000,0.00,0.0000,68.7417,0.0000,49.4117,1,142,0,0,0.000739
824,35,542000000,35.542000000,-58.00920538033631,-81.59936211032526,-9.379056826096624,0.2064236811461036,-0.44927310882588456,0.13200130872027024,0.8591382845876165,142,141,134,138,134,0,0.9504,0.9930,7.1319,11.5963,15.2996,0,True,6.56,True,-0.7618878809332329,0.6452136280104395,0.056799921801655016,0.25,0.0000,0.00,0.0000,67.1942,0.0000,46.9201,1,141,0,0,0.000780
825,35,575000000,35.575000000,-58.29916320709924,-80.85829697230926,-8.773460491962876,0.05954586223654426,-0.5300413812739182,0.3571418779737768,0.7667855654777986,134,134,131,131,131,0,0.9776,1.0000,7.1719,11.4376,17.5327,0,True,6.56,True,0.3683398337095066,0.9146051924710963,0.16680260431948293,33.98,1.0000,0.00,0.0000,65.6962,0.0000,45.4258,1,134,0,0,0.000830
826,35,608000000,35.608000000,-58.997903377432095,-80.24504410666228,-9.14181235789947,0.0501032443544075,-0.5385072139131281,0.36778938064645245,0.7564592632471241,131,131,131,131,131,0,1.0000,1.0000,13.6545,31.0826,20.3210,0,True,6.56,True,-0.14579221805215045,0.9850924168525349,0.09131023718656106,2.24,8.0000,2.52,1.2088,64.4892,1.0000,36.6013,0,131,0,0,0.000727
827,35,641000000,35.641000000,-59.69511273243058,-79.56797300728638,-9.37734121322827,-0.3261596453129176,-0.5032683902160885,0.7574877925290412,0.25797879243871763,131,31,31,31,31,0,1.0000,0.2366,8.6504,24.0180,1.1906,0,True,6.56,True,0.03542019176881387,0.9915157457081926,0.12506772576403227,86.49,3.0000,0.00,0.0000,62.8537,0.0000,49.6043,1,31,0,0,0.001067
828,35,674000000,35.674000000,-59.69511273243058,-79.56797300728638,-9.37734121322827,-0.3261596453129176,-0.5032683902160885,0.7574877925290412,0.25797879243871763,2000,0,0,0,0,0,0.0000,0.0000,0.0000,0.0000,0.0000,1,True,8.20,True,0.0,0.0,0.0,0.00,14.0000,2.34,1.1196,61.7362,1.0000,33.8976,0,2000,0,0,0.000791
829,35,707000000,35.707000000,-59.616631553488965,-80.0879396693502,-10.227914769655994,-0.3223519573448845,-0.502343452007408,0.7646509172940158,0.24300050720651387,2000,1891,738,1710,738,0,0.3903,0.9455,36.2792,738.9532,6.0089,0,True,8.20,True,-0.2258328789712041,0.9741034769300544,0.01104205634635652,1.95,7.0000,2.87,1.3840,60.3549,1.0000,41.9008,0,1891,0,0,0.001051
830,35,740000000,35.740000000,-60.25931252658086,-79.32249069954572,-10.19552586027479,-0.3177946659839209,-0.5013265806063684,0.7714729420673624,0.22914560765509495,733,570,328,549,328,0,0.5754,0.7776,23.5191,201.8978,2.1728,0,True,8.20,True,0.9575163319108093,-0.28799319305838733,0.014912909712826295,1.85,5.0000,2.76,1.3278,59.0300,1.0000,40.1983,0,570,0,0,0.001095
831,35,773000000,35.773000000,-60.3392501877345,-79.88079116992202,-9.369747103520385,-0.31557522095103857,-0.49973425873634947,0.7768639332531612,0.21716440725257535,328,281,12,280,12,0,0.0427,0.8567,15.8792,26.1878,1.2200,0,True,8.20,True,-0.5350780592345894,-0.5371963014278326,0.6520058314601201,1.54,4.0000,2.10,1.0038,58.0285,1.0000,30.3875,0,281,0,0,0.000894
832,35,806000000,35.806000000,-60.3392501877345,-79.88079116992202,-9.369747103520385,-0.31557522095103857,-0.49973425873634947,0.7768639332531612,0.21716440725257535,2000,0,0,0,0,0,0.0000,0.0000,0.0000,0.0000,0.0000,1,True,9.84,True,0.0,0.0,0.0,0.00,8.0000,2.49,1.1995,56.8319,1.0000,36.3114,0,2000,0,0,0.001155
833,35,839000000,35.839000000,-61.00063304932386,-79.14311561996628,-9.505421321385654,-0.31325588345929517,-0.49853548518127255,0.7815758347837718,0.20608817524365622,2000,1869,157,1726,157,0,0.0840,0.9345,25.3293,655.3752,5.8665,0,True,9.84,True,0.9859158128941212,-0.1611562732366802,-0.044706436693037054,1.41,9.0000,1.97,0.9419,55.8925,1.0000,28.5112,0,1869,0,0,0.000986
834,35,872000000,35.872000000,-61.55565378839705,-78.35331355697807,-9.244337655680187,-0.3120502825679441,-0.49718545703696376,0.7853791655731805,0.19649633264716723,154,129,34,127,34,0,0.2636,0.8377,13.9255,31.1832,7.4255,0,True,9.84,True,0.825869786837832,-0.5618467214332702,-0.047616770187819145,1.20,3.0000,1.52,0.7188,55.1757,1.0000,21.7564,0,129,0,0,0.000808
835,35,905000000,35.905000000,-61.55565378839705,-78.35331355697807,-9.244337655680187,-0.3120502825679441,-0.49718545703696376,0.7853791655731805,0.19649633264716723,2000,0,0,0,0,0,0.0000,0.0000,0.0000,0.0000,0.0000,1,True,9.84,True,0.0,0.0,0.0,0.00,7.0000,2.35,1.1275,54.0515,1.0000,34.1260,0,2000,0,0,0.001398
836,35,938000000,35.938000000,-62.15771087100008,-78.14775906397875,-10.015878075681167,-0.3099606244021621,-0.49598300975944104,0.7890915798880273,0.18777578091970484,2000,1890,950,1853,950,0,0.5026,0.9450,15.3012,704.8049,4.5330,0,True,9.84,True,0.7929638686480135,0.6081090052813283,0.03757313820443286,1.12,6.0000,1.52,0.7219,53.3318,1.0000,21.8491,0,1890,0,0,0.000999
837,35,971000000,35.971000000,-61.89958807645859,-78.97492900780526,-9.516716271284912,-0.30759299125826606,-0.49513824897579145,0.7923734435678118,0.17991384621108764,950,924,95,916,95,0,0.1028,0.9726,10.8013,115.3260,1.8486,0,True,9.84,True,-0.8409789393406689,-0.08408147030982661,0.5344948362107733,1.02,5.0000,1.52,0.7214,52.6126,1.0000,21.8341,0,924,0,0,0.001116
838,36,4000000,36.004000000,-61.89958807645859,-78.97492900780526,-9.516716271284912,-0.30759299125826606,-0.49513824897579145,0.7923734435678118,0.17991384621108764,2000,0,0,0,0,0,0.0000,0.0000,0.0000,0.0000,0.0000,1,True,11.48,True,0.0,0.0,0.0,0.00,4.0000,1.18,0.5597,52.0546,1.0000,16.9386,0,2000,0,0,0.000979
839,36,37000000,36.037000000,-61.99766563556431,-78.58747541474057,-8.600059025843034,-0.3070254546395466,-0.49482987553440744,0.7936439956228591,0.1760908080899331,2000,1972,1868,1873,1868,0,0.9473,0.9860,12.9638,331.5872,4.0016,0,True,11.48,True,0.018143157247523467,-0.9950322847563541,0.09788553589596982,0.47,1.0000,0.56,0.2661,51.7894,1.0000,8.0527,0,1972,0,0,0.000517
840,36,70000000,36.070000000,-61.698131971055055,-79.53528088926976,-8.490768741379302,-0.3039008330580265,-0.4945774446435186,0.7963027823891455,0.17011558916169298,1868,1855,728,1803,728,0,0.3925,0.9930,12.0499,301.6207,2.7794,0,True,11.48,True,-0.811611702569275,0.33450727123359614,0.47894814932772867,0.83,1.0000,1.44,0.6830,51.1087,1.0000,20.6650,0,1855,0,0,0.001578
841,36,103000000,36.103000000,-61.142988204444976,-80.36691295006635,-8.505034569402573,-0.30282709551759174,-0.4940482489235355,0.797851977611153,0.16626575046575273,727,722,147,722,147,0,0.2036,0.9931,5.3888,7.7961,1.2351,0,True,11.48,True,-0.8912717088712683,0.4058398344567521,0.20230860024676453,0.49,1.0000,0.72,0.3363,50.7738,1.0000,10.1694,0,722,0,0,0.001029
842,36,136000000,36.136000000,-61.49709224593484,-79.44228513246962,-8.64529763199164,-0.30233738300239754,-0.4937641257962227,0.7987262949914841,0.1637846165093974,147,145,49,145,49,0,0.3379,0.9864,3.4871,4.3673,1.8939,0,True,11.48,True,0.8362985451343433,-0.30944004706965444,-0.45260534759955146,0.31,6.0000,0.42,0.2022,50.5726,1.0000,6.1080,0,145,0,0,0.000828
843,36,169000000,36.169000000,-61.49709224593484,-79.44228513246962,-8.64529763199164,-0.30233738300239754,-0.4937641257962227,0.7987262949914841,0.1637846165093974,2000,0,0,0,0,0,0.0000,0.0000,0.0000,0.0000,0.0000,1,True,13.11,True,0.0,0.0,0.0,0.00,1.0000,0.33,0.1538,50.4199,1.0000,4.6364,0,2000,0,0,0.000922
844,36,202000000,36.202000000,-60.585525251117794,-79.78836187174889,-8.423314514412775,-0.30216260466684064,-0.49401071895842347,0.7988581747263845,0.16271689085021607,2000,1928,529,1922,529,0,0.2744,0.9640,1.3247,20.5537,3.2356,0,True,13.11,True,-0.9611928581679986,-0.004653692441459087,-0.27583805494074604,0.13,2.0000,0.15,0.0802,50.3420,1.0000,2.3646,0,1928,0,0,0.001174
845,36,235000000,36.235000000,-60.698763348670084,-80.56400304558079,-7.802381424040413,-0.30174879345899164,-0.494669301212794,0.7986466958775224,0.16252200850224852,529,529,84,528,84,0,0.1588,1.0000,0.9393,3.4090,0.9896,0,True,13.11,True,-0.5465879646165979,-0.19953874169059382,0.8132809400820967,0.10,6.0000,0.00,0.0116,50.3510,1.0000,0.2727,0,529,0,0,0.000463
846,36,268000000,36.268000000,-60.698763348670084,-80.56400304558079,-7.802381424040413,-0.30174879345899164,-0.494669301212794,0.7986466958775224,0.16252200850224852,2000,0,0,0,0,0,0.0000,0.0000,0.0000,0.0000,0.0000,1,True,14.75,True,0.0,0.0,0.0,0.00,10.0000,0.27,0.1411,50.4904,1.0000,4.2330,0,2000,0,0,0.001248
847,36,301000000,36.301000000,-59.70920675422332,-80.47170163023652,-7.69166469038046,-0.3024605312672714,-0.4948383019216971,0.7976068192979087,0.1657589930780358,2000,1997,838,1992,838,0,0.4196,0.9985,4.3356,19.2498,3.6026,0,True,14.75,True,-0.7411240217843119,-0.10206387787690265,-0.663564728694176,0.40,5.0000,0.52,0.2532,50.7426,1.0000,7.6544,0,1997,0,0,0.001047
848,36,334000000,36.334000000,-59.70920675422332,-80.47170163023652,-7.69166469038046,-0.3024605312672714,-0.4948383019216971,0.7976068192979087,0.1657589930780358,831,830,2,826,2,0,0.0024,0.9988,6.2329,20.7804,3.0006,1,True,16.39,True,0.0,0.0,0.0,0.00,3.0000,0.52,0.2601,51.0019,1.0000,7.8722,0,830,0,0,0.000741
849,36,367000000,36.367000000,-59.34524069242847,-81.38698217052618,-7.519066201312319,-0.3040213388517472,-0.4954929091963857,0.7955729116169151,0.17065035821901336,815,811,351,811,351,0,0.4328,0.9951,9.4882,16.8844,2.5641,0,True,16.39,True,-0.8483326577015838,0.2759011712185654,0.4518962774765813,0.64,7.0000,1.01,0.4654,51.4663,1.0000,14.0923,0,811,0,0,0.001004
850,36,400000000,36.400000000,-59.070273702816046,-82.34633816114976,-7.45558992323825,-0.3051898440584087,-0.4963996391954334,0.7933745744573416,0.17607765870456085,337,329,197,326,197,0,0.5988,0.9763,10.8114,22.6917,1.1322,0,True,16.39,True,-0.7776229099774091,0.3839603162656566,0.4978725594079704,0.69,9.0000,1.01,0.4770,51.9423,1.0000,14.4475,0,329,0,0,0.000709
851,36,433000000,36.433000000,-58.12796767797721,-82.23567596880929,-7.771522249439291,-0.3078141866751757,-0.4965299519862518,0.7906308485775942,0.18333383359190306,186,184,183,184,183,0,0.9946,0.9892,10.8217,16.4174,1.0085,0,True,16.39,True,-0.5461293422731134,0.2557786336374591,-0.7976967043199381,0.94,1.0000,1.01,0.4714,52.4128,1.0000,14.2793,0,184,0,0,0.000384
852,36,466000000,36.466000000,-57.560533762784445,-82.59049923887662,-7.028475010760819,-0.3096095587986751,-0.4985339762669221,0.7865986785963227,0.19201123518820654,174,172,170,170,170,0,0.9884,0.9885,14.0971,20.0526,1.2985,0,True,16.39,True,-0.8594724233035012,-0.5022962458867645,0.09489802394607659,1.14,0.0000,1.39,0.6529,53.0646,1.0000,19.7793,0,172,0,0,0.001202
853,36,499000000,36.499000000,-57.341710310979224,-83.56350790050777,-6.955191715728585,-0.31048933325249767,-0.49983759822372636,0.7834185673658558,0.20003524100714362,152,149,61,147,61,0,0.4094,0.9803,15.0658,21.1451,1.1571,0,True,16.39,True,-0.7766885481117977,0.35286882843331,0.5217647833574923,1.01,9.0000,1.32,0.6267,53.6903,1.0000,18.9861,0,149,0,0,0.000667
854,36,532000000,36.532000000,-57.341710310979224,-83.56350790050777,-6.955191715728585,-0.31048933325249767,-0.49983759822372636,0.7834185673658558,0.20003524100714362,2000,0,0,0,0,0,0.0000,0.0000,0.0000,0.0000,0.0000,1,True,18.03,True,0.0,0.0,0.0,0.00,5.0000,2.36,1.1212,54.8098,1.0000,33.9687,0,2000,0,0,0.001034
855,36,565000000,36.565000000,-57.28978626946901,-83.94398464417655,-7.878523368733292,-0.31130686294369025,-0.5007662876588942,0.7802987457072247,0.2084587001691702,2000,1953,1911,1913,1911,0,0.9785,0.9765,14.3480,160.9775,3.4634,0,True,18.03,True,-0.01055370519529573,0.9975697893471628,-0.06887041954648,1.04,11.0000,1.38,0.6373,55.4461,1.0000,19.3074,0,1953,0,0,0.000517
856,36,598000000,36.598000000,-57.16224804771372,-84.40963910053034,-8.754251596706633,-0.31631012854649937,-0.5000196639276606,0.7756065583191089,0.2199152222038149,1876,1820,1755,1757,1755,0,0.9643,0.9701,20.4886,49.6518,1.9956,0,True,16.39,True,-0.14578679930773514,0.987953596695171,-0.051902793033531125,1.53,2.0000,2.63,1.2542,56.6984,1.0000,37.9985,0,1820,0,0,0.000914
857,36,631000000,36.631000000,-57.39175253472975,-83.46799472710093,-8.508012760557216,-0.3190383025174737,-0.5013105541328616,0.7701237806875386,0.23197338696778105,1678,1547,61,1532,61,0,0.0394,0.9219,20.0753,60.9976,1.2121,0,True,16.39,True,0.7138054982986007,-0.5992589737488059,-0.3624505386672978,1.56,1.0000,2.28,1.0944,57.7912,1.0000,33.1564,0,1547,0,0,0.000710
858,36,664000000,36.664000000,-57.39175253472975,-83.46799472710093,-8.508012760557216,-0.3190383025174737,-0.5013105541328616,0.7701237806875386,0.23197338696778105,2000,0,0,0,0,0,0.0000,0.0000,0.0000,0.0000,0.0000,1,True,18.03,True,0.0,0.0,0.0,0.00,3.0000,2.20,1.0491,58.8388,1.0000,31.7844,0,2000,0,0,0.000622
859,36,697000000,36.697000000,-57.03026380450656,-83.56542557371773,-7.580740886698685,-0.32193908896945517,-0.5026817129546391,0.7636718650128255,0.24590974165807272,2000,1877,361,1698,361,0,0.1923,0.9385,35.4272,1246.7765,5.2517,0,True,18.03,True,-0.5549661927858442,-0.8287914145403475,0.0715354181437083,1.80,3.0000,2.61,1.2468,60.0840,1.0000,37.7755,0,1877,0,0,0.000681
860,36,730000000,36.730000000,-57.05510425931816,-83.06393177377404,-6.715936330499563,-0.32036902511610793,-0.5055593117949213,0.7585908067468723,0.25751399558612265,351,277,251,275,251,0,0.9061,0.7892,20.9617,41.9984,1.4350,0,True,18.03,True,0.15592879142961014,-0.9870065882111146,-0.0387841053932733,1.50,7.0000,1.37,0.6352,60.7184,1.0000,19.2461,0,277,0,0,0.000327
861,36,763000000,36.763000000,-57.65447407810986,-82.44959583582389,-7.2291099616074925,-0.3230326728379682,-0.5068269673942679,0.7513755009147494,0.2724172792357297,248,200,66,198,66,0,0.3300,0.8065,25.2082,49.8379,1.2106,0,True,18.03,True,0.9516772615618657,0.29948492670126087,-0.0679644650155396,1.93,8.0000,2.75,1.3135,62.0302,1.0000,39.7950,0,200,0,0,0.000641
862,36,796000000,36.796000000,-57.65447407810986,-82.44959583582389,-7.2291099616074925,-0.3230326728379682,-0.5068269673942679,0.7513755009147494,0.2724172792357297,2000,0,0,0,0,0,0.0000,0.0000,0.0000,0.0000,0.0000,1,True,19.67,True,0.0,0.0,0.0,0.00,10.0000,0.00,0.0000,63.9720,0.0000,58.9005,1,2000,0,0,0.000879
863,36,829000000,36.829000000,-57.66424239985395,-81.97803934945604,-6.347328208533251,-0.32231258197410784,-0.5100392178736813,0.7440149342587729,0.28708252007376084,2000,1874,1827,1829,1827,0,0.9749,0.9370,23.0124,1169.7485,5.4419,0,True,19.67,True,0.16917381205217452,-0.9852944639857714,-0.023980003226165045,1.92,4.0000,2.03,0.9691,64.9401,1.0000,29.3641,0,1874,0,0,0.000416
864,36,862000000,36.862000000,-57.188364219448225,-82.84817752302818,-6.475388804761198,-0.3156377517196854,-0.5143735025010813,0.7399378567779014,0.2971273762564438,1776,1713,833,1629,833,0,0.4863,0.9645,18.0468,45.5804,1.9120,0,True,19.67,True,-0.9324468071754868,0.34805847548962443,0.09694456884260864,1.54,12.0000,0.00,0.0000,66.8395,0.0000,57.6057,1,1713,0,0,0.000782
865,36,895000000,36.895000000,-56.689819578172944,-83.71377692384272,-6.522196047418946,-0.3091237261703042,-0.5190005131354971,0.7353651373343504,0.3071141547973806,832,823,487,817,487,0,0.5917,0.9892,18.9232,47.9681,1.4281,0,True,19.67,True,-0.9653074427232651,0.2417972749889141,0.09856783872544779,1.56,6.0000,0.00,0.0000,68.4922,0.0000,50.1168,1,823,0,0,0.000652
866,36,928000000,36.928000000,-56.5030225180926,-84.69224073321503,-6.434358515042763,-0.301849855328437,-0.5236097546485521,0.7307214239638627,0.31743611992857673,483,478,116,434,116,0,0.2427,0.9896,16.1254,31.5246,1.3829,0,True,19.67,True,-0.8837082466783452,0.15860677110366111,0.44034489540899147,1.63,8.0000,0.00,0.0000,70.2934,0.0000,54.6197,1,478,0,0,0.000692
867,36,961000000,36.961000000,-57.11283256653604,-83.90256414891984,-6.5017573060799,-0.30258808458993003,-0.5249109334557719,0.7221228402199208,0.3338376351394528,114,103,9,101,9,0,0.0874,0.9035,26.4580,43.1100,1.9417,0,True,19.67,True,0.9990793194103317,-0.04289679144296535,0.0006154758216960206,2.13,2.0000,2.77,1.3224,71.6149,1.0000,40.0698,0,103,0,0,0.000498
868,36,994000000,36.994000000,-56.80204304657013,-83.75468310059112,-5.562853120433405,-0.2946681349191175,-0.5297097302204938,0.7167255548120915,0.3447938094750542,2000,1880,1082,1765,1082,0,0.5755,0.9400,23.0509,532.4011,4.7753,0,True,19.67,True,-0.14758239437734771,-0.9860169125161864,-0.07739564007033044,1.76,7.0000,0.00,0.0000,73.4889,0.0000,56.8178,1,1880,0,0,0.000699
869,37,27000000,37.027000000,-57.20218424208189,-82.91553901342789,-5.194445432357568,-0.286307923350901,-0.5347640747941679,0.7110443786638442,0.3556276829868285,1079,1069,662,971,662,0,0.6193,0.9907,20.9803,118.2993,4.6443,0,True,18.03,True,0.8911777158704344,-0.4504537666051888,-0.053792963175059494,1.79,6.0000,0.00,0.0000,75.2353,0.0000,52.9467,1,1069,0,0,0.000649
870,37,60000000,37.060000000,-56.300979023896886,-83.3208111239213,-5.348015192311493,-0.28724450649280353,-0.5347026075493597,0.7017690742157161,0.3729663274935657,662,661,634,635,634,0,0.9592,0.9985,26.3969,68.6709,2.2934,0,True,18.03,True,-0.8504490759584986,0.03921972604482894,-0.5245933494529873,2.26,7.0000,2.65,1.2761,76.5108,1.0000,38.6681,0,661,0,0,0.000475
871,37,93000000,37.093000000,-56.281052784318724,-84.00823223391124,-6.0740008412856525,-0.2790460192550184,-0.5390696586278206,0.6959357111419379,0.38368047675400185,634,623,306,620,306,0,0.4912,0.9826,22.4351,38.7779,1.2788,0,True,18.03,True,-0.5789765264096609,0.7991762983632191,0.16156554707321125,1.76,3.0000,0.00,0.0000,78.4358,0.0000,58.3563,1,623,0,0,0.000722
872,37,126000000,37.126000000,-55.834433740325224,-84.83014727819905,-6.427535973225455,-0.2704471464086846,-0.5433726802638947,0.6898004247876418,0.3946895556067067,306,306,209,306,209,0,0.6830,1.0000,23.1734,33.4320,1.0915,0,True,18.03,True,-0.9407073799592235,0.33905596945607175,-0.010520212281923064,1.82,2.0000,0.00,0.0000,80.4970,0.0000,62.4791,1,306,0,0,0.000478
873,37,159000000,37.159000000,-55.6464013945425,-84.70855519537203,-5.452928769100026,-0.26148788638157394,-0.5482803284998923,0.6829630029000433,0.40567758543639376,208,208,204,208,204,0,0.9808,1.0000,23.6490,33.4279,1.1129,0,True,18.03,True,0.05440288964827296,-0.9976963820600833,0.04052474333217059,1.89,2.0000,0.00,0.0000,82.1284,0.0000,49.4489,1,208,0,0,0.000942
874,37,192000000,37.192000000,-55.69814433999785,-85.64747130385102,-5.793162819180618,-0.2525190151253055,-0.5525173923213925,0.6764538142852675,0.41637593028587405,203,203,145,203,145,0,0.7143,1.0000,24.5836,30.8919,1.1586,0,True,18.03,True,-0.791694522540621,0.4061997227818122,0.45631301558377346,1.83,2.0000,0.00,0.0000,83.9657,0.0000,55.6883,1,203,0,0,0.000729
875,37,225000000,37.225000000,-55.982338309053155,-86.54903607198884,-6.1193755669468075,-0.24368187279978498,-0.5567699741893657,0.6697166278739245,0.4267387714505699,143,143,132,142,132,0,0.9231,1.0000,26.5139,32.6578,1.2873,0,True,18.03,True,-0.6486811431723103,0.431739959265648,0.6267482605208899,1.81,3.0000,0.00,0.0000,85.7592,0.0000,54.3558,1,143,0,0,0.000734
876,37,258000000,37.258000000,-56.20481884208319,-87.43900920254426,-6.517433652296212,-0.23353214083775783,-0.5606539304691727,0.6633423847788311,0.437157626035661,131,131,77,131,77,0,0.5878,1.0000,27.8956,34.5922,1.2092,0,True,16.39,True,-0.6943926015109146,0.46050220705331335,0.5529526492078068,1.87,3.0000,0.00,0.0000,87.5881,0.0000,55.4282,1,131,0,0,0.000770
877,37,291000000,37.291000000,-56.20481884208319,-87.43900920254426,-6.517433652296212,-0.23353214083775783,-0.5606539304691727,0.6633423847788311,0.437157626035661,2000,0,0,0,0,0,0.0000,0.0000,0.0000,0.0000,0.0000,1,True,18.03,True,0.0,0.0,0.0,0.00,2.0000,0.00,0.0000,89.3568,0.0000,53.6012,1,2000,0,0,0.000771
878,37,324000000,37.324000000,-55.83308191231618,-87.54928364862471,-5.595668388474127,-0.22406721440963803,-0.5656231704991495,0.6549128925564331,0.44827827917997703,2000,1866,1711,1712,1711,0,0.9169,0.9330,23.1161,152.5629,5.0991,0,True,18.03,True,-0.11568557393231611,-0.99327840165238,0.0038554889240933754,2.01,4.0000,0.00,0.0000,91.1706,0.0000,54.9620,1,1866,0,0,0.000816
879,37,357000000,37.357000000,-56.03094723385289,-86.84049176127412,-4.918569152793613,-0.2151856403121247,-0.5693654514319412,0.6478317044421321,0.4580744542525427,1706,1695,78,1623,78,0,0.0460,0.9936,21.5298,71.4292,2.6567,0,True,18.03,True,0.8389585383368346,-0.5420334655613417,-0.04845919069984226,1.77,7.0000,0.00,0.0000,92.8509,0.0000,50.9195,1,1695,0,0,0.000781
880,37,390000000,37.390000000,-56.03094723385289,-86.84049176127412,-4.918569152793613,-0.2151856403121247,-0.5693654514319412,0.6478317044421321,0.4580744542525427,2000,0,0,0,0,0,0.0000,0.0000,0.0000,0.0000,0.0000,1,True,19.67,True,0.0,0.0,0.0,0.00,12.0000,0.00,0.0000,94.4027,0.0000,47.0213,1,2000,0,0,0.000745
881,37,423000000,37.423000000,-56.49376725379137,-86.00588765109467,-4.619849202981612,-0.20659592395668844,-0.5728988386221501,0.640777326752587,0.4674499571394592,2000,1986,125,1795,125,0,0.0629,0.9930,28.7472,543.7153,4.5609,0,True,19.67,True,0.9981194082091868,-0.06120958269511785,-0.003321737863298324,1.71,6.0000,0.00,0.0000,96.3627,0.0000,59.3885,1,1986,0,0,0.000976
882,37,456000000,37.456000000,-57.110621045319064,-85.21963151554624,-4.65580319010877,-0.2045551846940551,-0.5711569336539958,0.6319196625086365,0.4823012271275257,124,121,62,110,62,0,0.5124,0.9758,20.2598,84.5290,6.3126,0,True,19.67,True,0.942019305020937,0.3303278358916523,0.059018215857550946,2.01,0.0000,2.41,1.1606,97.5233,1.0000,35.1654,0,121,0,0,0.000594
883,37,489000000,37.489000000,-57.110621045319064,-85.21963151554624,-4.65580319010877,-0.2045551846940551,-0.5711569336539958,0.6319196625086365,0.4823012271275257,2000,0,0,0,0,0,0.0000,0.0000,0.0000,0.0000,0.0000,1,True,21.31,True,0.0,0.0,0.0,0.00,9.0000,0.00,0.0000,99.4909,0.0000,59.6183,1,2000,0,0,0.001046
884,37,522000000,37.522000000,-57.130450163694746,-85.51356162425579,-5.61142440024299,-0.19636050516734208,-0.5741250978687048,0.625225287047532,0.49083221618390915,2000,1937,70,1885,70,0,0.0361,0.9685,21.9132,204.4904,2.8275,0,True,21.31,True,-0.5183398721451611,0.8512404746801214,-0.08193553082088086,1.59,8.0000,0.00,0.0000,101.1120,0.0000,49.1155,1,1937,0,0,0.000895
885,37,555000000,37.555000000,-57.130450163694746,-85.51356162425579,-5.61142440024299,-0.19636050516734208,-0.5741250978687048,0.625225287047532,0.49083221618390915,2000,0,0,0,0,0,0.0000,0.0000,0.0000,0.0000,0.0000,1,True,22.95,True,0.0,0.0,0.0,0.00,5.0000,2.40,1.1451,102.2571,1.0000,34.6935,0,2000,0,0,0.000653
886,37,588000000,37.588000000,-56.86677779532377,-86.27018003666035,-6.2097599751238635,-0.19677844859613686,-0.5706020533954572,0.6161685747882609,0.5059919231295978,2000,1949,101,1911,101,0,0.0518,0.9745,26.8591,259.3611,3.1486,0,True,22.95,True,-0.9415781381504565,0.33577038926848496,0.026246055848636252,2.06,8.0000,3.03,1.4650,103.7221,1.0000,44.3867,0,1949,0,0,0.000862
887,37,621000000,37.621000000,-56.86677779532377,-86.27018003666035,-6.2097599751238635,-0.19677844859613686,-0.5706020533954572,0.6161685747882609,0.5059919231295978,2000,0,0,0,0,0,0.0000,0.0000,0.0000,0.0000,0.0000,1,True,24.59,True,0.0,0.0,0.0,0.00,5.0000,0.00,0.0000,105.6038,0.0000,57.0095,1,2000,0,0,0.001155
888,37,654000000,37.654000000,-56.39865868722996,-87.1178739420253,-5.960201277730733,-0.1969807579901534,-0.5669325187993889,0.6075972258189543,0.5202035287140175,2000,1941,205,1812,205,0,0.1056,0.9705,35.4979,1050.4802,5.6191,0,True,24.59,True,-0.8275190543938213,-0.5503217998025667,0.11116713218042229,1.95,4.0000,2.90,1.3935,106.9973,1.0000,42.2190,0,1941,0,0,0.000895
889,37,687000000,37.687000000,-56.16230959854718,-86.83856939448104,-5.02954125495127,-0.19270178305491215,-0.5658005343170909,0.5969404183766681,0.5351615784809672,193,149,147,149,147,0,0.9866,0.7720,17.6374,29.3759,1.8879,0,True,22.95,True,0.47502346726035516,-0.877105943657253,-0.07097794835771214,2.16,8.0000,2.07,0.9881,107.9854,1.0000,29.9361,0,149,0,0,0.000661
890,37,720000000,37.720000000,-55.80001475318235,-87.76893057425472,-5.085848627400848,-0.19298705066770863,-0.5616233204024487,0.5890848871941812,0.5480093429259455,147,117,31,117,31,0,0.2650,0.7959,18.9002,51.7245,1.7095,0,True,22.95,True,-0.946313451247808,-0.30104475572086137,0.11774084694968667,1.79,7.0000,2.73,1.3057,109.2910,1.0000,39.5569,0,117,0,0,0.000909
891,37,753000000,37.753000000,-55.80001475318235,-87.76893057425472,-5.085848627400848,-0.19298705066770863,-0.5616233204024487,0.5890848871941812,0.5480093429259455,2000,0,0,0,0,0,0.0000,0.0000,0.0000,0.0000,0.0000,1,True,24.59,True,0.0,0.0,0.0,0.00,11.0000,2.44,1.1685,110.4595,1.0000,35.3997,0,2000,0,0,0.000855
892,37,786000000,37.786000000,-55.69577741958054,-88.52600114045275,-5.73081276289999,-0.19311301520889465,-0.5580774727637468,0.5817928957407568,0.5592619459753575,2000,1933,367,1771,367,0,0.1899,0.9665,32.2972,1004.1433,6.0056,0,True,24.59,True,-0.9371388459675727,0.3432419259024391,0.06289486212204157,1.59,10.0000,2.40,1.1430,111.6025,1.0000,34.6261,0,1933,0,0,0.000883
893,37,819000000,37.819000000,-55.648131787649376,-88.8523914459092,-6.67484626985929,-0.19370410884222516,-0.5542224843319191,0.5749034435606755,0.5699141923664229,338,300,103,295,103,0,0.3433,0.8876,26.4056,53.4636,1.6838,0,True,22.95,True,-0.6741968070597321,0.7151137728284349,-0.18458319875206458,1.52,8.0000,2.40,1.1399,112.7424,1.0000,34.5314,0,300,0,0,0.000936
894,37,852000000,37.852000000,-55.648131787649376,-88.8523914459092,-6.67484626985929,-0.19370410884222516,-0.5542224843319191,0.5749034435606755,0.5699141923664229,2000,0,0,0,0,0,0.0000,0.0000,0.0000,0.0000,0.0000,1,True,24.59,True,0.0,0.0,0.0,0.00,10.0000,2.03,0.9737,113.7161,1.0000,29.4975,0,2000,0,0,0.000854
895,37,885000000,37.885000000,-56.44215953604064,-88.83209179463545,-7.282388744870561,-0.19367865284417077,-0.551503270119149,0.5692852221408108,0.5781410367137413,2000,1985,1468,1929,1468,0,0.7395,0.9925,18.2596,353.6892,3.3540,0,True,24.59,True,-0.012183862063082427,0.8764858463442681,0.48127343024875163,1.18,11.0000,1.88,0.8830,114.5991,1.0000,26.7479,0,1985,0,0,0.000831
896,37,918000000,37.918000000,-56.40030228055233,-89.59914241188086,-7.922608488979076,-0.19283754016158883,-0.5496581250758742,0.5641285011127286,0.5851911336262781,1433,1377,144,1365,144,0,0.1046,0.9609,13.6565,106.5094,1.3859,0,True,22.95,True,-0.9465988271154364,0.3144506942533833,0.07121391287694778,1.03,0.0000,1.39,0.6520,115.2511,1.0000,19.7500,0,1377,0,0,0.000655
897,37,951000000,37.951000000,-56.45351372799896,-90.26574480874521,-8.666120281996045,-0.19393416814871567,-0.5459875984098741,0.5589454016191185,0.5931838828018896,131,123,15,121,15,0,0.1220,0.9389,21.9613,33.9545,1.7525,0,True,22.95,True,-0.8851672133540072,0.46000624451723093,0.06980873446965762,1.18,10.0000,2.02,0.9580,116.2091,1.0000,29.0175,0,123,0,0,0.001064
898,37,984000000,37.984000000,-56.45351372799896,-90.26574480874521,-8.666120281996045,-0.19393416814871567,-0.5459875984098741,0.5589454016191185,0.5931838828018896,2000,0,0,0,0,0,0.0000,0.0000,0.0000,0.0000,0.0000,1,True,24.59,True,0.0,0.0,0.0,0.00,2.0000,1.18,0.5624,116.7715,1.0000,17.0339,0,2000,0,0,0.000699
899,38,17000000,38.017000000,-56.558472982608265,-91.20508166352597,-8.992662512224262,-0.19376317190746273,-0.5440078949541998,0.5552427440766239,0.5985121039629192,2000,1946,253,1887,253,0,0.1300,0.9730,12.1833,329.3055,3.2780,0,True,22.95,True,-0.9393337610791055,0.0400652389488224,0.3406565160465241,0.78,2.0000,1.20,0.5667,117.3381,1.0000,17.1596,0,1946,0,0,0.000793
900,38,50000000,38.050000000,-56.719916462324946,-91.80485118920488,-9.776379628870206,-0.19337829759234135,-0.541769628828893,0.5523388007593099,0.6033343620867775,238,237,121,236,121,0,0.5105,0.9958,9.6245,18.0369,1.2928,0,True,22.95,True,-0.8331305130625724,0.5435723328130612,0.10209146489428789,0.70,9.0000,1.12,0.5209,117.8588,1.0000,15.7690,0,237,0,0,0.000856
901,38,83000000,38.083000000,-56.7275903727339,-91.66249344033527,-8.786594105417896,-0.1933466226582016,-0.5406775845524506,0.5499959948984426,0.6064562957582903,115,111,32,111,32,0,0.2883,0.9652,8.3992,13.7759,1.1314,0,True,22.95,True,0.5618420728476813,-0.774970732872118,0.2894025714638229,0.46,8.0000,0.78,0.3763,118.2350,1.0000,11.3878,0,111,0,0,0.000758
902,38,116000000,38.116000000,-56.7275903727339,-91.66249344033527,-8.786594105417896,-0.1933466226582016,-0.5406775845524506,0.5499959948984426,0.6064562957582903,2000,0,0,0,0,0,0.0000,0.0000,0.0000,0.0000,0.0000,1,True,24.59,True,0.0,0.0,0.0,0.00,7.0000,0.60,0.2747,118.5094,1.0000,8.3067,0,2000,0,0,0.000716
903,38,149000000,38.149000000,-56.78981826587525,-92.52294189555396,-9.292317493474002,-0.19321181884858094,-0.5399849774587313,0.5489173730136879,0.608091386865386,2000,1999,38,1960,38,0,0.0190,0.9995,5.2556,311.2192,3.1082,0,True,24.59,True,-0.9661937823132779,0.17232200969994724,0.19176730689075627,0.24,6.0000,0.38,0.1869,118.6957,1.0000,5.6364,0,1999,0,0,0.000708
904,38,182000000,38.182000000,-56.78981826587525,-92.52294189555396,-9.292317493474002,-0.19321181884858094,-0.5399849774587313,0.5489173730136879,0.608091386865386,2000,0,0,0,0,0,0.0000,0.0000,0.0000,0.0000,0.0000,1,True,24.59,True,0.0,0.0,0.0,0.00,1.0000,0.19,0.0896,118.7840,1.0000,2.6676,0,2000,0,0,0.000610
905,38,215000000,38.215000000,-56.97171937501471,-93.37455645810483,-9.783911455341997,-0.19310482339578197,-0.5398992802110871,0.5492214534981203,0.6079268783548281,2000,1970,28,1917,28,0,0.0142,0.9850,5.2237,613.8668,3.2701,0,True,24.59,True,-0.9309949981469428,0.21558612391398768,0.2945690693218094,0.04,4.0000,0.00,0.0223,118.7878,1.0000,0.1057,0,1970,0,0,0.000723
906,38,248000000,38.248000000,-56.97171937501471,-93.37455645810483,-9.783911455341997,-0.19310482339578197,-0.5398992802110871,0.5492214534981203,0.6079268783548281,2000,0,0,0,0,0,0.0000,0.0000,0.0000,0.0000,0.0000,1,True,26.23,True,0.0,0.0,0.0,0.00,9.0000,0.13,0.0618,118.7283,1.0000,1.8110,0,2000,0,0,0.000470
907,38,281000000,38.281000000,-56.44010341862597,-93.42650429901492,-8.938520482633148,-0.193297579768793,-0.5400764303457438,0.5506655226977424,0.6064000141429321,2000,1960,17,1889,17,0,0.0087,0.9800,6.7226,289.4683,2.9827,0,True,24.59,True,0.23108164992756317,-0.9607282038583871,-0.15363134243308735,0.24,0.0000,0.25,0.1048,118.6250,1.0000,3.1382,0,1960,0,0,0.000455
908,38,314000000,38.314000000,-56.44010341862597,-93.42650429901492,-8.938520482633148,-0.193297579768793,-0.5400764303457438,0.5506655226977424,0.6064000141429321,2000,0,0,0,0,0,0.0000,0.0000,0.0000,0.0000,0.0000,1,True,26.23,True,0.0,0.0,0.0,0.00,10.0000,0.67,0.3248,118.3022,1.0000,9.7941,0,2000,0,0,0.000805
909,38,347000000,38.347000000,-55.95911630528403,-93.71580827106895,-8.110900637201258,-0.193054946887511,-0.5416139876343069,0.5530198574140028,0.6029536575781933,2000,1944,1792,1875,1792,0,0.9218,0.9720,12.7699,488.8600,4.0785,0,True,24.59,True,0.02098662327881121,-0.9993229990103798,-0.03021763214174492,0.51,7.0000,0.77,0.3757,117.9278,1.0000,11.3557,0,1944,0,0,0.000623
910,38,380000000,38.380000000,-56.7210216821152,-93.57734375816794,-8.743615245395812,-0.1927420503505397,-0.5429835333670504,0.5577951305463423,0.5973976706162256,1788,1787,1775,1783,1775,0,0.9933,0.9994,8.8363,28.3286,1.4396,0,True,24.59,True,-0.005724336835113781,0.918551385778956,0.39526014680379523,0.85,1.0000,1.02,0.4907,117.4384,1.0000,14.8433,0,1787,0,0,0.000613
911,38,413000000,38.413000000,-55.98499554540527,-94.25428220104402,-8.748072894590551,-0.19291413915443123,-0.5447574811829629,0.5617809081613209,0.5919675944128532,1775,1732,957,1716,957,0,0.5525,0.9758,11.3425,286.9195,1.4696,0,True,24.59,True,-0.7507590258034,-0.5381434344832273,-0.38309597896261743,0.80,1.0000,1.18,0.5641,116.8755,1.0000,17.0694,0,1732,0,0,0.000327
912,38,446000000,38.446000000,-56.21459680181558,-95.21989662570412,-8.62612189646782,-0.19291559306055067,-0.5463633588596415,0.5664349253406334,0.5860222942892681,955,931,112,919,112,0,0.1203,0.9749,10.3726,295.5966,1.4737,0,True,24.59,True,-0.7413819759218245,-0.28229390259175846,0.6088209246878477,0.88,5.0000,1.20,0.5691,116.3075,1.0000,17.2257,0,931,0,0,0.000700
913,38,479000000,38.479000000,-57.05932119877451,-95.54867554470162,-8.203812631112239,-0.19256828143965712,-0.5481240626972408,0.5715726464274369,0.5794671506924136,112,112,111,111,111,0,0.9911,1.0000,10.3530,17.7728,1.5704,0,True,24.59,True,0.09221102637007426,-0.06747873288666048,0.9934504251465134,0.98,8.0000,1.27,0.5982,115.7102,1.0000,18.1095,0,112,0,0,0.000420
914,38,512000000,38.512000000,-57.5589446165177,-96.19995569424336,-7.632664132685194,-0.19248130817335074,-0.5497167038779089,0.5771060255390612,0.5724605897072665,111,109,109,109,109,0,1.0000,0.9820,10.7791,18.4320,1.2120,0,True,24.59,True,-0.2047779417843117,-0.43729010043658845,0.8756959304568791,1.04,4.0000,1.25,0.5772,115.1338,1.0000,17.4762,0,109,0,0,0.000355
915,38,545000000,38.545000000,-57.214187506276865,-96.10370262585825,-6.698920119711193,-0.19013543764818516,-0.5547947800750387,0.5837050525837018,0.5615511365317326,109,101,94,100,94,0,0.9307,0.9266,17.1288,132.7576,1.4270,0,True,22.95,True,0.37095509006854127,-0.9280566383026115,-0.03321441335769762,1.60,6.0000,2.65,1.2647,113.8706,1.0000,38.2983,0,101,0,0,0.000649
916,38,578000000,38.578000000,-57.214187506276865,-96.10370262585825,-6.698920119711193,-0.19013543764818516,-0.5547947800750387,0.5837050525837018,0.5615511365317326,2000,0,0,0,0,0,0.0000,0.0000,0.0000,0.0000,0.0000,1,True,24.59,True,0.0,0.0,0.0,0.00,9.0000,1.95,0.9294,112.9421,1.0000,28.1489,0,2000,0,0,0.000394
917,38,611000000,38.611000000,-56.965414250024786,-96.50988224084935,-5.819642013911113,-0.18960915379698834,-0.5581853009980366,0.5905466233702491,0.5511190653317287,2000,1928,1446,1716,1446,0,0.7500,0.9640,34.7174,978.6633,4.0867,0,True,24.59,True,-0.07315735205241788,-0.9678801870560394,0.24053262844164164,1.48,9.0000,2.20,1.0520,111.8910,1.0000,31.8642,0,1928,0,0,0.000380
918,38,644000000,38.644000000,-57.622896358079196,-95.7579010824123,-5.866987710061885,-0.18993128621547384,-0.560666443414553,0.5979253314374039,0.540429961947783,1445,1414,63,1401,63,0,0.0446,0.9785,19.3986,401.0066,1.5948,0,True,24.59,True,0.840940049664044,0.503318287179379,0.19872225507439226,1.52,9.0000,2.03,0.9733,110.9185,1.0000,29.4827,0,1414,0,0,0.000302
919,38,677000000,38.677000000,-57.622896358079196,-95.7579010824123,-5.866987710061885,-0.18993128621547384,-0.560666443414553,0.5979253314374039,0.540429961947783,2000,0,0,0,0,0,0.0000,0.0000,0.0000,0.0000,0.0000,1,True,24.59,True,0.0,0.0,0.0,0.00,1.0000,1.01,0.4629,110.4558,1.0000,14.0235,0,2000,0,0,0.000130
920,38,710000000,38.710000000,-57.15482098537849,-96.64157209184759,-5.86142061434581,-0.19103721801012355,-0.5633815304892172,0.6054091674139526,0.5287587091005918,2000,1911,1378,1775,1378,0,0.7211,0.9555,34.9539,910.0909,4.9263,0,True,24.59,True,-0.9180731834309599,-0.39575660952412717,0.022766991081620776,1.62,3.0000,2.28,1.0924,109.3641,1.0000,33.0922,0,1911,0,0,0.000270
921,38,743000000,38.743000000,-57.4789439685346,-97.33260875950802,-5.215345838689987,-0.19742663063532237,-0.5619311619122376,0.6109438245045682,0.5215397761318672,1378,1368,1329,1368,1329,0,0.9715,0.9927,16.1270,30.9709,1.0971,0,True,24.59,True,-0.2364686211842407,-0.5675399091208256,0.7886577475371361,1.28,7.0000,0.00,0.0000,107.0188,0.0000,71.0879,1,1368,0,0,0.000448
922,38,776000000,38.776000000,-58.25136219205582,-97.46576740570677,-4.594347559372886,-0.19551683175514023,-0.5669623799561555,0.6197967411146468,0.5061411146296534,1329,1325,1277,1279,1277,0,0.9638,0.9970,28.0858,839.6765,1.9223,0,True,24.59,True,0.39178692694050177,-0.25679666928944594,0.8834922039952389,2.13,7.0000,2.90,1.3872,105.6323,1.0000,42.0253,0,1325,0,0,0.000200
923,38,809000000,38.809000000,-58.16766891222498,-98.45614312121717,-4.484114274751554,-0.19361654478424664,-0.5686349566983206,0.6321011098715206,0.48950496065484417,1277,1277,256,1271,256,0,0.2005,1.0000,27.8437,156.9132,1.4857,0,True,22.95,True,-0.8388028010521803,-0.28700062739220217,0.4626451132601518,2.39,6.0000,3.10,1.4820,104.1925,1.0000,43.8210,0,1277,0,0,0.000999
924,38,842000000,38.842000000,-58.57883381934742,-97.67167903947593,-4.948398157315719,-0.18512964520716638,-0.5607446684242334,0.6592972408653803,0.4654240856321917,256,256,72,87,72,0,0.2812,1.0000,36.0362,104.4118,6.0132,0,True,22.95,True,0.6966587284374053,0.684453102634778,-0.21491990690860507,4.37,5.0000,4.71,2.1667,102.8112,1.0000,43.1111,0,256,0,0,0.003885
925,38,875000000,38.875000000,-58.57883381934742,-97.67167903947593,-4.948398157315719,-0.18512964520716638,-0.5607446684242334,0.6592972408653803,0.4654240856321917,2000,0,0,0,0,0,0.0000,0.0000,0.0000,0.0000,0.0000,1,True,24.59,True,0.0,0.0,0.0,0.00,5.0000,7.19,3.4896,101.5658,1.0000,41.9152,0,2000,0,0,0.007269
926,38,908000000,38.908000000,-59.43413595322119,-97.31326742615222,-5.322563061102343,-0.17306360234212387,-0.5280123979992184,0.7138662828102679,0.4262004544461829,2000,1814,161,166,161,0,0.0888,0.9070,95.5197,934.6494,16.8049,0,True,24.59,True,0.6165327964896703,0.7107199927986306,0.3387689517782605,8.68,4.0000,9.52,4.7907,100.5088,1.0000,42.3371,0,1814,0,0,0.009981
927,38,941000000,38.941000000,-59.09759394207587,-96.5782906269144,-4.7338792925845175,-0.15193020895024487,-0.49399535810517853,0.7254899317510346,0.4544778946293762,161,156,27,48,27,0,0.1731,0.9689,81.1938,428.5153,14.4795,0,True,24.59,True,0.5069353973743687,-0.7320530868938885,-0.45509864958931684,5.77,1.0000,8.87,4.4444,99.8866,1.0000,33.3224,0,156,0,0,0.005042
928,38,974000000,38.974000000,-59.09759394207587,-96.5782906269144,-4.7338792925845175,-0.15193020895024487,-0.49399535810517853,0.7254899317510346,0.4544778946293762,2000,0,0,0,0,0,0.0000,0.0000,0.0000,0.0000,0.0000,1,True,26.23,True,0.0,0.0,0.0,0.00,5.0000,9.19,4.6024,99.5328,1.0000,30.9682,0,2000,0,0,0.016775
929,39,7000000,39.007000000,-58.23542005432324,-97.0784182191819,-4.814678913438957,-0.14530457912177205,-0.4569777746493823,0.7729282881862893,0.41549940322960216,2000,1731,104,216,104,0,0.0601,0.8655,78.2508,956.6652,15.5264,0,True,26.23,True,-0.8895506284599347,-0.3206286711739641,-0.3254180920412285,8.25,1.0000,10.40,5.2569,99.4406,1.0000,32.7555,0,1731,0,0,0.013203
930,39,40000000,39.040000000,-58.23542005432324,-97.0784182191819,-4.814678913438957,-0.14530457912177205,-0.4569777746493823,0.7729282881862893,0.41549940322960216,2000,0,0,0,0,0,0.0000,0.0000,0.0000,0.0000,0.0000,1,True,27.87,True,0.0,0.0,0.0,0.00,0.0000,8.24,4.0205,99.5918,1.0000,23.5231,0,2000,0,0,0.011071
931,39,73000000,39.073000000,-58.79170207219929,-96.29023032215513,-4.551410693616936,-0.14141083019052092,-0.42900933180788653,0.8015806755303815,0.39169170394946556,2000,1745,499,650,499,0,0.2860,0.8725,55.3193,686.3259,11.4748,0,True,27.87,True,0.9924873779856518,-0.12119186354074932,0.016773096037592347,5.36,1.0000,7.09,3.3981,99.8674,1.0000,18.9507,0,1745,0,0,0.010886
932,39,106000000,39.106000000,-59.78687659486542,-96.19292587085401,-4.53878084036345,-0.1374192163193505,-0.40699496253107165,0.8211025385642459,0.3758479488089006,497,493,301,390,301,0,0.6105,0.9920,37.7083,171.3036,3.5075,0,True,27.87,True,0.7242988382883314,0.4624521424349291,0.5113992655562944,3.86,12.0000,4.50,2.0829,100.1039,1.0000,11.1988,0,493,0,0,0.008180
933,39,139000000,39.139000000,-60.15081097337721,-95.33322816749869,-4.897210229480468,-0.13960899351341916,-0.38692785981888367,0.8397460226982271,0.35443303681888494,301,301,132,191,132,0,0.4385,1.0000,37.8474,86.9820,4.3989,0,True,27.87,True,0.8453857027631758,0.12850251100718413,-0.5184690137592215,3.99,3.0000,6.45,3.0548,100.5431,1.0000,15.8267,0,301,0,0,0.015930
934,39,172000000,39.172000000,-60.645413337951894,-94.6146701441677,-5.386130333448154,-0.14143148210432277,-0.3720246320203532,0.8511509949369859,0.34225252790545546,132,132,87,132,87,0,0.6591,1.0000,28.5423,41.2667,1.4111,0,True,27.87,True,0.8369578258737732,0.28422339044999934,-0.4676736704474114,2.57,3.0000,4.12,1.8903,100.8736,1.0000,9.3571,0,132,0,0,0.014883
935,39,205000000,39.205000000,-60.645413337951894,-94.6146701441677,-5.386130333448154,-0.14143148210432277,-0.3720246320203532,0.8511509949369859,0.34225252790545546,2000,0,0,0,0,0,0.0000,0.0000,0.0000,0.0000,0.0000,1,True,29.51,True,0.0,0.0,0.0,0.00,5.0000,2.76,1.2468,101.1182,1.0000,5.9074,0,2000,0,0,0.014062
936,39,238000000,39.238000000,-61.42943868455744,-95.22931808690386,-5.299457602037256,-0.14120617098584598,-0.36209901744431316,0.8595817045969031,0.33175956951331714,2000,1849,1727,1751,1727,0,0.9340,0.9245,22.9750,531.5960,4.9202,0,True,29.51,True,0.1474025481965811,0.6115162999748751,0.7773804111567215,1.92,2.0000,2.97,1.3448,101.4081,1.0000,6.0239,0,1849,0,0,0.022069
937,39,271000000,39.271000000,-62.16245536171813,-95.8909816560446,-5.141698696500399,-0.139225373631019,-0.35459294689300175,0.8659706145120716,0.3239985064049294,1699,1666,1643,1643,1643,0,0.9862,0.9806,12.0700,94.9338,1.5723,0,True,29.51,True,0.09699154162462982,0.572632472570554,0.8140544774221263,1.46,3.0000,2.00,0.8954,101.6203,1.0000,3.6697,0,1666,0,0,0.022903
938,39,304000000,39.304000000,-62.87571744549224,-96.40535601468889,-5.617803956941244,-0.1413687729645619,-0.3518766002626859,0.8683094168934667,0.31974440534932846,1615,1563,1432,1541,1432,0,0.9162,0.9678,8.0137,43.4157,1.2028,0,True,27.87,True,0.2018405960864364,0.9421954072723042,0.2674475430555477,0.68,9.0000,1.40,0.6234,101.7810,1.0000,2.2645,0,1563,0,0,0.023988
939,39,337000000,39.337000000,-63.63423422233025,-97.05700872150355,-5.618828142650543,-0.1413909656633526,-0.34742519927662285,0.8715669442735187,0.31571409120611754,1411,1377,1373,1375,1373,0,0.9971,0.9759,7.3058,16.6467,1.1250,0,True,27.87,True,0.14644545936056305,0.7034751318131613,0.6954685229060542,0.78,10.0000,1.14,0.5075,101.9244,1.0000,1.5206,0,1377,0,0,0.029629
940,39,370000000,39.370000000,-64.4116213521601,-97.68588903270502,-5.605456360495484,-0.1415840806182036,-0.3445531336451927,0.8734385673040064,0.3135955282791846,1351,1330,1323,1327,1323,0,0.9947,0.9845,8.3900,19.8362,1.0973,0,True,27.87,True,0.18309242828034478,0.6938497012153425,0.6964551348290764,0.46,12.0000,0.80,0.3481,102.0350,1.0000,0.7008,0,1330,0,0,0.032156
941,39,403000000,39.403000000,-65.15787924570004,-98.34442831679017,-5.508373057884241,-0.14154195159077895,-0.34312904776567693,0.8743639542349646,0.3125955982637793,1311,1292,1283,1284,1283,0,0.9930,0.9855,10.5220,33.2995,1.1644,0,True,26.23,True,0.14152213153152154,0.6416007342727452,0.7538700047537699,0.23,8.0000,0.51,0.2376,102.1229,1.0000,0.1250,0,1292,0,0,0.035161
942,39,436000000,39.436000000,-65.85580183139169,-99.03540459845524,-5.320075839217164,-0.14038907350906724,-0.34250166154845624,0.8750706635737472,0.311825036885132,1269,1243,1216,1216,1216,0,0.9783,0.9795,13.7013,107.6746,1.4080,0,True,26.23,True,0.08251238015975476,0.5773048030117762,0.812348983836323,0.19,9.0000,0.35,0.1575,102.1939,1.0000,0.2916,0,1243,0,0,0.038511
943,39,469000000,39.469000000,-66.5993811550484,-99.69799978864212,-5.409838879336048,-0.1415245536191763,-0.34123902161955944,0.875824844220316,0.31057619531039066,1204,1187,1173,1173,1173,0,0.9882,0.9859,15.9619,111.8674,1.2855,0,True,26.23,True,0.147223398767499,0.7742429129113352,0.6155267521902817,0.26,10.0000,0.25,0.1116,102.2609,1.0000,0.7010,0,1187,0,0,0.048943
944,39,502000000,39.502000000,-67.35584173299029,-100.35120688406153,-5.442821973695682,-0.14254244854513815,-0.3409369988654683,0.8757131432996814,0.31075730694475384,1164,1142,1140,1140,1140,0,0.9982,0.9811,17.8169,33.5914,1.2610,0,True,24.59,True,0.16296093445183465,0.7361495306339051,0.6569076056722636,0.12,10.0000,0.12,0.0640,102.3123,1.0000,0.8346,0,1142,0,0,0.047866
945,39,535000000,39.535000000,-68.09481974960433,-101.02295855665386,-5.391235334625762,-0.14248864700837632,-0.3410272714249464,0.8755774417995561,0.31106515238760374,1121,1097,1088,1088,1088,0,0.9918,0.9786,20.1645,220.3538,1.2226,0,True,24.59,True,0.13336950003726863,0.6808460932841718,0.720181347800323,0.04,2.0000,0.04,0.0402,102.3458,1.0000,0.6659,0,1097,0,0,0.036642
946,39,568000000,39.568000000,-68.84195054974872,-101.68636638515848,-5.432291644181621,-0.1436101401117003,-0.34094992215471637,0.8754667775715721,0.310945653785735,1079,1052,1046,1046,1046,0,0.9943,0.9750,22.0293,40.7339,1.2591,0,True,22.95,True,0.14789247476848927,0.7432425643649971,0.6524709238142301,0.13,13.0000,0.08,0.0828,102.3994,1.0000,1.1598,0,1052,0,0,0.047692
947,39,601000000,39.601000000,-69.5891597917854,-102.35095172751102,-5.434452973654162,-0.14453938530605337,-0.3414277281284938,0.8749898223783479,0.3113330745273795,1037,1004,988,988,988,0,0.9841,0.9682,23.7882,68.0958,1.4043,0,True,22.95,True,0.14507098193242318,0.716684909641492,0.6821415912355215,0.14,6.0000,0.08,0.0856,102.4429,1.0000,0.9077,0,1004,0,0,0.076750
948,39,634000000,39.634000000,-70.32375528557048,-103.0294513438608,-5.437233463505518,-0.14555531940663372,-0.3417140703879436,0.8746585768635697,0.31147635064372264,975,934,913,913,913,0,0.9775,0.9579,25.3131,70.9959,1.5166,0,True,21.31,True,0.12497553475766941,0.7184131557112993,0.6842979273773717,0.13,9.0000,0.06,0.0703,102.4719,1.0000,0.5305,0,934,0,0,0.039153
949,39,667000000,39.667000000,-71.03518947397082,-103.72004662152902,-5.307081406136169,-0.14634699129193635,-0.34420814647380177,0.8731027236100258,0.3127218317700614,900,843,813,817,813,0,0.9644,0.9367,27.0642,67.5628,1.6698,0,True,21.31,True,0.09282834369396338,0.6225828600317124,0.7770286230260561,0.38,1.0000,0.18,0.1835,102.5359,1.0000,0.8993,0,843,0,0,0.084676
950,39,700000000,39.700000000,-71.7894726333252,-104.3755783075315,-5.3436207569935315,-0.14846969384099845,-0.3449361585016477,0.872293330289991,0.31317749360463776,802,749,727,729,727,0,0.9706,0.9339,27.8420,74.1861,1.6970,0,True,21.31,True,0.15190100523943947,0.733193400470341,0.662837477903887,0.28,5.0000,0.16,0.1657,102.5818,1.0000,0.4029,0,749,0,0,0.060033
951,39,733000000,39.733000000,-72.55417240565204,-105.00893023064557,-5.4623624922466965,-0.15209295258489897,-0.3466600025842602,0.8709528349874898,0.31326623758321415,714,653,641,641,641,0,0.9816,0.9146,30.6882,49.6600,1.6894,0,True,21.31,True,0.17517228644051006,0.7803784178538236,0.6002701017135261,0.48,3.0000,0.39,0.3288,102.6283,1.0000,0.2350,0,653,0,0,0.087395
952,39,766000000,39.766000000,-73.31030503261186,-105.65990694011681,-5.529390651797599,-0.15617539747962603,-0.3507439500885248,0.8677087534447783,0.31570468145671865,632,581,546,547,546,0,0.9398,0.9193,33.1825,54.1965,2.1872,0,True,19.67,True,0.15207299649662354,0.7464839155898224,0.6477928430464671,0.81,2.0000,0.70,0.4481,102.6161,1.0000,0.1751,0,581,0,0,0.077030
953,39,799000000,39.799000000,-74.0657632437843,-106.31283813126812,-5.583830993400385,-0.16060046110381782,-0.355259926304592,0.8645214321159923,0.31717592920556037,533,482,453,454,453,0,0.9398,0.9043,33.9832,60.3830,2.1525,0,True,19.67,True,0.141452488794393,0.7317689089971467,0.6667124246922338,0.83,0.0000,0.49,0.2970,102.5854,1.0000,0.2272,0,482,0,0,0.038315
954,39,832000000,39.832000000,-74.91437517041784,-106.8004631651486,-5.788964180155537,-0.1669081584814529,-0.3657215858801647,0.855389379522288,0.32664720671406733,450,412,168,241,168,0,0.4078,0.9156,37.6034,132.0049,5.4247,0,True,19.67,True,0.3217666056631123,0.7818847931170463,0.5339685587863325,2.06,11.0000,2.00,1.0905,102.4077,1.0000,1.1314,0,412,0,0,0.104160
955,39,865000000,39.865000000,-75.69061749027706,-107.41651329464479,-5.922867499036215,-0.1724443353985471,-0.38002782115995914,0.844480809443812,0.33569922373233396,163,152,105,105,105,0,0.6908,0.9325,49.7938,95.9806,4.4730,0,True,18.03,True,0.15411593521640785,0.7571846995643677,0.6347594893012551,2.39,1.0000,2.96,1.5398,102.0986,1.0000,1.9622,0,152,0,0,0.065924
956,39,898000000,39.898000000,-75.69061749027706,-107.41651329464479,-5.922867499036215,-0.1724443353985471,-0.38002782115995914,0.844480809443812,0.33569922373233396,2000,0,0,0,0,0,0.0000,0.0000,0.0000,0.0000,0.0000,1,True,19.67,True,0.0,0.0,0.0,0.00,1.0000,1.63,0.8142,101.9248,1.0000,1.1420,0,2000,0,0,0.091182
957,39,931000000,39.931000000,-76.46438799887682,-108.02124446744122,-6.111492546867844,-0.17710103394467017,-0.4012394412880923,0.827987035612324,0.3493989172685921,2000,1793,515,645,515,0,0.2872,0.8965,51.9331,620.5853,12.1328,0,True,19.67,True,0.13802953196922968,0.7739671588856106,0.6179989363023947,3.50,4.0000,4.89,2.5083,101.3763,1.0000,3.8194,0,1793,0,0,0.132849
958,39,964000000,39.964000000,-77.24687744082375,-108.53348071938757,-6.465504263387898,-0.1869213021989026,-0.4178505664776103,0.8154266348193454,0.35431727886994807,513,446,313,318,313,0,0.7018,0.8694,40.6940,436.6773,4.8401,0,True,19.67,True,0.1777387017863523,0.8428057049023623,0.5080231271028259,2.70,6.0000,2.57,1.2662,101.1005,1.0000,2.0461,0,446,0,0,0.059516
959,39,997000000,39.997000000,-78.05601286457434,-109.00956065605736,-6.809957104764461,-0.1948024242493183,-0.442174143030545,0.7936560956992216,0.3696539523679679,311,295,71,136,71,0,0.2407,0.9486,42.3480,331.5230,7.7572,0,True,18.03,True,0.2029782036108372,0.8118081657828943,0.547510137647816,4.23,4.0000,4.79,2.4065,100.5872,1.0000,4.0237,0,295,0,0,0.104997
960,40,30000000,40.030000000,-78.05601286457434,-109.00956065605736,-6.809957104764461,-0.1948024242493183,-0.442174143030545,0.7936560956992216,0.3696539523679679,2000,0,0,0,0,0,0.0000,0.0000,0.0000,0.0000,0.0000,1,True,19.67,True,0.0,0.0,0.0,0.00,9.0000,6.84,3.4970,99.8811,1.0000,6.0093,0,2000,0,0,0.140737
961,40,63000000,40.063000000,-78.75212995023547,-109.51114065512884,-7.3236092317746255,-0.20460645135743566,-0.46545795783410393,0.7759370047742117,0.3733722729044672,2000,1882,335,423,335,0,0.1780,0.9410,59.8631,641.4225,13.3100,0,True,19.67,True,0.06324332134610698,0.8913889249382843,0.4488051546077462,3.56,3.0000,4.28,2.1008,99.4859,1.0000,3.6373,0,1882,0,0,0.079991
962,40,96000000,40.096000000,-79.33732147588647,-109.63943184428429,-8.124291596443214,-0.21868624146230772,-0.49306616488917565,0.7532429367711331,0.37641355321105063,335,273,120,130,120,0,0.4396,0.8149,64.7141,437.7441,9.2781,0,True,19.67,True,0.25019996386356214,0.9652401879983927,0.07557352417017317,4.42,5.0000,7.32,3.7151,98.8467,1.0000,6.3418,0,273,0,0,0.136076
963,40,129000000,40.129000000,-78.51877210732489,-109.82081066972142,-7.57924237581222,-0.22590564638404223,-0.5218517406538423,0.720241432379234,0.39735334249591014,120,93,30,47,30,0,0.3226,0.7750,46.9404,290.0343,5.4422,0,True,18.03,True,-0.6275158585022332,-0.7404498216717786,-0.2407444888557919,5.62,4.0000,5.23,2.5660,98.4551,1.0000,4.2719,0,93,0,0,0.091181
964,40,162000000,40.162000000,-78.51877210732489,-109.82081066972142,-7.57924237581222,-0.22590564638404223,-0.5218517406538423,0.720241432379234,0.39735334249591014,2000,0,0,0,0,0,0.0000,0.0000,0.0000,0.0000,0.0000,1,True,19.67,True,0.0,0.0,0.0,0.00,9.0000,6.19,3.0607,98.0458,1.0000,4.9097,0,2000,0,0,0.106989
965,40,195000000,40.195000000,-79.08746989090969,-110.04360335417462,-8.371041751096023,-0.23693580452422755,-0.5453382079608701,0.69723400435399,0.40041529272117476,2000,1787,329,411,329,0,0.1841,0.8935,59.4591,667.1794,13.0722,0,True,18.03,True,0.08030536903855369,0.9598793032856814,0.26866851476750436,3.99,3.0000,4.56,2.1999,97.7929,1.0000,3.3962,0,1787,0,0,0.076176
966,40,228000000,40.228000000,-79.16330180419811,-110.82354324712065,-8.992285088539822,-0.2324021216464484,-0.5793412576583695,0.655754246649705,0.4246637835157668,329,275,72,109,72,0,0.2618,0.8359,75.0595,346.0249,12.0151,0,True,18.03,True,-0.6600965145315056,0.6789943159292507,0.3213087462848261,6.77,3.0000,10.05,5.1788,97.3396,1.0000,7.3746,0,275,0,0,0.123297
967,40,261000000,40.261000000,-79.16330180419811,-110.82354324712065,-8.992285088539822,-0.2324021216464484,-0.5793412576583695,0.655754246649705,0.4246637835157668,2000,0,0,0,0,0,0.0000,0.0000,0.0000,0.0000,0.0000,1,True,18.03,True,0.0,0.0,0.0,0.00,1.0000,7.61,3.7729,97.1433,1.0000,4.8204,0,2000,0,0,0.125458
968,40,294000000,40.294000000,-79.60904388820464,-110.71927815613995,-9.881353581597724,-0.23283418111936421,-0.6057470495288476,0.6205814548710918,0.44015612452816083,2000,1712,274,309,274,0,0.1600,0.8560,63.1801,846.2188,13.4141,0,True,18.03,True,0.15648882260628252,0.9825712302962772,0.10032460213406998,5.34,1.0000,7.51,3.6964,97.0659,1.0000,4.1850,0,1712,0,0,0.193864
969,40,327000000,40.327000000,-79.9420129146639,-110.35330171147457,-10.750371918210256,0.23548839639786232,0.6281166196908553,-0.5887921521934228,-0.45093073608430556,274,220,86,117,86,0,0.3909,0.8029,51.9898,231.4940,6.0156,0,True,16.39,True,0.25875115815640076,0.9638597445744015,-0.06342106071086012,4.63,11.0000,5.30,2.5227,97.0812,1.0000,2.5125,0,220,0,0,0.092017
970,40,360000000,40.360000000,-79.9420129146639,-110.35330171147457,-10.750371918210256,0.23548839639786232,0.6281166196908553,-0.5887921521934228,-0.45093073608430556,2000,0,0,0,0,0,0.0000,0.0000,0.0000,0.0000,0.0000,1,True,18.03,True,0.0,0.0,0.0,0.00,10.0000,6.57,3.1711,97.1807,1.0000,2.7521,0,2000,0,0,0.118891
971,40,393000000,40.393000000,-80.12466189209273,-109.78018945735096,-11.549234669386907,0.23411677778053322,0.6503440527897777,-0.554853175404998,-0.4630117721026302,2000,1714,275,300,275,0,0.1604,0.8570,69.6516,652.6892,14.4347,0,True,18.03,True,0.3309783653975802,0.9156832060513626,-0.22798593771161343,4.85,10.0000,6.90,3.3349,97.3849,1.0000,2.3457,0,1714,0,0,0.130199
972,40,426000000,40.426000000,-80.29831764230869,-109.13584326606161,-12.293990781270397,0.22819706270602025,0.6711264114105135,-0.520963234516385,-0.4755131425752783,265,248,92,116,92,0,0.3710,0.9358,47.1384,266.6310,7.7662,0,True,18.03,True,0.3524150619879268,0.9122628720454542,-0.2087584162888408,4.82,3.0000,6.84,3.2908,97.6900,1.0000,1.7009,0,248,0,0,0.081886
973,40,459000000,40.459000000,-80.29831764230869,-109.13584326606161,-12.293990781270397,0.22819706270602025,0.6711264114105135,-0.520963234516385,-0.4755131425752783,2000,0,0,0,0,0,0.0000,0.0000,0.0000,0.0000,0.0000,1,True,19.67,True,0.0,0.0,0.0,0.00,13.0000,4.89,2.2877,97.9635,1.0000,0.8205,0,2000,0,0,0.152780
974,40,492000000,40.492000000,-80.32504726894699,-108.5323978044019,-13.090946929287355,0.22675286819265636,0.6863577900294677,-0.4950110381777379,-0.48214125825785403,2000,1667,719,751,719,0,0.4313,0.8335,59.6496,558.3533,10.2776,0,True,19.67,True,0.1764927033258012,0.948340034234556,-0.26363138117597384,3.53,4.0000,4.82,2.2474,98.2830,1.0000,0.4751,0,1667,0,0,0.102773
975,40,525000000,40.525000000,-80.38405296324976,-107.95306019679332,-13.903896044822998,0.22621000623098506,0.6997159996669033,-0.47306663206173655,-0.48521594627638676,710,683,377,406,377,0,0.5520,0.9620,54.0266,330.1671,6.6783,0,True,19.67,True,0.12682395969405724,0.9758047575637259,-0.1781032238998455,2.97,4.0000,4.12,1.9008,98.5935,1.0000,0.1253,0,683,0,0,0.092081
976,40,558000000,40.558000000,-80.33334909136025,-107.3052097535952,-14.663974278048613,0.21897470593175972,0.7131071106258967,-0.4473588440100916,-0.49335422530149564,377,359,189,199,189,0,0.5265,0.9523,51.7631,258.0145,5.9229,0,True,19.67,True,0.12742392554227128,0.9543985674830829,-0.26997503141149354,3.55,10.0000,6.25,2.9624,99.1519,1.0000,0.3223,0,359,0,0,0.154962
977,40,591000000,40.591000000,-80.22167135022644,-106.60859210667489,-15.372671629627161,0.21896227383314396,0.7230333204922867,-0.4291113157946483,-0.4951179846791096,189,176,136,138,136,0,0.7727,0.9312,42.6365,301.6594,3.4821,0,True,18.03,True,0.11863797093225087,0.9418595244751529,-0.3143655006652562,2.39,7.0000,2.80,1.2758,99.4206,1.0000,0.3261,0,176,0,0,0.072160
978,40,624000000,40.624000000,-80.03579006445563,-105.85137926431653,-15.998832039560375,0.2101617426063758,0.7340749945195476,-0.4071257445905561,-0.5012131008437058,136,130,71,77,71,0,0.5462,0.9559,41.5836,107.4721,4.3818,0,True,18.03,True,0.15394530260686198,0.9099289030061718,-0.3851366449447084,3.07,8.0000,4.93,2.2896,99.9459,1.0000,0.8750,0,130,0,0,0.140317
979,40,657000000,40.657000000,-80.03579006445563,-105.85137926431653,-15.998832039560375,0.2101617426063758,0.7340749945195476,-0.4071257445905561,-0.5012131008437058,2000,0,0,0,0,0,0.0000,0.0000,0.0000,0.0000,0.0000,1,True,19.67,True,0.0,0.0,0.0,0.00,8.0000,3.26,1.4855,100.3165,1.0000,0.7369,0,2000,0,0,0.100463
980,40,690000000,40.690000000,-79.82091881635883,-105.09570671050837,-16.61753175522406,0.20708515646120376,0.74106909690315,-0.3932977378159242,-0.5032387316348622,2000,1834,1357,1382,1357,0,0.7399,0.9170,60.6777,1192.6421,7.4865,0,True,18.03,True,0.1042301233528159,0.9171711432246429,-0.38462082031769695,1.83,5.0000,2.86,1.2992,100.6595,1.0000,0.7276,0,1834,0,0,0.095930
981,40,723000000,40.723000000,-79.62911912162829,-104.35485468610412,-17.26123289320455,0.20316841324021365,0.7477758398622166,-0.38081983722706053,-0.5045098024361525,1329,1233,1074,1086,1074,0,0.8710,0.9278,40.9344,211.7879,3.0337,0,True,18.03,True,0.06718554374992945,0.9404531922896273,-0.33321749027215836,1.69,7.0000,2.82,1.2831,101.0154,1.0000,0.7560,0,1233,0,0,0.097263
982,40,756000000,40.756000000,-79.3685998734369,-103.5943032534228,-17.855952356118067,0.20186402511318452,0.7523134858831763,-0.3718354339441625,-0.5049888557057115,1053,999,928,939,928,0,0.9289,0.9487,34.0038,78.9442,2.3428,0,True,18.03,True,0.0602455480997011,0.9168529779377647,-0.3946531271646271,1.16,2.0000,1.90,0.8546,101.2612,1.0000,0.4925,0,999,0,0,0.038539
983,40,789000000,40.789000000,-79.08468582662864,-102.81238745847976,-18.410930286889666,0.19773255991843713,0.7572813480612505,-0.36244681130328604,-0.5060228291319643,915,888,811,815,811,0,0.9133,0.9705,34.6487,67.7965,2.3539,0,True,18.03,True,0.07679494043139119,0.905227230203483,-0.4179308541161675,1.31,4.0000,2.28,1.0366,101.5682,1.0000,0.5203,0,888,0,0,0.149766
984,40,822000000,40.822000000,-78.7842642000193,-102.03543158375403,-18.964181057331555,0.1984409123004955,0.7600673320080886,-0.35781363030658253,-0.5048645968042097,801,784,758,758,758,0,0.9668,0.9788,27.2722,59.0513,1.8525,0,True,18.03,True,0.0498874189404683,0.9062578493931733,-0.41977131374680476,0.64,3.0000,0.82,0.3646,101.6782,1.0000,0.1440,0,784,0,0,0.040216
985,40,855000000,40.855000000,-78.44102739911003,-101.24272395117046,-19.46796981042684,0.1931672469820905,0.7628273224683261,-0.3524348192608723,-0.5065279745105109,753,729,703,704,703,0,0.9643,0.9681,30.2311,67.7899,1.8066,0,True,18.03,True,0.06920079107822814,0.8817924865347101,-0.4665332369779034,0.94,2.0000,2.01,0.9281,101.9623,1.0000,0.1574,0,729,0,0,0.142282
986,40,888000000,40.888000000,-78.08184229453121,-100.45109624659226,-19.962248717515656,0.19153332285299318,0.7638572223962392,-0.35199285034476047,-0.505903314217415,689,653,646,648,646,0,0.9893,0.9478,18.8361,49.7072,1.4620,0,True,16.39,True,0.05319780612850885,0.8760020142923841,-0.4793646465675156,0.24,12.0000,0.19,0.1221,101.9957,1.0000,0.1537,0,653,0,0,0.063291
987,40,921000000,40.921000000,-77.71670310459955,-99.6522641239308,-20.440307931191356,0.19122590592598848,0.7625393342451654,-0.3564273894345346,-0.5049019040294932,643,633,619,619,619,0,0.9779,0.9844,14.2952,72.8327,2.0214,0,True,16.39,True,0.06178459871517251,0.8687907985498288,-0.4913096902329076,0.54,4.0000,0.44,0.2585,101.9587,1.0000,0.4294,0,633,0,0,0.051790
988,40,954000000,40.954000000,-77.29250344094899,-98.84582871954744,-20.85227465790089,0.19051778149282186,0.7603581505203152,-0.3625423909814832,-0.5041046246701258,619,617,604,604,604,0,0.9789,0.9968,12.3871,139.5798,1.8540,0,True,16.39,True,0.08747826544004596,0.8170775449374619,-0.5698524709383742,0.75,14.0000,0.80,0.4014,101.8835,1.0000,0.5552,0,617,0,0,0.107590
989,40,987000000,40.987000000,-76.96025144684516,-98.11751498753462,-21.45158069005437,0.18934180447101112,0.7579147614783955,-0.37205902602133034,-0.5012853245097716,604,598,591,591,591,0,0.9883,0.9901,10.6107,48.0395,1.5212,0,True,14.75,True,-0.03868494941772534,0.9043323423131117,-0.42507233423857294,1.18,2.0000,1.40,0.7110,101.7540,1.0000,1.0367,0,598,0,0,0.092750
990,41,20000000,41.020000000,-76.68644771378685,-97.4166394295002,-22.110219413417358,0.19092168513031832,0.7530492212048936,-0.38485972380132455,-0.49834603799495714,591,588,582,582,582,0,0.9898,0.9949,10.9038,140.2694,1.6258,0,True,14.75,True,-0.06164746644701651,0.9295184110237611,-0.36358645938555834,1.62,3.0000,1.17,0.6169,101.6523,1.0000,1.0575,0,588,0,0,0.067248
991,41,53000000,41.053000000,-76.36006089586763,-96.66100721256912,-22.67810285024606,0.18924428460234835,0.750616576260416,-0.3947933641606111,-0.4948732724679961,582,579,572,572,572,0,0.9879,0.9948,11.2031,152.8748,1.6115,0,True,13.11,True,0.023877500143453304,0.8825835521685836,-0.4695488669226925,1.25,5.0000,1.19,0.6601,101.5540,1.0000,1.3466,0,579,0,0,0.065692
992,41,86000000,41.086000000,-76.03849124372417,-95.92758644225451,-23.277007627728615,0.18671798113505,0.7483683967841956,-0.40520498091878404,-0.49080552325143173,572,571,567,567,567,0,0.9930,0.9983,10.8792,42.4101,1.5107,0,True,13.11,True,-0.0015338818075495524,0.8851038505943832,-0.4653910408136329,1.34,3.0000,1.28,0.7397,101.4555,1.0000,1.8315,0,571,0,0,0.068743
993,41,119000000,41.119000000,-75.80317714987535,-95.28726838355391,-24.008184802521402,0.18595370979503956,0.7444452860849302,-0.418789613351571,-0.4856312320971853,567,562,546,547,546,0,0.9715,0.9912,13.5583,614.4518,1.9739,0,True,13.11,True,-0.09838687161830138,0.9350286105919767,-0.3406486765974605,1.73,9.0000,1.41,0.8570,101.3501,1.0000,2.6451,0,562,0,0,0.075637
994,41,152000000,41.152000000,-75.48645077205217,-94.37131734177694,-24.254595213540657,0.18102417553572198,0.7437812269388528,-0.4274007997953288,-0.4809867884456495,546,541,515,534,515,0,0.9519,0.9908,11.0535,17.5682,1.5757,0,True,13.11,True,0.34094272340336235,0.6883277709019684,-0.6402834834379421,1.26,10.0000,1.16,0.7216,101.2570,1.0000,2.8014,0,541,0,0,0.062808
995,41,185000000,41.185000000,-75.2454496135625,-93.65956530070959,-24.914388721877213,0.17944867629430117,0.741417537898019,-0.43736986333504196,-0.476241335584963,515,509,505,505,505,0,0.9921,0.9883,11.3370,238.3282,1.6631,0,True,13.11,True,0.0006193816313216886,0.9052651714272543,-0.4248465437863165,1.31,1.0000,0.99,0.6168,101.1668,1.0000,2.9412,0,509,0,0,0.054588
996,41,218000000,41.218000000,-74.93382395414604,-92.93743013213769,-25.531972923994502,0.17743136350439598,0.7388262875358735,-0.4466590256580316,-0.47238706892668814,505,498,494,494,494,0,0.9920,0.9861,10.5082,16.0805,1.5769,0,True,11.48,True,0.0036010181566636873,0.858542353205033,-0.5127300073346592,1.21,3.0000,1.01,0.6214,101.0588,1.0000,3.6285,0,498,0,0,0.056908
997,41,251000000,41.251000000,-74.73802094303265,-92.27145595909721,-26.251792055222577,0.17595898131299856,0.7362889838963235,-0.45719881898779213,-0.4667828285234786,494,493,488,489,488,0,0.9899,0.9980,10.5148,43.7966,1.6034,0,True,11.48,True,-0.02880349793778528,0.9227719348413976,-0.3842685451290693,1.41,6.0000,1.30,0.7830,100.8874,1.0000,5.7721,0,493,0,0,0.075861
998,41,284000000,41.284000000,-74.50431109859116,-91.56044314671085,-26.914996766630413,0.17423187945834898,0.7347024305478972,-0.46503185828769583,-0.46216984054015897,488,486,481,482,481,0,0.9897,0.9959,9.8300,17.3797,1.6409,0,True,11.48,True,0.021155073463778207,0.8859956356592343,-0.46321074734890544,1.08,6.0000,0.99,0.5691,100.7320,1.0000,5.1876,0,486,0,0,0.058525
999,41,317000000,41.317000000,-74.3848516851782,-91.07765729508566,-27.782549226149445,0.1724887827447874,0.7340064233307767,-0.472319899703347,-0.4565042197840041,481,479,476,476,476,0,0.9937,0.9958,9.4004,14.5056,1.7333,0,True,11.48,True,-0.1786311076120355,0.9564340748378417,-0.23092160549064908,1.08,5.0000,0.94,0.5224,100.5608,1.0000,5.6274,0,479,0,0,0.056557
1000,41,350000000,41.350000000,-74.28669105857513,-90.62359583036975,-28.668095767921756,0.17436172765312358,0.7314788084084736,-0.4818379190429057,-0.44985437705055153,476,468,463,463,463,0,0.9893,0.9832,9.9449,168.2098,1.8513,0,True,11.48,True,-0.18978750629091454,0.9604509150121843,-0.2037516682339898,1.38,3.0000,0.95,0.5080,100.3668,1.0000,6.2526,0,468,0,0,0.056821
1001,41,383000000,41.383000000,-73.92017671140154,-89.74904552240275,-28.98563158031262,0.17372580564146728,0.7299673522718428,-0.4865407049989862,-0.44748759921426645,463,458,441,441,441,0,0.9629,0.9892,8.2247,12.0564,1.6396,0,True,11.48,True,0.2507056759662436,0.6235392131914158,-0.7405035541109435,0.63,7.0000,0.77,0.3827,100.2051,1.0000,5.0692,0,458,0,0,0.042558
1002,41,416000000,41.416000000,-73.72435880902859,-89.11392466294396,-29.732810837914535,0.17313579808300322,0.7283540291241506,-0.4934790199377691,-0.44272210308729354,441,438,437,437,437,0,0.9977,0.9932,8.2482,13.5540,1.5728,0,True,11.48,True,-0.029756089587496162,0.9073940758878672,-0.4192261515889294,0.98,9.0000,1.03,0.4910,99.9853,1.0000,6.6531,0,438,0,0,0.052418
1003,41,449000000,41.449000000,-73.37243077750267,-88.29675999476575,-30.18930680252701,0.17180033848199794,0.7264056822420096,-0.5001661670313567,-0.43892281082344375,437,435,432,432,432,0,0.9931,0.9954,8.1740,14.5501,1.5501,0,True,11.48,True,0.15388593529691935,0.703300609061393,-0.6940370106929933,0.92,7.0000,1.13,0.5337,99.7405,1.0000,7.1107,0,435,0,0,0.052631
1004,41,482000000,41.482000000,-73.22176073096733,-87.70262623437777,-30.979435660273804,0.17305701485932956,0.7238290024687067,-0.5073632400376192,-0.43440233361673375,432,431,431,431,431,0,1.0000,0.9977,6.9500,12.9638,1.4307,0,True,11.48,True,-0.04261787073562275,0.9265564889310288,-0.37373358146380986,1.03,0.0000,0.82,0.3775,99.5678,1.0000,4.8594,0,431,0,0,0.034458
1005,41,515000000,41.515000000,-72.95928440257215,-87.17431692177688,-31.7868980106353,0.1718609375105839,0.7212212837953188,-0.5162802700136537,-0.42867045705675155,431,430,416,425,416,0,0.9674,0.9977,10.0204,42.9038,1.4992,0,True,11.48,True,-0.1484495889942014,0.8892068571778257,-0.4327515276407313,1.26,9.0000,1.67,0.7582,99.2294,1.0000,9.1708,0,430,0,0,0.062381
1006,41,548000000,41.548000000,-73.05809509305045,-86.79680321242604,-32.707615039205606,0.17955826845009418,0.7163284149605348,-0.5296402923430111,-0.41726920672168166,416,407,404,404,404,0,0.9926,0.9784,9.3581,238.7169,1.4626,0,True,11.48,True,-0.08857894395657179,0.9945291647648742,-0.055367058072647385,2.27,11.0000,1.39,0.6247,98.9607,1.0000,7.0489,0,407,0,0,0.046339
1007,41,581000000,41.581000000,-72.87331671880618,-86.3088801823029,-33.560719997043186,0.17922172646365542,0.7136008359648658,-0.5376093596247111,-0.41186113693518067,404,404,397,402,397,0,0.9827,1.0000,9.3131,166.3837,1.3231,0,True,11.48,True,-0.11506455900417621,0.9237439806555281,-0.36531795119300414,1.15,9.0000,1.45,0.6503,98.6925,1.0000,6.8768,0,404,0,0,0.044373
1008,41,614000000,41.614000000,-72.71985232381158,-86.26467969267917,-34.54788512820713,0.17996630794570556,0.7099686816146219,-0.547074734966542,-0.40529721624022425,397,394,393,393,393,0,0.9975,0.9924,8.3314,18.8029,1.2804,0,True,11.48,True,-0.45069708752515486,0.8902679092669589,-0.06553766112534548,1.39,13.0000,1.36,0.6094,98.4518,1.0000,6.0581,0,394,0,0,0.038747
1009,41,647000000,41.647000000,-72.44826994444549,-85.98369798423683,-35.4683699410849,0.17990232399915576,0.7060215263997096,-0.5564506205880804,-0.39941390176991465,392,391,389,391,389,0,0.9949,0.9974,10.4991,23.5613,1.2119,0,True,11.48,True,-0.3168449868118707,0.8928796391156747,-0.31996125450567925,1.35,4.0000,1.78,0.8040,98.1494,1.0000,7.4926,0,391,0,0,0.048015
1010,41,680000000,41.680000000,-72.22605386193096,-85.2582616077405,-36.119800732748715,0.18119505697757177,0.7020774688678969,-0.5641955152484466,-0.39489112373979923,387,387,385,387,385,0,0.9948,1.0000,9.0253,20.5734,1.1587,0,True,11.48,True,0.13283876868640046,0.7923753541506362,-0.5953949610708298,1.13,8.0000,1.50,0.6766,97.9084,1.0000,5.8949,0,387,0,0,0.038195
1011,41,713000000,41.713000000,-72.09722338520073,-85.20006348025854,-37.10975814911722,0.18330188318168175,0.6974913232019728,-0.5740777457111849,-0.3877383338788857,383,383,376,376,376,0,0.9817,1.0000,11.1682,294.3559,1.4304,0,True,11.48,True,-0.38596618594548543,0.9186273275440193,-0.08458094582131374,1.51,8.0000,1.59,0.7168,97.6664,1.0000,5.8617,0,383,0,0,0.038794
1012,41,746000000,41.746000000,-71.7110746408752,-84.3334843288872,-37.425874775798434,0.18528763268764017,0.6934839184719056,-0.5802789717252635,-0.38473999397948266,374,363,359,359,359,0,0.9890,0.9706,9.6995,236.1428,1.3299,0,True,11.48,True,0.2588278831166853,0.4620791860926588,-0.8482281253892031,0.94,10.0000,1.53,0.6891,97.4470,1.0000,5.2717,0,363,0,0,0.035992
1013,41,779000000,41.779000000,-70.99873767495559,-83.63170467931953,-37.434895332161744,0.19480519776308386,0.6885723746535419,-0.5812459131494996,-0.3873915438357843,354,354,345,345,345,0,0.9746,1.0000,12.1736,216.3256,1.3288,0,True,11.48,True,0.038290302448880605,0.054522077621873534,-0.9977781295409154,1.27,8.0000,1.65,0.7429,97.2252,1.0000,5.2906,0,354,0,0,0.037713
1014,41,812000000,41.812000000,-70.66409845287414,-83.19814081508132,-38.271578645412056,0.19545932755318618,0.6837666083626673,-0.5892685601131058,-0.38343374997892143,342,340,331,331,331,0,0.9735,0.9942,10.9956,198.1254,1.1505,0,True,11.48,True,-0.15412625262294993,0.8427883181301036,-0.5157062623973435,1.17,8.0000,1.51,0.6780,97.0364,1.0000,4.4688,0,340,0,0,0.033645
1015,41,845000000,41.845000000,-70.47546475973907,-83.34970029389163,-39.24186059113553,0.19743865589557152,0.6790544611431472,-0.597956919360668,-0.3772937032981598,330,329,329,329,329,0,1.0000,0.9970,8.1005,20.4927,0.8674,0,True,11.48,True,-0.5130189464728167,0.8577877548038297,-0.03180767625159751,1.35,7.0000,1.53,0.6870,96.8591,1.0000,4.1548,0,329,0,0,0.030476
1016,41,878000000,41.878000000,-69.95681547509079,-82.84223595017541,-39.929961498990224,0.19477115772026043,0.6742535716802034,-0.6060384789302473,-0.37438440038643495,328,327,226,325,226,0,0.6911,0.9970,7.2625,42.5537,0.8220,0,True,11.48,True,-0.15561966261969848,0.6713790656625066,-0.7245913819500416,1.17,2.0000,1.35,0.6062,96.7138,1.0000,3.3909,0,327,0,0,0.015702
1017,41,911000000,41.911000000,-69.77691157348515,-82.21673476669274,-40.689160323837065,0.1987768123328774,0.6675760701121544,-0.6145031145816229,-0.370426634655065,226,226,226,226,226,0,1.0000,1.0000,5.8307,6.2658,0.5515,0,True,9.84,True,0.1282480864430992,0.8153600833515924,-0.5645709546200262,1.39,0.0000,1.42,0.6410,96.5734,1.0000,3.2457,0,226,0,0,0.031281
1018,41,944000000,41.944000000,-69.95437101448395,-81.33919876429624,-40.24369572221494,0.20163101490450483,0.6674531442927167,-0.615401124487394,-0.36760398526402893,226,226,170,226,170,0,0.7522,1.0000,5.0752,5.4563,0.5744,0,True,9.84,True,0.8586250415045925,-0.2519431783913771,-0.44641647926940126,0.47,5.0000,1.29,0.5790,96.4589,1.0000,2.6107,0,226,0,0,0.044118
1019,41,977000000,41.977000000,-69.76274263935127,-81.44709761526148,-41.21921425294838,0.20441180897249514,0.6619821012454791,-0.6235311641789152,-0.3622214754551405,170,169,169,169,169,0,1.0000,0.9941,4.6898,5.0209,0.6064,0,True,9.84,True,-0.4387280339164686,0.8934803924133794,-0.09597135316657508,1.32,11.0000,1.24,0.5568,96.3597,1.0000,2.2297,0,169,0,0,0.026831
1020,42,10000000,42.010000000,-70.27113802219921,-80.75242656461617,-40.71032697064098,0.2009314015749396,0.6580027082402927,-0.6296193512234817,-0.36088568879146826,169,167,98,167,98,0,0.5868,0.9882,3.7891,4.1603,0.6265,0,True,9.84,True,0.9486190739653237,-0.3069473283497634,-0.07684523490831498,0.94,1.0000,1.08,0.4813,96.2827,1.0000,1.6996,0,167,0,0,0.023306
1021,42,43000000,42.043000000,-70.27113802219921,-80.75242656461617,-40.71032697064098,0.2009314015749396,0.6580027082402927,-0.6296193512234817,-0.36088568879146826,2000,0,0,0,0,0,0.0000,0.0000,0.0000,0.0000,0.0000,1,True,9.84,True,0.0,0.0,0.0,0.00,12.0000,1.68,0.7592,96.1805,1.0000,2.1719,0,2000,0,0,0.037224
1022,42,76000000,42.076000000,-70.0467451325709,-80.32214307616596,-41.5846861363454,0.20251565183091616,0.6536833469376335,-0.6355836260646444,-0.3573778770131565,2000,1906,1821,1845,1821,0,0.9554,0.9530,23.0914,953.0825,3.7995,0,True,9.84,True,-0.032533996370868803,0.8630391138387871,-0.5040883127632515,0.95,1.0000,1.54,0.6931,96.1081,1.0000,1.4410,0,1906,0,0,0.034548
1023,42,109000000,42.109000000,-69.85555171164745,-79.98211663612337,-42.50546140527235,0.20247450606991765,0.6501881939923521,-0.6404557530952478,-0.3550715633670281,1813,1808,1692,1789,1692,0,0.9358,0.9972,6.3323,88.4965,1.4992,0,True,9.84,True,-0.07534883857773464,0.8995725022694967,-0.43022304178830595,0.74,2.0000,1.13,0.5022,96.0694,1.0000,0.6767,0,1808,0,0,0.025449
1024,42,142000000,42.142000000,-69.62137084015711,-79.68895481887256,-43.432400167183935,0.20368130397913659,0.6459306576004268,-0.6457372645964902,-0.3525775050860182,1680,1673,1646,1648,1646,0,0.9839,0.9958,7.1512,447.9846,1.5445,0,True,9.84,True,-0.13299792288107323,0.8890401764925919,-0.43808574171198617,0.84,4.0000,1.21,0.5411,96.0411,1.0000,0.3759,0,1673,0,0,0.027969
1025,42,175000000,42.175000000,-69.3686778004545,-79.33736770426043,-44.333806140386095,-0.20364195667926624,-0.6425288300140213,0.6496856984981383,0.35156101781573984,1639,1635,1609,1610,1609,0,0.9841,0.9976,5.8549,169.1293,1.4161,0,True,8.20,True,-0.08975513252085426,0.8620577999323156,-0.49879892317648367,0.61,1.0000,0.73,0.3297,96.0306,1.0000,0.0456,0,1635,0,0,0.017310
1026,42,208000000,42.208000000,-69.1941272518233,-79.04673421662532,-45.27458469128825,-0.20345230317974788,-0.6397029820303837,0.6536206997183341,0.34952429960162407,1605,1601,1545,1598,1545,0,0.9650,0.9975,5.0436,192.2282,1.3674,0,True,8.20,True,-0.08419113808786194,0.9072688261257166,-0.41203777667579833,0.60,3.0000,1.10,0.4842,96.0260,1.0000,0.2227,0,1601,0,0,0.025996
1027,42,241000000,42.241000000,-69.89299681380385,-79.72625021679288,-45.49783195522079,-0.2045432866936357,-0.6439479855003613,0.6527391218978034,0.34267283899176515,1542,1541,1013,1473,1013,0,0.6574,0.9994,4.4109,25.0896,1.3712,0,True,8.20,True,-0.05755827810710121,0.3131923783785384,0.9479438689853634,0.94,5.0000,1.03,0.4649,96.0335,1.0000,0.5340,0,1541,0,0,0.025643
1028,42,274000000,42.274000000,-69.32764877239829,-78.90602710058688,-45.585099542102704,-0.20926132960295882,-0.6461097838444072,0.6509202612307635,0.3391970764505638,1013,1013,786,1013,786,0,0.7759,1.0000,4.0359,6.4981,1.3921,0,True,6.56,True,0.18251900108723956,0.03426411957538232,-0.9826051009188993,0.75,10.0000,1.31,0.5923,96.0612,1.0000,1.1804,0,1013,0,0,0.024508
1029,42,307000000,42.307000000,-69.11430076768883,-78.55776105959637,-46.497893819899865,-0.2093829281604384,-0.6434875782823793,0.6541163360247604,0.3379561287161133,786,786,786,786,786,0,1.0000,1.0000,3.3300,5.5438,1.3970,0,True,6.56,True,-0.04903229940586205,0.8834896365728286,-0.4658775543889027,0.49,9.0000,0.92,0.4159,96.0913,1.0000,1.1171,0,786,0,0,0.034078
1030,42,340000000,42.340000000,-68.47624732304857,-77.78843476149616,-46.46588055961466,-0.2125117146398654,-0.6471729410261187,0.6511604962722016,0.3346579800915681,786,786,583,786,583,0,0.7417,1.0000,3.1505,5.4473,1.4294,0,True,6.56,True,0.11624652064174879,-0.0981138890347205,-0.9883624897866016,0.75,12.0000,0.88,0.3851,96.1296,1.0000,1.3255,0,786,0,0,0.015573
1031,42,373000000,42.373000000,-68.19309422042434,-77.0364297238609,-47.06112231205265,-0.21388527469234586,-0.6459803453911424,0.6523954446008297,0.33368048564788166,583,583,583,583,583,0,1.0000,1.0000,3.0963,5.1247,1.4268,0,True,4.92,True,0.24734458067934545,0.5871961624537457,-0.7707277893057659,0.28,12.0000,0.91,0.3966,96.1768,1.0000,1.5750,0,583,0,0,0.020656
1032,42,406000000,42.406000000,-67.30177942593761,-76.59669851597988,-46.95069404599489,0.22121440128244255,0.6486486277284256,-0.6464539714390001,-0.33528556369462936,583,583,583,583,583,0,1.0000,1.0000,2.9279,4.8791,1.3738,0,True,4.92,True,-0.2815311101315583,-0.2254223927536033,-0.9326976888967468,1.14,7.0000,0.89,0.3921,96.2318,1.0000,1.7891,0,583,0,0,0.038172
1033,42,439000000,42.439000000,-66.98408821901171,-76.72802535969555,-47.8897497190844,-0.21891013689275068,-0.6475042897766945,0.6482219843717464,0.33559619435197846,583,583,453,583,453,0,0.7770,1.0000,2.9308,5.0235,1.3805,0,True,4.92,True,-0.44966565833301286,0.871576220743269,-0.19533480783213847,0.36,6.0000,0.79,0.3468,96.2877,1.0000,1.7876,0,583,0,0,0.023541
1034,42,472000000,42.472000000,-66.6258376673215,-75.95295150937494,-48.41024666313193,-0.22189557619250724,-0.6464553624767687,0.6484828581820495,0.3351533980661161,453,453,453,453,453,0,1.0000,1.0000,3.0064,4.8222,1.3148,0,True,3.28,True,0.23523920273285787,0.5085311201395268,-0.8282865550926488,0.37,5.0000,0.79,0.3504,96.3505,1.0000,1.9766,0,453,0,0,0.024638
1035,42,505000000,42.505000000,-66.07839888916763,-75.11877195930222,-48.34349891100621,0.2245716616017353,0.6503611401066925,-0.6452639661706245,-0.3320126054930954,453,453,382,453,382,0,0.8433,1.0000,2.9588,4.7361,1.3167,0,True,3.28,True,0.24109154080501816,-0.09635957619072669,-0.9657068401065645,0.75,4.0000,0.78,0.3449,96.4177,1.0000,2.0927,0,453,0,0,0.023963
1036,42,538000000,42.538000000,-66.85768494645677,-74.64400759270596,-47.93446097007019,0.220320840543595,0.6571047269595217,-0.642685545316417,-0.326538504423224,382,382,382,382,382,0,1.0000,1.0000,3.5951,5.5187,1.3593,0,True,3.28,True,0.9290824432562735,-0.2665110636258643,0.2564715707402356,1.15,7.0000,0.57,0.2502,96.4694,1.0000,1.5958,0,382,0,0,0.009341
1037,42,571000000,42.571000000,-66.35820118474324,-74.1285013432856,-48.63071471590788,0.2245120911208115,0.6536447261857158,-0.6440825877112419,-0.32787270864979173,382,382,382,382,382,0,1.0000,1.0000,4.1206,6.1111,1.4908,0,True,3.28,True,-0.08045714299061589,0.6628385394943598,-0.7444271077162435,0.66,7.0000,0.41,0.1813,96.5081,1.0000,1.1851,0,382,0,0,0.021703
1038,42,604000000,42.604000000,-65.95078098334133,-73.53330949723767,-49.32335852472136,0.22782649543583153,0.6511314048737125,-0.6455620166764663,-0.32767768338601677,382,382,382,382,382,0,1.0000,1.0000,2.4016,3.9900,1.3258,0,True,3.28,True,0.05075454821275914,0.6740519446571643,-0.7369382278994717,0.51,11.0000,0.93,0.4072,96.5983,1.0000,2.7466,0,382,0,0,0.034926
1039,42,637000000,42.637000000,-66.65251623217702,-74.17852726558391,-49.62545399299549,0.2287704176012338,0.65546289236773,-0.6436177195112789,-0.32216257369624346,382,382,370,382,370,0,0.9686,1.0000,2.7462,4.4391,1.2303,0,True,3.28,True,-0.026258542809867485,0.34731281897611826,0.9373816163678294,0.84,9.0000,0.78,0.3405,96.6760,1.0000,2.3432,0,382,0,0,0.027857
1040,42,670000000,42.670000000,-66.05365192875142,-73.383133281782,-49.532126844671744,0.23094530000858937,0.659841015209759,-0.6395226675165269,-0.3198200443740873,370,370,370,370,370,0,1.0000,1.0000,3.8383,5.7174,1.4937,0,True,1.64,True,0.16845112741702703,-0.1080838411262167,-0.979766350187296,0.78,5.0000,0.44,0.1934,96.7206,1.0000,1.3334,0,370,0,0,0.016089
1041,42,703000000,42.703000000,-65.11962212569895,-73.10995824446755,-49.30198835158994,0.2367793518983578,0.6629219954655803,-0.6341058117159328,-0.319968414051457,370,370,370,370,370,0,1.0000,1.0000,1.9999,3.4777,1.3768,0,True,1.64,True,-0.4191664153417515,-0.30505187418893337,-0.8551274000424531,0.98,4.0000,1.00,0.4402,96.8215,1.0000,2.9896,0,370,0,0,0.037479
1042,42,736000000,42.736000000,-64.58170165148124,-73.88625095576371,-48.973337792780384,0.23593415491204642,0.6661945944796582,-0.6312538704441277,-0.3194344813593712,370,370,370,370,370,0,1.0000,1.0000,3.9249,5.7303,1.5347,0,True,1.64,True,-0.8854395999543,-0.4404825319425753,0.14822905884551568,0.51,2.0000,0.39,0.1679,96.8594,1.0000,1.1126,0,370,0,0,0.014428
1043,42,769000000,42.769000000,-63.99152352715692,-73.08426258098704,-48.88111833554889,0.23936141445345518,0.6699444936152078,-0.6273851900565354,-0.3166517204172894,370,370,370,370,370,0,1.0000,1.0000,2.3820,3.9979,1.2872,0,True,1.64,True,0.1832909420820721,-0.07040168925197983,-0.9805345647661455,0.80,10.0000,0.80,0.3512,96.9368,1.0000,2.2512,0,370,0,0,0.022929
1044,42,802000000,42.802000000,-63.89926151640989,-72.1118642149322,-49.09542918237369,0.24102234391369076,0.671454727676763,-0.6257300154661978,-0.3154658874736644,370,370,370,370,370,0,1.0000,1.0000,3.0361,4.7289,1.2501,0,True,1.64,True,0.6084752484665857,0.3010521861068041,-0.7342516280157918,0.35,13.0000,0.59,0.2598,96.9922,1.0000,1.5938,0,370,0,0,0.031000
1045,42,835000000,42.835000000,-63.27413120477466,-71.34961121696325,-49.26330550757224,0.24688440345648416,0.6729770132000257,-0.6221064387223739,-0.3148549029862385,370,370,370,370,370,0,1.0000,1.0000,2.3831,3.9472,1.1586,0,True,1.64,True,0.09909235044460821,0.1989242606068023,-0.9749922279820491,0.81,0.0000,0.78,0.3462,97.0629,1.0000,2.0011,0,370,0,0,0.031561
1046,42,868000000,42.868000000,-63.371124564014785,-70.37287520776728,-49.454562027992395,0.24548401396920297,0.6741372788212173,-0.621499768926932,-0.3146657995602039,370,370,370,370,370,0,1.0000,1.0000,3.8607,5.5559,1.4122,0,True,1.64,True,0.7508352058061097,0.29728679032920663,-0.5898025585039922,0.22,3.0000,0.37,0.1602,97.0941,1.0000,0.8718,0,370,0,0,0.014860
1047,42,901000000,42.901000000,-62.71238299762838,-69.6809328323393,-49.74998595695181,0.25255873988806504,0.673732019671479,-0.6188063580923807,-0.31524266805111717,370,370,370,370,370,0,1.0000,1.0000,2.4227,3.9522,1.1852,0,True,1.64,True,0.01557045649341099,0.32757254164953625,-0.9446977245880555,0.87,3.0000,0.78,0.3440,97.1582,1.0000,1.7562,0,370,0,0,0.021028
1048,42,934000000,42.934000000,-63.686077182386605,-69.6144902152751,-49.96794240490789,0.25315625177345286,0.67806175321239,-0.616379968016299,-0.31019333656089726,370,370,335,370,335,0,0.9054,1.0000,3.0122,4.6049,1.4191,0,True,1.64,True,0.68002809303103,0.2720479000518113,0.680846335648493,0.81,1.0000,0.61,0.2656,97.2046,1.0000,1.2378,0,370,0,0,0.037730
1049,42,967000000,42.967000000,-63.08527647792843,-68.85362986006685,-49.722728144729366,0.2548506622831094,0.6825948661790053,-0.6128401456510657,-0.3058469298167092,335,335,120,335,120,0,0.3582,1.0000,3.0929,4.6904,1.4228,0,True,1.64,True,0.17061108169771783,-0.18176696519928867,-0.9684279163490567,0.85,6.0000,0.60,0.2595,97.2465,1.0000,1.0891,0,335,0,0,0.014521
1050,43,0,43.000000000,-62.96957448360122,-69.83627242303304,-49.867733806535824,0.25292537678639265,0.6844508651482105,-0.6123786183552061,-0.30421734788913024,120,120,120,120,120,0,1.0000,1.0000,4.1213,5.6711,1.2550,0,True,1.64,True,-0.8045215512560908,0.023913293325258038,0.5934418488502755,0.36,5.0000,0.35,0.1552,97.2704,1.0000,0.6051,0,120,0,0,0.024872
1051,43,33000000,43.033000000,-63.64224076530347,-69.86118363258855,-49.12820726536282,0.21434112436718297,0.7059791252172168,-0.6034261586797496,-0.3025363253950617,120,120,120,120,120,0,1.0000,1.0000,2.5507,3.6569,1.0654,0,True,1.64,True,0.5230752279259199,-0.7190466595047784,0.457563337020424,5.17,4.0000,0.89,0.3910,97.3248,1.0000,1.3196,0,120,0,0,0.042496
1052,43,66000000,43.066000000,-64.62169978290103,-69.69374432717278,-49.24056433834299,0.2136199736434116,0.7107714587242835,-0.6009578641542742,-0.29668179221967,120,120,120,120,120,0,1.0000,1.0000,3.7549,5.2296,1.1384,0,True,1.64,True,0.8030436023942423,0.20161129806113387,0.5607796868180789,0.92,14.0000,0.50,0.2141,97.3510,1.0000,0.5972,0,120,0,0,0.012687
1053,43,99000000,43.099000000,-65.49474116569733,-69.64287305547336,-48.75557891831392,0.19844034450097478,0.7194806714547078,-0.5988939083825082,-0.2903361492817269,120,120,120,120,120,0,1.0000,1.0000,3.2636,4.6777,1.3715,0,True,1.64,True,0.7532783095444502,-0.42010853718447305,0.506044074517801,2.15,9.0000,0.61,0.2729,97.3820,1.0000,0.6724,0,120,0,0,0.038205
1054,43,132000000,43.132000000,-65.0375933330923,-70.51578656564153,-48.58517392158442,0.1975587035267036,0.7218831492164371,-0.5970837018975036,-0.2886976454122552,120,120,111,120,111,0,0.9250,1.0000,2.8009,4.2225,1.3176,0,True,1.64,True,-0.866208850029578,-0.3729113867336713,0.33259483726420985,0.41,9.0000,0.69,0.3037,97.4111,1.0000,0.5863,0,120,0,0,0.031586
1055,43,165000000,43.165000000,-65.66613807326037,-69.73949764420672,-48.63320537028857,0.19912223039002958,0.7267494910109599,-0.5929963788968209,-0.28379712700284443,111,111,99,111,99,0,0.8919,1.0000,2.5125,4.2206,1.2181,0,True,1.64,True,0.9550668370558353,0.24648313264167948,-0.16460073535469577,0.94,8.0000,0.63,0.2887,97.4337,1.0000,0.4234,0,111,0,0,0.029527
1056,43,198000000,43.198000000,-65.66613807326037,-69.73949764420672,-48.63320537028857,0.19912223039002958,0.7267494910109599,-0.5929963788968209,-0.28379712700284443,2000,0,0,0,0,0,0.0000,0.0000,0.0000,0.0000,0.0000,1,True,3.28,True,0.0,0.0,0.0,0.00,7.0000,0.53,0.2614,97.4507,1.0000,0.2986,0,2000,0,0,0.027516
1057,43,231000000,43.231000000,-65.46738646587393,-69.24407107995033,-49.478811849680945,0.20043866319475198,0.7252660706825533,-0.5940660732119705,-0.28442744184044555,2000,1997,1876,1985,1876,0,0.9394,0.9985,3.3108,11.6465,2.4057,0,True,3.28,True,0.01004878878485127,0.9227545175261541,-0.3852572156741933,0.27,6.0000,0.33,0.1814,97.4610,1.0000,0.1721,0,1997,0,0,0.020838
1058,43,264000000,43.264000000,-65.33699651258789,-68.57534469215713,-50.210797832026984,0.20321871688002724,0.724852718946331,-0.5936562909665737,-0.2843640222348065,1876,1876,1843,1847,1843,0,0.9824,1.0000,4.1698,60.3496,1.6195,0,True,3.28,True,0.19392327911186596,0.8510556290018114,-0.48795294666886946,0.33,5.0000,0.50,0.3175,97.4758,1.0000,0.2487,0,1876,0,0,0.044238
1059,43,297000000,43.297000000,-65.22328120870819,-68.01806232437427,-51.0332971890005,0.20430904107925385,0.725072639611126,-0.5928065575726054,-0.2847944316863439,1841,1838,1660,1775,1660,0,0.9032,0.9984,7.6215,228.4049,1.7307,0,True,3.28,True,0.1257874761257607,0.9164837171468353,-0.3797829736239248,0.17,4.0000,0.23,0.1847,97.4814,1.0000,0.1039,0,1838,0,0,0.033688
1060,43,330000000,43.330000000,-65.10139884822085,-67.39385170049495,-51.80498740355436,0.20544893277457463,0.7252791023002975,-0.5917850100519078,-0.2855721654260554,1658,1658,1635,1639,1635,0,0.9861,1.0000,6.8280,102.1019,1.6038,0,True,3.28,True,0.17199713699860353,0.8815268960399625,-0.43969002310995503,0.20,4.0000,0.11,0.1304,97.4828,1.0000,0.0433,0,1658,0,0,0.027888
1061,43,363000000,43.363000000,-64.88611065734607,-66.77816972373921,-52.56300237594472,0.20831572704840348,0.724731781221989,-0.5909109849273978,-0.28669253747391304,1634,1632,1596,1596,1596,0,0.9779,0.9988,7.8448,89.3795,1.4624,0,True,3.28,True,0.09990227055337804,0.8635050302615711,-0.49434663855562205,0.37,2.0000,0.20,0.1833,97.4807,1.0000,0.0089,0,1632,0,0,0.041205
1062,43,396000000,43.396000000,-64.77388062965181,-66.16472613135203,-53.34472571565181,0.20867367832560477,0.7257653821600356,-0.5890941349033727,-0.2875552229652703,1595,1594,1584,1590,1584,0,0.9937,0.9994,7.9781,18.2927,1.3472,0,True,3.28,True,0.1766416990688115,0.890586830340392,-0.4191095414976104,0.26,12.0000,0.19,0.1286,97.4772,1.0000,0.0233,0,1594,0,0,0.026607
1063,43,429000000,43.429000000,-64.81969364056384,-65.81531330505732,-54.28057391106166,0.20679749539156117,0.72840585593266,-0.586082297268293,-0.2883873190199362,1583,1579,1321,1547,1321,0,0.8366,0.9975,10.2878,410.3906,1.5685,0,True,3.28,True,0.09792780872911606,0.9906568009896207,-0.0949170528963307,0.52,2.0000,0.43,0.2460,97.4686,1.0000,0.0770,0,1579,0,0,0.046160
1064,43,462000000,43.462000000,-64.66883538579859,-65.25629325501025,-55.095888801527,0.20765422656261623,0.7292819943268203,-0.5844212842208724,-0.2889277721005784,1320,1316,1315,1315,1315,0,0.9992,0.9970,9.4777,17.5150,1.2399,0,True,3.28,True,0.09961841314554998,0.9149934814158003,-0.39097711023659193,0.24,1.0000,0.19,0.1059,97.4646,1.0000,0.0416,0,1316,0,0,0.017998
1065,43,495000000,43.495000000,-64.69218239784698,-65.20785188896356,-56.09444193035085,0.20753423921594893,0.7305039729491846,-0.5840256075352626,-0.2867186335095469,1310,1307,1307,1307,1307,0,1.0000,0.9977,11.5462,21.6600,1.2580,0,True,3.28,True,-0.12997945091899868,0.9829899350276028,0.12975411351176866,0.29,1.0000,0.52,0.2507,97.4547,1.0000,0.1091,0,1307,0,0,0.040283
1066,43,528000000,43.528000000,-64.58959964963151,-64.76911376129793,-56.98718244981939,0.20850880325254553,0.7311974441089915,-0.582832225240861,-0.28667224127120516,1303,1299,1296,1296,1296,0,0.9977,0.9969,12.8319,23.3803,1.3348,0,True,3.28,True,0.04552608913538961,0.966387216303938,-0.25302791026359545,0.19,9.0000,0.72,0.3355,97.4416,1.0000,0.1590,0,1299,0,0,0.050589
1067,43,561000000,43.561000000,-63.924143579906065,-64.02497941222576,-56.928596702435996,0.21378940062198112,0.7384916120434862,-0.5703020677973937,-0.2892745799221288,1290,1283,1105,1283,1105,0,0.8613,0.9946,12.6136,22.5530,1.3373,0,True,3.28,True,-0.012330606019892316,0.09747833657937875,-0.9951612583159071,1.79,9.0000,0.67,0.3070,97.4301,1.0000,0.1517,0,1283,0,0,0.044650
1068,43,594000000,43.594000000,-63.86465618564496,-63.119240440133254,-57.348237220447324,0.21136044031928286,0.7423773627058484,-0.5651695925273023,-0.29118026597362545,1105,1105,1104,1104,1104,0,0.9991,1.0000,12.9348,24.2101,1.3019,0,True,3.28,True,0.4637879726909566,0.63830551528552,-0.6143832562361211,0.82,5.0000,0.80,0.3623,97.4175,1.0000,0.1803,0,1105,0,0,0.052220
1069,43,627000000,43.627000000,-63.609817456350726,-62.42433258821202,-58.020665877919534,0.2134617883771118,0.7431143622616749,-0.5627492233749091,-0.29245242535189536,1104,1104,1099,1099,1099,0,0.9955,1.0000,12.2234,21.4569,1.3287,0,True,3.28,True,0.1278726215420195,0.8320158450473736,-0.5398131401235765,0.40,9.0000,0.64,0.2885,97.4082,1.0000,0.1426,0,1104,0,0,0.041858
1070,43,660000000,43.660000000,-62.94854630690271,-61.705495627578685,-57.80620401432815,0.21787033417555976,0.7521969373754223,-0.5486076760502369,-0.2928513320236457,1099,1099,752,1099,752,0,0.6843,1.0000,12.6386,22.2541,1.3762,0,True,3.28,True,0.018459941419297098,-0.015981386250031065,-0.9997018684869622,1.99,8.0000,0.71,0.3195,97.3989,1.0000,0.1539,0,1099,0,0,0.046936
1071,43,693000000,43.693000000,-62.77408021646283,-61.24168690111122,-58.674790825498576,0.21476333278353776,0.7551913851058185,-0.54525942712945,-0.2936917429553079,752,752,752,752,752,0,1.0000,1.0000,11.9733,20.0103,1.3090,0,True,3.28,True,-0.0019589510548180607,0.9694173503278986,-0.24541019415256835,0.63,8.0000,0.68,0.3012,97.3912,1.0000,0.1390,0,752,0,0,0.044724
1072,43,726000000,43.726000000,-62.60486928936385,-60.65202904974407,-59.46451943740987,0.2120991021836461,0.7579504813967597,-0.5420995177536942,-0.29436907353613656,752,752,752,752,752,0,1.0000,1.0000,11.5672,19.8688,1.3244,0,True,3.28,True,0.09035624961822514,0.935342005410684,-0.34201035228374155,0.57,7.0000,0.60,0.2580,97.3854,1.0000,0.1119,0,752,0,0,0.039046
1073,43,759000000,43.759000000,-62.40558827461401,-60.040243914668864,-60.23002974149548,0.21127799240735892,0.759727991467832,-0.5399715640286952,-0.2942884621336258,752,752,752,752,752,0,1.0000,1.0000,10.1469,18.3260,1.2620,0,True,3.28,True,0.07957929785945843,0.9223029593296305,-0.3781856509229317,0.33,2.0000,0.29,0.1173,97.3831,1.0000,0.0483,0,752,0,0,0.018067
1074,43,792000000,43.792000000,-62.19116599834844,-59.39509664849743,-60.963383743593084,0.20847894762500432,0.7621502044234257,-0.5368114165863905,-0.2957990826845371,752,752,752,752,752,0,1.0000,1.0000,13.7902,23.0862,1.3183,0,True,3.28,True,0.09341117014862135,0.90491410183798,-0.4152165959908483,0.58,4.0000,1.07,0.4742,97.3756,1.0000,0.1710,0,752,0,0,0.076268
1075,43,825000000,43.825000000,-61.5128056624111,-58.70784134022541,-60.70356188947209,0.2132995758022425,0.7698332970939137,-0.5231458551401721,-0.2969484802078562,752,752,750,752,750,0,0.9973,1.0000,11.1756,19.9144,1.3429,0,True,3.28,True,-0.005033205927715406,-0.013080216661770795,-0.9999017825617526,1.88,3.0000,0.50,0.2187,97.3733,1.0000,0.0628,0,752,0,0,0.037397
1076,43,858000000,43.858000000,-61.3053221914784,-58.10782450342166,-61.47617460282963,0.21200898810176147,0.7713057593191788,-0.5215258326734564,-0.29690136486616275,750,750,750,750,750,0,1.0000,1.0000,11.4927,20.4893,1.3661,0,True,3.28,True,0.050647951764479955,0.9408573326112669,-0.3349959173686674,0.29,3.0000,0.59,0.2521,97.3717,1.0000,0.0545,0,750,0,0,0.045323
1077,43,891000000,43.891000000,-61.056096398752054,-57.39947629564611,-62.13657548167599,0.2115659764443957,0.772393021544993,-0.5198564725298206,-0.29731818956898254,750,750,750,750,750,0,1.0000,1.0000,11.2741,20.5104,1.3794,0,True,3.28,True,0.11171720773805276,0.878111395132894,-0.46523074192595554,0.24,3.0000,0.51,0.2335,97.3715,1.0000,0.0291,0,750,0,0,0.044705
1078,43,924000000,43.924000000,-60.81677013691226,-56.70715832559441,-62.81732416418463,0.21041196973930681,0.7738055281140404,-0.5181055155029076,-0.2975205580393438,750,750,750,750,750,0,1.0000,1.0000,11.0338,20.2917,1.3920,0,True,3.28,True,0.10176946100896533,0.8927065631747378,-0.43899654767514124,0.29,4.0000,0.50,0.2136,97.3726,1.0000,0.0028,0,750,0,0,0.043761
1079,43,957000000,43.957000000,-60.61355234721728,-55.865971908114005,-63.31843088036187,0.20741348422342681,0.7767199422442075,-0.514689489275468,-0.29796058046629476,750,750,749,750,749,0,0.9987,1.0000,10.8042,20.0880,1.3964,0,True,3.28,True,0.2625310230442469,0.7831623801532482,-0.5636791181621335,0.62,6.0000,0.41,0.1934,97.3747,1.0000,0.0233,0,750,0,0,0.042471
1080,43,990000000,43.990000000,-59.97941608917228,-55.15595294461886,-63.012254007117114,0.21297787057758885,0.7837184415620236,-0.5012048702237271,-0.29869634926434163,749,749,648,749,648,0,0.8652,1.0000,10.0317,19.0989,1.3624,0,True,3.28,True,0.05591465712878221,-6.882315309689074e-05,-0.9984355494379917,1.86,0.0000,0.29,0.1201,97.3767,1.0000,0.0289,0,749,0,0,0.027989
1081,44,23000000,44.023000000,-59.30306786499846,-54.52658707005989,-62.62956395551204,0.2162928765099291,0.7914968044811086,-0.4875754647676956,-0.298362809719677,648,648,441,648,441,0,0.6806,1.0000,10.8767,19.2544,1.3697,0,True,3.28,True,0.001709378671781127,-0.06998988374422983,-0.9975462366216544,1.84,5.0000,0.51,0.2331,97.3826,1.0000,0.1034,0,648,0,0,0.059550
1082,44,56000000,44.056000000,-59.602826799014,-55.28444006139061,-62.05007847251103,0.21079001700125066,0.795528392308278,-0.4834321491571638,-0.2983211405939994,441,441,192,440,192,0,0.4354,1.0000,9.7833,17.5510,1.3430,0,True,1.64,True,-0.11016456120237028,-0.8640921744382387,0.4911298031373028,0.91,4.0000,0.31,0.1530,97.3880,1.0000,0.1088,0,441,0,0,0.043572
1083,44,89000000,44.089000000,-58.951040159932255,-54.678335091804215,-61.59421561708501,0.21203727396748365,0.8010116345531991,-0.4735341464257058,-0.2986401981109188,192,192,192,192,192,0,1.0000,1.0000,7.7522,10.1668,1.6757,0,True,1.64,True,0.023709928615625143,-0.10842855035069592,-0.9938214571812626,1.31,5.0000,0.30,0.1312,97.3941,1.0000,0.1289,0,192,0,0,0.041239
1084,44,122000000,44.122000000,-58.133896425645716,-54.18925195425163,-61.28913562416854,0.2267758673002841,0.8000220122721321,-0.45652855086009253,-0.3164161312889026,192,192,192,192,192,0,1.0000,1.0000,7.5465,9.8984,1.6567,0,True,1.64,True,-0.20875159125708456,0.0021511367189685,-0.9779663316078174,3.29,6.0000,0.29,0.1156,97.4009,1.0000,0.1511,0,192,0,0,0.040764
1085,44,155000000,44.155000000,-57.394774411323965,-53.57810497561057,-61.00594307758086,0.23509170394078938,0.8021115034135072,-0.44425889921714995,-0.3224640403150493,192,192,192,192,192,0,1.0000,1.0000,7.0580,9.3621,1.7131,0,True,1.64,True,-0.03204282200776006,0.10069017848803141,-0.9944017022882793,1.85,4.0000,0.13,0.0656,97.4055,1.0000,0.1058,0,192,0,0,0.025460
1086,44,188000000,44.188000000,-58.02938546289686,-53.12156592967724,-60.38237198078451,0.2295410732518786,0.8050360571550446,-0.44209328944114434,-0.32215115365577096,192,192,116,192,116,0,0.6042,1.0000,7.3707,9.6655,1.7267,0,True,1.64,True,0.9277926347348495,-0.3706041247943366,-0.04305124408411138,0.76,9.0000,0.28,0.1147,97.4153,1.0000,0.2391,0,192,0,0,0.050866
1087,44,221000000,44.221000000,-57.6303318460126,-52.942311912206634,-61.281607327105036,0.23927601371471954,0.7999040986487593,-0.44979300601971217,-0.31715402245826935,116,116,116,116,116,0,1.0000,1.0000,6.6412,8.2090,1.7083,0,True,1.64,True,-0.4407811787527438,0.8971785658590015,-0.02797451376748417,1.64,8.0000,0.19,0.0758,97.4237,1.0000,0.2112,0,116,0,0,0.039987
1088,44,254000000,44.254000000,-58.20688822938675,-52.2763460784001,-60.80824462790613,0.23433432027758783,0.8024561156104736,-0.4482424583754013,-0.31659170451698176,116,116,73,116,73,0,0.6293,1.0000,6.3108,7.9055,1.7412,0,True,1.64,True,0.9777696367144418,-0.14843492950892287,-0.14809999736998555,0.66,6.0000,0.08,0.0455,97.4298,1.0000,0.1603,0,116,0,0,0.028190
1089,44,287000000,44.287000000,-58.20688822938675,-52.2763460784001,-60.80824462790613,0.23433432027758783,0.8024561156104736,-0.4482424583754013,-0.31659170451698176,2000,0,0,0,0,0,0.0000,0.0000,0.0000,0.0000,0.0000,1,True,3.28,True,0.0,0.0,0.0,0.00,7.0000,0.09,0.0529,97.4386,1.0000,0.2357,0,2000,0,0,0.038983
1090,44,320000000,44.320000000,-57.75668644552122,-51.531305042258,-61.30041554158201,0.23365959396810518,0.8027632714119389,-0.44803355506211867,-0.31660741898613365,2000,1976,1574,1941,1574,0,0.7966,0.9880,4.8726,16.9952,2.6810,0,True,3.28,True,0.03446715327343292,0.8324554169448007,-0.5530189817216795,0.09,7.0000,0.08,0.0419,97.4478,1.0000,0.2537,0,1976,0,0,0.039552
1091,44,353000000,44.353000000,-57.3583394967995,-50.684320026462515,-61.652461123093836,0.23328397403184015,0.8029564482911292,-0.4477803453499238,-0.3167527299423162,1573,1570,1559,1560,1559,0,0.9930,0.9981,5.5432,16.8045,1.5957,0,True,3.28,True,0.1778023783984463,0.756213455959088,-0.6297043141524983,0.06,3.0000,0.08,0.0355,97.4593,1.0000,0.3276,0,1570,0,0,0.048389
1092,44,386000000,44.386000000,-56.92783671301512,-49.851187774719605,-61.999675760256004,0.23340753711794202,0.8029391274928097,-0.447626459485443,-0.31692306941298704,1557,1557,1499,1499,1499,0,0.9627,1.0000,6.3275,125.0980,1.7403,0,True,3.28,True,0.1471160393511105,0.7485077109272322,-0.6466011735591866,0.03,4.0000,0.00,0.0145,97.4668,1.0000,0.2207,0,1557,0,0,0.031282
1093,44,419000000,44.419000000,-56.491734959694305,-49.02608732366265,-62.35887557430954,0.233099775939563,0.8030026281382806,-0.44763151860391387,-0.31698154080686436,1499,1496,1355,1359,1355,0,0.9057,0.9980,12.3694,271.3630,1.8981,0,True,3.28,True,0.13463648677282225,0.7556236074822837,-0.6410194850743083,0.04,1.0000,0.00,0.0117,97.4768,1.0000,0.3032,0,1496,0,0,0.041784
1094,44,452000000,44.452000000,-56.11187622074101,-48.1090765965258,-62.480525336975724,0.2339207949810999,0.8031455211952434,-0.44655093812818675,-0.31753833330208725,1354,1354,1331,1331,1331,0,0.9830,1.0000,6.2890,164.0780,1.2457,0,True,3.28,True,0.304735727221901,0.5897056039882049,-0.7479194055374183,0.17,10.0000,0.00,0.0081,97.4837,1.0000,0.2143,0,1354,0,0,0.029001
1095,44,485000000,44.485000000,-55.695672131494476,-47.22313572509552,-62.68517852757824,0.23525729947171298,0.8029109057142357,-0.4458854387632973,-0.3180790090988155,1331,1331,1330,1330,1330,0,0.9992,1.0000,5.5217,15.9760,1.2427,0,True,3.28,True,0.23578188889682916,0.6512106272038873,-0.7213401554640936,0.18,8.0000,0.00,0.0155,97.4921,1.0000,0.2679,0,1331,0,0,0.035953
1096,44,518000000,44.518000000,-55.23273213696122,-46.41482440585047,-63.048935826669045,0.2353647604872329,0.8028137009613164,-0.44600562358565393,-0.3180763663014804,1330,1327,1327,1327,1327,0,1.0000,0.9977,5.3510,15.7742,1.2874,0,True,3.28,True,0.10713967364565961,0.7559012883931788,-0.6458593752022449,0.02,6.0000,0.04,0.0251,97.5008,1.0000,0.2837,0,1327,0,0,0.038051
1097,44,551000000,44.551000000,-54.74711548718858,-45.650065364517765,-63.47239784168745,0.23509605436793873,0.8027603819121877,-0.44632780469251065,-0.31795770978416305,1327,1327,1293,1325,1293,0,0.9744,1.0000,5.2639,15.6370,1.4476,0,True,3.28,True,0.04507830316513079,0.7881644949165038,-0.6138115961243852,0.05,3.0000,0.07,0.0290,97.5080,1.0000,0.2438,0,1327,0,0,0.032975
1098,44,584000000,44.584000000,-54.36304658546174,-44.75305028882828,-63.69115577345702,0.2348405079441254,0.8030552860253338,-0.44614033054723995,-0.3176648373278255,1293,1290,1285,1290,1285,0,0.9961,0.9977,5.2410,15.4758,1.4700,0,True,3.28,True,0.26345459690892425,0.6658950835786562,-0.6979795219297846,0.06,6.0000,0.08,0.0400,97.5158,1.0000,0.2690,0,1290,0,0,0.037026
1099,44,617000000,44.617000000,-53.9702899805948,-43.859855858019316,-63.910121428538424,0.23447801876052762,0.8033859042693595,-0.445995417990966,-0.31729991281200287,1285,1279,1228,1257,1228,0,0.9601,0.9953,6.0429,158.6743,1.7100,0,True,3.28,True,0.25406437982312435,0.6654944202758919,-0.7018322217501456,0.07,5.0000,0.08,0.0405,97.5221,1.0000,0.2220,0,1279,0,0,0.031408
1100,44,650000000,44.650000000,-53.442582985511315,-43.07573897754853,-64.23674972660932,0.23434706575769196,0.8032504115105549,-0.44634911856073256,-0.31724232620969967,1228,1216,1211,1212,1211,0,0.9959,0.9902,5.4315,15.3056,1.5326,0,True,3.28,True,0.05571412804592407,0.7180821792409751,-0.6937246714602376,0.05,2.0000,0.08,0.0354,97.5267,1.0000,0.1689,0,1216,0,0,0.024545
1101,44,683000000,44.683000000,-52.98815187415062,-42.18623415510808,-64.2844313360897,0.2352133158682086,0.8037508564534407,-0.4447665984124683,-0.31755618357267906,1211,1205,1200,1200,1200,0,0.9959,0.9950,5.1277,30.6727,1.5107,0,True,3.28,True,0.25941565345505957,0.5210448467899786,-0.8131517609745995,0.22,8.0000,0.17,0.0736,97.5346,1.0000,0.2953,0,1205,0,0,0.044849
1102,44,716000000,44.716000000,-52.50953507624915,-41.34369081646412,-64.53150760624368,0.23504522449942591,0.8037989985273659,-0.4448839680650777,-0.3173943404742575,1199,1197,1196,1197,1196,0,0.9992,0.9983,5.2070,14.9978,1.6025,0,True,3.28,True,0.15301140952330605,0.6753060919398791,-0.7214909498701829,0.03,8.0000,0.08,0.0526,97.5394,1.0000,0.1818,0,1197,0,0,0.029112
1103,44,749000000,44.749000000,-52.01472903643415,-40.511512961695324,-64.78180143556229,0.2354256496794382,0.803349941152247,-0.44539226115966496,-0.31753640613759004,1196,1196,1183,1184,1183,0,0.9891,1.0000,5.3680,36.9850,1.7861,0,True,3.28,True,0.13365220664375474,0.674399579953724,-0.7261696043056993,0.09,6.0000,0.08,0.0442,97.5428,1.0000,0.1371,0,1196,0,0,0.022961
1104,44,782000000,44.782000000,-51.63018810297224,-39.59727019821502,-64.90942760809801,0.23606183435182826,0.8032442460380168,-0.4454281548487239,-0.31728102754077364,1183,1183,1161,1161,1161,0,0.9814,1.0000,5.9951,138.6933,1.7304,0,True,3.28,True,0.3017030303725796,0.5972724419934495,-0.7431291351435388,0.08,11.0000,0.20,0.0876,97.5485,1.0000,0.2294,0,1183,0,0,0.031480
