frame_idx,timestamp_sec,timestamp_nanosec,timestamp_total_sec,pos_x,pos_y,pos_z,rot_x,rot_y,rot_z,rot_w,num_detected,num_matched,num_inliers,num_inliers_E,num_inliers_pose,num_inliers_H,inlier_ratio,feature_survival_rate,feature_vel_mean,feature_vel_max,mean_lk_err,consecutive_low_inliers,failure_triggered_streak,window_low_inlier_pct,failure_triggered_window,rel_tx,rel_ty,rel_tz,rel_rot_deg,eis_dt_ms,eis_crop_pct,eis_warp_deg,eis_cum_warp_deg,eis_gate_scale,eis_yaw_rate_deg,is_r_frame,num_active,num_pending,promotions_this_frame,bd_ratio
0,7,657000000,7.657000000,0.0,0.0,0.0,0.0,0.0,0.0,1.0,963,0,0,0,0,0,0.0000,0.0000,0.0000,0.0000,0.0000,1,False,100.00,True,0.0,0.0,0.0,0.00,110.0000,0.00,0.0000,0.0000,1.0000,0.0000,0,963,0,0,0.000000
1,7,690000000,7.690000000,0.0,0.0,0.0,0.0,0.0,0.0,1.0,963,963,0,963,0,0,0.0000,1.0000,0.0000,0.0000,0.0000,2,False,100.00,True,0.0,0.0,0.0,0.00,77.0000,0.00,0.0000,0.0000,1.0000,0.0000,0,963,0,0,0.000000
2,7,723000000,7.723000000,0.0,0.0,0.0,0.0,0.0,0.0,1.0,963,963,0,963,0,0,0.0000,1.0000,0.0000,0.0000,0.0000,3,False,100.00,True,0.0,0.0,0.0,0.00,44.0000,0.00,0.0000,0.0000,1.0000,0.0000,0,963,0,0,0.000000
3,7,756000000,7.756000000,0.0,0.0,0.0,0.0,0.0,0.0,1.0,963,963,0,963,0,0,0.0000,1.0000,0.0000,0.0000,0.0000,4,False,100.00,True,0.0,0.0,0.0,0.00,11.0000,0.00,0.0000,0.0000,1.0000,0.0000,0,963,0,0,0.000000
4,7,789000000,7.789000000,0.0,0.0,0.0,0.0,0.0,0.0,1.0,963,963,0,963,0,0,0.0000,1.0000,0.0000,0.0000,0.0000,5,False,100.00,True,0.0,0.0,0.0,0.00,8.0000,0.00,0.0000,0.0000,1.0000,0.0000,0,963,0,0,0.000000
5,7,822000000,7.822000000,0.0,0.0,0.0,0.0,0.0,0.0,1.0,963,963,0,963,0,0,0.0000,1.0000,0.0000,0.0000,0.0000,6,False,100.00,True,0.0,0.0,0.0,0.00,5.0000,0.00,0.0000,0.0000,1.0000,0.0000,0,963,0,0,0.000000
6,7,855000000,7.855000000,0.0,0.0,0.0,0.0,0.0,0.0,1.0,963,963,0,963,0,0,0.0000,1.0000,0.0000,0.0000,0.0000,7,False,100.00,True,0.0,0.0,0.0,0.00,4.0000,0.00,0.0000,0.0000,1.0000,0.0000,0,963,0,0,0.000000
7,7,888000000,7.888000000,0.0,0.0,0.0,0.0,0.0,0.0,1.0,963,963,0,963,0,0,0.0000,1.0000,0.0000,0.0000,0.0000,8,False,100.00,True,0.0,0.0,0.0,0.00,3.0000,0.00,0.0000,0.0000,1.0000,0.0000,0,963,0,0,0.000000
8,7,921000000,7.921000000,0.0,0.0,0.0,0.0,0.0,0.0,1.0,963,963,0,963,0,0,0.0000,1.0000,0.0000,0.0000,0.0000,9,False,100.00,True,0.0,0.0,0.0,0.00,2.0000,0.00,0.0000,0.0000,1.0000,0.0000,0,963,0,0,0.000000
9,7,954000000,7.954000000,0.0,0.0,0.0,0.0,0.0,0.0,1.0,963,963,0,963,0,0,0.0000,1.0000,0.0000,0.0000,0.0000,10,True,100.00,True,0.0,0.0,0.0,0.00,16.0000,0.00,0.0000,0.0000,1.0000,0.0000,0,963,0,0,0.000000
10,7,987000000,7.987000000,0.0,0.0,0.0,0.0,0.0,0.0,1.0,963,963,0,963,0,0,0.0000,1.0000,0.0000,0.0000,0.0000,11,True,100.00,True,0.0,0.0,0.0,0.00,13.0000,0.00,0.0000,0.0000,1.0000,0.0000,0,963,0,0,0.000000
11,8,20000000,8.020000000,0.0,0.0,0.0,0.0,0.0,0.0,1.0,963,963,0,963,0,0,0.0000,1.0000,0.0000,0.0000,0.0000,12,True,100.00,True,0.0,0.0,0.0,0.00,1.0000,0.00,0.0000,0.0000,1.0000,0.0000,0,963,0,0,0.000000
12,8,53000000,8.053000000,0.0,0.0,0.0,0.0,0.0,0.0,1.0,963,963,0,963,0,0,0.0000,1.0000,0.0000,0.0000,0.0000,13,True,100.00,True,0.0,0.0,0.0,0.00,16.0000,0.00,0.0000,0.0000,1.0000,0.0000,0,963,0,0,0.000000
13,8,86000000,8.086000000,0.0,0.0,0.0,0.0,0.0,0.0,1.0,963,963,0,963,0,0,0.0000,1.0000,0.0000,0.0000,0.0000,14,True,100.00,True,0.0,0.0,0.0,0.00,3.0000,0.00,0.0000,0.0000,1.0000,0.0000,0,963,0,0,0.000000
14,8,119000000,8.119000000,0.0,0.0,0.0,0.0,0.0,0.0,1.0,963,963,0,963,0,0,0.0000,1.0000,0.0000,0.0000,0.0000,15,True,100.00,True,0.0,0.0,0.0,0.00,12.0000,0.00,0.0000,0.0000,1.0000,0.0000,0,963,0,0,0.000000
15,8,152000000,8.152000000,0.0,0.0,0.0,0.0,0.0,0.0,1.0,963,963,0,963,0,0,0.0000,1.0000,0.0000,0.0000,0.0000,16,True,100.00,True,0.0,0.0,0.0,0.00,21.0000,0.00,0.0000,0.0000,1.0000,0.0000,0,963,0,0,0.000000
16,8,185000000,8.185000000,0.0,0.0,0.0,0.0,0.0,0.0,1.0,963,963,0,963,0,0,0.0000,1.0000,0.0000,0.0000,0.0000,17,True,100.00,True,0.0,0.0,0.0,0.00,5.0000,0.00,0.0000,0.0000,1.0000,0.0000,0,963,0,0,0.000000
17,8,218000000,8.218000000,0.0,0.0,0.0,0.0,0.0,0.0,1.0,963,963,0,963,0,0,0.0000,1.0000,0.0000,0.0000,0.0000,18,True,100.00,True,0.0,0.0,0.0,0.00,10.0000,0.00,0.0000,0.0000,1.0000,0.0000,0,963,0,0,0.000000
18,8,251000000,8.251000000,0.0,0.0,0.0,0.0,0.0,0.0,1.0,963,963,0,963,0,0,0.0000,1.0000,0.0000,0.0000,0.0000,19,True,100.00,True,0.0,0.0,0.0,0.00,16.0000,0.00,0.0000,0.0000,1.0000,0.0000,0,963,0,0,0.000000
19,8,284000000,8.284000000,0.0,0.0,0.0,0.0,0.0,0.0,1.0,963,963,0,963,0,0,0.0000,1.0000,0.0000,0.0000,0.0000,20,True,100.00,True,0.0,0.0,0.0,0.00,14.0000,0.00,0.0000,0.0000,1.0000,0.0000,0,963,0,0,0.000000
20,8,317000000,8.317000000,0.0,0.0,0.0,0.0,0.0,0.0,1.0,963,963,0,963,0,0,0.0000,1.0000,0.0000,0.0000,0.0000,21,True,100.00,True,0.0,0.0,0.0,0.00,16.0000,0.00,0.0000,0.0000,1.0000,0.0000,0,963,0,0,0.000000
21,8,350000000,8.350000000,0.0,0.0,0.0,0.0,0.0,0.0,1.0,963,963,0,963,0,0,0.0000,1.0000,0.0000,0.0000,0.0000,22,True,100.00,True,0.0,0.0,0.0,0.00,16.0000,0.00,0.0000,0.0000,1.0000,0.0000,0,963,0,0,0.000000
22,8,383000000,8.383000000,0.0,0.0,0.0,0.0,0.0,0.0,1.0,963,963,0,963,0,0,0.0000,1.0000,0.0000,0.0000,0.0000,23,True,100.00,True,0.0,0.0,0.0,0.00,2.0000,0.00,0.0000,0.0000,1.0000,0.0000,0,963,0,0,0.000000
23,8,416000000,8.416000000,0.0,0.0,0.0,0.0,0.0,0.0,1.0,963,963,0,963,0,0,0.0000,1.0000,0.0000,0.0000,0.0000,24,True,100.00,True,0.0,0.0,0.0,0.00,6.0000,0.00,0.0000,0.0000,1.0000,0.0000,0,963,0,0,0.000000
24,8,449000000,8.449000000,0.0,0.0,0.0,0.0,0.0,0.0,1.0,963,963,0,963,0,0,0.0000,1.0000,0.0000,0.0000,0.0000,25,True,100.00,True,0.0,0.0,0.0,0.00,5.0000,0.00,0.0000,0.0000,1.0000,0.0000,0,963,0,0,0.000000
25,8,482000000,8.482000000,0.0,0.0,0.0,0.0,0.0,0.0,1.0,963,963,0,963,0,0,0.0000,1.0000,0.0000,0.0000,0.0000,26,True,100.00,True,0.0,0.0,0.0,0.00,0.0000,0.00,0.0000,0.0000,1.0000,0.0000,0,963,0,0,0.000000
26,8,515000000,8.515000000,0.0,0.0,0.0,0.0,0.0,0.0,1.0,963,963,0,963,0,0,0.0000,1.0000,0.0000,0.0000,0.0000,27,True,100.00,True,0.0,0.0,0.0,0.00,16.0000,0.00,0.0000,0.0000,1.0000,0.0000,0,963,0,0,0.000000
27,8,548000000,8.548000000,0.0,0.0,0.0,0.0,0.0,0.0,1.0,963,963,0,963,0,0,0.0000,1.0000,0.0000,0.0000,0.0000,28,True,100.00,True,0.0,0.0,0.0,0.00,0.0000,0.00,0.0000,0.0000,1.0000,0.0000,0,963,0,0,0.000000
28,8,581000000,8.581000000,0.0,0.0,0.0,0.0,0.0,0.0,1.0,963,963,0,963,0,0,0.0000,1.0000,0.0000,0.0000,0.0000,29,True,100.00,True,0.0,0.0,0.0,0.00,13.0000,0.00,0.0000,0.0000,1.0000,0.0000,0,963,0,0,0.000000
29,8,614000000,8.614000000,0.0,0.0,0.0,0.0,0.0,0.0,1.0,963,963,0,963,0,0,0.0000,1.0000,0.0000,0.0000,0.0000,30,True,100.00,True,0.0,0.0,0.0,0.00,2.0000,0.00,0.0000,0.0000,1.0000,0.0000,0,963,0,0,0.000000
30,8,647000000,8.647000000,0.0,0.0,0.0,0.0,0.0,0.0,1.0,963,963,0,963,0,0,0.0000,1.0000,0.0000,0.0000,0.0000,31,True,100.00,True,0.0,0.0,0.0,0.00,0.0000,0.00,0.0000,0.0000,1.0000,0.0000,0,963,0,0,0.000000
31,8,680000000,8.680000000,0.0,0.0,0.0,0.0,0.0,0.0,1.0,963,963,0,963,0,0,0.0000,1.0000,0.0000,0.0000,0.0000,32,True,100.00,True,0.0,0.0,0.0,0.00,0.0000,0.00,0.0000,0.0000,1.0000,0.0000,0,963,0,0,0.000000
32,8,713000000,8.713000000,0.0,0.0,0.0,0.0,0.0,0.0,1.0,963,963,0,963,0,0,0.0000,1.0000,0.0000,0.0000,0.0000,33,True,100.00,True,0.0,0.0,0.0,0.00,3.0000,0.00,0.0000,0.0000,1.0000,0.0000,0,963,0,0,0.000000
33,8,746000000,8.746000000,0.0,0.0,0.0,0.0,0.0,0.0,1.0,963,963,0,963,0,0,0.0000,1.0000,0.0000,0.0000,0.0000,34,True,100.00,True,0.0,0.0,0.0,0.00,17.0000,0.00,0.0000,0.0000,1.0000,0.0000,0,963,0,0,0.000000
34,8,779000000,8.779000000,0.0,0.0,0.0,0.0,0.0,0.0,1.0,963,963,0,963,0,0,0.0000,1.0000,0.0000,0.0000,0.0000,35,True,100.00,True,0.0,0.0,0.0,0.00,5.0000,0.00,0.0000,0.0000,1.0000,0.0000,0,963,0,0,0.000000
35,8,812000000,8.812000000,0.0,0.0,0.0,0.0,0.0,0.0,1.0,963,963,0,963,0,0,0.0000,1.0000,0.0000,0.0000,0.0000,36,True,100.00,True,0.0,0.0,0.0,0.00,12.0000,0.00,0.0000,0.0000,1.0000,0.0000,0,963,0,0,0.000000
36,8,845000000,8.845000000,0.0,0.0,0.0,0.0,0.0,0.0,1.0,963,963,0,963,0,0,0.0000,1.0000,0.0000,0.0000,0.0000,37,True,100.00,True,0.0,0.0,0.0,0.00,8.0000,0.00,0.0000,0.0000,1.0000,0.0000,0,963,0,0,0.000000
37,8,878000000,8.878000000,0.0,0.0,0.0,0.0,0.0,0.0,1.0,963,963,0,963,0,0,0.0000,1.0000,0.0000,0.0000,0.0000,38,True,100.00,True,0.0,0.0,0.0,0.00,14.0000,0.00,0.0000,0.0000,1.0000,0.0000,0,963,0,0,0.000000
38,8,911000000,8.911000000,0.0,0.0,0.0,0.0,0.0,0.0,1.0,963,963,0,963,0,0,0.0000,1.0000,0.0000,0.0000,0.0000,39,True,100.00,True,0.0,0.0,0.0,0.00,4.0000,0.00,0.0000,0.0000,1.0000,0.0000,0,963,0,0,0.000000
39,8,944000000,8.944000000,0.0,0.0,0.0,0.0,0.0,0.0,1.0,963,963,0,963,0,0,0.0000,1.0000,0.0000,0.0000,0.0000,40,True,100.00,True,0.0,0.0,0.0,0.00,1.0000,0.00,0.0000,0.0000,1.0000,0.0000,0,963,0,0,0.000000
40,8,977000000,8.977000000,0.0,0.0,0.0,0.0,0.0,0.0,1.0,963,963,0,963,0,0,0.0000,1.0000,0.0000,0.0000,0.0000,41,True,100.00,True,0.0,0.0,0.0,0.00,0.0000,0.00,0.0000,0.0000,1.0000,0.0000,0,963,0,0,0.000000
41,9,10000000,9.010000000,0.0,0.0,0.0,0.0,0.0,0.0,1.0,963,963,0,963,0,0,0.0000,1.0000,0.0000,0.0000,0.0000,42,True,100.00,True,0.0,0.0,0.0,0.00,11.0000,0.00,0.0000,0.0000,1.0000,0.0000,0,963,0,0,0.000000
42,9,43000000,9.043000000,0.0,0.0,0.0,0.0,0.0,0.0,1.0,963,963,0,963,0,0,0.0000,1.0000,0.0000,0.0000,0.0000,43,True,100.00,True,0.0,0.0,0.0,0.00,11.0000,0.00,0.0000,0.0000,1.0000,0.0000,0,963,0,0,0.000000
43,9,76000000,9.076000000,0.0,0.0,0.0,0.0,0.0,0.0,1.0,963,963,0,963,0,0,0.0000,1.0000,0.0000,0.0000,0.0000,44,True,100.00,True,0.0,0.0,0.0,0.00,2.0000,0.00,0.0000,0.0000,1.0000,0.0000,0,963,0,0,0.000000
44,9,109000000,9.109000000,0.0,0.0,0.0,0.0,0.0,0.0,1.0,963,963,0,963,0,0,0.0000,1.0000,0.0000,0.0000,0.0000,45,True,100.00,True,0.0,0.0,0.0,0.00,2.0000,0.00,0.0000,0.0000,1.0000,0.0000,0,963,0,0,0.000000
45,9,142000000,9.142000000,0.0,0.0,0.0,0.0,0.0,0.0,1.0,963,963,0,963,0,0,0.0000,1.0000,0.0000,0.0000,0.0000,46,True,100.00,True,0.0,0.0,0.0,0.00,3.0000,0.00,0.0000,0.0000,1.0000,0.0000,0,963,0,0,0.000000
46,9,175000000,9.175000000,0.0,0.0,0.0,0.0,0.0,0.0,1.0,963,963,0,963,0,0,0.0000,1.0000,0.0000,0.0000,0.0000,47,True,100.00,True,0.0,0.0,0.0,0.00,0.0000,0.00,0.0000,0.0000,1.0000,0.0000,0,963,0,0,0.000000
47,9,208000000,9.208000000,0.0,0.0,0.0,0.0,0.0,0.0,1.0,963,963,0,963,0,0,0.0000,1.0000,0.0000,0.0000,0.0000,48,True,100.00,True,0.0,0.0,0.0,0.00,5.0000,0.00,0.0000,0.0000,1.0000,0.0000,0,963,0,0,0.000000
48,9,241000000,9.241000000,0.0,0.0,0.0,0.0,0.0,0.0,1.0,963,963,0,963,0,0,0.0000,1.0000,0.0000,0.0000,0.0000,49,True,100.00,True,0.0,0.0,0.0,0.00,6.0000,0.00,0.0000,0.0000,1.0000,0.0000,0,963,0,0,0.000000
49,9,274000000,9.274000000,0.0,0.0,0.0,0.0,0.0,0.0,1.0,963,963,0,963,0,0,0.0000,1.0000,0.0000,0.0000,0.0000,50,True,100.00,True,0.0,0.0,0.0,0.00,1.0000,0.00,0.0000,0.0000,1.0000,0.0000,0,963,0,0,0.000000
50,9,307000000,9.307000000,0.0,0.0,0.0,0.0,0.0,0.0,1.0,963,963,0,963,0,0,0.0000,1.0000,0.0000,0.0000,0.0000,51,True,100.00,True,0.0,0.0,0.0,0.00,2.0000,0.00,0.0000,0.0000,1.0000,0.0000,0,963,0,0,0.000000
51,9,340000000,9.340000000,0.0,0.0,0.0,0.0,0.0,0.0,1.0,963,963,0,963,0,0,0.0000,1.0000,0.0000,0.0000,0.0000,52,True,100.00,True,0.0,0.0,0.0,0.00,2.0000,0.00,0.0000,0.0000,1.0000,0.0000,0,963,0,0,0.000000
52,9,373000000,9.373000000,0.0,0.0,0.0,0.0,0.0,0.0,1.0,963,963,0,963,0,0,0.0000,1.0000,0.0000,0.0000,0.0000,53,True,100.00,True,0.0,0.0,0.0,0.00,2.0000,0.00,0.0000,0.0000,1.0000,0.0000,0,963,0,0,0.000000
53,9,406000000,9.406000000,0.0,0.0,0.0,0.0,0.0,0.0,1.0,963,963,0,963,0,0,0.0000,1.0000,0.0000,0.0000,0.0000,54,True,100.00,True,0.0,0.0,0.0,0.00,0.0000,0.00,0.0000,0.0000,1.0000,0.0000,0,963,0,0,0.000000
54,9,439000000,9.439000000,0.0,0.0,0.0,0.0,0.0,0.0,1.0,963,963,0,963,0,0,0.0000,1.0000,0.0000,0.0000,0.0000,55,True,100.00,True,0.0,0.0,0.0,0.00,2.0000,0.00,0.0000,0.0000,1.0000,0.0000,0,963,0,0,0.000000
55,9,472000000,9.472000000,0.0,0.0,0.0,0.0,0.0,0.0,1.0,963,963,0,963,0,0,0.0000,1.0000,0.0000,0.0000,0.0000,56,True,100.00,True,0.0,0.0,0.0,0.00,6.0000,0.00,0.0000,0.0000,1.0000,0.0000,0,963,0,0,0.000000
56,9,505000000,9.505000000,0.0,0.0,0.0,0.0,0.0,0.0,1.0,963,963,0,963,0,0,0.0000,1.0000,0.0000,0.0000,0.0000,57,True,100.00,True,0.0,0.0,0.0,0.00,9.0000,0.00,0.0000,0.0000,1.0000,0.0000,0,963,0,0,0.000000
57,9,538000000,9.538000000,0.0,0.0,0.0,0.0,0.0,0.0,1.0,963,963,0,963,0,0,0.0000,1.0000,0.0000,0.0000,0.0000,58,True,100.00,True,0.0,0.0,0.0,0.00,11.0000,0.00,0.0000,0.0000,1.0000,0.0000,0,963,0,0,0.000000
58,9,571000000,9.571000000,0.0,0.0,0.0,0.0,0.0,0.0,1.0,963,963,0,963,0,0,0.0000,1.0000,0.0000,0.0000,0.0000,59,True,100.00,True,0.0,0.0,0.0,0.00,9.0000,0.00,0.0000,0.0000,1.0000,0.0000,0,963,0,0,0.000000
59,9,604000000,9.604000000,0.0,0.0,0.0,0.0,0.0,0.0,1.0,963,953,0,953,0,0,0.0000,0.9896,0.0000,0.0024,0.0000,60,True,100.00,True,0.0,0.0,0.0,0.00,11.0000,0.00,0.0000,0.0000,1.0000,0.0000,0,953,0,0,0.000000
60,9,637000000,9.637000000,0.0,0.0,0.0,0.0,0.0,0.0,1.0,953,953,0,953,0,0,0.0000,1.0000,0.0000,0.0013,0.0000,61,True,100.00,True,0.0,0.0,0.0,0.00,6.0000,0.00,0.0000,0.0000,1.0000,0.0000,0,953,0,0,0.000000
61,9,670000000,9.670000000,0.0,0.0,0.0,0.0,0.0,0.0,1.0,953,953,0,953,0,0,0.0000,1.0000,0.0000,0.0000,0.0000,62,True,100.00,True,0.0,0.0,0.0,0.00,10.0000,0.00,0.0000,0.0000,1.0000,0.0000,0,953,0,0,0.000000
62,9,703000000,9.703000000,0.0,0.0,0.0,0.0,0.0,0.0,1.0,953,953,0,953,0,0,0.0000,1.0000,0.0000,0.0000,0.0000,63,True,100.00,True,0.0,0.0,0.0,0.00,2.0000,0.00,0.0000,0.0000,1.0000,0.0000,0,953,0,0,0.000000
63,9,736000000,9.736000000,0.0,0.0,0.0,0.0,0.0,0.0,1.0,953,953,0,953,0,0,0.0000,1.0000,0.0000,0.0000,0.0000,64,True,100.00,True,0.0,0.0,0.0,0.00,4.0000,0.00,0.0000,0.0000,1.0000,0.0000,0,953,0,0,0.000000
64,9,769000000,9.769000000,0.0,0.0,0.0,0.0,0.0,0.0,1.0,953,953,0,953,0,0,0.0000,1.0000,0.0000,0.0000,0.0000,65,True,100.00,True,0.0,0.0,0.0,0.00,14.0000,0.00,0.0000,0.0000,1.0000,0.0000,0,953,0,0,0.000000
65,9,802000000,9.802000000,0.0,0.0,0.0,0.0,0.0,0.0,1.0,953,950,0,950,0,0,0.0000,0.9969,0.0000,0.0011,0.0000,66,True,100.00,True,0.0,0.0,0.0,0.00,2.0000,0.00,0.0000,0.0000,1.0000,0.0000,0,950,0,0,0.000000
66,9,835000000,9.835000000,0.0,0.0,0.0,0.0,0.0,0.0,1.0,950,950,0,950,0,0,0.0000,1.0000,0.0000,0.0027,0.0000,67,True,100.00,True,0.0,0.0,0.0,0.00,3.0000,0.00,0.0000,0.0000,1.0000,0.0000,0,950,0,0,0.000000
67,9,868000000,9.868000000,0.0,0.0,0.0,0.0,0.0,0.0,1.0,950,950,0,950,0,0,0.0000,1.0000,0.0000,0.0000,0.0000,68,True,100.00,True,0.0,0.0,0.0,0.00,8.0000,0.00,0.0000,0.0000,1.0000,0.0000,0,950,0,0,0.000000
68,9,901000000,9.901000000,0.0,0.0,0.0,0.0,0.0,0.0,1.0,950,950,0,950,0,0,0.0000,1.0000,0.0000,0.0000,0.0000,69,True,100.00,True,0.0,0.0,0.0,0.00,2.0000,0.00,0.0000,0.0000,1.0000,0.0000,0,950,0,0,0.000000
69,9,934000000,9.934000000,0.0,0.0,0.0,0.0,0.0,0.0,1.0,950,950,0,950,0,0,0.0000,1.0000,0.0000,0.0000,0.0000,70,True,100.00,True,0.0,0.0,0.0,0.00,14.0000,0.00,0.0000,0.0000,1.0000,0.0000,0,950,0,0,0.000000
70,9,967000000,9.967000000,0.0,0.0,0.0,0.0,0.0,0.0,1.0,950,950,0,950,0,0,0.0000,1.0000,0.0000,0.0000,0.0000,71,True,100.00,True,0.0,0.0,0.0,0.00,12.0000,0.00,0.0000,0.0000,1.0000,0.0000,0,950,0,0,0.000000
71,10,0,10.000000000,0.0,0.0,0.0,0.0,0.0,0.0,1.0,950,950,0,950,0,0,0.0000,1.0000,0.0000,0.0000,0.0000,72,True,100.00,True,0.0,0.0,0.0,0.00,16.0000,0.00,0.0000,0.0000,1.0000,0.0000,0,950,0,0,0.000000
72,10,33000000,10.033000000,0.0,0.0,0.0,0.0,0.0,0.0,1.0,950,950,0,950,0,0,0.0000,1.0000,0.0000,0.0018,0.0000,73,True,100.00,True,0.0,0.0,0.0,0.00,3.0000,0.00,0.0000,0.0000,1.0000,0.0000,0,950,0,0,0.000000
73,10,66000000,10.066000000,0.0,0.0,0.0,0.0,0.0,0.0,1.0,950,950,0,950,0,0,0.0000,1.0000,0.0000,0.0000,0.0000,74,True,100.00,True,0.0,0.0,0.0,0.00,2.0000,0.00,0.0000,0.0000,1.0000,0.0000,0,950,0,0,0.000000
74,10,99000000,10.099000000,0.0,0.0,0.0,0.0,0.0,0.0,1.0,950,950,0,950,0,0,0.0000,1.0000,0.0000,0.0000,0.0000,75,True,100.00,True,0.0,0.0,0.0,0.00,4.0000,0.00,0.0000,0.0000,1.0000,0.0000,0,950,0,0,0.000000
75,10,132000000,10.132000000,0.0,0.0,0.0,0.0,0.0,0.0,1.0,950,950,0,950,0,0,0.0000,1.0000,0.0000,0.0000,0.0000,76,True,100.00,True,0.0,0.0,0.0,0.00,15.0000,0.00,0.0000,0.0000,1.0000,0.0000,0,950,0,0,0.000000
76,10,165000000,10.165000000,0.0,0.0,0.0,0.0,0.0,0.0,1.0,950,950,0,950,0,0,0.0000,1.0000,0.0000,0.0000,0.0000,77,True,100.00,True,0.0,0.0,0.0,0.00,12.0000,0.00,0.0000,0.0000,1.0000,0.0000,0,950,0,0,0.000000
77,10,198000000,10.198000000,0.0,0.0,0.0,0.0,0.0,0.0,1.0,950,950,0,950,0,0,0.0000,1.0000,0.0000,0.0000,0.0000,78,True,100.00,True,0.0,0.0,0.0,0.00,6.0000,0.00,0.0000,0.0000,1.0000,0.0000,0,950,0,0,0.000000
78,10,231000000,10.231000000,0.0,0.0,0.0,0.0,0.0,0.0,1.0,950,950,0,950,0,0,0.0000,1.0000,0.0000,0.0031,0.0000,79,True,100.00,True,0.0,0.0,0.0,0.00,2.0000,0.00,0.0000,0.0000,1.0000,0.0000,0,950,0,0,0.000000
79,10,264000000,10.264000000,0.0,0.0,0.0,0.0,0.0,0.0,1.0,950,950,0,950,0,0,0.0000,1.0000,0.0000,0.0031,0.0000,80,True,100.00,True,0.0,0.0,0.0,0.00,14.0000,0.00,0.0000,0.0000,1.0000,0.0000,0,950,0,0,0.000000
80,10,297000000,10.297000000,0.0,0.0,0.0,0.0,0.0,0.0,1.0,950,950,0,950,0,0,0.0000,1.0000,0.0000,0.0000,0.0000,81,True,100.00,True,0.0,0.0,0.0,0.00,5.0000,0.00,0.0000,0.0000,1.0000,0.0000,0,950,0,0,0.000000
81,10,330000000,10.330000000,0.0,0.0,0.0,0.0,0.0,0.0,1.0,950,950,0,950,0,0,0.0000,1.0000,0.0000,0.0000,0.0000,82,True,100.00,True,0.0,0.0,0.0,0.00,14.0000,0.00,0.0000,0.0000,1.0000,0.0000,0,950,0,0,0.000000
82,10,363000000,10.363000000,0.0,0.0,0.0,0.0,0.0,0.0,1.0,950,950,0,950,0,0,0.0000,1.0000,0.0000,0.0000,0.0000,83,True,100.00,True,0.0,0.0,0.0,0.00,12.0000,0.00,0.0000,0.0000,1.0000,0.0000,0,950,0,0,0.000000
83,10,396000000,10.396000000,0.0,0.0,0.0,0.0,0.0,0.0,1.0,950,950,0,950,0,0,0.0000,1.0000,0.0000,0.0000,0.0000,84,True,100.00,True,0.0,0.0,0.0,0.00,12.0000,0.00,0.0000,0.0000,1.0000,0.0000,0,950,0,0,0.000000
84,10,429000000,10.429000000,0.0,0.0,0.0,0.0,0.0,0.0,1.0,950,950,0,950,0,0,0.0000,1.0000,0.0000,0.0011,0.0000,85,True,100.00,True,0.0,0.0,0.0,0.00,4.0000,0.00,0.0000,0.0000,1.0000,0.0000,0,950,0,0,0.000000
85,10,462000000,10.462000000,0.0,0.0,0.0,0.0,0.0,0.0,1.0,950,950,0,950,0,0,0.0000,1.0000,0.0000,0.0014,0.0000,86,True,100.00,True,0.0,0.0,0.0,0.00,8.0000,0.00,0.0000,0.0000,1.0000,0.0000,0,950,0,0,0.000000
86,10,495000000,10.495000000,0.0,0.0,0.0,0.0,0.0,0.0,1.0,950,950,0,950,0,0,0.0000,1.0000,0.0000,0.0000,0.0000,87,True,100.00,True,0.0,0.0,0.0,0.00,12.0000,0.00,0.0000,0.0000,1.0000,0.0000,0,950,0,0,0.000000
87,10,528000000,10.528000000,0.0,0.0,0.0,0.0,0.0,0.0,1.0,950,950,0,950,0,0,0.0000,1.0000,0.0000,0.0000,0.0000,88,True,100.00,True,0.0,0.0,0.0,0.00,3.0000,0.00,0.0000,0.0000,1.0000,0.0000,0,950,0,0,0.000000
88,10,561000000,10.561000000,0.0,0.0,0.0,0.0,0.0,0.0,1.0,950,950,0,950,0,0,0.0000,1.0000,0.0000,0.0000,0.0000,89,True,100.00,True,0.0,0.0,0.0,0.00,0.0000,0.00,0.0000,0.0000,1.0000,0.0000,0,950,0,0,0.000000
89,10,594000000,10.594000000,0.0,0.0,0.0,0.0,0.0,0.0,1.0,950,950,0,950,0,0,0.0000,1.0000,0.0000,0.0000,0.0000,90,True,100.00,True,0.0,0.0,0.0,0.00,3.0000,0.00,0.0000,0.0000,1.0000,0.0000,0,950,0,0,0.000000
90,10,627000000,10.627000000,0.0,0.0,0.0,0.0,0.0,0.0,1.0,950,950,0,950,0,0,0.0000,1.0000,0.0000,0.0002,0.0000,91,True,100.00,True,0.0,0.0,0.0,0.00,7.0000,0.00,0.0000,0.0000,1.0000,0.0000,0,950,0,0,0.000000
91,10,660000000,10.660000000,0.0,0.0,0.0,0.0,0.0,0.0,1.0,950,950,0,950,0,0,0.0000,1.0000,0.0000,0.0031,0.0000,92,True,100.00,True,0.0,0.0,0.0,0.00,3.0000,0.00,0.0000,0.0000,1.0000,0.0000,0,950,0,0,0.000000
92,10,693000000,10.693000000,0.0,0.0,0.0,0.0,0.0,0.0,1.0,950,950,0,950,0,0,0.0000,1.0000,0.0000,0.0000,0.0000,93,True,100.00,True,0.0,0.0,0.0,0.00,12.0000,0.00,0.0000,0.0000,1.0000,0.0000,0,950,0,0,0.000000
93,10,726000000,10.726000000,0.0,0.0,0.0,0.0,0.0,0.0,1.0,950,950,0,950,0,0,0.0000,1.0000,0.0000,0.0000,0.0000,94,True,100.00,True,0.0,0.0,0.0,0.00,5.0000,0.00,0.0000,0.0000,1.0000,0.0000,0,950,0,0,0.000000
94,10,759000000,10.759000000,0.0,0.0,0.0,0.0,0.0,0.0,1.0,950,950,0,950,0,0,0.0000,1.0000,0.0000,0.0000,0.0000,95,True,100.00,True,0.0,0.0,0.0,0.00,3.0000,0.00,0.0000,0.0000,1.0000,0.0000,0,950,0,0,0.000000
95,10,792000000,10.792000000,0.0,0.0,0.0,0.0,0.0,0.0,1.0,950,950,0,950,0,0,0.0000,1.0000,0.0000,0.0000,0.0000,96,True,100.00,True,0.0,0.0,0.0,0.00,2.0000,0.00,0.0000,0.0000,1.0000,0.0000,0,950,0,0,0.000000
96,10,825000000,10.825000000,0.0,0.0,0.0,0.0,0.0,0.0,1.0,950,950,0,950,0,0,0.0000,1.0000,0.0000,0.0023,0.0000,97,True,100.00,True,0.0,0.0,0.0,0.00,1.0000,0.00,0.0000,0.0000,1.0000,0.0000,0,950,0,0,0.000000
97,10,858000000,10.858000000,0.0,0.0,0.0,0.0,0.0,0.0,1.0,950,950,0,950,0,0,0.0000,1.0000,0.0000,0.0000,0.0000,98,True,100.00,True,0.0,0.0,0.0,0.00,0.0000,0.00,0.0000,0.0000,1.0000,0.0000,0,950,0,0,0.000000
98,10,891000000,10.891000000,0.0,0.0,0.0,0.0,0.0,0.0,1.0,950,950,0,950,0,0,0.0000,1.0000,0.0000,0.0000,0.0000,99,True,100.00,True,0.0,0.0,0.0,0.00,15.0000,0.00,0.0000,0.0000,1.0000,0.0000,0,950,0,0,0.000000
99,10,924000000,10.924000000,0.0,0.0,0.0,0.0,0.0,0.0,1.0,950,950,0,950,0,0,0.0000,1.0000,0.0000,0.0000,0.0000,100,True,100.00,True,0.0,0.0,0.0,0.00,15.0000,0.00,0.0000,0.0000,1.0000,0.0000,0,950,0,0,0.000000
100,10,957000000,10.957000000,0.0,0.0,0.0,0.0,0.0,0.0,1.0,950,950,0,950,0,0,0.0000,1.0000,0.0000,0.0011,0.0000,101,True,100.00,True,0.0,0.0,0.0,0.00,12.0000,0.00,0.0000,0.0000,1.0000,0.0000,0,950,0,0,0.000000
101,10,990000000,10.990000000,0.0,0.0,0.0,0.0,0.0,0.0,1.0,950,950,0,950,0,0,0.0000,1.0000,0.0000,0.0021,0.0000,102,True,100.00,True,0.0,0.0,0.0,0.00,8.0000,0.00,0.0000,0.0000,1.0000,0.0000,0,950,0,0,0.000000
102,11,23000000,11.023000000,0.0,0.0,0.0,0.0,0.0,0.0,1.0,950,950,0,950,0,0,0.0000,1.0000,0.0000,0.0000,0.0000,103,True,100.00,True,0.0,0.0,0.0,0.00,15.0000,0.00,0.0000,0.0000,1.0000,0.0000,0,950,0,0,0.000000
103,11,56000000,11.056000000,0.0,0.0,0.0,0.0,0.0,0.0,1.0,950,950,0,950,0,0,0.0000,1.0000,0.0000,0.0000,0.0000,104,True,100.00,True,0.0,0.0,0.0,0.00,4.0000,0.00,0.0000,0.0000,1.0000,0.0000,0,950,0,0,0.000000
104,11,89000000,11.089000000,0.0,0.0,0.0,0.0,0.0,0.0,1.0,950,950,0,950,0,0,0.0000,1.0000,0.0000,0.0021,0.0000,105,True,100.00,True,0.0,0.0,0.0,0.00,12.0000,0.00,0.0000,0.0000,1.0000,0.0000,0,950,0,0,0.000000
105,11,122000000,11.122000000,0.0,0.0,0.0,0.0,0.0,0.0,1.0,950,950,0,950,0,0,0.0000,1.0000,0.0000,0.0002,0.0000,106,True,100.00,True,0.0,0.0,0.0,0.00,1.0000,0.00,0.0000,0.0000,1.0000,0.0000,0,950,0,0,0.000000
106,11,155000000,11.155000000,0.0,0.0,0.0,0.0,0.0,0.0,1.0,950,950,0,950,0,0,0.0000,1.0000,0.0000,0.0000,0.0000,107,True,100.00,True,0.0,0.0,0.0,0.00,2.0000,0.00,0.0000,0.0000,1.0000,0.0000,0,950,0,0,0.000000
107,11,188000000,11.188000000,0.0,0.0,0.0,0.0,0.0,0.0,1.0,950,950,0,950,0,0,0.0000,1.0000,0.0000,0.0000,0.0000,108,True,100.00,True,0.0,0.0,0.0,0.00,12.0000,0.00,0.0000,0.0000,1.0000,0.0000,0,950,0,0,0.000000
108,11,221000000,11.221000000,0.0,0.0,0.0,0.0,0.0,0.0,1.0,950,950,0,950,0,0,0.0000,1.0000,0.0000,0.0021,0.0000,109,True,100.00,True,0.0,0.0,0.0,0.00,11.0000,0.00,0.0000,0.0000,1.0000,0.0000,0,950,0,0,0.000000
109,11,254000000,11.254000000,0.0,0.0,0.0,0.0,0.0,0.0,1.0,950,950,0,950,0,0,0.0000,1.0000,0.0000,0.0000,0.0000,110,True,100.00,True,0.0,0.0,0.0,0.00,16.0000,0.00,0.0000,0.0000,1.0000,0.0000,0,950,0,0,0.000000
110,11,287000000,11.287000000,0.0,0.0,0.0,0.0,0.0,0.0,1.0,950,950,0,950,0,0,0.0000,1.0000,0.0000,0.0000,0.0000,111,True,100.00,True,0.0,0.0,0.0,0.00,14.0000,0.00,0.0000,0.0000,1.0000,0.0000,0,950,0,0,0.000000
111,11,320000000,11.320000000,0.0,0.0,0.0,0.0,0.0,0.0,1.0,950,950,0,950,0,0,0.0000,1.0000,0.0000,0.0032,0.0000,112,True,100.00,True,0.0,0.0,0.0,0.00,3.0000,0.00,0.0000,0.0000,1.0000,0.0000,0,950,0,0,0.000000
112,11,353000000,11.353000000,0.0,0.0,0.0,0.0,0.0,0.0,1.0,950,950,0,950,0,0,0.0000,1.0000,0.0000,0.0000,0.0000,113,True,100.00,True,0.0,0.0,0.0,0.00,0.0000,0.00,0.0000,0.0000,1.0000,0.0000,0,950,0,0,0.000000
113,11,386000000,11.386000000,0.0,0.0,0.0,0.0,0.0,0.0,1.0,950,950,0,950,0,0,0.0000,1.0000,0.0000,0.0000,0.0000,114,True,100.00,True,0.0,0.0,0.0,0.00,12.0000,0.00,0.0000,0.0000,1.0000,0.0000,0,950,0,0,0.000000
114,11,419000000,11.419000000,0.0,0.0,0.0,0.0,0.0,0.0,1.0,950,949,0,949,0,0,0.0000,0.9989,0.0000,0.0029,0.0001,115,True,100.00,True,0.0,0.0,0.0,0.00,14.0000,0.00,0.0000,0.0000,1.0000,0.0000,0,949,0,0,0.000000
115,11,452000000,11.452000000,0.0,0.0,0.0,0.0,0.0,0.0,1.0,949,949,0,949,0,0,0.0000,1.0000,0.0000,0.0000,0.0000,116,True,100.00,True,0.0,0.0,0.0,0.00,14.0000,0.00,0.0000,0.0000,1.0000,0.0000,0,949,0,0,0.000000
116,11,485000000,11.485000000,0.0,0.0,0.0,0.0,0.0,0.0,1.0,949,949,0,949,0,0,0.0000,1.0000,0.0000,0.0000,0.0000,117,True,100.00,True,0.0,0.0,0.0,0.00,5.0000,0.00,0.0000,0.0000,1.0000,0.0000,0,949,0,0,0.000000
117,11,518000000,11.518000000,0.0,0.0,0.0,0.0,0.0,0.0,1.0,949,949,0,949,0,0,0.0000,1.0000,0.0000,0.0022,0.0000,118,True,100.00,True,0.0,0.0,0.0,0.00,4.0000,0.00,0.0000,0.0000,1.0000,0.0000,0,949,0,0,0.000000
118,11,551000000,11.551000000,0.0,0.0,0.0,0.0,0.0,0.0,1.0,949,949,0,949,0,0,0.0000,1.0000,0.0000,0.0000,0.0000,119,True,100.00,True,0.0,0.0,0.0,0.00,1.0000,0.00,0.0000,0.0000,1.0000,0.0000,0,949,0,0,0.000000
119,11,584000000,11.584000000,0.0,0.0,0.0,0.0,0.0,0.0,1.0,949,949,0,949,0,0,0.0000,1.0000,0.0000,0.0013,0.0000,120,True,100.00,True,0.0,0.0,0.0,0.00,4.0000,0.00,0.0000,0.0000,1.0000,0.0000,0,949,0,0,0.000000
120,11,617000000,11.617000000,0.0,0.0,0.0,0.0,0.0,0.0,1.0,949,949,0,949,0,0,0.0000,1.0000,0.0000,0.0000,0.0000,121,True,100.00,True,0.0,0.0,0.0,0.00,3.0000,0.00,0.0000,0.0000,1.0000,0.0000,0,949,0,0,0.000000
121,11,650000000,11.650000000,0.0,0.0,0.0,0.0,0.0,0.0,1.0,949,949,0,949,0,0,0.0000,1.0000,0.0000,0.0000,0.0000,122,True,100.00,True,0.0,0.0,0.0,0.00,6.0000,0.00,0.0000,0.0000,1.0000,0.0000,0,949,0,0,0.000000
122,11,683000000,11.683000000,0.0,0.0,0.0,0.0,0.0,0.0,1.0,949,949,0,949,0,0,0.0000,1.0000,0.0000,0.0000,0.0000,123,True,100.00,True,0.0,0.0,0.0,0.00,13.0000,0.00,0.0000,0.0000,1.0000,0.0000,0,949,0,0,0.000000
123,11,716000000,11.716000000,0.0,0.0,0.0,0.0,0.0,0.0,1.0,949,949,0,949,0,0,0.0000,1.0000,0.0000,0.0000,0.0000,124,True,100.00,True,0.0,0.0,0.0,0.00,0.0000,0.00,0.0000,0.0000,1.0000,0.0000,0,949,0,0,0.000000
124,11,749000000,11.749000000,0.0,0.0,0.0,0.0,0.0,0.0,1.0,949,949,0,949,0,0,0.0000,1.0000,0.0000,0.0023,0.0000,125,True,100.00,True,0.0,0.0,0.0,0.00,11.0000,0.00,0.0000,0.0000,1.0000,0.0000,0,949,0,0,0.000000
125,11,782000000,11.782000000,0.0,0.0,0.0,0.0,0.0,0.0,1.0,949,949,0,949,0,0,0.0000,1.0000,0.0000,0.0000,0.0000,126,True,100.00,True,0.0,0.0,0.0,0.00,10.0000,0.00,0.0000,0.0000,1.0000,0.0000,0,949,0,0,0.000000
126,11,815000000,11.815000000,0.0,0.0,0.0,0.0,0.0,0.0,1.0,949,949,0,949,0,0,0.0000,1.0000,0.0000,0.0031,0.0000,127,True,100.00,True,0.0,0.0,0.0,0.00,5.0000,0.00,0.0000,0.0000,1.0000,0.0000,0,949,0,0,0.000000
127,11,848000000,11.848000000,0.0,0.0,0.0,0.0,0.0,0.0,1.0,949,949,0,949,0,0,0.0000,1.0000,0.0000,0.0000,0.0000,128,True,100.00,True,0.0,0.0,0.0,0.00,12.0000,0.00,0.0000,0.0000,1.0000,0.0000,0,949,0,0,0.000000
128,11,881000000,11.881000000,0.0,0.0,0.0,0.0,0.0,0.0,1.0,949,949,0,949,0,0,0.0000,1.0000,0.0000,0.0031,0.0000,129,True,100.00,True,0.0,0.0,0.0,0.00,15.0000,0.00,0.0000,0.0000,1.0000,0.0000,0,949,0,0,0.000000
129,11,914000000,11.914000000,0.0,0.0,0.0,0.0,0.0,0.0,1.0,949,949,0,949,0,0,0.0000,1.0000,0.0000,0.0000,0.0000,130,True,100.00,True,0.0,0.0,0.0,0.00,0.0000,0.00,0.0000,0.0000,1.0000,0.0000,0,949,0,0,0.000000
130,11,947000000,11.947000000,0.0,0.0,0.0,0.0,0.0,0.0,1.0,949,949,0,949,0,0,0.0000,1.0000,0.0000,0.0012,0.0000,131,True,100.00,True,0.0,0.0,0.0,0.00,5.0000,0.00,0.0000,0.0000,1.0000,0.0000,0,949,0,0,0.000000
131,11,980000000,11.980000000,0.0,0.0,0.0,0.0,0.0,0.0,1.0,949,949,0,949,0,0,0.0000,1.0000,0.0000,0.0000,0.0000,132,True,100.00,True,0.0,0.0,0.0,0.00,10.0000,0.00,0.0000,0.0000,1.0000,0.0000,0,949,0,0,0.000000
132,12,13000000,12.013000000,0.0,0.0,0.0,0.0,0.0,0.0,1.0,949,949,0,949,0,0,0.0000,1.0000,0.0000,0.0000,0.0000,133,True,100.00,True,0.0,0.0,0.0,0.00,8.0000,0.00,0.0000,0.0000,1.0000,0.0000,0,949,0,0,0.000000
133,12,46000000,12.046000000,0.0,0.0,0.0,0.0,0.0,0.0,1.0,949,949,0,949,0,0,0.0000,1.0000,0.0000,0.0000,0.0000,134,True,100.00,True,0.0,0.0,0.0,0.00,13.0000,0.00,0.0000,0.0000,1.0000,0.0000,0,949,0,0,0.000000
134,12,79000000,12.079000000,0.0,0.0,0.0,0.0,0.0,0.0,1.0,949,949,0,949,0,0,0.0000,1.0000,0.0000,0.0000,0.0000,135,True,100.00,True,0.0,0.0,0.0,0.00,2.0000,0.00,0.0000,0.0000,1.0000,0.0000,0,949,0,0,0.000000
135,12,112000000,12.112000000,0.0,0.0,0.0,0.0,0.0,0.0,1.0,949,949,0,949,0,0,0.0000,1.0000,0.0000,0.0028,0.0000,136,True,100.00,True,0.0,0.0,0.0,0.00,1.0000,0.00,0.0000,0.0000,1.0000,0.0000,0,949,0,0,0.000000
136,12,145000000,12.145000000,0.0,0.0,0.0,0.0,0.0,0.0,1.0,949,949,0,949,0,0,0.0000,1.0000,0.0000,0.0000,0.0000,137,True,100.00,True,0.0,0.0,0.0,0.00,12.0000,0.00,0.0000,0.0000,1.0000,0.0000,0,949,0,0,0.000000
137,12,178000000,12.178000000,0.0,0.0,0.0,0.0,0.0,0.0,1.0,949,949,0,949,0,0,0.0000,1.0000,0.0000,0.0000,0.0000,138,True,100.00,True,0.0,0.0,0.0,0.00,5.0000,0.00,0.0000,0.0000,1.0000,0.0000,0,949,0,0,0.000000
138,12,211000000,12.211000000,0.0,0.0,0.0,0.0,0.0,0.0,1.0,949,949,0,949,0,0,0.0000,1.0000,0.0000,0.0020,0.0000,139,True,100.00,True,0.0,0.0,0.0,0.00,3.0000,0.00,0.0000,0.0000,1.0000,0.0000,0,949,0,0,0.000000
139,12,244000000,12.244000000,0.0,0.0,0.0,0.0,0.0,0.0,1.0,949,949,0,949,0,0,0.0000,1.0000,0.0000,0.0000,0.0000,140,True,100.00,True,0.0,0.0,0.0,0.00,11.0000,0.00,0.0000,0.0000,1.0000,0.0000,0,949,0,0,0.000000
140,12,277000000,12.277000000,0.0,0.0,0.0,0.0,0.0,0.0,1.0,949,949,0,949,0,0,0.0000,1.0000,0.0000,0.0000,0.0000,141,True,100.00,True,0.0,0.0,0.0,0.00,3.0000,0.00,0.0000,0.0000,1.0000,0.0000,0,949,0,0,0.000000
141,12,310000000,12.310000000,0.0,0.0,0.0,0.0,0.0,0.0,1.0,949,949,0,949,0,0,0.0000,1.0000,0.0000,0.0021,0.0000,142,True,100.00,True,0.0,0.0,0.0,0.00,2.0000,0.00,0.0000,0.0000,1.0000,0.0000,0,949,0,0,0.000000
142,12,343000000,12.343000000,0.0,0.0,0.0,0.0,0.0,0.0,1.0,949,949,0,949,0,0,0.0000,1.0000,0.0000,0.0000,0.0000,143,True,100.00,True,0.0,0.0,0.0,0.00,4.0000,0.00,0.0000,0.0000,1.0000,0.0000,0,949,0,0,0.000000
143,12,376000000,12.376000000,0.0,0.0,0.0,0.0,0.0,0.0,1.0,949,949,0,949,0,0,0.0000,1.0000,0.0000,0.0000,0.0000,144,True,100.00,True,0.0,0.0,0.0,0.00,3.0000,0.00,0.0000,0.0000,1.0000,0.0000,0,949,0,0,0.000000
144,12,409000000,12.409000000,0.0,0.0,0.0,0.0,0.0,0.0,1.0,949,949,0,949,0,0,0.0000,1.0000,0.0000,0.0000,0.0000,145,True,100.00,True,0.0,0.0,0.0,0.00,2.0000,0.00,0.0000,0.0000,1.0000,0.0000,0,949,0,0,0.000000
145,12,442000000,12.442000000,0.0,0.0,0.0,0.0,0.0,0.0,1.0,949,949,2,949,2,0,0.0021,1.0000,0.0132,0.9963,0.1174,146,True,100.00,True,0.0,0.0,0.0,0.00,7.0000,0.00,0.0002,0.0002,1.0000,0.0030,0,949,0,0,0.000001
146,12,475000000,12.475000000,-0.9946997605271319,0.09611889742102438,0.036517721257394054,2.919211527075235e-05,-9.076606469001643e-06,-4.408231649443068e-05,0.9999999985610926,949,949,24,949,24,0,0.0253,1.0000,0.1434,8.0870,1.2443,0,True,98.36,True,-0.9946997605271319,0.09611889742102438,0.036517721257394054,0.01,11.0000,0.00,0.0040,0.0042,1.0000,0.0961,0,949,0,0,0.000004
147,12,508000000,12.508000000,-0.9946997605271319,0.09611889742102438,0.036517721257394054,2.919211527075235e-05,-9.076606469001643e-06,-4.408231649443068e-05,0.9999999985610926,1204,0,0,0,0,0,0.0000,0.0000,0.0000,0.0000,0.0000,1,True,98.36,True,0.0,0.0,0.0,0.00,12.0000,0.02,0.0435,0.0463,1.0000,0.0370,0,1204,0,0,0.000066
148,12,541000000,12.541000000,-1.9888882075505805,-0.0009739371405012992,0.08301840170307474,0.0016083588301388718,-0.001109640194143612,-1.1336058004192698e-06,0.9999980909377917,1204,1145,709,1097,709,0,0.6192,0.9510,12.2864,950.3467,4.7714,0,True,96.72,True,-0.9941790387730837,-0.09717777080761458,0.0465243992448048,0.22,4.0000,0.17,0.1233,0.1674,1.0000,0.1561,0,1145,0,0,0.000548
149,12,574000000,12.574000000,-2.9552989888597123,0.24390451616265385,0.16102317641159858,0.006515024813249458,-0.003145511301134307,0.0024028453064454058,0.9999709428502263,709,709,191,706,191,0,0.2694,1.0000,5.1872,20.5502,2.5691,0,True,95.08,True,-0.966236716828223,0.24512936389642287,0.07936121224346178,0.67,4.0000,0.64,0.3878,0.5478,1.0000,0.2279,0,709,0,0,0.001943
150,12,607000000,12.607000000,-2.107198369123475,0.7575794184398883,0.2908824601516653,0.014182235913733124,-0.007907731332841186,0.013261149599037085,0.999780212787274,191,191,191,191,191,0,1.0000,1.0000,7.3166,11.9593,2.5596,0,True,93.44,True,0.8513424709140509,0.5112050738697902,0.11783619846100171,1.62,2.0000,0.99,0.5420,1.0834,1.0000,0.1888,0,191,0,0,0.003143
151,12,640000000,12.640000000,-1.210162498831535,0.32370345700169445,0.37501507865165296,0.022259152534810266,-0.009822830121036411,0.01903574297040738,0.9995227274186466,191,189,65,186,65,0,0.3439,0.9895,10.5154,107.3767,2.4182,0,True,91.80,True,0.8865625898233404,-0.4551680452934462,0.08263670413003556,1.16,3.0000,1.41,0.7388,1.8150,1.0000,0.2250,0,189,0,0,0.005388
152,12,673000000,12.673000000,-1.210162498831535,0.32370345700169445,0.37501507865165296,0.022259152534810266,-0.009822830121036411,0.01903574297040738,0.9995227274186466,1165,0,0,0,0,0,0.0000,0.0000,0.0000,0.0000,0.0000,1,True,91.80,True,0.0,0.0,0.0,0.00,3.0000,1.02,0.5248,2.3356,1.0000,0.1493,0,1165,0,0,0.004964
153,12,706000000,12.706000000,-1.1103297545909119,0.15593407098222278,1.3557733854184295,0.02869174913023869,-0.01243921925961182,0.022664642240359544,0.9992539033439776,1165,1158,645,1092,645,0,0.5570,0.9940,8.4063,187.1059,4.5023,0,True,90.16,True,0.11351989310484675,-0.12805008930557285,0.9852494143607997,0.90,10.0000,0.92,0.4623,2.7942,1.0000,0.1254,0,1158,0,0,0.003888
154,12,739000000,12.739000000,-1.501317390008657,0.20794905469457386,2.2746983608216684,0.036380363871533754,-0.011260071155399617,0.028317550258031857,0.9988732633670471,636,632,298,619,298,0,0.4715,0.9937,10.2053,18.4770,1.9599,0,True,88.52,True,-0.3641065392542899,0.1220386029570346,0.9233271399999892,1.10,9.0000,1.38,0.6895,3.4778,1.0000,0.1776,0,632,0,0,0.011185
155,12,772000000,12.772000000,-1.3904156141139739,0.04536306444956428,3.255140399842565,0.03845842208685128,-0.022300383941910452,0.02897200687876858,0.9985911402891824,298,297,294,294,294,0,0.9899,0.9966,6.2129,11.9283,1.2109,0,True,86.89,True,0.1257062238439999,-0.0976275274405566,0.9872521517691037,1.29,6.0000,0.48,0.2329,3.7083,1.0000,0.0578,0,297,0,0,0.008119
156,12,805000000,12.805000000,-1.816523842050207,-0.08399931804668198,4.150515825058121,0.04184727532416655,-0.017747537230980576,0.032937765839657934,0.9984232239144231,294,294,211,294,211,0,0.7177,1.0000,9.2216,14.9221,1.3366,0,True,85.25,True,-0.39035895093165723,-0.035760575331595955,0.9199679726379008,0.79,8.0000,0.95,0.4580,4.1597,1.0000,0.1086,0,294,0,0,0.019671
157,12,838000000,12.838000000,-1.6826046482577797,-0.2246177807895925,5.1314807059125815,0.04170280965041306,-0.03351707966418713,0.03265531599079101,0.9980336223672966,211,211,206,206,206,0,0.9763,1.0000,10.4639,16.5306,1.1061,0,True,83.61,True,0.1619731716335294,-0.0680027714793264,0.9844492443707324,1.81,8.0000,0.38,0.1762,4.3314,1.0000,0.0403,0,211,0,0,0.013970
158,12,871000000,12.871000000,-2.2793207152027337,-0.20127526104920862,5.933593579654123,0.041413470386831686,-0.025476553645125372,0.03447818675429954,0.9982219814865938,206,206,178,194,178,0,0.8641,1.0000,12.4048,19.4892,1.1705,0,True,81.97,True,-0.5367985729644812,0.12878826895585088,0.8338230470805255,0.95,2.0000,0.29,0.1240,4.4482,1.0000,0.0287,0,206,0,0,0.020735
159,12,904000000,12.904000000,-2.552662559401641,-0.47368158277770334,6.8561330270992125,0.03571846930400386,-0.01694437506859491,0.03521205210620864,0.998597611899099,178,178,156,175,156,0,0.8764,1.0000,14.9430,22.7692,1.1051,0,True,80.33,True,-0.24095589516374472,-0.17677777396052516,0.9543007257774668,1.18,4.0000,0.06,0.0316,4.4615,1.0000,0.0088,0,178,0,0,0.020257
160,12,937000000,12.937000000,-2.3355518443944168,-0.5233715902735231,7.831014476601723,0.03234963701628208,-0.032879384678888145,0.03504509118397678,0.998320734349417,156,156,154,154,154,0,0.9872,1.0000,17.4881,26.2011,1.0580,0,True,78.69,True,0.24845677878771535,0.0034103763547751837,0.9686369796820432,1.87,1.0000,0.02,0.0325,4.4337,1.0000,0.0001,0,156,0,0,0.015193
161,12,970000000,12.970000000,-2.225019264215752,-0.32141023718804473,8.80415072635246,0.037060173968355335,-0.031787752693538035,0.03456482566078715,0.9982090738473424,154,154,153,153,153,0,0.9935,1.0000,19.9260,29.8186,1.0262,0,True,77.05,True,0.18981546772768246,0.2536860617235998,0.9484795571326201,0.56,15.0000,0.24,0.1355,4.3004,1.0000,0.0142,0,154,0,0,0.022235
162,13,3000000,13.003000000,-2.0947839388068905,-0.61184107698916,9.752142650003746,0.024926717559981708,-0.03239519808623018,0.03210105832835615,0.998648452633277,153,153,148,148,148,0,0.9673,1.0000,22.2271,33.5115,1.0078,0,True,75.41,True,0.1728936453350781,-0.23017646782288895,0.957667260097852,1.42,2.0000,0.24,0.1329,4.1681,1.0000,0.0174,0,153,0,0,0.035325
163,13,36000000,13.036000000,-1.932994774531499,-0.6114468316833633,10.738967918677846,0.022954169305621157,-0.045703565768927375,0.030717430988381873,0.9982187784353529,148,148,147,147,147,0,0.9932,1.0000,24.3806,37.2236,0.9722,0,True,73.77,True,0.22657043586900277,0.03683618242055172,0.9732979673536825,1.55,8.0000,0.13,0.0717,4.0965,1.0000,0.0101,0,148,0,0,0.011894
164,13,69000000,13.069000000,-2.1341129719125638,-0.6403401846980024,11.718108687328483,0.01809561839214539,-0.03852493553071264,0.029648228505015802,0.9986537740798233,147,147,146,146,146,0,0.9932,1.0000,28.6541,350.9891,0.9683,0,True,72.13,True,-0.11088793954373814,0.026068696232655994,0.9934909601704857,1.00,5.0000,0.17,0.0869,4.0097,1.0000,0.0125,0,147,0,0,0.013951
165,13,102000000,13.102000000,-1.9811746763263383,-0.6371013128310187,12.706339119693428,0.013060292447572742,-0.04977778289841168,0.024647137834001777,0.9983707325875966,146,136,132,132,132,0,0.9706,0.9315,28.8800,38.5154,1.0683,0,True,70.49,True,0.22950362981172037,0.027420957147621522,0.9729214639488395,1.52,2.0000,1.01,0.5250,3.4851,1.0000,0.0758,0,136,0,0,0.077784
166,13,135000000,13.135000000,-2.5631796330274756,-0.5950885562608804,13.51843834925881,0.007865863903752109,-0.03593428816847053,0.023620604695274623,0.9990440041122827,132,131,123,123,123,0,0.9389,0.9924,28.6681,47.5619,0.9056,0,True,68.85,True,-0.49516053694668233,0.09053213708451417,0.8640717417006436,1.70,6.0000,0.19,0.1065,3.3787,1.0000,0.0153,0,131,0,0,0.015151
167,13,168000000,13.168000000,-2.868368764104084,-0.40357579700462887,14.451274056827277,0.007031785366788233,-0.025707547472315247,0.01987757862568882,0.999447126097971,123,117,116,116,116,0,0.9915,0.9512,30.0230,38.8442,0.8564,0,True,67.21,True,-0.22780591656886343,0.21892913033595854,0.9487752633087357,1.25,12.0000,0.77,0.3977,2.9814,1.0000,0.0608,0,117,0,0,0.045861
168,13,201000000,13.201000000,-2.669363544045505,-0.30694016428024484,15.426496327326362,0.002457596538658636,-0.03555073781145492,0.018736007854411686,0.9991892049406828,116,102,96,96,96,0,0.9412,0.8793,30.9725,98.3240,1.2414,0,True,65.57,True,0.25277567272421614,0.10128149324936593,0.9622091864059492,1.25,4.0000,0.61,0.3170,2.6649,1.0000,0.0550,0,102,0,0,0.056272
169,13,234000000,13.234000000,-2.669363544045505,-0.30694016428024484,15.426496327326362,0.002457596538658636,-0.03555073781145492,0.018736007854411686,0.9991892049406828,2000,0,0,0,0,0,0.0000,0.0000,0.0000,0.0000,0.0000,1,True,65.57,True,0.0,0.0,0.0,0.00,6.0000,0.42,0.2216,2.4439,1.0000,0.0445,0,2000,0,0,0.032619
170,13,267000000,13.267000000,-2.620796213601618,-0.18484616197399178,16.417825873448333,0.0002154319498074233,-0.03565613678789296,0.01703641155619693,0.9992188720093942,2000,1887,1817,1817,1817,0,0.9629,0.9435,11.4893,70.2442,4.5381,0,True,63.93,True,0.1234796700076592,0.1237278994819575,0.9846035638695313,0.32,10.0000,0.39,0.2068,2.2377,1.0000,0.0473,0,1887,0,0,0.031293
171,13,300000000,13.300000000,-2.6952382432386734,-0.17740810792688397,17.415023476521817,-0.0064892653147611765,-0.03198148808817862,0.015155878990833972,0.999352476950628,1811,1810,1502,1784,1502,0,0.8298,0.9994,11.6343,40.8425,3.1512,0,True,62.30,True,-0.002892208938779275,0.009187168425922574,0.9999536144560749,0.90,0.0000,0.40,0.2157,2.0229,1.0000,0.0564,0,1810,0,0,0.033704
172,13,333000000,13.333000000,-2.5632294837817637,-0.037596562497621916,18.39636257142802,-0.009411396328035513,-0.03594753200868155,0.014130539966252877,0.9992094517176585,1495,1488,1473,1473,1473,0,0.9899,0.9953,12.9050,28.5502,2.3951,0,True,60.66,True,0.19850698886661403,0.1221120900186113,0.9724626537005915,0.58,9.0000,0.35,0.1910,1.8329,1.0000,0.0589,0,1488,0,0,0.030969
173,13,366000000,13.366000000,-2.4842074657260267,-0.07691023892048122,19.39245993389241,-0.017218696263852258,-0.03657951671426475,0.013343787133191684,0.9990932883374145,1468,1456,1452,1452,1452,0,0.9973,0.9918,12.2851,27.7288,2.1130,0,True,59.02,True,0.14894239377373544,-0.061215488726867336,0.9869492526350483,0.90,6.0000,0.18,0.0931,1.7405,1.0000,0.0321,0,1456,0,0,0.015504
174,13,399000000,13.399000000,-2.8315355336185393,0.042714667540526274,20.32254223939459,-0.02282975951000254,-0.030047807514095085,0.00957189229858141,0.9992418677287975,1450,1439,1242,1416,1242,0,0.8631,0.9924,14.4151,29.0010,1.9781,0,True,57.38,True,-0.27537976168566636,0.09542625009758159,0.9565875901590296,1.08,1.0000,0.84,0.4468,1.2991,1.0000,0.1974,0,1439,0,0,0.076472
175,13,432000000,13.432000000,-2.97552982048479,0.31255435953894256,21.274620064980333,-0.02278347441436188,-0.025834396055281032,0.007414571579095612,0.9993790679228616,1237,1229,1182,1185,1182,0,0.9618,0.9935,13.2302,24.3497,1.4595,0,True,55.74,True,-0.08141961471325383,0.22807979528079872,0.9702321646516435,0.54,13.0000,0.27,0.1468,1.1554,1.0000,0.0855,0,1229,0,0,0.030772
176,13,465000000,13.465000000,-2.776810885815734,0.5187135529566939,22.23274801675574,-0.025204042773209517,-0.03111176271932991,0.007569905957901099,0.9991694105466655,1181,1171,1165,1165,1165,0,0.9949,0.9915,12.8317,32.3516,1.4094,0,True,54.10,True,0.2508806461457897,0.15921250718029503,0.9548352103618903,0.67,8.0000,0.27,0.1478,1.0121,1.0000,0.1003,0,1171,0,0,0.016988
177,13,498000000,13.498000000,-2.857315446174106,0.49456316049111615,23.22920964386702,-0.03117834134371594,-0.027060209403600263,0.006196628655774131,0.9991282489707668,1165,1152,1148,1148,1148,0,0.9965,0.9888,12.5180,23.6128,1.3428,0,True,52.46,True,-0.019171068122945133,-0.07368274661034661,0.9970974490986227,0.84,1.0000,0.30,0.1646,0.8550,1.0000,0.1278,0,1152,0,0,0.047482
178,13,531000000,13.531000000,-2.7691275003792692,0.8738160898408688,24.150290585910724,-0.030662643820299536,-0.02453576385265669,0.004327820605673847,0.9992192294661474,1142,1134,1127,1127,1127,0,0.9938,0.9930,12.2426,54.0514,1.3006,0,True,50.82,True,0.14283797196123202,0.3198489127311386,0.9366397315887846,0.36,3.0000,0.33,0.1812,0.6875,1.0000,0.1729,0,1134,0,0,0.038768
179,13,564000000,13.564000000,-2.8133263011427574,1.2024029271610575,25.093729591014384,-0.030558379180390637,-0.02109558589849274,0.003243924401437505,0.9993050778775942,1121,1112,1105,1105,1105,0,0.9937,0.9920,11.2996,69.1957,1.2370,0,True,49.18,True,0.005201845599172369,0.27026056488364536,0.9627731653256314,0.41,4.0000,0.10,0.0620,0.6322,1.0000,0.0679,0,1112,0,0,0.017756
180,13,597000000,13.597000000,-2.757791494158243,1.1077990001722633,26.087694370174837,-0.03466394012278192,-0.019626837134025365,0.0019003300834527013,0.9992044772041669,1098,1086,1081,1081,1081,0,0.9954,0.9891,10.9081,31.6632,1.1596,0,True,47.54,True,0.09645922238857867,-0.15555543039220718,0.9831063658077319,0.52,6.0000,0.16,0.0913,0.5538,1.0000,0.1097,0,1086,0,0,0.023289
181,13,630000000,13.630000000,-2.6196940418130104,1.4937738780902454,26.999808665245336,-0.033097318156273495,-0.01728010522839414,0.0008140898556977156,0.9993024080586742,1074,1056,1051,1051,1051,0,0.9953,0.9832,10.2306,26.7366,1.0879,0,True,45.90,True,0.1756362318749835,0.3214553026523643,0.9304936337500831,0.35,4.0000,0.10,0.0487,0.5138,1.0000,0.0643,0,1056,0,0,0.013108
182,13,663000000,13.663000000,-2.502746083790847,1.8189797645174386,27.93819254540715,-0.03269670988927556,-0.016286330615161212,0.00014959895773925704,0.9993326064017235,1047,1031,1028,1028,1028,0,0.9971,0.9847,9.8404,28.6534,1.0412,0,True,44.26,True,0.15013662528573568,0.2623374150876565,0.9532250911473832,0.14,0.0000,0.11,0.0648,0.4631,1.0000,0.0930,0,1031,0,0,0.018311
183,13,696000000,13.696000000,-2.4737010190872524,2.21566967979511,28.855685594608808,-0.03239346284466419,-0.013693308611813025,-0.0008706448454646353,0.9993810078452292,1023,1013,1005,1005,1005,0,0.9921,0.9902,9.5213,20.8600,0.9935,0,True,42.62,True,0.05942701658390618,0.33590152760984415,0.940020528206331,0.32,4.0000,0.16,0.0870,0.4027,1.0000,0.1513,0,1013,0,0,0.018034
184,13,729000000,13.729000000,-2.2550187479506603,2.4513426113269996,29.802594425296167,-0.033401461335417236,-0.014881708760400706,-0.0018046089466882951,0.9993295855280073,1003,972,968,968,968,0,0.9959,0.9691,9.5752,17.4621,0.9664,0,True,40.98,True,0.2443688759340005,0.1744657703004011,0.9538582428580469,0.21,15.0000,0.34,0.1850,0.3205,1.0000,0.4041,0,972,0,0,0.044763
185,13,762000000,13.762000000,-2.116325050929357,2.7745276997582526,30.738711649270947,-0.032498910267819536,-0.014682306950559658,-0.002489364823651526,0.9993608226045229,966,959,950,950,950,0,0.9906,0.9928,8.5779,31.6239,0.9815,0,True,39.34,True,0.16574321090661664,0.26065681519121725,0.9510978986059935,0.13,3.0000,0.11,0.0702,0.3140,1.0000,0.2258,0,959,0,0,0.073444
186,13,795000000,13.795000000,-1.891378297912396,2.8371309497849313,31.711069500780987,-0.0348218252317047,-0.018127203168021824,-0.002382819532635899,0.9992262842639363,946,933,924,924,924,0,0.9904,0.9863,7.9689,24.5869,0.9384,0,True,37.70,True,0.2532872326248359,0.0007144718084618623,0.9673908555073731,0.48,1.0000,0.04,0.0285,0.3156,1.0000,0.1440,0,933,0,0,0.023924
187,13,828000000,13.828000000,-2.1341369515768505,2.948711546010819,32.674717780298415,-0.0359874419134293,-0.01587521597001068,-0.002711524574409781,0.999222462306025,919,907,900,900,900,0,0.9923,0.9869,7.5090,23.9485,0.8861,0,True,36.07,True,-0.20791745416195698,0.04286944758029273,0.9772064995275926,0.29,4.0000,0.00,0.0170,0.3171,1.0000,0.1516,0,907,0,0,0.025602
188,13,861000000,13.861000000,-2.1467055114991154,2.9234247957828408,33.674319006570364,-0.038122042829175105,-0.015184981809044392,-0.0027904785939221106,0.999153811686272,897,889,880,880,880,0,0.9899,0.9911,7.1034,18.2840,0.9231,0,True,34.43,True,0.01945426884241331,-0.09710753234589663,0.9950837445087212,0.26,5.0000,0.00,0.0056,0.3169,1.0000,0.1516,0,889,0,0,0.026470
189,13,894000000,13.894000000,-2.0883571346638,2.7674687403279705,34.660358141537955,-0.04093855512299893,-0.013968677831193951,-0.002718477122518124,0.9990603188127452,873,867,858,858,858,0,0.9896,0.9931,6.6523,19.3181,0.9145,0,True,32.79,True,0.08914006680056151,-0.23013988244642478,0.9690663976211007,0.35,1.0000,0.00,0.0049,0.3158,1.0000,0.0665,0,867,0,0,0.012027
190,13,927000000,13.927000000,-1.9435148189553075,3.2690062805933042,35.5132829912667,-0.03822815229291614,-0.012492538925939146,-0.0032133042563648427,0.999185778281101,851,842,767,834,767,0,0.9109,0.9894,6.3586,22.9342,0.9370,0,True,31.15,True,0.1666289108156415,0.43109680560743635,0.8867865302740323,0.36,13.0000,0.04,0.0329,0.3097,1.0000,0.1918,0,842,0,0,0.027059
191,13,960000000,13.960000000,-1.8827092959043719,3.7342408189818648,36.396379539021744,-0.0350419411493406,-0.011170535178207536,-0.004062813798977903,0.9993151530164812,757,752,669,747,669,0,0.8896,0.9934,6.0584,17.9488,0.8172,0,True,29.51,True,0.08050543119005883,0.39692125910930265,0.9143152572367963,0.41,13.0000,0.02,0.0280,0.3067,1.0000,0.0931,0,752,0,0,0.020255
192,13,993000000,13.993000000,-1.8691638266041595,4.2082424655681185,37.27679930214327,-0.032740581199151735,-0.009996716600212726,-0.004076416744179361,0.9994055747425489,667,663,656,656,656,0,0.9894,0.9940,5.7702,11.5802,0.7976,0,True,27.87,True,0.029970540366815648,0.4113614397680037,0.9109794358722464,0.30,11.0000,0.05,0.0349,0.3064,1.0000,0.0849,0,663,0,0,0.018470
193,14,26000000,14.026000000,-1.5859480144802343,3.558083398988913,37.98183972077743,-0.03528604278795592,-0.007980279890845371,-0.0037998450379778947,0.9993381667358241,654,648,623,642,623,0,0.9614,0.9908,5.5573,14.0514,0.7588,0,True,26.23,True,0.30229768428228854,-0.6923325191547738,0.6552036271254689,0.37,3.0000,0.10,0.0560,0.3153,1.0000,0.1039,0,648,0,0,0.035101
194,14,59000000,14.059000000,-1.3462867070006055,3.5848426200947614,38.95232743413755,-0.03580110527320832,-0.011174205181900789,-0.0033287451999797096,0.999290917328464,621,620,613,613,613,0,0.9887,0.9984,5.3351,18.3014,0.8728,0,True,24.59,True,0.25517522879319327,-0.03973822345620675,0.9660778830958124,0.37,1.0000,0.09,0.0471,0.3301,1.0000,0.0663,0,620,0,0,0.017899
195,14,92000000,14.092000000,-1.1628715398255616,4.109089416577215,39.78390675857271,-0.03251209516269824,-0.010283327340589147,-0.0036498675322848705,0.9994117746524376,607,599,597,597,597,0,0.9967,0.9868,5.0777,11.4935,0.8021,0,True,22.95,True,0.19906655578192353,0.4648194391946733,0.8627371530865422,0.39,1.0000,0.10,0.0498,0.3526,1.0000,0.0588,0,599,0,0,0.017079
196,14,125000000,14.125000000,-0.7534387636639146,4.202954406381387,40.69140561008363,-0.031925238486399894,-0.020194742735428598,-0.0024310081110062868,0.9992832640012543,592,590,586,586,586,0,0.9932,0.9966,4.9986,16.5312,0.8793,0,True,21.31,True,0.4275818660640482,0.03801827234440871,0.9031768147938325,1.15,2.0000,0.11,0.0690,0.3929,1.0000,0.0671,0,590,0,0,0.021283
197,14,158000000,14.158000000,-0.842153169711221,4.4464945575964006,41.65723061954748,-0.03043455747099908,-0.02015686308690423,-0.0023737122951142334,0.9993306780400472,574,568,565,565,565,0,0.9947,0.9895,4.6544,14.8568,0.8223,0,True,19.67,True,-0.05037908095404729,0.18096606032902973,0.9821981639217289,0.17,7.0000,0.00,0.0189,0.4053,1.0000,0.0159,0,568,0,0,0.005511
198,14,191000000,14.191000000,-0.586504829740943,4.932339118211404,42.49305296262718,-0.026990388236962728,-0.01996464129600567,-0.0022059301139838294,0.9994338727064799,557,553,549,549,549,0,0.9928,0.9928,4.6770,15.8755,0.7941,0,True,18.03,True,0.28752217514258216,0.43570383673650614,0.852932098970584,0.40,2.0000,0.13,0.0777,0.4616,1.0000,0.0570,0,553,0,0,0.021496
199,14,224000000,14.224000000,-0.23285137328464733,5.011845618073969,43.42504435165184,-0.027344448433842816,-0.026487018678561507,-0.0004036530905385799,0.9992750152213119,541,538,537,537,537,0,0.9981,0.9945,4.4943,10.4818,0.7735,0,True,16.39,True,0.39040686238547617,0.031131362911549203,0.9201159275034843,0.78,16.0000,0.13,0.0813,0.5261,1.0000,0.0460,0,538,0,0,0.018078
200,14,257000000,14.257000000,-0.12350448128781093,5.320796865010079,44.36981542668921,-0.024889597828104588,-0.027289945397771034,5.992083334335296e-06,0.9993176505817541,528,528,523,523,523,0,0.9905,1.0000,4.3593,19.7415,0.8793,0,True,14.75,True,0.15942463177944508,0.2571249084640894,0.9531372242386309,0.30,15.0000,0.10,0.0558,0.5729,1.0000,0.0255,0,528,0,0,0.009716
201,14,290000000,14.290000000,-0.23133078277387947,4.329130144427566,44.299312916117195,-0.025300907392032692,-0.02449014560011975,-0.002423818805011054,0.999376916861714,515,515,513,513,513,0,0.9961,1.0000,4.2654,9.9088,0.9569,0,True,13.11,True,-0.11287009592038072,-0.9870760622060594,-0.11375934628286034,0.43,1.0000,0.14,0.0858,0.6477,1.0000,0.0341,0,515,0,0,0.026753
202,14,323000000,14.323000000,-0.09676933805274723,4.5170226607403,45.27224128958989,-0.02370644523247625,-0.026039393870601023,-0.0017495720851117152,0.9993782534250033,502,501,499,499,499,0,0.9960,0.9980,4.0099,18.9521,0.9625,0,True,11.48,True,0.18146498202712433,0.13938264817010243,0.9734695360857393,0.27,15.0000,0.10,0.0572,0.6985,1.0000,0.0199,0,501,0,0,0.008935
203,14,356000000,14.356000000,0.027237286554805146,4.522487927973251,46.264507628788955,-0.022943492605453482,-0.028366186852288727,-0.0014399596483157156,0.9993332187547533,486,481,477,477,477,0,0.9917,0.9897,3.8887,17.4140,0.9044,0,True,9.84,True,0.17555154502696854,-0.040880716417139557,0.9836210764638309,0.28,17.0000,0.10,0.0553,0.7483,1.0000,0.0182,0,481,0,0,0.009339
204,14,389000000,14.389000000,0.11097352789095047,4.478256511508029,47.26001344177267,-0.02234083649052794,-0.030168134048550174,-0.0012355949630500902,0.9992943730543165,467,462,457,457,457,0,0.9892,0.9893,3.8878,19.0491,0.8508,0,True,8.20,True,0.14017639176138436,-0.08940365495702109,0.986081926450883,0.22,5.0000,0.10,0.0537,0.7974,1.0000,0.0167,0,462,0,0,0.016797
205,14,422000000,14.422000000,0.22415551411252596,4.868824349755925,48.17360339449834,-0.020160232319876376,-0.030908899200699044,-0.00018974359976647355,0.9993188525092358,452,450,450,450,450,0,1.0000,0.9956,3.6537,5.5870,0.6696,0,True,6.56,True,0.16767175791361494,0.3498850185767282,0.9216651536071658,0.29,1.0000,0.10,0.0623,0.8548,1.0000,0.0186,0,450,0,0,0.015085
206,14,455000000,14.455000000,0.39766356227054755,4.82242343085461,49.15734213621258,-0.019566539321923072,-0.03373214022995974,0.00035016833295090663,0.9992392959830037,445,444,442,442,442,0,0.9955,0.9978,3.6728,5.2271,0.6649,0,True,4.92,True,0.23391494627903178,-0.08570740884442768,0.9684720119737337,0.34,13.0000,0.13,0.0822,0.9313,1.0000,0.0237,0,444,0,0,0.014387
207,14,488000000,14.488000000,0.7372388060178663,4.743189224115915,50.094577749234425,-0.019246103132450166,-0.041031024806563864,1.525498640867912e-05,0.9989724932573587,437,436,435,435,435,0,0.9977,0.9977,3.4682,15.8469,0.7062,0,True,4.92,True,0.4018113271144434,-0.11563405588767631,0.9083922184395326,0.84,16.0000,0.09,0.0499,0.9781,1.0000,0.0137,0,436,0,0,0.008062
208,14,521000000,14.521000000,0.826939882750939,5.160866652553027,50.998734418516406,-0.015370986498981339,-0.041516168013404985,-0.00036634733026700737,0.9990195225105285,429,428,427,427,427,0,0.9977,0.9977,3.3859,10.3915,0.6625,0,True,3.28,True,0.16419162514509975,0.38273858343530326,0.9091492105161553,0.45,11.0000,0.10,0.0542,1.0292,1.0000,0.0147,0,428,0,0,0.012032
209,14,554000000,14.554000000,0.012424926182016072,5.524864533481873,51.45047652216056,-0.014147963787991845,-0.039744118916587405,0.0011617808732796678,0.9991090483012354,425,424,330,423,330,0,0.7783,0.9976,3.3940,20.3647,0.7024,0,True,3.28,True,-0.7740313131772417,0.3483299338239737,0.5287171109613354,0.30,12.0000,0.10,0.0623,1.0883,1.0000,0.0174,0,424,0,0,0.010986
210,14,587000000,14.587000000,-0.44761023049028026,5.5357100491495235,52.33831098275296,-0.013292185189699761,-0.03920764205053304,0.0018271648352597364,0.9991410011036405,327,326,326,326,326,0,1.0000,0.9969,3.2272,7.5109,0.5941,0,True,3.28,True,-0.3880628679725332,-0.013789948359904013,0.9215297324694216,0.14,3.0000,0.10,0.0673,1.1528,1.0000,0.0190,0,326,0,0,0.022729
211,14,620000000,14.620000000,-0.5006118657368948,5.959202140780665,53.24265896610177,-0.01073816794592968,-0.03900224861851767,0.0019700735771497227,0.999179480955231,324,324,324,324,324,0,1.0000,1.0000,2.9926,5.4242,0.6864,0,True,3.28,True,0.0199591921866081,0.3993274488887759,0.9165910861508746,0.29,10.0000,0.04,0.0320,1.1836,1.0000,0.0092,0,324,0,0,0.007145
212,14,653000000,14.653000000,-1.3860252963091804,6.093129418368176,53.6877505760881,-0.011268643866980343,-0.03737459072304841,0.003576840900608483,0.9992313865381008,321,321,161,321,161,0,0.5016,1.0000,3.0214,4.1364,0.7484,0,True,3.28,True,-0.8474015505843593,0.12702001117509218,0.5155351867994107,0.27,12.0000,0.10,0.0515,1.2333,1.0000,0.0150,0,321,0,0,0.004425
213,14,686000000,14.686000000,-2.0805249630201574,6.5826030102912725,53.160412149887016,-0.008118554056701567,-0.025927395311307114,0.010181572517122255,0.9995790087999439,159,158,157,157,157,0,0.9937,0.9937,3.0003,10.2384,0.9011,0,True,1.64,True,-0.7279758256152041,0.5057328125476359,-0.46290983963674776,1.56,14.0000,0.10,0.0546,1.2864,1.0000,0.0164,0,158,0,0,0.010620
214,14,719000000,14.719000000,-2.5366892150752043,6.168774266335887,53.94823189184793,-0.008474018332712151,-0.025036777580293917,0.010713275546044811,0.9995932055135061,153,153,153,153,153,0,1.0000,1.0000,2.7849,4.1706,0.7788,0,True,1.64,True,-0.4233491172573442,-0.4177978730817616,0.8038783876717818,0.13,12.0000,0.08,0.0428,1.3282,1.0000,0.0139,0,153,0,0,0.013786
215,14,752000000,14.752000000,-2.198177942182847,5.262574357119648,54.20163244958464,-0.012799050597933561,-0.026753963189760973,0.005292747603097104,0.9995460952753716,149,149,149,149,149,0,1.0000,1.0000,2.6386,3.9757,0.7426,0,True,1.64,True,0.3308533159899703,-0.9173971178586917,0.22117552179887992,0.82,13.0000,0.00,0.0233,1.3509,1.0000,0.0081,0,149,0,0,0.009691
216,14,785000000,14.785000000,-3.0031555368642397,5.157473203759102,54.78555437897525,-0.012229184964344723,-0.025255189059102248,0.005713769538660868,0.9995899035596327,148,147,96,147,96,0,0.6531,0.9932,2.7423,7.7362,0.8568,0,True,1.64,True,-0.7738129937766747,-0.11220077820400513,0.6233974944068956,0.19,1.0000,0.10,0.0522,1.4019,1.0000,0.0201,0,147,0,0,0.014124
217,14,818000000,14.818000000,-3.0031555368642397,5.157473203759102,54.78555437897525,-0.012229184964344723,-0.025255189059102248,0.005713769538660868,0.9995899035596327,2000,0,0,0,0,0,0.0000,0.0000,0.0000,0.0000,0.0000,1,True,3.28,True,0.0,0.0,0.0,0.00,14.0000,0.08,0.0418,1.4425,1.0000,0.0190,0,2000,0,0,0.010122
218,14,851000000,14.851000000,-3.4248035992241657,5.0963470716189985,55.69025129368078,-0.011300517983863684,-0.025094946712141946,0.006004291579370191,0.9996031664742969,2000,1999,1592,1985,1592,0,0.7964,0.9995,1.8426,15.5702,3.2720,0,True,3.28,True,-0.37626723629681547,-0.07892732357397549,0.923143241584428,0.11,13.0000,0.07,0.0431,1.4839,1.0000,0.0244,0,1999,0,0,0.004839
219,14,884000000,14.884000000,-3.422896210208398,5.160738884265857,56.6881741646138,-0.009922960110942618,-0.026149926232136182,0.006233286089691268,0.9995893468646084,1592,1592,1591,1591,1591,0,0.9994,1.0000,2.0113,9.0926,0.9910,0,True,3.28,True,0.05264466344882376,0.041503040498752246,0.9977504883685697,0.20,16.0000,0.05,0.0360,1.5182,1.0000,0.0229,0,1592,0,0,0.009717
220,14,917000000,14.917000000,-3.137657310698584,5.154585932905091,57.646610866433996,-0.010249400036078165,-0.030128991854125795,0.006972254002785448,0.9994691497604491,1589,1589,1589,1589,1589,0,1.0000,1.0000,1.8615,3.8486,0.9381,0,True,3.28,True,0.33473371295223836,-0.028883419921762386,0.941869996054037,0.47,16.0000,0.00,0.0199,1.5370,1.0000,0.0156,0,1589,0,0,0.008552
221,14,950000000,14.950000000,-3.9477211674382495,5.698109422287358,57.42665913424308,-0.010716251939074809,-0.029114097351479726,0.008939762301364321,0.9994786700724443,1588,1588,729,1588,729,0,0.4591,1.0000,1.8273,3.8229,0.9250,0,True,3.28,True,-0.8138189648283518,0.5587448567223889,-0.15969620399992793,0.26,11.0000,0.00,0.0216,1.5572,1.0000,0.0192,0,1588,0,0,0.005087
222,14,983000000,14.983000000,-4.221250905300394,5.503590732487968,58.36864849820841,-0.010307231159134662,-0.029220798398964572,0.0089987410057012,0.9994793287442575,728,728,728,728,728,0,1.0000,1.0000,1.4796,2.3481,0.7568,0,True,3.28,True,-0.22197852032885243,-0.21039458356244767,0.9520817484440072,0.05,5.0000,0.00,0.0215,1.5772,1.0000,0.0216,0,728,0,0,0.005107
223,15,16000000,15.016000000,-4.012297839585932,5.198002642600498,59.29760196079276,-0.010074376741773833,-0.030668618774181786,0.009135132696819166,0.9994370876180052,728,728,728,728,728,0,1.0000,1.0000,1.8173,2.7918,0.8657,0,True,3.28,True,0.25697029548503636,-0.3287349141473821,0.9087901977127869,0.17,4.0000,0.12,0.0965,1.6649,1.0000,0.1325,0,728,0,0,0.022815
224,15,49000000,15.049000000,-4.372917781812536,4.829123990951562,60.15427097367122,-0.010060198100976749,-0.03051525156062989,0.009304476233091276,0.9994403626822305,728,728,728,728,728,0,1.0000,1.0000,1.4631,2.7877,0.7650,0,True,3.28,True,-0.31448658952647124,-0.38011124279225006,0.8698354028843274,0.03,3.0000,0.02,0.0364,1.6974,1.0000,0.0689,0,728,0,0,0.005148
225,15,82000000,15.082000000,-4.377681196798845,4.848002190495198,61.154081417435265,-0.008887608358276648,-0.03177659384452026,0.009421449108961246,0.9994110739820714,728,728,728,728,728,0,1.0000,1.0000,1.4226,2.2941,0.7434,0,True,3.28,True,0.05640659038872946,-0.0017162959567666263,0.9984064056730139,0.20,6.0000,0.00,0.0262,1.7207,1.0000,0.0580,0,728,0,0,0.010440
226,15,115000000,15.115000000,-4.636723844202944,4.828735318574242,62.11975511722845,-0.007857991363523399,-0.03183441332736278,0.00957094044396537,0.9994164393278968,728,728,728,728,728,0,1.0000,1.0000,1.4329,2.3071,0.7512,0,True,3.28,True,-0.1976734563358647,-0.032261644848819306,0.9797368988314575,0.12,8.0000,0.01,0.0328,1.7501,1.0000,0.0819,0,728,0,0,0.008628
227,15,148000000,15.148000000,-4.2051915250106875,3.982753225166334,61.806555252723804,-0.007533523497420019,-0.030671341999808508,0.009527571185726277,0.9994557219761891,727,727,223,727,223,0,0.3067,1.0000,1.3994,2.3969,0.7059,0,True,3.28,True,0.39408879292729776,-0.8486520234233175,-0.3528225707471312,0.14,12.0000,0.00,0.0248,1.7726,1.0000,0.0678,0,727,0,0,0.004404
228,15,181000000,15.181000000,-3.9569664386803485,3.0242808637165415,61.666145000772055,-0.008665771567038781,-0.029576814079637283,0.005820559743396891,0.9995079977450506,223,223,223,223,223,0,1.0000,1.0000,1.4081,2.0988,0.7644,0,True,3.28,True,0.22042787529934624,-0.9606057571126554,-0.1692575882879062,0.46,12.0000,0.00,0.0253,1.7961,1.0000,0.0750,0,223,0,0,0.006016
229,15,214000000,15.214000000,-3.0535226685865644,2.7598968884714736,61.328668382452584,-0.00841571139502881,-0.028735667470098647,0.005955624820530182,0.9995338752387338,223,223,217,223,217,0,0.9731,1.0000,1.4243,2.1137,0.7778,0,True,3.28,True,0.878671073569597,-0.2684128510047595,-0.3948312118963604,0.10,12.0000,0.00,0.0280,1.8228,1.0000,0.0856,0,223,0,0,0.007062
230,15,247000000,15.247000000,-3.8047904690483563,2.5707465913439513,61.96098069222195,-0.00862587435307108,-0.027975954897619455,0.00651439890828556,0.9995501502406345,217,217,125,217,125,0,0.5760,1.0000,1.3639,2.0371,0.7324,0,True,1.64,True,-0.7160577461455134,-0.19138326019722712,0.6712925978299537,0.11,11.0000,0.00,0.0175,1.8396,1.0000,0.0542,0,217,0,0,0.007999
231,15,280000000,15.280000000,-3.6129131750610983,2.828984364518364,62.90781560737773,-0.00726469955252861,-0.028591246570737635,0.006980835815221008,0.9995404107344853,125,125,125,125,125,0,1.0000,1.0000,1.5544,2.0940,0.7478,0,True,1.64,True,0.2478952900757192,0.23909890254628655,0.9388182145439214,0.18,8.0000,0.01,0.0265,1.8655,1.0000,0.0835,0,125,0,0,0.009912
232,15,313000000,15.313000000,-3.2415844701303387,3.0823199088356636,63.80108829523956,-0.004735375222426113,-0.03531176904079632,0.008548592093108157,0.9993285629671245,125,125,125,125,125,0,1.0000,1.0000,1.5250,2.0815,0.7132,0,True,1.64,True,0.4252915040405871,0.23492705289559473,0.8740345624794741,0.84,1.0000,0.00,0.0224,1.8878,1.0000,0.0679,0,125,0,0,0.006863
233,15,346000000,15.346000000,-2.9306047988490826,3.2257363227085065,64.74062189031834,-0.0025375410030885996,-0.041462011957555646,0.009248022497164549,0.9990940578994458,125,125,125,125,125,0,1.0000,1.0000,1.5275,2.0708,0.7143,0,True,1.64,True,0.3788895868723252,0.12872037450659524,0.9164462592790701,0.75,13.0000,0.00,0.0214,1.9091,1.0000,0.0631,0,125,0,0,0.003142
234,15,379000000,15.379000000,-2.58124232736054,3.49203127648514,65.6389719674645,0.0005095865244998403,-0.049238978334815914,0.01105289021021178,0.9987257366024561,125,125,125,125,125,0,1.0000,1.0000,1.5292,2.0648,0.7177,0,True,1.64,True,0.4274636630833646,0.2546195185549774,0.8674351373527495,0.98,2.0000,0.00,0.0220,1.9311,1.0000,0.0626,0,125,0,0,0.010460
235,15,412000000,15.412000000,-2.249517185046364,3.7078021281768545,66.55734083100293,0.0037976398206575656,-0.060790022516421176,0.013098517569180736,0.9980574031245574,125,125,125,125,125,0,1.0000,1.0000,1.4541,1.9919,0.7022,0,True,1.64,True,0.425122639295318,0.2083128446283333,0.8808385211384857,1.40,5.0000,0.00,0.0108,1.9419,1.0000,0.0295,0,125,0,0,0.003520
236,15,445000000,15.445000000,-2.132248536482062,3.581539660766313,67.54238187247648,0.00458045887658613,-0.06342711295022216,0.012802324103715516,0.9978938426690602,125,125,125,125,125,0,1.0000,1.0000,1.4381,1.9760,0.6777,0,True,1.64,True,0.23274539896892835,-0.12343733513467968,0.9646723814610031,0.32,2.0000,0.00,0.0093,1.9511,1.0000,0.0243,0,125,0,0,0.003067
237,15,478000000,15.478000000,-1.9152896341842893,2.6182131523042926,67.7002770047894,0.0004820638833960088,-0.06479679161837695,0.004642645432738272,0.9978875634327561,125,125,125,125,125,0,1.0000,1.0000,1.6039,2.1733,0.7132,0,True,1.64,True,0.21109418466784607,-0.9674528374972698,0.13955017885297918,1.06,1.0000,0.08,0.0326,1.9827,1.0000,0.0789,0,125,0,0,0.011178
238,15,511000000,15.511000000,-2.276319805284935,2.0562321195112965,66.95607640391894,-0.0005915515260439602,-0.0579970139718515,0.0012590139971875624,0.9983157873743637,125,125,125,125,125,0,1.0000,1.0000,1.4395,2.0025,0.6874,0,True,1.64,True,-0.4593981962950587,-0.5588570376750959,-0.6903854783248725,0.88,1.0000,0.00,0.0096,1.9917,1.0000,0.0223,0,125,0,0,0.003631
239,15,544000000,15.544000000,-2.6851480141126225,1.8123745302784786,66.07664876514455,-0.0014384005877049195,-0.048940102130317624,-9.712749268148685e-06,0.998800679471578,125,125,125,125,125,0,1.0000,1.0000,1.4946,2.0562,0.7140,0,True,1.64,True,-0.5085415788758564,-0.24168985961620845,-0.826420882065034,1.05,1.0000,0.00,0.0163,2.0065,1.0000,0.0376,0,125,0,0,0.006611
240,15,577000000,15.577000000,-2.3413956948248944,2.078851253316193,66.97710670367549,0.0009435781686021853,-0.05475607831307994,0.001456305298882961,0.998498252739026,125,125,125,125,125,0,1.0000,1.0000,1.4785,2.0551,0.6914,0,True,1.64,True,0.4301693286295354,0.26394421143639335,0.8633005281798657,0.74,13.0000,0.00,0.0142,2.0178,1.0000,0.0342,0,125,0,0,0.004641
241,15,610000000,15.610000000,-1.9968720655962744,2.3206362444480924,67.88421391176419,0.004602547932345519,-0.06690620370858553,0.0038829168622328816,0.9977410983889942,125,125,125,125,125,0,1.0000,1.0000,1.4656,2.0045,0.7149,0,True,1.64,True,0.44232700769958155,0.24231059208576886,0.8635000840895027,1.48,3.0000,0.00,0.0127,2.0256,1.0000,0.0304,0,125,0,0,0.009047
242,15,643000000,15.643000000,-2.944800561833467,2.161034530287789,68.15982025940261,0.004398913581261541,-0.06591483855655322,0.004598868673856619,0.99780495790725,125,125,8,125,8,0,0.0640,1.0000,1.4581,1.9705,0.7112,0,True,1.64,True,-0.9037454749790172,-0.14927345324704233,0.40120014034226525,0.14,2.0000,0.00,0.0096,2.0289,1.0000,0.0199,0,125,0,0,0.004919
243,15,676000000,15.676000000,-2.0461257983604977,1.7249980420040838,68.20731605271122,0.004103992406816247,-0.06593498964869973,0.005564658022067122,0.9977999644054154,2000,1933,1163,1890,1163,0,0.6017,0.9665,6.3655,869.1658,2.8087,0,True,1.64,True,0.8933283350901176,-0.44438180070741373,-0.06700224567247616,0.12,5.0000,0.00,0.0058,2.0300,1.0000,0.0106,0,1933,0,0,0.002852
244,15,709000000,15.709000000,-2.252556588620346,1.092497233915577,68.95386079792083,0.0037831429265382244,-0.06533389157218288,0.005849780169767725,0.9978391406001256,1163,1163,959,1163,959,0,0.8246,1.0000,1.4007,2.2854,1.0283,0,True,1.64,True,-0.11304027967689012,-0.6244699086890957,0.7728254837364016,0.08,0.0000,0.00,0.0184,2.0308,1.0000,0.0272,0,1163,0,0,0.008284
245,15,742000000,15.742000000,-1.440271582971869,0.787618930129885,68.45662615564476,0.0040429173419447234,-0.06434562253924601,0.006425999078647268,0.9978987935733986,955,955,306,955,306,0,0.3204,1.0000,1.5178,3.0817,0.8904,0,True,1.64,True,0.7370322251496136,-0.3181071085056766,-0.5963148217252082,0.13,2.0000,0.00,0.0121,2.0291,1.0000,0.0136,0,955,0,0,0.004774
246,15,775000000,15.775000000,-0.5707526825730586,0.411462212244424,68.13655896670018,0.004247466850468201,-0.06352821850644891,0.006819588093330225,0.9979477028867737,305,305,124,305,124,0,0.4066,1.0000,1.3538,2.3884,1.1294,0,True,1.64,True,0.8164984236172931,-0.3900352166007938,-0.42567928542700717,0.11,6.0000,0.00,0.0103,2.0269,1.0000,0.0089,0,305,0,0,0.003571
247,15,808000000,15.808000000,-0.3676499690493724,1.0059680363719996,67.35854089953355,0.005604021272235008,-0.062082164631141745,0.007677004757458547,0.9980257829225887,123,123,123,123,123,0,1.0000,1.0000,1.4385,2.1181,0.9706,0,True,1.64,True,0.1105211354778359,0.5856334830200349,-0.803005916652245,0.25,5.0000,0.00,0.0170,2.0222,1.0000,0.0115,0,123,0,0,0.005368
248,15,841000000,15.841000000,-1.2193655061258752,1.3903893954300424,67.7146319870413,0.005504597159873934,-0.06104494522891445,0.008384687730342209,0.9980846212039193,122,122,61,122,61,0,0.5000,1.0000,1.4516,5.9710,0.9543,0,True,1.64,True,-0.7952693555467801,0.4016397472899436,0.45412791757948473,0.14,1.0000,0.00,0.0153,2.0163,1.0000,0.0083,0,122,0,0,0.004401
249,15,874000000,15.874000000,-1.2193655061258752,1.3903893954300424,67.7146319870413,0.005504597159873934,-0.06104494522891445,0.008384687730342209,0.9980846212039193,2000,0,0,0,0,0,0.0000,0.0000,0.0000,0.0000,0.0000,1,True,3.28,True,0.0,0.0,0.0,0.00,2.0000,0.00,0.0128,2.0109,1.0000,0.0062,0,2000,0,0,0.003601
250,15,907000000,15.907000000,-1.3250118522788898,0.643899727933336,68.3715886262993,0.005127394729737018,-0.06024116683570831,0.008726496204644833,0.998132536242331,2000,1887,407,1879,407,0,0.2157,0.9435,1.1990,15.6896,2.8423,0,True,3.28,True,-0.0367218397424143,-0.7379540451458209,0.6738511213456962,0.11,0.0000,0.00,0.0262,1.9992,1.0000,0.0100,0,1887,0,0,0.006724
251,15,940000000,15.940000000,-2.2166261439073716,0.9118149974070894,68.73661652022886,0.005378239717856944,-0.05930974148993328,0.009188297077477767,0.9981828511343753,407,406,17,405,17,0,0.0419,0.9975,1.6091,6.2899,1.0086,0,True,3.28,True,-0.8365755304965016,0.2872959668487948,0.46647873392783173,0.12,3.0000,0.00,0.0070,1.9962,1.0000,0.0019,0,406,0,0,0.001728
252,15,973000000,15.973000000,-2.2166261439073716,0.9118149974070894,68.73661652022886,0.005378239717856944,-0.05930974148993328,0.009188297077477767,0.9981828511343753,2000,0,0,0,0,0,0.0000,0.0000,0.0000,0.0000,0.0000,1,True,4.92,True,0.0,0.0,0.0,0.00,2.0000,0.00,0.0166,1.9895,1.0000,0.0030,0,2000,0,0,0.004022
253,16,6000000,16.006000000,-2.116685189930389,-0.07023040871477038,68.57662081393296,0.005374253882344783,-0.05820122291755472,0.009303511682389494,0.9982470534474344,2000,1958,649,1951,649,0,0.3315,0.9790,1.1989,15.7207,2.5507,0,True,4.92,True,0.0628736845381506,-0.9852632538010052,-0.1590698604451922,0.13,2.0000,0.00,0.0152,1.9827,1.0000,0.0010,0,1958,0,0,0.003652
254,16,39000000,16.039000000,-2.660253017030996,-0.8165230943383808,68.1924577694768,0.005440289312581247,-0.05677824061092134,0.008447655338420524,0.9983362518533557,649,649,648,649,648,0,0.9985,1.0000,1.2150,5.6046,1.2407,0,True,4.92,True,-0.5978638125220246,-0.7393898031441832,-0.309615213907578,0.19,1.0000,0.00,0.0337,1.9662,1.0000,0.0046,0,649,0,0,0.007619
255,16,72000000,16.072000000,-3.515973105668542,-0.3816704250778461,68.47289722094385,0.005564419844312391,-0.05587644446669885,0.00895099580649879,0.998382061066618,648,647,158,646,158,0,0.2442,0.9985,1.2903,2.3794,0.9122,0,True,4.92,True,-0.8111960533646687,0.4525043590248389,0.37040622034343007,0.12,16.0000,0.00,0.0191,1.9571,1.0000,0.0055,0,647,0,0,0.001562
256,16,105000000,16.105000000,-2.651464506710001,-0.6414708799422619,68.04263148215097,0.0055968550790780934,-0.055045642690633036,0.009396418300965773,0.998423937892673,158,158,42,158,42,0,0.2658,1.0000,1.1397,1.9727,0.8210,0,True,4.92,True,0.8064414015972068,-0.280081924280179,-0.5207747895985796,0.11,4.0000,0.00,0.0192,1.9483,1.0000,0.0056,0,158,0,0,0.006600
257,16,138000000,16.138000000,-2.651464506710001,-0.6414708799422619,68.04263148215097,0.0055968550790780934,-0.055045642690633036,0.009396418300965773,0.998423937892673,2000,0,0,0,0,0,0.0000,0.0000,0.0000,0.0000,0.0000,1,True,6.56,True,0.0,0.0,0.0,0.00,13.0000,0.00,0.0168,1.9415,1.0000,0.0050,0,2000,0,0,0.001954
258,16,171000000,16.171000000,-2.7913601144991285,-0.49688149912645707,69.0221839972703,0.006325952945055453,-0.054732169231606745,0.009484674492061852,0.9984359833861756,2000,1949,888,1944,888,0,0.4556,0.9745,1.0814,15.8777,2.4956,0,True,6.56,True,-0.02862599662407651,0.1572001146385519,0.9871518000160384,0.09,5.0000,0.00,0.0157,1.9359,1.0000,0.0049,0,1949,0,0,0.005096
259,16,204000000,16.204000000,-1.9300281346019608,-0.3616600078813968,69.51190061809491,0.005489267712165543,-0.05710517107718325,0.011484948894671136,0.9982870145029016,888,888,781,887,781,0,0.8795,1.0000,1.2205,6.9689,1.1174,0,True,6.56,True,0.912065426308191,0.12395426195442769,0.3908605877759881,0.37,12.0000,0.00,0.0185,1.9310,1.0000,0.0070,0,888,0,0,0.002092
260,16,237000000,16.237000000,-1.8771944225937864,-0.861983637606077,70.3761256260729,0.004980582764351953,-0.057203963606838826,0.011602324299058405,0.9982826685933471,780,780,780,780,780,0,1.0000,1.0000,1.2661,2.5850,0.6830,0,True,6.56,True,0.13995948927234883,-0.49306804965147083,0.858658977578129,0.06,2.0000,0.00,0.0166,1.9279,1.0000,0.0068,0,780,0,0,0.005681
261,16,270000000,16.270000000,-2.3517134150558787,-1.1032248497723702,71.22266824363288,0.005134364747031448,-0.0567913847316097,0.011742421468495537,0.9983038076943145,776,776,669,776,669,0,0.8621,1.0000,1.2452,1.9166,0.6633,0,True,6.56,True,-0.3799538506184203,-0.2226073975767753,0.8978201478828212,0.05,19.0000,0.00,0.0130,1.9275,1.0000,0.0049,0,776,0,0,0.002025
262,16,303000000,16.303000000,-2.3556179625434996,-1.7642709302879198,71.9730033913795,0.004766362304791881,-0.056480116857799106,0.011969030122022528,0.9983206000619476,668,668,417,668,417,0,0.6243,1.0000,1.2554,2.0011,0.6086,0,True,6.56,True,0.0661800517957244,-0.6540439428092787,0.7535560507479244,0.06,14.0000,0.00,0.0094,1.9278,1.0000,0.0032,0,668,0,0,0.001752
263,16,336000000,16.336000000,-2.722134149648846,-2.0374465694681363,72.862408223134,0.005064886477652113,-0.056187447728855394,0.012064475655686665,0.9983344960832712,413,413,413,413,413,0,1.0000,1.0000,1.2785,1.7419,0.5767,0,True,6.56,True,-0.27005389956389103,-0.2568669546932044,0.9279494915764408,0.05,1.0000,0.00,0.0056,1.9282,1.0000,0.0015,0,413,0,0,0.002369
264,16,369000000,16.369000000,-2.5291669362440903,-3.016111167237404,72.79184435402294,0.004370064449958951,-0.05556297313992333,0.011233598959645109,0.9983824241276332,412,411,411,411,411,0,1.0000,0.9976,1.2884,1.9538,0.6219,0,True,6.56,True,0.1607498112258762,-0.9837056049794343,-0.08051571848335122,0.14,2.0000,0.06,0.0371,1.9395,1.0000,0.0020,0,411,0,0,0.008158
265,16,402000000,16.402000000,-2.9777156445615356,-2.9725670603086254,73.68454137262361,0.005139442250414364,-0.05502480555183357,0.011327543114800928,0.9984075038151105,409,409,88,409,88,0,0.2152,1.0000,1.2536,1.6799,0.5740,0,True,6.56,True,-0.34558137402131184,0.060485885628994415,0.9364373826205458,0.11,3.0000,0.00,0.0165,1.9481,1.0000,0.0026,0,409,0,0,0.003322
266,16,435000000,16.435000000,-2.9777156445615356,-2.9725670603086254,73.68454137262361,0.005139442250414364,-0.05502480555183357,0.011327543114800928,0.9984075038151105,2000,0,0,0,0,0,0.0000,0.0000,0.0000,0.0000,0.0000,1,True,8.20,True,0.0,0.0,0.0,0.00,2.0000,0.00,0.0151,1.9562,1.0000,0.0040,0,2000,0,0,0.002853
267,16,468000000,16.468000000,-2.800882835981457,-3.915101818020432,73.40106582109433,0.005035553206498681,-0.054118349007126566,0.010125730511534124,0.9984704888409347,2000,1903,1887,1889,1887,0,0.9916,0.9515,2.0374,206.2815,2.7469,0,True,8.20,True,0.12375081477908793,-0.9488986785535438,-0.2903050700226409,0.17,14.0000,0.00,0.0201,1.9691,1.0000,0.0078,0,1903,0,0,0.001799
268,16,501000000,16.501000000,-1.8435657268070078,-4.199372639441568,73.34877765254328,0.005100198806699656,-0.05356817179980716,0.010546285727019636,0.9984954756029305,1887,1887,124,1884,124,0,0.0657,1.0000,0.9735,12.9644,1.5842,0,True,8.20,True,0.9402638961904337,-0.30454578543316485,-0.15216987249676595,0.08,5.0000,0.00,0.0194,1.9822,1.0000,0.0083,0,1887,0,0,0.004691
269,16,534000000,16.534000000,-1.8435657268070078,-4.199372639441568,73.34877765254328,0.005100198806699656,-0.05356817179980716,0.010546285727019636,0.9984954756029305,124,124,7,124,7,0,0.0565,1.0000,0.3530,1.5619,3.0350,0,True,8.20,True,0.0,0.0,0.0,0.00,2.0000,0.00,0.0147,1.9933,1.0000,0.0070,0,124,0,0,0.002213
270,16,567000000,16.567000000,-0.8759528157735333,-4.427598654563558,73.45665786584885,0.005820549835187838,-0.05388733848607749,0.010889813117052357,0.9984706745422115,124,124,84,124,84,0,0.6774,1.0000,0.4267,1.5864,3.3442,0,True,8.20,True,0.9687146251991352,-0.24809395852633392,0.006431381502674511,0.10,0.0000,0.00,0.0195,2.0090,1.0000,0.0094,0,124,0,0,0.002685
271,16,600000000,16.600000000,-0.8759528157735333,-4.427598654563558,73.45665786584885,0.005820549835187838,-0.05388733848607749,0.010889813117052357,0.9984706745422115,2000,0,0,0,0,0,0.0000,0.0000,0.0000,0.0000,0.0000,1,True,9.84,True,0.0,0.0,0.0,0.00,2.0000,0.00,0.0202,2.0259,1.0000,0.0105,0,2000,0,0,0.002570
272,16,633000000,16.633000000,-0.37983904922289624,-3.5625276567165227,73.53097676871262,0.00643853321096311,-0.05351291398252142,0.01155112900727692,0.998479586544386,2000,1935,545,1878,545,0,0.2817,0.9675,6.6272,472.0190,3.1197,0,True,9.84,True,0.5193911359582354,0.8544839512913321,0.009488143841980946,0.11,0.0000,0.08,0.0365,2.0577,1.0000,0.0220,0,1935,0,0,0.004274
273,16,666000000,16.666000000,0.3026206747921778,-2.834998765778809,73.6013361174035,0.006463131151601734,-0.05357341441487096,0.0122971549914865,0.9984672739668362,545,545,504,545,504,0,0.9248,1.0000,0.9304,17.6472,2.8377,0,True,9.84,True,0.7021789350989384,0.7118794220623876,-0.01313131933362318,0.09,4.0000,0.08,0.0288,2.0839,1.0000,0.0200,0,545,0,0,0.003104
274,16,699000000,16.699000000,0.14803157338931996,-3.4756769738434983,74.35342231155845,0.0065776686445844215,-0.053764972390962916,0.012122864711282726,0.9984583607593223,504,504,405,500,405,0,0.8036,1.0000,0.8435,17.1659,2.5315,0,True,9.84,True,-0.08836449993671064,-0.6278118648781253,0.7733330314096155,0.03,1.0000,0.08,0.0241,2.1067,1.0000,0.0192,0,504,0,0,0.002465
275,16,732000000,16.732000000,1.0403637283546707,-3.3565072932018625,73.91805819678707,0.006817950062292376,-0.05336362972253801,0.012584395314240054,0.9984725692648541,405,405,24,405,24,0,0.0593,1.0000,0.9631,1.4291,1.7158,0,True,9.84,True,0.8428996675235738,0.09174030370551553,-0.5301922926303889,0.08,16.0000,0.08,0.0325,2.1380,1.0000,0.0289,0,405,0,0,0.002262
276,16,765000000,16.765000000,1.0403637283546707,-3.3565072932018625,73.91805819678707,0.006817950062292376,-0.05336362972253801,0.012584395314240054,0.9984725692648541,2000,0,0,0,0,0,0.0000,0.0000,0.0000,0.0000,0.0000,1,True,11.48,True,0.0,0.0,0.0,0.00,13.0000,0.08,0.0260,2.1635,1.0000,0.0257,0,2000,0,0,0.001903
277,16,798000000,16.798000000,1.1931138504162662,-4.135886032945491,74.52570626947866,0.006995911441236996,-0.05308931143710487,0.013159676280369386,0.9984785451648105,2000,1970,125,1960,125,0,0.0635,0.9850,2.2896,462.8600,3.3874,0,True,11.48,True,0.1976706680640225,-0.7755521984446657,0.59953740039698,0.08,4.0000,0.08,0.0409,2.2041,1.0000,0.0448,0,1970,0,0,0.005096
278,16,831000000,16.831000000,0.6683885681109777,-3.8192281681298392,73.73552200314579,0.009818975342495088,-0.04770974815963989,0.013219942389251301,0.9987254881983298,125,125,122,122,122,0,0.9760,1.0000,5.4167,173.5567,1.2454,0,True,9.84,True,-0.5974178811901283,0.32076119387407537,-0.7349858037668315,0.70,5.0000,0.06,0.0254,2.2294,1.0000,0.0312,0,125,0,0,0.002336
279,16,864000000,16.864000000,0.19706377595555813,-4.480448862963321,74.31916584404841,0.008465217825513235,-0.047864829927753386,0.011887650872448014,0.9987472062037964,122,122,122,122,122,0,1.0000,1.0000,1.2531,1.7168,0.8714,0,True,9.84,True,-0.4300836317582021,-0.6372638621279914,0.6394707496980545,0.22,1.0000,0.01,0.0217,2.2511,1.0000,0.0286,0,122,0,0,0.002046
280,16,897000000,16.897000000,0.9570301766153019,-5.098910269633577,74.11927447773229,0.009252702705538749,-0.04834300915373251,0.011969848350588036,0.9987162077833067,120,120,120,120,120,0,1.0000,1.0000,1.2148,1.7036,1.1059,0,True,9.84,True,0.7229330880005845,-0.6400121535117845,-0.2602925155111975,0.11,0.0000,0.01,0.0223,2.2733,1.0000,0.0305,0,120,0,0,0.002108
281,16,930000000,16.930000000,1.3435137182221537,-5.683646516346993,73.40603258759505,0.010071800195760133,-0.04810032679191459,0.01183561717275122,0.9987216006322621,120,120,120,120,120,0,1.0000,1.0000,1.1949,1.6349,0.9557,0,True,9.84,True,0.30207902926373686,-0.6064111768569463,-0.7355363652886592,0.10,1.0000,0.01,0.0219,2.2951,1.0000,0.0319,0,120,0,0,0.002130
282,16,963000000,16.963000000,1.3667055749126693,-5.493566351095442,72.42453797805244,0.01154479397144481,-0.047551567021916485,0.012169985753830131,0.9987279197322304,120,120,120,120,120,0,1.0000,1.0000,1.4038,1.8864,0.9494,0,True,9.84,True,-0.06714616328409577,0.17078956262370193,-0.9830169469826194,0.18,1.0000,0.09,0.0399,2.3345,1.0000,0.0623,0,120,0,0,0.004047
283,16,996000000,16.996000000,0.6145443014542783,-5.09476869570743,72.94914625931236,0.011739842852415961,-0.04711347707242439,0.012639576883357536,0.9987405756572406,118,118,70,118,70,0,0.5932,1.0000,1.0967,1.5430,1.0415,0,True,9.84,True,-0.6893046115810042,0.4291737439058457,0.5836686131658962,0.08,14.0000,0.00,0.0213,2.3552,1.0000,0.0355,0,118,0,0,0.001694
284,17,29000000,17.029000000,0.6145443014542783,-5.09476869570743,72.94914625931236,0.011739842852415961,-0.04711347707242439,0.012639576883357536,0.9987405756572406,2000,0,0,0,0,0,0.0000,0.0000,0.0000,0.0000,0.0000,1,True,11.48,True,0.0,0.0,0.0,0.00,6.0000,0.00,0.0201,2.3745,1.0000,0.0341,0,2000,0,0,0.002757
285,17,62000000,17.062000000,-0.3146446211580407,-5.118259095869829,73.31800415497784,0.011923299317011329,-0.04681872507735945,0.012777960118433235,0.9987505022029973,2000,1856,758,1849,758,0,0.4084,0.9280,1.8250,900.4119,3.2452,0,True,11.48,True,-0.8905120606567744,0.009221439521471572,0.4548661724925005,0.04,13.0000,0.00,0.0210,2.3940,1.0000,0.1201,0,1856,0,0,0.001222
286,17,95000000,17.095000000,-1.1728016132465737,-4.630370325880884,73.47778877579047,0.012392436334056034,-0.046377551839678295,0.012718557401602168,0.9987661330385038,758,758,119,758,119,0,0.1570,1.0000,0.8355,1.5217,1.0121,0,True,11.48,True,-0.8272146373546982,0.5140667975097085,0.22682872711419802,0.07,1.0000,0.02,0.0267,2.4152,1.0000,0.5038,0,758,0,0,0.002976
287,17,128000000,17.128000000,-1.1728016132465737,-4.630370325880884,73.47778877579047,0.012392436334056034,-0.046377551839678295,0.012718557401602168,0.9987661330385038,119,119,3,119,3,0,0.0252,1.0000,2.9426,3.8224,1.3837,1,True,13.11,True,0.0,0.0,0.0,0.00,1.0000,0.47,0.2035,2.5345,1.0000,5.3680,0,119,0,0,0.003046
288,17,161000000,17.161000000,-2.07650194643488,-4.262929645885222,73.69759108351191,0.01467248023513959,-0.04679060897960581,0.008343329427615625,0.9987621068548453,119,119,33,119,33,0,0.2773,1.0000,4.7162,6.1306,1.4342,0,True,13.11,True,-0.8701758107914174,0.39638862844942735,0.2926945738299245,0.57,3.0000,0.00,0.0000,2.9585,0.0000,17.9799,1,119,0,0,0.003611
289,17,194000000,17.194000000,-2.07650194643488,-4.262929645885222,73.69759108351191,0.01467248023513959,-0.04679060897960581,0.008343329427615625,0.9987621068548453,2000,0,0,0,0,0,0.0000,0.0000,0.0000,0.0000,0.0000,1,True,14.75,True,0.0,0.0,0.0,0.00,5.0000,0.00,0.0000,3.5232,0.0000,21.8746,1,0,2000,0,0.001812
290,17,227000000,17.227000000,-2.07650194643488,-4.262929645885222,73.69759108351191,0.01467248023513959,-0.04679060897960581,0.008343329427615625,0.9987621068548453,2000,1994,0,0,0,0,0.0000,0.9970,0.0000,0.0000,3.4229,2,True,16.39,True,0.0,0.0,0.0,0.00,3.0000,0.00,0.0000,4.6674,0.0000,40.9162,1,0,1994,0,0.003415
291,17,260000000,17.260000000,-2.07650194643488,-4.262929645885222,73.69759108351191,0.01467248023513959,-0.04679060897960581,0.008343329427615625,0.9987621068548453,1984,1974,0,0,0,0,0.0000,0.9950,0.0000,0.0000,3.2980,3,True,18.03,True,0.0,0.0,0.0,0.00,5.0000,0.00,0.0000,5.8135,0.0000,38.8733,1,0,1974,0,0.001520
292,17,293000000,17.293000000,-2.07650194643488,-4.262929645885222,73.69759108351191,0.01467248023513959,-0.04679060897960581,0.008343329427615625,0.9987621068548453,1965,1936,0,0,0,0,0.0000,0.9852,0.0000,0.0000,3.2177,4,True,19.67,True,0.0,0.0,0.0,0.00,10.0000,0.00,0.0000,7.1169,0.0000,43.2039,1,0,1936,0,0.000777
293,17,326000000,17.326000000,-2.07650194643488,-4.262929645885222,73.69759108351191,0.01467248023513959,-0.04679060897960581,0.008343329427615625,0.9987621068548453,1921,1910,0,0,0,0,0.0000,0.9943,0.0000,0.0000,3.2278,5,True,21.31,True,0.0,0.0,0.0,0.00,16.0000,0.00,0.0000,9.4763,0.0000,76.2467,1,0,1910,0,0.000750
294,17,359000000,17.359000000,-2.07650194643488,-4.262929645885222,73.69759108351191,0.01467248023513959,-0.04679060897960581,0.008343329427615625,0.9987621068548453,1892,1836,0,0,0,0,0.0000,0.9704,0.0000,0.0000,3.2195,6,True,22.95,True,0.0,0.0,0.0,0.00,1.0000,0.00,0.0000,11.6980,0.0000,70.5935,1,0,1836,0,0.000717
295,17,392000000,17.392000000,-2.07650194643488,-4.262929645885222,73.69759108351191,0.01467248023513959,-0.04679060897960581,0.008343329427615625,0.9987621068548453,1820,1772,0,0,0,0,0.0000,0.9736,0.0000,0.0000,3.5110,7,True,24.59,True,0.0,0.0,0.0,0.00,11.0000,0.00,0.0000,14.1932,0.0000,78.8993,1,0,1772,0,0.000263
296,17,425000000,17.425000000,-2.07650194643488,-4.262929645885222,73.69759108351191,0.01467248023513959,-0.04679060897960581,0.008343329427615625,0.9987621068548453,1752,1711,0,0,0,0,0.0000,0.9766,0.0000,0.0000,3.6716,8,True,26.23,True,0.0,0.0,0.0,0.00,10.0000,0.00,0.0000,16.9448,0.0000,86.3241,1,0,1711,0,0.001056
297,17,458000000,17.458000000,-2.07650194643488,-4.262929645885222,73.69759108351191,0.01467248023513959,-0.04679060897960581,0.008343329427615625,0.9987621068548453,1693,1643,0,0,0,0,0.0000,0.9705,0.0000,0.0000,4.0235,9,True,27.87,True,0.0,0.0,0.0,0.00,16.0000,0.00,0.0000,19.5335,0.0000,80.9297,1,0,1643,0,0.000683
298,17,491000000,17.491000000,-2.07650194643488,-4.262929645885222,73.69759108351191,0.01467248023513959,-0.04679060897960581,0.008343329427615625,0.9987621068548453,1629,1552,0,0,0,0,0.0000,0.9527,0.0000,0.0000,4.5172,10,True,29.51,True,0.0,0.0,0.0,0.00,0.0000,0.00,0.0000,24.0377,0.0000,139.9594,1,0,1552,0,0.002887
299,17,524000000,17.524000000,-2.07650194643488,-4.262929645885222,73.69759108351191,0.01467248023513959,-0.04679060897960581,0.008343329427615625,0.9987621068548453,1521,1478,0,0,0,0,0.0000,0.9717,0.0000,0.0000,4.9094,11,True,31.15,True,0.0,0.0,0.0,0.00,12.0000,0.00,0.0000,27.4196,0.0000,104.7336,1,0,1478,0,0.001616
300,17,557000000,17.557000000,-2.07650194643488,-4.262929645885222,73.69759108351191,0.01467248023513959,-0.04679060897960581,0.008343329427615625,0.9987621068548453,1466,1263,0,0,0,0,0.0000,0.8615,0.0000,0.0000,3.9705,12,True,32.79,True,0.0,0.0,0.0,0.00,5.0000,0.00,0.0000,30.6198,0.0000,98.7898,1,0,1263,0,0.002774
301,17,590000000,17.590000000,-2.07650194643488,-4.262929645885222,73.69759108351191,0.01467248023513959,-0.04679060897960581,0.008343329427615625,0.9987621068548453,1251,1211,0,0,0,0,0.0000,0.9680,0.0000,0.0000,4.2298,13,True,34.43,True,0.0,0.0,0.0,0.00,2.0000,0.00,0.0000,35.7378,0.0000,157.6356,1,0,1211,0,0.003741
302,17,623000000,17.623000000,-2.07650194643488,-4.262929645885222,73.69759108351191,0.01467248023513959,-0.04679060897960581,0.008343329427615625,0.9987621068548453,1197,1104,0,0,0,0,0.0000,0.9223,0.0000,0.0000,4.4832,14,True,36.07,True,0.0,0.0,0.0,0.00,1.0000,0.00,0.0000,39.6699,0.0000,120.8711,1,0,1104,0,0.003039
303,17,656000000,17.656000000,-2.07650194643488,-4.262929645885222,73.69759108351191,0.01467248023513959,-0.04679060897960581,0.008343329427615625,0.9987621068548453,1090,1007,0,0,0,0,0.0000,0.9239,0.0000,0.0000,4.7830,15,True,37.70,True,0.0,0.0,0.0,0.00,0.0000,0.00,0.0000,42.7980,0.0000,96.0400,1,0,1007,0,0.002657
304,17,689000000,17.689000000,-2.07650194643488,-4.262929645885222,73.69759108351191,0.01467248023513959,-0.04679060897960581,0.008343329427615625,0.9987621068548453,992,927,0,0,0,0,0.0000,0.9345,0.0000,0.0000,5.2909,16,True,39.34,True,0.0,0.0,0.0,0.00,0.0000,0.00,0.0000,48.8047,0.0000,184.1959,1,0,927,0,0.006043
305,17,722000000,17.722000000,-2.07650194643488,-4.262929645885222,73.69759108351191,0.01467248023513959,-0.04679060897960581,0.008343329427615625,0.9987621068548453,921,900,0,0,0,0,0.0000,0.9772,0.0000,0.0000,5.4525,17,True,40.98,True,0.0,0.0,0.0,0.00,0.0000,0.00,0.0000,50.4100,0.0000,49.1765,1,0,900,0,0.001847
306,17,755000000,17.755000000,-2.07650194643488,-4.262929645885222,73.69759108351191,0.01467248023513959,-0.04679060897960581,0.008343329427615625,0.9987621068548453,897,891,0,0,0,0,0.0000,0.9933,0.0000,0.0000,6.0349,18,True,42.62,True,0.0,0.0,0.0,0.00,17.0000,0.00,0.0000,56.8299,0.0000,196.4344,1,0,891,0,0.004882
307,17,788000000,17.788000000,-2.07650194643488,-4.262929645885222,73.69759108351191,0.01467248023513959,-0.04679060897960581,0.008343329427615625,0.9987621068548453,888,859,0,0,0,0,0.0000,0.9673,0.0000,0.0000,6.3951,19,True,44.26,True,0.0,0.0,0.0,0.00,1.0000,0.00,0.0000,61.0882,0.0000,130.0530,1,0,859,0,0.009800
308,17,821000000,17.821000000,-2.07650194643488,-4.262929645885222,73.69759108351191,0.01467248023513959,-0.04679060897960581,0.008343329427615625,0.9987621068548453,853,784,0,0,0,0,0.0000,0.9191,0.0000,0.0000,6.0226,20,True,45.90,True,0.0,0.0,0.0,0.00,3.0000,0.00,0.0000,62.4456,0.0000,41.4300,1,0,784,0,0.002190
309,17,854000000,17.854000000,-2.07650194643488,-4.262929645885222,73.69759108351191,0.01467248023513959,-0.04679060897960581,0.008343329427615625,0.9987621068548453,777,589,0,0,0,0,0.0000,0.7580,0.0000,0.0000,5.0356,21,True,47.54,True,0.0,0.0,0.0,0.00,16.0000,0.00,0.0000,68.3595,0.0000,180.3359,1,0,589,0,0.006575
310,17,887000000,17.887000000,-2.07650194643488,-4.262929645885222,73.69759108351191,0.01467248023513959,-0.04679060897960581,0.008343329427615625,0.9987621068548453,563,431,0,0,0,0,0.0000,0.7655,0.0000,0.0000,5.5165,22,True,47.54,True,0.0,0.0,0.0,0.00,1.0000,0.00,0.0000,72.8553,0.0000,136.9391,1,0,431,0,0.013290
311,17,920000000,17.920000000,-2.07650194643488,-4.262929645885222,73.69759108351191,0.01467248023513959,-0.04679060897960581,0.008343329427615625,0.9987621068548453,423,392,0,0,0,0,0.0000,0.9267,0.0000,0.0000,5.4613,23,True,49.18,True,0.0,0.0,0.0,0.00,4.0000,0.00,0.0000,76.1268,0.0000,99.5951,1,0,392,0,0.007811
312,17,953000000,17.953000000,-2.07650194643488,-4.262929645885222,73.69759108351191,0.01467248023513959,-0.04679060897960581,0.008343329427615625,0.9987621068548453,387,374,0,0,0,0,0.0000,0.9664,0.0000,0.0000,5.2511,24,True,50.82,True,0.0,0.0,0.0,0.00,18.0000,0.00,0.0000,77.8410,0.0000,52.1753,1,0,374,0,0.004525
313,17,986000000,17.986000000,-2.07650194643488,-4.262929645885222,73.69759108351191,0.01467248023513959,-0.04679060897960581,0.008343329427615625,0.9987621068548453,372,365,0,0,0,0,0.0000,0.9812,0.0000,0.0000,4.6616,25,True,50.82,True,0.0,0.0,0.0,0.00,0.0000,0.00,0.0000,81.5022,0.0000,111.4382,1,0,365,0,0.007050
314,18,19000000,18.019000000,-2.07650194643488,-4.262929645885222,73.69759108351191,0.01467248023513959,-0.04679060897960581,0.008343329427615625,0.9987621068548453,363,340,0,0,0,0,0.0000,0.9366,0.0000,0.0000,4.5180,26,True,52.46,True,0.0,0.0,0.0,0.00,15.0000,0.00,0.0000,85.4228,0.0000,119.3902,1,0,340,0,0.013173
315,18,52000000,18.052000000,-2.07650194643488,-4.262929645885222,73.69759108351191,0.01467248023513959,-0.04679060897960581,0.008343329427615625,0.9987621068548453,339,326,0,0,0,0,0.0000,0.9617,0.0000,0.0000,4.3890,27,True,54.10,True,0.0,0.0,0.0,0.00,6.0000,0.00,0.0000,87.8090,0.0000,72.6893,1,0,326,0,0.015307
316,18,85000000,18.085000000,-2.07650194643488,-4.262929645885222,73.69759108351191,0.01467248023513959,-0.04679060897960581,0.008343329427615625,0.9987621068548453,324,299,0,0,0,0,0.0000,0.9228,0.0000,0.0000,5.0233,28,True,55.74,True,0.0,0.0,0.0,0.00,1.0000,0.00,0.0000,88.8564,0.0000,31.9329,1,0,299,0,0.005268
317,18,118000000,18.118000000,-2.07650194643488,-4.262929645885222,73.69759108351191,0.01467248023513959,-0.04679060897960581,0.008343329427615625,0.9987621068548453,291,264,0,0,0,0,0.0000,0.9072,0.0000,0.0000,4.0499,29,True,57.38,True,0.0,0.0,0.0,0.00,4.0000,0.00,0.0000,91.0903,0.0000,68.1537,1,0,264,0,0.012922
318,18,151000000,18.151000000,-2.07650194643488,-4.262929645885222,73.69759108351191,0.01467248023513959,-0.04679060897960581,0.008343329427615625,0.9987621068548453,247,223,0,0,0,0,0.0000,0.9028,0.0000,0.0000,4.3896,30,True,57.38,True,0.0,0.0,0.0,0.00,6.0000,0.00,0.0000,91.7809,0.0000,21.0858,1,0,223,0,0.004639
319,18,184000000,18.184000000,-2.07650194643488,-4.262929645885222,73.69759108351191,0.01467248023513959,-0.04679060897960581,0.008343329427615625,0.9987621068548453,219,191,0,0,0,0,0.0000,0.8721,0.0000,0.0000,3.3297,31,True,59.02,True,0.0,0.0,0.0,0.00,7.0000,0.00,0.0000,92.4781,0.0000,21.2994,1,0,191,0,0.005084
320,18,217000000,18.217000000,-2.07650194643488,-4.262929645885222,73.69759108351191,0.01467248023513959,-0.04679060897960581,0.008343329427615625,0.9987621068548453,184,171,0,0,0,0,0.0000,0.9293,0.0000,0.0000,3.8659,32,True,60.66,True,0.0,0.0,0.0,0.00,10.0000,0.00,0.0000,95.5913,0.0000,95.3375,1,0,171,0,0.030640
321,18,250000000,18.250000000,-2.07650194643488,-4.262929645885222,73.69759108351191,0.01467248023513959,-0.04679060897960581,0.008343329427615625,0.9987621068548453,162,155,0,0,0,0,0.0000,0.9568,0.0000,0.0000,4.3733,33,True,62.30,True,0.0,0.0,0.0,0.00,12.0000,0.00,0.0000,96.0905,0.0000,15.3500,1,0,155,0,0.007233
322,18,283000000,18.283000000,-2.07650194643488,-4.262929645885222,73.69759108351191,0.01467248023513959,-0.04679060897960581,0.008343329427615625,0.9987621068548453,152,150,0,0,0,0,0.0000,0.9868,0.0000,0.0000,4.3969,34,True,63.93,True,0.0,0.0,0.0,0.00,12.0000,0.98,0.4486,96.5164,1.0000,13.1192,0,0,150,0,0.007156
323,18,316000000,18.316000000,-2.07650194643488,-4.262929645885222,73.69759108351191,0.01467248023513959,-0.04679060897960581,0.008343329427615625,0.9987621068548453,147,147,0,0,0,0,0.0000,1.0000,0.0000,0.0000,1.7136,35,True,65.57,True,0.0,0.0,0.0,0.00,9.0000,0.91,0.4084,96.8941,1.0000,11.6738,0,0,147,0,0.007589
324,18,349000000,18.349000000,-1.2552156666900762,-4.831000834631145,73.75035443461596,0.021537113839720696,-0.046898195516653314,0.010161320005028094,0.998615771736303,146,142,131,139,131,0,0.9225,0.9726,7.6629,13.5041,1.2179,0,True,65.57,True,0.8138327434159119,-0.5810575262902391,-0.006958224313608753,0.81,1.0000,0.88,0.3813,97.2325,1.0000,10.5006,0,142,0,142,0.008278
325,18,382000000,18.382000000,-1.8280404024002728,-5.649951320230686,73.715830178001,0.026122091303738333,-0.046063482345031555,-0.004882460753441489,0.9985849756115698,131,130,130,130,130,0,1.0000,0.9924,7.7153,12.4591,0.6262,0,True,65.57,True,-0.5884013687358545,-0.8066914128061301,0.055070806918208925,1.80,1.0000,0.61,0.2543,97.4422,1.0000,6.5456,0,130,0,0,0.006533
326,18,415000000,18.415000000,-2.6494411918950442,-6.220186652128711,73.70432325519309,0.025961671309790914,-0.04979358889903045,-0.18204998036991246,0.9816844680316946,130,130,126,126,126,0,0.9692,1.0000,18.5870,123.9013,1.0993,0,True,65.57,True,-0.8119987977450408,-0.5760682473502898,0.09382604571958542,20.43,6.0000,1.83,0.7534,97.8737,1.0000,13.8284,0,130,0,0,0.026411
327,18,448000000,18.448000000,-2.197719954304146,-7.112301862776531,73.71317618917827,0.030898704154410966,-0.05192047637386111,-0.17655581578627152,0.9824345159483829,126,126,117,126,117,0,0.9286,1.0000,11.5349,17.2917,1.0052,0,True,63.93,True,0.7414973785791403,-0.6708761581706542,-0.010335277376362747,0.89,9.0000,0.40,0.1708,97.8927,1.0000,0.7603,0,126,0,0,0.007001
328,18,481000000,18.481000000,-1.9983418097556318,-8.091935111583583,73.68936330803938,0.03115025005799219,-0.04838086033098809,-0.1703963363231363,0.9836940799062536,117,117,108,115,108,0,0.9231,1.0000,13.5152,19.0440,0.8318,0,True,63.93,True,0.526690534771388,-0.8500444446917023,-0.004639248969898984,0.83,14.0000,0.30,0.1455,97.8816,1.0000,0.1839,0,117,0,0,0.005934
329,18,514000000,18.514000000,-1.439275439425808,-8.921057360030689,73.68831894399797,0.029354035535712114,-0.042900173159524005,-0.16047010077821539,0.9856709707082177,108,108,81,107,81,0,0.7500,1.0000,16.7016,21.0017,1.3091,0,True,63.93,True,0.804346449748864,-0.5937135169241979,-0.0230444917040504,1.33,10.0000,0.41,0.1778,97.8376,1.0000,1.1595,0,108,0,0,0.006992
330,18,547000000,18.547000000,-1.439275439425808,-8.921057360030689,73.68831894399797,0.029354035535712114,-0.042900173159524005,-0.16047010077821539,0.9856709707082177,2000,0,0,0,0,0,0.0000,0.0000,0.0000,0.0000,0.0000,1,True,65.57,True,0.0,0.0,0.0,0.00,13.0000,0.46,0.1969,97.7592,1.0000,2.2028,0,2000,0,0,0.007287
331,18,580000000,18.580000000,-1.3835300370483985,-9.917667580481714,73.74882116384438,0.032232092199701884,-0.044466661227725586,-0.15135512557800657,0.9869525997903621,2000,1937,1707,1796,1707,0,0.8813,0.9685,28.2688,461.8206,4.7725,0,True,65.57,True,0.37499515516709037,-0.9217377431242452,0.098884612055833,1.12,13.0000,0.53,0.2244,97.6427,1.0000,3.3541,0,1937,0,0,0.007714
332,18,613000000,18.613000000,-1.348380578670292,-10.913927111511198,73.827760776262,0.03515407120609528,-0.04620358867655381,-0.14191382558298837,0.9881750279072254,1693,1680,1659,1665,1659,0,0.9875,0.9923,20.5272,141.6217,1.7379,0,True,63.93,True,0.34005752483495966,-0.9320586458187552,0.1250102418109382,1.16,10.0000,0.62,0.2522,97.4892,1.0000,4.4784,0,1680,0,0,0.008049
333,18,646000000,18.646000000,-1.3579639272564832,-11.909738890043768,73.91868415700468,0.03799838247083595,-0.04808011828757734,-0.13237775868319968,0.9893030648699443,1650,1634,1613,1617,1613,0,0.9871,0.9903,21.1005,55.1866,1.6570,0,True,63.93,True,0.2807705940597092,-0.9483874492383594,0.14740800398389636,1.17,9.0000,0.67,0.2721,97.3032,1.0000,5.4742,0,1634,0,0,0.008024
334,18,679000000,18.679000000,-1.189849076229366,-12.894847173564255,73.95472672355386,0.04074359974275058,-0.05022789715874302,-0.12135876554609998,0.9904994535344984,1606,1562,1460,1549,1460,0,0.9347,0.9726,21.7119,165.1329,1.6031,0,True,63.93,True,0.42613420811571456,-0.901150150330812,0.07961182847006888,1.33,9.0000,0.79,0.3173,97.0686,1.0000,6.9403,0,1562,0,0,0.008686
335,18,712000000,18.712000000,-0.3903403519598342,-13.427611389314885,73.67733153572155,0.044335978879525534,-0.051730196223858736,-0.10822770646634743,0.9917888239582404,1455,1438,975,1429,975,0,0.6780,0.9883,21.7362,40.1599,1.5910,0,True,63.93,True,0.87732966279783,-0.35213470508070976,-0.32602731826147247,1.58,8.0000,0.72,0.2939,96.8403,1.0000,6.7793,0,1438,0,0,0.007587
336,18,745000000,18.745000000,-0.6040998223847797,-13.56776610414641,74.64411152347168,0.05329760318368003,-0.052421192687511074,-0.09674753184103835,0.9924975058582067,974,973,461,970,461,0,0.4738,0.9990,21.3602,37.1613,1.4372,0,True,63.93,True,-0.08695259043758811,-0.0853816677632369,0.9925468340719048,1.67,6.0000,0.78,0.3166,96.5844,1.0000,7.6258,0,973,0,0,0.007722
337,18,778000000,18.778000000,-0.29818234840373914,-14.491131416779261,74.412139545553,0.05381107972228321,-0.051574676596986745,-0.09147271151280209,0.9930141809065638,461,456,456,456,456,0,1.0000,0.9892,23.3769,36.3355,1.3490,0,True,62.30,True,0.45924940018148674,-0.8706884025027293,-0.17604458009319676,0.62,0.0000,0.00,0.0000,93.2778,0.0000,99.2659,1,456,0,0,0.074935
338,18,811000000,18.811000000,-0.05750963213925467,-15.334682941547268,73.93203802638497,0.041213881309550476,-0.0430355466995056,-0.10474767837918292,0.9927120839306068,454,448,448,448,448,0,1.0000,0.9868,23.5446,34.6833,1.5122,0,True,62.30,True,0.3488429788855518,-0.8380018905879175,-0.4195967200221309,2.31,0.0000,0.00,0.0000,88.8481,0.0000,133.7084,1,448,0,0,0.085125
339,18,844000000,18.844000000,0.02432870836752829,-16.232902208441278,74.36389984989277,0.04432867137715146,-0.044600120544165754,-0.09864106594275839,0.9931343002087174,443,434,434,434,434,0,1.0000,0.9797,23.4680,34.9432,1.5945,0,True,62.30,True,0.3028981579229911,-0.8194961790325479,0.4864963704673579,0.81,0.0000,0.00,0.0000,87.5581,0.0000,39.0223,1,434,0,0,0.025834
340,18,877000000,18.877000000,-0.13887954718643747,-16.3528022096814,75.34317869425819,0.05385521182347129,-0.04139108427654856,-0.09061195683523876,0.9935672436128062,426,415,372,413,372,0,0.8964,0.9742,23.1230,35.4149,1.6663,0,True,62.30,True,-0.057228945465320605,-0.05358651859357295,0.9969219291529041,1.48,21.0000,0.00,0.0000,86.2433,0.0000,39.7893,1,415,0,0,0.015626
341,18,910000000,18.910000000,-0.8855108222192662,-15.696688775204317,75.23337477701689,0.0602577903337106,-0.03387564755463082,-0.06882510312802562,0.9952309000359011,366,353,352,352,352,0,0.9972,0.9645,22.9926,33.4634,1.7348,0,True,62.30,True,-0.8608358628262152,0.49785043576552307,-0.10538766948900838,2.75,10.0000,0.00,0.0000,85.6001,0.0000,19.4739,1,353,0,0,0.013527
342,18,943000000,18.943000000,-0.5944924200712378,-16.638854189586713,75.39960540461861,0.06068779530713701,-0.03536611729903108,-0.06707663264644503,0.9952723017349394,341,334,332,332,332,0,0.9940,0.9795,22.2275,36.9143,1.7115,0,True,62.30,True,0.4303404564434983,-0.8670049549181422,0.2512160418750991,0.27,0.0000,0.00,0.0000,84.5107,0.0000,32.9739,1,334,0,0,0.032513
343,18,976000000,18.976000000,-0.40937159840451287,-17.621485789940913,75.41246695082368,0.061996992969953986,-0.036105057678168705,-0.058722185799910454,0.9956929760561839,321,305,286,287,286,0,0.9377,0.9502,20.7036,139.3047,3.9490,0,True,62.30,True,0.31921067705598083,-0.94101403575644,0.11223692869479217,0.97,0.0000,0.45,0.2125,84.3040,1.0000,6.2540,0,305,0,0,0.013137
344,19,9000000,19.009000000,-1.0147319614444799,-18.300771359071273,75.82732830890775,0.06461183441555679,-0.03672716416961419,-0.05152109188943888,0.995902607364814,285,279,271,272,271,0,0.9713,0.9789,18.4902,136.8410,2.6455,0,True,62.30,True,-0.4903240102864165,-0.6844809350142806,0.5395073813569398,0.88,4.0000,0.66,0.3124,83.9994,1.0000,9.2151,0,279,0,0,0.008362
345,19,42000000,19.042000000,-0.6477615666373762,-18.431980797877628,76.74826088651766,0.0912435064190265,-0.0702058623810312,-0.057244426438952146,0.9916999723027989,270,262,253,253,253,0,0.9656,0.9704,17.1494,65.0734,2.3707,0,True,60.66,True,0.4393576124481731,0.02850338673313527,0.8978599252269711,4.97,15.0000,0.58,0.2724,83.7333,1.0000,8.0495,0,262,0,0,0.007614
346,19,75000000,19.075000000,-1.1068861242184904,-19.04764622245392,77.38869880357694,0.09703885805380599,-0.06786489587289103,-0.05285033966853176,0.9915566839735869,252,251,249,249,249,0,0.9920,0.9960,15.8302,28.6946,1.6823,0,True,60.66,True,-0.2913117552145977,-0.5265760920095003,0.7986583002747749,0.88,4.0000,0.33,0.1596,83.5771,1.0000,4.7227,0,251,0,0,0.004641
347,19,108000000,19.108000000,-0.5832493892396052,-19.812650775273287,77.76362893566329,0.09759962599005376,-0.08113815565907963,-0.0687386350731124,0.9895281263062359,248,246,243,243,243,0,0.9878,0.9919,13.2649,59.3013,1.9212,0,True,60.66,True,0.6527566804881045,-0.6234983126951409,0.43030055791790806,2.38,3.0000,0.61,0.2923,83.2908,1.0000,8.6570,0,246,0,0,0.008856
348,19,141000000,19.141000000,-0.21926328415117036,-20.45493108394782,77.0890993807945,0.08965022102719482,-0.07287497933304639,-0.0753313166026487,0.9904429655441522,242,241,241,241,241,0,1.0000,0.9959,14.4701,19.7349,1.3934,0,True,59.02,True,0.35403743708196467,-0.7180364829169186,-0.5992337626875971,1.52,1.0000,0.00,0.0000,82.3682,0.0000,27.8455,1,241,0,0,0.021794
349,19,174000000,19.174000000,-0.4844662798909773,-20.59141799785367,76.13461591138129,0.07768765522625355,-0.0495168171168524,-0.07365779068846202,0.9930192560665467,236,197,185,185,185,0,0.9391,0.8347,9.8770,91.9740,3.5737,0,True,59.02,True,-0.362120064352695,-0.34883645463012164,-0.8643970076962825,3.03,1.0000,0.84,0.4090,81.9746,1.0000,11.8670,0,197,0,0,0.028944
350,19,207000000,19.207000000,-1.2576709749192345,-20.184557507144408,75.64818087904288,0.07623128236171994,-0.035262224045719485,-0.05744776278299314,0.9948090880646729,185,185,185,185,185,0,1.0000,1.0000,8.6892,11.3173,1.2986,0,True,57.38,True,-0.8659418642052401,0.2117726662855623,-0.45309714811622626,2.49,1.0000,0.32,0.1576,81.8283,1.0000,4.4020,0,185,0,0,0.008358
351,19,240000000,19.240000000,-2.132594099018362,-20.65273910158388,75.77193677403268,0.07851767156733157,-0.03153624703848856,-0.05563237542589921,0.9948595273599403,185,185,183,183,183,0,0.9892,1.0000,6.7538,27.4393,1.5328,0,True,55.74,True,-0.8033440576118781,-0.5356775750023653,0.2601689080948546,0.54,4.0000,0.43,0.1991,81.6509,1.0000,5.3337,0,185,0,0,0.009372
352,19,273000000,19.273000000,-2.9559319508372024,-20.57747844919901,75.20939733900175,0.0755664055658769,-0.023895376580305817,-0.05490405486923794,0.9953412852317813,183,181,177,177,177,0,0.9779,0.9891,11.3800,402.0243,1.7016,0,True,54.10,True,-0.8556911964910731,-0.10305167280956821,-0.5071222032003978,0.94,1.0000,1.72,0.8035,81.1681,1.0000,14.4280,0,181,0,0,0.058697
353,19,306000000,19.306000000,-3.0935181102012277,-19.90918262363458,75.94045871692062,0.1039938532102753,-0.03765411326989157,-0.0299942288926808,0.9934121966643411,177,177,177,177,177,0,1.0000,1.0000,5.5247,7.1162,1.4855,0,True,52.46,True,-0.18334643264016598,0.7539844669720619,0.6307864212259018,4.61,14.0000,0.39,0.2015,81.1971,1.0000,0.9100,0,177,0,0,0.017171
354,19,339000000,19.339000000,-3.259621290831261,-19.29643323773341,76.71308276745381,0.1300190059996957,-0.049609099709921146,-0.008783136407110953,0.9902307063607331,177,177,177,177,177,0,1.0000,1.0000,5.7200,7.3169,1.2622,0,True,50.82,True,-0.15366616323026347,0.7511785360441185,0.6419637974720264,4.10,16.0000,0.36,0.1782,81.2628,1.0000,2.0058,0,177,0,0,0.011514
355,19,372000000,19.372000000,-2.7237661698383255,-20.13932247652192,76.66412339204747,0.1286410749746423,-0.04724366044721974,-0.009574301589928582,0.9905189766612154,177,177,177,177,177,0,1.0000,1.0000,5.7091,7.4077,1.5461,0,True,49.18,True,0.5539717722662364,-0.8245024398720932,0.11537331657350618,0.33,1.0000,0.46,0.2116,81.3723,1.0000,3.3231,0,177,0,0,0.022842
356,19,405000000,19.405000000,-2.163970186371515,-20.711490455012733,77.2634999525536,0.14258082169742883,-0.08214804762405932,-0.05196729840733504,0.984998379415867,177,177,177,177,177,0,1.0000,1.0000,5.7152,8.3489,1.3824,0,True,47.54,True,0.629621579679594,-0.3960235601047795,0.6683876167641862,6.52,4.0000,0.43,0.1910,81.4982,1.0000,3.8148,0,177,0,0,0.013021
357,19,438000000,19.438000000,-3.1149668807049804,-20.439755247327646,77.11596939886675,0.1437472975595854,-0.0760692426064681,-0.04722665636027279,0.9855555934104494,176,176,176,176,176,0,1.0000,1.0000,4.8829,7.4780,1.0552,0,True,45.90,True,-0.9888982813331236,0.1414394585190669,-0.045552922521255576,0.90,3.0000,0.23,0.1034,81.5727,1.0000,2.2555,0,176,0,0,0.006429
358,19,471000000,19.471000000,-3.8299728401228856,-21.052966008253016,77.45173574721365,0.14591107609992404,-0.07149925718129273,-0.047999618687131,0.9855424144600655,176,176,93,176,93,0,0.5284,1.0000,4.9969,7.3608,1.5520,0,True,44.26,True,-0.5872616512942755,-0.5385067122105381,0.604263414268411,0.59,2.0000,0.34,0.1489,81.6858,1.0000,3.4230,0,176,0,0,0.008853
359,19,504000000,19.504000000,-3.8299728401228856,-21.052966008253016,77.45173574721365,0.14591107609992404,-0.07149925718129273,-0.047999618687131,0.9855424144600655,2000,0,0,0,0,0,0.0000,0.0000,0.0000,0.0000,0.0000,1,True,44.26,True,0.0,0.0,0.0,0.00,0.0000,0.58,0.2552,81.8904,1.0000,6.1889,0,2000,0,0,0.014214
360,19,537000000,19.537000000,-3.3849319229392485,-21.836201428292036,77.01759192446748,0.14432316167759998,-0.06623239193948349,-0.05174985352981153,0.9859543843003078,2000,1955,1792,1800,1792,0,0.9166,0.9775,16.9464,406.9070,4.7032,0,True,42.62,True,0.473782009997136,-0.8412970197921662,-0.26028817009594035,0.76,6.0000,0.85,0.3789,82.2137,1.0000,9.7737,0,1955,0,0,0.009667
361,19,570000000,19.570000000,-3.122192657739875,-22.794543673340534,76.90557308731093,0.1433618760436996,-0.06492914332869584,-0.05470334562593814,0.9860218673138856,1760,1759,1724,1745,1724,0,0.9801,0.9994,4.1400,148.1866,1.4472,0,True,40.98,True,0.3621863303325907,-0.9241453780419651,0.12155814396363979,0.39,0.0000,0.00,0.0000,82.8900,0.0000,20.4210,1,1759,0,0,0.045104
362,19,603000000,19.603000000,-2.712863534650772,-23.681948679899662,76.6935305837299,0.14205867662557567,-0.06133229258262822,-0.05796738938165866,0.9862542593318542,1717,1706,1616,1705,1616,0,0.9472,0.9936,6.8007,16.4345,1.7474,0,True,39.34,True,0.49185479497817713,-0.8705340355584459,-0.01579093383248729,0.58,3.0000,0.58,0.2655,83.1297,1.0000,7.2352,0,1706,0,0,0.011540
363,19,636000000,19.636000000,-2.44416297216949,-24.639924870355348,76.59312328199212,0.14050344651581867,-0.056640366577881206,-0.061946340418754096,0.98651573798892,1580,1568,1561,1564,1561,0,0.9955,0.9924,8.8512,18.1914,1.5441,0,True,37.70,True,0.3806092006139267,-0.9156809742697273,0.12909295011142505,0.73,11.0000,0.91,0.4217,83.5147,1.0000,11.6275,0,1568,0,0,0.018033
364,19,669000000,19.669000000,-1.9960269490919842,-25.48983342551597,76.31594183837609,0.1398024873021701,-0.05363636965446076,-0.06433148156182028,0.9866305614942595,1515,1501,1325,1498,1325,0,0.8827,0.9908,5.6487,14.0308,1.3066,0,True,36.07,True,0.5330754485263822,-0.8409745495988549,-0.09269505437400445,0.45,7.0000,0.37,0.1724,83.6731,1.0000,4.7833,0,1501,0,0,0.007311
365,19,702000000,19.702000000,-1.7049155043718223,-26.41862960125084,76.08661283739009,0.1391743378402076,-0.052121240847548315,-0.06712525269866695,0.9866144537707684,1296,1295,1286,1286,1286,0,0.9931,0.9992,3.5051,38.3145,1.0748,0,True,34.43,True,0.3987132497521638,-0.9170604604765611,-0.005277907027082213,0.37,1.0000,0.00,0.0000,84.2882,0.0000,18.5827,1,1295,0,0,0.028277
366,19,735000000,19.735000000,-1.285634881131597,-27.22658575160621,75.67259518308266,0.13840486810251051,-0.04687771189966878,-0.06954823340646406,0.9868179243622495,1271,1262,1235,1250,1235,0,0.9786,0.9929,8.7060,27.7419,1.3838,0,True,32.79,True,0.49711758741485856,-0.8365191623679309,-0.23045562539041073,0.67,4.0000,0.84,0.3970,84.6575,1.0000,11.1584,0,1262,0,0,0.017225
367,19,768000000,19.768000000,-1.2421065579365924,-28.17862897932663,75.97544659488639,0.13812746556270258,-0.04433578683817304,-0.07319523076604063,0.9867104942462964,1180,1168,1160,1160,1160,0,0.9932,0.9898,7.5493,17.9417,1.4032,0,True,31.15,True,0.2081393253136024,-0.8162468623684739,0.5389054471163006,0.51,14.0000,0.65,0.3109,84.9465,1.0000,8.7375,0,1168,0,0,0.010210
368,19,801000000,19.801000000,-1.1479153756513036,-29.172112349328753,75.91126860248302,0.136706899637842,-0.039325463922830095,-0.07649860173473974,0.986870151241435,1104,1075,1064,1064,1064,0,0.9898,0.9737,9.8048,17.7905,1.4384,0,True,29.51,True,0.24416607176150087,-0.9503869967056783,0.19273683066118516,0.71,0.0000,0.98,0.4732,85.3858,1.0000,13.2838,0,1075,0,0,0.025407
369,19,834000000,19.834000000,-0.3301800513844253,-29.425177440068513,75.39428988019841,0.13801682420126213,-0.036732018719797276,-0.07582161823139674,0.9868400059011282,1008,1004,428,1002,428,0,0.4263,0.9960,4.9990,14.4612,1.3331,0,True,27.87,True,0.8172521468294298,-0.26857183318306144,-0.5098706688204155,0.34,6.0000,0.24,0.1200,85.4971,1.0000,3.3670,0,1004,0,0,0.005765
370,19,867000000,19.867000000,0.35254405297936176,-29.827188008616204,74.78414620851393,0.13930238369083214,-0.033885953675252205,-0.07570221658502255,0.9867703696634214,405,405,380,403,380,0,0.9383,1.0000,6.1440,11.1069,1.5332,0,True,26.23,True,0.7058041044503404,-0.4564294732984969,-0.5417681257193983,0.36,8.0000,0.28,0.1366,85.6237,1.0000,3.8289,0,405,0,0,0.006686
371,19,900000000,19.900000000,1.1573952325288315,-30.091500539587948,74.25277678452612,0.14072362547268252,-0.03146677559925958,-0.07453746588815595,0.9867374876055849,349,347,328,345,328,0,0.9452,0.9943,5.9184,12.2314,1.5937,0,True,24.59,True,0.8114335024333612,-0.2871872470758967,-0.5090178348994231,0.35,9.0000,0.26,0.1267,85.7410,1.0000,3.5493,0,347,0,0,0.006334
372,19,933000000,19.933000000,1.2219874582075003,-29.93492919025731,73.26722452464811,0.1471917088568893,-0.028053456922822583,-0.07670080629927303,0.9857304858385528,298,298,244,296,244,0,0.8188,1.0000,6.0750,15.9756,1.4945,0,True,22.95,True,-0.0011977830720699939,-0.12076563606087823,-0.9926803244058602,0.88,5.0000,0.30,0.1432,85.8733,1.0000,4.0062,0,298,0,0,0.007338
373,19,966000000,19.966000000,2.0220636269582863,-29.89860563068814,72.66842679317506,0.149556765877597,-0.02553704636517536,-0.0752712742767937,0.9855530773692122,231,229,203,227,203,0,0.8865,0.9913,6.1004,12.1382,1.4102,0,True,21.31,True,0.7640138142640395,-0.02764116725224495,-0.644607522052487,0.43,2.0000,0.32,0.1605,86.0215,1.0000,4.4852,0,229,0,0,0.008485
374,19,999000000,19.999000000,1.9935831399419566,-30.897929318824854,72.69168680581816,0.14859609563860793,-0.021691023217778445,-0.07713854191045116,0.9856461561963589,188,184,182,183,182,0,0.9891,0.9787,9.3704,18.1133,1.7988,0,True,19.67,True,0.12842715648499942,-0.9403573675522032,0.3150150580011503,0.50,0.0000,0.85,0.4228,86.4108,1.0000,11.7988,0,184,0,0,0.024085
375,20,32000000,20.032000000,2.59387272033152,-30.65643639294018,71.92923445555398,0.152532484011844,-0.020954796321553847,-0.07612614622328806,0.9851393544537185,154,154,127,154,127,0,0.8247,1.0000,4.4343,5.8036,1.1912,0,True,18.03,True,0.539179263286634,0.08947230083224612,-0.837424879870109,0.48,2.0000,0.00,0.0000,86.9597,0.0000,16.6715,1,154,0,0,0.040525
376,20,65000000,20.065000000,3.392885113742386,-30.83472421236863,71.35495869547066,0.15502380340717428,-0.018625890165489767,-0.07331607398530926,0.9850103805991577,121,121,120,120,120,0,0.9917,1.0000,6.8072,14.2067,1.3440,0,True,16.39,True,0.8065575420389415,-0.2276094845306323,-0.5455812074584323,0.51,0.0000,0.59,0.3021,87.2335,1.0000,8.3665,0,121,0,0,0.027093
377,20,98000000,20.098000000,4.0185052706325,-31.217431409501504,70.67515385542059,0.15703078535974346,-0.017162082339836373,-0.0715707500018891,0.98484741108622,109,108,99,108,99,0,0.9167,0.9908,5.0596,6.3479,1.2942,0,True,14.75,True,0.666455071566374,-0.48291926477007624,-0.5680023074754083,0.35,2.0000,0.14,0.0790,87.3039,1.0000,2.1623,0,108,0,0,0.008079
378,20,131000000,20.131000000,4.0185052706325,-31.217431409501504,70.67515385542059,0.15703078535974346,-0.017162082339836373,-0.0715707500018891,0.98484741108622,2000,0,0,0,0,0,0.0000,0.0000,0.0000,0.0000,0.0000,1,True,14.75,True,0.0,0.0,0.0,0.00,3.0000,0.16,0.0905,87.3835,1.0000,2.4508,0,2000,0,0,0.010042
379,20,164000000,20.164000000,3.860946658839907,-32.19371831499618,70.52669792926865,0.15693712763567713,-0.015082281460090972,-0.07129000661448796,0.9849167465894404,2000,1995,1954,1991,1954,0,0.9794,0.9975,5.6383,18.9848,2.7557,0,True,13.11,True,-0.0146413491194188,-0.9857819512338065,0.16739048813368265,0.24,4.0000,0.60,0.2564,87.5938,1.0000,6.5413,0,1995,0,0,0.034883
380,20,197000000,20.197000000,3.9181665382904223,-32.99715119409807,69.93405849911426,0.15772293698860113,-0.013333682880990513,-0.0711478386196777,0.9848267223772247,1924,1924,1916,1924,1916,0,0.9958,1.0000,4.5005,7.9425,1.7225,0,True,11.48,True,0.16889515586185733,-0.9324089536013594,-0.3195120804764925,0.22,15.0000,0.21,0.0879,87.6521,1.0000,1.8528,0,1924,0,0,0.011256
381,20,230000000,20.230000000,3.559225118395922,-33.91533382240045,69.76642282818511,0.15884814588302232,-0.012877678515998962,-0.07009810018320618,0.9847272151699016,1889,1888,1379,1837,1379,0,0.7304,0.9995,6.5185,309.0524,2.3395,0,True,9.84,True,-0.22328722550618268,-0.9643913090217596,0.14174702116463764,0.18,18.0000,0.14,0.0520,87.6829,1.0000,0.9888,0,1888,0,0,0.008629
382,20,263000000,20.263000000,3.4555177810383078,-34.902297124677396,69.64334468984698,0.1588858398754275,-0.013266009352679098,-0.07133267494569497,0.9846273164847837,1366,1361,1355,1356,1355,0,0.9956,0.9963,6.1934,219.9401,1.2183,0,True,8.20,True,0.03725876004913708,-0.9800758858134725,0.1950975213746661,0.15,1.0000,0.02,0.0229,87.6943,1.0000,0.3730,0,1361,0,0,0.008545
383,20,296000000,20.296000000,3.376026539315517,-35.82125837560422,69.25709171343854,0.15976052372998684,-0.012858146605970663,-0.0702741563915236,0.9845673090585728,1351,1350,1350,1350,1350,0,1.0000,0.9993,6.6920,16.1798,1.1979,0,True,6.56,True,0.05297300315333094,-0.9956270779657705,-0.07694532187377325,0.16,6.0000,0.21,0.0902,87.7189,1.0000,0.8598,0,1350,0,0,0.009343
384,20,329000000,20.329000000,2.5676888469871155,-35.85067405122876,69.84507546592559,0.16268876847856006,-0.013442191232860024,-0.06550374147960018,0.9844089251718324,1339,1336,768,1336,768,0,0.5749,0.9978,7.9753,13.9943,1.2969,0,True,4.92,True,-0.7942103706918868,0.04987666323842023,0.6055924417870958,0.65,12.0000,0.40,0.1779,87.7323,1.0000,0.6412,0,1336,0,0,0.028831
385,20,362000000,20.362000000,2.3690671800591083,-36.79156101745084,69.57070135960329,0.16357098536847545,-0.013654069537678715,-0.06440185780424391,0.9843325148759479,757,756,756,756,756,0,1.0000,0.9987,6.7687,9.9499,1.0131,0,True,4.92,True,-0.07280226898944502,-0.9961196139494873,0.04945244518841405,0.16,4.0000,0.16,0.0698,87.7142,1.0000,0.4631,0,756,0,0,0.033205
386,20,395000000,20.395000000,2.472573820332983,-37.50771904087764,68.88048106078513,0.16342896797206985,-0.012153821692487536,-0.06491422043445691,0.9843421158475534,751,751,750,750,750,0,0.9987,1.0000,7.1474,11.7885,1.3638,0,True,4.92,True,0.19259559221084943,-0.8827104475668579,-0.4286364469072474,0.18,3.0000,0.23,0.1030,87.6664,1.0000,1.3304,0,751,0,0,0.022552
387,20,428000000,20.428000000,1.773874433871009,-38.20042579242097,69.05930086875935,0.16527312737627461,-0.012641058631786722,-0.06267280816801993,0.9841733160984746,744,738,714,737,714,0,0.9675,0.9919,6.5992,24.7573,1.3201,0,True,4.92,True,-0.6008433491894589,-0.6785651928811124,0.42253585498157736,0.34,12.0000,0.12,0.0451,87.6400,1.0000,0.7552,0,738,0,0,0.009587
388,20,461000000,20.461000000,1.44780564438719,-39.145186740550606,69.09255587460451,0.16577814475099387,-0.014356352351098417,-0.06206941188628901,0.984103089101025,714,714,714,714,714,0,1.0000,1.0000,7.2266,10.2805,1.2209,0,True,4.92,True,-0.20276946825740247,-0.9137173845794693,0.3521435557551273,0.22,0.0000,0.29,0.1172,87.5597,1.0000,2.3239,0,714,0,0,0.024200
389,20,494000000,20.494000000,1.115601337232226,-40.04179466167808,68.79975127409564,0.166802241629958,-0.014682869244520157,-0.06045010173601187,0.9840260213724407,713,712,712,712,712,0,1.0000,0.9986,6.5080,9.7888,1.3512,0,True,4.92,True,-0.21795318647783082,-0.9754798395850277,0.03058579845824874,0.22,2.0000,0.11,0.0408,87.5279,1.0000,0.9329,0,712,0,0,0.008388
390,20,527000000,20.527000000,0.2507890695307087,-40.020170530026604,69.30138075744294,0.16944969953842462,-0.01648866071035364,-0.055305281395225316,0.9838476758340752,708,708,659,708,659,0,0.9308,1.0000,6.8355,10.0904,1.0234,0,True,4.92,True,-0.8564181464939068,0.08717621717970434,0.5088695957847926,0.69,0.0000,0.27,0.1090,87.4361,1.0000,2.7102,0,708,0,0,0.014664
391,20,560000000,20.560000000,-0.590777620976352,-40.293296331722175,69.7673934202292,0.17162445084169223,-0.018221685087514306,-0.051648501926398166,0.9836388820673052,652,651,552,650,552,0,0.8479,0.9985,6.5713,14.3702,1.2356,0,True,3.28,True,-0.7983268952794157,-0.1864199238992637,0.5726445496526806,0.53,4.0000,0.28,0.1210,87.3269,1.0000,3.2442,0,651,0,0,0.031439
392,20,593000000,20.593000000,-0.8170410098307663,-41.23725902123387,69.5271033462062,0.1714713115596415,-0.019089286009197622,-0.05130580728750783,0.983667068987395,550,550,549,549,549,0,0.9982,1.0000,6.2241,10.4164,1.2363,0,True,3.28,True,-0.1274425111363318,-0.9864746560030492,0.10308326449493062,0.11,1.0000,0.15,0.0694,87.2623,1.0000,1.9268,0,550,0,0,0.013462
393,20,626000000,20.626000000,-0.9827604110770902,-41.92462130221088,68.81994694572563,0.17279122828480167,-0.01870974990313175,-0.05007108475110175,0.983507002089075,545,545,545,545,545,0,1.0000,1.0000,6.1863,8.6272,0.8919,0,True,3.28,True,-0.10496185689349878,-0.8989037788523663,-0.42538806396325307,0.21,6.0000,0.21,0.0964,87.1705,1.0000,2.7471,0,545,0,0,0.018615
394,20,659000000,20.659000000,-1.409642387429236,-41.322910591370615,69.49501434882386,0.18209191856307047,-0.024325983594775637,-0.03574665227557467,0.9823303703781411,543,543,542,542,542,0,0.9982,1.0000,6.0440,8.5656,1.0875,0,True,3.28,True,-0.4744330465778923,0.7541881667140297,0.45399723953274285,2.06,10.0000,0.22,0.0989,87.0744,1.0000,2.8834,0,543,0,0,0.019209
395,20,692000000,20.692000000,-1.7458910079477572,-42.21930915934532,69.20621256120424,0.18250296249059578,-0.02528010782758674,-0.034542237176660606,0.982273087629511,539,539,539,539,539,0,1.0000,1.0000,5.9156,8.4167,1.1725,0,True,3.28,True,-0.27413869222087817,-0.9591197377635134,0.07026596658323213,0.18,10.0000,0.15,0.0838,86.9922,1.0000,2.4680,0,539,0,0,0.016413
396,20,725000000,20.725000000,-1.552734850097954,-42.682586442707056,68.34130513413145,0.18266379615974443,-0.024311808019191652,-0.03410343475104056,0.9822829680400301,536,536,536,536,536,0,1.0000,1.0000,6.0281,8.7143,1.6112,0,True,3.28,True,0.19611123778190942,-0.7315960177765332,-0.6529223913982165,0.12,0.0000,0.26,0.1169,86.8787,1.0000,3.4101,0,536,0,0,0.022974
397,20,758000000,20.758000000,-2.3093726135025268,-43.18222068471138,68.76304547985009,0.18529215452084208,-0.02567138814747099,-0.031283755726457994,0.9818498479560169,534,534,534,534,534,0,1.0000,1.0000,5.6839,8.1203,1.6799,0,True,3.28,True,-0.7011821638650724,-0.35706065710355306,0.6171314772609429,0.47,11.0000,0.12,0.0363,86.8444,1.0000,1.0281,0,534,0,0,0.007079
398,20,791000000,20.791000000,-3.0330288714772946,-43.83197334275893,68.99573218693519,0.18714490479016715,-0.028181045621061294,-0.028790592602267448,0.9815058405615288,533,533,482,533,482,0,0.9043,1.0000,6.4650,9.3289,1.4026,0,True,3.28,True,-0.6661567503983519,-0.5563971579273754,0.49664613815980435,0.46,0.0000,0.29,0.1540,86.7049,1.0000,4.1756,0,533,0,0,0.029719
399,20,824000000,20.824000000,-3.0929702536360844,-44.383698741130445,68.16386313744682,0.18943862164895361,-0.02793554284747581,-0.027614738490892146,0.9811065387059863,477,477,477,477,477,0,1.0000,1.0000,5.8233,8.4979,1.1694,0,True,3.28,True,-0.05980033275774949,-0.8218714008525402,-0.5665256575502519,0.30,12.0000,0.15,0.0709,86.6464,1.0000,1.7447,0,477,0,0,0.006180
400,20,857000000,20.857000000,-3.7727722621900215,-45.10286090847379,68.3076511975494,0.19140175173951188,-0.0301371798387585,-0.02562856949386409,0.9807141766325757,474,473,443,473,443,0,0.9366,0.9979,6.2926,9.0602,1.6170,0,True,3.28,True,-0.6247465303454707,-0.6424182465909474,0.44383619643772715,0.41,2.0000,0.24,0.1202,86.5529,1.0000,2.7837,0,473,0,0,0.029050
401,20,890000000,20.890000000,-4.650100528656572,-44.97880597435058,68.77123019424627,0.19462299286556986,-0.032677226983248035,-0.020174100184871493,0.9801260608546558,440,440,440,440,440,0,1.0000,1.0000,5.9544,9.6324,1.5662,0,True,3.28,True,-0.8593943364066009,0.2555752112011928,0.442857410428824,0.78,10.0000,0.17,0.0889,86.4909,1.0000,1.8375,0,440,0,0,0.012699
402,20,923000000,20.923000000,-4.768578697089262,-45.94864611449149,68.55822074333787,0.19208948979329032,-0.03436446756821123,-0.027766432930764105,0.9803824439890834,438,438,438,438,438,0,1.0000,1.0000,6.1697,8.8895,1.5426,0,True,3.28,True,-0.07941098572539058,-0.9803037850819064,0.1808269457249376,0.94,1.0000,0.20,0.1145,86.4172,1.0000,2.1793,0,438,0,0,0.022555
403,20,956000000,20.956000000,-4.9012154185137975,-46.201501066684166,69.51659012582115,0.19993420502349424,-0.037275933584966676,-0.026584206364890617,0.9787390348856744,436,436,436,436,436,0,1.0000,1.0000,5.9383,8.6371,1.4115,0,True,3.28,True,-0.06066207416614648,0.12351607896120217,0.990486694002454,0.99,11.0000,0.18,0.0988,86.3606,1.0000,1.6687,0,436,0,0,0.017317
404,20,989000000,20.989000000,-5.6560501053731,-46.854279918836134,69.58065544949301,0.20162409994362074,-0.038979338867712446,-0.02470568805338577,0.9783751644646187,433,433,421,433,421,0,0.9723,1.0000,5.2734,9.3434,1.6955,0,True,3.28,True,-0.7039771969684897,-0.6024971445573056,0.37604959373556207,0.35,12.0000,0.07,0.0501,86.3339,1.0000,0.7865,0,433,0,0,0.008498
405,21,22000000,21.022000000,-5.758346838871186,-47.791587825649636,69.24750493374897,0.20061231103857974,-0.040210019374801856,-0.02768011913862766,0.9784537117340347,419,419,419,419,419,0,1.0000,1.0000,5.3083,7.9828,1.6961,0,True,3.28,True,-0.0639072324701475,-0.9953725444765565,0.07175906451642207,0.39,5.0000,0.10,0.0615,86.3033,1.0000,0.9017,0,419,0,0,0.010337
406,21,55000000,21.055000000,-6.167172094948344,-47.770129470496386,68.33514456142477,0.20370595454341014,-0.0298445915586705,-0.02683889556256469,0.9782090053374258,416,416,416,416,416,0,1.0000,1.0000,5.2542,7.9384,1.5794,0,True,3.28,True,-0.47004384013094996,-0.35605618413471385,-0.8076402553701594,1.24,2.0000,0.10,0.0686,86.2714,1.0000,0.9374,0,416,0,0,0.011532
407,21,88000000,21.088000000,-6.4737721953939955,-48.71972256572871,68.26980443674005,0.20418762092985204,-0.03200535238548139,-0.03119692697655226,0.9779109492305053,415,415,415,415,415,0,1.0000,1.0000,5.4231,8.1293,1.4529,0,True,3.28,True,-0.24730539969769602,-0.9079321714393622,0.33837732096842327,0.56,2.0000,0.15,0.0965,86.2303,1.0000,1.2085,0,415,0,0,0.016487
408,21,121000000,21.121000000,-7.411328845487145,-49.00729901691293,68.46547587714562,0.20658521800373914,-0.03424907138547958,-0.027884799066913955,0.9774313207548537,414,414,414,414,414,0,1.0000,1.0000,5.7455,8.3670,1.4171,0,True,3.28,True,-0.9027500663690389,-0.22945560179215366,0.36385772559737745,0.54,1.0000,0.20,0.1425,86.1772,1.0000,1.5584,0,414,0,0,0.025386
409,21,154000000,21.154000000,-7.512256122300233,-49.050695240226574,67.47152897081854,0.21105226104227617,-0.02830470718595413,-0.02841214170892136,0.9766516968006417,411,408,408,408,408,0,1.0000,0.9927,5.4755,8.0593,1.3859,0,True,3.28,True,-0.1526494168643257,-0.4469978104007206,-0.8814142686773017,0.86,6.0000,0.17,0.1414,86.1358,1.0000,1.2210,0,408,0,0,0.026262
410,21,187000000,21.187000000,-7.637252734160544,-49.8536607523428,66.88875780357073,0.20891913526547037,-0.027310959972417163,-0.032780748169081844,0.9770017036498905,407,407,407,407,407,0,1.0000,1.0000,5.7772,8.2935,1.3563,0,True,3.28,True,-0.09566940344384738,-0.9767638625191585,-0.19178040077482647,0.57,13.0000,0.21,0.2021,86.0995,1.0000,1.0796,0,407,0,0,0.033552
411,21,220000000,21.220000000,-8.343865075237062,-50.55785267537595,66.81938392539433,0.21073221411310553,-0.02885474995127138,-0.031659752402154046,0.9766048317605602,403,403,335,403,335,0,0.8313,1.0000,4.4792,7.0992,1.3331,0,True,3.28,True,-0.6536495571603336,-0.7068486906673138,0.27038340356982665,0.31,11.0000,0.09,0.1072,86.0922,1.0000,0.2216,0,403,0,0,0.012476
412,21,253000000,21.253000000,-8.42809355370218,-50.944156228264085,67.73790182311949,0.21922405443187623,-0.03230483770474678,-0.03218114751351207,0.9746084265816879,334,334,334,334,334,0,1.0000,1.0000,4.2273,6.6684,1.4297,0,True,3.28,True,-0.015822255645115475,0.024340657969363657,0.9995785054691398,1.08,2.0000,0.08,0.0953,86.0912,1.0000,0.0395,0,334,0,0,0.032952
413,21,286000000,21.286000000,-8.950060171935132,-50.31812382072678,68.31724133857092,0.22736263545974805,-0.037803375091104124,-0.016495952550778844,0.9729362879335735,332,332,332,332,332,0,1.0000,1.0000,3.7352,6.2112,1.3486,0,True,3.28,True,-0.5396267806848921,0.7879788766026476,0.2964662334831554,2.13,10.0000,0.05,0.0678,86.0952,1.0000,0.1083,0,332,0,0,0.013454
414,21,319000000,21.319000000,-9.462761143640016,-50.054093905447914,67.50027994569444,0.22518070927514522,-0.020709414972593963,-0.010190371279801812,0.9740435948329085,332,332,332,332,332,0,1.0000,1.0000,3.3993,5.8785,1.2984,0,True,3.28,True,-0.577938361170485,-0.13351290387123485,-0.8050848124188186,2.11,3.0000,0.01,0.0467,86.0997,1.0000,0.1257,0,332,0,0,0.009192
415,21,352000000,21.352000000,-9.608173921945017,-50.377152216131734,68.43542081839958,0.23203296961329198,-0.023742097138024266,-0.010215904559454446,0.9723644631155326,332,332,332,332,332,0,1.0000,1.0000,3.2299,5.7149,1.2533,0,True,3.28,True,-0.10239610983990143,0.11885502251237309,0.9876175982196945,0.88,4.0000,0.00,0.0425,86.1050,1.0000,0.1513,0,332,0,0,0.008297
416,21,385000000,21.385000000,-10.455736394909525,-50.51715967550256,68.94731510997042,0.23487180594110477,-0.02557984073778457,-0.008273127589456792,0.9716544971756587,331,331,295,331,295,0,0.8912,1.0000,3.6403,5.9574,1.3123,0,True,3.28,True,-0.8208975639245558,0.0988333905427313,0.5624581321810164,0.45,0.0000,0.14,0.1499,86.1321,1.0000,0.7740,0,331,0,0,0.028550
417,21,418000000,21.418000000,-10.854081675197712,-50.64086805929164,68.038460185655,0.2363213041603343,-0.020456480389218577,-0.008593456387757537,0.9714216006026198,294,294,294,294,294,0,1.0000,1.0000,2.9878,4.4684,1.2689,0,True,3.28,True,-0.4359408072356187,-0.5268725086895765,-0.7296307094509586,0.61,1.0000,0.14,0.1306,86.1651,1.0000,0.9487,0,294,0,0,0.024276
418,21,451000000,21.451000000,-11.676925869135745,-51.01929409184731,68.46239552316138,0.23835958850928013,-0.022008736320227727,-0.0074474096343740675,0.9708989948398398,294,294,290,294,290,0,0.9864,1.0000,2.5571,4.0570,1.3653,0,True,3.28,True,-0.796930139972646,-0.14709118450083739,0.5858895249493027,0.33,0.0000,0.10,0.0841,86.1905,1.0000,0.7301,0,294,0,0,0.015452
419,21,484000000,21.484000000,-12.459533662546876,-51.60451808469816,68.67461691671977,0.2377967158853007,-0.025650140986359482,-0.006663773240503216,0.9709533388931441,290,290,288,290,288,0,0.9931,1.0000,2.6235,3.7486,1.3152,0,True,3.28,True,-0.7588433648500504,-0.4234707671792421,0.49480224026137715,0.43,3.0000,0.28,0.1912,86.2574,1.0000,1.9280,0,290,0,0,0.034176
420,21,517000000,21.517000000,-13.334973205969051,-52.076917237037506,68.77681597093176,0.23930344764819977,-0.026550751496556786,-0.006052974708428918,0.970562867121874,288,288,275,288,275,0,0.9549,1.0000,2.3231,3.1726,1.3840,0,True,1.64,True,-0.85756731778706,-0.3723521476535597,0.35486923450940283,0.22,15.0000,0.20,0.1318,86.3086,1.0000,1.4743,0,288,0,0,0.016952
421,21,550000000,21.550000000,-13.045324330434225,-52.75367123493022,68.0999795392604,0.22756392525845856,-0.018914779756641315,-0.02730972524620227,0.9731963162356798,275,275,275,275,275,0,1.0000,1.0000,2.2745,3.1582,1.3563,0,True,1.64,True,0.272848384471617,-0.9140919613063464,-0.29998274178083223,2.93,3.0000,0.22,0.1413,86.3660,1.0000,1.6562,0,275,0,0,0.028811
422,21,583000000,21.583000000,-12.88306967754534,-53.35173250868093,67.31512532320778,0.21943402676955331,-0.01264715912161725,-0.03836049023142105,0.9747908647761613,275,275,275,275,275,0,1.0000,1.0000,2.2017,2.9152,1.2492,0,True,1.64,True,0.17969564919718745,-0.8764449805338541,-0.4467143044011616,1.74,5.0000,0.12,0.0797,86.3996,1.0000,0.9672,0,275,0,0,0.012870
423,21,616000000,21.616000000,-13.046562962798744,-53.48397666097588,68.29276607003702,0.22603310603895885,-0.017256622072588094,-0.03763057380981989,0.9732395305800975,275,275,275,275,275,0,1.0000,1.0000,2.2991,2.9520,1.0427,0,True,1.64,True,-0.14468907552472515,0.2887485899719423,0.9464086449378069,0.94,5.0000,0.08,0.0604,86.4253,1.0000,0.7396,0,275,0,0,0.009566
424,21,649000000,21.649000000,-13.660663158777753,-53.72666990193089,69.04375271445441,0.2294735379877633,-0.017349692963735355,-0.037670875975506474,0.972430865728089,275,275,174,275,174,0,0.6327,1.0000,2.4960,3.4350,1.0162,0,True,1.64,True,-0.5798754149049196,0.07398853504385415,0.8113385235959845,0.41,5.0000,0.15,0.1100,86.4725,1.0000,1.3619,0,275,0,0,0.017181
425,21,682000000,21.682000000,-13.214975850073351,-54.51322816775411,68.61633147337601,0.2177113203778928,-0.014020137569862808,-0.0775544347755225,0.9728260514441859,174,174,174,174,174,0,1.0000,1.0000,2.4178,3.2350,1.1522,0,True,1.64,True,0.5010112927956933,-0.8636986034303766,-0.05488539809097967,4.78,5.0000,0.07,0.0571,86.4972,1.0000,0.7114,0,174,0,0,0.008794
426,21,715000000,21.715000000,-14.060065612930684,-55.04555611637541,68.66583145146052,0.21853962117226827,-0.015494972864911138,-0.07710772338856804,0.9726534525655215,174,174,116,174,116,0,0.6667,1.0000,2.5473,3.2884,1.1580,0,True,1.64,True,-0.7513381533474176,-0.5767461393622015,0.3207099469228984,0.20,4.0000,0.08,0.0652,86.5254,1.0000,0.8132,0,174,0,0,0.009932
427,21,748000000,21.748000000,-14.83485810065543,-55.60921117694886,68.37949323596139,0.21977309402809672,-0.015547762399582166,-0.0774555432950516,0.9723470023806069,116,116,116,116,116,0,1.0000,1.0000,2.7375,3.4186,1.3835,0,True,1.64,True,-0.6758233386632267,-0.7364970696574669,0.02889431265931377,0.15,4.0000,0.09,0.0698,86.5554,1.0000,0.8649,0,116,0,0,0.010456
428,21,781000000,21.781000000,-15.534982679122402,-56.29925618025518,68.19601716657242,0.2206772532379847,-0.016460115774966467,-0.07799284884548975,0.9720842196131864,116,116,115,116,115,0,0.9914,1.0000,2.7132,3.4027,1.3502,0,True,1.64,True,-0.582031135744831,-0.7946379805056816,0.1725984848178976,0.16,5.0000,0.06,0.0514,86.5774,1.0000,0.6332,0,116,0,0,0.007601
429,21,814000000,21.814000000,-16.01196187763732,-56.42383042316028,69.0660586036251,0.22520908017844346,-0.021370566891700332,-0.07610602141118951,0.9710983691577627,115,115,115,115,115,0,1.0000,1.0000,2.8122,3.3914,1.3874,0,True,1.64,True,-0.45323016663271115,0.19572564122337333,0.8696400918896187,0.80,3.0000,0.08,0.0722,86.6083,1.0000,0.8879,0,115,0,0,0.010601
430,21,847000000,21.847000000,-16.736183747859148,-57.04278915799464,68.76209681776272,0.2290866016001615,-0.020771057645022496,-0.07663032210681192,0.9701627110260435,115,115,115,115,115,0,1.0000,1.0000,4.8136,5.7051,1.3092,0,True,1.64,True,-0.6199193467496846,-0.7830223710443022,0.050754014320085875,0.47,14.0000,0.55,0.4875,86.8131,1.0000,5.8633,0,115,0,0,0.062561
431,21,880000000,21.880000000,-17.419317757194893,-56.49064737317447,69.24007942701171,0.2567193451141241,-0.03687816690685311,0.003315974934305711,0.9657764663523338,115,115,115,115,115,0,1.0000,1.0000,2.8112,3.4619,1.3059,0,True,1.64,True,-0.7593908637267098,0.6066172992285641,0.23524661180353718,9.88,15.0000,0.07,0.0705,86.8420,1.0000,0.8210,0,115,0,0,0.017297
432,21,913000000,21.913000000,-18.04963888611801,-57.251107447964216,69.08388804093728,0.2566230659136221,-0.03915556503177213,0.0031653474567093606,0.9657129098979746,115,115,89,115,89,0,0.7739,1.0000,2.8552,3.4189,1.2962,0,True,1.64,True,-0.6304562297793688,-0.7216472111734178,0.28591999744336277,0.26,14.0000,0.07,0.0705,86.8707,1.0000,0.8149,0,115,0,0,0.009986
433,21,946000000,21.946000000,-18.04963888611801,-57.251107447964216,69.08388804093728,0.2566230659136221,-0.03915556503177213,0.0031653474567093606,0.9657129098979746,2000,0,0,0,0,0,0.0000,0.0000,0.0000,0.0000,0.0000,1,True,3.28,True,0.0,0.0,0.0,0.00,12.0000,0.06,0.0644,86.8967,1.0000,0.7362,0,2000,0,0,0.009113
434,21,979000000,21.979000000,-18.502257820157364,-58.00607873006943,68.60938360076261,0.25722546170936644,-0.03987298623898822,0.0023970815769191827,0.9655254842916898,2000,1995,1967,1995,1967,0,0.9860,0.9975,5.0561,15.2909,2.8302,0,True,3.28,True,-0.47732115899514244,-0.878724861005887,-0.002670173349937511,0.14,11.0000,0.07,0.0719,86.9254,1.0000,0.8106,0,1995,0,0,0.010164
435,22,12000000,22.012000000,-19.17496026186761,-58.63791818238589,68.22435070422841,0.25844223777666414,-0.040662494315679726,0.0025736408729770174,0.9651671086716924,1967,1964,1576,1913,1576,0,0.8024,0.9985,10.7995,525.2620,2.5921,0,True,3.28,True,-0.690640799875219,-0.7224863484152233,0.03207431840825245,0.17,13.0000,0.07,0.0734,86.9543,1.0000,0.8171,0,1964,0,0,0.010388
436,22,45000000,22.045000000,-19.59207380479241,-59.35424301492891,67.6649804989163,0.25943849077822734,-0.04116311373639777,0.0019840963194079687,0.9648799567469702,1575,1560,1538,1538,1538,0,0.9859,0.9905,7.5578,292.1077,1.5975,0,True,3.28,True,-0.4488821025212786,-0.8887276911890742,-0.09310182033566222,0.15,5.0000,0.08,0.0883,86.9888,1.0000,0.9689,0,1560,0,0,0.012528
437,22,78000000,22.078000000,-20.041237836073673,-60.08178537676072,67.14639223763056,0.26020634206848675,-0.041785258673639074,0.0014500188946948347,0.9646473703639687,1537,1537,1530,1532,1530,0,0.9954,1.0000,6.2745,73.6180,1.2884,0,True,3.28,True,-0.4766126293329541,-0.8778326055871118,-0.04743751815251627,0.13,3.0000,0.07,0.0756,87.0177,1.0000,0.8098,0,1537,0,0,0.010673
438,22,111000000,22.111000000,-20.460260266377833,-60.9711307566872,66.96340317209544,0.26063484634949974,-0.04401436134297057,5.115383463155111e-05,0.9644336214832145,1528,1528,1527,1527,1527,0,0.9993,1.0000,6.0833,17.2216,1.2797,0,True,3.28,True,-0.4155960076484074,-0.8504681444731181,0.3224653371498345,0.31,3.0000,0.06,0.0678,87.0430,1.0000,0.7079,0,1528,0,0,0.009511
439,22,144000000,22.144000000,-20.952774475205793,-61.756399322013735,66.58819251871181,0.26270405929098445,-0.04467808860593488,-0.00024595358767738243,0.9638414730324649,1526,1526,1526,1526,1526,0,1.0000,1.0000,6.9064,14.2205,1.2748,0,True,1.64,True,-0.5045313206167905,-0.8558605980771552,0.11380150779181908,0.26,3.0000,0.26,0.2669,87.1363,1.0000,2.5821,0,1526,0,0,0.020285
440,22,177000000,22.177000000,-21.287874157226806,-62.25699638483145,65.79000032142616,0.26911250097631034,-0.04203498706498718,-0.0002099417870569279,0.9621909777196873,1525,1525,1513,1513,1513,0,0.9921,1.0000,9.4322,17.1808,1.3521,0,True,1.64,True,-0.3904146682015426,-0.8280239998559763,-0.40243340134187366,0.82,0.0000,0.67,0.6890,87.3600,1.0000,6.0604,0,1525,0,0,0.118885
441,22,210000000,22.210000000,-21.749677750422695,-62.96636214764956,65.2575177810055,0.2703372873201188,-0.04253367179191805,-0.0004476830702175142,0.9618255753660148,1505,1505,1504,1504,1504,0,0.9993,1.0000,6.4501,39.6933,1.2379,0,True,1.64,True,-0.4868491881205384,-0.8721265011943387,-0.04871584897026668,0.16,7.0000,0.13,0.1379,87.3984,1.0000,1.0025,0,1505,0,0,0.021287
442,22,243000000,22.243000000,-21.80665693504051,-63.57317831806377,66.05031504881369,0.27912522092888264,-0.04990972562189811,-0.0030022849625065723,0.9589520929716735,1501,1500,1463,1498,1463,0,0.9753,0.9993,6.1499,270.4140,1.2933,0,True,1.64,True,0.022379191930021195,-0.1045474437139645,0.9942680744052051,1.39,10.0000,0.04,0.0583,87.4140,1.0000,0.4039,0,1500,0,0,0.009172
443,22,276000000,22.276000000,-22.277526626384443,-64.39437656719892,65.72795628998895,0.2793751924649381,-0.051541361572008504,-0.00379805679265958,0.958790156732474,1461,1460,1459,1459,1459,0,0.9993,0.9993,5.8301,84.8209,1.2667,0,True,1.64,True,-0.4712230475549924,-0.8554814265517665,0.21470996315480997,0.21,9.0000,0.04,0.0618,87.4302,1.0000,0.4143,0,1460,0,0,0.009768
444,22,309000000,22.309000000,-22.725979903546893,-65.10790758546295,65.18965976930788,0.27973021122675656,-0.05219338455804985,-0.004217078710098865,0.9586496105369066,1458,1458,1458,1458,1458,0,1.0000,1.0000,5.6795,12.5125,1.2526,0,True,1.64,True,-0.4723722088159178,-0.8810680685728068,-0.024156880588236434,0.10,5.0000,0.03,0.0561,87.4444,1.0000,0.3623,0,1458,0,0,0.008908
445,22,342000000,22.342000000,-23.191003335273006,-65.77655821420005,64.609436067073,0.28028888531594665,-0.05251307950525798,-0.004559578273408111,0.9584673846799312,1455,1455,1455,1455,1455,0,1.0000,1.0000,5.7074,12.3302,1.2596,0,True,1.64,True,-0.494236574579361,-0.8656103029989277,-0.08030573883704774,0.09,0.0000,0.06,0.0710,87.4618,1.0000,0.4397,0,1455,0,0,0.011365
446,22,375000000,22.375000000,-23.52254608181022,-66.4274556675926,63.92649250250441,0.2829037434609611,-0.05248750467308526,-0.004775381192226246,0.9576991852995577,1455,1455,1455,1455,1455,0,1.0000,1.0000,6.6407,12.7159,1.2716,0,True,1.64,True,-0.3718527359860469,-0.9090064930024804,-0.1882358584835073,0.31,1.0000,0.26,0.2784,87.5234,1.0000,1.5064,0,1455,0,0,0.045489
447,22,408000000,22.408000000,-23.93533077623353,-67.00551291455423,63.22260429029669,0.2858846940760073,-0.05212082350394981,-0.00463118821347503,0.9568343187543333,1454,1454,1451,1451,1451,0,0.9979,1.0000,6.9385,40.8536,1.2626,0,True,1.64,True,-0.4569002518748725,-0.8587897725670086,-0.23178068593173107,0.36,1.0000,0.25,0.2720,87.5735,1.0000,1.1429,0,1454,0,0,0.046278
448,22,441000000,22.441000000,-24.43138074364965,-67.75568043042084,62.7853593612638,0.2872030763374962,-0.05317010919694295,-0.004687799224839134,0.9563813867744871,1447,1445,1444,1444,1444,0,0.9993,0.9986,6.4701,12.8189,1.2194,0,True,1.64,True,-0.5067832199500447,-0.8565490990320075,0.09743925761478672,0.20,16.0000,0.14,0.1493,87.5963,1.0000,0.4709,0,1445,0,0,0.018725
449,22,474000000,22.474000000,-24.830323018735406,-68.55243031552179,62.3314489276527,0.2877206088378507,-0.05428155819912735,-0.005431383695164883,0.956159434278932,1440,1439,1437,1437,1437,0,0.9986,0.9993,6.2561,24.7365,1.2516,0,True,1.64,True,-0.4101324356012858,-0.9062496411514726,0.10248401426849049,0.17,16.0000,0.09,0.1004,87.6097,1.0000,0.2540,0,1439,0,0,0.015884
450,22,507000000,22.507000000,-25.640042818822337,-69.11766907455373,62.48911626934149,0.2906303618207014,-0.057206062864166456,-0.0038290151464834598,0.9551161174446577,1434,1434,1389,1430,1389,0,0.9686,1.0000,6.3397,12.5094,1.2443,0,True,1.64,True,-0.7655001186243522,-0.3678951477600042,0.5278851472060444,0.52,0.0000,0.11,0.1096,87.6229,1.0000,0.2308,0,1434,0,0,0.027434
451,22,540000000,22.540000000,-25.683117905584627,-69.78520266962634,63.23244892458397,0.3010330246608349,-0.06445292435925516,-0.0061763791719910656,0.9514130495980245,1386,1386,1386,1386,1386,0,1.0000,1.0000,6.7463,12.8372,1.2602,0,True,1.64,True,0.0638618967796632,-0.1406262356034321,0.9880009716592955,1.54,12.0000,0.17,0.1588,87.6386,1.0000,0.2263,0,1386,0,0,0.022194
452,22,573000000,22.573000000,-26.112310625543127,-70.56159742068539,62.77092449439355,0.3023560049181412,-0.06592663805326189,-0.006065142022265909,0.950893126874511,1379,1379,1379,1379,1379,0,1.0000,1.0000,6.6381,12.5646,1.2551,0,True,1.64,True,-0.44122790118674654,-0.8887445682833023,0.12430217842526112,0.23,0.0000,0.16,0.1449,87.6507,1.0000,0.1321,0,1379,0,0,0.028000
453,22,606000000,22.606000000,-26.47329160691475,-71.31344175630953,62.219179239699066,0.3029541348017219,-0.06704445734412649,-0.006268165078812248,0.9506232392764847,1372,1372,1372,1372,1372,0,1.0000,1.0000,5.7078,11.3993,1.1647,0,True,1.64,True,-0.3863241247393328,-0.921799610102501,0.03223584122162167,0.15,4.0000,0.03,0.0435,87.6539,1.0000,0.0247,0,1372,0,0,0.007155
454,22,639000000,22.639000000,-27.4159424176718,-71.6470981248602,62.21007557534607,0.3053969595326319,-0.069629289602294,-0.003077530482844446,0.9496709893135785,1368,1368,1258,1365,1258,0,0.9196,1.0000,6.2998,13.7125,1.2418,0,True,1.64,True,-0.9176978896564012,-0.25057542724218584,0.3082896991185141,0.56,2.0000,0.12,0.1109,87.6611,1.0000,0.0355,0,1368,0,0,0.008361
455,22,672000000,22.672000000,-27.612030489485978,-72.3035929354389,62.93847383987956,0.3139743913590828,-0.07581244540998747,-0.0035466901523200822,0.9463931401276188,1251,1250,1247,1247,1247,0,0.9976,0.9992,6.6804,77.0004,1.2769,0,True,1.64,True,-0.06746408071378242,-0.10400814285651684,0.9922856967794018,1.27,11.0000,0.16,0.1435,87.6689,1.0000,0.0080,0,1250,0,0,0.033143
456,22,705000000,22.705000000,-28.605435531277088,-72.1909048993583,62.917311858207455,0.3166247750357294,-0.07774420103708447,0.00015075697904664502,0.945359491575037,1239,1239,1239,1239,1239,0,1.0000,1.0000,5.6465,10.7616,1.2090,0,True,1.64,True,-0.9910715035535238,0.11850350508580666,0.06110805287796072,0.58,14.0000,0.03,0.0446,87.6710,1.0000,0.0145,0,1239,0,0,0.007213
457,22,738000000,22.738000000,-29.346736874584145,-72.77437598962494,62.58559841977875,0.31858949464549924,-0.07883395753348578,0.001265249603414546,0.9446080352106767,1237,1237,1196,1237,1196,0,0.9669,1.0000,5.6119,10.5753,1.2040,0,True,1.64,True,-0.7525724213678964,-0.6283489588600377,0.1970084680818782,0.30,13.0000,0.03,0.0484,87.6730,1.0000,0.0217,0,1237,0,0,0.007800
458,22,771000000,22.771000000,-29.44365999291703,-73.50146338671186,63.265267328976435,0.3278918984490358,-0.08580433700025361,-0.001205884580484468,0.9408097918951591,1190,1190,1190,1190,1190,0,1.0000,1.0000,5.6664,10.4000,1.2109,0,True,1.64,True,0.04084051254711974,-0.1654406159990251,0.9853737641690851,1.43,10.0000,0.04,0.0551,87.6751,1.0000,0.0322,0,1190,0,0,0.008907
459,22,804000000,22.804000000,-29.481023433719717,-73.97405376196966,62.38477751614209,0.3290233598786141,-0.08525456738295036,-0.001367746473877752,0.9404644685814117,1187,1187,1186,1186,1186,0,0.9992,1.0000,5.6345,20.7102,1.2314,0,True,1.64,True,-0.1506083930092216,-0.9123681492559677,-0.3806592599404619,0.15,8.0000,0.05,0.0591,87.6771,1.0000,0.0431,0,1187,0,0,0.009607
460,22,837000000,22.837000000,-29.757985463750092,-74.75732777114409,61.828204196198286,0.3291236219681531,-0.08622379133444838,-0.0025576660028838135,0.9403385335160394,1179,1179,1179,1179,1179,0,1.0000,1.0000,5.5177,9.9318,1.1904,0,True,1.64,True,-0.31572689436184237,-0.9434328994993437,0.10124669040955031,0.18,7.0000,0.04,0.0550,87.6788,1.0000,0.0477,0,1179,0,0,0.008987
461,22,870000000,22.870000000,-30.456382251211178,-74.49634639300331,62.49463547362137,0.33353807270075503,-0.09070454398435512,0.0038327789519601208,0.9383551297697271,1176,1175,1167,1167,1167,0,0.9932,0.9991,6.5315,107.3662,1.2402,0,True,1.64,True,-0.5971249832334449,0.653515349737497,0.46514453888650076,1.05,12.0000,0.15,0.1636,87.6825,1.0000,0.1826,0,1175,0,0,0.022900
462,22,903000000,22.903000000,-31.140876814444383,-75.19288758826602,62.279466804419336,0.3349681032973225,-0.09268059859181786,0.004621988485324533,0.9376488221293183,1162,1162,1121,1159,1121,0,0.9647,1.0000,5.4114,9.5573,1.2376,0,True,1.64,True,-0.6732535428561865,-0.629739564329854,0.3875019330909698,0.30,21.0000,0.03,0.0538,87.6833,1.0000,0.0723,0,1162,0,0,0.012926
463,22,936000000,22.936000000,-32.11336028813732,-75.36256642041587,62.439106985183344,0.3377295090106858,-0.09551360189604688,0.009004946522924565,0.9363411993148458,1117,1117,957,1116,957,0,0.8568,1.0000,6.0619,10.0137,1.2738,0,True,1.64,True,-0.9184302181200302,0.0373598538909319,0.39381490037991435,0.69,11.0000,0.12,0.1368,87.6842,1.0000,0.2230,0,1117,0,0,0.009895
464,22,969000000,22.969000000,-31.821202504282773,-75.8134674722601,61.59570193968091,0.33815093462807533,-0.0940860224145204,0.006876467318413911,0.936351686063304,955,955,955,955,955,0,1.0000,1.0000,6.3154,10.3071,1.2905,0,True,1.64,True,0.152279155156075,-0.9037119923342203,-0.4001445911370867,0.30,13.0000,0.18,0.1865,87.6847,1.0000,0.3375,0,955,0,0,0.029350
465,23,2000000,23.002000000,-32.13539952045796,-76.70066696568244,61.25783022749157,0.3415822658644843,-0.09632181390547223,0.0066565517513963906,0.9348793259729435,948,948,945,945,945,0,0.9968,1.0000,8.4536,160.1494,1.3633,0,True,1.64,True,-0.3246793096113233,-0.8737036684788136,0.36225025272175815,0.50,0.0000,0.42,0.3533,87.6823,1.0000,0.7850,0,948,0,0,0.087833
466,23,35000000,23.035000000,-32.10487901114376,-77.32329843880274,60.47591044439918,0.34201652391721915,-0.09605967969367399,0.00589951308129856,0.9347526041954282,940,940,940,940,940,0,1.0000,1.0000,5.4260,9.1918,1.3155,0,True,1.64,True,-0.08120487857872125,-0.978060197021984,-0.19184373509795088,0.11,1.0000,0.07,0.0677,87.6821,1.0000,0.1458,0,940,0,0,0.014296
467,23,68000000,23.068000000,-32.067644340233095,-77.97977582832432,59.72248425934248,0.34295396386274846,-0.09621749327892637,0.005520094977126068,0.9343951526037535,936,934,930,930,930,0,0.9957,0.9979,6.2971,129.2036,1.3704,0,True,1.64,True,-0.06590343620440994,-0.9865937153978582,-0.14929694515930766,0.12,0.0000,0.15,0.1260,87.6829,1.0000,0.2432,0,934,0,0,0.027494
468,23,101000000,23.101000000,-32.9356950856068,-78.45788783280142,59.58870528255228,0.34472422594887797,-0.09816927746400797,0.008339069192740673,0.9335193950481909,923,923,896,922,896,0,0.9707,1.0000,5.3590,8.8718,1.3480,0,True,1.64,True,-0.8498652302483615,-0.384969414754464,0.35989948613259354,0.45,13.0000,0.08,0.0769,87.6845,1.0000,0.1136,0,923,0,0,0.006617
469,23,134000000,23.134000000,-33.188978590522105,-79.1168331577509,60.29696972812683,0.3533915001542093,-0.10164738977419158,0.009019175213739234,0.9298929563392309,892,892,892,892,892,0,1.0000,1.0000,5.3132,8.6725,1.3315,0,True,1.64,True,-0.08013966143125517,-0.026467121408304668,0.9964321984711463,1.15,3.0000,0.08,0.0782,87.6868,1.0000,0.0958,0,892,0,0,0.028669
470,23,167000000,23.167000000,-32.9442297588527,-79.51184198122365,59.41149469246793,0.3527291666838402,-0.09873546537166217,0.006581709076309056,0.9304784381994029,892,892,892,892,892,0,1.0000,1.0000,5.2328,8.4961,1.2887,0,True,1.64,True,0.08836727540449411,-0.8983109621578751,-0.43038196977171245,0.45,14.0000,0.08,0.0800,87.6909,1.0000,0.0446,0,892,0,0,0.010396
471,23,200000000,23.200000000,-33.83343536860595,-79.69519495740482,59.830654649654754,0.3555060231584128,-0.1005080666657205,0.009711866024953249,0.9292035706407518,891,890,613,890,613,0,0.6888,0.9989,5.1169,8.2843,1.2529,0,True,1.64,True,-0.7823022366253962,0.20971301492181182,0.5865353032369889,0.54,2.0000,0.07,0.0750,87.6959,1.0000,0.0091,0,890,0,0,0.027863
472,23,233000000,23.233000000,-34.08026277298651,-80.51452174542028,59.31318016053763,0.3562183694047756,-0.10148617732183199,0.009285958505710791,0.9288287248388879,611,611,611,611,611,0,1.0000,1.0000,4.3950,6.2049,1.2499,0,True,1.64,True,-0.29826032915508083,-0.9308501717465166,0.21108939767734272,0.15,2.0000,0.04,0.0595,87.7014,1.0000,0.0401,0,611,0,0,0.015629
473,23,266000000,23.266000000,-34.09532694664806,-80.31133166848997,58.33415673726884,0.35958409131526126,-0.09687054985638088,0.011041069925980009,0.9280051037674254,610,610,610,610,610,0,1.0000,1.0000,4.3497,6.1595,1.2208,0,True,1.64,True,-0.21698615773551552,-0.49306771222704787,-0.8424970258169242,0.69,4.0000,0.05,0.0645,87.7089,1.0000,0.0907,0,610,0,0,0.017227
474,23,299000000,23.299000000,-33.80848125216829,-80.71407377030788,57.46495115342707,0.3601354610466391,-0.09546215297121288,0.010459373455573635,0.9279439792108908,605,604,604,604,604,0,1.0000,0.9983,4.3055,6.1202,1.2106,0,True,1.64,True,0.13801801291852758,-0.9025971211129168,-0.407761529657588,0.19,13.0000,0.05,0.0727,87.7195,1.0000,0.1743,0,604,0,0,0.014577
475,23,332000000,23.332000000,-33.94883231185069,-81.37426197243036,58.202821818126715,0.3703464808481832,-0.09911689028323312,0.010429062472293457,0.9235315700288198,602,602,602,602,602,0,1.0000,1.0000,4.2861,6.1217,1.3061,0,True,1.64,True,0.031101310638101193,0.015278501072903766,0.9993994576152009,1.34,5.0000,0.06,0.0766,87.7337,1.0000,0.2740,0,602,0,0,0.027951
476,23,365000000,23.365000000,-34.12170458376604,-82.16692566160295,58.7874579900064,0.3799036851188032,-0.10254317435026808,0.00941058413008995,0.9192766331924545,599,599,599,599,599,0,1.0000,1.0000,4.0853,5.9190,1.2287,0,True,1.64,True,-0.014965141235446993,-0.16031811901687415,0.9869519467849965,1.27,1.0000,0.01,0.0432,87.7440,1.0000,0.2228,0,599,0,0,0.014203
477,23,398000000,23.398000000,-34.47382076603521,-82.7492368189559,59.52021163906347,0.38670645688493127,-0.10361604215717703,0.011395039840592688,0.9162925215662386,599,599,599,599,599,0,1.0000,1.0000,4.2191,6.0660,1.3640,0,True,1.64,True,-0.16596796202920702,0.12979947413398998,0.9775513961395643,0.89,16.0000,0.03,0.0511,87.7593,1.0000,0.3547,0,599,0,0,0.012640
478,23,431000000,23.431000000,-35.11388401321946,-83.40944109763045,59.12721119374088,0.3887991725898499,-0.10353828771190449,0.012916831756245032,0.9153950960260361,597,597,594,597,594,0,0.9950,1.0000,4.3108,6.1540,1.4631,0,True,1.64,True,-0.6651209330977932,-0.6754975796164605,0.3183035725332419,0.31,3.0000,0.04,0.0497,87.7773,1.0000,0.4368,0,597,0,0,0.025593
479,23,464000000,23.464000000,-35.486420536531746,-83.85889095307901,59.93912951859607,0.39435198053285814,-0.1036578702127381,0.015488765633674743,0.9129631205760266,592,591,584,591,584,0,0.9882,0.9983,4.3381,6.1461,1.4819,0,True,1.64,True,-0.17680804308971343,0.3011448744439713,0.9370435851628839,0.75,4.0000,0.02,0.0352,87.7928,1.0000,0.3931,0,591,0,0,0.015355
480,23,497000000,23.497000000,-36.03520174530558,-83.57126160497491,60.72405533866185,0.40134894196142606,-0.11308485053350836,0.03066746164001126,0.908399884501763,578,578,578,578,578,0,1.0000,1.0000,4.6195,10.9610,1.3334,0,True,1.64,True,-0.3939524645008742,0.8210883179398525,0.41305620665520926,2.26,16.0000,0.12,0.0433,87.8155,1.0000,0.6020,0,578,0,0,0.011206
481,23,530000000,23.530000000,-36.01509388928189,-83.43216911585684,59.7339801124305,0.4017572762803148,-0.10647546549521078,0.03217471218242865,0.9089658156935161,572,572,570,570,570,0,0.9965,1.0000,4.7777,6.6463,1.2106,0,True,1.64,True,-0.21310617686254507,-0.6239916401842854,-0.751811273101937,0.78,16.0000,0.12,0.0473,87.8421,1.0000,0.7182,0,572,0,0,0.018252
482,23,563000000,23.563000000,-36.876570723197624,-82.9914570788063,59.986231108514374,0.40365942639340413,-0.10914479367045059,0.04975664454577537,0.9070119943098481,568,568,567,567,567,0,0.9982,1.0000,4.7543,12.6806,1.1429,0,True,1.64,True,-0.7967387024595576,0.6041297184961061,-0.015320679909070068,2.06,2.0000,0.11,0.0372,87.8639,1.0000,0.6000,0,568,0,0,0.030040
483,23,596000000,23.596000000,-36.50493331131809,-83.54120020589636,59.23812140512273,0.40445122157935803,-0.10945459466157507,0.05156050995311264,0.9065210504361222,565,563,372,563,372,0,0.6607,0.9965,4.4470,6.2907,0.8543,0,True,1.64,True,0.18159332221860444,-0.9738366458986686,-0.13662376231988757,0.24,6.0000,0.00,0.0122,87.8710,1.0000,0.2014,0,563,0,0,0.005338
484,23,629000000,23.629000000,-37.236046630722264,-84.15623293416967,58.942811301430865,0.40557434074554066,-0.11030889286589432,0.05439593187833892,0.9057496811363545,372,372,307,372,307,0,0.8253,1.0000,4.8681,6.4638,0.9041,0,True,1.64,True,-0.7836680365478471,-0.4906845832418307,0.3809108140523621,0.37,6.0000,0.00,0.0182,87.8817,1.0000,0.3006,0,372,0,0,0.007753
485,23,662000000,23.662000000,-36.68962443941775,-84.64591304440124,58.26337316701864,0.4057142083728915,-0.10943586919795223,0.05356281590027125,0.9058425892008392,307,307,307,307,307,0,1.0000,1.0000,4.7941,6.2922,0.9435,0,True,1.64,True,0.3597062830271831,-0.9194502619333904,-0.15881626422186068,0.14,7.0000,0.00,0.0173,87.8918,1.0000,0.2876,0,307,0,0,0.007212
486,23,695000000,23.695000000,-36.37204679564228,-85.5408531411982,58.57678449948617,0.4225991690582643,-0.12174365210671255,0.03157641896886775,0.897547411142212,307,307,307,307,307,0,1.0000,1.0000,5.4395,7.1192,1.3752,0,True,1.64,True,0.3765342947806704,-0.42751023498068014,0.8218618642088139,3.60,0.0000,0.15,0.0630,87.9298,1.0000,1.0926,0,307,0,0,0.025789
487,23,728000000,23.728000000,-37.00090516008289,-86.31836764648445,58.57389459593223,0.4293903759522737,-0.1176193342382532,0.03495455326743335,0.8947445313936204,307,307,228,307,228,0,0.7427,1.0000,5.8741,7.7934,1.2275,0,True,1.64,True,-0.573739024289581,-0.4000680467923409,0.7146811106661493,1.04,1.0000,0.25,0.1004,88.0031,1.0000,2.1570,0,307,0,0,0.045594
488,23,761000000,23.761000000,-37.212017134035506,-86.63976010034048,59.49700814531725,0.44215401138304383,-0.12594830152413375,0.040192104494318766,0.8871422942783118,228,228,228,228,228,0,1.0000,1.0000,5.0943,6.8160,1.5179,0,True,1.64,True,0.0296111967795554,0.5341567600646134,0.844866695226269,2.04,14.0000,0.10,0.0379,88.0342,1.0000,0.9378,0,228,0,0,0.006337
489,23,794000000,23.794000000,-37.05029756266759,-86.17162271631123,58.6282767887341,0.44228433376126497,-0.11578694057417696,0.04323526200659124,0.8883178848931543,228,228,228,228,228,0,1.0000,1.0000,5.1614,6.9418,1.6134,0,True,1.64,True,-0.08769987654354643,-0.4186920093986497,-0.9038836943545158,1.22,14.0000,0.11,0.0377,88.0646,1.0000,0.9255,0,228,0,0,0.017782
490,23,827000000,23.827000000,-37.312627688851364,-86.96743496841637,58.08250599041695,0.4426356646986749,-0.1162248463307827,0.04436362728287651,0.8880300231447438,228,228,228,228,228,0,1.0000,1.0000,5.2745,7.0312,1.5710,0,True,1.64,True,-0.36708009797221075,-0.8578624766445638,0.3596167026682257,0.15,3.0000,0.05,0.0376,88.0927,1.0000,0.8684,0,228,0,0,0.027828
491,23,860000000,23.860000000,-37.50471374680743,-87.78577396623056,58.624192459691706,0.45031767755514107,-0.11581195653453931,0.04610969706845667,0.8841241292042883,228,228,228,228,228,0,1.0000,1.0000,5.5135,7.3323,1.6114,0,True,1.64,True,-0.03332981459409686,-0.03929128089745349,0.9986717772644627,1.01,3.0000,0.11,0.0477,88.1233,1.0000,0.9587,0,228,0,0,0.017384
492,23,893000000,23.893000000,-37.65219829939687,-88.46171459910963,59.34623994259746,0.45826240538765006,-0.11497454148996239,0.04863973420437477,0.8800060220669094,228,228,228,228,228,0,1.0000,1.0000,5.6362,7.5732,1.6373,0,True,1.64,True,0.05033982610390272,0.19572010559992714,0.9793669088609144,1.07,13.0000,0.10,0.0497,88.1539,1.0000,0.9660,0,228,0,0,0.012276
493,23,926000000,23.926000000,-38.37680384232761,-88.90895646544122,58.82191035144866,0.46166125409520653,-0.11149394608308706,0.05235489037504965,0.8784628346765043,228,228,228,228,228,0,1.0000,1.0000,5.8139,7.7802,1.2556,0,True,1.64,True,-0.8226533418943788,-0.535924591287171,0.18980598389853023,0.72,15.0000,0.12,0.0595,88.1893,1.0000,1.1265,0,228,0,0,0.011981
494,23,959000000,23.959000000,-38.73788984163681,-88.29011571384628,58.124305144137054,0.45708244685555544,-0.09778436097928572,0.06376280329292064,0.8817302084201492,228,228,228,228,228,0,1.0000,1.0000,5.8484,7.8939,1.1126,0,True,0.00,True,-0.527286546180872,-0.13564078515275976,-0.8387910798403795,2.14,1.0000,0.10,0.0560,88.2210,1.0000,1.0222,0,228,0,0,0.030706
495,23,992000000,23.992000000,-39.31929925490251,-88.94441920314674,57.640724708164655,0.45787522521270446,-0.0975788139950607,0.06634331011833317,0.8811510758083855,228,228,186,228,186,0,0.8158,1.0000,5.7267,7.8315,1.4535,0,True,0.00,True,-0.6922220498842059,-0.6419931144308065,0.32965660114358575,0.32,2.0000,0.01,0.0326,88.2386,1.0000,0.5758,0,228,0,0,0.008967
496,24,25000000,24.025000000,-39.88959155684457,-88.27842112307764,57.15987832137374,0.4381582605135259,-0.07302898633046849,0.10450967389848602,0.8898099987980229,186,186,186,186,186,0,1.0000,1.0000,5.9642,7.2751,1.2585,0,True,0.00,True,-0.647958814901665,0.11674348524581621,-0.7526754498745722,5.76,8.0000,0.11,0.0800,88.2818,1.0000,1.4196,0,186,0,0,0.025725
497,24,58000000,24.058000000,-39.944475973494114,-87.81016596174807,56.277991251110635,0.4402098088370441,-0.06475218978864032,0.10797559469586783,0.8890240430220673,186,186,186,186,186,0,1.0000,1.0000,5.8400,7.2591,1.3478,0,True,0.00,True,-0.19135694026003364,-0.3822416677917662,-0.9040319843999365,1.06,0.0000,0.07,0.0552,88.3115,1.0000,0.9867,0,186,0,0,0.017191
498,24,91000000,24.091000000,-40.46305961996662,-88.5690441142401,55.88406873172192,0.4413510009520386,-0.06386061114819587,0.11056881699601345,0.888203610108918,185,185,176,185,176,0,0.9514,1.0000,5.9196,7.9759,1.7020,0,True,0.00,True,-0.687374852318176,-0.6207608586349879,0.3770567182630728,0.35,27.0000,0.05,0.0468,88.3354,1.0000,0.8056,0,185,0,0,0.014126
499,24,124000000,24.124000000,-40.79851452851158,-89.426869187558,55.49470239018707,0.44220644836052436,-0.06279166373827282,0.11240603040983507,0.8876235397514273,176,176,176,176,176,0,1.0000,1.0000,6.1203,7.7524,1.6649,0,True,0.00,True,-0.526823613828132,-0.7176317630731848,0.45547945347901225,0.27,1.0000,0.13,0.1101,88.3840,1.0000,1.6702,0,176,0,0,0.029776
500,24,157000000,24.157000000,-40.104795332501865,-89.56484438562316,54.78779608677303,0.4277066647746647,-0.04591783818704784,0.08323252378620744,0.8989053943701413,176,176,176,176,176,0,1.0000,1.0000,6.3267,7.8496,1.7099,0,True,0.00,True,0.5017726377445947,-0.8024435314384766,-0.3229684177491326,4.40,1.0000,0.03,0.0435,88.4008,1.0000,0.5865,0,176,0,0,0.010673
501,24,190000000,24.190000000,-40.84449531946662,-89.30259509910829,55.407529288245065,0.43145788834995846,-0.0489046213250073,0.09635941222027242,0.8956379247610142,175,175,175,175,175,0,1.0000,1.0000,6.5708,8.0870,1.4396,0,True,0.00,True,-0.6021069253234596,0.7742060090818803,0.19512125967981397,1.64,0.0000,0.06,0.0644,88.4239,1.0000,0.8138,0,175,0,0,0.015068
502,24,223000000,24.223000000,-41.03499953508051,-88.80001708294701,54.56424791082427,0.3975891470911347,-0.007008150056021703,0.11285066619338768,0.9105704163258571,175,175,175,175,175,0,1.0000,1.0000,6.7349,8.3520,1.5546,0,True,0.00,True,-0.2645079587493065,-0.2967398509406887,-0.9175952270047905,6.68,2.0000,0.03,0.0427,88.4379,1.0000,0.5011,0,175,0,0,0.009443
503,24,256000000,24.256000000,-41.56800284695396,-89.61423127903791,54.33411161986615,0.3992037812329288,-0.004417401681202902,0.11586719087948177,0.9095007540895261,174,172,82,171,82,0,0.4767,0.9885,7.0474,16.4447,1.2915,0,True,0.00,True,-0.7057612912548135,-0.5898167353264553,0.392450275188056,0.51,1.0000,0.08,0.0913,88.4661,1.0000,1.0100,0,172,0,0,0.019474
504,24,289000000,24.289000000,-41.56800284695396,-89.61423127903791,54.33411161986615,0.3992037812329288,-0.004417401681202902,0.11586719087948177,0.9095007540895261,2000,0,0,0,0,0,0.0000,0.0000,0.0000,0.0000,0.0000,1,True,1.64,True,0.0,0.0,0.0,0.00,7.0000,0.13,0.1382,88.5066,1.0000,1.4648,0,2000,0,0,0.029408
505,24,322000000,24.322000000,-40.88218196004961,-89.99361809890222,53.7130517580179,0.3985999259358555,-0.0034435029580781947,0.11602540546303892,0.9097496065503109,2000,1925,1849,1924,1849,0,0.9605,0.9625,4.8326,14.7337,2.4924,0,True,1.64,True,0.5263128975811319,-0.845591664721088,-0.0892718902789223,0.14,9.0000,0.01,0.0333,88.5158,1.0000,0.3372,0,1925,0,0,0.007008
506,24,355000000,24.355000000,-40.214441196512695,-90.18585062351845,52.99390717645532,0.39789287826907366,-0.001306458257767125,0.11595151975108274,0.9100740605340794,1846,1841,1821,1821,1821,0,0.9891,0.9973,5.0295,14.3210,1.3954,0,True,1.64,True,0.5386693188290624,-0.7897575023596194,-0.293459456175686,0.26,7.0000,0.02,0.0414,88.5270,1.0000,0.4105,0,1841,0,0,0.008665
507,24,388000000,24.388000000,-39.56341649840145,-90.68872765730792,52.425328658274886,0.39732579750532104,-0.0005343275958705556,0.1160646573865436,0.910308145869587,1811,1804,1771,1787,1771,0,0.9817,0.9961,5.9824,360.2198,1.8041,0,True,1.64,True,0.47409164712804736,-0.8798060466284539,0.034328274635141695,0.11,6.0000,0.02,0.0431,88.5384,1.0000,0.4207,0,1804,0,0,0.009040
508,24,421000000,24.421000000,-38.869022779089775,-91.12986612769436,51.856809342397575,0.39588959509032723,0.0003714665765190225,0.11647978664845643,0.9108807549916341,1766,1716,1604,1709,1604,0,0.9347,0.9717,5.9105,426.9556,1.6221,0,True,1.64,True,0.5296675060854042,-0.8481805796164638,-0.006483622347728267,0.21,0.0000,0.14,0.1474,88.5761,1.0000,1.3966,0,1716,0,0,0.031361
509,24,454000000,24.454000000,-38.171402144410195,-91.41437866585039,51.1992547319649,0.3951583562734437,0.0018898514831328574,0.11691095535231028,0.9111411144533277,1597,1593,1590,1590,1590,0,0.9981,0.9975,5.7484,18.7389,1.2132,0,True,1.64,True,0.5580348385297261,-0.8097346619838703,-0.18145769801518397,0.20,2.0000,0.03,0.0478,88.5873,1.0000,0.4205,0,1593,0,0,0.009935
510,24,487000000,24.487000000,-37.445387902240675,-91.66204414912335,50.55772131228811,0.3938165740391836,0.0035722429773553917,0.11807099659222561,0.9115673232712269,1578,1575,1446,1573,1446,0,0.9181,0.9981,5.7574,16.7549,1.2369,0,True,1.64,True,0.59596252176107,-0.779383706410094,-0.19336419223488757,0.28,9.0000,0.18,0.1882,88.6266,1.0000,1.5123,0,1575,0,0,0.038054
511,24,520000000,24.520000000,-36.81882131823917,-92.32269831255257,50.14425983626366,0.393436641537254,0.0038758258292719556,0.11719526166105759,0.9118431102521002,1431,1423,1422,1422,1422,0,0.9993,0.9944,6.4133,16.4207,1.1913,0,True,1.64,True,0.42925238506489644,-0.8676279332786355,0.2509266014410218,0.12,8.0000,0.02,0.0502,88.6358,1.0000,0.3599,0,1423,0,0,0.009689
512,24,553000000,24.553000000,-35.87154176926744,-92.32480216296737,49.82385847872389,0.3937638078355244,0.004441729826997794,0.12028016887316363,0.9112974353364851,1410,1403,1248,1390,1248,0,0.8895,0.9950,6.5526,16.6717,1.1807,0,True,1.64,True,0.8934917406105077,-0.4311459616426523,-0.125641033185969,0.37,8.0000,0.03,0.0537,88.6449,1.0000,0.3610,0,1403,0,0,0.010014
513,24,586000000,24.586000000,-35.11503453399426,-92.5510020385689,49.210237733265274,0.3937469324619806,0.0058185866349487895,0.12155618246270797,0.9111276484288273,1238,1235,1234,1234,1234,0,0.9992,0.9976,7.0799,17.7008,1.1481,0,True,1.64,True,0.6310518520465073,-0.7537411242446307,-0.18343357830864396,0.22,9.0000,0.02,0.0448,88.6521,1.0000,0.2857,0,1235,0,0,0.008133
514,24,619000000,24.619000000,-34.30359877976315,-92.07358893022175,48.873119444331415,0.3951369788781127,0.006853780913528107,0.1259076447404147,0.9099269523462797,1223,1219,742,1213,742,0,0.6087,0.9967,7.1089,18.6458,1.1563,0,True,1.64,True,0.8666429124660349,-0.10311025408140234,-0.4881581073542231,0.55,7.0000,0.01,0.0453,88.6589,1.0000,0.2754,0,1219,0,0,0.008046
515,24,652000000,24.652000000,-34.28774013041427,-91.30386734677221,48.234936721897824,0.40095347433248296,0.012322480289757907,0.12853237542668325,0.9069530838843834,731,728,619,726,619,0,0.8503,0.9959,6.8890,16.4269,1.0293,0,True,1.64,True,0.14035227867883632,0.04139786025724695,-0.989235793446527,1.02,3.0000,0.04,0.0590,88.6673,1.0000,0.3430,0,728,0,0,0.010317
516,24,685000000,24.685000000,-33.48096067786683,-91.54772780464197,47.69675553304521,0.3996306263495805,0.013157433741645009,0.1298041291193559,0.9073439989796271,618,614,613,613,613,0,0.9984,0.9935,5.8070,14.5027,1.0184,0,True,1.64,True,0.677171271100417,-0.7306398196713104,-0.08720391910298948,0.24,7.0000,0.15,0.1663,88.6883,1.0000,0.8785,0,614,0,0,0.011436
517,24,718000000,24.718000000,-32.67058248612303,-92.10493457162761,47.51562628313938,0.3978307752268478,0.011718520924548094,0.12900962576331226,0.9082675085073539,608,605,602,602,602,0,0.9950,0.9951,5.4134,18.8410,1.0304,0,True,1.64,True,0.6312103775242217,-0.6747930959908721,0.3823973547355986,0.30,0.0000,0.28,0.3032,88.7250,1.0000,1.5390,0,605,0,0,0.072609
518,24,751000000,24.751000000,-32.13946594162696,-92.51546052550137,46.77442208903455,0.3934856425532634,0.014794782611582647,0.12651569406928442,0.9104635866777366,599,599,595,595,595,0,0.9933,1.0000,5.7776,15.6214,1.0615,0,True,1.64,True,0.35295168092271617,-0.9243185315284609,-0.14512189086040414,0.72,5.0000,0.19,0.2087,88.7448,1.0000,0.8866,0,599,0,0,0.037381
519,24,784000000,24.784000000,-31.40863334474664,-92.89314570721059,46.205882188188156,0.3928903156619453,0.015942830965640416,0.1270005582897712,0.9106337816015526,590,589,582,582,582,0,0.9881,0.9983,6.6015,15.2512,1.0378,0,True,1.64,True,0.5744203185030874,-0.8179890415551161,-0.030581458214973403,0.16,4.0000,0.02,0.0520,88.7490,1.0000,0.1974,0,589,0,0,0.008938
520,24,817000000,24.817000000,-31.520238634679217,-92.21598268405516,45.47856210780398,0.398503591763212,0.023879996554623254,0.1299719719417318,0.9075967825118973,578,577,576,576,576,0,0.9983,0.9983,6.6564,15.6922,0.9771,0,True,1.64,True,0.005699986652647038,-0.052707535400020364,-0.9985937241261911,1.22,3.0000,0.01,0.0453,88.7525,1.0000,0.1657,0,577,0,0,0.007699
521,24,850000000,24.850000000,-30.801205133199034,-92.38994803097029,44.80571228665379,0.39849528182306965,0.025603600494235226,0.13120918716421826,0.9073753992753986,573,568,565,565,565,0,0.9947,0.9913,6.7334,15.4979,1.0165,0,True,1.64,True,0.6090332625224574,-0.7596772334984035,-0.2279670722833973,0.24,1.0000,0.00,0.0346,88.7551,1.0000,0.1234,0,568,0,0,0.005856
522,24,883000000,24.883000000,-30.81135311631949,-91.55973978230668,44.24835128847623,0.40285989231572406,0.030495705968438272,0.13436620331886803,0.9048312784638485,558,557,515,557,515,0,0.9246,0.9982,6.1464,19.1887,1.0898,0,True,1.64,True,0.17245103180988997,0.13334903718676752,-0.9759501400732858,0.88,0.0000,0.15,0.1682,88.7670,1.0000,0.5711,0,557,0,0,0.028451
523,24,916000000,24.916000000,-30.21547697138902,-92.10345659194515,43.65733212565715,0.4009144667605065,0.032120767806419245,0.13518936377995788,0.9055162519460571,510,509,508,508,508,0,0.9980,0.9980,5.1921,14.2044,1.1101,0,True,1.64,True,0.39631504003579565,-0.9135686267509122,0.09125104524266008,0.32,1.0000,0.27,0.2958,88.7858,1.0000,0.9350,0,509,0,0,0.051756
524,24,949000000,24.949000000,-29.423134471964214,-92.30074214659447,43.080035171281025,0.3995660486564704,0.03324565692035574,0.13641071451377196,0.905888412566819,501,499,496,496,496,0,0.9940,0.9960,5.6937,15.0339,1.1514,0,True,1.64,True,0.6793666167959306,-0.7244091282648943,-0.11701459255044774,0.25,14.0000,0.16,0.1842,88.7958,1.0000,0.5245,0,499,0,0,0.022811
525,24,982000000,24.982000000,-28.65092667289907,-92.6847746206988,42.57385914073803,0.3987444323781591,0.034010973260981556,0.1368886617813698,0.906149891365091,487,484,482,482,482,0,0.9959,0.9938,6.0900,13.4996,1.1078,0,True,1.64,True,0.6119581618905584,-0.7884729607901532,0.061786715387198855,0.14,3.0000,0.10,0.1081,88.8011,1.0000,0.2858,0,484,0,0,0.028033
526,25,15000000,25.015000000,-28.81844213199124,-92.02573081087695,41.84064714704137,0.40413829631409337,0.0418615642527766,0.13937861910168733,0.903046758162588,479,478,473,473,473,0,0.9895,0.9979,6.6488,20.9179,1.1725,0,True,1.64,True,-0.014325595029295445,-0.07489194984717422,-0.9970887488960776,1.18,5.0000,0.01,0.0473,88.8032,1.0000,0.1171,0,478,0,0,0.007926
527,25,48000000,25.048000000,-28.029285857581115,-92.10116012579951,41.23110404519422,0.40425889571525325,0.04325748390485357,0.14084717769208585,0.9026990682710818,466,461,456,456,456,0,0.9892,0.9893,6.5813,15.8061,1.1654,0,True,1.64,True,0.7116055129108122,-0.6718379992503012,-0.20555120227887744,0.24,7.0000,0.01,0.0519,88.8054,1.0000,0.1243,0,461,0,0,0.008590
528,25,81000000,25.081000000,-28.375795766778594,-91.5243028875272,40.49139693458843,0.4103326842805523,0.05459162170454954,0.14275285538570343,0.899037521647463,452,449,448,448,448,0,0.9978,0.9934,6.5839,16.8856,1.2161,0,True,1.64,True,-0.19107057480384138,-0.10747035155619031,-0.9756752323291387,1.55,3.0000,0.03,0.0585,88.8078,1.0000,0.1354,0,449,0,0,0.009578
529,25,114000000,25.114000000,-28.499973032899682,-90.75591233902497,39.86357851215155,0.4155674861178874,0.060419408249959304,0.14516386423157576,0.8958686355207112,437,436,426,436,426,0,0.9771,0.9977,6.5451,13.7871,1.2995,0,True,1.64,True,0.10135588294445001,0.03163630383299632,-0.9943470869230407,1.01,2.0000,0.04,0.0620,88.8102,1.0000,0.1394,0,436,0,0,0.010130
530,25,147000000,25.147000000,-28.66297730208783,-90.0255732896312,39.20022756343962,0.4202096436354111,0.06718912847394351,0.1477808000630946,0.8927879432112782,415,410,408,409,408,0,0.9951,0.9880,6.2026,26.5725,1.2604,0,True,1.64,True,0.06346649232962598,-0.024042886731096644,-0.9976943138802633,1.05,5.0000,0.10,0.1089,88.8143,1.0000,0.2364,0,410,0,0,0.014163
531,25,180000000,25.180000000,-28.864432874702167,-89.25084665655453,38.60088267419445,0.4248178067066395,0.07327349526390319,0.1500465959081188,0.8897453821477002,402,399,383,394,383,0,0.9599,0.9925,5.8673,28.2614,1.4352,0,True,1.64,True,0.0548060101739316,0.0474743479375209,-0.9973677794759174,0.98,13.0000,0.17,0.1902,88.8208,1.0000,0.3892,0,399,0,0,0.019115
532,25,213000000,25.213000000,-27.94762043576303,-89.62771922580023,38.46889018063288,0.4245984352507759,0.07101924454255178,0.14893235033479812,0.8902199675984306,376,373,367,367,367,0,0.9839,0.9920,5.3729,40.5409,1.3535,0,True,1.64,True,0.7419789543597536,-0.5142756253967676,0.43010209533315497,0.29,16.0000,0.22,0.2442,88.8275,1.0000,0.4352,0,373,0,0,0.023750
533,25,246000000,25.246000000,-27.177914713652925,-89.88955237444203,37.886656118057296,0.4231032379657347,0.071695078181394,0.14955893331400466,0.8907724688456933,362,360,356,356,356,0,0.9889,0.9945,5.4019,11.5257,1.2132,0,True,1.64,True,0.6425599562702697,-0.7659571980791973,0.02064638730176013,0.21,14.0000,0.19,0.2101,88.8327,1.0000,0.3425,0,360,0,0,0.042053
534,25,279000000,25.279000000,-26.40488411538272,-90.26426044212498,37.3747796113183,0.42230939092526587,0.07205812585478691,0.14965791736758746,0.8911031997495145,352,351,350,350,350,0,0.9972,0.9972,5.9363,17.2131,1.2086,0,True,1.64,True,0.608527932915188,-0.7796777844690725,0.14763572490209448,0.11,13.0000,0.10,0.1198,88.8348,1.0000,0.1646,0,351,0,0,0.034362
535,25,312000000,25.312000000,-26.36520281704477,-89.4191419739562,36.841675335099985,0.42550162019064003,0.07629708686388732,0.15318964393739706,0.8886281892566532,342,341,333,338,333,0,0.9765,0.9971,5.7277,15.3668,1.1956,0,True,1.64,True,0.3154141969734441,0.08491193882686829,-0.9451475265757509,0.78,2.0000,0.14,0.1569,88.8369,1.0000,0.1892,0,341,0,0,0.033287
536,25,345000000,25.345000000,-25.41929608843312,-89.652060874972,36.615823068525586,0.4267822122833499,0.07430167543483943,0.1523710617069348,0.8883238507776355,331,331,330,330,330,0,0.9970,1.0000,6.2608,12.8884,1.1307,0,True,1.64,True,0.813143879672629,-0.5098342283361059,0.2808310712294364,0.29,1.0000,0.00,0.0461,88.8374,1.0000,0.0496,0,331,0,0,0.007260
537,25,378000000,25.378000000,-24.69992873330172,-89.08893753541763,36.209125745175186,0.42703816098898134,0.07515789746700559,0.1565191093174798,0.8874071601727985,326,326,315,325,315,0,0.9663,1.0000,5.3637,16.0939,1.3855,0,True,1.64,True,0.8669712111803648,-0.1348628353729873,-0.47976341525757227,0.50,3.0000,0.17,0.1888,88.8388,1.0000,0.1810,0,326,0,0,0.030364
538,25,411000000,25.411000000,-24.78333335238447,-88.21614923660776,35.72820552832397,0.4299494818839757,0.07959282989672628,0.16033025875352147,0.8849308631665869,309,305,304,304,304,0,0.9967,0.9871,5.5934,12.2269,1.3738,0,True,1.64,True,0.2199643930587143,0.1537033593111329,-0.9633228654624493,0.80,15.0000,0.10,0.1177,88.8391,1.0000,0.0912,0,305,0,0,0.014190
539,25,444000000,25.444000000,-23.850503907809177,-88.57635783875494,35.71931788113767,0.43157221249406047,0.07543188824900116,0.15781088059122847,0.8849582937094791,295,293,290,290,290,0,0.9898,0.9932,5.8145,12.2602,1.3357,0,True,1.64,True,0.7462119134385288,-0.4163631541771116,0.5194319051483998,0.59,18.0000,0.04,0.0671,88.8391,1.0000,0.0466,0,293,0,0,0.010714
540,25,477000000,25.477000000,-23.278947184035317,-89.08123631114509,35.07246346194748,0.42852933441791535,0.07646934876266089,0.1563729643027833,0.8866016829886538,282,281,280,280,280,0,0.9964,0.9965,5.8093,13.6842,1.2539,0,True,1.64,True,0.36094341047479295,-0.9235867628288498,0.1292568990891829,0.45,3.0000,0.03,0.0587,88.8389,1.0000,0.0330,0,281,0,0,0.012620
541,25,510000000,25.510000000,-23.582790570627253,-88.42856590461157,34.378416967208324,0.43186197087270023,0.08481559927902833,0.15878285717458065,0.8837927112736125,272,272,270,270,270,0,0.9926,1.0000,4.6509,13.7570,1.3379,0,True,1.64,True,-0.06058905411326204,-0.09860463928144425,-0.9932804697736872,1.11,13.0000,0.20,0.2199,88.8371,1.0000,0.0841,0,272,0,0,0.021024
542,25,543000000,25.543000000,-23.957624874077183,-87.64334612164932,33.8855385467009,0.43549980247325937,0.09095325563072483,0.16121289503976913,0.8809527965838013,266,264,260,261,260,0,0.9848,0.9925,4.9493,14.9853,1.3406,0,True,1.64,True,-0.0663400088644867,0.14095828830302953,-0.9877903442444351,0.92,15.0000,0.14,0.1543,88.8350,1.0000,0.0230,0,264,0,0,0.025022
543,25,576000000,25.576000000,-23.277540693913625,-88.21786721881207,33.430114549961424,0.4344173206407912,0.09097548607338497,0.15979239429345107,0.8817434111956569,257,255,253,253,253,0,0.9922,0.9922,4.9777,9.9564,1.2062,0,True,1.64,True,0.4338133868025443,-0.8288332786413801,0.3533289425556396,0.22,12.0000,0.11,0.1270,88.8326,1.0000,0.0046,0,255,0,0,0.027942
544,25,609000000,25.609000000,-23.113093499542146,-87.3387898219661,32.982699697036495,0.43724245919987514,0.09350559466673776,0.1622074099004058,0.879638841691445,252,249,204,249,204,0,0.8193,0.9881,5.2039,10.8840,1.2031,0,True,1.64,True,0.4801931874809359,0.11327965357681814,-0.8698173502422304,0.57,0.0000,0.08,0.0896,88.8306,1.0000,0.0158,0,249,0,0,0.025914
545,25,642000000,25.642000000,-22.62462165095518,-86.6547265805609,32.44098691806942,0.4383590719178906,0.095424271798791,0.16549907987077278,0.8782628234081661,201,201,193,201,193,0,0.9602,1.0000,4.7160,7.4455,1.2730,0,True,1.64,True,0.7176427001991423,-0.14608066927397048,-0.6809180515417055,0.48,4.0000,0.08,0.0870,88.8283,1.0000,0.0290,0,201,0,0,0.011309
546,25,675000000,25.675000000,-21.818147039123954,-86.7734620568397,31.86176279292915,0.43809000226235933,0.09606823897955694,0.16636841576624642,0.8781626236709018,190,190,188,188,188,0,0.9895,1.0000,4.2327,12.1026,1.3754,0,True,1.64,True,0.716202230448321,-0.6978652515251019,-0.006201275244329275,0.13,0.0000,0.14,0.1470,88.8240,1.0000,0.0674,0,190,0,0,0.027187
547,25,708000000,25.708000000,-21.094615884121964,-86.85105315778534,31.175845677823013,0.4374960860335447,0.09704347427624649,0.16737443733956367,0.8781603136848016,188,187,187,187,187,0,1.0000,0.9947,4.4816,7.1482,1.2584,0,True,1.64,True,0.656668205011105,-0.7437145594681623,-0.125201927151983,0.17,1.0000,0.09,0.0970,88.8207,1.0000,0.0605,0,187,0,0,0.015949
548,25,741000000,25.741000000,-20.44910881728849,-86.37844335161456,30.575878513905472,0.4375497741417786,0.09832141753749668,0.17035069406557654,0.8774187911329869,186,186,165,184,165,0,0.8871,1.0000,4.0479,13.6877,1.3708,0,True,1.64,True,0.7906346414756158,-0.3502261616317857,-0.5022335108367331,0.38,14.0000,0.16,0.1554,88.8149,1.0000,0.1215,0,186,0,0,0.017431
549,25,774000000,25.774000000,-20.81545959775437,-85.60348555165189,30.060876073203467,0.4419319439485811,0.10493567041582501,0.17293940767305038,0.8739431464723001,163,163,160,160,160,0,0.9816,1.0000,4.5268,15.1638,1.3122,0,True,1.64,True,-0.027578631607600965,0.098558725374296,-0.9947490119277558,1.04,15.0000,0.10,0.0965,88.8111,1.0000,0.0892,0,163,0,0,0.015310
550,25,807000000,25.807000000,-19.952878571317186,-86.0850069469071,29.905662933482525,0.4410505989363378,0.10156352916777733,0.17014774407485497,0.8753336300560611,159,159,158,158,158,0,0.9937,1.0000,3.9583,7.2070,1.2216,0,True,1.64,True,0.6065175433607987,-0.5708963041345293,0.5533659544289988,0.54,1.0000,0.18,0.1522,88.8045,1.0000,0.1628,0,159,0,0,0.032800
551,25,840000000,25.840000000,-19.21851498977164,-86.41450179031179,29.31224631906284,0.4405583988457921,0.10184064319256293,0.16992006477604654,0.8755934856924537,157,157,157,157,157,0,1.0000,1.0000,4.7028,7.7398,1.2091,0,True,1.64,True,0.5654742643884744,-0.813887715521689,0.13351270665071532,0.08,0.0000,0.05,0.0514,88.8021,1.0000,0.0619,0,157,0,0,0.008202
552,25,873000000,25.873000000,-19.64428688195884,-85.90536542354926,28.564250025045844,0.4434488153982055,0.11169627149643083,0.1714403110688142,0.8726312570589895,156,154,153,153,153,0,0.9935,0.9872,4.2878,7.3305,1.3465,0,True,1.64,True,-0.1737579027636057,-0.23238192884469236,-0.9569779675486857,1.24,1.0000,0.11,0.0967,88.7975,1.0000,0.1253,0,154,0,0,0.015352
553,25,906000000,25.906000000,-19.001013807177262,-85.58236723983293,27.87008007137671,0.44249622582575077,0.11268974896110834,0.1745185870710487,0.8723768528427227,149,148,138,146,138,0,0.9324,0.9933,4.2346,9.6537,1.2829,0,True,1.64,True,0.7478216134926274,-0.5155977637197025,-0.4182365125625994,0.39,7.0000,0.13,0.1038,88.7920,1.0000,0.1507,0,148,0,0,0.016658
554,25,939000000,25.939000000,-18.816806448574425,-84.65526736276512,27.543654785932407,0.44491481975916436,0.11455636952355336,0.1776659765149946,0.8702657307680378,136,136,131,135,131,0,0.9632,1.0000,4.7780,10.4676,1.1250,0,True,1.64,True,0.5568266618335801,0.2049956626301076,-0.8049353060800073,0.56,7.0000,0.05,0.0476,88.7894,1.0000,0.0745,0,136,0,0,0.007662
555,25,972000000,25.972000000,-18.077459080774123,-84.98130563674201,26.9545329703213,0.4441318678014304,0.11446649725630745,0.1774825279640029,0.8707147967483908,130,130,130,130,130,0,1.0000,1.0000,4.6384,7.1866,1.1097,0,True,1.64,True,0.5635388103661685,-0.8098317582881724,0.16308443358877184,0.11,5.0000,0.05,0.0509,88.7865,1.0000,0.0828,0,130,0,0,0.008150
556,26,5000000,26.005000000,-18.44287535711171,-84.2283980698718,26.40717464094544,0.4486946977207361,0.11990254335679541,0.1789498282553156,0.867336962951114,127,127,127,127,127,0,1.0000,1.0000,4.6961,10.0102,1.0798,0,True,1.64,True,-0.0007465053138921011,0.038653465846770194,-0.9992523966985765,0.92,0.0000,0.05,0.0528,88.7834,1.0000,0.0895,0,127,0,0,0.008430
557,26,38000000,26.038000000,-17.818477756091102,-83.95449950371932,25.675664414564892,0.44643619712296645,0.12063777537629083,0.18046809187922264,0.868085546973405,125,125,122,123,122,0,0.9760,1.0000,3.1694,15.0451,1.4606,0,True,1.64,True,0.7156253080306861,-0.5813246964360744,-0.3872234701299645,0.33,13.0000,0.42,0.3459,88.7583,1.0000,0.7416,0,125,0,0,0.052447
558,26,71000000,26.071000000,-18.146046162681696,-83.04720298025546,25.412013210292898,0.44987938120332616,0.12344616327822282,0.18262342235674237,0.8654584176878226,119,119,119,119,119,0,1.0000,1.0000,4.1178,6.8565,0.9862,0,True,1.64,True,0.09804679575557612,0.3380573276315928,-0.9360043103942686,0.64,10.0000,0.11,0.1104,88.7478,1.0000,0.3111,0,119,0,0,0.012477
559,26,104000000,26.104000000,-18.662161263106796,-82.52244549417225,24.735068024984077,0.45416491900267075,0.1335965602654185,0.1832527226152293,0.8615710214988964,118,118,118,118,118,0,1.0000,1.0000,4.1942,6.9871,1.1287,0,True,1.64,True,-0.20838137591704464,-0.17449894851084904,-0.9623550899431703,1.34,14.0000,0.11,0.1090,88.7362,1.0000,0.3428,0,118,0,0,0.018883
560,26,137000000,26.137000000,-17.673330832942433,-82.65017226795518,24.658254929486322,0.4558269086126769,0.12942998216989507,0.18188377376144618,0.8616194066653826,117,117,116,116,116,0,0.9915,1.0000,4.5078,12.1664,1.2791,0,True,1.64,True,0.8361851495460453,-0.32258033218759935,0.44354968714270987,0.54,5.0000,0.08,0.0866,88.7264,1.0000,0.2926,0,117,0,0,0.030782
561,26,170000000,26.170000000,-17.171142115275146,-81.81466240694014,24.435253216501163,0.45836841417907587,0.12955140508968593,0.18608897962493862,0.8593519197537156,114,114,114,114,114,0,1.0000,1.0000,4.9980,7.7594,1.0799,0,True,1.64,True,0.8253571733905141,0.1492165849698331,-0.544536451583144,0.62,2.0000,0.00,0.0329,88.7225,1.0000,0.1164,0,114,0,0,0.006124
562,26,203000000,26.203000000,-16.694269968170545,-81.0479208497889,24.005485442170524,0.45961202758324987,0.13003328692784955,0.1899791667493857,0.8577622308033634,113,113,100,113,100,0,0.8850,1.0000,4.0821,7.3322,1.4448,0,True,1.64,True,0.7865039150578236,-0.06372487125389731,-0.6142888020975069,0.51,16.0000,0.12,0.1218,88.7075,1.0000,0.4535,0,113,0,0,0.022591
563,26,236000000,26.236000000,-16.694269968170545,-81.0479208497889,24.005485442170524,0.45961202758324987,0.13003328692784955,0.1899791667493857,0.8577622308033634,2000,0,0,0,0,0,0.0000,0.0000,0.0000,0.0000,0.0000,1,True,3.28,True,0.0,0.0,0.0,0.00,14.0000,0.01,0.0429,88.7020,1.0000,0.1667,0,2000,0,0,0.007911
564,26,269000000,26.269000000,-16.11618655929462,-81.68481407730044,23.495400557928406,0.4597777132418519,0.12988316119241566,0.18915397025732542,0.8578785429072401,2000,1998,1988,1988,1988,0,0.9950,0.9990,4.2217,22.8374,2.9401,0,True,3.28,True,0.25781514224108404,-0.8685395503402417,0.4232852488877687,0.10,15.0000,0.01,0.0444,88.6962,1.0000,0.1780,0,1998,0,0,0.008217
565,26,302000000,26.302000000,-15.525362282546114,-81.91972804494941,22.72355724364239,0.4590402007654528,0.13021234057726155,0.18940158908692142,0.8581689102350147,1972,1964,1932,1961,1932,0,0.9837,0.9959,4.1681,12.0927,1.9240,0,True,1.64,True,0.4620665825655823,-0.8867736274051232,-0.011269738902181671,0.10,13.0000,0.01,0.0457,88.6900,1.0000,0.1895,0,1964,0,0,0.008523
566,26,335000000,26.335000000,-14.985330768091037,-82.34881095829871,21.99950350470651,0.4583523396522172,0.13051606804944912,0.1890297363686063,0.8585723309568423,1927,1922,1918,1919,1918,0,0.9979,0.9974,4.1729,12.6385,1.9183,0,True,1.64,True,0.3281086501746792,-0.9346333133394737,0.13713235678215063,0.11,4.0000,0.03,0.0528,88.6825,1.0000,0.2280,0,1922,0,0,0.009983
567,26,368000000,26.368000000,-14.472249982295073,-82.57165302247179,21.170594871815002,0.45616603051850607,0.13083276678148698,0.1890210639198434,0.8596896981655072,1906,1890,1855,1859,1855,0,0.9815,0.9916,3.9979,76.2157,2.2015,0,True,1.64,True,0.4020730147326143,-0.9117378803893071,-0.08409119030576545,0.28,14.0000,0.21,0.2169,88.6459,1.0000,1.1137,0,1890,0,0,0.014911
568,26,401000000,26.401000000,-13.992822603938285,-82.91670548111952,20.363694512623677,0.45492014865367364,0.1311616447424199,0.18927792020854034,0.8602430762400313,1846,1843,1821,1828,1821,0,0.9881,0.9984,4.1490,143.3175,1.8975,0,True,1.64,True,0.31779064901567494,-0.948160699160884,0.0006260710339915983,0.16,2.0000,0.13,0.1454,88.6198,1.0000,0.7960,0,1843,0,0,0.059482
569,26,434000000,26.434000000,-13.609194803483375,-83.13952920703981,19.467491802359355,0.4540435400603743,0.1324272794573314,0.1896710684767084,0.860425688347272,1813,1808,1805,1805,1805,0,0.9983,0.9972,4.2367,10.8501,1.6373,0,True,1.64,True,0.29168837348463045,-0.9397194826653114,-0.17845219716531982,0.18,5.0000,0.00,0.0297,88.6141,1.0000,0.1758,0,1808,0,0,0.006250
570,26,467000000,26.467000000,-13.10262984440298,-83.36793483164116,18.63609369502308,0.45352410687824696,0.1330062880055083,0.1900860806631803,0.8605187352808741,1797,1796,1773,1794,1773,0,0.9872,0.9994,4.1938,13.0537,1.6701,0,True,1.64,True,0.39659975450044127,-0.9135923236301243,-0.08976469759487662,0.10,4.0000,0.00,0.0364,88.6071,1.0000,0.2154,0,1796,0,0,0.007558
571,26,500000000,26.500000000,-12.64951088186315,-83.72011129978353,17.81715844662209,0.453194490457106,0.1336188588969383,0.1905398830714901,0.8604971280170011,1762,1759,1718,1759,1718,0,0.9767,0.9983,4.2288,10.4880,1.5708,0,True,1.64,True,0.29290456754579597,-0.9560369610407282,-0.01415073972692465,0.10,5.0000,0.00,0.0319,88.6010,1.0000,0.1883,0,1759,0,0,0.006516
572,26,533000000,26.533000000,-12.14855388813582,-84.26632981600923,17.145825874071154,0.45169461777311753,0.13312889616454326,0.18991719195382883,0.8614987692859346,1709,1708,1699,1700,1699,0,0.9947,0.9994,3.4359,17.1873,1.6459,0,True,1.64,True,0.23986259415148098,-0.9435746988637143,0.22832591528596352,0.23,15.0000,0.18,0.1804,88.5653,1.0000,1.1146,0,1708,0,0,0.037030
573,26,566000000,26.566000000,-11.70111102527015,-84.66561862856736,16.345598825892647,0.4513131752743217,0.13351955979657326,0.19037134996902955,0.8615379818014456,1690,1675,1648,1673,1648,0,0.9839,0.9911,4.2835,33.9349,1.3885,0,True,1.64,True,0.2668883532072705,-0.9634123839338025,0.024641132386702482,0.08,17.0000,0.00,0.0325,88.5585,1.0000,0.2154,0,1675,0,0,0.006896
574,26,599000000,26.599000000,-11.26309817376503,-85.11424861173558,15.566576438461558,0.45086513549010004,0.13380576295151123,0.19055648769570724,0.8616872242278713,1641,1638,1634,1637,1634,0,0.9976,0.9982,4.2801,9.8252,1.3259,0,True,1.64,True,0.23478020238722738,-0.9696525210835253,0.06820736707552907,0.07,11.0000,0.01,0.0374,88.5503,1.0000,0.2548,0,1638,0,0,0.008052
575,26,632000000,26.632000000,-11.041725694900443,-84.96447423273861,14.602957291185309,0.45015774333248176,0.13669787478050477,0.19073639240391368,0.8615633033974004,1627,1623,1610,1610,1610,0,0.9920,0.9975,4.3086,12.5377,1.3606,0,True,1.64,True,0.3212548328300372,-0.7658645935154633,-0.556997986336341,0.34,10.0000,0.01,0.0363,88.5422,1.0000,0.2551,0,1623,0,0,0.007967
576,26,665000000,26.665000000,-10.927234199916843,-85.8004047736235,14.06619679674453,0.45021938332961664,0.13697504975678915,0.1913251047448489,0.8613565155687843,1600,1599,1481,1599,1481,0,0.9262,0.9994,4.3438,9.4208,1.2871,0,True,1.64,True,-0.24147758367434147,-0.904200775627194,0.3522918306432639,0.08,11.0000,0.00,0.0305,88.5352,1.0000,0.2209,0,1599,0,0,0.006820
577,26,698000000,26.698000000,-10.553124943111731,-86.41865475372786,13.374959336768818,0.4503862570789323,0.1370348198133733,0.19186212745376366,0.8611402914984653,1470,1466,1395,1465,1395,0,0.9516,0.9973,4.6367,10.9874,1.1216,0,True,1.64,True,0.0966810976730731,-0.9718692331827857,0.21476256411542977,0.07,11.0000,0.00,0.0258,88.5291,1.0000,0.1906,0,1466,0,0,0.005834
578,26,731000000,26.731000000,-10.107360188144115,-85.73716086464547,12.794563039079026,0.45246336190683484,0.13705936353044904,0.19421436794851132,0.8595187120028005,1387,1387,651,1380,651,0,0.4694,1.0000,4.7849,9.1592,1.0697,0,True,1.64,True,0.7421940347489522,-0.21816073727054427,-0.6336828130039853,0.40,10.0000,0.00,0.0256,88.5229,1.0000,0.1929,0,1387,0,0,0.005852
579,26,764000000,26.764000000,-10.021001306029138,-84.79552203048509,13.119921993898036,0.4551928968717186,0.1364753632674726,0.1984303131156687,0.8572043587706271,649,649,649,649,649,0,1.0000,1.0000,5.1253,7.8186,0.9619,0,True,1.64,True,0.4882908618793928,0.7373177474664308,-0.46683463183027507,0.64,6.0000,0.00,0.0313,88.5152,1.0000,0.2423,0,649,0,0,0.007284
580,26,797000000,26.797000000,-10.468616292735287,-84.19262842789696,12.45949779110536,0.4599899157515823,0.14063523250708787,0.19875374880167337,0.8538898969549942,644,644,608,644,608,0,0.9441,1.0000,5.0929,8.0833,0.9927,0,True,1.64,True,-0.08046806429971905,-0.14891910527597857,-0.9855698811914143,0.82,2.0000,0.01,0.0382,88.5052,1.0000,0.3081,0,644,0,0,0.009167
581,26,830000000,26.830000000,-10.254696203096698,-84.95017292542397,11.842760789202964,0.45876820974967053,0.14047431039693106,0.19786297817830875,0.8547800534102321,607,607,607,607,607,0,1.0000,1.0000,4.5740,6.7393,1.0983,0,True,1.64,True,-0.13123249945833276,-0.9410107813538514,0.31189219365308357,0.20,6.0000,0.09,0.0933,88.4804,1.0000,0.7720,0,607,0,0,0.022611
582,26,863000000,26.863000000,-10.412233056962304,-84.87797225624375,12.827630934472909,0.46376360642027276,0.1372301270669595,0.19730141828530393,0.8527387407218321,604,604,603,603,603,0,0.9983,1.0000,4.3703,8.4375,1.0871,0,True,1.64,True,-0.16297210496526213,0.8963126048092415,0.4123879332173335,0.72,3.0000,0.12,0.1214,88.4473,1.0000,1.0313,0,604,0,0,0.029618
583,26,896000000,26.896000000,-10.042971560013754,-84.70634637460154,11.914290634463192,0.4630835677354892,0.13717241743591038,0.19830086994118676,0.8528857497746856,602,602,599,599,599,0,0.9950,1.0000,4.1112,76.0932,1.1763,0,True,1.64,True,0.45281802083650213,-0.7646688045249572,-0.45851658573282383,0.14,0.0000,0.22,0.2194,88.3750,1.0000,2.2291,0,602,0,0,0.063122
584,26,929000000,26.929000000,-10.523922015451621,-84.06071577734556,11.321123043220233,0.4685330802245074,0.14012904851222938,0.1978637437702948,0.8495237144421547,599,599,480,599,480,0,0.8013,1.0000,4.9196,9.9311,1.0717,0,True,1.64,True,-0.09476254434146754,-0.08129187978188335,-0.9921752317365412,0.81,10.0000,0.06,0.0690,88.3495,1.0000,0.7812,0,599,0,0,0.017822
585,26,962000000,26.962000000,-11.110540583866065,-83.79110368044961,10.557455594392716,0.47056377122703796,0.15113950889475156,0.19788534424877033,0.8465033825042797,480,480,480,480,480,0,1.0000,1.0000,4.7068,6.7177,1.2322,0,True,1.64,True,-0.35138163639422937,-0.3999630810689456,-0.8464989541557327,1.33,2.0000,0.06,0.0628,88.3270,1.0000,0.6947,0,480,0,0,0.017755
586,26,995000000,26.995000000,-10.565721238508488,-83.13150120848661,10.03967527427187,0.47262962539249825,0.15027836962753074,0.1999417440845462,0.8450212706174135,480,480,417,480,417,0,0.8688,1.0000,4.8240,6.7987,1.2356,0,True,1.64,True,0.8281242778881097,-0.23266843297782333,-0.5099760589164368,0.39,6.0000,0.03,0.0428,88.3115,1.0000,0.4829,0,480,0,0,0.021458
587,27,28000000,27.028000000,-11.064116556129289,-82.47614714358551,9.472125138168254,0.4785398752989715,0.15300708978295458,0.198913934248279,0.8414402325696501,417,417,371,417,371,0,0.8897,1.0000,4.9626,6.8519,1.1914,0,True,1.64,True,-0.08461127312091256,-0.0796583368990885,-0.9932247891707746,0.86,0.0000,0.02,0.0394,88.2968,1.0000,0.4594,0,417,0,0,0.013771
588,27,61000000,27.061000000,-10.92693365710912,-82.16464939721672,8.531832627178416,0.4793306673331552,0.15444160085406933,0.19988977896689827,0.840496269797879,371,371,371,371,371,0,1.0000,1.0000,4.9881,6.6938,1.2232,0,True,1.64,True,0.3329018085967621,-0.6961285882502515,-0.636067114740038,0.24,13.0000,0.00,0.0325,88.2844,1.0000,0.3908,0,371,0,0,0.011905
589,27,94000000,27.094000000,-10.408200963065907,-81.61187955425484,7.879634886579325,0.48107386670788094,0.15359306695190136,0.20212481507380733,0.8391201723748608,371,371,297,371,297,0,0.8005,1.0000,5.1645,6.8409,1.1094,0,True,1.64,True,0.7644554909780603,-0.4086859638300339,-0.49858157334764086,0.37,13.0000,0.00,0.0169,88.2773,1.0000,0.2200,0,371,0,0,0.006781
590,27,127000000,27.127000000,-10.302716979148167,-81.32534942023206,6.9273882738609025,0.4824166554099774,0.15467461071175817,0.20307302913941574,0.8379208078454427,297,297,297,297,297,0,1.0000,1.0000,5.3347,6.9694,0.8631,0,True,1.64,True,0.2916960689705047,-0.717628197951248,-0.6323947919238418,0.26,9.0000,0.00,0.0195,88.2686,1.0000,0.2696,0,297,0,0,0.008388
591,27,160000000,27.160000000,-10.194143375895198,-81.54395096624091,5.9576330796189785,0.4824220534075271,0.15516005689500895,0.20354422551665408,0.8377135950843988,297,297,297,297,297,0,1.0000,1.0000,5.4121,7.2897,0.9501,0,True,1.64,True,0.048771202353637716,-0.9644928638556088,-0.25956672628167593,0.08,2.0000,0.00,0.0278,88.2536,1.0000,0.4606,0,297,0,0,0.011269
592,27,193000000,27.193000000,-10.114314199453963,-81.91731115080181,5.033387725195513,0.48132113046426483,0.15583382487662856,0.2030166346886995,0.8383495896298856,297,297,297,297,297,0,1.0000,1.0000,5.6437,7.8298,1.0165,0,True,1.64,True,-0.05509268288543976,-0.9893234020159717,-0.13492220912817918,0.18,13.0000,0.07,0.0529,88.2156,1.0000,1.1404,0,297,0,0,0.026546
593,27,226000000,27.226000000,-10.074830680699494,-82.24157972432161,4.088247024572487,0.48082841585506353,0.15661762660854173,0.20299011662153474,0.8384926750400347,297,297,297,297,297,0,1.0000,1.0000,5.8879,8.1367,1.0728,0,True,1.64,True,-0.06247203772183369,-0.9773692674764424,-0.20210531783068986,0.11,16.0000,0.02,0.0257,88.1972,1.0000,0.5345,0,297,0,0,0.020769
594,27,259000000,27.259000000,-10.202332533618746,-82.23600035232838,3.0964243851301827,0.4806838789177827,0.15974640039878993,0.20272943970913013,0.8380482506296436,297,297,297,297,297,0,1.0000,1.0000,6.0478,8.5205,1.1089,0,True,1.64,True,-0.04111265413815316,-0.8360727234433949,-0.5470760009209518,0.36,12.0000,0.04,0.0296,88.1794,1.0000,0.5075,0,297,0,0,0.019801
595,27,292000000,27.292000000,-10.18743635224654,-81.68942330629814,3.9337007054291426,0.4834673684198856,0.1581851597687718,0.2049761100509412,0.8361946861888463,297,297,87,297,87,0,0.2929,1.0000,6.1427,8.7337,1.0523,0,True,1.64,True,0.22157776425862474,0.9750958600843388,0.009558139595811567,0.50,10.0000,0.05,0.0318,88.1640,1.0000,0.4347,0,297,0,0,0.018288
596,27,325000000,27.325000000,-10.18743635224654,-81.68942330629814,3.9337007054291426,0.4834673684198856,0.1581851597687718,0.2049761100509412,0.8361946861888463,2000,0,0,0,0,0,0.0000,0.0000,0.0000,0.0000,0.0000,1,True,3.28,True,0.0,0.0,0.0,0.00,10.0000,0.05,0.0355,88.1489,1.0000,0.4169,0,2000,0,0,0.014769
597,27,358000000,27.358000000,-10.171425393234365,-82.2739011914178,3.122449048421564,0.48395372685020316,0.15779589347904116,0.2051500037138547,0.8359442100075551,2000,1930,1718,1870,1718,0,0.8902,0.9650,8.8748,319.0521,3.0765,0,True,3.28,True,-0.2220678553211505,-0.9737134023262506,0.05067620509964937,0.08,9.0000,0.05,0.0402,88.1332,1.0000,0.4362,0,1930,0,0,0.015721
598,27,391000000,27.391000000,-10.238508506477261,-82.63494573863127,2.192316428390931,0.4839571301133115,0.15855875827611746,0.20530777239687564,0.8357591369406951,1713,1710,1709,1710,1709,0,0.9994,0.9982,4.7902,10.3103,1.5347,0,True,3.28,True,-0.17638075403447692,-0.9615759549747724,-0.2103842019272917,0.09,13.0000,0.04,0.0377,88.1187,1.0000,0.4035,0,1710,0,0,0.015829
599,27,424000000,27.424000000,-10.210497661434244,-83.41474451216219,1.5669131462124266,0.4846647881658506,0.15759110182839142,0.20497955353938174,0.835612631766335,1705,1705,1701,1705,1701,0,0.9977,1.0000,4.9091,10.6175,1.5690,0,True,3.28,True,-0.3215709723662129,-0.9007268159691799,0.2920330678629924,0.14,3.0000,0.05,0.0502,88.1002,1.0000,0.5154,0,1705,0,0,0.029565
600,27,457000000,27.457000000,-10.144274590258735,-83.83799181756072,0.6633224073726884,0.48494979894329177,0.15746384765852237,0.20472481588241923,0.8355337090431146,1698,1697,1696,1697,1696,0,0.9994,0.9994,4.6447,19.4151,1.3794,0,True,3.28,True,-0.09383403845436261,-0.991680047162722,-0.08812410162201237,0.05,7.0000,0.01,0.0277,88.0914,1.0000,0.2446,0,1697,0,0,0.010108
601,27,490000000,27.490000000,-10.166975526033237,-84.43053562353887,-0.1418958894337593,0.4854546394369027,0.15702417239589342,0.20457208034992935,0.8353606803494367,1694,1694,1690,1694,1690,0,0.9976,1.0000,4.6642,10.5125,1.3824,0,True,3.28,True,-0.2608894942358757,-0.9643214990092722,0.04495240089093513,0.08,3.0000,0.01,0.0274,88.0836,1.0000,0.2152,0,1694,0,0,0.009006
602,27,523000000,27.523000000,-10.216086100238384,-84.86578475310792,-1.040865492207184,0.4859839406234717,0.15692565100781466,0.20448956923516864,0.835091591135889,1686,1686,1684,1686,1684,0,0.9988,1.0000,4.6301,10.4992,1.3764,0,True,3.28,True,-0.2004106376809567,-0.9712465917221889,-0.1285131680892819,0.07,2.0000,0.00,0.0221,88.0779,1.0000,0.1570,0,1686,0,0,0.006639
603,27,556000000,27.556000000,-10.339802474261047,-85.59411377625685,-1.714832177465134,0.48761043989605535,0.15604090097029166,0.20446379681553192,0.8343151993824227,1684,1684,1677,1684,1677,0,0.9958,1.0000,6.2742,13.0686,1.5770,0,True,3.28,True,-0.4244288108628421,-0.8903014268413801,0.16499561774106822,0.23,0.0000,0.22,0.1709,88.0412,1.0000,0.9930,0,1684,0,0,0.043500
604,27,589000000,27.589000000,-10.406810274608286,-86.43071628749365,-2.2585289614218493,0.48826118817649117,0.15483363758850718,0.2037584527883918,0.8343320979735063,1671,1671,1669,1669,1669,0,0.9988,1.0000,4.8756,154.8156,1.5450,0,True,3.28,True,-0.4377258704638705,-0.8332284311612204,0.3378260555837256,0.18,5.0000,0.02,0.0348,88.0349,1.0000,0.1703,0,1671,0,0,0.007748
605,27,622000000,27.622000000,-10.375316179614622,-87.30860188897913,-2.7363626068310065,0.49004978918430503,0.15324132968993676,0.20231369940974137,0.8339289334388292,1668,1668,1668,1668,1668,0,1.0000,1.0000,5.7069,12.2427,1.5206,0,True,3.28,True,-0.3754722013116756,-0.8118246547348205,0.44717038811492654,0.32,11.0000,0.15,0.1253,88.0138,1.0000,0.5648,0,1668,0,0,0.019310
606,27,655000000,27.655000000,-10.550783326858976,-87.69906873142406,-3.64010312555803,0.49095617779739537,0.153472410045423,0.20215032226015797,0.8333927633760304,1662,1662,1662,1662,1662,0,1.0000,1.0000,5.1502,11.4802,1.6248,0,True,3.28,True,-0.29148069241820385,-0.932802363035208,-0.21194045735379632,0.12,12.0000,0.08,0.0748,88.0022,1.0000,0.3119,0,1662,0,0,0.014566
607,27,688000000,27.688000000,-10.704317327823906,-88.12589431736555,-4.531308617985781,0.49229347611377944,0.15286700728062952,0.20207303910191945,0.8327336298775196,1654,1654,1354,1653,1354,0,0.8186,1.0000,5.3209,11.7067,1.5687,0,True,3.28,True,-0.2908128767941248,-0.9421725731887566,-0.16654943116565196,0.18,4.0000,0.11,0.1020,87.9869,1.0000,0.4157,0,1654,0,0,0.028440
608,27,721000000,27.721000000,-10.981123271692045,-88.86170523988696,-5.149338354921993,0.49324053205348606,0.15192069555267734,0.20230372197070087,0.8322902641982459,1352,1351,1247,1351,1247,0,0.9230,0.9993,5.5007,11.1100,1.3354,0,True,3.28,True,-0.5652598028257143,-0.8124760252037647,0.14270271118141348,0.16,16.0000,0.06,0.0667,87.9774,1.0000,0.2666,0,1351,0,0,0.009824
609,27,754000000,27.754000000,-10.509538615872799,-89.55456024879078,-4.603847888430876,0.5012645222917179,0.15130794970544345,0.19935286795471513,0.8283104593603902,1247,1247,908,1246,908,0,0.7281,1.0000,5.9087,11.1827,1.2199,0,True,3.28,True,0.044976913212670784,0.09424927829389895,0.9945321265896537,1.08,11.0000,0.08,0.0947,87.9648,1.0000,0.3586,0,1247,0,0,0.013099
610,27,787000000,27.787000000,-10.636133577835572,-90.05344844657417,-5.461218451092128,0.5017477994102933,0.1510474683261121,0.19867503350669855,0.8282282530560717,907,907,907,907,907,0,1.0000,1.0000,5.1674,8.3768,1.2756,0,True,3.28,True,-0.3076149022978593,-0.9496105535332843,-0.060107141859248814,0.10,5.0000,0.07,0.0816,87.9547,1.0000,0.2913,0,907,0,0,0.027709
611,27,820000000,27.820000000,-10.892754092150147,-90.82531663987207,-6.042910297182429,0.5028405731510287,0.14977760662561257,0.19876385138180833,0.8277747023982543,907,907,894,907,894,0,0.9857,1.0000,4.7174,7.9209,1.2085,0,True,3.28,True,-0.5660979139424059,-0.7951117917394316,0.2175554882483252,0.20,16.0000,0.01,0.0457,87.9495,1.0000,0.1543,0,907,0,0,0.009481
612,27,853000000,27.853000000,-10.548169033161123,-91.61273381371652,-5.531798439115801,0.5098217539266566,0.14890370878709935,0.1963921840123044,0.8242205862458614,893,893,893,893,893,0,1.0000,1.0000,5.0785,8.1464,1.3020,0,True,3.28,True,-0.10038979174848377,0.06742971289622517,0.9926606285792888,0.94,16.0000,0.13,0.1354,87.9359,1.0000,0.4252,0,893,0,0,0.020262
613,27,886000000,27.886000000,-11.285063881768703,-91.39829882837049,-6.172894078747857,0.508049383479041,0.158482102149079,0.200227640301572,0.8226044853416734,893,893,893,893,893,0,1.0000,1.0000,4.4976,7.6085,1.2768,0,True,3.28,True,-0.5164115543759515,-0.36317607022620235,-0.775514183314571,1.21,2.0000,0.08,0.0806,87.9291,1.0000,0.2245,0,893,0,0,0.025598
614,27,919000000,27.919000000,-10.698586706240725,-92.09911033178798,-5.766805714887968,0.5166670722486921,0.15488445199413567,0.1943443988107025,0.8193266733332607,893,893,893,893,893,0,1.0000,1.0000,4.3830,7.4677,1.2646,0,True,3.28,True,0.14301587169468716,-0.016392509580436403,0.9895846331027296,1.32,11.0000,0.08,0.0783,87.9240,1.0000,0.1801,0,893,0,0,0.010732
615,27,952000000,27.952000000,-10.669929441706179,-92.84619320213025,-5.1026928133188605,0.5212802140591843,0.1535198905591322,0.1938496687317603,0.8167746859236701,893,893,746,893,746,0,0.8354,1.0000,4.5732,7.6017,1.2472,0,True,3.28,True,-0.3675535971652547,0.30591569390908063,0.878248223130003,0.63,5.0000,0.14,0.1230,87.9175,1.0000,0.2342,0,893,0,0,0.028114
616,27,985000000,27.985000000,-10.17794295031396,-93.61184327337698,-4.688290520024744,0.529234520313119,0.15131519420252346,0.18928957644497635,0.8131322098906653,746,746,746,746,746,0,1.0000,1.0000,4.1715,6.3776,1.2773,0,True,3.28,True,0.04664813438091254,0.008491815292420157,0.998875287827174,1.16,13.0000,0.10,0.0974,87.9139,1.0000,0.1437,0,746,0,0,0.013109
617,28,18000000,28.018000000,-9.870785086255196,-94.40824787363628,-4.16733585862642,0.5355830686637636,0.15055946711199905,0.18706610296328205,0.8096226877662136,746,746,746,746,746,0,1.0000,1.0000,4.1254,6.3295,1.2753,0,True,3.28,True,-0.12545295178932517,0.13965204863195238,0.9822213916425584,0.87,5.0000,0.10,0.1012,87.9110,1.0000,0.1246,0,746,0,0,0.022474
618,28,51000000,28.051000000,-10.39135191090093,-94.52051107466619,-5.013744243965764,0.5365074088087003,0.15238076324839098,0.18680348512459846,0.8087300917058273,746,746,746,746,746,0,1.0000,1.0000,4.1296,6.2564,1.2735,0,True,3.28,True,-0.4758976045310291,-0.7479892008227887,-0.46263768270009553,0.26,6.0000,0.12,0.1101,87.9093,1.0000,0.0982,0,746,0,0,0.019016
619,28,84000000,28.084000000,-9.983786897366949,-95.33801171566621,-4.606824765803843,0.5439139756400658,0.1513577148326323,0.18315315930985152,0.8048001922830793,746,746,746,746,746,0,1.0000,1.0000,4.0722,6.1568,1.2687,0,True,3.28,True,-0.039208328704861496,0.0299502059112009,0.9987821044282122,1.05,17.0000,0.10,0.0984,87.9087,1.0000,0.0571,0,746,0,0,0.012062
620,28,117000000,28.117000000,-9.65623080710803,-96.16143676211625,-4.143490976173707,0.5504375971079829,0.1495429285693493,0.1804242324125826,0.801312960436322,746,746,746,746,746,0,1.0000,1.0000,4.1490,6.2089,1.2830,0,True,3.28,True,-0.10831982856684116,0.10772475143182071,0.9882622084589711,0.93,2.0000,0.12,0.1173,87.9089,1.0000,0.0450,0,746,0,0,0.023607
621,28,150000000,28.150000000,-9.573185920319611,-96.59204761316315,-5.0421999622971105,0.5477313571942222,0.15106469764082225,0.17422572654002746,0.8042482288973113,745,745,745,745,745,0,1.0000,1.0000,4.2478,6.2661,1.2950,0,True,3.28,True,-0.08459881910904227,-0.9932709973165825,0.07909339855561245,0.86,5.0000,0.13,0.1282,87.9105,1.0000,0.0100,0,745,0,0,0.020433
622,28,183000000,28.183000000,-10.163805912323756,-97.39755921301047,-5.090356867891506,0.5497110099915983,0.14799899879630066,0.1752784741283482,0.8032381703807081,745,745,595,744,595,0,0.7987,1.0000,4.2978,6.2674,1.3757,0,True,3.28,True,-0.8843354357300703,-0.25047242135965847,0.3939725920039824,0.45,13.0000,0.10,0.1156,87.9127,1.0000,0.0187,0,745,0,0,0.012116
623,28,216000000,28.216000000,-9.786096504108954,-98.17379157781752,-4.58558076032297,0.5572541633453121,0.14495934236302158,0.1719954463586118,0.7992947847495931,595,595,595,595,595,0,1.0000,1.0000,4.4266,6.3570,1.3378,0,True,3.28,True,-0.02966200402975438,0.16764864645462804,0.9854004753697199,1.10,2.0000,0.10,0.1218,87.9157,1.0000,0.0385,0,595,0,0,0.023752
624,28,249000000,28.249000000,-10.32541264865218,-99.00271772318179,-4.733970590724373,0.5599896627824529,0.1426421008587848,0.17245200986748474,0.7976998890134384,595,595,545,595,545,0,0.9160,1.0000,4.7886,6.6673,1.3263,0,True,1.64,True,-0.840633825200254,-0.3435004697580282,0.41873881979726046,0.45,2.0000,0.15,0.1639,87.9209,1.0000,0.0895,0,595,0,0,0.017797
625,28,282000000,28.282000000,-9.722255165990955,-99.77311313109861,-4.527350246686247,0.5707195699836647,0.1369534575400779,0.1618291090186619,0.7933059071882075,545,545,545,545,545,0,1.0000,1.0000,4.4966,6.3249,1.3485,0,True,1.64,True,0.20058954819444813,-0.11622568936369244,0.9727566099940324,1.92,8.0000,0.10,0.1185,87.9255,1.0000,0.0888,0,545,0,0,0.020896
626,28,315000000,28.315000000,-10.1147050212889,-100.26880577320892,-5.302122416833256,0.5723890737929369,0.1361882220268481,0.16109499047282427,0.7923836952059213,545,545,536,545,536,0,0.9835,1.0000,4.4739,6.2594,1.3463,0,True,1.64,True,-0.5366979671401517,-0.8433055896586513,0.028124269201227632,0.25,3.0000,0.11,0.1254,87.9311,1.0000,0.1118,0,545,0,0,0.021171
627,28,348000000,28.348000000,-10.483264185868128,-100.99491565261555,-5.882577914897278,0.5730946485193806,0.1349619756933819,0.15996343515661887,0.79231274656431,536,536,536,536,536,0,1.0000,1.0000,3.7426,5.5377,1.2675,0,True,1.64,True,-0.6161057945455871,-0.7280034051148162,0.30070698706312676,0.21,3.0000,0.01,0.0498,87.9336,1.0000,0.0523,0,536,0,0,0.007561
628,28,381000000,28.381000000,-11.195646584587424,-101.61630951496886,-5.556416933440945,0.5767124452031562,0.13094458972425177,0.16340988258500697,0.7896540256614273,536,536,536,536,536,0,1.0000,1.0000,4.0721,5.7913,1.2898,0,True,1.64,True,-0.9135633286282683,0.1992443296585019,0.354547234772143,0.80,2.0000,0.09,0.1079,87.9398,1.0000,0.1278,0,536,0,0,0.016822
629,28,414000000,28.414000000,-11.582569342776274,-102.34471416154113,-6.121852562003065,0.5775960409354638,0.1299371546874184,0.16232753988717058,0.7893978205705885,536,536,525,536,525,0,0.9795,1.0000,3.5619,5.3141,1.2951,0,True,1.64,True,-0.6406280587938018,-0.702757368333166,0.30939904902815685,0.20,2.0000,0.03,0.0536,87.9431,1.0000,0.0694,0,536,0,0,0.008445
630,28,447000000,28.447000000,-12.08858456790683,-102.83515924655728,-6.831368037887529,0.580614445840259,0.13037132516871197,0.1611857999629968,0.7873432039115164,525,525,494,525,494,0,0.9410,1.0000,5.0441,6.5649,1.2899,0,True,1.64,True,-0.6490654166882526,-0.760570306925095,0.01571283179990262,0.44,1.0000,0.28,0.2945,87.9638,1.0000,0.4390,0,525,0,0,0.047312
631,28,480000000,28.480000000,-12.597464172602617,-103.60429405219018,-7.217985676761753,0.5827608302892326,0.1295128336673941,0.160975326037266,0.7859409551634539,494,494,399,494,399,0,0.8077,1.0000,3.8518,5.4154,1.2884,0,True,1.64,True,-0.7697927729823383,-0.5282035115632917,0.3583575547360061,0.31,12.0000,0.11,0.1239,87.9735,1.0000,0.2049,0,494,0,0,0.014639
632,28,513000000,28.513000000,-12.53669567879176,-104.39788339426117,-6.612574125574226,0.5889532756231927,0.12577398256936506,0.15983733966804872,0.782155335780044,399,399,399,399,399,0,1.0000,1.0000,4.0001,5.3651,1.3395,0,True,1.64,True,-0.2746786304362261,0.36017741486707555,0.8915289562326898,0.94,16.0000,0.12,0.1296,87.9839,1.0000,0.2162,0,399,0,0,0.013721
633,28,546000000,28.546000000,-13.004676232530326,-105.15205341504718,-7.073249478800511,0.5907289859042182,0.12449930647260128,0.15900609436681004,0.781188997525329,399,399,382,399,382,0,0.9574,1.0000,3.9509,5.2869,1.3527,0,True,1.64,True,-0.7256572208280689,-0.5877080299719264,0.3578000410377291,0.29,13.0000,0.11,0.1195,87.9934,1.0000,0.1969,0,399,0,0,0.020046
634,28,579000000,28.579000000,-12.367581155679904,-105.92279782124942,-7.065317054147354,0.6022492646689077,0.11782898427903651,0.14189832251897863,0.7767090959528093,382,382,382,382,382,0,1.0000,1.0000,3.8937,5.2200,1.4009,0,True,1.64,True,0.2802334288615231,-0.25077799677288276,0.9265957164174101,2.54,14.0000,0.09,0.1057,88.0018,1.0000,0.1701,0,382,0,0,0.019033
635,28,612000000,28.612000000,-11.82140917558475,-106.75914960911342,-7.018286690597876,0.6122770719939375,0.11242051987816698,0.12991484503617695,0.7717516095610552,382,382,382,382,382,0,1.0000,1.0000,4.1104,5.4072,1.3715,0,True,1.64,True,0.20538770120319355,-0.19327933268801836,0.9594055408168863,1.98,3.0000,0.13,0.1469,88.0136,1.0000,0.2330,0,382,0,0,0.031883
636,28,645000000,28.645000000,-11.508744004140468,-107.68867423179104,-6.822775907259125,0.6197027131142565,0.110067198742642,0.12537609129215707,0.7668993381481549,382,382,382,382,382,0,1.0000,1.0000,3.9604,5.2519,1.3281,0,True,1.64,True,-0.022969165785389923,-0.030396601146993156,0.9992739684700257,1.17,3.0000,0.13,0.1443,88.0252,1.0000,0.2245,0,382,0,0,0.014950
637,28,678000000,28.678000000,-12.332313939091332,-107.31930516239032,-7.253239672069884,0.6203529020307132,0.11548592661864313,0.12919299123576208,0.7649408138612176,382,382,382,382,382,0,1.0000,1.0000,3.2203,4.5634,1.2581,0,True,1.64,True,-0.650523933991453,-0.3009538283046122,-0.6973129889318581,0.80,6.0000,0.02,0.0452,88.0288,1.0000,0.0685,0,382,0,0,0.013933
638,28,711000000,28.711000000,-13.198770985088203,-107.06171483743215,-7.6809070801457136,0.6207391040298312,0.1196523983589594,0.13282737266989994,0.7633630573749313,382,382,382,382,382,0,1.0000,1.0000,3.2752,4.5062,1.3438,0,True,1.64,True,-0.71959091746167,-0.32081006242141163,-0.6158488575582828,0.66,4.0000,0.06,0.0647,88.0340,1.0000,0.0967,0,382,0,0,0.011595
639,28,744000000,28.744000000,-14.104147554107028,-106.69502940527093,-7.894998327310123,0.6204483124046887,0.12639990647762772,0.1413628485300567,0.7609753611859513,382,382,382,382,382,0,1.0000,1.0000,3.5334,4.7007,1.3086,0,True,1.64,True,-0.7148698473284262,-0.08942061787538358,-0.6935164413908421,1.28,0.0000,0.11,0.1117,88.0428,1.0000,0.1603,0,382,0,0,0.017879
640,28,777000000,28.777000000,-14.741019823366646,-107.43933922985372,-8.095987375961132,0.6234376138777166,0.12430009790585977,0.14117587467011902,0.7589100076255286,382,382,367,382,367,0,0.9607,1.0000,4.5338,5.5726,1.2669,0,True,1.64,True,-0.8645402504198538,-0.30135535584731094,0.4021878975132359,0.48,0.0000,0.29,0.2839,88.0642,1.0000,0.3605,0,382,0,0,0.044800
641,28,810000000,28.810000000,-15.421901322574945,-107.8206099743279,-7.470661058392487,0.63158908368888,0.11364033786270687,0.15470975145856572,0.7511630953255887,367,367,367,367,367,0,1.0000,1.0000,3.5602,4.7719,1.2234,0,True,1.64,True,-0.781393119968963,0.5843507544213354,0.21899540605315485,2.36,15.0000,0.10,0.1148,88.0723,1.0000,0.1252,0,367,0,0,0.014419
642,28,843000000,28.843000000,-15.74935632574505,-108.38129256485169,-8.231192618278321,0.6322282491927628,0.11226650468433073,0.15320967313283967,0.7511394470450515,367,367,367,367,367,0,1.0000,1.0000,3.4515,4.6014,1.3001,0,True,1.64,True,-0.5329092942979596,-0.8057963498710341,0.2582632892715657,0.24,2.0000,0.08,0.0923,88.0788,1.0000,0.0940,0,367,0,0,0.017344
643,28,876000000,28.876000000,-16.358544368507065,-108.25456549802253,-9.01402732566465,0.6333913792351283,0.11412986304199264,0.15347973355078998,0.7498224499585328,367,367,367,367,367,0,1.0000,1.0000,3.7071,4.8406,1.2392,0,True,1.64,True,-0.5377018116021671,-0.6972493557975237,-0.4740465142153099,0.30,3.0000,0.11,0.1268,88.0873,1.0000,0.1151,0,367,0,0,0.018844
644,28,909000000,28.909000000,-15.93491138113633,-109.12478125409206,-8.762512654323876,0.6442733964973821,0.10963469338739755,0.14623961994705426,0.742634498343108,367,367,367,367,367,0,1.0000,1.0000,4.0418,5.1183,1.1367,0,True,1.64,True,0.07238452204453547,0.08047430032416963,0.994124925729015,1.79,3.0000,0.16,0.1750,88.0985,1.0000,0.1366,0,367,0,0,0.028529
645,28,942000000,28.942000000,-16.290485653383893,-109.68860610108058,-9.507944394212892,0.6453162311998818,0.10855918234257611,0.14444814032179656,0.742237563342537,367,367,367,367,367,0,1.0000,1.0000,3.6614,4.7525,1.1386,0,True,1.64,True,-0.5530174226771689,-0.7818549508497359,0.2878794297049696,0.27,16.0000,0.10,0.1220,88.1059,1.0000,0.0767,0,367,0,0,0.013485
646,28,975000000,28.975000000,-17.027647821560375,-109.06397555471311,-9.765681893141537,0.6329081553674887,0.11868194294511589,0.164045876663252,0.7472822851091014,367,367,367,367,367,0,1.0000,1.0000,3.8134,4.8534,1.1269,0,True,1.64,True,-0.4740832209327347,-0.12186797187472741,-0.8720053308674118,2.96,0.0000,0.13,0.1455,88.1144,1.0000,0.0778,0,367,0,0,0.027018
647,29,8000000,29.008000000,-17.00359928220649,-109.98749188645698,-9.382877435543033,0.6379598286626331,0.11541221612738713,0.1628558145678531,0.7437508057425888,367,367,367,367,367,0,1.0000,1.0000,3.2150,4.2879,1.1133,0,True,1.64,True,-0.3314987423374185,0.2407858820253236,0.9122120054274646,0.81,7.0000,0.03,0.0551,88.1175,1.0000,0.0230,0,367,0,0,0.008153
648,29,41000000,29.041000000,-17.063957326265392,-110.34239068327469,-10.315831748751728,0.6381404504594044,0.11511672365584978,0.15999662337005138,0.7442620411739358,367,367,367,367,367,0,1.0000,1.0000,3.4351,4.4951,1.1907,0,True,1.64,True,-0.2274770481360685,-0.961870515821174,0.15185290041750735,0.34,0.0000,0.06,0.0746,88.1216,1.0000,0.0271,0,367,0,0,0.010996
649,29,74000000,29.074000000,-17.453179739824048,-111.08668842709926,-9.773128532139545,0.645289887789706,0.10746849518263034,0.16224086626316328,0.7387349894066938,367,367,367,367,367,0,1.0000,1.0000,4.6999,5.6150,1.1110,0,True,1.64,True,-0.6277675109781337,0.47100935157587126,0.6197242474588164,1.38,4.0000,0.21,0.2308,88.1333,1.0000,0.0497,0,367,0,0,0.033731
650,29,107000000,29.107000000,-17.67324044787502,-111.60935971855223,-10.596771662301496,0.6473226548933264,0.10714848648799048,0.160034567378698,0.737483233402022,367,367,367,367,367,0,1.0000,1.0000,4.5871,5.5626,1.0387,0,True,1.64,True,-0.4428518964073331,-0.8516279953216639,0.28037823637513787,0.37,1.0000,0.18,0.2000,88.1426,1.0000,0.0038,0,367,0,0,0.028676
651,29,140000000,29.140000000,-17.138885056226155,-111.41864391179372,-11.420234956242536,0.6414723791586483,0.11776741218972495,0.14171469572064624,0.744688504288527,367,367,367,367,367,0,1.0000,1.0000,4.4246,5.4089,0.9991,0,True,1.64,True,0.5257172852159921,-0.8453561567749271,-0.09483830569897418,2.65,14.0000,0.16,0.1701,88.1499,1.0000,0.0242,0,367,0,0,0.011384
652,29,173000000,29.173000000,-16.69211216536362,-111.43254213599113,-12.314774403865993,0.6395528114570294,0.12220712797052094,0.13055620001841078,0.7476581423801647,367,367,367,367,367,0,1.0000,1.0000,4.3007,5.3011,0.9591,0,True,1.64,True,0.4056658766992605,-0.9131948637236194,0.03886305894575016,1.43,4.0000,0.13,0.1396,88.1556,1.0000,0.0317,0,367,0,0,0.031886
653,29,206000000,29.206000000,-17.046054088872726,-111.68707415132432,-13.214740274303908,0.6400853047683686,0.1216045592419686,0.12923457871460017,0.7475303053760505,367,367,367,367,367,0,1.0000,1.0000,4.4594,5.4106,1.0039,0,True,1.64,True,-0.40661369936152375,-0.9132483542266548,-0.025352376492998135,0.18,5.0000,0.15,0.1285,88.1604,1.0000,0.0438,0,367,0,0,0.017185
654,29,239000000,29.239000000,-17.477362083976637,-112.58861726255368,-13.18019418980312,0.6443191175390752,0.11970848777249671,0.12946960856130588,0.7441507731554617,367,366,365,366,365,0,0.9973,0.9973,5.3470,6.2528,0.8948,0,True,1.64,True,-0.7192478495718043,-0.0823516141971664,0.6898555954150523,0.66,10.0000,0.25,0.1787,88.1663,1.0000,0.0748,0,366,0,0,0.021872
655,29,272000000,29.272000000,-18.47083517357001,-112.59694699613419,-13.293956379445632,0.647433912231832,0.12044754835760142,0.13648349908267104,0.740063491779576,365,365,365,365,365,0,1.0000,1.0000,6.2168,7.0305,0.8684,0,True,1.64,True,-0.9332958586801787,-0.07557384460363398,-0.35106613932741226,1.00,1.0000,0.34,0.2173,88.1726,1.0000,0.0996,0,365,0,0,0.022968
656,29,305000000,29.305000000,-18.864554195687024,-113.07778613715391,-14.077396901812604,0.6499125833273733,0.11888200484136942,0.13591691822377128,0.7382460933172552,365,365,365,365,365,0,1.0000,1.0000,6.2399,6.9626,0.9924,0,True,1.64,True,-0.5385421251828669,-0.8182043969750287,0.20128075957291852,0.40,2.0000,0.33,0.1899,88.1775,1.0000,0.0889,0,365,0,0,0.017254
657,29,338000000,29.338000000,-19.368532735297578,-113.5023305811566,-13.325221625245735,0.6616094114293288,0.10240644567871275,0.14968341611161184,0.7275855836482386,362,362,362,362,362,0,1.0000,1.0000,7.0625,8.4661,0.9761,0,True,0.00,True,-0.6210561311848147,0.7191334662237467,0.3116670333461172,3.06,14.0000,0.44,0.2342,88.1834,1.0000,0.1089,0,362,0,0,0.011204
658,29,371000000,29.371000000,-19.831305764923645,-113.87562870946586,-14.129267414023644,0.6649406504997278,0.10010277932423219,0.1506403282051019,0.7246660309430972,361,359,282,359,282,0,0.7855,0.9945,8.3014,10.1168,0.9369,0,True,0.00,True,-0.6036583254597707,-0.7904236396124068,0.10405333269521738,0.58,13.0000,0.62,0.3089,88.1912,1.0000,0.1401,0,359,0,0,0.015134
659,29,404000000,29.404000000,-19.39507520992163,-114.77084774072183,-14.220293723186064,0.6760794696180866,0.0961720365532647,0.14406938206175646,0.7161784018653926,281,280,280,280,280,0,1.0000,0.9964,8.2933,9.5504,0.9789,0,True,0.00,True,0.08803320075973065,-0.19059164265185813,0.9777141613555893,1.83,1.0000,0.60,0.2951,88.1991,1.0000,0.1321,0,280,0,0,0.034610
660,29,437000000,29.437000000,-19.937309839415832,-115.3051464620691,-14.868758435367024,0.6798401000249941,0.09332242460886046,0.14514516994520185,0.7127701193966455,280,280,279,280,279,0,0.9964,1.0000,8.7332,10.5576,0.9294,0,True,0.00,True,-0.7264286698100288,-0.6282323328887387,0.27861357395361286,0.68,1.0000,0.66,0.3153,88.2081,1.0000,0.1382,0,280,0,0,0.019535
661,29,470000000,29.470000000,-20.59893236568399,-115.75291841476825,-14.26729695604309,0.6909057842951616,0.07475930481736177,0.16286028988085474,0.70038330187879,279,279,279,279,279,0,1.0000,1.0000,7.1725,8.5371,0.8485,0,True,0.00,True,-0.7330034412244454,0.637137445656937,0.23824741445580216,3.50,30.0000,0.39,0.1888,88.2138,1.0000,0.0813,0,279,0,0,0.011235
662,29,503000000,29.503000000,-21.573193126103522,-115.80399630134023,-14.047735984533858,0.6942165810838619,0.06937898054956465,0.1739937526274285,0.6949647974198132,278,277,277,277,277,0,1.0000,0.9964,9.3571,12.0946,0.8673,0,True,0.00,True,-0.902199884860751,0.33984590181714774,-0.2655939208177341,1.59,0.0000,0.73,0.3437,88.2249,1.0000,0.1454,0,277,0,0,0.019920
663,29,536000000,29.536000000,-20.94349135513056,-116.56058987521166,-14.22392294094652,0.7186744960196213,0.06115236004922594,0.13966848867468443,0.678424698034117,273,271,271,271,271,0,1.0000,0.9927,8.3023,10.3211,0.8717,0,True,0.00,True,0.304084680079632,-0.24741039828352182,0.9199568479891091,5.27,0.0000,0.56,0.2645,88.2341,1.0000,0.1094,0,271,0,0,0.014959
664,29,569000000,29.569000000,-20.680200873698436,-115.64713084476266,-13.913647704940816,0.723715208085945,0.06361216602129025,0.14176358943366102,0.6723785203515068,270,270,173,270,173,0,0.6407,1.0000,6.2811,7.0850,0.7875,0,True,0.00,True,0.5409920178804316,0.21533673998731717,-0.8129930657768818,0.98,2.0000,0.22,0.1104,88.2382,1.0000,0.0449,0,270,0,0,0.006170
665,29,602000000,29.602000000,-21.271036115933754,-116.05616401697026,-14.609065263366332,0.7284695821989571,0.05871280005187542,0.14519271289720662,0.6669362421120139,173,173,149,173,149,0,0.8613,1.0000,14.5357,16.1571,0.8979,0,True,0.00,True,-0.7611508905508759,-0.5952218266957284,0.25760492782283617,1.07,4.0000,1.51,0.7166,88.2675,1.0000,0.2776,0,173,0,0,0.039698
666,29,635000000,29.635000000,-21.898610086896802,-116.41154289580706,-15.301782206602423,0.7322137266959942,0.0574011270365194,0.146490402445823,0.6626527982617763,149,149,147,149,147,0,0.9866,1.0000,7.2540,8.1252,0.7643,0,True,0.00,True,-0.7882975626001731,-0.5802744387926306,0.20461800625195098,0.69,0.0000,0.44,0.2058,88.2770,1.0000,0.0746,0,149,0,0,0.011419
667,29,668000000,29.668000000,-22.541792606756356,-116.69833332526505,-16.011759315894263,0.7352496232710506,0.0551299178323671,0.14775864515945278,0.659193496949278,147,147,145,147,145,0,0.9864,1.0000,7.7855,8.6975,0.7807,0,True,0.00,True,-0.789422468210898,-0.5970659335722234,0.14256380203734378,0.61,2.0000,0.53,0.2495,88.2892,1.0000,0.0848,0,147,0,0,0.010806
668,29,701000000,29.701000000,-21.915673854169935,-116.50599448938023,-16.76739221609785,0.7253534626041704,0.10656935833744392,0.07859221228644578,0.6755209769648963,145,145,145,145,145,0,1.0000,1.0000,13.6369,15.3045,0.8738,0,True,0.00,True,0.538772209047048,-0.8400032330513122,0.06418002198431182,10.12,12.0000,1.34,0.6379,88.3236,1.0000,0.1979,0,145,0,0,0.027016
669,29,734000000,29.734000000,-22.62087858081444,-116.83684205743232,-17.394469707507202,0.7290378545617799,0.10415718027685199,0.08018407680564527,0.671733282069274,145,145,131,145,131,0,0.9034,1.0000,8.7477,9.8636,0.9005,0,True,0.00,True,-0.7479634914952804,-0.6377928703965339,0.1837685224992024,0.69,1.0000,0.68,0.3200,88.3429,1.0000,0.0806,0,145,0,0,0.032848
670,29,767000000,29.767000000,-23.27665931702012,-117.04637188159256,-18.119761978808157,0.7318775811069483,0.10338095004498687,0.08080401570960961,0.6686840034620534,131,131,80,131,80,0,0.6107,1.0000,5.6064,6.3381,0.9689,0,True,0.00,True,-0.6708177050279316,-0.7355496576398465,0.09471170871103357,0.49,11.0000,0.23,0.1141,88.3502,1.0000,0.0241,0,131,0,0,0.007261
671,29,800000000,29.800000000,-23.27665931702012,-117.04637188159256,-18.119761978808157,0.7318775811069483,0.10338095004498687,0.08080401570960961,0.6686840034620534,2000,0,0,0,0,0,0.0000,0.0000,0.0000,0.0000,0.0000,1,True,1.64,True,0.0,0.0,0.0,0.00,11.0000,0.19,0.0900,88.3560,1.0000,0.0174,0,2000,0,0,0.005815
672,29,833000000,29.833000000,-23.611811996114184,-116.90338442961132,-19.051012358819868,0.7334128211322485,0.10265353203836221,0.08053795711704305,0.6671443049463128,2000,2000,1948,2000,1948,0,0.9740,1.0000,6.3911,14.2997,2.9383,0,True,1.64,True,-0.2679153167168143,-0.953616154922748,-0.13725018083369672,0.26,10.0000,0.19,0.0936,88.3623,1.0000,0.0161,0,2000,0,0,0.006145
673,29,866000000,29.866000000,-23.816161212961212,-116.53438291466946,-19.957698235816196,0.7348800854741193,0.10203182493872863,0.08045503997886987,0.6656333474332715,1942,1942,1936,1941,1936,0,0.9969,1.0000,6.4605,14.0576,1.7226,0,True,1.64,True,-0.08509912918038962,-0.9438241074595284,-0.31930266580622857,0.25,9.0000,0.21,0.1105,88.3698,1.0000,0.0164,0,1942,0,0,0.007413
674,29,899000000,29.899000000,-24.03685144495617,-116.29955856757233,-20.90435199908574,0.7362460918934378,0.10133677036605052,0.08022685971939403,0.6642561268990919,1930,1930,1922,1928,1922,0,0.9959,1.0000,6.2872,13.4259,1.7768,0,True,1.64,True,-0.13622799564647697,-0.9729803359630019,-0.18641673484820886,0.24,7.0000,0.23,0.1163,88.3780,1.0000,0.0139,0,1930,0,0,0.007982
675,29,932000000,29.932000000,-24.380607934738286,-116.2256325916258,-21.840496446173372,0.7374813422551671,0.10035426487207821,0.08008770854249789,0.6630507147178968,1912,1854,1672,1842,1672,0,0.9018,0.9697,6.7729,299.2640,1.8609,0,True,1.64,True,-0.29792048433842744,-0.9527018232273904,-0.06002183794889048,0.23,6.0000,0.19,0.0989,88.3851,1.0000,0.0087,0,1854,0,0,0.006948
676,29,965000000,29.965000000,-24.59176017289057,-115.96794602089481,-22.78337096782944,0.7390845036349506,0.09873734470609803,0.08078001444324047,0.6614224236549724,1662,1662,1654,1660,1654,0,0.9952,1.0000,8.1057,15.1003,1.2936,0,True,1.64,True,-0.12458130699948138,-0.9720125454120713,-0.1991760766453819,0.33,15.0000,0.55,0.2655,88.4055,1.0000,0.0011,0,1662,0,0,0.012175
677,29,998000000,29.998000000,-24.87892892200839,-115.82509706093616,-23.730539529474523,0.7404141474179078,0.09733372779706975,0.08140286818851457,0.6600656094565311,1635,1634,1613,1634,1613,0,0.9871,0.9994,7.6952,13.9725,1.2295,0,True,1.64,True,-0.2310925195386927,-0.9674527656949493,-0.10310864930961178,0.28,16.0000,0.52,0.2544,88.4267,1.0000,0.0333,0,1634,0,0,0.013680
678,30,31000000,30.031000000,-25.140853151796417,-115.56986686269505,-24.661266795517445,0.7417799850331251,0.09639459481573538,0.08249421275979735,0.6585326421337884,1600,1595,1592,1593,1592,0,0.9981,0.9969,9.0709,15.5126,1.2320,0,True,1.64,True,-0.18187603829948917,-0.9620810995241275,-0.20327583385864845,0.29,13.0000,0.74,0.3809,88.4644,1.0000,0.2162,0,1595,0,0,0.020624
679,30,64000000,30.064000000,-25.34268183071435,-115.08690724229594,-25.51333204503192,0.742980908378514,0.09634676065005798,0.08352468978544737,0.6570542578003155,1586,1584,1577,1578,1577,0,0.9956,0.9987,7.1780,17.9751,1.2292,0,True,1.64,True,-0.06989416818812255,-0.9080286838403946,-0.4130359724967927,0.25,16.0000,0.47,0.2525,88.4924,1.0000,0.2199,0,1584,0,0,0.036079
680,30,97000000,30.097000000,-25.490545014979045,-115.09350948976625,-26.502317833133763,0.7435258174412577,0.09589438304553467,0.08270456208931952,0.6566076313204408,1566,1565,1564,1565,1564,0,0.9994,0.9994,4.8726,8.3848,1.1665,0,True,1.64,True,-0.14225673012897933,-0.9856817810787413,0.09052319693013065,0.13,14.0000,0.15,0.0891,88.5052,1.0000,0.1746,0,1565,0,0,0.028214
681,30,130000000,30.130000000,-25.30402973659134,-116.04792498318922,-26.735348124817303,0.7478579337701489,0.09471953049939486,0.08138717152311561,0.6520067865831496,1562,1556,1116,1555,1116,0,0.7172,0.9962,4.5105,88.5923,1.1462,0,True,1.64,True,-0.05853807576451961,-0.11098816460823818,0.992096225677067,0.75,14.0000,0.12,0.0742,88.5174,1.0000,0.1970,0,1556,0,0,0.014373
682,30,163000000,30.163000000,-25.51592864258753,-116.0170467499746,-27.712151783876347,0.7480627306868837,0.09478004508382029,0.08071978235153628,0.6518460023259425,1113,1113,1110,1113,1110,0,0.9973,1.0000,3.6485,6.0151,0.8607,0,True,1.64,True,-0.19589566565950278,-0.9792580376302223,0.05175503755603497,0.08,19.0000,0.03,0.0303,88.5230,1.0000,0.1033,0,1113,0,0,0.010208
683,30,196000000,30.196000000,-25.777179161289528,-115.94509431262053,-28.67473737136284,0.7484413632574347,0.0941412442145879,0.08078382063310438,0.6514959142059146,1107,1107,987,1107,987,0,0.8916,1.0000,3.2519,5.4562,0.8348,0,True,1.64,True,-0.23268500797541186,-0.9725517609620414,-0.0008713857439838275,0.09,4.0000,0.00,0.0123,88.5255,1.0000,0.0498,0,1107,0,0,0.005937
684,30,229000000,30.229000000,-26.55433852568723,-116.46176412470025,-29.034008338203254,0.7494432036143756,0.09196606706428806,0.08194095054730308,0.6505096522637869,987,987,677,987,677,0,0.6859,1.0000,3.4693,5.1840,0.9139,0,True,1.64,True,-0.8798082425035774,-0.31462809964468147,0.3562956852625958,0.33,2.0000,0.00,0.0234,88.5305,1.0000,0.1066,0,987,0,0,0.006125
685,30,262000000,30.262000000,-26.07254037952847,-116.9444116958267,-28.302624807869343,0.7511109130949652,0.08983509758679867,0.08206719762701127,0.648865954219257,675,675,644,675,644,0,0.9541,1.0000,3.5954,5.0878,1.0092,0,True,1.64,True,0.35151241386315496,0.805209029915603,0.4775745397762235,0.36,0.0000,0.02,0.0385,88.5395,1.0000,0.2114,0,675,0,0,0.010458
686,30,295000000,30.295000000,-25.87878724679877,-117.8848788802453,-28.581875946791254,0.7545575316657556,0.09017693921931898,0.0814973128922415,0.6448792437587534,644,644,591,644,591,0,0.9177,1.0000,3.3049,4.8705,1.0512,0,True,1.64,True,-0.0409344367949898,-0.13743932253676755,0.9896639856561981,0.61,3.0000,0.04,0.0560,88.5540,1.0000,0.4133,0,644,0,0,0.017503
687,30,328000000,30.328000000,-25.856745671099052,-117.71950053415974,-29.567859806490112,0.7541630578760616,0.0905715933430738,0.08082021161581117,0.6453704068275058,591,590,590,590,590,0,1.0000,0.9983,2.8792,4.3185,0.5796,0,True,1.64,True,0.05469074522588967,-0.9985032465471791,-0.00043476589112731895,0.12,0.0000,0.00,0.0133,88.5576,1.0000,0.1185,0,590,0,0,0.004474
688,30,361000000,30.361000000,-26.63263809472284,-118.28336500345006,-29.284932594587232,0.7552972414639563,0.08881172636865253,0.08271498211756179,0.6440471923932665,588,588,588,588,588,0,1.0000,1.0000,2.4211,3.8798,0.7288,0,True,1.64,True,-0.8874639493352624,0.3394063280000416,0.3117869194558794,0.36,1.0000,0.08,0.0493,88.5690,1.0000,0.4334,0,588,0,0,0.014762
689,30,394000000,30.394000000,-26.65175005150236,-119.27053028329986,-29.443486823061566,0.7569833760046012,0.08977815862382328,0.08379305525295985,0.6417902886287441,588,588,208,588,208,0,0.3537,1.0000,2.5122,3.9486,1.0345,0,True,1.64,True,-0.2578356865279877,-0.0044669987284961426,0.9661784538453552,0.36,5.0000,0.03,0.0220,88.5728,1.0000,0.1671,0,588,0,0,0.005148
690,30,427000000,30.427000000,-27.57831523969585,-119.19245770142022,-29.075544403671522,0.7572780207383621,0.08807964894530074,0.09404305937548924,0.6402561032364781,208,208,208,208,208,0,1.0000,1.0000,2.2287,4.0324,1.4400,0,True,1.64,True,-0.8753322032367415,0.32426523368872,-0.358671984126878,1.20,8.0000,0.08,0.0365,88.5778,1.0000,0.2468,0,208,0,0,0.005383
691,30,460000000,30.460000000,-26.961750767081906,-118.73444691852717,-28.43517390633114,0.7575119610015363,0.08926297907775012,0.09480784480139058,0.6397024480724515,207,206,122,201,122,0,0.5922,0.9952,1.8472,46.2767,1.7934,0,True,1.64,True,0.7313311256863108,0.5641788650668995,-0.38321924901317106,0.18,6.0000,0.30,0.1332,88.5901,1.0000,0.7333,0,206,0,0,0.020762
692,30,493000000,30.493000000,-26.43624268892754,-118.4399429019969,-29.23336476323319,0.7546647093454153,0.09577331786693306,0.08766143818144097,0.6431361600075994,121,121,121,121,121,0,1.0000,1.0000,2.0141,3.3891,0.6576,0,True,1.64,True,0.5597437889491077,-0.8285411290644387,-0.014369696639884298,1.22,8.0000,0.15,0.0702,88.5941,1.0000,0.3101,0,121,0,0,0.007266
693,30,526000000,30.526000000,-26.842042523361208,-118.86874330882026,-30.04049344286347,0.7548024579771424,0.09598562611432872,0.08832317566308578,0.6428522580281507,121,121,121,121,121,0,1.0000,1.0000,2.7006,4.2917,1.0018,0,True,1.64,True,-0.5098138172766681,-0.7437295660786952,0.43238432470914995,0.09,1.0000,0.08,0.0304,88.5955,1.0000,0.1245,0,121,0,0,0.002825
694,30,559000000,30.559000000,-26.379495353806252,-118.01311041152933,-29.808238279282058,0.7550241507088877,0.09765157085279828,0.08992025391151807,0.6421191871395775,121,121,121,121,121,0,1.0000,1.0000,2.7649,4.4042,1.1084,0,True,1.64,True,0.6702573591541625,0.11115770397436658,-0.7337567971384219,0.28,2.0000,0.09,0.0372,88.5970,1.0000,0.1445,0,121,0,0,0.003215
695,30,592000000,30.592000000,-25.849496446233843,-117.76846483313939,-28.996296348509734,0.7544933088681213,0.09826835921637274,0.09073987291125293,0.6425336192871198,121,120,82,120,82,0,0.6833,0.9917,2.1850,2.9895,1.0932,0,True,1.64,True,0.5840714397862247,0.7802555742396984,-0.22374492640934943,0.14,6.0000,0.35,0.1735,88.6019,1.0000,0.6048,0,120,0,0,0.012941
696,30,625000000,30.625000000,-25.849496446233843,-117.76846483313939,-28.996296348509734,0.7544933088681213,0.09826835921637274,0.09073987291125293,0.6425336192871198,2000,0,0,0,0,0,0.0000,0.0000,0.0000,0.0000,0.0000,1,True,3.28,True,0.0,0.0,0.0,0.00,5.0000,0.10,0.0535,88.6031,1.0000,0.1739,0,2000,0,0,0.003611
697,30,658000000,30.658000000,-25.208595338825077,-117.45074143700901,-29.695079300558213,0.7537300327663752,0.09878787803551413,0.09097960336004014,0.643315400586438,2000,1968,1482,1967,1482,0,0.7530,0.9840,1.7746,10.3386,2.8868,0,True,3.28,True,0.6946939874915755,-0.7189243788308264,-0.023409426856827047,0.14,4.0000,0.10,0.0557,88.6042,1.0000,0.1781,0,1968,0,0,0.003660
698,30,691000000,30.691000000,-24.904337536668073,-117.53864366890267,-30.643604675787934,0.7521354956123709,0.10074753556787068,0.08978430857120498,0.6450433382737352,1480,1474,1463,1467,1463,0,0.9925,0.9959,2.9353,32.2160,1.5992,0,True,3.28,True,0.26037498262077746,-0.9137805100847306,0.311785259136027,0.38,5.0000,0.45,0.2234,88.6082,1.0000,0.6886,0,1474,0,0,0.013886
699,30,724000000,30.724000000,-24.29999327800747,-117.20808595014715,-31.368518195868162,0.7510057331564981,0.10179075471590483,0.0897064692445043,0.6462056796377776,1451,1447,1417,1442,1417,0,0.9793,0.9972,2.2458,9.2950,1.1907,0,True,3.28,True,0.6670298358643484,-0.7436939764419626,-0.044614655335685136,0.22,4.0000,0.11,0.0616,88.6091,1.0000,0.1811,0,1447,0,0,0.003620
700,30,757000000,30.757000000,-23.519173946377546,-116.6872599200456,-31.71357097113834,0.7503578067844827,0.10245193678528391,0.09066408660167963,0.6467200212203179,1413,1413,1313,1404,1313,0,0.9292,1.0000,2.4478,8.5816,1.0071,0,True,3.28,True,0.8909857774507058,-0.3874170442902142,-0.23675383454971877,0.16,1.0000,0.11,0.0665,88.6101,1.0000,0.1915,0,1413,0,0,0.003820
701,30,790000000,30.790000000,-22.706455458437325,-116.37341729996487,-32.204479790758654,0.7487850329866403,0.10409942075129451,0.09048660821111176,0.6483027523533197,1306,1304,1294,1299,1294,0,0.9923,0.9985,4.0701,215.0714,1.1993,0,True,3.28,True,0.865613203638234,-0.5006445750356574,-0.008294044521163377,0.32,6.0000,0.47,0.2499,88.6129,1.0000,0.6827,0,1304,0,0,0.013647
702,30,823000000,30.823000000,-21.864395955302985,-116.64966323661088,-32.66775506062281,0.7479258519485075,0.10441289488064012,0.08903254559530771,0.6494444342625189,1288,1285,1280,1280,1280,0,0.9961,0.9977,3.1375,27.2372,1.1240,0,True,3.28,True,0.7342961346859254,-0.3879846388187462,0.5570252297930466,0.24,8.0000,0.24,0.1303,88.6143,1.0000,0.3450,0,1285,0,0,0.006950
703,30,856000000,30.856000000,-21.029321929406343,-116.53621643887391,-33.20606834798993,0.7470301033673233,0.10520331928138307,0.08901804195715587,0.6503491942651269,1270,1268,1248,1266,1248,0,0.9842,0.9984,3.0077,7.3369,1.0211,0,True,3.28,True,0.8357794242222336,-0.5143832557106806,0.19204848422008575,0.17,11.0000,0.11,0.0647,88.6150,1.0000,0.1689,0,1268,0,0,0.003419
704,30,889000000,30.889000000,-21.428271821497194,-115.62810507324531,-33.07889629438998,0.7459657971576628,0.10908955622214135,0.09205890618053084,0.6505072297730695,1237,1237,1234,1235,1234,0,0.9976,1.0000,3.9128,17.6128,0.9698,0,True,3.28,True,-0.1364012231505808,-0.01039536545406693,-0.990599133201772,0.58,11.0000,0.36,0.1963,88.6172,1.0000,0.5027,0,1237,0,0,0.010248
705,30,922000000,30.922000000,-21.621659475535978,-114.68895727347741,-32.79499027920804,0.7456681311884332,0.11171260555220885,0.09505410426592804,0.6499723449139111,1229,1227,1226,1226,1226,0,0.9992,0.9984,3.3629,13.1463,0.8691,0,True,3.28,True,0.07852423115862506,0.15094784695059657,-0.9854180293773431,0.46,11.0000,0.11,0.0661,88.6180,1.0000,0.1667,0,1227,0,0,0.003419
706,30,955000000,30.955000000,-21.749698036857282,-113.71841677895426,-32.590889139315294,0.7451972332562277,0.11431768144957363,0.09791173422120084,0.6496351618847723,1223,1221,1221,1221,1221,0,1.0000,0.9984,3.4405,7.3304,0.8680,0,True,3.28,True,0.15838220627126573,0.07038570223867677,-0.9848659450184144,0.45,10.0000,0.11,0.0636,88.6187,1.0000,0.1604,0,1221,0,0,0.003296
707,30,988000000,30.988000000,-21.97681557340464,-113.43078605146484,-33.52131172566869,0.7441594447140172,0.11685282326643318,0.09990558650007951,0.650070005709896,1215,1215,1166,1213,1166,0,0.9597,1.0000,3.6244,18.1042,0.8835,0,True,3.28,True,-0.1288086650753339,-0.9688165854823818,-0.2116666045831729,0.39,6.0000,0.13,0.0779,88.6198,1.0000,0.1977,0,1215,0,0,0.004070
708,31,21000000,31.021000000,-21.109586215291223,-112.99813520174737,-33.76773916461359,0.7429941408305402,0.11785288166491531,0.10074874950886996,0.6510914639642897,1164,1163,1161,1161,1161,0,0.9983,0.9991,3.7187,11.5267,0.8781,0,True,3.28,True,0.9584727738768625,-0.26116382975714186,-0.11455739069730626,0.23,2.0000,0.15,0.0841,88.6211,1.0000,0.2165,0,1163,0,0,0.004461
709,31,54000000,31.054000000,-20.22972915373046,-112.64998070674676,-34.09122022871553,0.7412987334043113,0.11981376928572804,0.10089626533385661,0.6526413963153044,1155,1154,1154,1154,1154,0,1.0000,0.9991,4.7087,10.0390,0.9855,0,True,3.28,True,0.9454158804602284,-0.3253018961646504,-0.019170011092696344,0.35,6.0000,0.39,0.2190,88.6254,1.0000,0.5816,0,1154,0,0,0.005515
710,31,87000000,31.087000000,-19.259665184037104,-112.487329438353,-34.271554528261284,0.7384989414475528,0.12215705802238018,0.10028490366842614,0.6554692248705314,1149,1148,1146,1146,1146,0,0.9983,0.9991,7.0336,16.6180,1.0558,0,True,3.28,True,0.9740023785390415,-0.15371188548805803,0.16640920305077964,0.53,0.0000,0.77,0.4478,88.6364,1.0000,1.2095,0,1148,0,0,0.031557
711,31,120000000,31.120000000,-18.274801079347228,-112.44737967651987,-34.44021605861978,0.7373019145794534,0.12274125013465,0.1000897247291397,0.6567362631045288,1139,1138,1133,1133,1133,0,0.9956,0.9991,4.4985,17.4458,1.0506,0,True,3.28,True,0.9501487886454029,-0.12363020141970017,0.2862391530391991,0.21,5.0000,0.22,0.1323,88.6405,1.0000,0.3693,0,1138,0,0,0.007644
712,31,153000000,31.153000000,-17.36855235827109,-112.05956514718991,-34.608481166079514,0.7357930096822117,0.12396628464713458,0.10072257237912953,0.6581002739605183,1122,1121,1120,1120,1120,0,0.9991,0.9991,4.6396,11.4612,1.0458,0,True,3.28,True,0.9842541795936801,-0.16379903265264587,-0.06643483163543877,0.28,15.0000,0.24,0.1402,88.6455,1.0000,0.4031,0,1121,0,0,0.004942
713,31,186000000,31.186000000,-16.47262715633928,-111.62573928633736,-34.703944012250055,0.7342362659503583,0.12544591545573824,0.10153500709838001,0.6594323850041629,1106,1104,1103,1103,1103,0,0.9991,0.9982,4.8946,11.9281,1.0079,0,True,3.28,True,0.9882911084394098,-0.09488347970532525,-0.11948979144099124,0.30,10.0000,0.27,0.1654,88.6520,1.0000,0.4911,0,1104,0,0,0.009305
714,31,219000000,31.219000000,-15.673604536870856,-111.02486466332975,-34.72658338068818,0.7328567566982302,0.1270304373895627,0.10284886174402048,0.6604591991760934,1096,1095,1042,1094,1042,0,0.9516,0.9991,4.7171,12.3179,1.0163,0,True,3.28,True,0.9489230474808293,-0.04168769521981171,-0.3127414044013939,0.31,7.0000,0.22,0.1296,88.6581,1.0000,0.4092,0,1095,0,0,0.012390
715,31,252000000,31.252000000,-14.748790555087028,-110.6996629000243,-34.92397363434867,0.7313301700495505,0.12840594042463008,0.10309063515451804,0.6618462191343241,1031,1027,1023,1023,1023,0,0.9961,0.9961,5.0154,15.7048,0.9855,0,True,3.28,True,0.9834970133011225,-0.18068568645641278,0.009290185011420584,0.29,6.0000,0.27,0.1541,88.6670,1.0000,0.5291,0,1027,0,0,0.010560
716,31,285000000,31.285000000,-13.773259006872813,-110.90691239380905,-34.85058531262979,0.7305730801474901,0.12775022966989677,0.10250113206921438,0.662899970815829,1016,1015,1015,1015,1015,0,1.0000,0.9990,4.7333,10.6571,0.9458,0,True,3.28,True,0.8540134032444826,0.14193228867202745,0.5005160661867879,0.18,0.0000,0.19,0.1072,88.6741,1.0000,0.3956,0,1015,0,0,0.007791
717,31,318000000,31.318000000,-13.91821167981767,-109.93783401329623,-34.65089601639994,0.7286812143654455,0.13035725735524137,0.10585396001909138,0.6639469951991617,1006,1006,1002,1004,1002,0,0.9960,1.0000,4.5333,21.4234,0.9373,0,True,3.28,True,0.17149391529181618,0.10553799768734538,-0.9795159866291256,0.55,5.0000,0.11,0.0571,88.6783,1.0000,0.2210,0,1006,0,0,0.004311
718,31,351000000,31.351000000,-12.924142052015359,-109.98070120569824,-34.75083589280835,0.7278781724428068,0.13055575138773778,0.10460538703372783,0.6649859208016565,992,991,991,991,991,0,1.0000,0.9990,4.9805,13.2990,1.0335,0,True,3.28,True,0.925720750524121,-0.046722794444151526,0.3753106347126174,0.21,5.0000,0.21,0.1177,88.6877,1.0000,0.4762,0,991,0,0,0.006331
719,31,384000000,31.384000000,-12.068713538221122,-109.46299115691117,-34.765613009329186,0.7261079386712382,0.13235812136821787,0.10528109799516673,0.6664566598897588,974,969,969,969,969,0,1.0000,0.9949,5.7775,12.3982,1.0521,0,True,3.28,True,0.9782817528787965,-0.013329592324924021,-0.2068505111254031,0.34,1.0000,0.37,0.2077,88.7058,1.0000,0.8788,0,969,0,0,0.019622
720,31,417000000,31.417000000,-12.332877238912774,-108.50981296843595,-34.61840947590704,0.7250454919491816,0.13616763855115327,0.10915844984128593,0.6662220663140928,952,949,945,946,945,0,0.9958,0.9968,4.7272,14.5279,0.9547,0,True,3.28,True,0.06445695413037038,0.05982091252998901,-0.9961258753231513,0.64,7.0000,0.10,0.0469,88.7104,1.0000,0.2100,0,949,0,0,0.003956
721,31,450000000,31.450000000,-11.341495851779797,-108.39050836355165,-34.6725330059072,0.7241362580698154,0.13637370417367814,0.10913356485739459,0.6671722098379944,935,934,934,934,934,0,1.0000,0.9989,4.8700,11.0862,0.9590,0,True,3.28,True,0.9731546537081683,-0.01131034137663812,0.22987408758726752,0.15,2.0000,0.11,0.0603,88.7164,1.0000,0.2745,0,934,0,0,0.005149
722,31,483000000,31.483000000,-10.400667467929843,-108.05483359747399,-34.719056156713876,0.7223281466762433,0.13800654731161052,0.10919827350994113,0.6687839550115118,918,912,910,910,910,0,0.9978,0.9935,6.3559,13.1192,1.0236,0,True,3.28,True,0.999714944714549,-0.021882113799050376,0.009549995291715326,0.33,2.0000,0.41,0.2367,88.7424,1.0000,1.1370,0,912,0,0,0.021063
723,31,516000000,31.516000000,-10.89490054669187,-107.18608976410232,-34.68715293060621,0.7202593057082577,0.14379553458606995,0.1151957150301636,0.6687894466963832,896,895,890,890,890,0,0.9944,0.9989,5.0120,19.6782,1.0355,0,True,3.28,True,-0.16438443240438688,-0.05308566363991524,-0.9849668373600187,0.98,0.0000,0.10,0.0462,88.7478,1.0000,0.2302,0,895,0,0,0.004228
724,31,549000000,31.549000000,-10.056052103021017,-106.64180116246483,-34.6962747000879,0.7189144378524983,0.14537255781471203,0.11599377429018909,0.6697568923180643,876,872,868,868,868,0,0.9954,0.9954,5.6543,21.4018,1.0648,0,True,3.28,True,0.9787459327108058,0.0005346139578897653,-0.20507587227650817,0.28,4.0000,0.21,0.1301,88.7637,1.0000,0.6640,0,872,0,0,0.012166
725,31,582000000,31.582000000,-9.14708780300429,-106.22523319933138,-34.68030493534501,0.7174116087877871,0.14683145811197437,0.11651437643750047,0.670958647435601,853,848,843,843,843,0,0.9941,0.9941,6.1170,19.2371,1.0244,0,True,3.28,True,0.9974356704793763,0.039441536962003115,-0.05971974897328089,0.28,3.0000,0.29,0.1763,88.7870,1.0000,0.9462,0,848,0,0,0.017328
726,31,615000000,31.615000000,-9.56277827391488,-105.31603093822592,-34.656795771284266,0.7157531017926946,0.1514641782906092,0.12106711526197783,0.6708940703054619,832,829,825,825,825,0,0.9952,0.9964,5.1996,10.9819,0.9913,0,True,3.28,True,-0.05347741517155955,-0.05052441195918892,-0.99729005302507,0.77,0.0000,0.08,0.0451,88.7933,1.0000,0.2498,0,829,0,0,0.004575
727,31,648000000,31.648000000,-9.02426491072812,-104.4742248578715,-34.693753595186834,0.7141985797554375,0.15394107093637036,0.12286000914641912,0.671660593980934,817,806,795,803,795,0,0.9864,0.9865,5.8430,20.7098,1.0367,0,True,3.28,True,0.8183949504232139,-0.052957136864528555,-0.5722108411913366,0.40,1.0000,0.19,0.1180,88.8103,1.0000,0.6686,0,806,0,0,0.012250
728,31,681000000,31.681000000,-8.033787711461732,-104.34563805262408,-34.74295066064463,0.7134295447273329,0.15439046048395108,0.12224674593753763,0.6724861363101751,786,782,781,781,781,0,0.9987,0.9949,5.7892,13.0459,1.0694,0,True,3.28,True,0.9646678406981872,-0.0012084331818567012,0.26346631058247594,0.16,4.0000,0.15,0.0978,88.8247,1.0000,0.5564,0,782,0,0,0.010202
729,31,714000000,31.714000000,-8.445840544563493,-103.43613108870395,-34.68809133770342,0.7120941804144653,0.1591016073371497,0.1264622175016819,0.6720237081436515,766,762,758,758,758,0,0.9948,0.9948,5.5589,18.4119,1.0833,0,True,3.28,True,-0.03201782454761377,-0.011834448358573264,-0.9994172325627001,0.74,2.0000,0.08,0.0502,88.8321,1.0000,0.2872,0,762,0,0,0.005272
730,31,747000000,31.747000000,-7.510165977500741,-103.08380486505743,-34.66861477016955,0.7107387349632063,0.15996858613771714,0.12696869818298737,0.6731563352994001,741,737,733,733,733,0,0.9946,0.9946,6.3341,14.2786,1.1660,0,True,3.28,True,0.997438717014679,0.056145011079152436,0.04431414594723989,0.23,1.0000,0.20,0.1454,88.8545,1.0000,0.8492,0,737,0,0,0.015626
731,31,780000000,31.780000000,-7.069018158579392,-102.19435764838406,-34.78808129524208,0.7087211965532394,0.16275933367821468,0.129154273167675,0.6741979224080255,714,710,701,707,701,0,0.9873,0.9944,6.4713,15.1119,1.1539,0,True,3.28,True,0.7628086007956779,-0.1321020859753535,-0.6329866329023864,0.48,2.0000,0.21,0.1559,88.8791,1.0000,0.9212,0,710,0,0,0.016482
732,31,813000000,31.813000000,-6.235439471800593,-101.6556688666928,-34.91039633695048,0.7074465863320816,0.16444557595723744,0.12983389100878998,0.6749964005686955,685,676,675,675,675,0,0.9985,0.9869,6.2046,12.5778,1.0686,0,True,1.64,True,0.9841466167846113,-0.09532565624240484,-0.14956087701453957,0.27,3.0000,0.13,0.1059,88.8953,1.0000,0.6045,0,676,0,0,0.011837
733,31,846000000,31.846000000,-5.254853910020401,-101.83188978018842,-34.82438386300063,0.7067470331324601,0.1621825010911716,0.12843162300705796,0.6765432622604782,658,656,649,649,649,0,0.9893,0.9970,6.5977,16.9773,1.1890,0,True,1.64,True,0.8193086069938444,0.14821307816857215,0.5538648661592492,0.36,3.0000,0.16,0.1391,88.9156,1.0000,0.7584,0,656,0,0,0.014270
734,31,879000000,31.879000000,-4.532570640684341,-101.14064019768463,-34.802454578344104,0.7054093120251564,0.16420550038305393,0.12989029199779983,0.6771726280623522,635,628,626,626,626,0,0.9968,0.9890,6.6273,24.4149,1.1869,0,True,1.64,True,0.938217153585248,0.03984497008199231,-0.34374547426484076,0.33,1.0000,0.13,0.1277,88.9336,1.0000,0.6686,0,628,0,0,0.012709
735,31,912000000,31.912000000,-4.5937092686555925,-100.14938333066134,-34.91938144330226,0.703585194299657,0.1676274422414841,0.13337412348055316,0.6775546163636448,607,604,601,601,601,0,0.9950,0.9951,6.2349,14.7779,1.0951,0,True,1.64,True,0.3528147714271201,-0.1487987798228684,-0.9237860467586931,0.60,1.0000,0.02,0.0416,88.9393,1.0000,0.2117,0,604,0,0,0.004052
736,31,945000000,31.945000000,-3.6429724168795192,-99.95467165700273,-34.67816203526059,0.7025786765146879,0.1677944031525093,0.13415908821803904,0.678402226283248,584,583,580,580,580,0,0.9949,0.9983,7.0451,19.5774,1.2081,0,True,1.64,True,0.9350811813115631,0.2882075340594815,0.20629978591439257,0.18,15.0000,0.18,0.1697,88.9619,1.0000,0.8375,0,583,0,0,0.010542
737,31,978000000,31.978000000,-2.675091714074466,-99.70682035116951,-34.63601140852327,0.7014010721759095,0.16838944721127214,0.13445350816004253,0.6794142949348534,560,557,552,552,552,0,0.9910,0.9946,7.0910,15.5551,1.2747,0,True,1.64,True,0.9804416839690439,0.08834397293264763,0.17586769681331718,0.19,0.0000,0.17,0.1709,88.9844,1.0000,0.8234,0,557,0,0,0.021647
738,32,11000000,32.011000000,-2.2610066416530143,-98.8151625239763,-34.45303635010603,0.7002143900822775,0.17070118764881403,0.13685490001327447,0.6795819662111003,532,531,496,528,496,0,0.9341,0.9981,6.5800,17.2426,1.2831,0,True,1.64,True,0.7418051646492725,0.18693016012400077,-0.6440358786090112,0.41,3.0000,0.04,0.0603,88.9923,1.0000,0.2871,0,531,0,0,0.005638
739,32,44000000,32.044000000,-1.7660149886279357,-98.01751318092069,-34.79762130183556,0.6977954869040411,0.17366218678200046,0.13871217698636784,0.6809418736530662,480,475,415,470,415,0,0.8737,0.9896,7.3801,23.7635,1.3178,0,True,1.64,True,0.8005601257976771,-0.33219056513759904,-0.49875135430028683,0.51,1.0000,0.19,0.1967,89.0178,1.0000,0.9209,0,475,0,0,0.018225
740,32,77000000,32.077000000,-0.8547190442150013,-97.60839752638488,-34.751101597298,0.6966079419890546,0.17460808656410504,0.1397379743013222,0.6817057208226721,401,396,394,394,394,0,0.9949,0.9875,7.1056,12.9054,1.0708,0,True,1.64,True,0.9957036771879891,0.0901198357837331,0.02127445493143181,0.23,13.0000,0.12,0.1265,89.0337,1.0000,0.5736,0,396,0,0,0.009139
741,32,110000000,32.110000000,-1.2741388403074598,-96.70373780074834,-34.67575031690437,0.6946322205215822,0.1793045403019344,0.1446343166736199,0.6814813823434378,383,382,380,380,380,0,0.9948,0.9974,7.1633,14.6285,1.2626,0,True,1.64,True,0.011695682517264864,0.04445461680907679,-0.9989429403398442,0.81,15.0000,0.11,0.1174,89.0483,1.0000,0.5201,0,382,0,0,0.008037
742,32,143000000,32.143000000,-0.34548531456116205,-96.45518875998212,-34.951115535211166,0.6938492658397188,0.181339854225086,0.14337147316039298,0.6820070925196646,368,360,359,360,359,0,0.9972,0.9783,7.2110,11.5703,1.2835,0,True,1.64,True,0.952963052589522,-0.22843080016057443,0.19920037634818835,0.29,7.0000,0.11,0.1211,89.0631,1.0000,0.5245,0,360,0,0,0.015392
743,32,176000000,32.176000000,0.2109290463713548,-95.65367864555489,-35.17016939940647,0.6926297040596391,0.1841206422968075,0.1448121605098504,0.682197273743407,345,339,314,338,314,0,0.9263,0.9826,6.9562,12.2712,1.3462,0,True,1.64,True,0.8659861139473659,-0.19067871201291323,-0.46228744222121837,0.39,0.0000,0.02,0.0551,89.0698,1.0000,0.2341,0,339,0,0,0.004772
744,32,209000000,32.209000000,0.6188688247620979,-94.74097995387189,-35.19396510083824,0.6902194286682933,0.18692765123109933,0.1471470183453429,0.6833761398279241,305,301,248,297,248,0,0.8239,0.9869,7.8420,12.7036,1.6995,0,True,1.64,True,0.7774960716769573,-0.0016000276112491704,-0.6288857594496341,0.52,0.0000,0.20,0.2144,89.0953,1.0000,0.8951,0,301,0,0,0.018381
745,32,242000000,32.242000000,1.360234044428334,-94.072639223709,-35.2547785818648,0.6886010212036816,0.18878269278476356,0.14868031316421476,0.684166568153963,235,234,232,232,232,0,0.9915,0.9957,7.7340,17.6692,1.7079,0,True,1.64,True,0.9675077260838489,-0.015909754060466595,-0.2523404044020604,0.34,1.0000,0.15,0.1662,89.1154,1.0000,0.6936,0,234,0,0,0.014351
746,32,275000000,32.275000000,2.1957061227322248,-93.53200807098393,-35.156267856165876,0.6873827216586599,0.18980520281449034,0.1501141148270561,0.6847953938800792,220,215,212,212,212,0,0.9860,0.9773,7.6790,30.7471,1.8227,0,True,1.64,True,0.9842561188236694,0.14961971825461534,-0.09409480574174289,0.26,3.0000,0.13,0.1440,89.1331,1.0000,0.6011,0,215,0,0,0.012533
747,32,308000000,32.308000000,3.174361464747837,-93.32883749092828,-35.1253577131035,0.687050713634985,0.189534774960048,0.14980160438488652,0.6852717455858045,200,199,198,198,198,0,0.9950,0.9950,7.1555,12.7898,1.7748,0,True,1.64,True,0.9571641202057412,0.08704251321562326,0.27615294292090714,0.08,4.0000,0.02,0.0566,89.1401,1.0000,0.2369,0,199,0,0,0.004967
748,32,341000000,32.341000000,4.157353499385288,-93.51228564439822,-35.11678830076807,0.6883215590001761,0.18431103381020073,0.14363788836842947,0.6867394201998607,181,180,177,177,177,0,0.9833,0.9945,7.4062,25.8668,1.9201,0,True,1.64,True,0.7823464391786041,0.060723031881608866,0.6198764090555988,0.95,1.0000,0.07,0.0841,89.1505,1.0000,0.3511,0,180,0,0,0.006828
749,32,374000000,32.374000000,5.000749931531351,-92.98225130795664,-35.02877659452267,0.6866654048434304,0.1853765902792245,0.14519455350915206,0.687782438856165,168,164,157,157,157,0,0.9573,0.9762,8.0911,23.4469,2.3677,0,True,1.64,True,0.9854698034647126,0.14138988229033456,-0.09411783914405313,0.31,0.0000,0.19,0.2075,89.1758,1.0000,0.8471,0,164,0,0,0.018672
750,32,407000000,32.407000000,5.222859942176701,-92.62158793447988,-35.934640311758024,0.6831796002352889,0.18876956013642082,0.14621295259305603,0.6901111935639602,143,141,138,138,138,0,0.9787,0.9860,7.3787,13.5470,1.6972,0,True,1.64,True,0.41169568140530827,-0.8868708543998173,-0.2096825064910208,0.63,4.0000,0.13,0.1366,89.1922,1.0000,0.5423,0,141,0,0,0.011814
751,32,440000000,32.440000000,5.52782581685811,-91.67406996020873,-36.03058562802145,0.6818195831396607,0.19142538778379675,0.14843060147955195,0.6902512104324777,128,126,123,125,123,0,0.9762,0.9844,7.0019,11.3097,1.7198,0,True,1.64,True,0.7116280891349479,-0.056125002405587106,-0.700310964400184,0.43,2.0000,0.02,0.0557,89.1988,1.0000,0.2176,0,126,0,0,0.004811
752,32,473000000,32.473000000,5.899098255308512,-90.74605206751134,-36.06123798976717,0.6806237015893032,0.19384775349684938,0.15053524793848108,0.6902996193155547,121,116,112,113,112,0,0.9655,0.9587,7.1469,16.1621,2.4070,0,True,1.64,True,0.7620037872901834,0.014540921485535784,-0.6474092907564489,0.39,1.0000,0.03,0.0586,89.2057,1.0000,0.2266,0,116,0,0,0.004755
753,32,506000000,32.506000000,5.899098255308512,-90.74605206751134,-36.06123798976717,0.6806237015893032,0.19384775349684938,0.15053524793848108,0.6902996193155547,2000,0,0,0,0,0,0.0000,0.0000,0.0000,0.0000,0.0000,1,True,3.28,True,0.0,0.0,0.0,0.00,20.0000,0.12,0.1253,89.2202,1.0000,0.4728,0,2000,0,0,0.008647
754,32,539000000,32.539000000,6.764877026423973,-90.24661678420402,-36.02974962249391,0.6784093186460263,0.19475059795985214,0.15172440406184348,0.6919629369992245,2000,1996,1742,1993,1742,0,0.8727,0.9980,4.9771,10.9279,3.0891,0,True,3.28,True,0.9950843072996327,0.09402430203717421,-0.031091027522943317,0.36,4.0000,0.27,0.2913,89.2521,1.0000,1.0318,0,1996,0,0,0.027313
755,32,572000000,32.572000000,7.656620607114505,-89.79439196154708,-36.01283524783462,0.6771114002095996,0.19555061305252214,0.15249149220093045,0.6928394144730162,1730,1726,1685,1725,1685,0,0.9762,0.9977,4.4988,10.6300,1.3833,0,True,3.28,True,0.9964192148918093,0.08041217447466174,0.026127196379384248,0.22,1.0000,0.14,0.1474,89.2673,1.0000,0.4823,0,1726,0,0,0.012588
756,32,605000000,32.605000000,8.441360204176162,-89.83402781855672,-36.63139224896112,0.6749591175475518,0.19689169949149526,0.15410234347241125,0.6942019274296864,1671,1670,1170,1669,1170,0,0.7006,0.9994,4.4456,11.3360,1.3335,0,True,3.28,True,0.7092289332902443,-0.5767099110873597,0.40546269697419995,0.38,15.0000,0.12,0.1258,89.2792,1.0000,0.3785,0,1670,0,0,0.007934
757,32,638000000,32.638000000,8.838721568458302,-88.94133630011142,-36.41877569487456,0.6739389782959748,0.19870254310247437,0.15594160761356757,0.6942663522833893,1157,1153,1125,1147,1125,0,0.9757,0.9965,5.0900,13.0406,1.2003,0,True,1.64,True,0.7620512657207511,0.2696708039354726,-0.588689668601545,0.32,14.0000,0.11,0.1171,89.2897,1.0000,0.3259,0,1153,0,0,0.007663
758,32,671000000,32.671000000,9.746898667824738,-88.54862184279601,-36.273897431488265,0.672854739334499,0.19904862918637026,0.15692236207474675,0.694997492984696,1114,1110,1109,1109,1109,0,0.9991,0.9964,5.0442,13.9977,1.2054,0,True,1.64,True,0.9729861021489232,0.20801769305114656,0.1001333331250103,0.19,2.0000,0.10,0.1131,89.2990,1.0000,0.2903,0,1110,0,0,0.014262
759,32,704000000,32.704000000,10.656488055124216,-88.13449806628701,-36.3077890859488,0.6718019545113347,0.1998603062279835,0.15707224394530692,0.6957487348829268,1095,1087,1082,1086,1082,0,0.9954,0.9927,5.0004,16.1381,1.2138,0,True,1.64,True,0.9961934209134765,0.030181459449490716,0.08177865023466478,0.18,2.0000,0.11,0.1177,89.3078,1.0000,0.2671,0,1087,0,0,0.009636
760,32,737000000,32.737000000,11.45785109792778,-87.53688764383843,-36.2817303712944,0.6705185380726117,0.20084231806544828,0.15798903915572088,0.6964960279008896,1068,1067,1064,1064,1064,0,0.9972,0.9991,5.0320,13.1202,1.2708,0,True,1.64,True,0.9871492791676277,0.09473592057152447,-0.12869112631529298,0.23,7.0000,0.12,0.1320,89.3165,1.0000,0.2623,0,1067,0,0,0.010833
761,32,770000000,32.770000000,12.336800645080029,-87.0604121342033,-36.26126620068339,0.6694700706881447,0.20154048775150157,0.15850154335150074,0.6971861422926374,1040,1036,1032,1032,1032,0,0.9961,0.9962,4.8318,17.1009,1.2034,0,True,1.64,True,0.9959663870121833,0.0879566345165392,0.01773658327924308,0.17,11.0000,0.10,0.1118,89.3229,1.0000,0.1895,0,1036,0,0,0.009195
762,32,803000000,32.803000000,13.332542408053945,-87.03624600276439,-36.17230362674996,0.6683522048590365,0.19979791269948538,0.15838013288629152,0.6987859885887194,1020,1018,1011,1011,1011,0,0.9931,0.9980,4.8192,23.7234,1.2321,0,True,1.64,True,0.870560757039679,0.13865180760288812,0.472122488927347,0.30,2.0000,0.11,0.1246,89.3290,1.0000,0.1739,0,1018,0,0,0.010328
763,32,836000000,32.836000000,14.172080963999568,-86.50626373686602,-36.05274689998832,0.6672870841411401,0.2004799142480118,0.15920965524304498,0.6994197859647064,995,995,994,994,994,0,0.9990,1.0000,4.6152,15.1602,1.1777,0,True,1.64,True,0.9811727831677165,0.18754054501019418,-0.046135816327410775,0.19,15.0000,0.10,0.1133,89.3332,1.0000,0.1124,0,995,0,0,0.004296
764,32,869000000,32.869000000,15.085167756574103,-86.1286675633118,-35.89881951794357,0.6665282940942628,0.20068535035194257,0.15966477691821465,0.6999804156814438,981,977,975,975,975,0,0.9980,0.9959,4.4136,8.8709,1.1844,0,True,1.64,True,0.9680601455467943,0.21664279456586694,0.1261960941020406,0.12,13.0000,0.09,0.0938,89.3360,1.0000,0.0713,0,977,0,0,0.008114
765,32,902000000,32.902000000,15.821824785038656,-85.4524428731141,-35.89129683352979,0.6654188667270639,0.20177171724861087,0.16035054530350562,0.7005666339065008,957,956,954,954,954,0,0.9979,0.9990,4.3657,11.2729,1.1596,0,True,1.64,True,0.971308255660693,0.08082267780348099,-0.22366932565297515,0.21,2.0000,0.10,0.1114,89.3380,1.0000,0.0422,0,956,0,0,0.014386
766,32,935000000,32.935000000,16.697435290393347,-84.98380107045386,-35.77433058321858,0.6646109564414013,0.20216435828979146,0.16079602097389925,0.701118027477745,943,942,941,941,941,0,0.9989,0.9989,4.1835,17.4127,1.2233,0,True,1.64,True,0.9823135808107891,0.1845486881839279,0.03165139245399451,0.13,12.0000,0.09,0.0941,89.3384,1.0000,0.0088,0,942,0,0,0.003228
767,32,968000000,32.968000000,17.247977754092563,-84.2132372832356,-36.09547610395933,0.6634359644016772,0.20372436990043458,0.16131056762668117,0.7016608889050646,927,925,820,924,820,0,0.8865,0.9978,4.0133,9.8832,1.2535,0,True,1.64,True,0.8802801222914195,-0.24636900944487056,-0.40547406511854334,0.24,4.0000,0.08,0.0790,89.3381,1.0000,0.0280,0,925,0,0,0.011635
768,33,1000000,33.001000000,16.58485450150143,-83.48914453093855,-35.905852165745266,0.6626701854077999,0.20783550362650435,0.16503349385699834,0.700311769649248,805,804,803,803,803,0,0.9988,0.9988,3.8206,8.3859,1.1171,0,True,1.64,True,-0.2275464649306441,0.20885892140581858,-0.9511049139010719,0.66,2.0000,0.00,0.0388,89.3376,1.0000,0.0257,0,804,0,0,0.003277
769,33,34000000,33.034000000,17.440258618988207,-82.99310442865728,-35.75676154660563,0.6621399283293612,0.20814584837524716,0.1656099408826623,0.7005850188213977,788,787,785,785,785,0,0.9975,0.9987,3.7743,11.8007,1.1587,0,True,1.64,True,0.9754140182777701,0.21986900750007768,0.015003749136285272,0.10,1.0000,0.02,0.0460,89.3367,1.0000,0.0393,0,787,0,0,0.003893
770,33,67000000,33.067000000,18.36105433260655,-82.62278523347784,-35.63429135650316,0.6614535504473887,0.20818475388711166,0.16623130451083404,0.7010745054914869,766,766,766,766,766,0,1.0000,1.0000,3.6337,7.6598,1.0865,0,True,1.64,True,0.9696496415040026,0.18749869751842854,0.15691976025998808,0.12,3.0000,0.03,0.0501,89.3353,1.0000,0.0538,0,766,0,0,0.004200
771,33,100000000,33.100000000,17.905614178239095,-81.73749218885705,-35.72826204840107,0.6586413651869427,0.21030560054045433,0.16869940809378853,0.702498125374584,755,754,744,747,744,0,0.9867,0.9987,4.5953,40.9475,1.3312,0,True,1.64,True,0.06613687040861511,-0.051237192626435245,-0.9964941868693041,0.52,2.0000,0.24,0.2473,89.3239,1.0000,0.4243,0,754,0,0,0.020167
772,33,133000000,33.133000000,18.65549988600386,-81.15684014718236,-35.41122162228928,0.6578953297418665,0.21065321061292624,0.16955271255170726,0.7028874999803776,737,736,735,735,735,0,0.9986,0.9986,3.4819,11.4214,1.0759,0,True,1.64,True,0.916132503003947,0.38970305428739765,-0.09398279852609408,0.14,1.0000,0.08,0.0865,89.3178,1.0000,0.2131,0,736,0,0,0.006827
773,33,166000000,33.166000000,19.051672411374998,-80.2425168612627,-35.49524696945376,0.6569744160154468,0.2119238488655525,0.17034769616513795,0.7031746307955108,727,726,629,726,629,0,0.8664,0.9986,3.1933,5.8039,1.0485,0,True,1.64,True,0.8157304668331489,0.0019339825184947923,-0.5784289629607001,0.20,0.0000,0.01,0.0407,89.3145,1.0000,0.1157,0,726,0,0,0.003253
774,33,199000000,33.199000000,19.67094569756291,-79.51666599967808,-35.79464824492012,0.6556990342648297,0.2128595957087523,0.17081613301681747,0.7039683357084019,616,615,613,615,613,0,0.9967,0.9984,3.2885,6.7167,1.0588,0,True,1.64,True,0.925935494859728,-0.21701382629722782,-0.30910913696412606,0.21,5.0000,0.10,0.1104,89.3035,1.0000,0.3744,0,615,0,0,0.009009
775,33,232000000,33.232000000,20.581968960743257,-79.24893220091846,-35.48103187585441,0.6555197904484946,0.21243329408108488,0.1711790257945343,0.704175859444397,607,607,607,607,607,0,1.0000,1.0000,2.8866,5.2559,0.9102,0,True,1.64,True,0.8906935274746848,0.36942837807693935,0.2649296389348402,0.07,4.0000,0.00,0.0272,89.3003,1.0000,0.1069,0,607,0,0,0.002259
776,33,265000000,33.265000000,19.94131455581438,-78.49634476001742,-35.63326221856972,0.6540091022148778,0.21426753950502278,0.17360979685989092,0.7044296658778791,601,601,600,601,600,0,0.9983,1.0000,2.7212,11.1060,0.9761,0,True,1.64,True,-0.14286994262476507,-0.11388995240105534,-0.9831669533891392,0.39,5.0000,0.00,0.0230,89.2975,1.0000,0.0954,0,601,0,0,0.001924
777,33,298000000,33.298000000,20.613656319818332,-77.77114616379481,-35.781732917405535,0.6530222647253671,0.21494657803861625,0.1738022059690436,0.7050905499031566,592,592,581,590,581,0,0.9814,1.0000,2.8115,18.5278,1.1988,0,True,1.64,True,0.9618071639791278,-0.0627549147813853,-0.2664372346148493,0.16,11.0000,0.10,0.1076,89.2818,1.0000,0.5185,0,592,0,0,0.009187
778,33,331000000,33.331000000,20.158453386502313,-77.00963469306318,-36.24313357783485,0.6516110370758745,0.21604787247069987,0.1750255557089137,0.705756635116223,576,576,471,575,471,0,0.8177,1.0000,2.4745,8.2415,1.1314,0,True,1.64,True,0.04990216771780003,-0.4095606076785495,-0.9109170556615142,0.26,0.0000,0.05,0.0639,89.2710,1.0000,0.3516,0,576,0,0,0.003210
779,33,364000000,33.364000000,19.367789995039075,-76.4162427972311,-36.092344124090054,0.6505192097354331,0.21899783811551593,0.17799000299821835,0.7051129437888742,462,461,460,460,460,0,0.9978,0.9978,2.2200,5.5445,1.1366,0,True,1.64,True,-0.3663268445977071,0.1759410929546334,-0.9137009219307027,0.50,5.0000,0.08,0.0858,89.2550,1.0000,0.5183,0,461,0,0,0.008937
780,33,397000000,33.397000000,18.685946192921442,-75.6854750847071,-36.12501796448526,0.6493004009843034,0.22084791471085266,0.18008021481000572,0.7051285727322877,456,456,454,455,454,0,0.9956,1.0000,2.0584,6.7645,1.0498,0,True,1.64,True,-0.1790736566178768,0.010331393853130116,-0.9837814227797524,0.35,1.0000,0.03,0.0545,89.2441,1.0000,0.3523,0,456,0,0,0.004084
781,33,430000000,33.430000000,19.127920642909547,-74.79214545393835,-36.206385994744565,0.6486025652867566,0.2214226713919864,0.18061934791122464,0.7054525951877978,450,450,442,450,442,0,0.9822,1.0000,1.9467,4.8004,1.0427,0,True,1.64,True,0.8595799878725108,0.01568332324270526,-0.5107604896829423,0.13,5.0000,0.04,0.0563,89.2323,1.0000,0.3803,0,450,0,0,0.003540
782,33,463000000,33.463000000,19.21232966415327,-74.47543301543271,-35.261627640228205,0.6498566967482268,0.22077721751715862,0.18263735981783222,0.7039796081674781,436,436,434,434,434,0,0.9954,1.0000,1.8586,8.3727,1.0270,0,True,1.64,True,0.16851294407668968,0.9724418310731692,-0.1611219192340644,0.33,6.0000,0.05,0.0663,89.2176,1.0000,0.4718,0,436,0,0,0.004806
783,33,496000000,33.496000000,19.4707115966791,-73.51190224776586,-35.331249739474984,0.649211750365313,0.22146808929801592,0.18314873247243893,0.704224772642962,433,433,372,432,372,0,0.8591,1.0000,1.7145,4.2265,0.9382,0,True,1.64,True,0.7453216207390992,0.023809583569593618,-0.666279810131663,0.13,15.0000,0.03,0.0518,89.2057,1.0000,0.3837,0,433,0,0,0.001645
784,33,529000000,33.529000000,18.800786410331284,-72.77647382810171,-35.22953796902965,0.6477855204412778,0.22219851458268236,0.18544058386474177,0.7047081165133379,372,372,372,372,372,0,1.0000,1.0000,1.6353,2.5314,0.8927,0,True,1.64,True,-0.16561659459421205,0.14758247256022305,-0.9750848975284293,0.33,11.0000,0.04,0.0568,89.1926,1.0000,0.4227,0,372,0,0,0.002928
785,33,562000000,33.562000000,19.14647236999083,-71.83973243148388,-35.17461280943296,0.6471672046256809,0.22271697354666078,0.1858909211587072,0.704993847052558,371,371,231,371,231,0,0.6226,1.0000,1.5336,2.2328,0.8573,0,True,1.64,True,0.7982642733036133,0.14999089302448554,-0.5833325655033942,0.11,12.0000,0.02,0.0459,89.1818,1.0000,0.3454,0,371,0,0,0.002791
786,33,595000000,33.595000000,20.10122225795844,-72.1318558047076,-35.11878641565534,0.6503432778991817,0.21773820523172988,0.17750999478332855,0.7057860133396209,229,229,229,229,229,0,1.0000,1.0000,1.5123,2.1997,0.8724,0,True,1.64,True,0.6291735563966985,0.05330920589155849,0.7754345649365534,1.18,2.0000,0.06,0.0722,89.1647,1.0000,0.5515,0,229,0,0,0.004323
787,33,628000000,33.628000000,21.04221261983453,-72.44257791266776,-34.98466367156963,0.651505985601825,0.21536052078051052,0.17460175796205804,0.7061685513605804,229,229,229,229,229,0,1.0000,1.0000,1.4018,6.1995,0.8194,0,True,1.64,True,0.6163524167753552,0.13590534617477368,0.7756541982199889,0.45,5.0000,0.01,0.0408,89.1551,1.0000,0.3120,0,229,0,0,0.001564
788,33,661000000,33.661000000,21.001894836183222,-72.46197945257816,-33.98566514475864,0.6535887010045307,0.2141665962619648,0.17696052269173432,0.704016656318189,226,226,226,226,226,0,1.0000,1.0000,1.2946,2.1034,0.7198,0,True,1.64,True,-0.12092512379004355,0.9912340261890894,0.05321860352668027,0.46,1.0000,0.01,0.0396,89.1458,1.0000,0.2987,0,226,0,0,0.001361
789,33,694000000,33.694000000,20.955390176447988,-72.49504492173867,-32.987294476433455,0.6539020685904903,0.21374873143811668,0.1780605469673417,0.703575160246128,224,224,224,224,224,0,1.0000,1.0000,1.2816,1.9773,0.7717,0,True,1.64,True,-0.12694205346764853,0.9902731553619102,0.05696308305370155,0.15,1.0000,0.06,0.0754,89.1268,1.0000,0.6160,0,224,0,0,0.002434
790,33,727000000,33.727000000,20.420044955876474,-71.91790142042511,-33.60398797705003,0.652993037391552,0.21418850601907324,0.17857847146870284,0.7041541780997783,223,223,222,223,222,0,0.9955,1.0000,0.9967,1.3787,0.6913,0,True,1.64,True,-0.10465808635198025,-0.5829155860931137,-0.8057642983223215,0.15,1.0000,0.01,0.0386,89.1159,1.0000,0.3502,0,223,0,0,0.001202
791,33,760000000,33.760000000,20.32749695901421,-71.0263193138652,-33.16068648197138,0.6528558709502056,0.2143808232701802,0.17905610848601283,0.7041015440926781,221,221,221,221,221,0,1.0000,1.0000,0.9242,1.1959,0.7750,0,True,1.64,True,0.3651415035089364,0.5133415258536507,-0.7766287145409182,0.06,0.0000,0.01,0.0396,89.1042,1.0000,0.3753,0,221,0,0,0.001199
792,33,793000000,33.793000000,19.57440780286343,-70.40607479488219,-33.380125447425584,0.6520257144251546,0.21407754862939388,0.17963535752251814,0.7048151596191398,221,221,55,221,55,0,0.2489,1.0000,1.0136,1.3958,0.8521,0,True,1.64,True,-0.2906222569256077,-0.18775293371826243,-0.9382363986009346,0.15,3.0000,0.06,0.0584,89.0862,1.0000,0.5823,0,221,0,0,0.001823
793,33,826000000,33.826000000,19.57440780286343,-70.40607479488219,-33.380125447425584,0.6520257144251546,0.21407754862939388,0.17963535752251814,0.7048151596191398,2000,0,0,0,0,0,0.0000,0.0000,0.0000,0.0000,0.0000,1,True,3.28,True,0.0,0.0,0.0,0.00,2.0000,0.00,0.0343,89.0753,1.0000,0.3496,0,2000,0,0,0.001184
794,33,859000000,33.859000000,19.72381209524001,-70.23907754481755,-34.35469728976984,0.651395718661863,0.21439399206880227,0.17968409267150093,0.705288920028251,2000,1960,927,1958,927,0,0.4730,0.9800,0.5970,12.0413,2.9286,0,True,3.28,True,0.28077482321125896,-0.9525970027560796,-0.11715139346512199,0.10,11.0000,0.03,0.0414,89.0615,1.0000,0.4469,0,1960,0,0,0.000771
795,33,892000000,33.892000000,20.423911633001424,-70.01247292655272,-35.031831681310614,0.6511336061064753,0.21440681906575038,0.17991691692610304,0.7054676788774167,927,927,12,926,12,0,0.0129,1.0000,0.4031,5.2014,2.1319,0,True,3.28,True,0.757527857445764,-0.6365846883819448,0.14460802090925773,0.05,4.0000,0.00,0.0338,89.0500,1.0000,0.3716,0,927,0,0,0.002627
796,33,925000000,33.925000000,20.423911633001424,-70.01247292655272,-35.031831681310614,0.6511336061064753,0.21440681906575038,0.17991691692610304,0.7054676788774167,2000,0,0,0,0,0,0.0000,0.0000,0.0000,0.0000,0.0000,1,True,4.92,True,0.0,0.0,0.0,0.00,6.0000,0.01,0.0330,89.0379,1.0000,0.3903,0,2000,0,0,0.002080
797,33,958000000,33.958000000,19.556249272802916,-70.46869845268472,-34.83429611995437,0.650740571700776,0.21479389700200346,0.18002553357036674,0.7056848428412958,2000,1928,1390,1927,1390,0,0.7210,0.9640,0.5041,11.5725,2.3459,0,True,4.92,True,-0.988389469050572,0.13487719118742,-0.06995999404888766,0.07,14.0000,0.00,0.0228,89.0280,1.0000,0.3161,0,1928,0,0,0.001464
798,33,991000000,33.991000000,18.8961156909995,-71.03389906005182,-34.33955181467411,0.6506245199108737,0.2147726513067485,0.18010920769130614,0.7057769588518916,1390,1390,1157,1390,1157,0,0.8324,1.0000,0.5373,2.8033,1.3604,0,True,4.92,True,-0.8921069708811666,0.42595883645819704,0.1506792027733367,0.02,11.0000,0.00,0.0158,89.0203,1.0000,0.2483,0,1390,0,0,0.001882
799,34,24000000,34.024000000,18.49917841756472,-71.94246976323184,-34.469705870627486,0.6502449169592274,0.21472313913382168,0.17963916168753824,0.7062614905807928,1157,1157,911,1157,911,0,0.7874,1.0000,0.8437,2.1660,1.1649,0,True,4.92,True,-0.8105212728207559,-0.22002562025757208,0.5428111943717564,0.09,2.0000,0.01,0.0234,89.0047,1.0000,0.4927,0,1157,0,0,0.004418
800,34,57000000,34.057000000,18.029026991894682,-72.8244330076839,-34.50284908073208,0.6496757680062267,0.21472658777933112,0.17942390868407176,0.706838701514493,911,911,840,911,840,0,0.9221,1.0000,0.7666,1.8687,1.1939,0,True,4.92,True,-0.86422183751777,-0.12420792688154071,0.4875376974729225,0.10,0.0000,0.00,0.0122,88.9951,1.0000,0.2995,0,911,0,0,0.002903
801,34,90000000,34.090000000,17.52633758270524,-73.67049452634379,-34.325413840343735,0.6496920176366189,0.21458988182612873,0.17897020487985185,0.7069802901088342,840,840,728,840,728,0,0.8667,1.0000,0.9159,1.9470,1.1136,0,True,4.92,True,-0.8871197574248031,0.0865090469759466,0.45335937265912146,0.06,12.0000,0.00,0.0154,88.9831,1.0000,0.3715,0,840,0,0,0.002823
802,34,123000000,34.123000000,16.66707110492656,-74.09215949748905,-34.61499935841201,0.648288738399273,0.2151827328800737,0.1798989061188172,0.7078520231744729,728,728,728,728,728,0,1.0000,1.0000,1.0761,2.0984,1.0018,0,True,4.92,True,-0.9288417873144286,-0.3491012436092643,-0.1240211911287874,0.23,4.0000,0.00,0.0106,88.9756,1.0000,0.2298,0,728,0,0,0.003876
803,34,156000000,34.156000000,16.090792409151213,-74.81396979002382,-34.23173343716889,0.6484382408080437,0.2147750873925542,0.17964467669981837,0.7079034537468425,728,728,700,728,700,0,0.9615,1.0000,1.2691,2.4188,0.9724,0,True,4.92,True,-0.8981876724668015,0.2990482656510114,0.32222513843552264,0.06,11.0000,0.00,0.0199,88.9652,1.0000,0.3162,0,728,0,0,0.003528
804,34,189000000,34.189000000,16.936820469152337,-75.31103318380134,-34.03895246233715,0.6491156903480599,0.2105176770691624,0.17751262178336105,0.7090982987519876,700,700,700,700,700,0,1.0000,1.0000,1.4930,2.7173,0.7767,0,True,4.92,True,0.4347879973994141,0.1653525626300649,0.885221965017293,0.57,19.0000,0.00,0.0256,88.9555,1.0000,0.2881,0,700,0,0,0.002727
805,34,222000000,34.222000000,16.902111479085892,-76.16432563776786,-33.518676310651976,0.6500600820734455,0.20956408321292216,0.1766356899084946,0.7087345185415644,700,700,700,700,700,0,1.0000,1.0000,1.7656,3.2513,0.8706,0,True,4.92,True,-0.5128973804486129,0.43664425852764094,0.7391062634180537,0.19,1.0000,0.00,0.0291,88.9462,1.0000,0.2707,0,700,0,0,0.007444
806,34,255000000,34.255000000,17.625592318135006,-76.8501953513542,-33.44020203771005,0.6576690872438823,0.20178119515072385,0.1717716839106767,0.7051597050128677,700,700,700,700,700,0,1.0000,1.0000,11.8049,19.1029,1.2961,0,True,4.92,True,0.25090354324815867,0.030691395468567327,0.9675254261412004,1.43,1.0000,0.68,0.3122,88.9261,1.0000,0.2588,0,700,0,0,0.004994
807,34,288000000,34.288000000,17.542516764504963,-77.34787407405446,-32.57682822448633,0.6849449679444161,0.183269966020711,0.18779518007040522,0.6797024943199153,700,638,385,385,385,0,0.6034,0.9114,59.1994,419.4495,5.9115,0,True,4.92,True,-0.374688111827992,0.8209356367283652,0.4308984789995988,5.11,2.0000,7.50,3.6368,88.8410,1.0000,0.5890,0,638,0,0,0.012407
808,34,321000000,34.321000000,17.319672054166144,-78.07656474207086,-31.929255722429748,0.7175721974515626,0.1669077957121658,0.20165706600998434,0.6454195200823156,385,381,235,253,235,0,0.6168,0.9896,63.3299,703.7882,5.7023,0,True,4.92,True,-0.5558701872085431,0.6549208088509817,0.5119444004056644,5.95,0.0000,7.73,3.7493,88.8916,1.0000,0.2708,0,381,0,0,0.010250
809,34,354000000,34.354000000,16.974884034158208,-78.5207054291948,-32.75621416836282,0.752547495413484,0.14619167394788193,0.21958060546406877,0.6033942486627143,235,223,60,106,60,0,0.2691,0.9489,62.3627,411.3168,8.7674,0,True,4.92,True,-0.5806950041350016,-0.765126854647009,0.2781621981337965,7.01,4.0000,9.60,4.7799,89.1506,1.0000,0.0001,0,223,0,0,0.012959
810,34,387000000,34.387000000,16.974884034158208,-78.5207054291948,-32.75621416836282,0.752547495413484,0.14619167394788193,0.21958060546406877,0.6033942486627143,2000,0,0,0,0,0,0.0000,0.0000,0.0000,0.0000,0.0000,1,True,6.56,True,0.0,0.0,0.0,0.00,13.0000,5.81,2.7448,89.3963,1.0000,0.1656,0,2000,0,0,0.007615
811,34,420000000,34.420000000,16.936328769448192,-79.20073020989919,-32.024039469816714,0.780022699289362,0.13873199445825554,0.22498018953740198,0.5671877437169166,2000,1846,499,1010,499,0,0.2703,0.9230,63.6508,842.7859,10.5678,0,True,6.56,True,-0.2502106087672968,0.8694607075048719,0.4259492098424719,5.31,4.0000,5.22,2.4462,89.6758,1.0000,0.2860,0,1846,0,0,0.006964
812,34,453000000,34.453000000,16.909496684666664,-80.04789366912246,-31.493385050648147,0.8104282864147867,0.09105491873938715,0.26017119231555286,0.5169390148182468,492,451,84,84,84,0,0.1863,0.9167,69.4132,527.8022,10.3700,0,True,6.56,True,-0.3199019045627821,0.7731949311590092,0.5475695114660053,9.56,2.0000,15.20,8.1866,91.0228,1.0000,2.1892,0,451,0,0,0.021959
813,34,486000000,34.486000000,16.909496684666664,-80.04789366912246,-31.493385050648147,0.8104282864147867,0.09105491873938715,0.26017119231555286,0.5169390148182468,2000,0,0,0,0,0,0.0000,0.0000,0.0000,0.0000,0.0000,1,True,8.20,True,0.0,0.0,0.0,0.00,2.0000,8.46,4.1465,91.9493,1.0000,2.1603,0,2000,0,0,0.018252
814,34,519000000,34.519000000,17.436933987753797,-80.38644213876478,-32.272612119617776,0.823059652983574,0.08826656027277457,0.25919292609996636,0.49759506531707964,2000,1927,1417,1559,1417,0,0.7353,0.9635,40.7297,756.5690,9.6680,0,True,6.56,True,0.05101397103366,-0.6018546741325743,0.7969746081175672,2.67,9.0000,2.63,1.1950,92.2481,1.0000,0.8484,0,1927,0,0,0.005146
815,34,552000000,34.552000000,17.332869989695503,-81.30889852133419,-31.900799120160965,0.8342570313337386,0.08455294701774224,0.2628933035525629,0.477234864367695,1400,1382,1055,1341,1055,0,0.7634,0.9871,29.4075,703.1161,2.6195,0,True,6.56,True,-0.3344569481587895,0.7845684947695495,0.5221023145355248,2.73,7.0000,3.17,1.4468,92.6291,1.0000,1.1783,0,1382,0,0,0.006827
816,34,585000000,34.585000000,17.31054922691786,-82.29785372514219,-31.7542747590121,0.8449396361185965,0.0793243090896693,0.26493237554831295,0.45781601292391255,1031,1021,1020,1020,1020,0,0.9990,0.9903,19.4424,26.9385,1.2091,0,True,6.56,True,-0.35414158273872065,0.6499787216586466,0.6723922967779343,2.62,5.0000,2.46,1.1143,92.9369,1.0000,1.0421,0,1021,0,0,0.005858
817,34,618000000,34.618000000,17.123907502563323,-82.00029980521653,-32.690558119681725,0.8524194386985589,0.054096004544258856,0.2819837843712875,0.43696666711870435,990,930,174,432,174,0,0.1871,0.9394,41.5110,115.9417,5.7004,0,True,6.56,True,-0.3971985197417292,-0.9125330005428978,0.09755438911271565,4.32,6.0000,8.97,4.4289,94.3003,1.0000,6.1441,0,930,0,0,0.034473
818,34,651000000,34.651000000,17.011466755541814,-82.9928159510629,-32.64292642179581,0.8569283322094584,0.05310979931480431,0.28374339019940975,0.4270162423042041,163,163,163,163,163,0,1.0000,1.0000,8.1953,9.8881,0.7394,0,True,6.56,True,-0.4093802928587595,0.661961651122902,0.6278650717005346,1.27,7.0000,1.54,0.6967,94.5382,1.0000,1.4233,0,163,0,0,0.008656
819,34,684000000,34.684000000,16.72393952713071,-83.8928423158388,-32.97046364965009,0.858450666037436,0.054989210088034195,0.2853668221446979,0.42261615867452695,160,160,147,160,147,0,0.9187,1.0000,4.0170,5.5199,0.8714,0,True,6.56,True,-0.6840535785300981,0.3606480920495473,0.6340375820100796,0.60,7.0000,1.30,0.5710,94.7394,1.0000,1.3261,0,160,0,0,0.008388
820,34,717000000,34.717000000,16.129104075281298,-83.19928407115167,-33.37684739249616,0.8347772829414635,0.07988619514248219,0.31052812941486285,0.4475906216093352,139,139,139,139,139,0,1.0000,1.0000,3.4138,4.3657,0.8310,0,True,6.56,True,-0.44180969346209054,-0.6619248139095854,-0.6055243475647321,5.66,5.0000,1.23,0.5628,94.9440,1.0000,1.4813,0,139,0,0,0.009778
821,34,750000000,34.750000000,16.858597125932548,-83.5959219141467,-33.934089091003884,0.8378404276732453,0.06347102430453319,0.30867679380802193,0.4457729060793699,135,127,126,126,126,0,0.9921,0.9407,26.1208,34.2065,1.3065,0,True,6.56,True,0.16728848411003147,-0.3168962705157097,0.9335905509469351,1.94,2.0000,5.10,2.3952,95.9262,1.0000,10.0994,0,127,0,0,0.081359
822,34,783000000,34.783000000,15.993251392060717,-83.95660439697973,-33.58611652391386,0.8299179270312312,0.047980052694121006,0.34105517712757616,0.438879841289311,113,112,112,112,112,0,1.0000,0.9912,9.9524,11.9716,0.8855,0,True,6.56,True,-0.6707958766101689,0.6340995862240637,-0.3846434799567856,4.29,2.0000,0.86,0.3802,96.1169,1.0000,2.8789,0,112,0,0,0.029518
823,34,816000000,34.816000000,16.083596689361606,-84.89548999873584,-33.25395458438637,0.8493064561705672,0.02582634559894175,0.3387942325068056,0.40401734046959054,107,103,101,101,101,0,0.9806,0.9626,14.1677,22.5330,1.1329,0,True,6.56,True,-0.11288284541681326,0.8058641830886853,0.5812403819637877,5.24,2.0000,0.37,0.1631,96.2059,1.0000,1.4860,0,103,0,0,0.016635
824,34,849000000,34.849000000,16.083596689361606,-84.89548999873584,-33.25395458438637,0.8493064561705672,0.02582634559894175,0.3387942325068056,0.40401734046959054,2000,0,0,0,0,0,0.0000,0.0000,0.0000,0.0000,0.0000,1,True,8.20,True,0.0,0.0,0.0,0.00,3.0000,0.61,0.2670,96.3688,1.0000,3.0360,0,2000,0,0,0.032173
825,34,882000000,34.882000000,16.202448167142528,-85.88487233606166,-33.170307009305176,0.8496202134261358,0.025407726385212596,0.3399948705571707,0.4023722509971015,2000,1980,1944,1946,1944,0,0.9818,0.9900,11.7428,211.0355,3.4452,0,True,8.20,True,-0.17645306092664914,0.6966146752680571,0.6954080179943251,0.24,14.0000,0.62,0.2622,96.5594,1.0000,3.9696,0,1980,0,0,0.041236
826,34,915000000,34.915000000,16.295748061280726,-86.88032164740439,-33.150921491486784,0.8497708301836094,0.025742690416307844,0.3405103285027529,0.4015962726945269,1922,1911,1903,1904,1903,0,0.9958,0.9943,12.2980,83.0719,2.0294,0,True,8.20,True,-0.2329288255280579,0.6639205215954451,0.7106009451461149,0.11,13.0000,0.29,0.1134,96.6582,1.0000,2.2181,0,1911,0,0,0.042476
827,34,948000000,34.948000000,16.4623729498813,-87.85157909182104,-32.98093583572709,0.8491998925624533,0.027057384191729414,0.341449601156276,0.40191990533293925,1893,1880,1762,1876,1762,0,0.9372,0.9931,13.6629,34.1892,2.0002,0,True,8.20,True,-0.08550505434414356,0.73740135376171,0.6700209915756391,0.20,14.0000,0.22,0.1099,96.7645,1.0000,2.4617,0,1880,0,0,0.037159
828,34,981000000,34.981000000,16.628537274554013,-88.83095196241759,-32.8659654154203,0.8484632835252256,0.028405251971828072,0.34216731563504904,0.40277130766865005,1746,1732,1728,1729,1728,0,0.9977,0.9920,15.6557,36.7826,1.6856,0,True,8.20,True,-0.12246721531838702,0.7041580993330886,0.6994019962194645,0.22,1.0000,0.17,0.0983,96.8588,1.0000,2.1800,0,1732,0,0,0.086411
829,35,14000000,35.014000000,16.781848808825544,-89.80908405414756,-32.72541939239856,0.8479338789597469,0.028292080781867887,0.3429780003530664,0.403204397732864,1713,1696,1689,1689,1689,0,0.9959,0.9901,17.0576,36.3091,1.7712,0,True,8.20,True,-0.12119557199571852,0.7231232851567448,0.6800031968989175,0.12,12.0000,0.16,0.1211,96.9543,1.0000,2.0820,0,1696,0,0,0.034027
830,35,47000000,35.047000000,16.958969915506838,-90.75322840088724,-32.44753530489535,0.8469129491019951,0.029441474250966753,0.3442322766032683,0.4041977189220917,1669,1629,1624,1626,1624,0,0.9969,0.9760,17.7671,38.0453,1.8311,0,True,8.20,True,-0.01597486512880045,0.7905614872725107,0.6121742713685315,0.25,14.0000,0.08,0.0876,97.0138,1.0000,1.2200,0,1629,0,0,0.046497
831,35,80000000,35.080000000,17.118675335955214,-91.73073064917472,-32.30975456142111,0.8462085612885809,0.02931407518744994,0.3450312371150441,0.40500024841063603,1600,1563,1557,1557,1557,0,0.9962,0.9769,19.0321,40.4306,1.8636,0,True,8.20,True,-0.12212580162990623,0.7170524071461061,0.686236937203345,0.15,4.0000,0.14,0.1352,97.0880,1.0000,1.3535,0,1563,0,0,0.101106
832,35,113000000,35.113000000,17.30717336490278,-92.70568243633834,-32.1916973473708,0.8442911967980035,0.03177593892089296,0.34618253090756945,0.4078238835692686,1545,1521,1306,1482,1306,0,0.8586,0.9845,19.8516,71.2130,1.9005,0,True,8.20,True,-0.11141533421415867,0.6934220061748912,0.7118655383247151,0.50,0.0000,0.14,0.1418,97.1477,1.0000,0.9116,0,1521,0,0,0.067364
833,35,146000000,35.146000000,17.474487782297594,-93.66078442621807,-31.94718543629166,0.8430358033056039,0.031613675564293654,0.34738370390314105,0.4094090523238653,1286,1259,1237,1237,1237,0,0.9825,0.9790,23.7470,188.8927,1.8781,0,True,8.20,True,-0.0574647927889375,0.7709626820005876,0.6342825400026278,0.27,1.0000,0.24,0.1681,97.1789,1.0000,0.5746,0,1259,0,0,0.066767
834,35,179000000,35.179000000,17.63636944661599,-94.63644279220665,-31.79924937025642,0.8408575965016444,0.03306647347340839,0.3485440464668068,0.4127737375488594,1216,1163,1120,1123,1120,0,0.9630,0.9564,24.6469,87.9234,1.9630,0,True,8.20,True,-0.12421912275368546,0.7145877161178836,0.6884286495460017,0.51,0.0000,0.25,0.1379,97.1761,1.0000,0.2315,0,1163,0,0,0.040571
835,35,212000000,35.212000000,17.797579475859983,-95.5659663989421,-31.46759112598579,0.837316512918263,0.03614617867443348,0.3481745062010503,0.41996312242063694,1112,1093,885,889,885,0,0.8097,0.9829,30.1031,106.8981,3.2679,0,True,8.20,True,-0.012112664132328357,0.8111918742257954,0.5846546215995035,0.98,4.0000,1.59,0.7476,97.0195,1.0000,0.2581,0,1093,0,0,0.120601
836,35,245000000,35.245000000,17.963680724181714,-96.5195664615251,-31.21647900770466,0.8333042023936148,0.03859457312533096,0.34680862524244743,0.4287637375710059,871,848,764,765,764,0,0.9009,0.9736,30.0169,90.3675,2.7208,0,True,8.20,True,-0.07240801426784164,0.7591405098144018,0.6468869807226902,1.15,14.0000,1.59,0.7205,96.8203,1.0000,0.0618,0,848,0,0,0.047811
837,35,278000000,35.278000000,18.137970903632116,-97.4485650775032,-30.890006183632117,0.8276469461083091,0.042588372539827966,0.34471543807743754,0.44086055604133934,752,731,661,666,661,0,0.9042,0.9721,32.2106,117.2743,2.8528,0,True,8.20,True,-0.02629784602165547,0.7860680738541349,0.6175802834950868,1.62,16.0000,2.04,0.9240,96.5530,1.0000,0.1417,0,731,0,0,0.056107
838,35,311000000,35.311000000,18.243256087259986,-98.40384610621047,-30.613685380397147,0.8198205051035451,0.05190236592942182,0.3397504595745155,0.45800666921083355,646,612,394,413,394,0,0.6438,0.9474,44.5377,300.5352,6.5948,0,True,8.20,True,-0.13051918099602328,0.765663574848703,0.6298603285983584,2.48,1.0000,3.72,1.7109,96.0494,1.0000,0.3006,0,612,0,0,0.149667
839,35,344000000,35.344000000,18.398085363912884,-99.25972468117824,-30.1202284319181,0.8121195539106508,0.051851336913883314,0.33871969949816383,0.47227347394076913,377,355,332,333,332,0,0.9352,0.9416,35.1676,227.6674,2.3437,0,True,8.20,True,0.030480609502035586,0.8451554287329529,0.5336508537682694,1.86,3.0000,1.49,0.6609,95.8552,1.0000,0.1089,0,355,0,0,0.036560
840,35,377000000,35.377000000,18.47532893943465,-100.04925981563923,-29.511403579031608,0.8018477728407571,0.05786932902239998,0.334665252944602,0.49162023800931987,319,308,232,237,232,0,0.7532,0.9655,44.1961,168.7276,3.1973,0,True,8.20,True,0.04514303581627231,0.903288776029093,0.4266514894116201,2.64,6.0000,3.58,1.6408,95.3804,1.0000,0.2232,0,308,0,0,0.083634
841,35,410000000,35.410000000,18.573049840045677,-100.98638332075302,-29.176366026290133,0.7922329949453554,0.05654489992992528,0.3291189518732174,0.5107350306467159,215,212,198,198,198,0,0.9340,0.9860,42.6352,179.9868,1.8120,0,True,8.20,True,-0.15940771411918314,0.7318965045002489,0.6625078772208026,2.54,2.0000,2.34,1.0553,95.0820,1.0000,0.1065,0,212,0,0,0.049739
842,35,443000000,35.443000000,18.65761551048828,-101.52322402716409,-28.336931274017722,0.7762024214066657,0.06284027264432208,0.3259202784613258,0.5360381266515546,191,191,141,168,141,0,0.7382,1.0000,45.2781,180.6025,1.9022,0,True,8.20,True,0.22639114713759975,0.943034374233197,0.24378928916653506,3.53,1.0000,2.70,1.2295,94.7424,1.0000,0.0826,0,191,0,0,0.054991
843,35,476000000,35.476000000,18.440116733608917,-102.4747255352219,-28.119355626897754,0.7570657052586764,0.0958512982434001,0.3004635603412172,0.572176280051277,135,134,34,52,34,0,0.2537,0.9926,68.6453,179.7284,3.8003,0,True,8.20,True,-0.4994349866163684,0.6419300551371021,0.5817993627146604,6.69,3.0000,10.75,5.4044,93.3704,1.0000,0.1849,0,134,0,0,0.175837
844,35,509000000,35.509000000,18.440116733608917,-102.4747255352219,-28.119355626897754,0.7570657052586764,0.0958512982434001,0.3004635603412172,0.572176280051277,2000,0,0,0,0,0,0.0000,0.0000,0.0000,0.0000,0.0000,1,True,9.84,True,0.0,0.0,0.0,0.00,13.0000,4.47,2.0650,92.9029,1.0000,0.2669,0,2000,0,0,0.121676
845,35,542000000,35.542000000,18.32474343681742,-103.17379571268629,-27.413671639997553,0.7372347630617628,0.12240723033465609,0.276827616205226,0.6040429165226566,2000,1655,167,239,167,0,0.1009,0.8275,54.5377,608.8270,13.1269,0,True,9.84,True,-0.19060467574937118,0.9034354004203003,0.3840238727603908,5.92,0.0000,10.50,5.2716,91.8628,1.0000,1.1380,0,1655,0,0,0.189435
846,35,575000000,35.575000000,18.554605916668045,-103.49470210426975,-26.49487768692767,0.7228810666950203,0.10976189652240191,0.27284320707066717,0.6252614443903192,167,52,29,32,29,0,0.5577,0.3114,75.5285,455.4500,8.6570,0,True,9.84,True,0.26166147292694497,0.922311803961152,0.28438391280033276,3.31,3.0000,6.19,2.9275,91.3844,1.0000,0.8794,0,52,0,0,0.101310
847,35,608000000,35.608000000,18.554605916668045,-103.49470210426975,-26.49487768692767,0.7228810666950203,0.10976189652240191,0.27284320707066717,0.6252614443903192,2000,0,0,0,0,0,0.0000,0.0000,0.0000,0.0000,0.0000,1,True,11.48,True,0.0,0.0,0.0,0.00,8.0000,5.43,2.5457,91.0282,1.0000,0.9068,0,2000,0,0,0.067238
848,35,641000000,35.641000000,18.942585232472215,-102.93266316380952,-27.225346221441278,0.6929701591590115,0.1562387180006789,0.2385108609261701,0.662189089862477,2000,1742,244,257,244,0,0.1401,0.8710,68.8684,928.4521,14.8252,0,True,11.48,True,0.41394001954389603,-0.883925317885269,-0.21755388440895626,8.58,7.0000,8.48,4.1418,90.5685,1.0000,1.6623,0,1742,0,0,0.160675
849,35,674000000,35.674000000,18.827848104668604,-102.82766812767504,-28.21317790441691,0.664365173945236,0.18567545309125194,0.21086654533778895,0.6925885082972288,243,207,94,111,94,0,0.4541,0.8519,53.2018,210.9601,6.2433,0,True,11.48,True,-0.16231843393968495,-0.9766008873245519,-0.14107952679345903,6.66,2.0000,7.83,3.7938,90.2806,1.0000,1.7286,0,207,0,0,0.129497
850,35,707000000,35.707000000,18.827848104668604,-102.82766812767504,-28.21317790441691,0.664365173945236,0.18567545309125194,0.21086654533778895,0.6925885082972288,2000,0,0,0,0,0,0.0000,0.0000,0.0000,0.0000,0.0000,1,True,13.11,True,0.0,0.0,0.0,0.00,1.0000,3.34,1.5240,90.2012,1.0000,0.7404,0,2000,0,0,0.052514
851,35,740000000,35.740000000,18.764504666066195,-102.88205336885707,-27.216669071376494,0.6402371046221109,0.19493158896198878,0.1976596801882911,0.7162602713523297,2000,1888,357,427,357,0,0.1891,0.9440,57.6106,658.3442,12.9716,0,True,13.11,True,-0.059734399501681155,0.9964173219178476,0.05986920826466687,4.29,6.0000,6.12,2.8998,90.1075,1.0000,1.4732,0,1888,0,0,0.101115
852,35,773000000,35.773000000,18.728967742819936,-102.70960307266223,-26.232292099668765,0.6173566720127067,0.19677797714528508,0.1916131494660978,0.7371794680969402,357,329,179,218,179,0,0.5441,0.9216,45.5206,259.2264,7.7866,0,True,13.11,True,0.036077663104821585,0.9974718403071122,-0.06122360671536613,3.63,6.0000,3.23,1.4739,90.0887,1.0000,0.7748,0,329,0,0,0.052174
853,35,806000000,35.806000000,18.667644636575616,-102.42281437362438,-25.276262958510035,0.5959591077866658,0.19899527621274013,0.1860668608765727,0.7553891349328999,179,171,112,112,112,0,0.6550,0.9553,52.0422,255.1257,5.3595,0,True,13.11,True,0.04744799013703658,0.9918246280061098,-0.11845925676154469,3.29,2.0000,3.83,1.7612,90.0918,1.0000,0.9444,0,171,0,0,0.063168
854,35,839000000,35.839000000,18.53607353688213,-102.36545389192025,-24.286617152747137,0.5695489947990325,0.2182749479177973,0.1562063679900611,0.7768973936333216,112,108,30,45,30,0,0.2778,0.9643,58.5087,348.7331,6.3211,0,True,11.48,True,-0.16035592903762014,0.9827478125123986,0.09215591692657228,5.64,1.0000,12.92,6.7249,90.3566,1.0000,3.7402,0,108,0,0,0.250144
855,35,872000000,35.872000000,18.53607353688213,-102.36545389192025,-24.286617152747137,0.5695489947990325,0.2182749479177973,0.1562063679900611,0.7768973936333216,2000,0,0,0,0,0,0.0000,0.0000,0.0000,0.0000,0.0000,1,True,13.11,True,0.0,0.0,0.0,0.00,18.0000,7.94,3.8600,90.6861,1.0000,2.1203,0,2000,0,0,0.112908
856,35,905000000,35.905000000,18.424187974422765,-101.87398377886336,-23.422939696236337,0.5502706614642543,0.22232853631686317,0.14835258841956486,0.7910522932019781,2000,1862,621,723,621,0,0.3335,0.9310,57.5475,757.5300,11.4117,0,True,13.11,True,0.006477154086929702,0.9711887814812012,-0.23822341866406319,2.92,15.0000,3.58,1.6399,90.8641,1.0000,0.8695,0,1862,0,0,0.099180
857,35,938000000,35.938000000,18.254408829976445,-101.3463001464087,-22.590638653253396,0.5336917577434487,0.22322227749500229,0.14449038826496827,0.802787300750137,619,583,466,470,466,0,0.7993,0.9418,42.8181,278.0393,4.0682,0,True,11.48,True,-0.04942594627685116,0.9626936051004888,-0.2660415353535267,2.37,18.0000,1.93,0.8639,90.9666,1.0000,0.4417,0,583,0,0,0.063179
858,35,971000000,35.971000000,18.08710062054631,-100.7471065185901,-21.807711479476136,0.5191770848627754,0.22215428537514198,0.14419593672982972,0.8125947082484956,463,454,399,399,399,0,0.8789,0.9806,34.5645,194.2449,3.1180,0,True,11.48,True,-0.021728681288442974,0.9531721653297393,-0.30164662711537377,2.01,7.0000,1.21,0.5400,91.0338,1.0000,0.2705,0,454,0,0,0.024995
859,36,4000000,36.004000000,17.900718498010928,-100.11052208188934,-21.059365330057588,0.507607745925661,0.22348698818421842,0.14111440339793274,0.8200455277252977,399,392,373,375,373,0,0.9515,0.9825,30.8611,60.2990,2.4485,0,True,11.48,True,-0.02234750908231895,0.9469902257209886,-0.3204841668892973,1.62,12.0000,1.66,0.7417,91.1297,1.0000,0.3602,0,392,0,0,0.035131
860,36,37000000,36.037000000,17.656731167544713,-99.50488528394396,-20.301952462761022,0.5019887344643139,0.2272204094219876,0.13726628163667992,0.8231258493928256,373,365,343,343,343,0,0.9397,0.9786,29.3882,58.3833,2.3827,0,True,11.48,True,-0.10143054457440136,0.94886067301783,-0.2989569665143979,0.96,14.0000,2.08,0.9400,91.2575,1.0000,0.4387,0,365,0,0,0.045671
861,36,70000000,36.070000000,17.425933402407097,-98.88152959360616,-19.554851348499415,0.4995427891033192,0.23298144577768978,0.1282759695311647,0.82445249918904,343,334,323,324,323,0,0.9671,0.9738,29.7820,125.0292,2.0819,0,True,11.48,True,-0.0917058275245789,0.9492148387308372,-0.3009671595560274,1.26,9.0000,2.41,1.0895,91.4141,1.0000,0.4827,0,334,0,0,0.054746
862,36,103000000,36.103000000,17.24589599034684,-98.18207867701145,-18.863219260223122,0.5008169347364888,0.23866230115276507,0.12087430579613419,0.8231719784394492,323,316,307,307,307,0,0.9715,0.9783,26.5531,56.5050,1.9667,0,True,11.48,True,-0.02087482409904441,0.9345562948904624,-0.3552024400246216,1.09,4.0000,2.07,0.9360,91.5554,1.0000,0.3871,0,316,0,0,0.049373
863,36,136000000,36.136000000,17.128598220263118,-97.39473488413097,-18.257966432930314,0.504008506940748,0.24486382271322815,0.11526595885296513,0.8202017385907746,307,304,293,293,293,0,0.9638,0.9902,25.5962,52.9549,1.9304,0,True,11.48,True,0.07985351821744274,0.8986413847422898,-0.4313549318794864,1.08,1.0000,2.00,0.9006,91.6956,1.0000,0.3404,0,304,0,0,0.052324
864,36,169000000,36.169000000,17.008530367654004,-96.68875095742594,-17.55999049781224,0.5078848385677285,0.25051831548912895,0.10756677598174334,0.8171431655850858,292,278,274,274,274,0,0.9856,0.9521,25.8424,52.8782,1.7227,0,True,11.48,True,0.006003979302787839,0.9380870792647703,-0.3463474901728385,1.23,20.0000,2.05,0.9210,91.8395,1.0000,0.3088,0,278,0,0,0.067368
865,36,202000000,36.202000000,16.91620751077461,-96.03244482924579,-16.811165580885202,0.5104783468375781,0.25326872680583207,0.1001738229464881,0.8156175664049984,267,258,180,254,180,0,0.6977,0.9663,18.0645,42.8967,1.6862,0,True,11.48,True,-0.020977336439291904,0.9571750121001797,-0.2887489351788738,0.97,6.0000,0.77,0.3346,91.8915,1.0000,0.1039,0,258,0,0,0.029788
866,36,235000000,36.235000000,16.796717542665508,-95.43176260532894,-16.02065750793998,0.5151538446968406,0.25609995327511004,0.09516867844403619,0.8123867631059516,177,162,161,161,161,0,0.9938,0.9153,22.2633,36.8512,1.4375,0,True,11.48,True,-0.09402794450040396,0.9625696101246303,-0.2542016744979196,0.93,1.0000,1.00,0.4262,91.9543,1.0000,0.1178,0,162,0,0,0.053052
867,36,268000000,36.268000000,16.723745660140313,-94.7601631736126,-15.283345289352095,0.5194045418894815,0.25847376844052034,0.09168200367305786,0.8093235713206601,157,151,149,149,149,0,0.9868,0.9618,19.9705,45.3136,1.3830,0,True,11.48,True,-0.015524026909535794,0.9480771948720139,-0.31766119868835907,0.77,1.0000,0.63,0.2867,91.9819,1.0000,0.0445,0,151,0,0,0.093650
868,36,301000000,36.301000000,16.612253021933974,-94.23724346677594,-14.438286491499767,0.525372519937847,0.2561402805801364,0.09461871357210433,0.8058679612693668,148,145,139,139,139,0,0.9586,0.9797,14.4841,178.5746,1.8485,0,True,11.48,True,-0.1497831292311929,0.9691103305368577,-0.19593412526779025,0.90,7.0000,1.12,0.5255,91.8682,1.0000,0.1772,0,145,0,0,0.155243
869,36,334000000,36.334000000,16.578204049326757,-93.55593529648303,-13.707082112029505,0.5311970319500674,0.2559340182243563,0.095701975831396,0.8019779444504322,139,139,138,138,138,0,0.9928,1.0000,12.7518,23.7325,1.3802,0,True,11.48,True,0.0291271896742666,0.9436317349494474,-0.32971314140927893,0.81,4.0000,0.52,0.2360,91.8242,1.0000,0.0590,0,139,0,0,0.036068
870,36,367000000,36.367000000,16.525428375926406,-92.79520593958999,-13.06016204443365,0.5382225740648847,0.254953215625541,0.1027829795245699,0.7967126067342087,138,132,131,131,131,0,0.9924,0.9565,10.7348,267.0066,1.9993,0,True,11.48,True,0.07893192405085124,0.8941125552167246,-0.4408315891238402,1.30,0.0000,1.38,0.6234,91.7147,1.0000,0.1344,0,132,0,0,0.080437
871,36,400000000,36.400000000,16.415555905266192,-92.20674699215525,-12.259135136411837,0.5437021921754779,0.24908447027741026,0.11017174733207943,0.7938558049041388,131,129,128,129,128,0,0.9922,0.9847,8.7465,12.4819,1.4726,0,True,9.84,True,-0.07218325071693797,0.9518888918762393,-0.29782061016417416,1.29,1.0000,3.32,1.5266,91.4746,1.0000,0.2082,0,129,0,0,0.168405
872,36,433000000,36.433000000,16.334317818937354,-91.5701189721183,-11.49225500403557,0.5494274031321243,0.24639674610971285,0.1160247568055664,0.7899091264204035,128,126,126,126,126,0,1.0000,0.9844,7.2468,14.2443,1.4428,0,True,9.84,True,0.003200159610159544,0.9410829894748919,-0.33816056230653196,1.09,0.0000,1.77,0.7929,91.3637,1.0000,0.0328,0,126,0,0,0.085044
873,36,466000000,36.466000000,16.177935232312688,-91.12216781894506,-10.611979904438108,0.5591554385788237,0.2291607803185151,0.13985360753813017,0.7843924405105541,126,124,124,124,124,0,1.0000,0.9841,29.7122,43.9639,1.8995,0,True,9.84,True,-0.16021818436627902,0.9661732614246703,-0.20208751150526044,3.61,4.0000,7.59,3.6703,90.9687,1.0000,0.6615,0,124,0,0,0.458100
874,36,499000000,36.499000000,16.035552096496865,-90.63929490927688,-9.747942407714838,0.5647930674119461,0.22438086203241392,0.14680283294666083,0.7804556028345433,124,121,121,121,121,0,1.0000,0.9758,6.2992,9.2372,1.4605,0,True,8.20,True,-0.06765887485451062,0.9701007602966863,-0.23308108358511803,1.25,15.0000,2.40,1.0735,90.8949,1.0000,0.6045,0,121,0,0,0.162491
875,36,532000000,36.532000000,16.085253070095504,-89.88751719234075,-9.090401475497213,0.5659851189128668,0.22376206401588133,0.1485024494339143,0.7794475007264239,121,116,116,116,116,0,1.0000,0.9587,8.5548,14.8616,1.4440,0,True,8.20,True,0.2841063522223359,0.8639629918427636,-0.4157541693753877,0.27,15.0000,0.90,0.3953,90.8737,1.0000,0.2971,0,116,0,0,0.062508
876,36,565000000,36.565000000,15.911679667341245,-89.44064370854402,-8.212804550174628,0.5683815008134921,0.2233180530751903,0.14821142735097295,0.7778848819113894,116,116,114,116,114,0,0.9828,1.0000,8.7422,15.0161,1.3995,0,True,8.20,True,-0.09049614070656409,0.9697164562729381,-0.22684894302304523,0.33,15.0000,0.80,0.3501,90.8585,1.0000,0.3124,0,116,0,0,0.083028
877,36,598000000,36.598000000,15.737210277285635,-89.04487291275443,-7.311180510381058,0.5709248089472584,0.22227452411816975,0.14898602124863286,0.7761714140118017,114,114,113,113,113,0,0.9912,1.0000,9.6802,64.0709,1.3462,0,True,8.20,True,-0.11902006510835263,0.975572920333118,-0.18463938153686343,0.38,0.0000,0.69,0.2950,90.8485,1.0000,0.3050,0,114,0,0,0.116297
878,36,631000000,36.631000000,15.78042220236644,-88.33505238638676,-6.608124644977803,0.5719302819222407,0.22253635238522043,0.1483633831128492,0.7754751002055044,113,113,112,113,112,0,0.9912,1.0000,10.3386,16.3516,1.2384,0,True,8.20,True,0.25836131963102804,0.8862056746934496,-0.38456329863839256,0.16,3.0000,0.39,0.1640,90.8448,1.0000,0.2010,0,113,0,0,0.043400
879,36,664000000,36.664000000,15.658210713833608,-87.86179858568855,-5.735716946596332,0.5738983033215206,0.22161882982816197,0.14915796089265973,0.7741303084188217,112,112,112,112,112,0,1.0000,1.0000,8.7362,14.4319,1.3195,0,True,8.20,True,-0.028413713330574564,0.9712890389689244,-0.23619962674312422,0.31,3.0000,0.70,0.3039,90.8409,1.0000,0.4270,0,112,0,0,0.111275
880,36,697000000,36.697000000,15.591949255294166,-87.37097263126535,-4.866982636478013,0.5750989850195275,0.22098308831789074,0.15005519980149148,0.7732470944785574,112,112,112,112,112,0,1.0000,1.0000,10.9649,16.7897,1.2618,0,True,8.20,True,0.032044484124883636,0.9734597998761174,-0.22660355041861036,0.21,3.0000,0.19,0.0816,90.8409,1.0000,0.1347,0,112,0,0,0.033110
881,36,730000000,36.730000000,15.439102539089244,-86.98416179095346,-3.957578845435463,0.5766401969250234,0.22004222341364008,0.15072236303024364,0.7722371866777923,112,112,112,112,112,0,1.0000,1.0000,9.7772,15.4974,1.3288,0,True,8.20,True,-0.09678595498957888,0.9792677944531589,-0.17795242528159344,0.25,15.0000,0.40,0.1730,90.8431,1.0000,0.3286,0,112,0,0,0.081327
882,36,763000000,36.763000000,15.451272104077024,-86.47424467468245,-3.097441393500116,0.5771301454042842,0.21876042024008724,0.1527709103974053,0.7718327038538585,112,112,112,112,112,0,1.0000,1.0000,10.9820,16.6915,1.3605,0,True,8.20,True,0.11573820104543793,0.9709925792969547,-0.20923211935315486,0.29,13.0000,0.09,0.0512,90.8445,1.0000,0.1119,0,112,0,0,0.027915
883,36,796000000,36.796000000,15.280103151819077,-86.1974979465071,-2.1518662044077157,0.5794525302490859,0.21610959168050006,0.15601050228483032,0.7701896732289096,112,112,110,110,110,0,0.9821,1.0000,12.5170,130.5499,1.4736,0,True,8.20,True,-0.16422519968402385,0.9822283148815721,-0.09087145444885063,0.58,10.0000,0.10,0.0587,90.8466,1.0000,0.1390,0,112,0,0,0.034916
884,36,829000000,36.829000000,15.487052866584742,-85.34340487168443,-1.6746903090626808,0.5784066297603874,0.21732219844003936,0.15260878207373824,0.7713153650410374,110,110,95,110,95,0,0.8636,1.0000,10.7572,16.2656,1.3223,0,True,8.20,True,0.5241315364901438,0.6991574113067125,-0.48627671820824137,0.45,11.0000,0.10,0.0516,90.8491,1.0000,0.1344,0,110,0,0,0.034079
885,36,862000000,36.862000000,15.487052866584742,-85.34340487168443,-1.6746903090626808,0.5784066297603874,0.21732219844003936,0.15260878207373824,0.7713153650410374,2000,0,0,0,0,0,0.0000,0.0000,0.0000,0.0000,0.0000,1,True,8.20,True,0.0,0.0,0.0,0.00,4.0000,0.10,0.0505,90.8522,1.0000,0.1457,0,2000,0,0,0.037410
886,36,895000000,36.895000000,15.348678083198068,-85.00403437285996,-0.7442710036684427,0.5799477633997476,0.21589010750264107,0.1535933317487063,0.7703642915221734,2000,1999,1960,1961,1960,0,0.9805,0.9995,16.1214,31.8590,3.4506,0,True,8.20,True,-0.10131146285353705,0.9861742469649953,-0.13113482419823005,0.29,15.0000,0.31,0.1553,90.8778,1.0000,0.7970,0,1999,0,0,0.111902
887,36,928000000,36.928000000,15.197651158945499,-84.707548996266,0.19874929813673026,0.5800553865066407,0.21495847518774983,0.15305266261133454,0.7706513381531043,1960,1958,1898,1922,1898,0,0.9694,0.9990,18.8608,378.3323,2.5455,0,True,8.20,True,-0.13109189950634084,0.9861465257561264,-0.10163633023157169,0.13,1.0000,0.03,0.0415,90.8938,1.0000,0.4002,0,1958,0,0,0.229869
888,36,961000000,36.961000000,15.064357936504143,-84.26464562857403,1.0853549171908174,0.5801314182633247,0.2148449783888077,0.15320812399526268,0.7705948634313289,1898,1887,1862,1863,1862,0,0.9868,0.9942,19.1980,649.0434,2.1701,0,True,8.20,True,-0.036122510150547474,0.9733150867965324,-0.2266117959742651,0.02,11.0000,0.02,0.0229,90.9012,1.0000,0.1474,0,1887,0,0,0.048799
889,36,994000000,36.994000000,14.924353513898433,-83.82000443773302,1.9700542859361023,0.5799902736026149,0.2149978328444663,0.15319185402233496,0.7706617093509619,1862,1797,1753,1753,1753,0,0.9755,0.9651,21.8118,358.8702,2.2861,0,True,8.20,True,-0.04035175129051018,0.9718801975652213,-0.2319927105500848,0.03,9.0000,0.08,0.0463,90.9124,1.0000,0.2045,0,1797,0,0,0.071845
890,37,27000000,37.027000000,14.760124624001861,-83.42677406428807,2.8747082226012024,0.5802590488785389,0.21470558224775416,0.15391453456334658,0.7703968231998201,1749,1743,1741,1741,1741,0,0.9989,0.9966,18.9749,32.1034,1.7683,0,True,8.20,True,-0.089448891319997,0.9763461792214555,-0.19684266346828577,0.10,8.0000,0.09,0.0562,90.9228,1.0000,0.1708,0,1743,0,0,0.064797
891,37,60000000,37.060000000,14.622819646000362,-82.98131855825316,3.759421020722246,0.5795806267506164,0.21492326938553818,0.15344899017776406,0.7709394871099927,1740,1737,1737,1737,1737,0,1.0000,0.9983,18.9045,31.9676,1.7631,0,True,8.20,True,-0.036156515697660624,0.9721884019994995,-0.2313923451418915,0.12,11.0000,0.19,0.0733,90.9339,1.0000,0.1599,0,1737,0,0,0.044836
892,37,93000000,37.093000000,14.486438396004882,-82.5370820429642,4.644889299732603,0.5788438802743774,0.21516601898531756,0.1531346175197734,0.7714876119938575,1736,1728,1728,1728,1728,0,1.0000,0.9954,18.8849,32.0443,1.7784,0,True,8.20,True,-0.03751132584984764,0.9728545008164946,-0.22835722163766933,0.11,16.0000,0.21,0.0962,90.9467,1.0000,0.1623,0,1728,0,0,0.049371
893,37,126000000,37.126000000,14.348279927309855,-82.14276759390873,5.553420175814368,0.5775640995798926,0.2154370512798048,0.15159824391110457,0.772673644079698,1723,1706,1690,1702,1690,0,0.9906,0.9901,18.7783,47.5619,1.7995,0,True,8.20,True,-0.06805697215919268,0.981130546108051,-0.18097264996192264,0.27,2.0000,0.23,0.1076,90.9594,1.0000,0.1438,0,1706,0,0,0.117810
894,37,159000000,37.159000000,14.210255010945055,-81.72315496621705,6.450568081760849,0.5763884346453295,0.21571439811648863,0.1504545770313907,0.7736970279784285,1686,1681,1668,1668,1668,0,0.9923,0.9970,19.5751,280.8733,1.8308,0,True,8.20,True,-0.05771982418128441,0.9777026542372355,-0.20190577454334152,0.22,13.0000,0.29,0.1187,90.9718,1.0000,0.1147,0,1681,0,0,0.047144
895,37,192000000,37.192000000,14.059184275189457,-81.27608459489713,7.332217510891328,0.5755295949471261,0.216185633584032,0.1497117086858239,0.7743486691757394,1666,1659,1653,1654,1653,0,0.9964,0.9958,18.7202,156.3871,1.7695,0,True,8.20,True,-0.0562915651530207,0.9709511235104248,-0.23256219694195135,0.16,11.0000,0.29,0.1163,90.9831,1.0000,0.0886,0,1659,0,0,0.049962
896,37,225000000,37.225000000,13.920725111559905,-80.80251325987183,8.202021655885666,0.5742818910799214,0.21674781674646232,0.14891291225154685,0.7752713319077873,1649,1638,1637,1637,1637,0,0.9994,0.9933,18.6145,32.6631,1.7512,0,True,8.20,True,-0.032989267099370424,0.967842832374268,-0.2493831591707846,0.21,13.0000,0.30,0.1457,90.9963,1.0000,0.0817,0,1638,0,0,0.061209
897,37,258000000,37.258000000,13.76680871041722,-80.30948361774662,9.058311042393026,0.5732719283800596,0.21746104716871426,0.14861972734082055,0.7758750967396971,1634,1623,1621,1621,1621,0,0.9988,0.9933,18.1701,30.9120,1.7132,0,True,8.20,True,-0.0373734055701011,0.960940838062044,-0.2742187708759363,0.16,4.0000,0.30,0.1310,91.0077,1.0000,0.0571,0,1623,0,0,0.101160
898,37,291000000,37.291000000,13.59027745189502,-79.65395912510886,9.792561922076892,0.5722521101191747,0.21886485362771405,0.1515579329061817,0.7756648060108675,1615,1601,1571,1571,1571,0,0.9813,0.9913,17.4416,30.1322,1.6563,0,True,8.20,True,0.03992792968644427,0.8930312862331508,-0.44821968078133145,0.39,0.0000,0.20,0.0895,91.0152,1.0000,0.0279,0,1601,0,0,0.037973
899,37,324000000,37.324000000,13.437424670819455,-79.16767177936616,10.652887816542455,0.5708272992505167,0.2196468744738747,0.15051642980756966,0.7766957250572466,1568,1562,1555,1557,1555,0,0.9955,0.9962,18.5213,30.1317,1.7146,0,True,8.20,True,-0.037918635690607994,0.9639368299991831,-0.26341595403181073,0.25,10.0000,0.41,0.1939,91.0307,1.0000,0.0378,0,1562,0,0,0.060634
900,37,357000000,37.357000000,13.258933138023568,-78.63695143180244,11.481426702414444,0.5699185103375741,0.22078984106085497,0.15046223399728173,0.7770494538956128,1553,1525,1518,1518,1518,0,0.9954,0.9820,18.0576,84.2110,1.7132,0,True,8.20,True,-0.03633052138282656,0.9472482133461217,-0.3184351041085642,0.17,13.0000,0.39,0.1655,91.0432,1.0000,0.0126,0,1525,0,0,0.039266
901,37,390000000,37.390000000,13.112483714465732,-78.19286894134027,12.365362960299853,0.5684347067061677,0.2212621605414553,0.1489913626790289,0.778284404553661,1516,1511,1508,1508,1508,0,0.9980,0.9967,18.5055,189.1092,1.6923,0,True,8.20,True,-0.06164642128301867,0.9745223673812605,-0.21565220661198953,0.28,2.0000,0.50,0.2179,91.0591,1.0000,0.0036,0,1511,0,0,0.119988
902,37,423000000,37.423000000,12.926718285645434,-77.50249076673728,13.064554766235132,0.5680502586795413,0.22286931199262566,0.15150315339382472,0.7776213525217573,1507,1497,1470,1470,1470,0,0.9820,0.9934,16.3457,27.1941,1.6047,0,True,8.20,True,0.052065464928585714,0.8746832098607447,-0.48189051635145796,0.35,3.0000,0.18,0.0675,91.0638,1.0000,0.0065,0,1497,0,0,0.023610
903,37,456000000,37.456000000,12.789163321240178,-76.97176651970052,13.90086236836171,0.5663060812762293,0.22340721246933506,0.15032914787362045,0.7789658445823111,1469,1460,1451,1454,1451,0,0.9938,0.9939,17.3786,32.3521,1.7112,0,True,8.20,True,-0.004073400113471687,0.9567508425659025,-0.29088010014600674,0.29,1.0000,0.39,0.1612,91.0749,1.0000,0.0241,0,1460,0,0,0.055107
904,37,489000000,37.489000000,12.638334120001119,-76.49797552821953,14.768487084725304,0.5642543251110641,0.22431911446422703,0.14830269284622935,0.7805794660212371,1444,1420,1417,1417,1417,0,0.9979,0.9834,18.7071,33.7578,1.7116,0,True,8.20,True,-0.05236164964762116,0.9693980873863904,-0.23984496204379133,0.39,13.0000,0.67,0.2924,91.0935,1.0000,0.0757,0,1420,0,0,0.052637
905,37,522000000,37.522000000,12.457766355773137,-75.97188010067285,15.599521911694762,0.5617096945768904,0.22542493864974877,0.14652460236065526,0.7824297776517363,1405,1387,1370,1385,1370,0,0.9877,0.9872,17.0630,27.2066,1.7282,0,True,6.56,True,-0.05141416400006021,0.9513931326416148,-0.30365719306900973,0.43,4.0000,0.40,0.1824,91.1047,1.0000,0.0604,0,1387,0,0,0.099845
906,37,555000000,37.555000000,12.324701833481441,-75.27385110730546,16.30311935151796,0.56013579222645,0.2262399949935963,0.14750163883794593,0.7831389566815489,1356,1343,1340,1340,1340,0,0.9978,0.9904,15.4357,63.6416,1.6591,0,True,6.56,True,0.09061607030368472,0.8893274831437961,-0.44820236002038033,0.25,3.0000,0.09,0.0599,91.1082,1.0000,0.0230,0,1343,0,0,0.018346
907,37,588000000,37.588000000,12.172211372627878,-74.51570229847617,16.937120174087905,0.5592748461781084,0.22756659578323488,0.14969173728235108,0.7829543247887929,1328,1313,1310,1310,1310,0,0.9977,0.9887,15.0852,24.9220,1.6061,0,True,6.56,True,0.11716457843229036,0.8445395309088589,-0.522518365507882,0.31,8.0000,0.10,0.0630,91.1119,1.0000,0.0255,0,1313,0,0,0.019112
908,37,621000000,37.621000000,11.997094453552544,-73.96957656966141,17.756315360218828,0.5590587797800656,0.22736385613127,0.1510923591855948,0.7828984970426718,1306,1295,1287,1287,1287,0,0.9938,0.9916,14.7789,24.0286,1.6566,0,True,4.92,True,-0.03685931687484617,0.9497212109856402,-0.31091962331684514,0.16,16.0000,0.14,0.0667,91.1158,1.0000,0.0283,0,1295,0,0,0.020092
909,37,654000000,37.654000000,11.83744989018614,-73.40157511814468,18.5637111519235,0.5589545740214429,0.2270366370148786,0.15267322128243385,0.7827611622562315,1281,1262,1245,1245,1245,0,0.9865,0.9852,14.3829,28.1618,1.6460,0,True,4.92,True,-0.008112094001508216,0.9464426730267937,-0.3227699809536325,0.19,10.0000,0.11,0.0646,91.1195,1.0000,0.0285,0,1262,0,0,0.019399
910,37,687000000,37.687000000,11.658768492794069,-72.93152261136647,19.428074269541042,0.5577602197620862,0.22656526380847042,0.1525208161833666,0.7837787437262553,1237,1225,1224,1224,1224,0,0.9992,0.9903,14.1187,27.8605,1.5776,0,True,4.92,True,-0.07997636175375124,0.9680668879908307,-0.23759268072981768,0.19,13.0000,0.17,0.0688,91.1233,1.0000,0.0319,0,1225,0,0,0.020517
911,37,720000000,37.720000000,11.462802975067934,-72.39665285867447,20.249969556981906,0.5558745157858542,0.22673773772678973,0.15167167577345006,0.7852319553854473,1217,1201,1199,1199,1199,0,0.9983,0.9869,13.8028,21.6487,1.6097,0,True,3.28,True,-0.05573035193010826,0.9499203058542012,-0.30748258552250973,0.29,15.0000,0.19,0.0735,91.1275,1.0000,0.0352,0,1201,0,0,0.021693
912,37,753000000,37.753000000,11.290760334060979,-71.70218004761627,20.948617425636954,0.5555263132510027,0.22726141915036727,0.15386622163064462,0.7848999608183321,1186,1164,1157,1157,1157,0,0.9940,0.9815,13.3717,24.1026,1.5896,0,True,3.28,True,0.0630713116483655,0.8889125315992844,-0.4537141399743961,0.26,13.0000,0.18,0.0700,91.1314,1.0000,0.0347,0,1164,0,0,0.020460
913,37,786000000,37.786000000,11.0430212463526,-71.4409337535197,21.881556715324233,0.5534144404031909,0.2265984982325712,0.15238318663104142,0.7868703464892649,1152,1141,1140,1140,1140,0,0.9991,0.9905,13.2463,22.3894,1.6121,0,True,3.28,True,-0.2546941602791037,0.9637445643516921,-0.07954432350764985,0.38,4.0000,0.20,0.0877,91.1362,1.0000,0.0451,0,1141,0,0,0.025327
914,37,819000000,37.819000000,10.826988038210688,-70.83728410348701,22.64897886316419,0.5507507238703904,0.22844261467516686,0.14977116041911678,0.7887054022024481,1122,1097,1096,1096,1096,0,0.9991,0.9777,16.9995,29.9578,1.6953,0,True,3.28,True,-0.03188735983181476,0.9248531761907165,-0.37898522236744275,0.52,0.0000,0.90,0.4007,91.1576,1.0000,0.2251,0,1097,0,0,0.085924
915,37,852000000,37.852000000,10.65957046916065,-70.11970516375006,23.325034942805026,0.5456924374827697,0.2326851379255616,0.14345797727730314,0.7921472079217226,1077,1039,1031,1034,1031,0,0.9923,0.9647,23.5199,35.9665,1.7610,0,True,3.28,True,0.07557549964386409,0.8810822684359111,-0.46688583197759315,1.12,8.0000,1.97,0.8898,91.2061,1.0000,0.5557,0,1039,0,0,0.241718
916,37,885000000,37.885000000,10.54885336474918,-70.02915476999357,24.314753260803265,0.5427525871431433,0.22985287879288724,0.1426294198403355,0.7951378068335426,995,975,949,949,949,0,0.9733,0.9799,14.0469,24.1748,1.6642,0,True,1.64,True,-0.2604889447153736,0.9516655587140403,0.16272115424419892,0.59,9.0000,0.44,0.1991,91.2175,1.0000,0.1285,0,975,0,0,0.066525
917,37,918000000,37.918000000,10.366360938997035,-69.89438906216246,25.288680731683854,0.5406775185036204,0.22728596145802665,0.1424592421923359,0.7973169238281933,941,926,925,925,925,0,0.9989,0.9841,12.6166,20.9561,1.6037,0,True,1.64,True,-0.29680284597864026,0.950224202438445,0.09477360243865855,0.45,20.0000,0.21,0.0984,91.2233,1.0000,0.0635,0,926,0,0,0.023319
918,37,951000000,37.951000000,10.168351127416589,-69.10615110561243,25.871323880078894,0.5399080027733123,0.22822242270771645,0.14381420281724308,0.7973276298879867,911,906,905,905,905,0,0.9989,0.9945,11.7249,18.6518,1.6040,0,True,1.64,True,0.08186375167611774,0.8317806606613205,-0.5490348428937166,0.21,3.0000,0.15,0.0677,91.2273,1.0000,0.0441,0,906,0,0,0.016047
919,37,984000000,37.984000000,10.030263466551409,-68.93761032341054,26.847298163885355,0.5384896848570349,0.2251037685381693,0.1446461798103788,0.7990210481324939,895,878,878,878,878,0,1.0000,0.9810,11.4226,22.9233,1.5721,0,True,1.64,True,-0.24143430594840398,0.9652956264584588,0.0995682150657725,0.45,2.0000,0.20,0.0914,91.2326,1.0000,0.0614,0,878,0,0,0.022021
920,38,17000000,38.017000000,9.661790565477641,-68.09971590640244,27.249989940708424,0.5411334218600575,0.22982123639824073,0.14917580000559852,0.7950493064829997,867,856,851,851,851,0,0.9942,0.9873,10.2960,15.5795,1.5240,0,True,1.64,True,-0.0010261661725600349,0.685497032182882,-0.7280746979887759,0.93,0.0000,0.12,0.0652,91.2361,1.0000,0.0468,0,856,0,0,0.016423
921,38,50000000,38.050000000,9.453783968298636,-67.26255248963984,27.755846312778964,0.5418008080070417,0.2311758059958153,0.1504671914837567,0.7939579683157619,843,834,829,829,829,0,0.9940,0.9893,9.5879,17.2819,1.6074,0,True,1.64,True,0.12683878161009637,0.7771737514250202,-0.6163707354957948,0.26,4.0000,0.12,0.0651,91.2393,1.0000,0.0518,0,834,0,0,0.017719
922,38,83000000,38.083000000,9.41918147779467,-67.13651559391039,28.747268205096145,0.5419068165232713,0.22673224563052788,0.15160001372252707,0.7949508958648207,823,817,814,814,814,0,0.9963,0.9927,8.7424,14.3533,1.6451,0,True,1.64,True,-0.1699417047098451,0.9678596804457305,0.18538461631915543,0.54,1.0000,0.09,0.0578,91.2417,1.0000,0.0520,0,817,0,0,0.017344
923,38,116000000,38.116000000,9.401607201977852,-66.95769560405328,29.730993042668622,0.5437322717827187,0.22126928964859607,0.15450816323910102,0.7946838022590423,802,793,790,790,790,0,0.9962,0.9888,7.8004,17.2771,1.6190,0,True,1.64,True,-0.12089937403592353,0.9806748365447393,0.15381874503996723,0.74,4.0000,0.08,0.0409,91.2429,1.0000,0.0443,0,793,0,0,0.014343
924,38,149000000,38.149000000,9.267524124444936,-66.7880475253995,30.707333791448658,0.5459493614932778,0.21737798391560548,0.15655225069017664,0.7938371996812125,782,777,777,777,777,0,1.0000,0.9936,7.0498,16.8106,1.6411,0,True,1.64,True,-0.21138102219504437,0.9724028723563087,0.09874572035778838,0.57,10.0000,0.08,0.0353,91.2432,1.0000,0.0479,0,777,0,0,0.015059
925,38,182000000,38.182000000,9.007357469205132,-66.00015760229246,31.265493966100774,0.5483012992661366,0.2185885194639791,0.15659538844965532,0.7918728614480444,761,752,751,751,751,0,0.9987,0.9882,6.2903,11.4288,1.5723,0,True,1.64,True,0.06279216794276042,0.8043024466099843,-0.5908931527968839,0.38,13.0000,0.05,0.0258,91.2427,1.0000,0.0441,0,752,0,0,0.013499
926,38,215000000,38.215000000,8.476799731341139,-65.78671193965273,32.08582891957582,0.5485577422747879,0.2195159426942981,0.15367914703150873,0.7920100214398105,745,744,576,736,576,0,0.7742,0.9987,5.6894,8.6567,1.5704,0,True,1.64,True,-0.4928561620590613,0.8475583649560948,-0.19681875295144868,0.35,15.0000,0.00,0.0196,91.2410,1.0000,0.0483,0,744,0,0,0.014332
927,38,248000000,38.248000000,8.32136198626803,-65.06511055235316,32.760462557377764,0.5536280556183892,0.21943435421227192,0.15505362587985153,0.7882277039822668,565,563,563,563,563,0,1.0000,0.9965,5.5371,8.0920,1.6885,0,True,1.64,True,0.09549470612582367,0.8853628145234166,-0.4549873050548963,0.74,13.0000,0.00,0.0168,91.2373,1.0000,0.0645,0,563,0,0,0.018461
928,38,281000000,38.281000000,8.073973283890657,-64.82057099305067,33.69801214746469,0.5575350439581502,0.21818207170836262,0.15457685697876658,0.7859117339944712,560,559,559,559,559,0,1.0000,0.9982,4.8776,11.1345,1.8077,0,True,1.64,True,-0.2558421293224055,0.9653026813786239,-0.0523023726710082,0.54,17.0000,0.00,0.0186,91.2317,1.0000,0.0659,0,559,0,0,0.018170
929,38,314000000,38.314000000,7.984546830043855,-65.746448743073,34.065099741052286,0.5568175771293623,0.21918268569684493,0.152516036397033,0.7865443374230366,552,550,274,546,274,0,0.4982,0.9964,4.2380,10.9722,1.9351,0,True,1.64,True,-0.5894700700267901,0.04040566695760935,0.8067790395271321,0.28,16.0000,0.08,0.0316,91.2242,1.0000,0.0678,0,550,0,0,0.017992
930,38,347000000,38.347000000,7.8940911631564274,-64.91008601201443,34.605761515569576,0.5670598352819016,0.2191457850435274,0.15986191926876941,0.7777290240664959,274,274,272,272,272,0,0.9927,1.0000,3.9490,7.1477,2.2435,0,True,1.64,True,0.23266536792455808,0.7881803961777716,-0.5697705587774621,1.76,17.0000,0.08,0.0379,91.2165,1.0000,0.0586,0,274,0,0,0.015078
931,38,380000000,38.380000000,8.333708723596473,-64.40509699339107,35.348541760071626,0.5875041327964914,0.18665171763772265,0.1920155270727695,0.763629535581814,272,272,272,272,272,0,1.0000,1.0000,3.8359,13.0755,2.2888,0,True,1.64,True,0.5074762721492113,0.8615636272597846,0.013264591531674433,5.96,5.0000,0.08,0.0333,91.2102,1.0000,0.0422,0,272,0,0,0.010634
932,38,413000000,38.413000000,7.675860024043659,-64.59177345168665,36.078190297666865,0.5876530359592473,0.1882944860406391,0.1916789781300666,0.7631960856802036,269,269,190,266,190,0,0.7063,1.0000,3.3276,11.6267,2.4704,0,True,1.64,True,-0.7025616915119882,0.7115911160588381,-0.006719610550558199,0.20,9.0000,0.10,0.0593,91.2000,1.0000,0.0604,0,269,0,0,0.014826
933,38,446000000,38.446000000,7.093834340318618,-65.0359368729473,36.759340030617274,0.5882902104086605,0.18953333002749784,0.1900688096024569,0.7628011488994536,190,190,145,190,145,0,0.7632,1.0000,2.9389,10.5185,2.4397,0,True,1.64,True,-0.7685530349970932,0.5968809069849164,0.23034629424763983,0.25,13.0000,0.12,0.0661,91.1893,1.0000,0.0578,0,190,0,0,0.013934
934,38,479000000,38.479000000,7.628603421948399,-64.65278327451905,36.00620302492422,0.588671868964843,0.1905310605088255,0.19020962543413444,0.7622228309772853,145,145,73,145,73,0,0.5034,1.0000,2.6717,3.3315,2.5702,0,True,1.64,True,0.7036028999566187,-0.6757510743918298,-0.2197804464253451,0.14,10.0000,0.20,0.0890,91.1756,1.0000,0.0668,0,145,0,0,0.015828
935,38,512000000,38.512000000,7.628603421948399,-64.65278327451905,36.00620302492422,0.588671868964843,0.1905310605088255,0.19020962543413444,0.7622228309772853,2000,0,0,0,0,0,0.0000,0.0000,0.0000,0.0000,0.0000,1,True,3.28,True,0.0,0.0,0.0,0.00,1.0000,0.30,0.1345,91.1558,1.0000,0.0874,0,2000,0,0,0.020313
936,38,545000000,38.545000000,7.256619479398598,-63.90710326343882,36.55900431613152,0.593085814702993,0.1907243001692456,0.19123056447156667,0.7584881864175108,2000,1936,1857,1875,1857,0,0.9592,0.9680,6.0045,336.9963,3.3138,0,True,3.28,True,0.028664070998985745,0.7354845395089401,-0.6769349032049444,0.67,11.0000,0.58,0.2521,91.1207,1.0000,0.1338,0,1936,0,0,0.030438
937,38,578000000,38.578000000,6.944591873234905,-63.11109948464135,37.077672569576706,0.5973519971451309,0.19080944453179569,0.1923108750767612,0.7548369855216432,1852,1850,1841,1842,1841,0,0.9951,0.9989,4.4660,41.9051,1.5584,0,True,3.28,True,0.11207727805552839,0.7022002038130138,-0.7031028072114529,0.66,1.0000,0.54,0.2423,91.0885,1.0000,0.1089,0,1850,0,0,0.024739
938,38,611000000,38.611000000,6.490338334310493,-63.60728242767958,37.81757540739567,0.6124647223857547,0.14616878327966307,0.24330334864437125,0.7377839325750589,1835,1606,449,449,449,0,0.2796,0.8752,65.7519,707.8274,10.3194,0,True,3.28,True,-0.6878824667639937,0.6445039178716,0.33381493640465076,8.20,1.0000,14.50,7.7214,90.4635,1.0000,1.0598,0,1606,0,0,0.387980
939,38,644000000,38.644000000,6.033237619378453,-62.80348180089249,38.19831611809691,0.616180788229171,0.1442279978873129,0.2504957245978682,0.7326468540851613,430,408,395,395,395,0,0.9681,0.9488,11.2115,196.9416,1.7936,0,True,3.28,True,0.08039265778977343,0.5590346636647221,-0.8252377023590037,1.12,5.0000,1.80,0.8073,90.4337,1.0000,0.0170,0,408,0,0,0.056788
940,38,677000000,38.677000000,5.785421360961646,-62.09370176636183,38.85770932752959,0.6213077819605007,0.14202677392549665,0.25335093015340165,0.7277488177620387,393,383,367,380,367,0,0.9582,0.9746,7.5144,89.2004,1.5577,0,True,3.28,True,0.24447719310671367,0.7716448615021358,-0.5871925661723011,0.91,15.0000,1.50,0.6683,90.4135,1.0000,0.0186,0,383,0,0,0.017056
941,38,710000000,38.710000000,5.393423368885712,-61.48271807316632,39.54548581801002,0.6267616086494201,0.13979581409500855,0.25668785667765937,0.7223145855643055,367,361,355,360,355,0,0.9834,0.9837,8.1354,145.8527,1.4251,0,True,3.28,True,0.08161648331601179,0.8076705010405211,-0.5839581418218953,0.99,1.0000,1.61,0.7315,90.3958,1.0000,0.0222,0,361,0,0,0.032582
942,38,743000000,38.743000000,4.852408764972953,-60.93572373981642,40.18431317938099,0.6317038283681553,0.13983125861952775,0.25976821580075377,0.7168807197836946,355,353,353,353,353,0,1.0000,0.9944,4.9256,11.0124,1.4661,0,True,3.28,True,-0.07334703118403377,0.7752394810187179,-0.6273945808550766,0.91,1.0000,0.80,0.3528,90.3890,1.0000,0.0114,0,353,0,0,0.012272
943,38,776000000,38.776000000,4.469470434774803,-60.21537486111387,40.76263465418286,0.6365354854971679,0.13550218582936474,0.2663048356651829,0.7110157999930025,352,349,347,347,347,0,0.9943,0.9915,11.3968,78.5523,1.4916,0,True,3.28,True,0.15312467934509782,0.6890001856292866,-0.7084007176579297,1.25,5.0000,2.40,1.0903,90.3746,1.0000,0.0351,0,349,0,0,0.038044
944,38,809000000,38.809000000,4.139624521872543,-59.61181030556253,41.48852135403605,0.6414832718895462,0.13506819862720368,0.2683274327908286,0.7058726389493845,344,343,342,343,342,0,0.9971,0.9971,5.3804,11.5700,1.4774,0,True,3.28,True,0.16795800108807604,0.8063070535836924,-0.5671499318625387,0.85,6.0000,1.04,0.4653,90.3710,1.0000,0.0130,0,343,0,0,0.012851
945,38,842000000,38.842000000,3.6218211380583867,-59.32244251151264,42.293596465735135,0.6462689556659934,0.13316456867147208,0.27019891691810893,0.7011392015065254,342,341,111,341,111,0,0.3255,0.9971,8.2867,17.8070,1.4867,0,True,3.28,True,-0.14094973796654095,0.903409631491722,-0.40494963772690823,0.83,1.0000,1.87,0.8458,90.3676,1.0000,0.0176,0,341,0,0,0.033672
946,38,875000000,38.875000000,2.920744635528308,-58.64814709397128,42.06161063107516,0.6403205886298214,0.13435207423570317,0.2796243044984428,0.7026729767531161,111,111,111,111,111,0,1.0000,1.0000,4.1514,6.6586,1.2988,0,True,1.64,True,-0.2399980014945554,-0.06938578990466006,-0.9682905408181605,1.30,2.0000,1.16,0.5241,90.3676,1.0000,0.0011,0,111,0,0,0.019839
947,38,908000000,38.908000000,2.9014603150561196,-57.84839819253978,42.66163547193011,0.6430250187356765,0.13105662199297674,0.28312712245228344,0.6994154842750213,111,111,111,111,111,0,1.0000,1.0000,6.4091,8.9461,1.3220,0,True,1.64,True,0.5378827620163887,0.6081629963457893,-0.5837978281916885,0.73,3.0000,1.92,0.8757,90.3725,1.0000,0.0013,0,111,0,0,0.038894
948,38,941000000,38.941000000,2.4407347433225977,-56.96475882328417,42.57848853781747,0.6398020777569107,0.12799573101642825,0.2854425801731585,0.7019921136049891,111,111,103,111,103,0,0.9279,1.0000,2.6384,5.2989,1.3678,0,True,1.64,True,0.1128294767733028,0.03509219052900944,-0.992994485047595,0.65,16.0000,0.65,0.2917,90.3757,1.0000,0.0023,0,111,0,0,0.015666
949,38,974000000,38.974000000,2.069446632850515,-56.33496947405127,43.26077184745859,0.6414269337453018,0.12662403368208888,0.2877816957696578,0.699799641569012,103,103,103,103,103,0,1.0000,1.0000,2.6933,3.5959,1.3162,0,True,1.64,True,0.18351977087271854,0.7622739886518949,-0.620692242519234,0.44,0.0000,1.05,0.4778,90.3824,1.0000,0.0066,0,103,0,0,0.018518
950,39,7000000,39.007000000,1.3201105708728835,-55.67491987670315,43.20757414769245,0.6340540562529465,0.12837675184779393,0.29800253307799124,0.701918338279672,103,103,103,103,103,0,1.0000,1.0000,2.5167,4.2673,1.2807,0,True,1.64,True,-0.23832847804815346,0.1360546008067614,-0.9616073430203016,1.48,3.0000,0.74,0.3365,90.3883,1.0000,0.0063,0,103,0,0,0.043812
951,39,40000000,39.040000000,0.9609454711428107,-54.748444788805116,43.09512708174501,0.6299934938286985,0.12455181712193368,0.29779398610005203,0.706338293190859,103,103,91,103,91,0,0.8835,1.0000,4.1401,7.8353,1.1510,0,True,1.64,True,0.2326506487901933,8.279689122263818e-05,-0.9725603676698826,0.82,1.0000,0.25,0.1149,90.3905,1.0000,0.0018,0,103,0,0,0.013876
952,39,73000000,39.073000000,0.9609454711428107,-54.748444788805116,43.09512708174501,0.6299934938286985,0.12455181712193368,0.29779398610005203,0.706338293190859,2000,0,0,0,0,0,0.0000,0.0000,0.0000,0.0000,0.0000,1,True,3.28,True,0.0,0.0,0.0,0.00,13.0000,0.37,0.1751,90.3939,1.0000,0.0026,0,2000,0,0,0.022708
953,39,106000000,39.106000000,0.38909147068694727,-54.341525326388066,43.80744692091055,0.6299527916227449,0.12425134527620327,0.29866085421968736,0.7060614546061349,2000,1946,1869,1889,1869,0,0.9604,0.9730,4.7187,256.6604,3.0504,0,True,3.28,True,-0.07570059810539585,0.849358683974139,-0.5223593068034722,0.11,13.0000,0.19,0.1006,90.3957,1.0000,0.0099,0,1946,0,0,0.023776
954,39,139000000,39.139000000,-0.16601540485807176,-53.968725844147215,44.551003847287795,0.6295064133510176,0.12408790718110535,0.2989726787227122,0.7063562870242728,1867,1867,1831,1853,1831,0,0.9807,1.0000,4.1938,11.5064,1.5611,0,True,3.28,True,-0.0740254680875901,0.874256097754258,-0.4797879798555924,0.07,5.0000,0.06,0.0652,90.3949,1.0000,0.0464,0,1867,0,0,0.066911
955,39,172000000,39.172000000,-0.690217009511096,-53.52505965375288,45.27789654169334,0.6290048795517897,0.12414363096417716,0.29900818071072444,0.7067781322728734,1830,1830,1806,1828,1806,0,0.9869,1.0000,4.6947,11.9212,1.3142,0,True,3.28,True,-0.011460870523059476,0.8525976220150782,-0.5224422871294852,0.08,7.0000,0.00,0.0171,90.3942,1.0000,0.0141,0,1830,0,0,0.010445
956,39,205000000,39.205000000,-1.3627282617893375,-53.37578735073267,46.00277335544183,0.628258969143223,0.12466221149064875,0.297704915162037,0.7078995579923183,1805,1803,1231,1751,1231,0,0.6828,0.9989,7.0485,140.9272,1.7611,0,True,3.28,True,-0.2996628108787833,0.8820077905936947,-0.3636818075024591,0.22,14.0000,0.27,0.1213,90.3894,1.0000,0.0824,0,1803,0,0,0.047395
957,39,238000000,39.238000000,-1.8999657690462228,-52.96290279230521,46.73823389293418,0.6272827963529499,0.12454133439885703,0.297683386871883,0.7087949989991891,1229,1226,1218,1218,1218,0,0.9935,0.9976,7.7181,113.6741,1.3649,0,True,3.28,True,-0.041300867175693305,0.8648200403949393,-0.5003803914042109,0.15,11.0000,0.09,0.0582,90.3872,1.0000,0.0369,0,1226,0,0,0.016633
958,39,271000000,39.271000000,-2.2933490888643067,-52.1585493999024,47.183503680612354,0.6239040470575509,0.12454933419009229,0.2986735973468064,0.7113545428729136,1215,1213,1202,1202,1202,0,0.9909,0.9984,7.4224,14.6000,1.3558,0,True,3.28,True,0.2413276125843176,0.5623009455873843,-0.7909352881215295,0.50,10.0000,0.10,0.0621,90.3848,1.0000,0.0392,0,1213,0,0,0.016178
959,39,304000000,39.304000000,-2.8401292946709322,-51.7053308370527,47.887509604469884,0.6225446540829523,0.12438653596882415,0.298546649936524,0.7126261580619195,1200,1198,1198,1198,1198,0,1.0000,0.9983,7.5882,13.1670,1.3508,0,True,3.28,True,-0.03161768107192165,0.8441635317665485,-0.5351525519691201,0.21,4.0000,0.18,0.0698,90.3822,1.0000,0.0445,0,1198,0,0,0.016778
960,39,337000000,39.337000000,-3.2758092608356977,-51.06898519048734,48.52409988493288,0.619929125598774,0.12642628366770622,0.29537546890729355,0.7158614435769736,1197,1194,1190,1190,1190,0,0.9966,0.9975,12.5994,25.1645,1.5139,0,True,3.28,True,0.1485617370844294,0.7596885380913198,-0.6330898319884236,0.64,12.0000,1.18,0.5187,90.3624,1.0000,0.3699,0,1194,0,0,0.069137
