frame_idx,timestamp_sec,timestamp_nanosec,timestamp_total_sec,pos_x,pos_y,pos_z,rot_x,rot_y,rot_z,rot_w,num_detected,num_matched,num_inliers,num_inliers_E,num_inliers_pose,num_inliers_H,inlier_ratio,feature_survival_rate,feature_vel_mean,feature_vel_max,mean_lk_err,consecutive_low_inliers,failure_triggered_streak,window_low_inlier_pct,failure_triggered_window,rel_tx,rel_ty,rel_tz,rel_rot_deg
0,5,974000000,5.974000000,0.0,0.0,0.0,0.0,0.0,0.0,1.0,963,0,0,0,0,0,0.0000,0.0000,0.0000,0.0000,0.0000,1,False,100.00,True,0.0,0.0,0.0,0.00
1,6,7000000,6.007000000,0.0,0.0,0.0,0.0,0.0,0.0,1.0,963,963,963,963,0,963,1.0000,1.0000,0.0000,0.0000,0.0000,0,False,50.00,True,0.0,0.0,0.0,0.00
2,6,40000000,6.040000000,0.0,0.0,0.0,0.0,0.0,0.0,1.0,963,963,963,963,0,963,1.0000,1.0000,0.0000,0.0000,0.0000,0,False,33.33,True,0.0,0.0,0.0,0.00
3,6,73000000,6.073000000,0.0,0.0,0.0,0.0,0.0,0.0,1.0,963,963,963,963,0,963,1.0000,1.0000,0.0000,0.0000,0.0000,0,False,25.00,True,0.0,0.0,0.0,0.00
4,6,106000000,6.106000000,0.0,0.0,0.0,0.0,0.0,0.0,1.0,963,963,963,963,0,963,1.0000,1.0000,0.0000,0.0000,0.0000,0,False,20.00,True,0.0,0.0,0.0,0.00
5,6,139000000,6.139000000,0.0,0.0,0.0,0.0,0.0,0.0,1.0,963,963,963,963,0,963,1.0000,1.0000,0.0000,0.0000,0.0000,0,False,16.67,True,0.0,0.0,0.0,0.00
6,6,172000000,6.172000000,0.0,0.0,0.0,0.0,0.0,0.0,1.0,963,963,963,963,0,963,1.0000,1.0000,0.0000,0.0000,0.0000,0,False,14.29,True,0.0,0.0,0.0,0.00
7,6,205000000,6.205000000,0.0,0.0,0.0,0.0,0.0,0.0,1.0,963,963,963,963,0,963,1.0000,1.0000,0.0000,0.0000,0.0000,0,False,12.50,True,0.0,0.0,0.0,0.00
8,6,238000000,6.238000000,0.0,0.0,0.0,0.0,0.0,0.0,1.0,963,963,963,963,0,963,1.0000,1.0000,0.0000,0.0000,0.0000,0,False,11.11,True,0.0,0.0,0.0,0.00
9,6,271000000,6.271000000,0.0,0.0,0.0,0.0,0.0,0.0,1.0,963,963,963,963,0,963,1.0000,1.0000,0.0000,0.0000,0.0000,0,False,10.00,True,0.0,0.0,0.0,0.00
10,6,304000000,6.304000000,0.0,0.0,0.0,0.0,0.0,0.0,1.0,963,963,963,963,0,963,1.0000,1.0000,0.0000,0.0000,0.0000,0,False,9.09,True,0.0,0.0,0.0,0.00
11,6,337000000,6.337000000,0.0,0.0,0.0,0.0,0.0,0.0,1.0,963,963,963,963,0,963,1.0000,1.0000,0.0000,0.0000,0.0000,0,False,8.33,True,0.0,0.0,0.0,0.00
12,6,370000000,6.370000000,0.0,0.0,0.0,0.0,0.0,0.0,1.0,963,963,963,963,0,963,1.0000,1.0000,0.0000,0.0000,0.0000,0,False,7.69,True,0.0,0.0,0.0,0.00
13,6,403000000,6.403000000,0.0,0.0,0.0,0.0,0.0,0.0,1.0,963,963,963,963,0,963,1.0000,1.0000,0.0000,0.0000,0.0000,0,False,7.14,True,0.0,0.0,0.0,0.00
14,6,436000000,6.436000000,0.0,0.0,0.0,0.0,0.0,0.0,1.0,963,963,963,963,0,963,1.0000,1.0000,0.0000,0.0000,0.0000,0,False,6.67,True,0.0,0.0,0.0,0.00
15,6,469000000,6.469000000,0.0,0.0,0.0,0.0,0.0,0.0,1.0,963,963,963,963,0,963,1.0000,1.0000,0.0000,0.0000,0.0000,0,False,6.25,True,0.0,0.0,0.0,0.00
16,6,502000000,6.502000000,0.0,0.0,0.0,0.0,0.0,0.0,1.0,963,963,963,963,0,963,1.0000,1.0000,0.0000,0.0000,0.0000,0,False,5.88,True,0.0,0.0,0.0,0.00
17,6,535000000,6.535000000,0.0,0.0,0.0,0.0,0.0,0.0,1.0,963,963,963,963,0,963,1.0000,1.0000,0.0000,0.0000,0.0000,0,False,5.56,True,0.0,0.0,0.0,0.00
18,6,568000000,6.568000000,0.0,0.0,0.0,0.0,0.0,0.0,1.0,963,963,963,963,0,963,1.0000,1.0000,0.0000,0.0000,0.0000,0,False,5.26,True,0.0,0.0,0.0,0.00
19,6,601000000,6.601000000,0.0,0.0,0.0,0.0,0.0,0.0,1.0,963,963,963,963,0,963,1.0000,1.0000,0.0000,0.0000,0.0000,0,False,5.00,True,0.0,0.0,0.0,0.00
20,6,634000000,6.634000000,0.0,0.0,0.0,0.0,0.0,0.0,1.0,963,963,963,963,0,963,1.0000,1.0000,0.0000,0.0000,0.0000,0,False,4.76,True,0.0,0.0,0.0,0.00
21,6,667000000,6.667000000,0.0,0.0,0.0,0.0,0.0,0.0,1.0,963,963,963,963,0,963,1.0000,1.0000,0.0000,0.0000,0.0000,0,False,4.55,True,0.0,0.0,0.0,0.00
22,6,700000000,6.700000000,0.0,0.0,0.0,0.0,0.0,0.0,1.0,963,963,963,963,0,963,1.0000,1.0000,0.0000,0.0000,0.0000,0,False,4.35,True,0.0,0.0,0.0,0.00
23,6,733000000,6.733000000,0.0,0.0,0.0,0.0,0.0,0.0,1.0,963,963,963,963,0,963,1.0000,1.0000,0.0000,0.0000,0.0000,0,False,4.17,True,0.0,0.0,0.0,0.00
24,6,766000000,6.766000000,0.0,0.0,0.0,0.0,0.0,0.0,1.0,963,963,963,963,0,963,1.0000,1.0000,0.0000,0.0000,0.0000,0,False,4.00,True,0.0,0.0,0.0,0.00
25,6,799000000,6.799000000,0.0,0.0,0.0,0.0,0.0,0.0,1.0,963,963,963,963,0,963,1.0000,1.0000,0.0000,0.0000,0.0000,0,False,3.85,True,0.0,0.0,0.0,0.00
26,6,832000000,6.832000000,0.0,0.0,0.0,0.0,0.0,0.0,1.0,963,963,963,963,0,963,1.0000,1.0000,0.0000,0.0000,0.0000,0,False,3.70,True,0.0,0.0,0.0,0.00
27,6,865000000,6.865000000,0.0,0.0,0.0,0.0,0.0,0.0,1.0,963,963,963,963,0,963,1.0000,1.0000,0.0000,0.0000,0.0000,0,False,3.57,True,0.0,0.0,0.0,0.00
28,6,898000000,6.898000000,0.0,0.0,0.0,0.0,0.0,0.0,1.0,963,963,963,963,0,963,1.0000,1.0000,0.0000,0.0000,0.0000,0,False,3.45,True,0.0,0.0,0.0,0.00
29,6,931000000,6.931000000,0.0,0.0,0.0,0.0,0.0,0.0,1.0,963,963,963,963,0,963,1.0000,1.0000,0.0000,0.0000,0.0000,0,False,3.33,True,0.0,0.0,0.0,0.00
30,6,964000000,6.964000000,0.0,0.0,0.0,0.0,0.0,0.0,1.0,963,963,963,963,0,963,1.0000,1.0000,0.0000,0.0000,0.0000,0,False,3.23,True,0.0,0.0,0.0,0.00
31,6,997000000,6.997000000,0.0,0.0,0.0,0.0,0.0,0.0,1.0,963,963,963,963,0,963,1.0000,1.0000,0.0000,0.0000,0.0000,0,False,3.12,True,0.0,0.0,0.0,0.00
32,7,30000000,7.030000000,0.0,0.0,0.0,0.0,0.0,0.0,1.0,963,963,963,963,0,963,1.0000,1.0000,0.0000,0.0000,0.0000,0,False,3.03,True,0.0,0.0,0.0,0.00
33,7,63000000,7.063000000,0.0,0.0,0.0,0.0,0.0,0.0,1.0,963,963,963,963,0,963,1.0000,1.0000,0.0000,0.0000,0.0000,0,False,2.94,True,0.0,0.0,0.0,0.00
34,7,96000000,7.096000000,0.0,0.0,0.0,0.0,0.0,0.0,1.0,963,963,963,963,0,963,1.0000,1.0000,0.0000,0.0000,0.0000,0,False,2.86,True,0.0,0.0,0.0,0.00
35,7,129000000,7.129000000,0.0,0.0,0.0,0.0,0.0,0.0,1.0,963,963,963,963,0,963,1.0000,1.0000,0.0000,0.0000,0.0000,0,False,2.78,True,0.0,0.0,0.0,0.00
36,7,162000000,7.162000000,0.0,0.0,0.0,0.0,0.0,0.0,1.0,963,963,963,963,0,963,1.0000,1.0000,0.0000,0.0000,0.0000,0,False,2.70,True,0.0,0.0,0.0,0.00
37,7,195000000,7.195000000,0.0,0.0,0.0,0.0,0.0,0.0,1.0,963,963,963,963,0,963,1.0000,1.0000,0.0000,0.0000,0.0000,0,False,2.63,True,0.0,0.0,0.0,0.00
38,7,228000000,7.228000000,0.0,0.0,0.0,0.0,0.0,0.0,1.0,963,963,963,963,0,963,1.0000,1.0000,0.0000,0.0000,0.0000,0,False,2.56,True,0.0,0.0,0.0,0.00
39,7,261000000,7.261000000,0.0,0.0,0.0,0.0,0.0,0.0,1.0,963,963,963,963,0,963,1.0000,1.0000,0.0000,0.0000,0.0000,0,False,2.50,True,0.0,0.0,0.0,0.00
40,7,294000000,7.294000000,0.0,0.0,0.0,0.0,0.0,0.0,1.0,963,963,963,963,0,963,1.0000,1.0000,0.0000,0.0000,0.0000,0,False,2.44,True,0.0,0.0,0.0,0.00
41,7,327000000,7.327000000,0.0,0.0,0.0,0.0,0.0,0.0,1.0,963,963,963,963,0,963,1.0000,1.0000,0.0000,0.0000,0.0000,0,False,2.38,True,0.0,0.0,0.0,0.00
42,7,360000000,7.360000000,0.0,0.0,0.0,0.0,0.0,0.0,1.0,963,963,963,963,0,963,1.0000,1.0000,0.0000,0.0000,0.0000,0,False,2.33,True,0.0,0.0,0.0,0.00
43,7,393000000,7.393000000,0.0,0.0,0.0,0.0,0.0,0.0,1.0,963,963,963,963,0,963,1.0000,1.0000,0.0000,0.0000,0.0000,0,False,2.27,True,0.0,0.0,0.0,0.00
44,7,426000000,7.426000000,0.0,0.0,0.0,0.0,0.0,0.0,1.0,963,963,963,963,0,963,1.0000,1.0000,0.0000,0.0000,0.0000,0,False,2.22,True,0.0,0.0,0.0,0.00
45,7,459000000,7.459000000,0.0,0.0,0.0,0.0,0.0,0.0,1.0,963,963,963,963,0,963,1.0000,1.0000,0.0000,0.0000,0.0000,0,False,2.17,True,0.0,0.0,0.0,0.00
46,7,492000000,7.492000000,0.0,0.0,0.0,0.0,0.0,0.0,1.0,963,963,963,963,0,963,1.0000,1.0000,0.0000,0.0000,0.0000,0,False,2.13,True,0.0,0.0,0.0,0.00
47,7,525000000,7.525000000,0.0,0.0,0.0,0.0,0.0,0.0,1.0,963,963,963,963,0,963,1.0000,1.0000,0.0000,0.0000,0.0000,0,False,2.08,True,0.0,0.0,0.0,0.00
48,7,558000000,7.558000000,0.0,0.0,0.0,0.0,0.0,0.0,1.0,963,963,963,963,0,963,1.0000,1.0000,0.0000,0.0000,0.0000,0,False,2.04,True,0.0,0.0,0.0,0.00
49,7,591000000,7.591000000,0.0,0.0,0.0,0.0,0.0,0.0,1.0,963,963,963,963,0,963,1.0000,1.0000,0.0000,0.0000,0.0000,0,False,2.00,True,0.0,0.0,0.0,0.00
50,7,624000000,7.624000000,0.0,0.0,0.0,0.0,0.0,0.0,1.0,963,963,963,963,0,963,1.0000,1.0000,0.0000,0.0000,0.0000,0,False,1.96,True,0.0,0.0,0.0,0.00
51,7,657000000,7.657000000,0.0,0.0,0.0,0.0,0.0,0.0,1.0,963,963,963,963,0,963,1.0000,1.0000,0.0000,0.0000,0.0000,0,False,1.92,True,0.0,0.0,0.0,0.00
52,7,690000000,7.690000000,0.0,0.0,0.0,0.0,0.0,0.0,1.0,963,963,963,963,0,963,1.0000,1.0000,0.0000,0.0000,0.0000,0,False,1.89,True,0.0,0.0,0.0,0.00
53,7,723000000,7.723000000,0.0,0.0,0.0,0.0,0.0,0.0,1.0,963,963,963,963,0,963,1.0000,1.0000,0.0000,0.0000,0.0000,0,False,1.85,True,0.0,0.0,0.0,0.00
54,7,756000000,7.756000000,0.0,0.0,0.0,0.0,0.0,0.0,1.0,963,963,963,963,0,963,1.0000,1.0000,0.0000,0.0000,0.0000,0,False,1.82,True,0.0,0.0,0.0,0.00
55,7,789000000,7.789000000,0.0,0.0,0.0,0.0,0.0,0.0,1.0,963,963,963,963,0,963,1.0000,1.0000,0.0000,0.0000,0.0000,0,False,1.79,True,0.0,0.0,0.0,0.00
56,7,822000000,7.822000000,0.0,0.0,0.0,0.0,0.0,0.0,1.0,963,963,963,963,0,963,1.0000,1.0000,0.0000,0.0000,0.0000,0,False,1.75,True,0.0,0.0,0.0,0.00
57,7,855000000,7.855000000,0.0,0.0,0.0,0.0,0.0,0.0,1.0,963,963,963,963,0,963,1.0000,1.0000,0.0000,0.0000,0.0000,0,False,1.72,True,0.0,0.0,0.0,0.00
58,7,888000000,7.888000000,0.0,0.0,0.0,0.0,0.0,0.0,1.0,963,963,963,963,0,963,1.0000,1.0000,0.0000,0.0000,0.0000,0,False,1.69,True,0.0,0.0,0.0,0.00
59,7,921000000,7.921000000,0.0,0.0,0.0,0.0,0.0,0.0,1.0,963,963,963,963,0,963,1.0000,1.0000,0.0000,0.0000,0.0000,0,False,1.67,True,0.0,0.0,0.0,0.00
60,7,954000000,7.954000000,0.0,0.0,0.0,0.0,0.0,0.0,1.0,963,963,963,963,0,963,1.0000,1.0000,0.0000,0.0000,0.0000,0,False,1.64,True,0.0,0.0,0.0,0.00
61,7,987000000,7.987000000,0.0,0.0,0.0,0.0,0.0,0.0,1.0,963,963,963,963,0,963,1.0000,1.0000,0.0000,0.0000,0.0000,0,False,0.00,True,0.0,0.0,0.0,0.00
62,8,20000000,8.020000000,0.0,0.0,0.0,0.0,0.0,0.0,1.0,963,963,963,963,0,963,1.0000,1.0000,0.0000,0.0000,0.0000,0,False,0.00,True,0.0,0.0,0.0,0.00
63,8,53000000,8.053000000,0.0,0.0,0.0,0.0,0.0,0.0,1.0,963,963,963,963,0,963,1.0000,1.0000,0.0000,0.0000,0.0000,0,False,0.00,True,0.0,0.0,0.0,0.00
64,8,86000000,8.086000000,0.0,0.0,0.0,0.0,0.0,0.0,1.0,963,963,963,963,0,963,1.0000,1.0000,0.0000,0.0000,0.0000,0,False,0.00,True,0.0,0.0,0.0,0.00
65,8,119000000,8.119000000,0.0,0.0,0.0,0.0,0.0,0.0,1.0,963,963,963,963,0,963,1.0000,1.0000,0.0000,0.0000,0.0000,0,False,0.00,True,0.0,0.0,0.0,0.00
66,8,152000000,8.152000000,0.0,0.0,0.0,0.0,0.0,0.0,1.0,963,963,963,963,0,963,1.0000,1.0000,0.0000,0.0000,0.0000,0,False,0.00,True,0.0,0.0,0.0,0.00
67,8,185000000,8.185000000,0.0,0.0,0.0,0.0,0.0,0.0,1.0,963,963,963,963,0,963,1.0000,1.0000,0.0000,0.0000,0.0000,0,False,0.00,True,0.0,0.0,0.0,0.00
68,8,218000000,8.218000000,0.0,0.0,0.0,0.0,0.0,0.0,1.0,963,963,963,963,0,963,1.0000,1.0000,0.0000,0.0000,0.0000,0,False,0.00,True,0.0,0.0,0.0,0.00
69,8,251000000,8.251000000,0.0,0.0,0.0,0.0,0.0,0.0,1.0,963,963,963,963,0,963,1.0000,1.0000,0.0000,0.0000,0.0000,0,False,0.00,True,0.0,0.0,0.0,0.00
70,8,284000000,8.284000000,0.0,0.0,0.0,0.0,0.0,0.0,1.0,963,963,963,963,0,963,1.0000,1.0000,0.0000,0.0000,0.0000,0,False,0.00,True,0.0,0.0,0.0,0.00
71,8,317000000,8.317000000,0.0,0.0,0.0,0.0,0.0,0.0,1.0,963,963,963,963,0,963,1.0000,1.0000,0.0000,0.0000,0.0000,0,False,0.00,True,0.0,0.0,0.0,0.00
72,8,350000000,8.350000000,0.0,0.0,0.0,0.0,0.0,0.0,1.0,963,963,963,963,0,963,1.0000,1.0000,0.0000,0.0000,0.0000,0,False,0.00,True,0.0,0.0,0.0,0.00
73,8,383000000,8.383000000,0.0,0.0,0.0,0.0,0.0,0.0,1.0,963,963,963,963,0,963,1.0000,1.0000,0.0000,0.0000,0.0000,0,False,0.00,True,0.0,0.0,0.0,0.00
74,8,416000000,8.416000000,0.0,0.0,0.0,0.0,0.0,0.0,1.0,963,963,963,963,0,963,1.0000,1.0000,0.0000,0.0000,0.0000,0,False,0.00,True,0.0,0.0,0.0,0.00
75,8,449000000,8.449000000,0.0,0.0,0.0,0.0,0.0,0.0,1.0,963,963,963,963,0,963,1.0000,1.0000,0.0000,0.0000,0.0000,0,False,0.00,True,0.0,0.0,0.0,0.00
76,8,482000000,8.482000000,0.0,0.0,0.0,0.0,0.0,0.0,1.0,963,963,963,963,0,963,1.0000,1.0000,0.0000,0.0000,0.0000,0,False,0.00,True,0.0,0.0,0.0,0.00
77,8,515000000,8.515000000,0.0,0.0,0.0,0.0,0.0,0.0,1.0,963,963,963,963,0,963,1.0000,1.0000,0.0000,0.0000,0.0000,0,False,0.00,True,0.0,0.0,0.0,0.00
78,8,548000000,8.548000000,0.0,0.0,0.0,0.0,0.0,0.0,1.0,963,963,963,963,0,963,1.0000,1.0000,0.0000,0.0000,0.0000,0,False,0.00,True,0.0,0.0,0.0,0.00
79,8,581000000,8.581000000,0.0,0.0,0.0,0.0,0.0,0.0,1.0,963,963,963,963,0,963,1.0000,1.0000,0.0000,0.0000,0.0000,0,False,0.00,True,0.0,0.0,0.0,0.00
80,8,614000000,8.614000000,0.0,0.0,0.0,0.0,0.0,0.0,1.0,963,963,963,963,0,963,1.0000,1.0000,0.0000,0.0000,0.0000,0,False,0.00,True,0.0,0.0,0.0,0.00
81,8,647000000,8.647000000,0.0,0.0,0.0,0.0,0.0,0.0,1.0,963,963,963,963,0,963,1.0000,1.0000,0.0000,0.0000,0.0000,0,False,0.00,True,0.0,0.0,0.0,0.00
82,8,680000000,8.680000000,0.0,0.0,0.0,0.0,0.0,0.0,1.0,963,963,963,963,0,963,1.0000,1.0000,0.0000,0.0000,0.0000,0,False,0.00,True,0.0,0.0,0.0,0.00
83,8,713000000,8.713000000,0.0,0.0,0.0,0.0,0.0,0.0,1.0,963,963,963,963,0,963,1.0000,1.0000,0.0000,0.0000,0.0000,0,False,0.00,True,0.0,0.0,0.0,0.00
84,8,746000000,8.746000000,0.0,0.0,0.0,0.0,0.0,0.0,1.0,963,963,963,963,0,963,1.0000,1.0000,0.0000,0.0000,0.0000,0,False,0.00,True,0.0,0.0,0.0,0.00
85,8,779000000,8.779000000,0.0,0.0,0.0,0.0,0.0,0.0,1.0,963,963,963,963,0,963,1.0000,1.0000,0.0000,0.0000,0.0000,0,False,0.00,True,0.0,0.0,0.0,0.00
86,8,812000000,8.812000000,0.0,0.0,0.0,0.0,0.0,0.0,1.0,963,963,963,963,0,963,1.0000,1.0000,0.0000,0.0000,0.0000,0,False,0.00,True,0.0,0.0,0.0,0.00
87,8,845000000,8.845000000,0.0,0.0,0.0,0.0,0.0,0.0,1.0,963,963,963,963,0,963,1.0000,1.0000,0.0000,0.0000,0.0000,0,False,0.00,True,0.0,0.0,0.0,0.00
88,8,878000000,8.878000000,0.0,0.0,0.0,0.0,0.0,0.0,1.0,963,963,963,963,0,963,1.0000,1.0000,0.0000,0.0000,0.0000,0,False,0.00,True,0.0,0.0,0.0,0.00
89,8,911000000,8.911000000,0.0,0.0,0.0,0.0,0.0,0.0,1.0,963,963,963,963,0,963,1.0000,1.0000,0.0000,0.0000,0.0000,0,False,0.00,True,0.0,0.0,0.0,0.00
90,8,944000000,8.944000000,0.0,0.0,0.0,0.0,0.0,0.0,1.0,963,963,963,963,0,963,1.0000,1.0000,0.0000,0.0000,0.0000,0,False,0.00,True,0.0,0.0,0.0,0.00
91,8,977000000,8.977000000,0.0,0.0,0.0,0.0,0.0,0.0,1.0,963,963,963,963,0,963,1.0000,1.0000,0.0000,0.0000,0.0000,0,False,0.00,True,0.0,0.0,0.0,0.00
92,9,10000000,9.010000000,0.0,0.0,0.0,0.0,0.0,0.0,1.0,963,963,963,963,0,963,1.0000,1.0000,0.0000,0.0000,0.0000,0,False,0.00,True,0.0,0.0,0.0,0.00
93,9,43000000,9.043000000,0.0,0.0,0.0,0.0,0.0,0.0,1.0,963,963,963,963,0,963,1.0000,1.0000,0.0000,0.0000,0.0000,0,False,0.00,True,0.0,0.0,0.0,0.00
94,9,76000000,9.076000000,0.0,0.0,0.0,0.0,0.0,0.0,1.0,963,963,963,963,0,963,1.0000,1.0000,0.0000,0.0000,0.0000,0,False,0.00,True,0.0,0.0,0.0,0.00
95,9,109000000,9.109000000,0.0,0.0,0.0,0.0,0.0,0.0,1.0,963,963,963,963,0,963,1.0000,1.0000,0.0000,0.0000,0.0000,0,False,0.00,True,0.0,0.0,0.0,0.00
96,9,142000000,9.142000000,0.0,0.0,0.0,0.0,0.0,0.0,1.0,963,963,963,963,0,963,1.0000,1.0000,0.0000,0.0000,0.0000,0,False,0.00,True,0.0,0.0,0.0,0.00
97,9,175000000,9.175000000,0.0,0.0,0.0,0.0,0.0,0.0,1.0,963,963,963,963,0,963,1.0000,1.0000,0.0000,0.0000,0.0000,0,False,0.00,True,0.0,0.0,0.0,0.00
98,9,208000000,9.208000000,0.0,0.0,0.0,0.0,0.0,0.0,1.0,963,963,963,963,0,963,1.0000,1.0000,0.0000,0.0000,0.0000,0,False,0.00,True,0.0,0.0,0.0,0.00
99,9,241000000,9.241000000,0.0,0.0,0.0,0.0,0.0,0.0,1.0,963,963,963,963,0,963,1.0000,1.0000,0.0000,0.0000,0.0000,0,False,0.00,True,0.0,0.0,0.0,0.00
100,9,274000000,9.274000000,0.0,0.0,0.0,0.0,0.0,0.0,1.0,963,963,963,963,0,963,1.0000,1.0000,0.0000,0.0000,0.0000,0,False,0.00,True,0.0,0.0,0.0,0.00
101,9,307000000,9.307000000,0.0,0.0,0.0,0.0,0.0,0.0,1.0,963,963,963,963,0,963,1.0000,1.0000,0.0000,0.0000,0.0000,0,False,0.00,True,0.0,0.0,0.0,0.00
102,9,340000000,9.340000000,0.0,0.0,0.0,0.0,0.0,0.0,1.0,963,963,963,963,0,963,1.0000,1.0000,0.0000,0.0000,0.0000,0,False,0.00,True,0.0,0.0,0.0,0.00
103,9,373000000,9.373000000,0.0,0.0,0.0,0.0,0.0,0.0,1.0,963,963,963,963,0,963,1.0000,1.0000,0.0000,0.0000,0.0000,0,False,0.00,True,0.0,0.0,0.0,0.00
104,9,406000000,9.406000000,0.0,0.0,0.0,0.0,0.0,0.0,1.0,963,963,963,963,0,963,1.0000,1.0000,0.0000,0.0000,0.0000,0,False,0.00,True,0.0,0.0,0.0,0.00
105,9,439000000,9.439000000,0.0,0.0,0.0,0.0,0.0,0.0,1.0,963,963,963,963,0,963,1.0000,1.0000,0.0000,0.0000,0.0000,0,False,0.00,True,0.0,0.0,0.0,0.00
106,9,472000000,9.472000000,0.0,0.0,0.0,0.0,0.0,0.0,1.0,963,963,963,963,0,963,1.0000,1.0000,0.0000,0.0000,0.0000,0,False,0.00,True,0.0,0.0,0.0,0.00
107,9,505000000,9.505000000,0.0,0.0,0.0,0.0,0.0,0.0,1.0,963,963,963,963,0,963,1.0000,1.0000,0.0000,0.0000,0.0000,0,False,0.00,True,0.0,0.0,0.0,0.00
108,9,538000000,9.538000000,0.0,0.0,0.0,0.0,0.0,0.0,1.0,963,963,963,963,0,963,1.0000,1.0000,0.0000,0.0000,0.0000,0,False,0.00,True,0.0,0.0,0.0,0.00
109,9,571000000,9.571000000,0.0,0.0,0.0,0.0,0.0,0.0,1.0,963,963,963,963,0,963,1.0000,1.0000,0.0000,0.0000,0.0000,0,False,0.00,True,0.0,0.0,0.0,0.00
110,9,604000000,9.604000000,0.0,0.0,0.0,0.0,0.0,0.0,1.0,963,963,963,963,0,963,1.0000,1.0000,0.0000,0.0000,0.0000,0,False,0.00,True,0.0,0.0,0.0,0.00
111,9,637000000,9.637000000,0.0,0.0,0.0,0.0,0.0,0.0,1.0,963,963,963,963,0,963,1.0000,1.0000,0.0000,0.0000,0.0000,0,False,0.00,True,0.0,0.0,0.0,0.00
112,9,670000000,9.670000000,0.0,0.0,0.0,0.0,0.0,0.0,1.0,963,963,963,963,0,963,1.0000,1.0000,0.0000,0.0000,0.0000,0,False,0.00,True,0.0,0.0,0.0,0.00
113,9,703000000,9.703000000,0.0,0.0,0.0,0.0,0.0,0.0,1.0,963,963,963,963,0,963,1.0000,1.0000,0.0000,0.0000,0.0000,0,False,0.00,True,0.0,0.0,0.0,0.00
114,9,736000000,9.736000000,0.0,0.0,0.0,0.0,0.0,0.0,1.0,963,963,963,963,0,963,1.0000,1.0000,0.0000,0.0000,0.0000,0,False,0.00,True,0.0,0.0,0.0,0.00
115,9,769000000,9.769000000,0.0,0.0,0.0,0.0,0.0,0.0,1.0,963,963,963,963,0,963,1.0000,1.0000,0.0000,0.0000,0.0000,0,False,0.00,True,0.0,0.0,0.0,0.00
116,9,802000000,9.802000000,0.0,0.0,0.0,0.0,0.0,0.0,1.0,963,963,963,963,0,963,1.0000,1.0000,0.0000,0.0000,0.0000,0,False,0.00,True,0.0,0.0,0.0,0.00
117,9,835000000,9.835000000,0.0,0.0,0.0,0.0,0.0,0.0,1.0,963,963,963,963,0,963,1.0000,1.0000,0.0000,0.0000,0.0000,0,False,0.00,True,0.0,0.0,0.0,0.00
118,9,868000000,9.868000000,0.0,0.0,0.0,0.0,0.0,0.0,1.0,963,963,963,963,0,963,1.0000,1.0000,0.0000,0.0000,0.0000,0,False,0.00,True,0.0,0.0,0.0,0.00
119,9,901000000,9.901000000,0.0,0.0,0.0,0.0,0.0,0.0,1.0,963,963,963,963,0,963,1.0000,1.0000,0.0000,0.0000,0.0000,0,False,0.00,True,0.0,0.0,0.0,0.00
120,9,934000000,9.934000000,0.0,0.0,0.0,0.0,0.0,0.0,1.0,963,963,963,963,0,963,1.0000,1.0000,0.0000,0.0000,0.0000,0,False,0.00,True,0.0,0.0,0.0,0.00
121,9,967000000,9.967000000,0.0,0.0,0.0,0.0,0.0,0.0,1.0,963,963,963,963,0,963,1.0000,1.0000,0.0000,0.0000,0.0000,0,False,0.00,True,0.0,0.0,0.0,0.00
122,10,0,10.000000000,0.0,0.0,0.0,0.0,0.0,0.0,1.0,963,963,963,963,0,963,1.0000,1.0000,0.0000,0.0000,0.0000,0,False,0.00,True,0.0,0.0,0.0,0.00
123,10,33000000,10.033000000,0.0,0.0,0.0,0.0,0.0,0.0,1.0,963,963,963,963,0,963,1.0000,1.0000,0.0000,0.0000,0.0000,0,False,0.00,True,0.0,0.0,0.0,0.00
124,10,66000000,10.066000000,0.0,0.0,0.0,0.0,0.0,0.0,1.0,963,963,963,963,0,963,1.0000,1.0000,0.0000,0.0000,0.0000,0,False,0.00,True,0.0,0.0,0.0,0.00
125,10,99000000,10.099000000,0.0,0.0,0.0,0.0,0.0,0.0,1.0,963,963,963,963,0,963,1.0000,1.0000,0.0000,0.0000,0.0000,0,False,0.00,True,0.0,0.0,0.0,0.00
126,10,132000000,10.132000000,0.0,0.0,0.0,0.0,0.0,0.0,1.0,963,963,963,963,0,963,1.0000,1.0000,0.0000,0.0000,0.0000,0,False,0.00,True,0.0,0.0,0.0,0.00
127,10,165000000,10.165000000,0.0,0.0,0.0,0.0,0.0,0.0,1.0,963,963,963,963,0,963,1.0000,1.0000,0.0000,0.0000,0.0000,0,False,0.00,True,0.0,0.0,0.0,0.00
128,10,198000000,10.198000000,0.0,0.0,0.0,0.0,0.0,0.0,1.0,963,963,963,963,0,963,1.0000,1.0000,0.0000,0.0000,0.0000,0,False,0.00,True,0.0,0.0,0.0,0.00
129,10,231000000,10.231000000,0.0,0.0,0.0,0.0,0.0,0.0,1.0,963,963,963,963,0,963,1.0000,1.0000,0.0000,0.0000,0.0000,0,False,0.00,True,0.0,0.0,0.0,0.00
130,10,264000000,10.264000000,0.0,0.0,0.0,0.0,0.0,0.0,1.0,963,956,956,956,0,956,1.0000,0.9927,0.0000,0.0022,0.0000,0,False,0.00,True,0.0,0.0,0.0,0.00
131,10,297000000,10.297000000,0.0,0.0,0.0,0.0,0.0,0.0,1.0,956,956,956,956,0,956,1.0000,1.0000,0.0000,0.0012,0.0000,0,False,0.00,True,0.0,0.0,0.0,0.00
132,10,330000000,10.330000000,0.0,0.0,0.0,0.0,0.0,0.0,1.0,956,956,956,956,0,956,1.0000,1.0000,0.0000,0.0000,0.0000,0,False,0.00,True,0.0,0.0,0.0,0.00
133,10,363000000,10.363000000,0.0,0.0,0.0,0.0,0.0,0.0,1.0,956,956,956,956,0,956,1.0000,1.0000,0.0000,0.0000,0.0000,0,False,0.00,True,0.0,0.0,0.0,0.00
134,10,396000000,10.396000000,0.0,0.0,0.0,0.0,0.0,0.0,1.0,956,956,956,956,0,956,1.0000,1.0000,0.0000,0.0000,0.0000,0,False,0.00,True,0.0,0.0,0.0,0.00
135,10,429000000,10.429000000,0.0,0.0,0.0,0.0,0.0,0.0,1.0,956,956,956,956,0,956,1.0000,1.0000,0.0000,0.0000,0.0000,0,False,0.00,True,0.0,0.0,0.0,0.00
136,10,462000000,10.462000000,0.0,0.0,0.0,0.0,0.0,0.0,1.0,956,950,950,950,0,950,1.0000,0.9937,0.0000,0.0012,0.0000,0,False,0.00,True,0.0,0.0,0.0,0.00
137,10,495000000,10.495000000,0.0,0.0,0.0,0.0,0.0,0.0,1.0,950,950,950,950,0,950,1.0000,1.0000,0.0000,0.0021,0.0000,0,False,0.00,True,0.0,0.0,0.0,0.00
138,10,528000000,10.528000000,0.0,0.0,0.0,0.0,0.0,0.0,1.0,950,950,950,950,0,950,1.0000,1.0000,0.0000,0.0000,0.0000,0,False,0.00,True,0.0,0.0,0.0,0.00
139,10,561000000,10.561000000,0.0,0.0,0.0,0.0,0.0,0.0,1.0,950,950,950,950,0,950,1.0000,1.0000,0.0000,0.0000,0.0000,0,False,0.00,True,0.0,0.0,0.0,0.00
140,10,594000000,10.594000000,0.0,0.0,0.0,0.0,0.0,0.0,1.0,950,950,950,950,0,950,1.0000,1.0000,0.0000,0.0000,0.0000,0,False,0.00,True,0.0,0.0,0.0,0.00
141,10,627000000,10.627000000,0.0,0.0,0.0,0.0,0.0,0.0,1.0,950,950,950,950,0,950,1.0000,1.0000,0.0000,0.0000,0.0000,0,False,0.00,True,0.0,0.0,0.0,0.00
142,10,660000000,10.660000000,0.0,0.0,0.0,0.0,0.0,0.0,1.0,950,950,950,950,0,950,1.0000,1.0000,0.0000,0.0000,0.0000,0,False,0.00,True,0.0,0.0,0.0,0.00
143,10,693000000,10.693000000,0.0,0.0,0.0,0.0,0.0,0.0,1.0,950,950,950,950,0,950,1.0000,1.0000,0.0000,0.0026,0.0000,0,False,0.00,True,0.0,0.0,0.0,0.00
144,10,726000000,10.726000000,0.0,0.0,0.0,0.0,0.0,0.0,1.0,950,950,950,950,0,950,1.0000,1.0000,0.0000,0.0000,0.0000,0,False,0.00,True,0.0,0.0,0.0,0.00
145,10,759000000,10.759000000,0.0,0.0,0.0,0.0,0.0,0.0,1.0,950,950,950,950,0,950,1.0000,1.0000,0.0000,0.0000,0.0000,0,False,0.00,True,0.0,0.0,0.0,0.00
146,10,792000000,10.792000000,0.0,0.0,0.0,0.0,0.0,0.0,1.0,950,950,950,950,0,950,1.0000,1.0000,0.0000,0.0000,0.0000,0,False,0.00,True,0.0,0.0,0.0,0.00
147,10,825000000,10.825000000,0.0,0.0,0.0,0.0,0.0,0.0,1.0,950,950,950,950,0,950,1.0000,1.0000,0.0000,0.0000,0.0000,0,False,0.00,True,0.0,0.0,0.0,0.00
148,10,858000000,10.858000000,0.0,0.0,0.0,0.0,0.0,0.0,1.0,950,950,950,950,0,950,1.0000,1.0000,0.0000,0.0000,0.0000,0,False,0.00,True,0.0,0.0,0.0,0.00
149,10,891000000,10.891000000,0.0,0.0,0.0,0.0,0.0,0.0,1.0,950,950,950,950,0,950,1.0000,1.0000,0.0000,0.0031,0.0000,0,False,0.00,True,0.0,0.0,0.0,0.00
150,10,924000000,10.924000000,0.0,0.0,0.0,0.0,0.0,0.0,1.0,950,950,950,950,0,950,1.0000,1.0000,0.0000,0.0022,0.0000,0,False,0.00,True,0.0,0.0,0.0,0.00
151,10,957000000,10.957000000,0.0,0.0,0.0,0.0,0.0,0.0,1.0,950,950,950,950,0,950,1.0000,1.0000,0.0000,0.0000,0.0000,0,False,0.00,True,0.0,0.0,0.0,0.00
152,10,990000000,10.990000000,0.0,0.0,0.0,0.0,0.0,0.0,1.0,950,950,950,950,0,950,1.0000,1.0000,0.0000,0.0000,0.0000,0,False,0.00,True,0.0,0.0,0.0,0.00
153,11,23000000,11.023000000,0.0,0.0,0.0,0.0,0.0,0.0,1.0,950,950,950,950,0,950,1.0000,1.0000,0.0000,0.0000,0.0000,0,False,0.00,True,0.0,0.0,0.0,0.00
154,11,56000000,11.056000000,0.0,0.0,0.0,0.0,0.0,0.0,1.0,950,950,950,950,0,950,1.0000,1.0000,0.0000,0.0000,0.0000,0,False,0.00,True,0.0,0.0,0.0,0.00
155,11,89000000,11.089000000,0.0,0.0,0.0,0.0,0.0,0.0,1.0,950,950,950,950,0,950,1.0000,1.0000,0.0000,0.0012,0.0000,0,False,0.00,True,0.0,0.0,0.0,0.00
156,11,122000000,11.122000000,0.0,0.0,0.0,0.0,0.0,0.0,1.0,950,950,950,950,0,950,1.0000,1.0000,0.0000,0.0020,0.0000,0,False,0.00,True,0.0,0.0,0.0,0.00
157,11,155000000,11.155000000,0.0,0.0,0.0,0.0,0.0,0.0,1.0,950,950,950,950,0,950,1.0000,1.0000,0.0000,0.0000,0.0000,0,False,0.00,True,0.0,0.0,0.0,0.00
158,11,188000000,11.188000000,0.0,0.0,0.0,0.0,0.0,0.0,1.0,950,950,950,950,0,950,1.0000,1.0000,0.0000,0.0000,0.0000,0,False,0.00,True,0.0,0.0,0.0,0.00
159,11,221000000,11.221000000,0.0,0.0,0.0,0.0,0.0,0.0,1.0,950,950,950,950,0,950,1.0000,1.0000,0.0000,0.0000,0.0000,0,False,0.00,True,0.0,0.0,0.0,0.00
160,11,254000000,11.254000000,0.0,0.0,0.0,0.0,0.0,0.0,1.0,950,950,950,950,0,950,1.0000,1.0000,0.0000,0.0000,0.0000,0,False,0.00,True,0.0,0.0,0.0,0.00
161,11,287000000,11.287000000,0.0,0.0,0.0,0.0,0.0,0.0,1.0,950,950,950,950,0,950,1.0000,1.0000,0.0000,0.0000,0.0000,0,False,0.00,True,0.0,0.0,0.0,0.00
162,11,320000000,11.320000000,0.0,0.0,0.0,0.0,0.0,0.0,1.0,950,950,950,950,0,950,1.0000,1.0000,0.0000,0.0027,0.0001,0,False,0.00,True,0.0,0.0,0.0,0.00
163,11,353000000,11.353000000,0.0,0.0,0.0,0.0,0.0,0.0,1.0,950,950,950,950,0,950,1.0000,1.0000,0.0000,0.0000,0.0000,0,False,0.00,True,0.0,0.0,0.0,0.00
164,11,386000000,11.386000000,0.0,0.0,0.0,0.0,0.0,0.0,1.0,950,950,950,950,0,950,1.0000,1.0000,0.0000,0.0000,0.0000,0,False,0.00,True,0.0,0.0,0.0,0.00
165,11,419000000,11.419000000,0.0,0.0,0.0,0.0,0.0,0.0,1.0,950,950,950,950,0,950,1.0000,1.0000,0.0000,0.0000,0.0000,0,False,0.00,True,0.0,0.0,0.0,0.00
166,11,452000000,11.452000000,0.0,0.0,0.0,0.0,0.0,0.0,1.0,950,950,950,950,0,950,1.0000,1.0000,0.0000,0.0000,0.0000,0,False,0.00,True,0.0,0.0,0.0,0.00
167,11,485000000,11.485000000,0.0,0.0,0.0,0.0,0.0,0.0,1.0,950,950,950,950,0,950,1.0000,1.0000,0.0000,0.0000,0.0000,0,False,0.00,True,0.0,0.0,0.0,0.00
168,11,518000000,11.518000000,0.0,0.0,0.0,0.0,0.0,0.0,1.0,950,950,950,950,0,950,1.0000,1.0000,0.0000,0.0021,0.0001,0,False,0.00,True,0.0,0.0,0.0,0.00
169,11,551000000,11.551000000,0.0,0.0,0.0,0.0,0.0,0.0,1.0,950,950,950,950,0,950,1.0000,1.0000,0.0000,0.0016,0.0000,0,False,0.00,True,0.0,0.0,0.0,0.00
170,11,584000000,11.584000000,0.0,0.0,0.0,0.0,0.0,0.0,1.0,950,950,950,950,0,950,1.0000,1.0000,0.0000,0.0000,0.0000,0,False,0.00,True,0.0,0.0,0.0,0.00
171,11,617000000,11.617000000,0.0,0.0,0.0,0.0,0.0,0.0,1.0,950,950,950,950,0,950,1.0000,1.0000,0.0000,0.0000,0.0000,0,False,0.00,True,0.0,0.0,0.0,0.00
172,11,650000000,11.650000000,0.0,0.0,0.0,0.0,0.0,0.0,1.0,950,950,950,950,0,950,1.0000,1.0000,0.0000,0.0000,0.0000,0,False,0.00,True,0.0,0.0,0.0,0.00
173,11,683000000,11.683000000,0.0,0.0,0.0,0.0,0.0,0.0,1.0,950,950,950,950,0,950,1.0000,1.0000,0.0000,0.0000,0.0000,0,False,0.00,True,0.0,0.0,0.0,0.00
174,11,716000000,11.716000000,0.0,0.0,0.0,0.0,0.0,0.0,1.0,950,950,950,950,0,950,1.0000,1.0000,0.0000,0.0017,0.0000,0,False,0.00,True,0.0,0.0,0.0,0.00
175,11,749000000,11.749000000,0.0,0.0,0.0,0.0,0.0,0.0,1.0,950,950,950,950,0,950,1.0000,1.0000,0.0000,0.0014,0.0000,0,False,0.00,True,0.0,0.0,0.0,0.00
176,11,782000000,11.782000000,0.0,0.0,0.0,0.0,0.0,0.0,1.0,950,950,950,950,0,950,1.0000,1.0000,0.0000,0.0000,0.0000,0,False,0.00,True,0.0,0.0,0.0,0.00
177,11,815000000,11.815000000,0.0,0.0,0.0,0.0,0.0,0.0,1.0,950,950,950,950,0,950,1.0000,1.0000,0.0000,0.0000,0.0000,0,False,0.00,True,0.0,0.0,0.0,0.00
178,11,848000000,11.848000000,0.0,0.0,0.0,0.0,0.0,0.0,1.0,950,950,950,950,0,950,1.0000,1.0000,0.0000,0.0000,0.0000,0,False,0.00,True,0.0,0.0,0.0,0.00
179,11,881000000,11.881000000,0.0,0.0,0.0,0.0,0.0,0.0,1.0,950,950,950,950,0,950,1.0000,1.0000,0.0000,0.0014,0.0000,0,False,0.00,True,0.0,0.0,0.0,0.00
180,11,914000000,11.914000000,0.0,0.0,0.0,0.0,0.0,0.0,1.0,950,950,950,950,0,950,1.0000,1.0000,0.0000,0.0000,0.0000,0,False,0.00,True,0.0,0.0,0.0,0.00
181,11,947000000,11.947000000,0.0,0.0,0.0,0.0,0.0,0.0,1.0,950,950,950,950,0,950,1.0000,1.0000,0.0000,0.0000,0.0000,0,False,0.00,True,0.0,0.0,0.0,0.00
182,11,980000000,11.980000000,0.0,0.0,0.0,0.0,0.0,0.0,1.0,950,950,950,950,0,950,1.0000,1.0000,0.0000,0.0000,0.0000,0,False,0.00,True,0.0,0.0,0.0,0.00
183,12,13000000,12.013000000,0.0,0.0,0.0,0.0,0.0,0.0,1.0,950,950,950,950,0,950,1.0000,1.0000,0.0000,0.0015,0.0000,0,False,0.00,True,0.0,0.0,0.0,0.00
184,12,46000000,12.046000000,0.0,0.0,0.0,0.0,0.0,0.0,1.0,950,950,950,950,0,950,1.0000,1.0000,0.0000,0.0020,0.0000,0,False,0.00,True,0.0,0.0,0.0,0.00
185,12,79000000,12.079000000,0.0,0.0,0.0,0.0,0.0,0.0,1.0,950,950,950,950,0,950,1.0000,1.0000,0.0000,0.0000,0.0000,0,False,0.00,True,0.0,0.0,0.0,0.00
186,12,112000000,12.112000000,0.0,0.0,0.0,0.0,0.0,0.0,1.0,950,950,950,950,0,950,1.0000,1.0000,0.0000,0.0000,0.0000,0,False,0.00,True,0.0,0.0,0.0,0.00
187,12,145000000,12.145000000,0.0,0.0,0.0,0.0,0.0,0.0,1.0,950,950,950,950,0,950,1.0000,1.0000,0.0000,0.0014,0.0000,0,False,0.00,True,0.0,0.0,0.0,0.00
188,12,178000000,12.178000000,0.0,0.0,0.0,0.0,0.0,0.0,1.0,950,950,950,950,0,950,1.0000,1.0000,0.0000,0.0000,0.0000,0,False,0.00,True,0.0,0.0,0.0,0.00
189,12,211000000,12.211000000,0.0,0.0,0.0,0.0,0.0,0.0,1.0,950,950,950,950,0,950,1.0000,1.0000,0.0000,0.0000,0.0000,0,False,0.00,True,0.0,0.0,0.0,0.00
190,12,244000000,12.244000000,0.0,0.0,0.0,0.0,0.0,0.0,1.0,950,950,950,950,0,950,1.0000,1.0000,0.0000,0.0000,0.0000,0,False,0.00,True,0.0,0.0,0.0,0.00
191,12,277000000,12.277000000,0.0,0.0,0.0,0.0,0.0,0.0,1.0,950,950,950,950,0,950,1.0000,1.0000,0.0000,0.0031,0.0001,0,False,0.00,True,0.0,0.0,0.0,0.00
192,12,310000000,12.310000000,0.0,0.0,0.0,0.0,0.0,0.0,1.0,950,950,950,950,0,950,1.0000,1.0000,0.0000,0.0000,0.0000,0,False,0.00,True,0.0,0.0,0.0,0.00
193,12,343000000,12.343000000,0.0,0.0,0.0,0.0,0.0,0.0,1.0,950,950,950,950,0,950,1.0000,1.0000,0.0000,0.0000,0.0000,0,False,0.00,True,0.0,0.0,0.0,0.00
194,12,376000000,12.376000000,0.0,0.0,0.0,0.0,0.0,0.0,1.0,950,950,950,950,0,950,1.0000,1.0000,0.0000,0.0023,0.0001,0,False,0.00,True,0.0,0.0,0.0,0.00
195,12,409000000,12.409000000,0.0,0.0,0.0,0.0,0.0,0.0,1.0,950,950,950,950,0,950,1.0000,1.0000,0.0000,0.0000,0.0000,0,False,0.00,True,0.0,0.0,0.0,0.00
196,12,442000000,12.442000000,0.0,0.0,0.0,0.0,0.0,0.0,1.0,950,950,950,950,0,950,1.0000,1.0000,0.0000,0.0000,0.0000,0,False,0.00,True,0.0,0.0,0.0,0.00
197,12,475000000,12.475000000,0.0,0.0,0.0,0.0,0.0,0.0,1.0,950,950,950,950,0,950,1.0000,1.0000,0.0000,0.0027,0.0001,0,False,0.00,True,0.0,0.0,0.0,0.00
198,12,508000000,12.508000000,0.0,0.0,0.0,0.0,0.0,0.0,1.0,950,950,950,950,0,950,1.0000,1.0000,0.0000,0.0000,0.0000,0,False,0.00,True,0.0,0.0,0.0,0.00
199,12,541000000,12.541000000,0.0,0.0,0.0,0.0,0.0,0.0,1.0,950,950,950,950,0,950,1.0000,1.0000,0.0000,0.0000,0.0000,0,False,0.00,True,0.0,0.0,0.0,0.00
200,12,574000000,12.574000000,0.0,0.0,0.0,0.0,0.0,0.0,1.0,950,950,950,950,0,950,1.0000,1.0000,0.0000,0.0039,0.0000,0,False,0.00,True,0.0,0.0,0.0,0.00
201,12,607000000,12.607000000,0.0,0.0,0.0,0.0,0.0,0.0,1.0,950,950,950,950,0,950,1.0000,1.0000,0.0000,0.0000,0.0000,0,False,0.00,True,0.0,0.0,0.0,0.00
202,12,640000000,12.640000000,0.0,0.0,0.0,0.0,0.0,0.0,1.0,950,950,950,950,0,950,1.0000,1.0000,0.0000,0.0022,0.0000,0,False,0.00,True,0.0,0.0,0.0,0.00
203,12,673000000,12.673000000,0.0,0.0,0.0,0.0,0.0,0.0,1.0,950,950,950,950,0,950,1.0000,1.0000,0.0000,0.0000,0.0000,0,False,0.00,True,0.0,0.0,0.0,0.00
204,12,706000000,12.706000000,0.8319575796811187,-0.5487585009058547,-0.08191882137026767,2.6636642657170407e-05,-6.762120503036915e-06,6.288275546093909e-06,0.9999999996026103,950,950,950,950,13,950,1.0000,1.0000,0.0232,0.9960,0.2467,0,False,0.00,True,0.8319575796811187,-0.5487585009058547,-0.08191882137026767,0.00
205,12,739000000,12.739000000,0.8319575796811187,-0.5487585009058547,-0.08191882137026767,2.6636642657170407e-05,-6.762120503036915e-06,6.288275546093909e-06,0.9999999996026103,1075,0,0,0,0,0,0.0000,0.0000,0.0000,0.0000,0.0000,1,False,1.64,True,0.0,0.0,0.0,0.00
206,12,772000000,12.772000000,1.358746544733866,-1.3926888484186808,0.019446630562506242,-0.000216481850150155,-0.0004149492410496641,-0.0006314211941432577,0.9999996911299581,1075,999,994,994,983,991,0.9950,0.9293,2.5116,731.9613,2.7964,0,False,1.64,True,0.5267797224585565,-0.8439315715646116,0.10140328654915885,0.09
207,12,805000000,12.805000000,0.4222576280296667,-1.7407834713894415,0.06209217369468641,-0.00021302333820491295,-0.0011984749996169193,-0.000497373273847161,0.9999991354489058,983,980,978,978,104,971,0.9980,0.9969,0.9474,18.0148,1.8565,0,False,1.64,True,-0.936012918376458,-0.3492955601807965,0.04327156422374497,0.09
208,12,838000000,12.838000000,0.4222576280296667,-1.7407834713894415,0.06209217369468641,-0.00021302333820491295,-0.0011984749996169193,-0.000497373273847161,0.9999991354489058,104,103,103,103,4,102,1.0000,0.9904,1.8535,14.1258,3.9829,0,False,1.64,True,0.0,0.0,0.0,0.00
209,12,871000000,12.871000000,0.42227956923683807,-1.8992395954200267,-0.92527384571037,-0.015973811312178114,0.019437484739561976,-0.0041139747415854695,0.9996749955615515,103,103,103,103,103,103,1.0000,1.0000,2.9684,3.0241,1.4195,0,False,1.64,True,-0.0021873903897296856,-0.158036522884133,-0.9874308445445563,3.00
210,12,904000000,12.904000000,0.38048706509257096,-1.907034946947475,-1.9243697465586889,-0.019381406358979704,0.02429057887344548,-0.0038674461474116047,0.9995095655999685,103,103,103,103,103,103,1.0000,1.0000,4.4703,4.5618,4.7702,0,False,1.64,True,-0.002994663414248411,0.023959239144564104,-0.9997084509248929,0.68
211,12,937000000,12.937000000,1.075392202392224,-2.6205531717427064,-2.0138046001651704,-0.020057593418048143,0.01874234645062522,-0.008260051507811452,0.9995890100160613,103,103,103,103,103,103,1.0000,1.0000,6.0385,6.0924,2.2316,0,False,1.64,True,0.7045817353819166,-0.7047609025909822,-0.08292555905962397,0.81
212,12,970000000,12.970000000,0.45492453157662394,-1.940697788568467,-2.4047221457443797,-0.02125502557805683,0.013735233555396756,-0.0021094086236512527,0.9996775068201312,103,103,103,103,103,103,1.0000,1.0000,7.8596,7.9403,3.9271,0,False,1.64,True,-0.6171670397871492,0.6852324375627094,-0.3867316272458657,0.92
213,13,3000000,13.003000000,-0.16396801086708057,-1.1905617402970212,-2.6376769267454727,-0.024664499554027827,0.012060291559807777,0.0334423413923351,0.999063472273629,103,103,103,103,103,103,1.0000,1.0000,9.8197,9.9343,4.6457,0,False,1.64,True,-0.6158787546785551,0.7571160203575896,-0.21787310814664157,4.10
214,13,36000000,13.036000000,0.40521612918932204,-2.0122242363387746,-2.607674305081869,-0.022967660624690148,0.0011771813627989296,0.0002652114762489101,0.9997354802508217,103,103,101,101,101,100,0.9806,1.0000,12.4383,19.6906,5.9757,0,False,1.64,True,0.5125565843158867,-0.8586520004114927,0.0015779935909517727,4.01
215,13,69000000,13.069000000,-0.4302747068874795,-2.557570722008361,-2.5402037678117493,-0.021713849374224638,-0.01161826821075413,-0.0006293518903493946,0.9996965182020665,101,101,100,100,68,96,0.9901,1.0000,14.6099,21.9161,5.2103,0,False,1.64,True,-0.8359077316355972,-0.5473812478199974,0.04039843718329967,1.48
216,13,102000000,13.102000000,-0.4302747068874795,-2.557570722008361,-2.5402037678117493,-0.021713849374224638,-0.01161826821075413,-0.0006293518903493946,0.9996965182020665,895,0,0,0,0,0,0.0000,0.0000,0.0000,0.0000,0.0000,1,False,3.28,True,0.0,0.0,0.0,0.00
217,13,135000000,13.135000000,0.5010578732746914,-2.838883940794282,-2.308940934514263,-0.024238599026188946,-0.02854639796090392,-0.0008325428662548359,0.99929820391767,895,895,885,885,589,864,0.9888,1.0000,18.9235,37.8699,3.6870,0,False,3.28,True,0.9366708938939534,-0.2894426809773875,0.19715620954087196,1.96
218,13,168000000,13.168000000,1.430351097957063,-3.086163966900487,-2.0345931784666575,-0.02895840776238609,-0.046478184041697346,0.001253757553028503,0.9984986815815291,589,587,555,555,483,541,0.9455,0.9966,47.1922,917.2687,5.0447,0,False,3.28,True,0.9435099959128295,-0.257434092208342,0.2086062697558233,2.14
219,13,201000000,13.201000000,2.3732774229385556,-3.2151750044097613,-1.7275979051192003,-0.03723885052474275,-0.06358291795152429,0.006383496194037644,0.9972611150208888,483,458,431,431,416,431,0.9410,0.9482,30.9469,479.5183,3.0800,0,False,3.28,True,0.966651239002441,-0.14640614962143014,0.21012049278467135,2.26
220,13,234000000,13.234000000,3.193015046975539,-3.4156501366654415,-1.1910907298780191,-0.048178845023485954,-0.07669078327503849,0.010609622670404401,0.9958337002530371,416,416,415,415,401,415,0.9976,1.0000,16.7365,172.3270,1.7906,0,False,3.28,True,0.8773244120736112,-0.24674172559859223,0.41160709035234266,2.02
221,13,267000000,13.267000000,4.007849632844881,-3.520845285530724,-0.6210218056887137,-0.060535629254530675,-0.08681186351352871,0.014575471274954687,0.9942769702558636,401,401,401,401,401,389,1.0000,1.0000,13.5537,23.8294,1.8025,0,False,3.28,True,0.8885570351076025,-0.1715091785504037,0.42550087782959084,1.89
222,13,300000000,13.300000000,4.790080245692384,-3.597313371927635,-0.0027436319780327345,-0.07256501371824706,-0.09416428316380979,0.018199128680348713,0.9927417581000573,401,401,399,399,399,401,0.9950,1.0000,11.4389,28.1526,1.9618,0,False,3.28,True,0.8727302810640214,-0.16631779641019137,0.4589991798589322,1.68
223,13,333000000,13.333000000,5.497420222642566,-3.779742038788881,0.680183844783115,-0.08095091319160835,-0.0989423057894996,0.01943447166448504,0.9916045941249083,399,398,382,382,382,398,0.9598,0.9975,10.3159,33.6409,2.1213,0,False,3.28,True,0.8111200682337597,-0.29701369050881965,0.5038522626314109,1.12
224,13,366000000,13.366000000,6.196759296134713,-3.806919308088524,1.3944570812413775,-0.08913851393605925,-0.10240284433554617,0.02241064583052004,0.9904876302906159,382,379,378,378,378,379,0.9974,0.9921,10.5241,41.1562,2.3108,0,False,3.28,True,0.8215450893226647,-0.159970461653502,0.5472413705196092,1.08
225,13,399000000,13.399000000,6.818464898267192,-3.831251969711331,2.1773300376368856,-0.09463761062993893,-0.1059156869544156,0.024462332790322297,0.9895590857476303,378,373,359,359,359,321,0.9625,0.9868,15.9680,335.1121,3.0681,0,False,3.28,True,0.7622016501447304,-0.1820061080712406,0.6212265457475316,0.79
226,13,432000000,13.432000000,7.471236724681117,-3.8594727443193246,2.934358789086099,-0.09990139232314185,-0.10676934954739845,0.026359240255440605,0.9889010103454637,359,354,337,337,337,320,0.9520,0.9861,17.3442,86.5375,2.8976,0,False,3.28,True,0.7905957764178789,-0.19191201062997343,0.5814878317610545,0.65
227,13,465000000,13.465000000,7.941535679608827,-4.114523715894569,2.089510935983289,-0.0807907600779728,-0.03690897312303146,0.02230742153027166,0.9957976499940625,337,336,311,311,311,313,0.9256,0.9970,21.8341,395.2427,2.8084,0,False,3.28,True,0.2662294210727365,-0.09240622610974913,-0.9594701583329361,8.35
228,13,498000000,13.498000000,8.740899173323026,-4.170930442263639,2.687705123632549,-0.08483826797438147,-0.033409191504922976,0.024189581516269012,0.9955406362153995,311,311,266,266,266,298,0.8553,1.0000,25.4170,180.1327,2.8737,0,False,3.28,True,0.8353633614285338,-0.18359657239214885,0.51813159813765,0.65
229,13,531000000,13.531000000,9.401732606310988,-4.228592937746847,3.4360193694277203,-0.08597035436622409,-0.03382357276498291,0.024942418628333626,0.9954109401892903,266,265,246,246,246,253,0.9283,0.9962,28.1010,89.2831,3.0672,0,False,3.28,True,0.7021875605643265,-0.21246152034782326,0.6795533328298904,0.16
230,13,564000000,13.564000000,10.119502822652336,-4.314023968407648,4.127038512095658,-0.08661780187719463,-0.030340208685688735,0.02496544372794047,0.9954665010708994,246,242,229,229,229,181,0.9463,0.9837,32.7605,314.5224,3.2084,0,False,3.28,True,0.7540632701627837,-0.2349641643114264,0.6133354922722487,0.41
231,13,597000000,13.597000000,10.818297278495727,-4.376675499035405,4.839612083169229,-0.0862678392121404,-0.027296682079211702,0.025727319056880894,0.9955655960906244,229,225,206,206,206,208,0.9156,0.9825,37.4521,141.8474,3.3966,0,False,3.28,True,0.7331549189108485,-0.21665667966144445,0.6446268285100344,0.36
232,13,630000000,13.630000000,11.123760892420819,-4.639271060014157,3.9243331355679665,-0.05674279319806092,0.057673644032287655,0.017032441969367863,0.9965760894807176,206,206,177,177,177,167,0.8592,1.0000,43.2154,155.1668,3.5576,0,False,3.28,True,0.24423169636206507,-0.11404504094970208,-0.9629873348735634,10.36
233,13,663000000,13.663000000,11.897393612898325,-4.795759735149015,4.538339412702909,-0.05506349015195576,0.059068328473080634,0.01636611505934729,0.9965997666573808,177,175,145,145,145,138,0.8286,0.9887,45.7538,145.6136,4.1518,0,False,3.28,True,0.6919806845517514,-0.25495314914707357,0.675397382247873,0.26
234,13,696000000,13.696000000,12.678611496318911,-4.982019933446476,5.134163008370327,-0.05388348665319115,0.060864194901010235,0.015126829137416671,0.9965757867244189,145,142,97,97,97,86,0.6831,0.9793,52.9544,248.1181,4.5418,0,False,3.28,True,0.699260432767839,-0.27983798770945717,0.6578187803643615,0.28
235,13,729000000,13.729000000,12.678611496318911,-4.982019933446476,5.134163008370327,-0.05388348665319115,0.060864194901010235,0.015126829137416671,0.9965757867244189,2000,0,0,0,0,0,0.0000,0.0000,0.0000,0.0000,0.0000,1,False,4.92,True,0.0,0.0,0.0,0.00
236,13,762000000,13.762000000,13.44499506486069,-5.1847297154666565,5.743724301549693,-0.051990546229970035,0.06289323222558342,0.01375213205871948,0.9965702701298929,2000,1938,1567,1567,1559,1390,0.8086,0.9690,30.2207,222.4733,6.0066,0,False,4.92,True,0.6806321457960164,-0.29391645659439813,0.6710834513323242,0.35
237,13,795000000,13.795000000,14.202462610950825,-5.368600629451798,6.370170152051122,-0.048370689634462345,0.06382595432290038,0.012682244340272516,0.9967074217730854,1559,1550,1334,1334,1329,1106,0.8606,0.9942,26.7884,215.2919,4.3958,0,False,4.92,True,0.6679272528577362,-0.2723545737771123,0.6926010186482583,0.45
238,13,828000000,13.828000000,14.975759584875478,-5.603956562657864,6.958914047835766,-0.04604404635085772,0.06552589474340562,0.011013595003903717,0.9967271460328581,1329,1314,1249,1249,1249,1089,0.9505,0.9887,28.1982,220.9545,4.2779,0,False,4.92,True,0.6866218247265472,-0.3143186370325356,0.6555564538795997,0.38
239,13,861000000,13.861000000,15.75885010062027,-5.831805657837046,7.537579783797888,-0.04259540996394409,0.06749492435113087,0.009793313113841672,0.9967618357737684,1249,1236,1067,1067,936,1013,0.8633,0.9896,29.3244,191.2279,4.4430,0,False,4.92,True,0.6963744668395617,-0.3010244343439224,0.651495887831871,0.48
240,13,894000000,13.894000000,16.539401188142342,-6.084077601717703,8.10950536121053,-0.039022672100061606,0.06847553336136863,0.00844877372524676,0.9968535251558208,936,928,766,766,764,740,0.8254,0.9915,34.5502,373.9139,4.8315,0,False,4.92,True,0.6923837510327471,-0.31884406115770014,0.6472582220182974,0.45
241,13,927000000,13.927000000,17.31124954675548,-6.36050149032639,8.682078452712968,-0.03564185235241731,0.06946838809923372,0.006914277538014503,0.9969232639385591,764,753,650,650,645,622,0.8632,0.9856,36.4909,384.5722,4.4491,0,False,4.92,True,0.6827756900298293,-0.33655233434760873,0.6484981752861497,0.44
242,13,960000000,13.960000000,18.098313108656576,-6.666778758604927,9.217545710781472,-0.03175254091068417,0.07111988211044036,0.004892046338577622,0.9969502527192284,645,632,554,554,532,508,0.8766,0.9798,38.2540,292.2995,4.9293,0,False,4.92,True,0.702255011955694,-0.35775606081328093,0.6155067011288116,0.54
243,13,993000000,13.993000000,18.923070121119252,-7.0125796029489615,9.664980227157443,-0.02898502375511056,0.07610920300582683,0.0033263042964178963,0.9966725607316885,532,525,460,460,459,443,0.8762,0.9868,42.2873,141.9280,4.1875,0,False,4.92,True,0.7509751139319885,-0.3848732507219933,0.5365714855762674,0.68
244,14,26000000,14.026000000,19.723795200010983,-7.340320232542485,10.16640362883259,-0.026663405142803607,0.07462099200300432,0.0011992493049495867,0.9968547196957954,459,445,367,367,366,364,0.8247,0.9695,43.5549,108.9199,4.4673,0,False,4.92,True,0.7145351279781296,-0.3647416494559771,0.596995041886791,0.40
245,14,59000000,14.059000000,20.510235986368134,-7.673275064146082,10.68664585094242,-0.022734634681764218,0.07289830882876522,-0.001041180108999883,0.9970796803163593,366,360,281,281,279,280,0.7806,0.9836,43.7507,95.9587,4.7140,0,False,4.92,True,0.7007780605419418,-0.3650527687599173,0.6129001434848853,0.56
246,14,92000000,14.092000000,21.313211029985467,-8.051220245212749,11.147502140295435,-0.019625444450128867,0.07456220383979033,-0.0029825174975038004,0.997018768267712,279,279,213,213,209,201,0.7634,1.0000,47.7205,109.1499,5.0257,0,False,4.92,True,0.7295032401751014,-0.3995115988750565,0.5551715995422717,0.46
247,14,125000000,14.125000000,22.130463878091952,-8.434469986607168,11.577871072704541,-0.017205290406839897,0.0767688209685918,-0.004239527212856504,0.9968914447010367,209,201,150,150,150,149,0.7463,0.9617,52.4324,477.4603,5.0939,0,False,4.92,True,0.747615352378373,-0.39751250671050875,0.5320292209051012,0.40
248,14,158000000,14.158000000,22.92096135309131,-8.855085265757209,12.023063760161527,-0.015519480861155318,0.0759607780185105,-0.007483084194363093,0.9969619397788276,150,141,84,84,83,83,0.5957,0.9400,68.3965,637.4172,6.0167,0,False,4.92,True,0.7177415900561033,-0.4313190321778965,0.5466359870927444,0.43
249,14,191000000,14.191000000,22.92096135309131,-8.855085265757209,12.023063760161527,-0.015519480861155318,0.0759607780185105,-0.007483084194363093,0.9969619397788276,2000,0,0,0,0,0,0.0000,0.0000,0.0000,0.0000,0.0000,1,False,6.56,True,0.0,0.0,0.0,0.00
250,14,224000000,14.224000000,23.737179830361896,-9.278848158877032,12.41576263688109,-0.012905472335919892,0.0773221617125867,-0.00924095070525971,0.9968798006389449,2000,1912,1696,1696,1560,1642,0.8870,0.9560,39.9655,648.9153,6.8374,0,False,6.56,True,0.7546428392102357,-0.42585555817494525,0.4991605240804008,0.39
251,14,257000000,14.257000000,24.575402465253752,-9.694540987958217,12.768724796616997,-0.011821553955021274,0.07872211422017421,-0.009843287406036811,0.996777903691608,1560,1547,1473,1473,1328,1452,0.9522,0.9917,30.5262,671.8788,4.7649,0,False,6.56,True,0.7822158326064143,-0.41129890906890737,0.4679440122691826,0.21
252,14,290000000,14.290000000,25.39415417085805,-10.12228380157988,13.151715305592193,-0.008874551996307989,0.07904350139699451,-0.011346265453545178,0.9967670888798577,1328,1305,1228,1228,1220,1148,0.9410,0.9827,30.1439,281.1845,4.6101,0,False,6.56,True,0.7576187245839302,-0.4226172363673091,0.4974017889845963,0.38
253,14,323000000,14.323000000,26.196783983568004,-10.552494213473375,13.564879177739332,-0.007625189445093087,0.07675525492608867,-0.013046148909860522,0.9969354469200998,1220,1210,1108,1108,1107,1122,0.9157,0.9918,31.2064,189.1365,3.7402,0,False,6.56,True,0.7377067869155338,-0.4210537820282944,0.5277332746553212,0.36
254,14,356000000,14.356000000,27.029578760677406,-10.990522179657003,13.903382294505393,-0.006887967248037947,0.07633509971125385,-0.014082814906636406,0.996958967452306,1107,1094,986,986,984,879,0.9013,0.9883,33.6132,101.0527,3.9072,0,False,6.56,True,0.7828683584771237,-0.42296421781556565,0.45630954816111435,0.15
255,14,389000000,14.389000000,27.85405315489847,-11.440938762010157,14.245970787620852,-0.0061723806181582025,0.07578879108680413,-0.014999703483134928,0.9969919607291342,984,964,859,859,855,852,0.8911,0.9797,35.2725,209.3075,4.0695,0,False,6.56,True,0.7755826674924288,-0.43335266819990625,0.45899563271272065,0.15
256,14,422000000,14.422000000,28.68010012946588,-11.893501110870131,14.581878090611383,-0.005711712309047483,0.075032709171452,-0.015616146028306684,0.9970424288264333,855,836,697,697,697,664,0.8337,0.9778,35.4841,197.9073,4.4624,0,False,6.56,True,0.7794442559408373,-0.43328863498960807,0.45246835322448414,0.12
257,14,455000000,14.455000000,29.519525623316387,-12.33810591861839,14.894434333871647,-0.005003326345133567,0.07538702105496796,-0.01572410574958252,0.9970178114157829,697,684,586,586,583,580,0.8567,0.9813,34.6554,153.5958,4.2222,0,False,6.56,True,0.7970809445004182,-0.42323116711789427,0.4307404637300124,0.09
258,14,488000000,14.488000000,30.352012861516013,-12.781425576425933,15.226748461221309,-0.005245124904604871,0.07354129278885166,-0.015712514808974905,0.9971545937306098,583,575,508,508,508,467,0.8835,0.9863,37.2526,140.5238,4.0086,0,False,6.56,True,0.7869450158044377,-0.4217073687071044,0.4504225097380055,0.21
259,14,521000000,14.521000000,31.183446813792028,-13.227999259021535,15.557338129867638,-0.004977213355867552,0.07221080178169029,-0.01583230423637644,0.997251305136184,508,499,447,447,447,419,0.8958,0.9823,38.7709,78.4113,3.8481,0,False,6.56,True,0.7879371324525867,-0.42513864459858275,0.44543485289240115,0.16
260,14,554000000,14.554000000,31.225997661702355,-13.300658519902205,14.56088940707736,0.02343396230419869,0.12408106209245351,-0.015594560525763454,0.9918727484525132,447,434,356,356,356,347,0.8203,0.9709,40.3898,95.3940,4.4891,0,False,6.56,True,0.18778851308263972,-0.05913595100855269,-0.9804276687510024,6.81
261,14,587000000,14.587000000,32.06738719319576,-13.797821389344008,14.772768470558614,0.023198196669756588,0.12231191730886373,-0.016809404784313666,0.9920781634862739,356,346,277,277,277,272,0.8006,0.9719,42.9720,150.8271,4.6533,0,False,6.56,True,0.7752529999234744,-0.4564234083325914,0.4366468349086178,0.25
262,14,620000000,14.620000000,32.905836536444006,-14.287314805817253,15.012349133459317,0.022162511720584855,0.11925481804728696,-0.017551857817854247,0.9924611043934595,277,269,217,217,217,203,0.8067,0.9711,45.2449,93.2329,4.4867,0,False,6.56,True,0.768107094709549,-0.4459250491695484,0.4595240380872278,0.38
263,14,653000000,14.653000000,33.7596267232093,-14.752216451535064,15.24667535220608,0.023034900265717764,0.11597190991037169,-0.01846489977489607,0.9928136567139838,217,206,159,159,159,157,0.7718,0.9493,47.2991,263.4408,4.4964,0,False,6.56,True,0.7870686834570177,-0.4205728803327318,0.4512663734978118,0.41
264,14,686000000,14.686000000,34.612750475803004,-15.239574324845975,15.432853133056271,0.022741203883998355,0.11564663951159876,-0.018144021065707127,0.9928642842378549,159,146,119,119,119,117,0.8151,0.9182,50.0575,109.7861,4.0205,0,False,6.56,True,0.8018278504615185,-0.4429528315588169,0.40107965198734125,0.06
265,14,719000000,14.719000000,35.46046241629368,-15.709936920712684,15.678094839050715,0.021648020479360403,0.11097476456909758,-0.018352962456243564,0.9934179048151076,119,100,73,73,72,70,0.7300,0.8403,49.6518,107.0372,4.8338,0,False,6.56,True,0.7824312568936992,-0.42451981639360203,0.4556141500490177,0.55
266,14,752000000,14.752000000,35.46046241629368,-15.709936920712684,15.678094839050715,0.021648020479360403,0.11097476456909758,-0.018352962456243564,0.9934179048151076,2000,0,0,0,0,0,0.0000,0.0000,0.0000,0.0000,0.0000,1,False,6.56,True,0.0,0.0,0.0,0.00
267,14,785000000,14.785000000,36.305540614290855,-16.194475040779988,15.9040719384911,0.021219078646774633,0.10851189028561177,-0.018678041768978915,0.9936931373033133,2000,1880,1759,1759,1756,1610,0.9356,0.9400,22.9742,459.1551,5.2980,0,False,6.56,True,0.7890292662344215,-0.4400829382184091,0.4286721643804534,0.29
268,14,818000000,14.818000000,37.157870608139014,-16.671342043177166,16.11885425529473,0.02130221703002108,0.10669958816660001,-0.01881964545115975,0.9938849200887275,1756,1714,1635,1635,1634,1475,0.9539,0.9761,21.6391,124.6676,4.3622,0,False,6.56,True,0.8006796091586437,-0.43235409463846486,0.4147072465329188,0.21
269,14,851000000,14.851000000,37.991459907695265,-17.170978643732308,16.354421967536922,0.022358437155123437,0.10599660113181125,-0.019705515786548833,0.9939197721567221,1634,1622,1506,1506,1490,1462,0.9285,0.9927,24.1220,96.8570,4.5020,0,False,6.56,True,0.7802865736804274,-0.4548271919058394,0.4292843910941878,0.18
270,14,884000000,14.884000000,38.84623461649819,-17.64336276674561,16.569395076357143,0.024280411369691043,0.10785801020343157,-0.019653907964480927,0.993675417407716,1490,1479,1306,1306,1297,1253,0.8830,0.9926,34.0733,332.4020,5.2368,0,False,6.56,True,0.8056833660960768,-0.42535431518129874,0.41224752291886896,0.31
271,14,917000000,14.917000000,39.705905801704475,-18.11369919000194,16.768766845382917,0.027137471995009887,0.11167041165815858,-0.01973358149096189,0.9931786659686952,1297,1277,974,974,969,958,0.7627,0.9846,56.8567,749.6047,7.6469,0,False,6.56,True,0.8119868714046713,-0.4225625905887902,0.4026390166158072,0.55
272,14,950000000,14.950000000,40.56709680874796,-18.59782420582067,16.92359907215092,0.031018954180517148,0.1183243288894849,-0.020245670625849987,0.9922838759625743,969,960,773,773,727,762,0.8052,0.9907,39.7197,454.9255,5.5298,0,False,6.56,True,0.820573864841566,-0.436394597834935,0.36907761693099284,0.89
273,14,983000000,14.983000000,41.4341111823686,-19.074209062238847,17.06969337221304,0.03580538621519415,0.1259139596167206,-0.020564496745305878,0.9911814922430866,727,713,595,595,595,590,0.8345,0.9807,38.1610,102.5919,4.9767,0,False,6.56,True,0.8231800229645694,-0.4255840114291217,0.3758362662223382,1.04
274,15,16000000,15.016000000,42.303833966069945,-19.565939698042474,17.11192205112859,0.04013227981817818,0.13637053007700453,-0.020632964057499068,0.989629607195194,595,582,475,475,425,478,0.8162,0.9782,39.4712,117.9063,5.1984,0,False,6.56,True,0.8464188726489548,-0.44397774797454503,0.29403886023300346,1.31
275,15,49000000,15.049000000,43.16067760613273,-20.08121131181793,17.129646060866826,0.045731135805941764,0.14829040239852775,-0.02146576056659442,0.9876526924469344,425,419,323,323,319,292,0.7709,0.9859,47.4247,272.2195,5.3471,0,False,6.56,True,0.8348341309369095,-0.4674944451134351,0.2906904154094122,1.53
276,15,82000000,15.082000000,44.034912237898226,-20.565957531495943,17.156755305226064,0.052834159201563397,0.15934568049585673,-0.021890025038853275,0.9855649813850808,319,311,238,238,237,236,0.7653,0.9749,49.3301,167.7920,5.0829,0,False,6.56,True,0.8409653592970491,-0.43106966612195763,0.32704159890125506,1.53
277,15,115000000,15.115000000,44.907750439749044,-21.050725765149476,17.100601649688205,0.060379508365120245,0.1718853287995289,-0.022475677786871245,0.983007931107926,237,230,151,151,149,145,0.6565,0.9705,46.1702,93.1166,6.3523,0,False,4.92,True,0.8581988140252087,-0.4346955569039888,0.2730101983693216,1.70
278,15,148000000,15.148000000,44.651975199714286,-20.89036731919595,16.1472579575202,0.09347018541669003,0.2344744758404655,-0.020160221060981233,0.9674081920804065,149,146,99,99,99,97,0.6781,0.9799,47.1484,113.3658,6.2936,0,False,4.92,True,0.08058963666791386,0.036613423945709815,-0.9960746797548392,8.31
279,15,181000000,15.181000000,44.651975199714286,-20.89036731919595,16.1472579575202,0.09347018541669003,0.2344744758404655,-0.020160221060981233,0.9674081920804065,2000,0,0,0,0,0,0.0000,0.0000,0.0000,0.0000,0.0000,1,False,6.56,True,0.0,0.0,0.0,0.00
280,15,214000000,15.214000000,45.459807610764145,-21.355646168370782,15.78542596865255,0.10047555250930283,0.2489442044124982,-0.020490074221509853,0.963074038325079,2000,1928,1560,1560,1501,1482,0.8091,0.9640,34.9097,600.6289,6.9508,0,False,6.56,True,0.8816178332132688,-0.4518662332967394,0.1362604247995639,1.91
281,15,247000000,15.247000000,46.263367636916904,-21.792907945923922,15.381577702269679,0.10744933735438893,0.26272000648039034,-0.02020908692500619,0.9586576192273777,1501,1495,1265,1265,1230,1222,0.8462,0.9960,34.4515,99.4264,6.1815,0,False,6.56,True,0.8939794375717884,-0.43019049299418227,0.1254468211484498,1.84
282,15,280000000,15.280000000,47.03081849488046,-22.238452721973598,14.920590681686836,0.11426290662728793,0.276394142032519,-0.02078295973990876,0.9540012237956724,1230,1225,1057,1057,1051,921,0.8629,0.9959,35.4799,97.1158,6.2647,0,False,6.56,True,0.887200327036262,-0.4519022852418109,0.0930586068022671,1.83
283,15,313000000,15.313000000,47.798288278047266,-22.638562194924777,14.419688953220442,0.12093941723057319,0.28957060303082716,-0.020292595806389677,0.9492685256426292,1051,1042,865,865,847,748,0.8301,0.9914,35.2460,123.7177,6.8231,0,False,6.56,True,0.9066756615716752,-0.4138560157795664,0.08162378891370048,1.78
284,15,346000000,15.346000000,48.51667274253559,-23.05065755423319,13.859241653273077,0.12671993738594264,0.3019998355531952,-0.019847218181009717,0.9446397433546935,847,809,687,687,684,642,0.8492,0.9551,34.6328,101.9028,6.8207,0,False,6.56,True,0.8951936993224702,-0.4438046793756096,0.040812341977188214,1.66
285,15,379000000,15.379000000,49.208211297519725,-23.47554744343329,13.275081564747703,0.13316969557248462,0.3144556650642719,-0.02077764608448113,0.9396551262635171,684,646,571,571,550,546,0.8839,0.9444,32.9984,94.1207,7.0165,0,False,6.56,True,0.8845011994404121,-0.4648999830957781,0.03905936387113222,1.71
286,15,412000000,15.412000000,49.85222628856067,-23.878583007249915,12.624845434089357,0.13849536422558276,0.3261192707743352,-0.021835996515293245,0.9348734912135562,550,523,456,456,453,419,0.8719,0.9509,34.2930,118.6598,7.8291,0,False,6.56,True,0.8859397961821188,-0.4635437377167675,-0.01542338368693395,1.57
287,15,445000000,15.445000000,50.471716372535134,-24.24029677576752,11.928142351333078,0.1438207621527832,0.33714380334270444,-0.022043563453979658,0.930141777124143,453,416,350,350,350,292,0.8413,0.9183,27.8981,96.9640,8.5703,0,False,6.56,True,0.8982586949356511,-0.43673011643102544,-0.04897062767255351,1.50
288,15,478000000,15.478000000,51.05888798886743,-24.607485508642373,11.20675346354545,0.14874597860191596,0.3474437089156423,-0.022521587022697222,0.9255540400769043,350,326,295,295,294,265,0.9049,0.9314,25.5506,81.3644,8.0577,0,False,6.56,True,0.8895838296904254,-0.4529047383963963,-0.05931195403464623,1.41
289,15,511000000,15.511000000,51.61762415000843,-24.955317872518517,10.45387462277906,0.15318700519142303,0.35693527024485555,-0.022771972337123615,0.9212016020240044,294,274,257,257,257,247,0.9380,0.9320,22.1766,82.8521,8.7929,0,False,6.56,True,0.8910825656635036,-0.44656090302330115,-0.08096431968195354,1.30
290,15,544000000,15.544000000,52.157258131695414,-25.259105356155953,9.668694178171654,0.15718080321093328,0.3651695172148319,-0.02181298698892595,0.9173165279213459,257,238,228,228,228,194,0.9580,0.9261,18.7105,122.1524,9.1732,0,False,6.56,True,0.9029244599895276,-0.41640157816189144,-0.10647603137282316,1.14
291,15,577000000,15.577000000,52.370402241081436,-24.60671669452254,8.941398761709952,0.1624479622800549,0.37485666700776593,-0.01990642629651,0.9125222588753594,228,209,188,188,185,185,0.8995,0.9167,13.8422,111.1930,9.7412,0,False,6.56,True,0.6971198268349978,0.45438691061994124,-0.5545777515288621,1.40
292,15,610000000,15.610000000,51.89357276744662,-24.580823507937478,9.820013123054908,0.16819468400182022,0.38114647847487515,-0.015864245192053098,0.9089478730621551,185,182,182,182,146,145,1.0000,0.9838,10.6547,60.5821,10.3628,0,False,6.56,True,-0.9470019553813565,0.19648445516021443,0.2541282262643819,1.16
293,15,643000000,15.643000000,52.483462131435445,-23.973544677530857,9.287807372998753,0.17183999643236483,0.3875118404347499,-0.014338278127347474,0.9055937295108334,146,138,137,137,99,137,0.9928,0.9452,8.4054,14.8972,11.0673,0,False,6.56,True,0.8501479481513612,0.5089666084049687,-0.13491277842655938,0.94
294,15,676000000,15.676000000,52.483462131435445,-23.973544677530857,9.287807372998753,0.17183999643236483,0.3875118404347499,-0.014338278127347474,0.9055937295108334,2000,0,0,0,0,0,0.0000,0.0000,0.0000,0.0000,0.0000,1,False,8.20,True,0.0,0.0,0.0,0.00
295,15,709000000,15.709000000,52.90429515888804,-24.195977475377273,8.408362540478095,0.1739919407075968,0.39265505574208864,-0.013479327684620766,0.9029768100533656,2000,1730,1686,1686,1682,1618,0.9746,0.8650,22.6511,82.5907,6.7970,0,False,8.20,True,0.8920015192340828,-0.4061702871268388,-0.19839099661877116,0.71
296,15,742000000,15.742000000,53.298853521219854,-24.426307069837055,7.518827843779862,0.17566834580390792,0.39722478153734114,-0.012295601637150792,0.9006674876976024,1682,1521,1472,1472,1457,1393,0.9678,0.9043,21.1503,58.0141,5.9274,0,False,6.56,True,0.8818422422123062,-0.42287868923143723,-0.20863334835033825,0.63
297,15,775000000,15.775000000,53.73839711627118,-24.662462361106076,6.652206757921117,0.17692305122192487,0.40018266067879993,-0.012114284315255148,0.8991136280548138,1457,1315,1262,1262,1259,1127,0.9597,0.9025,19.7573,62.0935,6.0979,0,False,6.56,True,0.8968157746080744,-0.4161969860771487,-0.15000511722743753,0.41
298,15,808000000,15.808000000,54.120863832121394,-24.99337290368384,5.789526386011781,0.1776554092729293,0.4035845546112819,-0.012098743703546501,0.8974473150197048,1259,1140,1095,1095,1088,1007,0.9605,0.9055,17.8706,67.4488,6.1208,0,False,6.56,True,0.8447034502303185,-0.5137025253905774,-0.15028571647478384,0.44
299,15,841000000,15.841000000,54.487894973451915,-25.149328759753484,4.872484450083445,0.17898795308371596,0.4063561465112549,-0.011003866783219442,0.8959447024003449,1088,994,965,965,906,848,0.9708,0.9136,16.2818,133.7161,6.3482,0,False,6.56,True,0.8966220504793218,-0.3689279496921981,-0.2448694887693592,0.41
300,15,874000000,15.874000000,54.8545010664396,-25.38448060585954,3.9723158092959516,0.17986383712996015,0.4087605551247515,-0.010514106045530804,0.8946805364156836,906,820,792,792,783,780,0.9659,0.9051,15.2688,57.9142,6.1823,0,False,6.56,True,0.8748749556604223,-0.4401285324635527,-0.20218972988174677,0.33
301,15,907000000,15.907000000,55.20006849891374,-25.535740871971946,3.046192987252986,0.18053336377097007,0.41058638987183843,-0.009622704340514243,0.8937191530781492,783,690,684,684,678,642,0.9913,0.8812,13.0045,45.3755,6.4558,0,False,6.56,True,0.891504442251503,-0.3742296701578774,-0.25528804010247425,0.27
302,15,940000000,15.940000000,55.578788288362176,-25.34711890187397,2.140106306258018,0.1838478702663881,0.4110336531998169,-0.005947867378298841,0.8928694862125014,678,620,612,612,353,555,0.9871,0.9145,10.8755,43.2993,6.0404,0,False,6.56,True,0.9438015323088782,-0.04627670942110798,-0.32725698430525196,0.58
303,15,973000000,15.973000000,55.92618121430555,-25.473694785729077,1.2109686950126286,0.18397288453698787,0.4119325105679031,-0.00528401397546194,0.8924335626189053,353,310,304,304,304,252,0.9806,0.8782,13.3084,40.0418,3.5807,0,False,6.56,True,0.8962174563916182,-0.3623140854124888,-0.25597416738930856,0.14
304,16,6000000,16.006000000,56.2672287032324,-25.655898989468287,0.28874950282649536,0.18378129087969508,0.4123264730855753,-0.004753084053618228,0.8922940798343236,304,270,262,262,262,258,0.9704,0.8882,11.1604,51.0251,3.2916,0,False,6.56,True,0.8792366507358053,-0.41376335972630923,-0.23609911933524994,0.08
305,16,39000000,16.039000000,56.57602827343156,-25.785222472102355,-0.6535446456665314,0.18338829699739423,0.4126821626209503,-0.0038998021059600462,0.8922146360167073,262,246,243,243,236,209,0.9878,0.9389,9.2716,39.2501,3.4697,0,False,6.56,True,0.8803002149015281,-0.37651644528671463,-0.28862934374900223,0.12
306,16,72000000,16.072000000,56.86560514851648,-26.141063874589342,-1.542095223682289,0.18203127794467341,0.4124128394456828,-0.003335191702709168,0.8926192582543158,236,211,198,198,198,162,0.9384,0.8941,7.0458,37.9906,3.2062,0,False,6.56,True,0.7951512124699172,-0.5739619844046491,-0.195709452418369,0.18
307,16,105000000,16.105000000,57.230511040467164,-26.52066435448654,-2.3922406028272203,0.18080223976769577,0.41137362736013583,-0.0035149799883219695,0.8933475996067994,198,183,182,182,182,180,0.9945,0.9242,5.5509,29.2710,2.5722,0,False,6.56,True,0.812989924158642,-0.5714068666199801,-0.11198917803101259,0.20
308,16,138000000,16.138000000,57.46216765042317,-26.797632345276085,-3.3247769008562478,0.1793425255844521,0.411071159482323,-0.0024660152573792856,0.8937844701758916,182,171,169,169,161,161,0.9883,0.9396,5.1972,37.2645,3.0233,0,False,6.56,True,0.8003831573094472,-0.5214867430373236,-0.2956998111796582,0.21
309,16,171000000,16.171000000,57.8364017905016,-26.86801134937432,-4.249436624312335,0.17871048658660693,0.4094488869694734,-0.00283147283417958,0.8946542090131957,161,152,151,151,150,150,0.9934,0.9441,4.5178,26.2831,2.4891,0,False,6.56,True,0.917961524462248,-0.30358150874098305,-0.25531335091901086,0.23
310,16,204000000,16.204000000,58.20554853285845,-26.981802275159712,-5.171815238448751,0.17778097898676334,0.4077386950541677,-0.0022941843323653287,0.8956214695864997,150,145,145,145,145,129,1.0000,0.9667,4.3348,26.0290,2.6630,0,False,4.92,True,0.9059868434240609,-0.3434360959657809,-0.24746613410785948,0.26
311,16,237000000,16.237000000,58.54980420476705,-27.127219266677017,-6.099361426482967,0.1766632783274463,0.4058185880853796,-0.0021029507076293537,0.8967145238331481,145,140,139,139,138,127,0.9929,0.9655,4.3966,22.6129,2.1767,0,False,4.92,True,0.8875003946403,-0.3785404839608682,-0.2627739551705677,0.28
312,16,270000000,16.270000000,58.88728214349974,-27.110961520945576,-7.040554460122962,0.17571832301326193,0.40374195436177546,-0.0020829484432745523,0.8978369376291686,138,136,135,135,130,124,0.9926,0.9855,4.7297,18.6730,2.6289,0,False,4.92,True,0.9142932194346813,-0.23168923782360204,-0.33224690513605115,0.29
313,16,303000000,16.303000000,59.13784111536997,-27.417111145887056,-7.9589729969369305,0.1737879705426032,0.4018389549718283,-0.0020461385179213493,0.8990656310186691,130,128,126,126,121,118,0.9844,0.9846,4.8870,17.2095,2.0788,0,False,4.92,True,0.7930919187252259,-0.5389985839412887,-0.28370007924219026,0.34
314,16,336000000,16.336000000,59.58575933479062,-27.176106605073162,-8.819952717962991,0.17392341376329218,0.39840317589747865,-0.0010719094761980222,0.9005689349460153,121,121,121,121,121,113,1.0000,1.0000,5.1939,16.6119,2.2385,0,False,4.92,True,0.9587550995601318,0.023018478058436893,-0.28329985657482215,0.44
315,16,369000000,16.369000000,59.72154525311118,-27.73905192468026,-9.635216326569614,0.1698943805336647,0.3965237667221313,-0.0010816822814748088,0.9021660777545436,121,120,120,120,120,112,1.0000,0.9917,5.4780,16.0345,2.1563,0,False,4.92,True,0.6010724500383896,-0.7644999437780903,-0.2329200415768136,0.54
316,16,402000000,16.402000000,60.39640769603566,-27.818625625445105,-10.368857048774014,0.16887434500598883,0.3911812316260941,-0.0007647976395755746,0.9046867494922542,120,120,120,120,120,112,1.0000,1.0000,5.7425,15.3566,2.1193,0,False,4.92,True,0.9772367986501433,-0.20700081269251885,0.0464639958317818,0.69
317,16,435000000,16.435000000,60.777095567275325,-27.96258295070658,-11.282286319815054,0.16686082803635027,0.38848017742770075,-0.0006037990865020802,0.9062230692491937,120,120,120,120,86,112,1.0000,1.0000,5.9569,14.1560,2.1796,0,False,4.92,True,0.8921137911041782,-0.3634805530563282,-0.26835586684773,0.42
318,16,468000000,16.468000000,60.777095567275325,-27.96258295070658,-11.282286319815054,0.16686082803635027,0.38848017742770075,-0.0006037990865020802,0.9062230692491937,2000,0,0,0,0,0,0.0000,0.0000,0.0000,0.0000,0.0000,1,False,6.56,True,0.0,0.0,0.0,0.00
319,16,501000000,16.501000000,61.223504455717986,-28.116840110414696,-12.16371914935918,0.1649288183810307,0.38521832206558715,-0.0006350604558263196,0.9079674696323807,2000,1935,1870,1870,1830,1831,0.9664,0.9675,8.3987,355.4071,4.1850,0,False,6.56,True,0.9126315099663768,-0.3534592847769903,-0.2053539895434938,0.48
320,16,534000000,16.534000000,61.70054085724239,-28.265958093263336,-13.029860072541888,0.16306396061371475,0.38182357099121467,-0.00034840530882798953,0.9097366564002061,1830,1827,1823,1823,1575,1824,0.9978,0.9984,4.3071,16.6023,2.9284,0,False,6.56,True,0.9227563248324623,-0.33882500775680213,-0.18362564935294406,0.49
321,16,567000000,16.567000000,62.18009467742896,-28.412373502812514,-13.895071411690306,0.16095918680012292,0.3783100853742514,-0.00022050002882657166,0.9115775177506887,1575,1569,1569,1569,1569,1550,1.0000,0.9962,4.3400,10.7832,2.0830,0,False,6.56,True,0.9227628365993787,-0.3350792206519066,-0.19034354015405688,0.51
322,16,600000000,16.600000000,61.37250237222852,-28.044069945320434,-14.355665764803444,0.16317294167597463,0.3861153048643446,0.0007651332219430275,0.9079036165945569,1569,1565,1496,1496,1496,1554,0.9559,0.9975,4.2617,11.4008,2.0122,0,False,6.56,True,-0.21401073652198377,0.11545614273708843,-0.9699841667561337,1.03
323,16,633000000,16.633000000,61.85528188471426,-28.22981853910112,-15.211481984696782,0.16098534391246028,0.3826220678680925,0.0008190284816963957,0.9097710708843615,1496,1491,1491,1491,1477,1491,1.0000,0.9967,4.0327,9.0003,1.9364,0,False,6.56,True,0.914973275066889,-0.369770163128253,-0.16153616428984696,0.52
324,16,666000000,16.666000000,62.367281507304796,-28.46067750410401,-16.03886371325074,0.15868177185166785,0.37900634644050774,0.0008064985026351152,0.9116872458250133,1477,1472,1471,1471,1470,1470,0.9993,0.9966,3.9520,18.3944,1.9010,0,False,6.56,True,0.9091040143031778,-0.39945574534230555,-0.11817359557392915,0.54
325,16,699000000,16.699000000,62.89022317255176,-28.483671834501767,-16.89092197153963,0.156966110425454,0.3753398338486802,0.0014916457525334216,0.913498453363386,1470,1464,1464,1464,1349,1463,1.0000,0.9959,3.8566,8.1831,1.8781,0,False,6.56,True,0.9585188326206598,-0.20675670898375603,-0.19619712230747413,0.51
326,16,732000000,16.732000000,63.353349669929074,-28.527489974774035,-17.776130318772125,0.15500674164653283,0.3720833522436415,0.0022350911986043676,0.9151622224472518,1349,1343,1343,1343,1343,1342,1.0000,0.9956,3.9092,7.7960,1.2311,0,False,6.56,True,0.9339637860193578,-0.24319832497124141,-0.26185152498232644,0.48
327,16,765000000,16.765000000,63.11678141543255,-27.802573774880493,-18.423070782877108,0.15501314458275478,0.3710078039957077,0.004265239926597993,0.9155904882146915,1343,1341,1339,1339,1239,1340,0.9985,0.9985,3.8076,7.6196,1.2229,0,False,4.92,True,0.35566297028999866,0.4791319170209701,-0.8024565144955242,0.27
328,16,798000000,16.798000000,63.57067183735594,-28.06880663344569,-19.273425738120153,0.15255995007516127,0.36789564519094764,0.0041560635884703686,0.9172573155980002,1239,1235,1235,1235,1137,1235,1.0000,0.9968,3.7285,7.3194,1.1723,0,False,4.92,True,0.8728104764621711,-0.4488367049050778,-0.1916963341011764,0.49
329,16,831000000,16.831000000,62.99025468350445,-27.429839920235317,-19.778240027660452,0.15414386352260842,0.36878938863426847,0.004880729681424375,0.9166298242185134,1137,1136,1135,1135,1135,1136,0.9991,0.9991,3.4370,7.1671,1.1169,0,False,4.92,True,-0.006620209141014483,0.4056456458389047,-0.9140064457337634,0.24
330,16,864000000,16.864000000,63.57857546106123,-27.594432089145595,-20.569939516499748,0.1521776813172495,0.36525052520571616,0.005134066680441113,0.9183722820867226,1135,1134,1134,1134,1134,1107,1.0000,0.9991,3.3597,7.1816,1.0920,0,False,4.92,True,0.942143415363762,-0.32171181807900695,-0.09416629436802701,0.51
331,16,897000000,16.897000000,64.33895571967666,-27.94621202439692,-21.11589989918562,0.1502525605925728,0.36086517635571935,0.004003795892776872,0.9204262393845472,1134,1133,1133,1133,1131,1131,1.0000,0.9991,3.2660,7.0165,1.0580,0,False,4.92,True,0.8804517907173802,-0.41276009551437404,0.23331041076969422,0.61
332,16,930000000,16.930000000,65.02167715458602,-28.233806115498904,-21.787600041420628,0.14824624288620458,0.35713716513426175,0.0036679257838607457,0.9222053150304609,1131,1130,1130,1130,1129,1130,1.0000,0.9991,3.1470,6.8892,1.0284,0,False,4.92,True,0.916981585428026,-0.3933242909662457,0.06663913356132216,0.53
333,16,963000000,16.963000000,65.70611179147637,-28.669016569584198,-22.372528317775632,0.14699174651224303,0.35412243132312415,0.0022990439656242036,0.9235721111466737,1129,1126,1126,1126,1008,1126,1.0000,0.9973,3.0187,6.7884,1.0076,0,False,4.92,True,0.84545364316654,-0.509693720608517,0.1594379140250897,0.43
334,16,996000000,16.996000000,66.40261259030666,-28.926041883501785,-23.042472065589084,0.14489028621667566,0.35033303065404864,0.002338419580096342,0.9253475586970912,1008,1008,1008,1008,1008,1008,1.0000,1.0000,2.5734,5.1856,1.0072,0,False,4.92,True,0.9317254516412129,-0.3593541209130644,0.05246235361453603,0.54
335,17,29000000,17.029000000,66.97762303848059,-29.199429244438715,-23.813589654138813,0.14345455888559352,0.3479394469314212,0.0023024398104138006,0.9264737608669313,1008,1008,1008,1008,1007,1008,1.0000,1.0000,2.4680,4.9853,1.0053,0,False,4.92,True,0.9043600167749477,-0.41405628589988724,-0.10339415924319557,0.34
336,17,62000000,17.062000000,66.22409536446312,-28.89600537318599,-24.396796306058892,0.14404633747554804,0.3510832844604558,0.0026093123911782633,0.9251942344833243,1007,1004,1004,1004,1004,1004,1.0000,0.9970,2.3650,4.7631,0.9817,0,False,4.92,True,-0.16387240942986037,0.06296579168839794,-0.9844699804995098,0.40
337,17,95000000,17.095000000,66.93263547574584,-29.23636362429914,-25.01496066252299,0.14236269331482534,0.3479260448508269,0.0023369365604792402,0.9266471116849831,1004,1004,1004,1004,1004,1004,1.0000,1.0000,2.2553,4.5190,0.9807,0,False,4.92,True,0.8989130863010462,-0.42388439547148404,0.11080289956721659,0.44
338,17,128000000,17.128000000,67.66863013685145,-29.613091874374906,-25.57744415954214,0.14098693675265847,0.3449481427304381,0.0018233426605650219,0.9279709790254571,1004,1004,1004,1004,1004,1004,1.0000,1.0000,2.1701,4.2682,0.9845,0,False,4.92,True,0.8811673301442363,-0.4410515393513485,0.17034575404830074,0.41
339,17,161000000,17.161000000,67.90616236527744,-28.870785330688815,-26.20398979687417,0.14105877695191493,0.343486547150157,0.00337936808196554,0.9284977077209504,1004,1003,1003,1003,849,1003,1.0000,0.9990,2.0710,4.0198,0.9801,0,False,4.92,True,0.6565112624791122,0.5703592550533592,-0.49364286930235235,0.25
340,17,194000000,17.194000000,67.04671424603046,-28.64376883444832,-26.662042676744505,0.14123229874819418,0.3478317698371384,0.004532496294118576,0.9268473197671818,849,849,849,849,849,846,1.0000,1.0000,2.0072,3.7466,0.9670,0,False,3.28,True,-0.3414709131784585,0.0190387149609693,-0.9396994960016233,0.55
341,17,227000000,17.227000000,66.54671856463709,-28.08163801318992,-27.32083950307212,0.14251247742157908,0.3479122452642899,0.004309227279160917,0.9266221959000231,849,848,848,848,723,848,1.0000,0.9988,1.9151,3.5273,0.9652,0,False,3.28,True,0.10489470039089756,0.32020752888492776,-0.9415222994041681,0.15
342,17,260000000,17.260000000,65.91703054989561,-27.70634838894724,-28.00102381781829,0.14355889440632885,0.34919957528646,0.004227224822004422,0.9259765823318065,723,723,723,723,723,723,1.0000,1.0000,1.8172,3.2203,0.9315,0,False,3.28,True,0.000710691664785374,0.1209348177471456,-0.9926601960257209,0.20
343,17,293000000,17.293000000,66.67747544523812,-27.935150430728758,-28.60878461519184,0.1426827938530786,0.3467242882215142,0.004340070508317083,0.9270410196337306,723,723,723,723,723,723,1.0000,1.0000,1.6960,2.9920,0.8784,0,False,3.28,True,0.942530700828391,-0.3124492040918109,0.11836964500384431,0.32
344,17,326000000,17.326000000,67.6039298597641,-27.887869399132466,-28.982210272929116,0.14292374481728407,0.34364114489893827,0.004346294142527428,0.9281512142033632,723,723,723,723,723,723,1.0000,1.0000,1.6044,2.7441,0.8607,0,False,3.28,True,0.9483217783107155,0.02965344503355796,0.3159216326547518,0.38
345,17,359000000,17.359000000,66.95070997957579,-27.587907554518697,-29.67742727495271,0.1454413616991723,0.3450924369316301,0.0022407745580251466,0.9272286660846177,723,723,723,723,686,723,1.0000,1.0000,1.5179,2.4229,0.9039,0,False,3.28,True,-0.024417165716400492,0.0422763310620113,-0.9988075459518281,0.42
346,17,392000000,17.392000000,67.52483722929325,-27.815266083779697,-30.463993229151168,0.14445164231491872,0.34345400265351467,0.0028539303579276825,0.9279897230978986,686,686,686,686,686,686,1.0000,1.0000,1.4349,2.1891,0.9169,0,False,3.28,True,0.9164673341114162,-0.3758564983787841,-0.13718424885223843,0.25
347,17,425000000,17.425000000,66.94385526401766,-27.375815238011686,-31.1490792895686,0.14569152049035447,0.3443993802771795,0.0029400316064906364,0.9274450948363769,686,686,686,686,686,686,1.0000,1.0000,1.3749,1.9885,0.8910,0,False,3.28,True,0.038164569905549776,0.18151960475762452,-0.9826464769654242,0.19
348,17,458000000,17.458000000,66.5068534279991,-26.75881074421906,-31.803552245431643,0.1468562587044865,0.3447790086014469,0.00343592946749569,0.9271185840526651,686,686,686,686,686,686,1.0000,1.0000,1.3063,1.7807,0.8502,0,False,3.28,True,0.1494863517845087,0.37113852337488096,-0.9164660534342072,0.16
349,17,491000000,17.491000000,67.07398702447593,-26.94313390826347,-32.606287852555134,0.14630470533154605,0.3435553010154522,0.004045439238748423,0.9276574382623131,686,686,686,686,686,686,1.0000,1.0000,1.2523,1.7910,0.8360,0,False,3.28,True,0.9248273944596673,-0.3430421181550172,-0.16436664998916836,0.18
350,17,524000000,17.524000000,67.60125452205997,-26.912246093115407,-33.45542560867414,0.14606195984799306,0.3425636072091334,0.005219553892487633,0.9280564827414295,686,686,686,686,638,686,1.0000,1.0000,1.2144,1.8850,0.8948,0,False,3.28,True,0.9463581433590029,-0.15423942732575682,-0.2839303850529625,0.18
351,17,557000000,17.557000000,66.66722078808029,-26.856700089522874,-33.808264984697935,0.14423090972929267,0.3544963035879904,0.008168333497438923,0.9238306629187986,638,638,638,638,638,638,1.0000,1.0000,1.1860,1.9860,0.9159,0,False,3.28,True,-0.4848585217676722,-0.1281669618124691,-0.8651505324329569,1.50
352,17,590000000,17.590000000,66.18548676479796,-26.324917779715005,-34.504784837816004,0.14566604779035364,0.3551110078713545,0.008171433139644418,0.92336926648561,638,638,638,638,605,624,1.0000,1.0000,1.1788,2.0799,0.9095,0,False,3.28,True,0.1563839145152463,0.27794626105576853,-0.947781592586608,0.19
353,17,623000000,17.623000000,66.61109728798014,-25.437337019782113,-34.681012182894875,0.14827176812714715,0.3538371153297381,0.010268023497800946,0.9234226260413092,605,605,605,605,605,602,1.0000,1.0000,1.1481,1.9935,0.8584,0,False,3.28,True,0.5385802352752262,0.838975602419368,-0.07778990111795192,0.41
354,17,656000000,17.656000000,65.81440088839241,-25.163219227061663,-35.21965332744104,0.1488336943224546,0.35684358298446295,0.011438340885470865,0.9221606980754106,605,605,605,605,605,605,1.0000,1.0000,1.1841,2.1098,0.7881,0,False,3.28,True,-0.2127212341478217,0.04210676783193576,-0.9762052533383413,0.40
355,17,689000000,17.689000000,64.82133995607226,-25.054717797674382,-35.174294485741015,0.14954354549663784,0.35923413469174986,0.011856620531523386,0.9211118200425702,605,605,605,605,605,605,1.0000,1.0000,1.2306,2.2189,0.7511,0,False,1.64,True,-0.7557773238430677,0.03195322697908723,-0.6540486434893306,0.31
356,17,722000000,17.722000000,65.56415620079095,-25.645921079928847,-35.488464353222895,0.14931090466783475,0.3579096623105241,0.01124293284502377,0.9216726771653164,605,605,605,605,605,605,1.0000,1.0000,1.2934,2.3276,0.7875,0,False,1.64,True,0.6812544025410009,-0.5902374789603303,0.43302673987764023,0.18
357,17,755000000,17.755000000,65.19111542039387,-25.04639738539175,-36.19656880586341,0.15082766155526448,0.3585144429538426,0.011290896098994965,0.9211899512959031,605,605,605,605,385,605,1.0000,1.0000,1.3650,2.4358,0.8457,0,False,1.64,True,0.26392315881933787,0.33991008068198053,-0.9026658868538193,0.20
358,17,788000000,17.788000000,64.25712081131961,-24.87610898942748,-36.51066422515528,0.15452701486636716,0.3722928041919761,0.009495034390561824,0.9151116401539686,385,385,385,385,385,366,1.0000,1.0000,1.1474,1.8567,0.9753,0,False,1.64,True,-0.4653038256707293,-0.008907484659092512,-0.8851062120069159,1.79
359,17,821000000,17.821000000,64.10168051899275,-25.81786945390637,-36.808868086743026,0.15163286159934017,0.37336489965144753,0.007422825276506202,0.9151781403947399,385,385,385,385,385,366,1.0000,1.0000,1.2356,1.9436,0.9954,0,False,1.64,True,-0.03473242846611258,-0.9982442706074275,-0.04797952284351663,0.43
360,17,854000000,17.854000000,63.16292899931423,-25.629625534906797,-37.097502477038006,0.15484580377246904,0.385119655422466,0.00636496768195822,0.909761020954265,385,385,385,385,385,385,1.0000,1.0000,1.3178,2.0753,0.9386,0,False,1.64,True,-0.45644908650671745,0.004319283051727909,-0.8897390489469945,1.53
361,17,887000000,17.887000000,62.228751623809224,-25.44964874448747,-37.40559497289751,0.15781829838823982,0.3940077738999545,0.0048413225534440375,0.9054434385405731,385,385,385,385,385,380,1.0000,1.0000,1.3937,2.1433,0.9156,0,False,1.64,True,-0.4181592655707033,-0.017581423861930914,-0.9082035686740925,1.20
362,17,920000000,17.920000000,61.316583095987845,-25.25305196076202,-37.76517567521756,0.15996426123649518,0.39942896737624883,0.00404357250443541,0.9026913008715699,385,385,385,385,385,385,1.0000,1.0000,1.4600,2.2375,0.8686,0,False,1.64,True,-0.3467261872728826,-0.022785528356818272,-0.9376895918995319,0.74
363,17,953000000,17.953000000,62.24742828996528,-25.615468946823896,-37.8118784916524,0.16061129517819914,0.39611092108538565,0.0021970662282320024,0.9040438722529219,385,385,385,385,385,366,1.0000,1.0000,1.5314,2.2863,0.8271,0,False,1.64,True,0.6184536528783094,-0.24533999044206198,0.7465409354692913,0.47
364,17,986000000,17.986000000,62.224704528905335,-26.36021654703062,-38.47883774278368,0.15725432248541524,0.3972894625712982,-2.179148545557916e-05,0.9041195499017778,385,385,385,385,385,385,1.0000,1.0000,1.5980,2.4029,0.8229,0,False,1.64,True,0.36389504401128586,-0.9039639005857132,-0.22456549909077128,0.48
365,18,19000000,18.019000000,61.74817383488038,-26.04597085795868,-39.299915171868044,0.15854969546647493,0.39867531054800676,9.786057023930834e-05,0.9032828910425831,385,385,385,385,385,385,1.0000,1.0000,1.6717,2.4755,0.8101,0,False,1.64,True,0.30301541028302564,0.005680070963116784,-0.9529687287234895,0.24
366,18,52000000,18.052000000,61.921704636570624,-25.061293512301926,-39.28266449608084,0.1714328783406751,0.39726066195554804,0.008930579175240962,0.9015070601177042,385,385,385,385,385,385,1.0000,1.0000,1.7226,2.5369,0.8033,0,False,1.64,True,0.2306008536723548,0.9620211746368103,-0.1460770544472768,1.81
367,18,85000000,18.085000000,62.103120734032146,-24.078278869916996,-39.25490819159595,0.18718301779182475,0.39506195647518616,0.01969781044692452,0.8991665944973382,385,385,385,385,385,385,1.0000,1.0000,1.7733,2.5874,0.8040,0,False,1.64,True,0.254052512342346,0.9556430583112054,-0.14900894628896652,2.22
368,18,118000000,18.118000000,61.31532328885003,-23.66763788346112,-39.71398244006462,0.18939424717544726,0.39703343067223607,0.018693585402021363,0.8978556810146593,385,385,385,385,383,380,1.0000,1.0000,1.8279,2.6498,0.8075,0,False,1.64,True,-0.14323228434456997,0.13126221448173464,-0.9809458414055219,0.39
369,18,151000000,18.151000000,60.47797248046049,-23.399829186751024,-40.190555756203715,0.19067878736973073,0.4000097273581549,0.018865758460001582,0.8962577203147499,383,383,383,383,383,383,1.0000,1.0000,1.8611,2.6845,0.8258,0,False,1.64,True,-0.18710508174363288,-0.018568926001226903,-0.9821643871434504,0.41
370,18,184000000,18.184000000,60.37643599372268,-24.125308897703746,-40.87126827324515,0.1874682654460312,0.4016818660041485,0.016744411568023636,0.8962292969186638,383,383,383,383,383,383,1.0000,1.0000,1.8844,2.7044,0.8309,0,False,1.64,True,0.27901531002998736,-0.9272019978061988,-0.24989380150988869,0.48
371,18,217000000,18.217000000,59.86506080251911,-23.535645282353073,-41.49640204657137,0.18893407475013174,0.40287761611175255,0.01677930983381017,0.895383714725661,383,383,383,383,320,383,1.0000,1.0000,1.9166,2.7467,0.8279,0,False,1.64,True,0.20660548590716724,0.26774640018067614,-0.9410770629355243,0.24
372,18,250000000,18.250000000,59.142733662707535,-23.34472499504068,-42.16107711529606,0.19053645327885627,0.4050190308044828,0.01595894526195921,0.8940921410706154,320,320,320,320,320,320,1.0000,1.0000,1.8530,2.5916,0.8268,0,False,1.64,True,0.02268565778167331,-0.14494683558437815,-0.9891793446009111,0.35
373,18,283000000,18.283000000,58.346712668251,-22.977804809552985,-42.64245031133642,0.1921883551351395,0.407415000268134,0.015783776058232002,0.892651962480512,320,320,320,320,320,320,1.0000,1.0000,1.8732,2.5910,0.8260,0,False,1.64,True,-0.12164776655627343,0.06971541360469403,-0.990122003592384,0.37
374,18,316000000,18.316000000,59.07280822042898,-23.524496518052963,-43.059479596836525,0.19222379504550605,0.4070372340317557,0.015392710185704647,0.8928234804278055,320,320,320,320,320,320,1.0000,1.0000,1.9052,2.6390,0.8195,0,False,1.64,True,0.6844716081117023,-0.5612393654386628,0.46530526793814353,0.07
375,18,349000000,18.349000000,59.63242058884519,-23.949094007837296,-43.77120353825232,0.19241460342159333,0.40725382148777345,0.01548947256009176,0.8926819262836714,320,320,320,320,320,320,1.0000,1.0000,1.9215,2.6670,0.8160,0,False,1.64,True,0.8088882690072257,-0.5740426990070778,0.1271799826197645,0.04
376,18,382000000,18.382000000,60.29802023936186,-24.550605701802912,-44.21297359977155,0.19220097413757645,0.40693945799861075,0.015180647181363856,0.8928765933854009,320,320,320,320,320,319,1.0000,1.0000,1.9326,2.6820,0.8072,0,False,1.64,True,0.6521641295392779,-0.6281097109686806,0.42445275252861364,0.06
377,18,415000000,18.415000000,59.54094493196166,-24.202603887848365,-44.76590371869186,0.19378551914476141,0.4090193987046406,0.014884038101269126,0.8915877800098483,320,320,320,320,320,320,1.0000,1.0000,1.9365,2.6687,0.8185,0,False,1.64,True,-0.043528085300349725,0.02761547211255443,-0.9986704619092757,0.34
378,18,448000000,18.448000000,60.09360738531078,-24.6387787703121,-45.476055592987684,0.19397893118804213,0.4092652114176555,0.014969132847827107,0.8914314814051557,320,320,320,320,320,320,1.0000,1.0000,1.9510,2.6813,0.8129,0,False,1.64,True,0.8006346006434077,-0.5843224051247042,0.13248231248680753,0.04
379,18,481000000,18.481000000,60.77881210905676,-25.241906027305337,-45.88438389035148,0.19390416917111739,0.4089651026177847,0.014555114441734542,0.8915923208857687,320,320,320,320,320,320,1.0000,1.0000,1.9514,2.7074,0.7944,0,False,0.00,True,0.6390684986932683,-0.613178215935958,0.46433170199710444,0.06
380,18,514000000,18.514000000,61.30372105608758,-25.566767372591002,-46.671108558622514,0.19424282180520322,0.4092799584985511,0.014706904783798774,0.8913716108897884,320,320,320,320,320,320,1.0000,1.0000,1.9299,2.6624,0.7861,0,False,0.00,True,0.858433605240557,-0.5120574056602702,0.029815410481374892,0.06
381,18,547000000,18.547000000,61.93404589405192,-26.17477151056703,-47.153831633324,0.19403862842677863,0.4090926436413166,0.014481328786388265,0.8915057547281418,320,320,320,320,320,316,1.0000,1.0000,1.9294,2.6654,0.7887,0,False,0.00,True,0.6557238914840048,-0.6511368408561489,0.3821609511932736,0.04
382,18,580000000,18.580000000,61.176674811776834,-25.879851738554038,-47.73642185964888,0.19551701439321933,0.41107182056918157,0.014052130912888575,0.8902783795159284,320,320,320,320,320,320,1.0000,1.0000,1.9033,2.6170,0.7762,0,False,0.00,True,-0.027437701117493454,-0.036559570940792964,-0.9989547388796012,0.32
383,18,613000000,18.613000000,61.74103852276978,-26.392806715195135,-48.38323774817775,0.19570613002189544,0.4113032818831059,0.014049880396976059,0.8901299466060391,320,320,320,320,320,320,1.0000,1.0000,1.8830,2.6222,0.7549,0,False,0.00,True,0.7479941442294912,-0.6295862502350188,0.21006169025645663,0.04
384,18,646000000,18.646000000,62.19901282593456,-26.81321405837516,-49.16651113815154,0.19588368186893768,0.41163062645016396,0.014168863024638767,0.8899376685287028,320,320,320,320,320,320,1.0000,1.0000,1.8355,2.5714,0.7483,0,False,0.00,True,0.7938719470497398,-0.6077148177047417,0.0212139583658434,0.05
385,18,679000000,18.679000000,62.65521060957609,-27.452241949894,-49.785806654090045,0.19543256567390732,0.4117271340878714,0.014176231935386379,0.8899920863569609,320,320,320,320,320,319,1.0000,1.0000,1.8119,2.5199,0.7412,0,False,0.00,True,0.6325411109069811,-0.7508088743921703,0.19020456657642212,0.05
386,18,712000000,18.712000000,62.97958044092196,-27.80110177349644,-50.665056923347166,0.19546057808820147,0.41212633870126103,0.014533111671595848,0.8897953877309437,320,320,320,320,320,320,1.0000,1.0000,1.7629,2.4874,0.7210,0,False,0.00,True,0.7888230025331847,-0.5941811420027417,-0.1571847357819743,0.07
387,18,745000000,18.745000000,62.92206588204338,-26.87807400184196,-51.045466976147516,0.19762278802806912,0.4130177432067342,0.016058639001253414,0.8888777742535002,320,320,320,320,320,319,1.0000,1.0000,1.7141,2.4208,0.7017,0,False,0.00,True,0.4114651517451703,0.7074523146224481,-0.5746369736056536,0.34
388,18,778000000,18.778000000,63.242030165717686,-27.20779651079644,-51.93367073895284,0.19764146603974916,0.41336994863709337,0.016424370492039642,0.8887031993412456,320,320,320,320,320,320,1.0000,1.0000,1.6680,2.4034,0.6800,0,False,0.00,True,0.7939211199249159,-0.5845305806355087,-0.16737160941773327,0.06
389,18,811000000,18.811000000,63.76786555811777,-27.679719276019473,-52.64133311873835,0.19784890857698803,0.41354812921980855,0.01645465534161665,0.8885735751817515,320,320,320,320,320,320,1.0000,1.0000,1.6276,2.3927,0.6717,0,False,0.00,True,0.7703036236905352,-0.6224328983767748,0.13859875305181554,0.03
390,18,844000000,18.844000000,63.04394510989214,-27.480523944401995,-53.30183323569716,0.199108985984015,0.4151234544164594,0.0157875769572768,0.8875690855970486,320,320,320,320,320,320,1.0000,1.0000,1.5707,2.2935,0.6630,0,False,0.00,True,0.043630240386194785,-0.15502584114326867,-0.9869464983988063,0.27
391,18,877000000,18.877000000,63.635900034742804,-27.999126692814514,-53.918793976979806,0.19918824833088755,0.4150903451327017,0.015772080315658445,0.8875670614590221,320,320,320,320,320,312,1.0000,1.0000,1.5126,2.4674,0.6688,0,False,0.00,True,0.7381362221215644,-0.6221077690579144,0.2610303454962452,0.01
392,18,910000000,18.910000000,62.925202194056105,-27.56109519941699,-54.46928193328329,0.2004069884654538,0.4163223168707197,0.015626318245118218,0.886717872622237,320,320,320,320,320,320,1.0000,1.0000,1.4677,2.2664,0.6583,0,False,0.00,True,0.021423167405595755,0.10357747887690522,-0.9943906444490597,0.22
393,18,943000000,18.943000000,63.43440692496755,-28.20396455512718,-55.04149652022264,0.20003669751624636,0.41616278298407255,0.01560417432859036,0.8868767487364118,320,320,320,320,320,320,1.0000,1.0000,1.4094,2.6621,0.6644,0,False,0.00,True,0.6262454636314709,-0.730873020508415,0.2713692082272967,0.05
394,18,976000000,18.976000000,63.81662391108417,-28.767846122000957,-55.77358104680675,0.20003358873096935,0.41629007732398204,0.015660499395933013,0.8868167136785777,320,320,320,320,320,320,1.0000,1.0000,1.3569,1.9663,0.6722,0,False,0.00,True,0.6759792008637826,-0.7346846879872782,0.05736313482191709,0.02
395,19,9000000,19.009000000,64.46533214673951,-29.339124241558192,-56.27639208000718,0.1999298892406419,0.41588376060808024,0.01545856058622522,0.8870342552321797,320,320,320,320,320,320,1.0000,1.0000,1.3096,1.9763,0.6972,0,False,0.00,True,0.6806386266048222,-0.6202067612055522,0.38996747727011866,0.06
396,19,42000000,19.042000000,64.75909798862358,-29.857802884961124,-57.07930807500281,0.19983130174090366,0.4160502524804854,0.015644842182527964,0.8869751277057007,320,320,320,320,320,319,1.0000,1.0000,1.2652,1.9726,0.7302,0,False,0.00,True,0.6789615188110646,-0.7312796587087483,-0.0651253923795375,0.03
397,19,75000000,19.075000000,65.24003537643809,-29.004419905107913,-56.87821924214776,0.20587204031934322,0.413824302083463,0.018840642155669073,0.8865727156996472,320,319,319,319,319,319,1.0000,0.9969,1.2365,1.9309,0.7444,0,False,0.00,True,0.33263114576414077,0.9253342437284269,0.18196993776768597,0.82
398,19,108000000,19.108000000,64.56393419211295,-28.64649224015778,-57.52224950169889,0.20699556156158394,0.41483021256691827,0.018564411299409788,0.8858465413764375,319,319,319,319,319,319,1.0000,1.0000,1.2220,1.8608,0.7602,0,False,0.00,True,0.09646319651881116,-0.010420922310330113,-0.9952819982776617,0.19
399,19,141000000,19.141000000,65.30181164413051,-28.19980540820538,-57.01627742740585,0.21035984167853827,0.41335838319723095,0.017898733970350255,0.885755733468212,319,319,319,319,319,319,1.0000,1.0000,1.1797,1.8525,0.8227,0,False,0.00,True,0.2068423899453718,0.7039009612189124,0.6795142842625002,0.43
400,19,174000000,19.174000000,64.34836172652116,-27.90889594623976,-57.09568107687875,0.21198387654323378,0.41879526218607954,0.018755317098592766,0.88279193615298,319,319,319,319,319,319,1.0000,1.0000,1.1600,2.5801,0.8352,0,False,0.00,True,-0.5096537915605456,0.09863097354234342,-0.8547075194509813,0.74
401,19,207000000,19.207000000,64.01630689992903,-26.968797414727124,-57.172845467530514,0.216064711034283,0.4205623467883841,0.02149466085030459,0.8808980262575511,319,318,318,318,318,318,1.0000,0.9969,1.1261,1.7461,0.8409,0,False,0.00,True,0.0391501336895044,0.7768909722131139,-0.6284168078002503,0.64
402,19,240000000,19.240000000,64.99298467978288,-27.061386001285342,-57.36656657628983,0.21677807567415694,0.4174408778360923,0.02098396509681785,0.8822188235507434,318,318,318,318,318,317,1.0000,1.0000,1.1155,5.5754,0.8767,0,False,0.00,True,0.7516843090894948,-0.02059007043780778,0.6592015992608142,0.40
403,19,273000000,19.273000000,64.15827139167449,-26.6340499358701,-57.71389583484818,0.21796757725038454,0.4185698106341525,0.020723583970095563,0.8813966087753695,318,316,316,316,316,316,1.0000,0.9937,1.0625,1.6605,0.8506,0,False,0.00,True,-0.19724112401347246,0.12769636449111205,-0.972002869076864,0.21
404,19,306000000,19.306000000,64.32299601235415,-26.231635237974206,-58.61441135956682,0.21868654825999503,0.41865838207174233,0.02119701176683136,0.8811651601279733,316,316,316,316,257,316,1.0000,1.0000,1.0446,1.5527,0.8630,0,False,0.00,True,0.85130431541245,0.02624198545018634,-0.5240155730126463,0.10
405,19,339000000,19.339000000,63.454769145460574,-26.622536727703864,-58.91998971765408,0.21721808059122552,0.42380455874474293,0.01841270538754859,0.8791285308370722,257,257,257,257,257,257,1.0000,1.0000,1.0023,1.4973,0.8953,0,False,0.00,True,-0.42664342732173094,-0.6029016257429753,-0.6741550382513242,0.73
406,19,372000000,19.372000000,63.342080145722626,-26.67386103307951,-57.927685830220526,0.21787229084070617,0.42404916309751045,0.018534100534356095,0.8788460953304088,257,257,257,257,50,254,1.0000,1.0000,0.9793,1.4793,0.9084,0,False,0.00,True,-0.8147285538990681,0.33092675936259547,0.4761353414726785,0.09
407,19,405000000,19.405000000,63.342080145722626,-26.67386103307951,-57.927685830220526,0.21787229084070617,0.42404916309751045,0.018534100534356095,0.8788460953304088,2000,0,0,0,0,0,0.0000,0.0000,0.0000,0.0000,0.0000,1,False,1.64,True,0.0,0.0,0.0,0.00
408,19,438000000,19.438000000,63.90942830372566,-26.297862371891057,-58.660311979354624,0.2181893618897951,0.42372235749935394,0.019018045126793996,0.8789147171784466,2000,1862,1862,1862,1536,1862,1.0000,0.9310,0.7837,2.8376,2.7365,0,False,1.64,True,0.9847894301024369,0.13431768237019004,-0.11022040900494812,0.08
409,19,471000000,19.471000000,64.23003729364183,-26.83328110915358,-59.44168042725428,0.2181466551560827,0.4236459289251269,0.0190980630643722,0.878960424442744,1536,1536,1536,1536,1345,1534,1.0000,1.0000,0.7878,2.7846,1.0370,0,False,1.64,True,0.6638556292184482,-0.7477678345889256,0.011788515986639774,0.01
410,19,504000000,19.504000000,63.34952617988614,-26.662045059457483,-59.88369670957563,0.2189174194499772,0.4255903036525112,0.01871650114884859,0.8778369720415466,1345,1345,1345,1345,1345,1345,1.0000,1.0000,0.8293,1.9729,0.7958,0,False,1.64,True,-0.20090628617291464,-0.15503236670326406,-0.9672650254457625,0.28
411,19,537000000,19.537000000,64.32379996414262,-26.876519646439785,-59.95291552818248,0.21949469602860158,0.4238790107426156,0.018126488718000152,0.8785329208822681,1345,1345,1345,1345,1345,1345,1.0000,1.0000,0.8070,1.9309,0.8021,0,False,1.64,True,0.624796857552324,-0.07194404915349407,0.7774657166616035,0.23
412,19,570000000,19.570000000,63.62288100160273,-26.470613859590735,-60.53939067697776,0.22026615205555838,0.4244786240002746,0.017993659023775685,0.8780529302157172,1345,1345,1345,1345,1030,1345,1.0000,1.0000,0.7698,1.8500,0.7566,0,False,1.64,True,0.07200294652291697,0.023229469833709222,-0.997133876379327,0.13
413,19,603000000,19.603000000,63.720533369234026,-26.432896993833207,-61.53389630950752,0.220354434218671,0.424555555182402,0.018003391651496847,0.8779933836726646,1030,1030,1030,1030,817,1028,1.0000,1.0000,0.6190,1.2010,0.7093,0,False,1.64,True,0.8040939467079292,-0.3506697451300807,-0.4800663024188115,0.02
414,19,636000000,19.636000000,64.50301580808399,-27.00244083970857,-61.78557276950513,0.2199563733932877,0.42322414043539497,0.017409382527877736,0.8787476510104546,817,817,817,817,817,817,1.0000,1.0000,0.6532,1.1535,0.6421,0,False,1.64,True,0.5609556354934955,-0.49342640745352595,0.6647248719850909,0.19
415,19,669000000,19.669000000,64.08549153790457,-26.460966596423113,-62.515284443846156,0.2207412771145562,0.42340356584591055,0.017117028437004158,0.8784700998578661,817,817,817,817,251,817,1.0000,1.0000,0.6269,1.0965,0.6118,0,False,1.64,True,0.386863140593885,0.1309522210997982,-0.9127915568402599,0.10
416,19,702000000,19.702000000,64.0814771789682,-25.513699119452415,-62.8357032510281,0.22182150147751314,0.4234259684996564,0.01794449101228681,0.8781706359954764,251,251,251,251,251,251,1.0000,1.0000,0.4671,0.7072,0.6047,0,False,1.64,True,0.43891979474962195,0.7248560844769261,-0.53097370045392,0.16
417,19,735000000,19.735000000,64.24882292068136,-25.492723033433393,-63.82137835294849,0.2221139452019141,0.42333679399863783,0.01792918389040579,0.8781400221825788,251,251,251,251,140,251,1.0000,1.0000,0.4477,0.6998,0.6073,0,False,1.64,True,0.837013185370936,-0.35393195621215734,-0.4173021661662379,0.04
418,19,768000000,19.768000000,63.37042953523779,-25.021020396811736,-63.74442588051801,0.2282525808575788,0.43506585176365126,0.019666006734909074,0.8707650154548732,140,140,140,140,140,140,1.0000,1.0000,0.4771,0.6380,0.5376,0,False,1.64,True,-0.5160281600413289,0.3185142436002712,-0.7951500579564261,1.75
419,19,801000000,19.801000000,63.00532929297401,-25.894731264071513,-64.06587748423323,0.2236554900435162,0.4370982642155933,0.017496975853947057,0.8709863288416625,140,140,140,140,140,140,1.0000,1.0000,0.4491,0.6249,0.5320,0,False,1.64,True,-0.1893833755062232,-0.9752843969629964,-0.11381687977797152,0.63
420,19,834000000,19.834000000,63.767308388140016,-26.52709401160412,-64.20553855276349,0.21687907184880215,0.42801221982298665,0.014612458705048494,0.8772431156337419,140,140,140,140,140,140,1.0000,1.0000,0.4210,0.5529,0.5029,0,False,1.64,True,0.43268680710503254,-0.4995034399633836,0.7505187808589462,1.52
421,19,867000000,19.867000000,63.859240489603025,-26.408283323997402,-65.19419041728962,0.21727784454465662,0.4279643756535779,0.01443167018800879,0.8771707691989375,140,140,140,140,42,140,1.0000,1.0000,0.3968,0.5633,0.5005,0,False,1.64,True,0.8194669993848156,-0.2662662124463269,-0.5075195966942895,0.05
422,19,900000000,19.900000000,63.859240489603025,-26.408283323997402,-65.19419041728962,0.21727784454465662,0.4279643756535779,0.01443167018800879,0.8771707691989375,2000,0,0,0,0,0,0.0000,0.0000,0.0000,0.0000,0.0000,1,False,3.28,True,0.0,0.0,0.0,0.00
423,19,933000000,19.933000000,64.44595373284974,-26.39817179989786,-66.00392205634004,0.21724750414825028,0.42764185727381504,0.014623278511828505,0.8773323905876971,2000,1965,1932,1932,1600,1927,0.9832,0.9825,12.4220,1015.9876,2.8069,0,False,3.28,True,0.9765530579269852,-0.21524358179208955,0.0037849109324280426,0.05
424,19,966000000,19.966000000,64.97349716207765,-26.796811678488954,-66.75411148406835,0.217294606267078,0.42746587994163626,0.014626860609471954,0.8774064226580912,1600,1600,1600,1600,769,1600,1.0000,1.0000,0.4653,1.2967,0.8062,0,False,3.28,True,0.8082185505887309,-0.5717071559069785,0.1411867641424107,0.02
425,19,999000000,19.999000000,64.93806676538152,-26.171619768009258,-67.53377792688906,0.2176220829457877,0.4275426859918178,0.014946233511598853,0.8772824464065466,769,769,769,769,252,769,1.0000,1.0000,0.6443,1.3256,0.6869,0,False,3.28,True,0.6896125369058885,0.25316714004757995,-0.6784843020603748,0.06
426,20,32000000,20.032000000,65.14533160849962,-26.04035382902077,-68.50321618591781,0.21775399770856008,0.42752730468495576,0.01518519158573341,0.8772531049744206,252,252,252,252,51,245,1.0000,1.0000,0.4494,1.4698,0.5745,0,False,3.28,True,0.880187245080186,-0.23064475169607324,-0.41481732378627756,0.03
427,20,65000000,20.065000000,65.14533160849962,-26.04035382902077,-68.50321618591781,0.21775399770856008,0.42752730468495576,0.01518519158573341,0.8772531049744206,2000,0,0,0,0,0,0.0000,0.0000,0.0000,0.0000,0.0000,1,False,4.92,True,0.0,0.0,0.0,0.00
428,20,98000000,20.098000000,65.50705505549594,-26.15342580058757,-69.42861927492231,0.21771175910951535,0.4274609024697518,0.015451204088144226,0.8772913011636512,2000,2000,1997,1997,798,1998,0.9985,1.0000,0.4404,4.7517,1.9975,0,False,4.92,True,0.8932840047648923,-0.41015069634980184,-0.18390240105819272,0.03
429,20,131000000,20.131000000,65.4141048637109,-26.624708100804185,-70.30569011319574,0.21755407383520065,0.42759272582220964,0.015611146159170057,0.877263345807425,798,797,797,797,462,797,1.0000,0.9987,0.4309,4.5416,0.8218,0,False,4.92,True,0.4924835533810545,-0.787782670464727,-0.3699437981161912,0.03
430,20,164000000,20.164000000,65.4048867205667,-27.21059795663904,-71.11602837754388,0.2164673915422993,0.42777940344412524,0.015347448494968587,0.8774457853409267,462,462,462,462,462,454,1.0000,1.0000,0.5880,6.8330,0.6905,0,False,4.92,True,0.4715352960429342,-0.8517348193485079,-0.22847814358285368,0.13
431,20,197000000,20.197000000,65.60608522494928,-27.85492790510854,-71.85383463892927,0.21605083719318224,0.4278078858598733,0.015394270080711772,0.8775337400880452,462,462,462,462,457,454,1.0000,1.0000,0.5829,1.7536,0.7210,0,False,4.92,True,0.5397565242766655,-0.8417623918232173,-0.009948377396828599,0.05
432,20,230000000,20.230000000,65.59718096505026,-28.466996529595168,-72.64458916030406,0.21557032070771803,0.4279815391034129,0.015459770069960624,0.8775660855605288,457,457,457,457,457,457,1.0000,1.0000,0.6134,1.4144,0.7130,0,False,4.92,True,0.4531410988773434,-0.8663005142511,-0.21020600257013033,0.06
433,20,263000000,20.263000000,64.75431564910411,-28.692219404903636,-73.13331476390263,0.21530130517365278,0.42872615367934075,0.01566840256801129,0.877264916831174,457,457,457,457,456,457,1.0000,1.0000,0.6471,1.4725,0.7324,0,False,4.92,True,-0.2175038973873659,-0.5282169858550305,-0.8207794286381285,0.10
434,20,296000000,20.296000000,65.47941019908315,-29.04153506119688,-73.72679304139821,0.2149950685567954,0.42822821659060667,0.015638703425281064,0.8775836974141347,456,456,456,456,456,454,1.0000,1.0000,0.6824,1.5285,0.7428,0,False,4.92,True,0.8265124689558986,-0.43499379974160923,0.3572919434395094,0.08
435,20,329000000,20.329000000,65.47941019908315,-29.04153506119688,-73.72679304139821,0.2149950685567954,0.42822821659060667,0.015638703425281064,0.8775836974141347,456,456,456,456,2,456,1.0000,1.0000,0.7238,1.5972,0.7571,0,False,4.92,True,0.0,0.0,0.0,0.00
436,20,362000000,20.362000000,64.84431442216055,-28.526003736832347,-74.30201543989642,0.2153457598086002,0.4287809414364232,0.015699363516282604,0.8772266742288077,456,456,456,456,263,454,1.0000,1.0000,0.7499,1.6407,0.7798,0,False,4.92,True,0.13569532433440998,0.1433442909322528,-0.9803260647411702,0.09
437,20,395000000,20.395000000,64.84371833961342,-28.213554796927706,-75.25194980849146,0.2155605988038045,0.4291170690811708,0.015739926062659355,0.87700879356713,263,263,263,263,122,260,1.0000,1.0000,0.6178,0.9707,0.7858,0,False,4.92,True,0.7741200128202927,-0.08846534899360108,-0.6268269998799909,0.05
438,20,428000000,20.428000000,64.92660755912969,-28.067239224397085,-76.23770897305602,0.21543583322829868,0.4293203256414715,0.0162140168227301,0.8769313344902221,122,122,122,122,122,120,1.0000,1.0000,0.6892,0.9288,0.7720,0,False,4.92,True,0.8187004861614978,-0.24033705249500859,-0.5215051439410148,0.06
439,20,461000000,20.461000000,64.97096481665858,-27.701636963000535,-77.16742259571959,0.21544100912589065,0.42959439795553817,0.016719423304070575,0.8767863398322399,122,122,122,122,61,120,1.0000,1.0000,0.6950,0.9337,0.7994,0,False,4.92,True,0.7995592575161259,-0.025814176346049746,-0.6000321841533469,0.07
440,20,494000000,20.494000000,64.97096481665858,-27.701636963000535,-77.16742259571959,0.21544100912589065,0.42959439795553817,0.016719423304070575,0.8767863398322399,2000,0,0,0,0,0,0.0000,0.0000,0.0000,0.0000,0.0000,1,False,6.56,True,0.0,0.0,0.0,0.00
441,20,527000000,20.527000000,65.68792542387371,-27.90142732738024,-77.83529331524751,0.21560146123152996,0.429913472819262,0.016534230556827588,0.8765939966844425,2000,1955,1954,1954,381,1950,0.9995,0.9775,0.6280,13.0691,2.2529,0,False,6.56,True,0.9074002874284837,-0.3313498460153041,0.2585188540906439,0.05
442,20,560000000,20.560000000,65.68792542387371,-27.90142732738024,-77.83529331524751,0.21560146123152996,0.429913472819262,0.016534230556827588,0.8765939966844425,381,381,381,381,7,379,1.0000,1.0000,1.2315,3.6413,0.8190,0,False,6.56,True,0.0,0.0,0.0,0.00
443,20,593000000,20.593000000,65.5881057277699,-27.07114553395867,-77.28696114239752,0.21724849805990337,0.4302640888287009,0.017974787596904424,0.8759867641499899,381,381,381,381,380,379,1.0000,1.0000,1.2562,4.6083,0.9105,0,False,6.56,True,-0.2942602260965941,0.952086596932277,-0.08331885308558439,0.26
444,20,626000000,20.626000000,66.06436812580438,-26.584523283052242,-76.55458629770308,0.2226389611076098,0.42832612518976626,0.01921593524982039,0.8755566065705402,380,379,379,379,379,379,1.0000,0.9974,1.2584,2.0906,0.8648,0,False,6.56,True,-0.14043850922410253,0.8044921165523662,0.5771217025307622,0.67
445,20,659000000,20.659000000,66.33812814281781,-27.09388034514367,-77.37043606106786,0.22001303761863114,0.4281633027571396,0.017247479540098174,0.8763406722841492,379,379,379,379,379,377,1.0000,1.0000,1.2959,1.9744,0.8598,0,False,6.56,True,0.6637671727055667,-0.7469864584469684,-0.03774084439057918,0.39
446,20,692000000,20.692000000,65.90235774826526,-27.592469917745955,-76.62109461598172,0.22029459888857544,0.4285222812165381,0.01766852231959454,0.8760860502944549,379,379,379,379,14,379,1.0000,1.0000,1.3246,2.0291,0.8996,0,False,6.56,True,-0.9413889281422236,-0.21892815987750014,0.2566268629428478,0.08
447,20,725000000,20.725000000,65.90235774826526,-27.592469917745955,-76.62109461598172,0.22029459888857544,0.4285222812165381,0.01766852231959454,0.8760860502944549,2000,0,0,0,0,0,0.0000,0.0000,0.0000,0.0000,0.0000,1,False,8.20,True,0.0,0.0,0.0,0.00
448,20,758000000,20.758000000,66.47641153247372,-28.18172801781732,-77.18963409951493,0.22015634194262595,0.42849236134791335,0.017503863201548717,0.8761387425185306,2000,1933,1882,1882,1620,1875,0.9736,0.9665,5.4073,1117.3677,2.6369,0,False,8.20,True,0.6558302092743655,-0.6691482886221173,0.3494671721882235,0.03
449,20,791000000,20.791000000,66.82439138915501,-27.957614195819115,-78.09995438058826,0.22027000852162415,0.42867215164124906,0.017950756482208407,0.876013173471074,1620,1614,1614,1614,951,1614,1.0000,0.9963,0.8507,3.6731,1.1498,0,False,8.20,True,0.9456287051855157,-0.10760220930495452,-0.30693340724309853,0.06
450,20,824000000,20.824000000,67.44254425623146,-27.372023924898677,-78.62433121791854,0.22091573447172383,0.4287718665185056,0.018617787087253337,0.8757878183378834,951,950,950,950,901,950,1.0000,0.9989,0.7500,1.8097,1.1222,0,False,8.20,True,0.9092589816946514,0.41524688946473237,-0.02860288442569745,0.11
451,20,857000000,20.857000000,67.64388197750668,-27.331863519174338,-79.60302946753572,0.2209726542702063,0.4290758529314434,0.018950294325684257,0.8756174306401765,901,901,901,901,719,901,1.0000,1.0000,0.7230,1.5875,1.0999,0,False,8.20,True,0.8630634672216112,-0.3265440688431061,-0.38534455056585354,0.06
452,20,890000000,20.890000000,67.94805466444905,-27.412880474507556,-80.55219501129865,0.2209923950964111,0.429340844694362,0.01917764544763207,0.8754775944030597,719,719,719,719,609,719,1.0000,1.0000,0.7469,1.6552,1.0111,0,False,8.20,True,0.8791680705144972,-0.40820044858202775,-0.24583713626148446,0.04
453,20,923000000,20.923000000,68.20120670204447,-27.233262593334974,-81.50280085107892,0.22119567123730535,0.42965389561309225,0.01950379850804136,0.8752654493661506,609,609,609,609,480,609,1.0000,1.0000,0.8062,1.5982,0.9216,0,False,8.20,True,0.9063197331685633,-0.18200935507872132,-0.381388431829142,0.06
454,20,956000000,20.956000000,68.16215215435003,-27.33529084283308,-82.49681542773698,0.22120822000619864,0.4301120454544718,0.019741103877983494,0.8750319083178271,480,480,480,480,449,480,1.0000,1.0000,0.7918,1.6283,0.9905,0,False,8.20,True,0.6915617933211391,-0.49960824040518964,-0.5216645398507362,0.06
455,20,989000000,20.989000000,68.14466058766105,-27.223777359108485,-83.49042439913485,0.22142736869265417,0.43051776463714175,0.019992230581774153,0.8747712189150094,449,448,448,448,392,448,1.0000,0.9978,0.7963,1.6389,1.0358,0,False,8.20,True,0.7533010369772449,-0.3037385670857463,-0.5833356071368392,0.07
456,21,22000000,21.022000000,67.31289205408028,-27.42726255961692,-84.00690758348738,0.22069193186553923,0.43339893742922825,0.019731535025177334,0.8735394088249382,392,392,392,392,392,392,1.0000,1.0000,0.7657,2.0598,1.0970,0,False,8.20,True,-0.18424057695629173,-0.521832690817814,-0.8329141928173951,0.37
457,21,55000000,21.055000000,67.25904646423656,-27.119665003608457,-84.95689937081607,0.22106351089735263,0.4338564915685087,0.02016029629638241,0.8732084695688898,392,389,389,389,301,389,1.0000,0.9923,0.7647,1.5825,1.0338,0,False,8.20,True,0.7469132379084577,-0.11358188009848136,-0.6551486637019099,0.09
458,21,88000000,21.088000000,67.85129018661245,-27.6690772914961,-85.54630034742235,0.2209727785330346,0.43394718117178765,0.020264528624263017,0.8731839576973952,301,301,301,301,209,301,1.0000,1.0000,0.6137,1.3782,1.1196,0,False,8.20,True,0.6854047571410233,-0.6403751060180789,0.34661223648450307,0.02
459,21,121000000,21.121000000,67.76389340119454,-27.513205656438085,-86.5302037142643,0.2211405125012762,0.4344252245151569,0.020613341844825713,0.8728955769011645,209,209,209,209,188,209,1.0000,1.0000,0.8023,1.5722,1.1078,0,False,8.20,True,0.7178210521710625,-0.2701390721275997,-0.6416835815026499,0.08
460,21,154000000,21.154000000,67.54510898994873,-27.30587021417781,-87.48369487614183,0.22137247485369688,0.4349504972306544,0.02085322351556849,0.8725694444598467,188,186,186,186,184,186,1.0000,0.9894,0.7656,1.2833,0.9996,0,False,8.20,True,0.6257299386885814,-0.23246961083399761,-0.7445937978975341,0.08
461,21,187000000,21.187000000,67.49742330528773,-27.250080666341837,-88.48099804059616,0.22147053582008594,0.435393367509125,0.02118176272514274,0.8723157399820799,184,183,183,183,167,181,1.0000,0.9946,0.7703,1.3433,0.9565,0,False,8.20,True,0.7309663579383724,-0.36054973703460225,-0.5793893946963395,0.07
462,21,220000000,21.220000000,66.5707562075379,-27.33468534284418,-88.84723585767934,0.2215913297993608,0.43734331886302535,0.020718744176493845,0.8713201694230279,167,165,165,165,165,165,1.0000,0.9880,0.7445,1.2102,0.9250,0,False,8.20,True,-0.31918822118246293,-0.3689596530553968,-0.872919041993939,0.26
463,21,253000000,21.253000000,66.52883120429526,-26.971954609074256,-89.77818629077544,0.22187317587280234,0.43777138604351756,0.021108589322577163,0.8710240724839152,165,165,165,165,158,165,1.0000,1.0000,0.7483,1.4401,0.9473,0,False,8.20,True,0.7585100268821708,-0.056176413608971146,-0.6492355117160816,0.08
464,21,286000000,21.286000000,66.1958403331365,-26.907885262976578,-90.71893716035544,0.22204355190702096,0.43833626515509216,0.021273147312687382,0.8706925019258013,158,157,157,157,156,157,1.0000,0.9937,0.7279,1.3424,0.9278,0,False,8.20,True,0.5183616277334417,-0.37573716051818407,-0.7681945125417581,0.08
465,21,319000000,21.319000000,66.3989666868725,-27.344379226108817,-91.59541460134693,0.22192986052191183,0.43862283842481437,0.02142775568743411,0.8705733707776062,156,156,156,156,142,156,1.0000,1.0000,0.7218,1.1724,0.8766,0,False,8.20,True,0.6844938776511946,-0.7162895769650094,-0.13563691750153933,0.04
466,21,352000000,21.352000000,67.00216648656843,-26.73378316683443,-92.10856414489676,0.22367114793602885,0.4373509608014291,0.022623821402697628,0.8707373412069709,142,142,142,142,142,142,1.0000,1.0000,0.7412,1.1672,0.8955,0,False,8.20,True,0.8992176741489738,0.4368853526805973,-0.02321127121163586,0.28
467,21,385000000,21.385000000,67.00216648656843,-26.73378316683443,-92.10856414489676,0.22367114793602885,0.4373509608014291,0.022623821402697628,0.8707373412069709,142,142,142,142,1,142,1.0000,1.0000,0.7243,1.1617,0.9316,0,False,8.20,True,0.0,0.0,0.0,0.00
468,21,418000000,21.418000000,66.26957493802452,-26.310758397934947,-91.57531029549708,0.2244890552433704,0.4402378875622652,0.02441886357024259,0.8690218556127292,142,142,142,142,142,142,1.0000,1.0000,0.7155,1.1416,0.9664,0,False,6.56,True,-0.7529061354703314,0.4840642326596184,-0.44588582600345755,0.45
469,21,451000000,21.451000000,65.66005962442601,-26.036850261474218,-92.31926285800998,0.2247736035477867,0.4411944642228896,0.024426614682139296,0.8684627869876695,142,142,142,142,142,142,1.0000,1.0000,0.7138,1.1275,0.9853,0,False,6.56,True,0.25431697636540124,-0.15489695035893278,-0.9546359569500105,0.13
470,21,484000000,21.484000000,65.06927520329045,-25.355262079487666,-91.88750908799774,0.22494998133295363,0.4418966992087615,0.024980088280498775,0.8680442432942019,142,142,142,142,106,142,1.0000,1.0000,0.7124,1.1095,0.9843,0,False,6.56,True,-0.5221028253538559,0.6976624043231007,-0.4905872087117963,0.11
471,21,517000000,21.517000000,65.08965254428361,-25.32451981523043,-92.88682869511169,0.2249310508082858,0.4422722492273204,0.025401033211326068,0.8678456472538676,106,106,106,106,95,106,1.0000,1.0000,0.6213,0.9374,1.0225,0,False,6.56,True,0.7752576006208255,-0.38156945771242046,-0.5033690511152724,0.07
472,21,550000000,21.550000000,65.08965254428361,-25.32451981523043,-92.88682869511169,0.2249310508082858,0.4422722492273204,0.025401033211326068,0.8678456472538676,2000,0,0,0,0,0,0.0000,0.0000,0.0000,0.0000,0.0000,1,False,8.20,True,0.0,0.0,0.0,0.00
473,21,583000000,21.583000000,64.47927439517434,-25.95040600465462,-93.37232328105267,0.2249911765260084,0.44274125693467575,0.025085894571001757,0.8676000505918142,2000,1965,1965,1965,1801,1965,1.0000,0.9825,0.7501,2.0233,2.0555,0,False,8.20,True,-0.1557850764952463,-0.8567282077408265,-0.49167854132813393,0.07
474,21,616000000,21.616000000,63.65026116077311,-25.5981274967724,-93.80664678959427,0.22551334456757494,0.4438344923418773,0.02510504744186121,0.8669050763621795,1801,1801,1801,1801,1783,1801,1.0000,1.0000,0.7341,2.3081,1.5609,0,False,8.20,True,-0.08868249814917309,0.00788547249651814,-0.9960287314357595,0.16
475,21,649000000,21.649000000,62.70014152633541,-25.637088779597605,-94.1160893508178,0.2249550210209528,0.44588074353765667,0.02591789433948898,0.8659756716056036,1783,1783,1783,1783,1783,1779,1.0000,1.0000,0.7385,2.0977,1.5904,0,False,8.20,True,-0.34947096474750083,-0.3116763189525801,-0.8835880923839007,0.28
476,21,682000000,21.682000000,62.48718057922729,-24.812152266297385,-93.59251759448361,0.22564379593716072,0.44623770778528127,0.026514116492448916,0.8655944703683313,1783,1783,1783,1783,1715,1783,1.0000,1.0000,0.7433,3.0910,1.5243,0,False,8.20,True,-0.3236996678685428,0.9232655025696461,-0.2068800057681113,0.12
477,21,715000000,21.715000000,62.452772798241504,-24.049551305421883,-94.23847105958724,0.22596028875967822,0.44651109213435347,0.026844215814447882,0.8653607228098217,1715,1715,1714,1714,488,1715,0.9994,1.0000,0.7260,2.0793,1.5934,0,False,8.20,True,0.6592055418512726,0.4109077145965865,-0.6297641651265815,0.07
478,21,748000000,21.748000000,61.888527231216045,-23.523974318265495,-94.87517803352715,0.22633607926613744,0.44707918462550517,0.026987575345669236,0.864964654002687,488,488,488,488,359,488,1.0000,1.0000,0.6073,2.1323,1.7965,0,False,8.20,True,0.2763447331080796,0.11924348710996525,-0.9536323082117549,0.09
479,21,781000000,21.781000000,61.888527231216045,-23.523974318265495,-94.87517803352715,0.22633607926613744,0.44707918462550517,0.026987575345669236,0.864964654002687,359,359,359,359,6,356,1.0000,1.0000,0.3290,1.0839,2.0143,0,False,8.20,True,0.0,0.0,0.0,0.00
480,21,814000000,21.814000000,62.70205964173166,-23.859123227797824,-94.39995153439233,0.22451950701576937,0.44592024332874347,0.027947372797955262,0.8660052378090575,359,359,359,359,327,359,1.0000,1.0000,0.3279,1.0632,2.0934,0,False,8.20,True,0.04191361641844508,0.023879718721446057,0.9988358262459912,0.30
481,21,847000000,21.847000000,63.37905031625142,-24.590456864918178,-94.48262400762003,0.22398679712102862,0.4454408348389788,0.027571637598608104,0.8664018595164416,327,327,327,327,327,327,1.0000,1.0000,0.3468,1.0715,1.8384,0,False,8.20,True,0.2876752164781643,-0.587881244380188,0.7560678622519561,0.10
482,21,880000000,21.880000000,64.02819317612872,-23.94069026781361,-94.87811979363738,0.22531428617733368,0.44439621637172566,0.02899504159042182,0.866547611434053,327,327,327,327,327,327,1.0000,1.0000,0.3539,1.0677,1.9202,0,False,8.20,True,0.8516378790693758,0.51888463887904,0.07397063248062286,0.25
483,21,913000000,21.913000000,64.04563386524197,-23.58664306905695,-95.81318471299636,0.22634583850659384,0.44435667829095143,0.028423841144062677,0.8663179491985583,327,327,327,327,226,327,1.0000,1.0000,0.3451,1.0848,1.8844,0,False,6.56,True,0.8071662936226626,-0.06911108302650935,-0.5862646438617604,0.14
484,21,946000000,21.946000000,64.11664425754037,-22.755590876579067,-96.36482751188286,0.22757747170276266,0.4446735643348924,0.029397339905623487,0.8658000415578379,226,226,226,226,226,226,1.0000,1.0000,0.4497,1.0391,1.3392,0,False,6.56,True,0.668568917078,0.5250674406374611,-0.5266116082081523,0.19
485,21,979000000,21.979000000,63.16409184103612,-23.05973991966754,-96.37654303151653,0.22722962569653696,0.45050038310030655,0.02390701963686081,0.8630437743500451,226,226,226,226,226,226,1.0000,1.0000,0.4445,1.0567,1.3418,0,False,6.56,True,-0.6423776555706345,-0.4213447995970767,-0.640171467246139,0.97
486,22,12000000,22.012000000,63.42341509707112,-23.513034147590364,-97.22934769368204,0.2273207697994135,0.4506136016049927,0.02379500948466879,0.8629637577500016,226,226,226,226,128,226,1.0000,1.0000,0.4318,1.0368,1.2667,0,False,6.56,True,0.6961350018509452,-0.7164298950259161,-0.046089746268982074,0.02
487,22,45000000,22.045000000,64.25141376929484,-24.06706313534449,-97.31577731547864,0.22692425164862262,0.45010462652708144,0.02375346762809615,0.8633348029404757,128,128,128,128,128,128,1.0000,1.0000,0.5037,1.0325,1.2248,0,False,6.56,True,0.4208342918268675,-0.396280667492904,0.8160025314874688,0.09
488,22,78000000,22.078000000,63.69075374735574,-23.47765936897142,-97.89738159674252,0.22750744358905195,0.4507272935295477,0.023910627300026084,0.8628519872383805,128,128,128,128,128,128,1.0000,1.0000,0.5029,1.0279,1.2190,0,False,4.92,True,0.2574649929245942,0.1961777431070215,-0.9461638708636968,0.11
489,22,111000000,22.111000000,64.4861774567415,-23.844026684250835,-98.38016116636199,0.2274696030818121,0.4503869278214401,0.02394770949735564,0.8630386446337139,128,128,128,128,128,128,1.0000,1.0000,0.5345,1.0688,1.2307,0,False,4.92,True,0.7513347627118201,-0.39766238389742203,0.5266504559703641,0.04
490,22,144000000,22.144000000,64.40760204979775,-24.235947059320498,-99.2967986765201,0.22731812985576755,0.4507818154505079,0.024016765421414,0.8628704524299773,128,128,128,128,126,128,1.0000,1.0000,0.5228,1.1452,1.2565,0,False,4.92,True,0.5594981685422157,-0.7434377765314301,-0.3664178923359367,0.05
491,22,177000000,22.177000000,64.69989503378929,-23.310881364358004,-99.53932346187798,0.2325922971732312,0.4496550990544507,0.029094698921862425,0.8618959413320483,126,126,126,126,126,126,1.0000,1.0000,0.5192,1.0184,1.2701,0,False,4.92,True,0.5871108047331177,0.7757922774682159,-0.23118660252339346,0.86
492,22,210000000,22.210000000,64.71262092428447,-23.282887247589603,-100.53885054061945,0.2340895730445964,0.4486121876795308,0.027552940861004294,0.8620846897533292,126,126,126,126,66,126,1.0000,1.0000,0.5166,1.0022,1.2771,0,False,4.92,True,0.776035092828749,-0.3999624168236296,-0.487647003299391,0.27
493,22,243000000,22.243000000,64.71262092428447,-23.282887247589603,-100.53885054061945,0.2340895730445964,0.4486121876795308,0.027552940861004294,0.8620846897533292,2000,0,0,0,0,0,0.0000,0.0000,0.0000,0.0000,0.0000,1,False,6.56,True,0.0,0.0,0.0,0.00
494,22,276000000,22.276000000,65.26603377898252,-23.115366040816866,-101.35473708759541,0.23430705518947922,0.44862620132103487,0.027794592721304665,0.8620105544551931,2000,1954,1910,1910,1215,1907,0.9775,0.9770,5.9364,848.9546,2.6490,0,False,6.56,True,0.9935135868971208,-0.11061908766409048,-0.02634710790925126,0.04
495,22,309000000,22.309000000,65.52110282994144,-23.089831257293433,-102.32132270412056,0.23438638643334483,0.44884647757731233,0.028121595785332527,0.8618636999384789,1215,1215,1215,1215,590,1215,1.0000,1.0000,0.7315,1.8863,1.1005,0,False,6.56,True,0.8936008633227803,-0.350465084388158,-0.2804491427934537,0.05
496,22,342000000,22.342000000,66.00677593864349,-23.573381725783978,-103.04954010016809,0.23434054598725335,0.44889278059449456,0.028100939990753273,0.8618527236182381,590,590,590,590,501,590,1.0000,1.0000,0.6493,1.4289,1.0657,0,False,6.56,True,0.7178463917283603,-0.6636061691305167,0.21053125700117226,0.01
497,22,375000000,22.375000000,66.06045263973606,-23.964051681470455,-103.96850462477376,0.2344159783669286,0.4492090470494103,0.028131993939424463,0.8616663925512172,501,501,501,501,187,501,1.0000,1.0000,0.7200,1.4744,1.0358,0,False,6.56,True,0.6297983377240778,-0.7328376544122018,-0.25749373987654683,0.04
498,22,408000000,22.408000000,66.71135905359765,-24.11195044387653,-104.71311646759698,0.2347560637795125,0.44927303644818684,0.027770045067782988,0.8615521770829141,187,187,187,187,113,187,1.0000,1.0000,0.7399,1.3877,1.0131,0,False,6.56,True,0.9154772074725169,-0.34550899256941786,0.20621595149742486,0.06
499,22,441000000,22.441000000,67.68052787159512,-24.266672270586422,-104.9048792339541,0.23549128253001894,0.44505294010675506,0.02504535294377999,0.8636228729315948,113,113,113,113,113,113,1.0000,1.0000,1.0178,1.3558,1.1475,0,False,6.56,True,0.6823391632623639,-0.06172417552916351,0.7284252826705443,0.63
500,22,474000000,22.474000000,66.708123483349,-24.033382751208077,-104.9024905380942,0.23540822730450994,0.44677079562609145,0.026622525536136,0.8627108807862893,113,113,113,113,113,113,1.0000,1.0000,1.0084,1.3566,1.2329,0,False,6.56,True,-0.5287878168331245,0.04638493889209365,-0.8474856236024507,0.29
501,22,507000000,22.507000000,66.46274561784966,-24.651179709424607,-105.6495625704588,0.23274852962690987,0.4478676450684996,0.02571767240122663,0.8628912421525502,113,113,113,113,113,113,1.0000,1.0000,0.9980,1.4045,1.3489,0,False,4.92,True,0.26112644200117235,-0.9100075058805325,-0.32202378876241594,0.35
502,22,540000000,22.540000000,67.428223841775,-24.67084056377523,-105.909303306448,0.232742055820571,0.44630024167896326,0.02622007023730293,0.8636896072354141,113,113,113,113,113,113,1.0000,1.0000,0.9998,1.4586,1.4622,0,False,4.92,True,0.7695577198150815,0.030613919466038215,0.6378430087474029,0.21
503,22,573000000,22.573000000,67.37102794944295,-24.108830373727514,-106.73445370254731,0.23297078519129558,0.44657942113353577,0.02653843230590441,0.8634738823370006,113,113,113,113,64,113,1.0000,1.0000,0.8744,1.2057,1.4342,0,False,4.92,True,0.7339395213023299,0.14000864510469913,-0.6646279849407888,0.06
504,22,606000000,22.606000000,67.37102794944295,-24.108830373727514,-106.73445370254731,0.23297078519129558,0.44657942113353577,0.02653843230590441,0.8634738823370006,2000,0,0,0,0,0,0.0000,0.0000,0.0000,0.0000,0.0000,1,False,6.56,True,0.0,0.0,0.0,0.00
505,22,639000000,22.639000000,67.84212906138,-23.878515354715653,-107.58593402196124,0.23268886133963776,0.4466415624774214,0.026846557774777232,0.8635082343624964,2000,2000,2000,2000,841,1996,1.0000,1.0000,0.6233,14.0735,2.6636,0,False,6.56,True,0.9871597484335536,-0.08133174668590559,-0.13748010057322074,0.05
506,22,672000000,22.672000000,66.89047355384315,-23.647858940625152,-107.7887872043708,0.23202950328377742,0.44800686398226164,0.027667307818424042,0.8629523043069898,841,841,841,841,841,841,1.0000,1.0000,0.9380,1.9557,0.9805,0,False,6.56,True,-0.3580190073900332,-0.034721561974167744,-0.9330684880980223,0.21
507,22,705000000,22.705000000,67.00270404547382,-22.819917659586245,-108.33825745097201,0.23192810078361442,0.4480935151033058,0.02854919540315787,0.8629058472574521,841,841,840,840,741,840,0.9988,1.0000,0.9185,6.2249,0.9804,0,False,6.56,True,0.6964775460698921,0.5218357973084595,-0.49255093997261445,0.10
508,22,738000000,22.738000000,67.20667799846815,-23.42138331764976,-109.11067811917688,0.23106560219914044,0.4482324026623628,0.02895837771120387,0.8630514544592398,741,741,741,741,665,741,1.0000,1.0000,0.6660,1.5023,0.9692,0,False,4.92,True,0.5541840273084365,-0.8323675447460152,0.006658402938573266,0.11
509,22,771000000,22.771000000,67.70774684762823,-23.634434053596344,-109.94945067017863,0.2306071625178103,0.44811769316271416,0.02927529574494772,0.8632229299138534,665,665,665,665,664,665,1.0000,1.0000,0.5805,1.1302,0.7817,0,False,4.92,True,0.8818349370731737,-0.46751004084007225,0.06165634980166706,0.07
510,22,804000000,22.804000000,67.83410916155347,-23.069110632912917,-110.764583785471,0.23030997429620612,0.44827045719167913,0.029754353533388612,0.8632065751572181,664,664,664,664,183,664,1.0000,1.0000,0.6625,1.2749,0.7940,0,False,4.92,True,0.8404314192036467,0.17804002193883134,-0.5118366733669685,0.07
511,22,837000000,22.837000000,67.57614561440067,-22.350275695863825,-111.41013094998958,0.22957515514132074,0.4485487643182511,0.03045581842905213,0.8632332809236593,183,183,183,183,72,183,1.0000,1.0000,1.2215,1.9381,1.1368,0,False,4.92,True,0.5222603885643423,0.32739377821810156,-0.7874372359246791,0.12
512,22,870000000,22.870000000,67.57614561440067,-22.350275695863825,-111.41013094998958,0.22957515514132074,0.4485487643182511,0.03045581842905213,0.8632332809236593,2000,0,0,0,0,0,0.0000,0.0000,0.0000,0.0000,0.0000,1,False,6.56,True,0.0,0.0,0.0,0.00
513,22,903000000,22.903000000,67.96624922664246,-22.70857371948847,-112.25833004099509,0.21747699673854387,0.4486349119882492,0.03682950691843866,0.8660681607443053,2000,1957,1830,1830,954,1777,0.9351,0.9785,24.0636,1022.6866,3.9825,0,False,6.56,True,0.7847618605275054,-0.6193963114556028,0.02229420589754554,1.60
514,22,936000000,22.936000000,67.90870854908421,-22.584682983027502,-113.24895618432328,0.19501710852220677,0.44885312490071905,0.048827684385108025,0.8706980285311811,954,934,891,891,361,890,0.9540,0.9790,25.8106,244.6420,2.9456,0,False,6.56,True,0.7518006127857919,-0.3016268996178254,-0.5863591493631239,2.97
515,22,969000000,22.969000000,66.9643431797991,-22.858114527928137,-113.43173812967966,0.16581439539134535,0.4537740906870244,0.06015619806739113,0.8734849127124312,361,345,322,322,316,318,0.9333,0.9557,30.4841,191.5044,3.6577,0,False,6.56,True,-0.49107293430027404,-0.4064450240959694,-0.7704867393961724,3.65
516,23,2000000,23.002000000,67.17481401059584,-22.847027817355333,-114.40927539967625,0.13443143726209705,0.4528462549989312,0.07636980178679348,0.8780809253048011,316,314,306,306,283,306,0.9745,0.9937,30.8221,72.9542,3.3198,0,False,6.56,True,0.8805259119766242,-0.3165833775427847,-0.35277341651736893,4.08
517,23,35000000,23.035000000,67.37717713142932,-23.450486972934694,-115.1805640712344,0.10249986236508826,0.45183771427375075,0.09233029535219946,0.8813691478235359,283,283,283,283,280,283,1.0000,1.0000,29.2261,43.5348,3.0865,0,False,6.56,True,0.5601445342812305,-0.8125474209172252,-0.16126000581554353,4.11
518,23,68000000,23.068000000,67.46659612006567,-23.696042153054375,-116.14581372701659,0.07475716410032408,0.4505160174112768,0.10629410427665802,0.8832600114731688,280,280,279,279,257,279,0.9964,1.0000,26.1074,39.5006,2.8966,0,False,6.56,True,0.7391973034682497,-0.497418434358824,-0.45405093073936637,3.57
519,23,101000000,23.101000000,68.29555134079378,-24.253550715280735,-116.1907297049298,0.04972994650216292,0.4480746331379423,0.1185802086090106,0.884700395436463,257,246,239,239,236,226,0.9715,0.9572,23.3919,235.1346,2.8982,0,False,6.56,True,0.36652176558979055,-0.6487288045329644,0.6669428262738667,3.21
520,23,134000000,23.134000000,68.00481343789865,-24.095075467220624,-117.13431704459285,0.031247646221378284,0.4472719177632385,0.12870469185145533,0.884537460191167,236,232,228,228,80,228,0.9828,0.9831,17.5471,337.7625,2.3001,0,False,6.56,True,0.6114646169683279,0.01798007920083327,-0.7910674680124999,2.42
521,23,167000000,23.167000000,68.00481343789865,-24.095075467220624,-117.13431704459285,0.031247646221378284,0.4472719177632385,0.12870469185145533,0.884537460191167,2000,0,0,0,0,0,0.0000,0.0000,0.0000,0.0000,0.0000,1,False,8.20,True,0.0,0.0,0.0,0.00
522,23,200000000,23.200000000,68.64860584801157,-24.854783103434258,-117.04279852100514,0.022729897519148994,0.44703777194546435,0.13362532103681743,0.8841859848417705,2000,2000,1996,1996,1386,1918,0.9980,1.0000,7.3769,112.9357,3.4186,0,False,8.20,True,0.09898882624778549,-0.8460477223121955,0.5238362948941511,1.13
523,23,233000000,23.233000000,69.44316353845106,-25.345183611800884,-116.68476860890672,0.019149441229080827,0.44516936209713937,0.13526026412299577,0.8849645184412861,1386,1382,1381,1381,1381,1380,0.9993,0.9971,1.7949,8.0133,1.0099,0,False,8.20,True,0.0419041688679605,-0.5868218519804951,0.8086310374142631,0.51
524,23,266000000,23.266000000,68.82918911976512,-26.05648929481761,-117.02693762928607,0.02306551664246355,0.449804276441176,0.12990044280168317,0.8833289137106138,1381,1377,1377,1377,1377,1377,1.0000,0.9971,5.5182,9.8567,1.0671,0,False,8.20,True,-0.2627450745750978,-0.6010424001266668,-0.7547933883100076,0.95
525,23,299000000,23.299000000,69.3549944324282,-26.885709095239122,-116.83740321087038,0.026322194019971972,0.44950732644989,0.12609274575315432,0.8839405664626312,1377,1369,1352,1352,1352,1352,0.9876,0.9942,10.1571,17.8170,1.2613,0,False,8.20,True,-0.061687050577493685,-0.8802369844401404,0.4705077672204549,0.58
526,23,332000000,23.332000000,69.90711278015934,-27.679968920762793,-116.58379591669741,0.033293803925614616,0.44881405959011217,0.12035237537827484,0.8848574847257679,1352,1347,1345,1345,1342,1342,0.9985,0.9963,14.2487,29.3926,1.4854,0,False,8.20,True,-0.08425835093534355,-0.837363719402916,0.5401134433851569,1.04
527,23,365000000,23.365000000,70.27461748281561,-28.608605730367763,-116.53306161496566,0.04449223675542523,0.45004025142254905,0.11302834351356178,0.8847083172043813,1342,1331,1329,1329,1329,1325,0.9985,0.9918,18.1383,28.6830,1.7580,0,False,8.20,True,-0.05663044345318794,-0.9584973801249577,0.279420409361749,1.54
528,23,398000000,23.398000000,69.4487628538407,-28.9243259549301,-117.00027128053672,0.0702931922141903,0.452189458318962,0.09902624421301459,0.8836160726642579,1329,1315,1311,1311,671,1310,0.9970,0.9895,21.7338,33.6950,2.0084,0,False,8.20,True,-0.17866411424161166,-0.2586224617839106,-0.9493121491601644,3.38
529,23,431000000,23.431000000,69.91160056437992,-28.883106791398372,-116.11478709984203,0.0976740858220961,0.45258522899280357,0.08661526627577719,0.8821134729184934,671,661,648,648,379,606,0.9803,0.9851,25.0834,38.4747,2.1477,0,False,8.20,True,-0.42096754169752676,0.17772935415606508,0.8894934544494462,3.45
530,23,464000000,23.464000000,70.14742324292584,-28.73280495971157,-117.07488971085557,0.12819310869796047,0.45361169545086416,0.0731448562934831,0.8788929324043692,379,373,372,372,271,371,0.9973,0.9842,26.9486,39.2982,2.5060,0,False,8.20,True,0.9222928925470867,-0.11072525467326425,-0.37029142352297173,3.84
531,23,497000000,23.497000000,69.99628064009322,-27.744293115119493,-117.07439301160481,0.17354761180774297,0.45678718006152264,0.07490398693424588,0.8692618082652805,271,266,265,265,265,265,0.9962,0.9815,27.4991,67.3603,2.7547,0,False,8.20,True,0.15434687274454356,0.9474449552345013,-0.28022330323274974,5.33
532,23,530000000,23.530000000,70.23542175585457,-28.70520820470921,-117.21386959512759,0.18459478195930226,0.4539065524137808,0.05073620030473747,0.8702410276054966,265,263,261,261,261,262,0.9924,0.9925,28.8307,41.2685,2.9494,0,False,8.20,True,-0.03368544876715295,-0.9371021413772708,0.3474260600005261,3.07
533,23,563000000,23.563000000,70.73519716982217,-28.083582951904006,-117.81703340427764,0.222551432532792,0.4503142451280817,0.03891196366402004,0.8638135213089327,261,259,258,258,258,258,0.9961,0.9923,29.9409,42.0544,3.0456,0,False,6.56,True,0.9155382915055437,0.3941111892195534,-0.08041148748194685,4.63
534,23,596000000,23.596000000,70.64153938805126,-29.018865930470323,-118.15831623407992,0.2323544118062616,0.45291054885344434,0.013051351175813778,0.8606469219627312,258,257,257,257,257,257,1.0000,0.9961,31.0482,43.3154,3.1370,0,False,6.56,True,-0.046130454602515504,-0.9954581424860505,0.08327705396078425,3.20
535,23,629000000,23.629000000,69.9874135804152,-29.680419249569,-118.52501315767486,0.23104796099229594,0.4798604015080386,-0.01656636343753194,0.8462129698771474,257,251,250,250,250,250,0.9960,0.9767,31.2716,44.1203,3.2618,0,False,6.56,True,-0.25599404998904957,-0.8638707649121459,-0.43381372488697056,4.88
536,23,662000000,23.662000000,69.80173247332965,-29.83368693404926,-117.55443006315615,0.269219971561109,0.47840964982738493,-0.03475256720466865,0.8351269801277885,250,248,246,246,246,244,0.9919,0.9920,31.2869,44.5255,3.3005,0,False,6.56,True,-0.9254236362541576,0.18089829281256778,0.3329668168446086,5.01
537,23,695000000,23.695000000,69.05745395977681,-30.312183638477745,-118.02035966955034,0.28085607061262724,0.49452738624821807,-0.057611776071159686,0.8205141163371094,246,245,245,245,245,245,1.0000,0.9959,31.0334,44.5125,3.2931,0,False,6.56,True,-0.11624283116827676,-0.8369225447551178,-0.5348347953177703,3.85
538,23,728000000,23.728000000,69.0583098649536,-31.245620125852312,-118.37910134745262,0.28609717808285806,0.48718704831982995,-0.09368896778024885,0.8197679927630187,245,245,245,245,245,242,1.0000,1.0000,30.5142,44.1645,3.1954,0,False,6.56,True,0.13212934354347577,-0.9245621593315518,0.35738865413852766,4.26
539,23,761000000,23.761000000,68.22793927659758,-31.53805618879668,-118.85340698212595,0.30505232398236765,0.494551348372466,-0.11108397227861347,0.8062396632259768,245,245,243,243,243,243,0.9918,1.0000,29.8984,72.6186,3.1468,0,False,6.56,True,-0.05393194376970454,-0.7776411244327279,-0.6263909538237472,3.44
540,23,794000000,23.794000000,67.67346117588141,-31.66083603297392,-119.67649819559502,0.33450295459624235,0.4880565891188685,-0.12428341987862762,0.7965313369399304,243,243,243,243,98,233,1.0000,1.0000,28.6146,41.6333,2.9845,0,False,6.56,True,0.427542432658991,-0.677953687231013,-0.5979851722625789,3.93
541,23,827000000,23.827000000,67.67346117588141,-31.66083603297392,-119.67649819559502,0.33450295459624235,0.4880565891188685,-0.12428341987862762,0.7965313369399304,2000,0,0,0,0,0,0.0000,0.0000,0.0000,0.0000,0.0000,1,False,8.20,True,0.0,0.0,0.0,0.00
542,23,860000000,23.860000000,67.1403724307089,-32.411418776105336,-120.06693632831734,0.3554313818338003,0.4838738197427581,-0.1395249525228388,0.7874436151235006,2000,1851,1466,1466,1463,1460,0.7920,0.9255,69.2683,1115.2206,10.3848,0,False,8.20,True,-0.023092507327672165,-0.9997260507189661,0.0038157069044723302,3.18
543,23,893000000,23.893000000,66.35562364124516,-32.713058295899984,-120.60840002750064,0.37519710867257255,0.48076156285529603,-0.15164464471031566,0.77788132196072,1463,1444,1423,1423,1421,1368,0.9855,0.9870,27.3833,498.5991,3.0624,0,False,8.20,True,0.04212894541224388,-0.8860291895448121,-0.46171141120077996,2.90
544,23,926000000,23.926000000,65.63041488414363,-33.23110540310607,-121.06194104365979,0.3932833380983526,0.4768666609997342,-0.16346566098141524,0.7688988108204423,1421,1411,1406,1406,1387,1406,0.9965,0.9930,24.3298,379.4761,2.7654,0,False,8.20,True,-0.03045283079750388,-0.979696476087365,-0.1981601368550644,2.72
545,23,959000000,23.959000000,64.88178563266872,-33.63908490744304,-121.58453741551581,0.4089746779581581,0.47352814299997414,-0.17418397737531957,0.7603754024176026,1387,1377,1374,1374,1374,1375,0.9978,0.9928,21.4771,41.2399,2.4444,0,False,8.20,True,0.031813414792110355,-0.9635470781480976,-0.26564061216525037,2.42
546,23,992000000,23.992000000,64.0751473749597,-33.828872493794464,-122.14428324468031,0.4209345968383832,0.4724860834911314,-0.1838957634475489,0.7521657492054278,1374,1368,1366,1366,1366,1366,0.9985,0.9956,18.6039,31.0756,2.2443,0,False,8.20,True,0.0636481276810976,-0.8966792360323712,-0.43808134348667893,2.00
547,24,25000000,24.025000000,63.304129279637,-34.108743181489054,-122.71630028538304,0.4315337351629631,0.4703166642475173,-0.1921698286953319,0.7454204368586875,1366,1361,1355,1355,1355,1351,0.9956,0.9963,15.5548,26.1726,2.0236,0,False,8.20,True,0.08661109207998674,-0.9445593891550321,-0.3167113497931276,1.74
548,24,58000000,24.058000000,64.26641049335608,-33.83928469600654,-122.6787904156843,0.44227482616597713,0.4664749723127173,-0.19797510065159912,0.7399999580187108,1355,1348,1341,1341,625,1186,0.9948,0.9948,13.4848,408.9824,1.8389,0,False,8.20,True,0.46515659387060454,0.8328432033875414,0.3000025695721219,1.59
549,24,91000000,24.091000000,63.98876059923642,-32.88093854579735,-122.74574706340921,0.4508516357486249,0.46479599043320347,-0.2024469434811606,0.7346514308807562,625,621,620,620,467,554,0.9984,0.9936,8.7334,14.2950,1.7775,0,False,8.20,True,0.03753294872220768,0.28092766405049535,-0.9589947472908015,1.28
550,24,124000000,24.124000000,63.04424021597746,-32.80054020148498,-123.06420797441743,0.4548820976001673,0.4638492137298269,-0.20538039918351583,0.7319460880668144,467,463,463,463,394,463,1.0000,0.9914,4.9768,8.9585,1.6802,0,False,8.20,True,-0.17359897613054104,-0.7867141576505182,-0.5924054605071286,0.66
551,24,157000000,24.157000000,62.12436995064053,-33.00731283065837,-122.73091564811259,0.45650176661012304,0.46333236273920075,-0.20693823088419477,0.7308254424408515,394,394,394,394,8,394,1.0000,1.0000,2.1429,3.8901,1.1717,0,False,8.20,True,-0.7601149128141846,-0.6100652856350598,-0.2237088880230232,0.29
552,24,190000000,24.190000000,62.12436995064053,-33.00731283065837,-122.73091564811259,0.45650176661012304,0.46333236273920075,-0.20693823088419477,0.7308254424408515,2000,0,0,0,0,0,0.0000,0.0000,0.0000,0.0000,0.0000,1,False,9.84,True,0.0,0.0,0.0,0.00
553,24,223000000,24.223000000,62.731735457160596,-33.19496213038629,-121.95897336931111,0.45245182328813616,0.46442680333786734,-0.20542965033705757,0.7330714499330916,2000,1930,1875,1875,1407,1783,0.9715,0.9650,9.3332,250.1865,5.1990,0,False,9.84,True,-0.39667948854974305,0.714319248981246,0.5765356831097127,0.57
554,24,256000000,24.256000000,63.663744729041795,-33.523754599356025,-122.11146674449921,0.44495113935982894,0.4646237174091929,-0.20295572516064775,0.7382088176307352,1407,1363,1329,1329,1329,1328,0.9751,0.9687,10.3631,449.9277,1.3834,0,False,8.20,True,0.5443235522797678,0.43391324950652577,0.7179353469054314,1.08
555,24,289000000,24.289000000,63.776620843823345,-34.5173629204623,-122.11268614606603,0.43215887937227737,0.4672930524471625,-0.19741403374503944,0.7455894348733915,1329,1327,1324,1324,699,1324,0.9977,0.9985,13.4352,215.5318,1.4217,0,False,8.20,True,-0.05719521572211261,-0.4383978658232066,0.8969593182191481,1.83
556,24,322000000,24.322000000,64.41584040343989,-34.81867404091323,-121.40514818715765,0.4186521830980535,0.4704577187424321,-0.1910236751916444,0.7529341538137168,699,696,694,694,694,689,0.9971,0.9957,16.7296,29.0444,1.7329,0,False,8.20,True,-0.3365152500138137,0.6064833180723221,0.7203717591689217,1.94
557,24,355000000,24.355000000,64.06788232167321,-35.391129927823485,-120.66270665351675,0.3995170153563861,0.47663053252136783,-0.18247939661880616,0.7615187192175639,694,692,692,692,538,686,1.0000,0.9971,20.6544,33.5081,2.0494,0,False,8.20,True,-0.8740962022467691,-0.2325516212342953,0.4264687241511109,2.69
558,24,388000000,24.388000000,64.7823008830769,-34.947599781974894,-120.12151617979664,0.38126319433761313,0.48009023371971604,-0.17038232100842754,0.7714412542884966,538,532,531,531,531,516,0.9981,0.9888,25.6577,37.4898,2.2501,0,False,8.20,True,-0.08388356616032333,0.9782032937256638,0.18995226629995532,2.78
559,24,421000000,24.421000000,65.55518180285286,-34.69124000001913,-119.54105537488228,0.35951835624021233,0.4827817305782897,-0.15696703364414377,0.7829621335001621,531,507,475,475,475,473,0.9369,0.9548,29.4957,53.7035,3.1413,0,False,8.20,True,-0.10718808905358458,0.8995486322402129,0.42346543164679135,3.23
560,24,454000000,24.454000000,65.7183365357054,-35.20422038172699,-118.69830294318561,0.3301952548182357,0.48867780493170054,-0.14311481439332058,0.7947850316681994,475,467,432,432,432,431,0.9251,0.9832,31.9706,62.3331,3.3187,0,False,8.20,True,-0.7051636160554086,0.08836981366174589,0.7035162049484353,4.01
561,24,487000000,24.487000000,65.35523685883982,-35.58609430708363,-117.84840240206752,0.29771518736713426,0.49723698121405724,-0.12882521294835822,0.804689453287971,432,428,418,418,418,418,0.9766,0.9907,33.6256,76.7059,3.1610,0,False,8.20,True,-0.9516875041796075,-0.15553417910204106,0.2647640714285907,4.33
562,24,520000000,24.520000000,64.90015162248139,-36.23881921917724,-118.45408186909688,0.26246632253857605,0.5039361968647353,-0.11412498004669878,0.814944923262869,418,414,396,396,362,398,0.9565,0.9904,34.2670,48.2373,3.3647,0,False,8.20,True,0.2582810021479996,-0.957048898187482,-0.13171306088445436,4.60
563,24,553000000,24.553000000,64.99501295684605,-36.591017229127964,-117.52297613448384,0.2267810038091012,0.5092836236423955,-0.09742464755793684,0.8244446646374874,362,362,358,358,310,354,0.9890,1.0000,34.4295,47.1945,3.1975,0,False,8.20,True,-0.8039992669625986,0.0394602869765394,0.5933195298280121,4.68
564,24,586000000,24.586000000,65.5562946858802,-36.05178060157526,-116.89513325592424,0.19550893932312466,0.5114608843333713,-0.07977903629298953,0.8329581765069807,310,310,304,304,304,304,0.9806,1.0000,34.1711,86.5437,3.3981,0,False,8.20,True,-0.2575730515947865,0.8658223209638538,0.4289613404642835,4.24
565,24,619000000,24.619000000,65.8612777353069,-35.1569522925527,-116.56914608296461,0.16365569863423876,0.5142606158955274,-0.06141695301957578,0.8396313411998644,304,304,304,304,304,296,1.0000,1.0000,33.9434,43.8892,3.2377,0,False,6.56,True,-0.08635879692648478,0.9961292690172258,0.016390167803221996,4.29
566,24,652000000,24.652000000,65.77888924628989,-34.34964609481376,-115.98479273098505,0.12742941699585927,0.5172953766799182,-0.04368546219516766,0.8451383421325005,304,302,302,302,159,302,1.0000,0.9934,33.5995,43.2682,3.1934,0,False,6.56,True,-0.5019445897263689,0.8592859963633378,-0.09838295227473637,4.68
567,24,685000000,24.685000000,64.99158443713387,-34.90609067938047,-115.7192356527774,0.07202919876944067,0.542636285707929,-0.035280510238871195,0.8361297396666503,159,159,159,159,159,159,1.0000,1.0000,35.1236,41.9898,3.1843,0,False,6.56,True,-0.630367272576828,-0.6529841512954899,-0.41981996119879733,7.12
568,24,718000000,24.718000000,65.35390933254537,-34.26644355453769,-115.04131808710633,0.0394173056862154,0.5429479424688867,-0.01797320220100561,0.8386481811724651,159,159,156,156,156,156,0.9811,1.0000,33.9919,40.7388,3.2816,0,False,6.56,True,-0.4582964902131181,0.7368168748057986,0.4970565561983399,4.24
569,24,751000000,24.751000000,65.08921400129921,-34.355098974756146,-116.00156628319021,0.005179358316323199,0.5439223368364347,0.000636606373413209,0.8391193362508985,156,156,156,156,103,156,1.0000,1.0000,32.6367,39.1049,2.9832,0,False,6.56,True,0.766257814204735,-0.15237717958838373,-0.6242036184698637,4.47
570,24,784000000,24.784000000,65.63090381441894,-35.133794167964616,-115.68501306106744,-0.09881135766972014,0.5076243803564959,-0.005750619870890919,0.8558742515312928,103,103,103,103,103,103,1.0000,1.0000,31.8397,37.0170,2.7379,0,False,6.56,True,-0.07300715969804608,-0.7732086839271728,0.6299351440683664,12.79
571,24,817000000,24.817000000,65.78281230211121,-35.7626629942762,-116.44754031347257,-0.12908894141589355,0.5071954418614424,0.008125951885948576,0.8520697142047989,103,103,103,103,38,103,1.0000,1.0000,29.7694,34.6213,2.5761,0,False,6.56,True,0.8046000176403623,-0.49686504603544956,-0.3251829295047933,3.84
572,24,850000000,24.850000000,65.78281230211121,-35.7626629942762,-116.44754031347257,-0.12908894141589355,0.5071954418614424,0.008125951885948576,0.8520697142047989,2000,0,0,0,0,0,0.0000,0.0000,0.0000,0.0000,0.0000,1,False,8.20,True,0.0,0.0,0.0,0.00
573,24,883000000,24.883000000,65.4342457331599,-34.827324970816484,-116.3871736928949,-0.15115067696271806,0.5070017565147115,0.020475891645781702,0.8483415760211328,2000,1961,1779,1779,1415,1776,0.9072,0.9805,38.5515,677.5651,6.0050,0,False,6.56,True,-0.33101545450847436,0.9417299379113729,-0.059778699534111635,2.93
574,24,916000000,24.916000000,65.56608205221923,-34.4499853681546,-115.4705309002871,-0.17374451628455914,0.5059918669306607,0.03115370225600815,0.8442834361142075,1415,1400,1397,1397,710,1372,0.9979,0.9894,22.8944,925.3470,2.2636,0,False,6.56,True,-0.7749657298041005,0.11894951858402375,0.6207085706334554,2.90
575,24,949000000,24.949000000,66.0991301021239,-33.604343521795194,-115.49791053101309,-0.1932366028732648,0.5047763392959643,0.043611913069496466,0.840213344118852,710,708,704,704,704,705,0.9944,0.9972,18.8214,30.2376,2.1195,0,False,6.56,True,0.17855145814398574,0.6783496454554498,0.7127139224858189,2.70
576,24,982000000,24.982000000,65.71243499649073,-32.725123765266304,-115.21963096832728,-0.20836758413971246,0.5041453602173398,0.05234754624727936,0.8364688518127842,704,704,704,704,700,704,1.0000,1.0000,15.8621,25.7698,1.8846,0,False,6.56,True,-0.5359884259810436,0.8358807505006214,0.11840514413183761,2.05
577,25,15000000,25.015000000,65.08447088039836,-32.01683118550666,-114.89716749697318,-0.22086942619928104,0.504094445165347,0.05921247713502331,0.8328261340011945,700,699,698,698,542,698,0.9986,0.9986,12.7947,24.3936,1.6578,0,False,6.56,True,-0.6710947533345337,0.7344463135607837,-0.10109621429032989,1.69
578,25,48000000,25.048000000,64.53004505072073,-31.39580179375948,-114.3431508059138,-0.23020422200796983,0.5036206925683049,0.06447464545104985,0.8301898784499169,542,542,541,541,432,541,0.9982,1.0000,8.8925,14.4914,1.3653,0,False,6.56,True,-0.8254746032005267,0.5634781390995751,0.03292516101422684,1.27
579,25,81000000,25.081000000,64.22126938531123,-30.76181015204369,-113.63412881282373,-0.23627886081087995,0.50321676517017,0.06796193425451058,0.8284481653537343,432,432,432,432,273,432,1.0000,1.0000,5.8782,9.3159,1.0820,0,False,6.56,True,-0.8426431276659083,0.44121456853433083,0.3086782530572574,0.83
580,25,114000000,25.114000000,64.62746769785713,-31.287116073150756,-114.38182970230743,-0.238755838492484,0.5033626904941212,0.07029789001421795,0.8274538404429697,273,273,273,273,125,273,1.0000,1.0000,2.8330,4.9498,0.8294,0,False,6.56,True,0.9099194895592843,-0.3625589588360781,-0.2014882723333312,0.41
581,25,147000000,25.147000000,65.53092319546418,-30.872124802839284,-114.27435687128083,-0.2382150635371686,0.4985416558171678,0.07376443260333314,0.8302220241608673,125,125,125,125,125,125,1.0000,1.0000,2.2449,2.6786,0.7967,0,False,6.56,True,0.29209800128679964,0.006457591242558627,0.9563665914070822,0.75
582,25,180000000,25.180000000,65.5250427012981,-31.611412518106096,-113.60099285839928,-0.25059249937560607,0.4979187156233688,0.052264178784183914,0.8285824083968211,125,125,125,125,125,125,1.0000,1.0000,6.1699,7.3539,1.0061,0,False,4.92,True,-0.4989223097802673,-0.8620404915459654,-0.08923407274529861,2.85
583,25,213000000,25.213000000,65.20323307963605,-30.884560960305187,-112.99425949000086,-0.23934452924580202,0.49876100987157557,0.04767963050760068,0.8316719931479297,125,125,125,125,53,125,1.0000,1.0000,10.4250,12.5319,1.3485,0,False,4.92,True,-0.7954447333891319,0.5193909246070615,0.3122510905654528,1.44
584,25,246000000,25.246000000,65.20323307963605,-30.884560960305187,-112.99425949000086,-0.23934452924580202,0.49876100987157557,0.04767963050760068,0.8316719931479297,2000,0,0,0,0,0,0.0000,0.0000,0.0000,0.0000,0.0000,1,False,6.56,True,0.0,0.0,0.0,0.00
585,25,279000000,25.279000000,65.58064290638487,-31.632253949510318,-112.44789238212657,-0.22392080228122932,0.4994592538056167,0.03787667945225243,0.8360414375181044,2000,1882,1806,1806,1805,1681,0.9596,0.9410,23.2223,726.3284,4.9791,0,False,6.56,True,-0.1586043385570336,-0.9701971146041363,0.18319995252372287,2.15
586,25,312000000,25.312000000,65.97249513438257,-32.45306157784502,-112.03228840153832,-0.20480704029392222,0.5003022447223178,0.027113534338776897,0.8408427893652378,1805,1787,1757,1757,1576,1756,0.9832,0.9900,22.7168,108.4092,3.7914,0,False,6.56,True,-0.02729786257648802,-0.9884905044305887,0.14879969539389357,2.58
587,25,345000000,25.345000000,66.06801738434879,-33.4484693147348,-112.03852836158153,-0.18220146081234218,0.5016989902981128,0.013986759850470556,0.8455206214874879,1576,1563,1549,1549,1461,1550,0.9910,0.9918,25.6211,118.0933,3.1543,0,False,6.56,True,0.21148491755318605,-0.9323886531684811,-0.29313056662550235,3.05
588,25,378000000,25.378000000,66.18315513201503,-34.43268472293107,-111.9041284756761,-0.1580005482118401,0.5024709112668352,-0.0005668869448250578,0.8500344044417414,1461,1433,1414,1414,1413,1413,0.9867,0.9808,28.3306,1248.0881,2.9642,0,False,6.56,True,0.09907888077606698,-0.9817801708021767,-0.16214521764088757,3.28
589,25,411000000,25.411000000,66.35886174268757,-35.349507706347076,-111.5455719194034,-0.13223125800171978,0.5025041288762383,-0.015177995187329249,0.8542681799831415,1413,1406,1385,1385,1377,1294,0.9851,0.9950,28.9510,49.0221,3.0501,0,False,6.56,True,-0.07278665307479235,-0.9952933251628268,0.06397890293286834,3.43
590,25,444000000,25.444000000,66.68839572802136,-36.17252755036721,-111.08292119924931,-0.10442020361440459,0.5011221851299731,-0.03009392951859987,0.8585262558907658,1377,1366,1346,1346,1324,1346,0.9854,0.9920,30.5851,143.8289,3.1376,0,False,6.56,True,-0.10167279580472599,-0.9406870797029083,0.3236826542668985,3.65
591,25,477000000,25.477000000,66.87010559648557,-37.01359548913969,-110.57342512853657,-0.0780679139604379,0.49891465412511915,-0.0471992676832886,0.8618362941065081,1324,1316,1283,1283,1283,1281,0.9749,0.9940,32.8163,954.3800,3.4051,0,False,6.56,True,-0.2135958785954673,-0.9375477540383991,0.2745560225975456,3.63
592,25,510000000,25.510000000,67.09275249444997,-37.83254036153568,-110.04450391058144,-0.0475883714645737,0.49612401041375787,-0.06301446766949541,0.8646533930174849,1283,1264,1185,1185,1146,1179,0.9375,0.9852,32.4254,419.9425,3.6253,0,False,6.56,True,-0.2097212277123433,-0.9006279230747003,0.3806393973631462,3.96
593,25,543000000,25.543000000,66.82227890134236,-38.76768757992572,-110.27329140011882,-0.016557476507063372,0.49472252734273797,-0.08092463541094418,0.8651165668827165,1146,1144,1119,1119,1117,1045,0.9781,0.9983,33.9950,306.9598,3.3671,0,False,6.56,True,0.20580024776520106,-0.907054090197344,-0.3672861765382007,4.11
594,25,576000000,25.576000000,66.80858583734484,-39.724291903862245,-109.98222325101227,0.013271775466039635,0.4906319990012469,-0.09905170595235743,0.8656170406594057,1117,1114,1093,1093,1092,1092,0.9811,0.9973,34.0617,396.2799,3.3897,0,False,6.56,True,-0.105566940157219,-0.9768881285006311,0.1858634055977038,4.03
595,25,609000000,25.609000000,66.41113817698778,-40.62976582546251,-110.13105985463692,0.04469530914200805,0.4876809058047387,-0.11552770343847137,0.8641892230249129,1092,1092,1078,1078,1077,1060,0.9872,1.0000,33.7659,84.4133,3.3211,0,False,6.56,True,0.07199132149756199,-0.949671747429038,-0.3048619716594906,4.08
596,25,642000000,25.642000000,66.15921339311957,-41.59356680597277,-110.21836147684648,0.07732717241203335,0.48265928330213337,-0.13103927873158008,0.8624901344818604,1077,1074,1058,1058,905,1057,0.9851,0.9972,33.7110,291.5791,3.3895,0,False,6.56,True,0.09955116569060461,-0.9924157264003622,-0.0721151260338844,4.18
597,25,675000000,25.675000000,65.9184203611691,-42.4181300790024,-109.70639065293679,0.10897304245464999,0.47703635423869867,-0.1480941309444361,0.8594354665317461,905,902,887,887,887,887,0.9834,0.9967,32.2618,72.4176,3.2866,0,False,6.56,True,-0.43212969774982857,-0.8552585634181553,0.2860012482884556,4.18
598,25,708000000,25.708000000,65.47096812759405,-43.31184160113445,-109.73904358354224,0.13879909937448381,0.47141638221976295,-0.16381258415578626,0.8553752637643118,887,887,881,881,881,881,0.9932,1.0000,31.0490,43.7177,3.1612,0,False,6.56,True,-0.0617685160682869,-0.9952086162101857,-0.07579222020582946,3.94
599,25,741000000,25.741000000,65.24346238418202,-44.153866476807515,-109.24992678209058,0.16972094234370416,0.46426206520151825,-0.1797948845886468,0.8504877048026864,881,881,875,875,874,853,0.9932,1.0000,29.6774,41.8052,3.0531,0,False,6.56,True,-0.40509987024954214,-0.8173217125626644,0.40973078148637737,4.11
600,25,774000000,25.774000000,64.60466981119771,-43.51657119252256,-109.68097059578965,0.20537596654153134,0.4609040127403273,-0.19704632831949395,0.8405717981843087,874,873,870,870,761,870,0.9966,0.9989,28.0639,84.1648,2.8968,0,False,6.56,True,-0.04989271906051438,0.2108722508144343,-0.9762395251275183,4.70
601,25,807000000,25.807000000,63.93896016159683,-42.9391483265933,-110.15363696473322,0.2345735488645113,0.45893356499549637,-0.21087553589682168,0.8305942098605441,761,761,761,761,761,761,1.0000,1.0000,25.6121,36.7021,2.6698,0,False,6.56,True,-0.008640554039241898,0.059976152636829747,-0.9981624126066753,3.88
602,25,840000000,25.840000000,64.86077750942319,-42.55976285125601,-110.07414206961728,0.2620292238650664,0.448594877963836,-0.2205075115017748,0.8255178730206735,761,761,761,761,761,761,1.0000,1.0000,23.4106,33.5518,2.4997,0,False,4.92,True,0.3318420638723774,0.8408733994036396,0.4275661011122001,3.59
603,25,873000000,25.873000000,64.32308697320573,-43.38523780553086,-110.24583944038082,0.2821539675814092,0.4422544860858279,-0.2333496879836938,0.8187478434981933,761,761,761,761,761,761,1.0000,1.0000,20.9663,30.0747,2.2978,0,False,4.92,True,-0.015520343997043934,-0.9943187033895151,0.105306386378067,2.93
604,25,906000000,25.906000000,63.82265537720697,-42.57579111055784,-110.55302711220925,0.3037944728442821,0.438397264975095,-0.24231552111654386,0.8104319493687541,761,761,761,761,761,761,1.0000,1.0000,18.3163,26.2723,2.0778,0,False,4.92,True,-0.09454685934104669,0.19777688979913002,-0.9756767872867157,2.88
605,25,939000000,25.939000000,63.32212327709276,-43.28325237908094,-110.05406201293381,0.32022349058300653,0.4331539205302621,-0.25068654581723987,0.804357416174128,761,760,760,760,750,760,1.0000,0.9987,15.5057,22.2766,1.8319,0,False,4.92,True,-0.5879539544004914,-0.6840258576637137,0.43176240405140137,2.30
606,25,972000000,25.972000000,63.6225990488234,-44.23324740069887,-109.96906925145375,0.3349097120531431,0.4281703884247543,-0.25920481184594785,0.7983222837705224,750,750,750,750,740,750,1.0000,1.0000,12.5806,18.0895,1.5821,0,False,4.92,True,0.1966642063996135,-0.4059034030578727,0.8925052477757474,2.14
607,26,5000000,26.005000000,63.26072631547987,-44.72213145244183,-109.1753183403904,0.34495253033593165,0.4246214323315991,-0.26382255576933533,0.7944193162850682,740,740,740,740,340,729,1.0000,1.0000,9.5143,13.7725,1.3368,0,False,4.92,True,-0.7988920304027791,-0.318810788999901,0.5100305918042423,1.40
608,26,38000000,26.038000000,63.428697186146,-45.69200437974554,-109.35176179164598,0.34661336765156275,0.41679989405901025,-0.27630374471074653,0.7935951501467604,340,340,340,340,340,340,1.0000,1.0000,5.9379,8.9898,1.2889,0,False,4.92,True,0.3575907403189752,-0.5416039460582269,0.7607851392162472,1.70
609,26,71000000,26.071000000,63.11508879417336,-45.68026826874408,-108.40228191287926,0.35029970873164845,0.41560291822780726,-0.27808733509167693,0.791979647771748,340,340,340,340,110,340,1.0000,1.0000,3.0029,4.5223,1.0946,0,False,4.92,True,-0.9685027839390737,0.08263682323894433,0.23489042753428474,0.52
610,26,104000000,26.104000000,62.966404461050836,-44.74326300138231,-108.08618999899947,0.35518671957381887,0.4198555772590274,-0.26951299469405154,0.7905228865592205,110,110,110,110,110,110,1.0000,1.0000,0.6918,1.0895,1.2856,0,False,4.92,True,-0.48389327125213305,0.5556616412738643,-0.6760824228256085,1.24
611,26,137000000,26.137000000,63.18250340210061,-45.64917093856872,-108.45037684255618,0.3482543410442098,0.4185790948720147,-0.272669895062703,0.7931970647994624,110,110,110,110,110,110,1.0000,1.0000,2.9275,3.9585,1.2062,0,False,4.92,True,0.5358222227792258,-0.5112882672340217,0.6719217613418704,0.94
612,26,170000000,26.170000000,63.4196883111206,-46.57888308910695,-108.73211898721108,0.338303429849559,0.4177924751601174,-0.27572936213375243,0.7968522798542533,110,110,110,110,110,110,1.0000,1.0000,5.6179,7.7024,1.3108,0,False,4.92,True,0.49050178718738324,-0.4855470929137107,0.7236380430360384,1.27
613,26,203000000,26.203000000,62.646834378409274,-46.73814095342128,-109.34639395116994,0.32251651081666327,0.43070512688230556,-0.27695005872518696,0.7960997794875073,110,110,110,110,110,109,1.0000,1.0000,8.4246,11.6401,1.4951,0,False,3.28,True,0.16303576334732386,-0.8463394939822337,-0.5070786929024447,2.34
614,26,236000000,26.236000000,63.068872854678226,-47.60173268586554,-109.62224326547484,0.3043380318365858,0.43309042121426355,-0.2720364914596267,0.8036213018235776,110,110,110,110,110,110,1.0000,1.0000,11.5004,15.9551,1.7995,0,False,3.28,True,0.5800485591904033,-0.323948725067672,0.7473960747208717,2.34
615,26,269000000,26.269000000,62.74986715679086,-46.654173848908975,-109.60306997100331,0.28534512447021326,0.44269474484148646,-0.257183973636166,0.8102196779488398,110,110,110,110,110,110,1.0000,1.0000,14.5830,20.2606,2.1921,0,False,3.28,True,-0.3331534366304982,0.41307250581860716,-0.8475729423465719,3.07
616,26,302000000,26.302000000,63.47534295930239,-46.44688859671104,-108.94677911765285,0.27414977085413605,0.43870441737007104,-0.2436515971429437,0.8203744489745544,110,110,110,110,110,110,1.0000,1.0000,17.7059,24.6201,2.4835,0,False,3.28,True,-0.25599051581099347,0.7857531423585147,0.5630815705459923,2.37
617,26,335000000,26.335000000,63.985458470950405,-47.2997200342289,-109.05840664094929,0.23808721358563203,0.4341156146150544,-0.24158698516905494,0.8345620650804529,110,110,110,110,110,110,1.0000,1.0000,20.4912,28.5028,2.7787,0,False,3.28,True,0.4842518604080683,-0.3230924770279101,0.8130875641524067,4.48
618,26,368000000,26.368000000,64.59681439612156,-48.08770684684755,-108.98546340344782,0.20016346160692858,0.42579465612215445,-0.23946517261681974,0.849287896157095,110,110,110,110,110,110,1.0000,1.0000,22.8077,31.6948,3.0548,0,False,3.28,True,0.40317829808277383,-0.22008539352457498,0.8882621682319982,4.76
619,26,401000000,26.401000000,65.18599607201377,-47.53399608014812,-108.39701685563404,0.17871574439770765,0.4279884343952761,-0.221286213559155,0.8578572109721441,110,110,110,110,110,110,1.0000,1.0000,24.4052,33.8756,3.2274,0,False,3.28,True,-0.304868020430953,0.8659856956585148,0.3963890324332272,3.38
620,26,434000000,26.434000000,65.62431242634158,-47.352926492552776,-109.27741027790435,0.14693820099703125,0.4370191405985605,-0.210074566802515,0.8621439045895919,110,110,110,110,56,109,1.0000,1.0000,25.6427,35.5800,3.2873,0,False,3.28,True,0.9098796916295496,0.2820447691708792,-0.30425268272188083,4.03
621,26,467000000,26.467000000,65.62431242634158,-47.352926492552776,-109.27741027790435,0.14693820099703125,0.4370191405985605,-0.210074566802515,0.8621439045895919,2000,0,0,0,0,0,0.0000,0.0000,0.0000,0.0000,0.0000,1,False,4.92,True,0.0,0.0,0.0,0.00
622,26,500000000,26.500000000,66.32345509944018,-46.63823741537995,-109.29788088176456,0.11440614550529521,0.44470250357339147,-0.19684025040331443,0.8662591026981128,2000,1908,1508,1508,1090,1455,0.7904,0.9540,44.5583,553.9308,8.2754,0,False,4.92,True,0.21997739452509205,0.962359808133259,0.1596043407544692,4.15
623,26,533000000,26.533000000,65.71625713615234,-46.16755262519191,-109.93801091672988,0.0729674966658533,0.4539075272780657,-0.17549228039981063,0.8705436006488733,1090,1074,1025,1025,626,1020,0.9544,0.9853,36.7693,532.7871,3.8797,0,False,4.92,True,0.08941353108351592,0.13821965016254228,-0.9863572115456557,5.47
624,26,566000000,26.566000000,65.18751371605684,-46.912596439526936,-109.53139056501732,0.03591636674685575,0.4613790888256889,-0.16246849770215568,0.8714604628142846,626,619,606,606,437,607,0.9790,0.9888,35.6340,60.1513,3.3109,0,False,4.92,True,-0.43176830573981206,-0.9009221736661542,0.04376490780549997,4.58
625,26,599000000,26.599000000,65.27448517909363,-45.91728007786832,-109.57359607214475,0.016027196777832223,0.46911509838521076,-0.13922690627183842,0.871946111867271,437,436,431,431,430,430,0.9885,0.9977,32.6804,49.2696,3.3621,0,False,4.92,True,-0.16907186204847194,0.9713991877260383,-0.1667282925860384,3.62
626,26,632000000,26.632000000,65.38014812889429,-45.70047373056187,-108.60311662939131,-0.019639883600561663,0.4740100234907365,-0.12396298110403461,0.8715285146902932,430,430,420,420,322,416,0.9767,1.0000,31.8528,47.0599,3.4304,0,False,4.92,True,-0.7925863039949247,0.13588715560541687,0.5944254635033174,4.48
627,26,665000000,26.665000000,65.76207586097631,-44.776887764730716,-108.56964767084125,-0.04656695323726911,0.47601363601634683,-0.10581747654410102,0.8718057116413802,322,321,321,321,321,321,1.0000,0.9969,30.8639,43.9903,3.2259,0,False,4.92,True,-0.04568718697187809,0.9648230438463125,0.2588999324251238,3.73
628,26,698000000,26.698000000,64.7738974698896,-44.65365835060192,-108.66085062519444,-0.08043824271401974,0.4844965913778117,-0.0906895487605182,0.8663533619707237,321,312,311,311,310,310,0.9968,0.9720,29.6965,103.9599,3.1733,0,False,4.92,True,-0.47162924279195967,-0.001986126224765148,-0.8817947111692732,4.41
629,26,731000000,26.731000000,65.01156965142535,-45.62411052167531,-108.61920308285433,-0.11610234638323022,0.48549329623803833,-0.08017232599172693,0.8627797532495237,310,305,293,293,293,292,0.9607,0.9839,27.7716,61.8078,3.3854,0,False,4.92,True,0.3159630184597253,-0.9325730352784107,0.17457062993937897,4.28
630,26,764000000,26.764000000,64.19753427943361,-45.11880062445685,-108.90557403270668,-0.12804178242161457,0.5119691042649855,-0.059891388226577226,0.8472933139407496,293,291,289,289,289,289,0.9931,0.9932,25.7111,35.6854,2.9462,0,False,4.92,True,-0.31212420017288656,0.5440099618443515,-0.7788656142625265,4.43
631,26,797000000,26.797000000,63.98556370837135,-44.296018575892624,-109.43292417972856,-0.15478149705667968,0.5131493010964177,-0.04762028849896293,0.8428836165666209,289,289,289,289,71,285,1.0000,1.0000,23.7717,32.9891,2.6938,0,False,4.92,True,0.15872109229424583,0.9429416957081383,-0.2926919427589051,3.41
632,26,830000000,26.830000000,63.98556370837135,-44.296018575892624,-109.43292417972856,-0.15478149705667968,0.5131493010964177,-0.04762028849896293,0.8428836165666209,2000,0,0,0,0,0,0.0000,0.0000,0.0000,0.0000,0.0000,1,False,6.56,True,0.0,0.0,0.0,0.00
633,26,863000000,26.863000000,63.790910793653424,-43.380692924901446,-109.7854709077369,-0.17361944485381528,0.5145677585191925,-0.03587805389153148,0.8389213762386457,2000,1997,1830,1830,1560,1774,0.9164,0.9985,32.2841,694.8710,6.0530,0,False,4.92,True,-0.010364319176024405,0.9918300731591585,-0.12714435443666355,2.59
634,26,896000000,26.896000000,63.90920457227897,-42.9198648579895,-108.90590051562228,-0.19270208978545508,0.5152654149686157,-0.02604991323386926,0.8346788955940163,1560,1546,1524,1524,691,1522,0.9858,0.9910,19.8667,465.4342,2.3746,0,False,4.92,True,-0.8031663360189527,0.12914311532841602,0.5815891096376908,2.51
635,26,929000000,26.929000000,63.75231662018804,-42.01192606144885,-109.29453056107042,-0.2065035884210917,0.5160385182625913,-0.016839826553147315,0.8311299151638218,691,690,690,690,688,677,1.0000,0.9986,14.7737,22.8314,1.9938,0,False,4.92,True,0.03722854772812759,0.9990594839799936,-0.022230220504615674,1.95
636,26,962000000,26.962000000,63.317258702810996,-41.37226717963667,-109.92821906770939,-0.21749227881140254,0.5170050363353216,-0.00962778308771089,0.8278346494645847,688,688,688,688,671,688,1.0000,1.0000,11.8510,18.3761,1.7132,0,False,4.92,True,0.1818270159000757,0.8938209322597767,-0.40990618114775673,1.56
637,26,995000000,26.995000000,62.815377674054595,-40.69879240233532,-109.38549707873779,-0.22673405750760858,0.5177408039493767,-0.004307670160769705,0.8249348889880798,671,671,671,671,590,671,1.0000,1.0000,8.8368,13.7263,1.4874,0,False,4.92,True,-0.8579722505596553,0.5136681935031158,0.005348294386568335,1.27
638,27,28000000,27.028000000,62.45478786613578,-39.92821837496902,-108.85995863221505,-0.23271508631325577,0.5183331266276984,-0.00044175642191308625,0.8229059869109179,590,590,583,583,114,579,0.9881,1.0000,5.6962,53.6642,1.5667,0,False,4.92,True,-0.8015422720617479,0.5744752564371471,0.16585585862297728,0.85
639,27,61000000,27.061000000,62.97764115801762,-40.691321460320445,-109.23982455105413,-0.23507153533615913,0.5188758939969312,0.0016662015336507084,0.8218919659395847,114,113,112,112,63,111,0.9912,0.9912,3.5658,54.0633,2.3781,0,False,4.92,True,0.7505332008905917,-0.6605415858519221,0.019614477335645267,0.39
640,27,94000000,27.094000000,62.97764115801762,-40.691321460320445,-109.23982455105413,-0.23507153533615913,0.5188758939969312,0.0016662015336507084,0.8218919659395847,2000,0,0,0,0,0,0.0000,0.0000,0.0000,0.0000,0.0000,1,False,6.56,True,0.0,0.0,0.0,0.00
641,27,127000000,27.127000000,63.56845998421367,-41.288694362129476,-108.6975342867154,-0.23046519902834278,0.5191271272165919,-0.0007067043992914499,0.823038467140854,2000,1875,1835,1835,1594,1831,0.9787,0.9375,6.8711,552.6724,3.3616,0,False,6.56,True,-0.0461837468794336,-0.8857025620247094,0.46195024964496123,0.61
642,27,160000000,27.160000000,64.04154277839491,-42.06739722107036,-108.28544870418798,-0.22169915104512136,0.5194429284897716,-0.005655972210867162,0.8252251453065355,1594,1593,1587,1587,1486,1587,0.9962,0.9994,11.5634,135.6261,1.8574,0,False,6.56,True,0.05332991448233904,-0.9652638963474842,0.25577632929843175,1.18
643,27,193000000,27.193000000,64.43010085843862,-42.43989986540485,-107.44267684989019,-0.20959161082120165,0.5194984182516705,-0.012915254170468127,0.8282668328003353,1486,1468,1409,1409,1402,1392,0.9598,0.9879,17.9434,221.4891,2.3861,0,False,6.56,True,-0.45228406139923255,-0.7350521704764432,0.5051113090023672,1.65
644,27,226000000,27.226000000,64.5270807901976,-43.32034052967522,-106.97854418616659,-0.19420862183288937,0.5197607531874162,-0.02428853279993802,0.8315899457221966,1402,1386,1316,1316,1316,1324,0.9495,0.9886,24.2094,451.5861,2.7663,0,False,6.56,True,-0.1417365539866407,-0.9892107626981463,-0.03705153473398931,2.23
645,27,259000000,27.259000000,64.94120658553769,-44.13641956924075,-106.5754129087696,-0.17437748537151507,0.5189719020315078,-0.035814374582308926,0.8360490344893559,1316,1304,1287,1287,1287,1267,0.9870,0.9909,23.6397,267.3708,2.5664,0,False,4.92,True,0.04291788324979734,-0.9608237733928102,0.27381696766372726,2.68
646,27,292000000,27.292000000,65.105368378915,-45.0239459267949,-106.14489244439908,-0.15245732713858595,0.5182446170862299,-0.04962788955931611,0.8400692547884332,1287,1281,1267,1267,1267,1235,0.9891,0.9953,26.6370,298.2769,2.7628,0,False,4.92,True,-0.07911689011166385,-0.9926894899881631,0.09114874747411207,3.01
647,27,325000000,27.325000000,65.40048659751234,-45.862656127470224,-105.687213040957,-0.12748048990474692,0.5164850672240692,-0.06398123871227455,0.844333051065181,1267,1242,1233,1233,1232,1228,0.9928,0.9803,28.8792,293.1533,2.9546,0,False,4.92,True,-0.05397943323330475,-0.9583941658050662,0.28029777690631547,3.34
648,27,358000000,27.358000000,65.18637411257639,-46.82661598461027,-105.52929775475233,-0.10129219352556985,0.5156805202257267,-0.08187798187595587,0.8468231743843709,1232,1224,1202,1202,1201,1201,0.9820,0.9935,30.5585,125.3560,3.0620,0,False,4.92,True,-0.0021939373008541384,-0.9641062974650518,-0.2655075023937153,3.65
649,27,391000000,27.391000000,65.17516732110943,-47.80461760102559,-105.32100170074736,-0.07305297283758491,0.5130631420730216,-0.09853860624017473,0.8495408280277018,1201,1196,1180,1180,1178,1122,0.9866,0.9958,31.8882,168.3962,3.2562,0,False,4.92,True,0.05422963837986775,-0.9985266331750996,-0.001925918271647794,3.78
650,27,424000000,27.424000000,65.25971797256058,-48.714383705369876,-104.91458218506756,-0.04284064027363326,0.509268344534842,-0.11468698208385372,0.8518552276861278,1178,1169,1141,1141,1072,1041,0.9760,0.9924,32.7815,217.9007,3.3198,0,False,4.92,True,-0.0895285986001675,-0.9661108020393474,0.242104415935726,3.96
651,27,457000000,27.457000000,65.02798129725497,-49.68714804587542,-104.91984062201436,-0.011061177715212273,0.5053515705704503,-0.13128267867634275,0.8527967511365739,1072,1069,1003,1003,954,1007,0.9383,0.9972,33.0173,87.9112,3.5744,0,False,4.92,True,0.1315920925248014,-0.9777739190097754,-0.16322280627782842,4.13
652,27,490000000,27.490000000,64.90721896904478,-50.64696183407441,-104.66651483953582,0.012048225228822063,0.49965069992249034,-0.15351430682330144,0.852430276290303,954,948,913,913,913,905,0.9631,0.9937,33.6729,75.0295,3.4684,0,False,4.92,True,-0.04688403586947552,-0.9905767379741663,0.1286841612827679,3.73
653,27,523000000,27.523000000,64.60522770495234,-51.59900892898567,-104.61744748294424,0.03997056383441219,0.4942481453332588,-0.1725280018505,0.8510906023678485,913,912,899,899,898,898,0.9857,0.9989,33.4938,63.8438,3.3593,0,False,4.92,True,0.05875628670254121,-0.9960902163842733,-0.06596953536641254,3.92
654,27,556000000,27.556000000,63.75284293919755,-51.28014203414021,-105.03189182719417,0.0805079129497307,0.48717806444934114,-0.195618974343554,0.847295241547271,898,896,890,890,518,882,0.9933,0.9978,33.2487,76.9105,3.2727,0,False,4.92,True,-0.11185373282112177,0.05734684544166256,-0.9920685872316849,5.43
655,27,589000000,27.589000000,63.272344249417344,-52.15711578750196,-105.03805989286548,0.10522158568664695,0.4814903983348452,-0.21550055341061183,0.8430035146407514,518,516,509,509,509,503,0.9864,0.9961,32.6473,115.7436,3.3055,0,False,4.92,True,0.011566309678137566,-0.9951278173732091,-0.09791244849590067,3.73
656,27,622000000,27.622000000,62.33896306386895,-52.48272821491,-105.18897745175683,0.13264427274229745,0.48220258069752964,-0.23420353698570573,0.8336875142046297,509,508,498,498,498,500,0.9803,0.9980,31.3814,80.2887,3.2382,0,False,4.92,True,-0.19923878331949343,-0.7173203128797058,-0.6676492162442257,3.95
657,27,655000000,27.655000000,61.66125900083818,-51.805462850327764,-105.47538420602227,0.17070507151703043,0.4762656680077042,-0.2533994766959855,0.8245116719887847,498,498,492,492,492,493,0.9880,1.0000,29.8647,42.2514,3.0817,0,False,4.92,True,-0.21796797622306854,0.22914050025508562,-0.9486751775418544,5.04
658,27,688000000,27.688000000,62.23065979520829,-51.438588615148696,-106.21103767806768,0.20201247021215554,0.4649466040144885,-0.26531558819147877,0.8201361203829443,492,492,492,492,492,483,1.0000,1.0000,28.4780,40.3089,2.8921,0,False,4.92,True,0.7857216691948875,0.599375513002103,-0.1529393767839591,4.08
659,27,721000000,27.721000000,61.759673864158046,-52.31920924174226,-106.15927316540977,0.2262271037829119,0.45574804430364796,-0.28108631787418775,0.8136986540060926,492,491,489,489,489,489,0.9959,0.9980,26.7521,37.9679,2.8007,0,False,4.92,True,-0.02826119961534211,-0.9738297603386201,0.2255147500167729,3.55
660,27,754000000,27.754000000,60.968744354231376,-52.899724252099475,-106.35274883074557,0.2517464396572486,0.4463872118438939,-0.29241845751733875,0.8073745307633342,489,488,488,488,278,487,1.0000,0.9980,24.7182,35.1462,2.6056,0,False,4.92,True,-0.023436812315191784,-0.9759184350660766,-0.21687305947646615,3.45
661,27,787000000,27.787000000,60.562069697373374,-53.37335592455721,-105.57153902389831,0.27522747593080105,0.43728470180534357,-0.3024488134719087,0.8009723099391182,278,278,278,278,205,278,1.0000,1.0000,24.9039,32.0357,2.1724,0,False,4.92,True,-0.7359832046769463,-0.5024024519069004,0.45378463917522244,3.19
662,27,820000000,27.820000000,60.09875217531539,-53.88285453092535,-104.84645417102729,0.29645345913873206,0.4290957055376741,-0.3125170768816346,0.7939302858004375,205,205,205,205,205,205,1.0000,1.0000,23.1302,28.6276,1.8642,0,False,4.92,True,-0.7057895239638516,-0.5472043436563823,0.44992060871499057,2.96
663,27,853000000,27.853000000,59.327624118032986,-53.516235093584456,-105.36698438862825,0.31208797451463877,0.42950914623905284,-0.31984228245106255,0.7847444831388398,205,205,205,205,205,205,1.0000,1.0000,20.1290,24.9154,1.6685,0,False,4.92,True,0.025919657946111747,-0.45370100315894246,-0.8907769479867145,2.24
664,27,886000000,27.886000000,58.93503436723808,-52.708732535681825,-105.80722626141126,0.32900155012166893,0.42547069249282865,-0.32688427931196196,0.7770967364401365,205,205,205,205,205,205,1.0000,1.0000,16.9385,20.9884,1.4505,0,False,4.92,True,0.028367588320639823,0.08798241576956026,-0.9957180195458063,2.32
665,27,919000000,27.919000000,58.38797027013972,-53.40069406796667,-105.33615290034741,0.3419181650698242,0.42054055333126705,-0.33435241252473524,0.771003291587011,205,205,205,205,205,205,1.0000,1.0000,13.5689,16.8304,1.2268,0,False,4.92,True,-0.48709243675658825,-0.7155325135601289,0.5007536121615629,1.93
666,27,952000000,27.952000000,57.90300748409951,-52.53183261747071,-105.23670001703998,0.3536887283909718,0.4255248234799557,-0.3307413418268183,0.764488765658545,205,205,205,205,205,205,1.0000,1.0000,10.0434,12.5002,1.0022,0,False,4.92,True,-0.4903238089114361,0.10641256978546812,-0.8650196109951696,1.70
667,27,985000000,27.985000000,57.94824090665127,-51.88647112218795,-105.99923688689654,0.360353291951167,0.42360951959590565,-0.3341055112063724,0.7609691105880786,205,205,205,205,193,205,1.0000,1.0000,6.4071,7.9861,0.7619,0,False,4.92,True,0.5613801201553821,0.18146604571890498,-0.8074171381296492,0.97
668,28,18000000,28.018000000,57.94824090665127,-51.88647112218795,-105.99923688689654,0.360353291951167,0.42360951959590565,-0.3341055112063724,0.7609691105880786,193,193,193,193,2,193,1.0000,1.0000,2.6826,3.4216,0.5807,0,False,4.92,True,0.0,0.0,0.0,0.00
669,28,51000000,28.051000000,57.94824090665127,-51.88647112218795,-105.99923688689654,0.360353291951167,0.42360951959590565,-0.3341055112063724,0.7609691105880786,193,193,193,193,0,193,1.0000,1.0000,1.1541,1.3654,0.5471,0,False,4.92,True,0.0,0.0,0.0,0.00
670,28,84000000,28.084000000,57.18738123919792,-51.59833091836151,-105.41780091502893,0.3611830147166868,0.43835111229246543,-0.3297620620892762,0.7540902562947968,193,193,193,193,193,193,1.0000,1.0000,4.8940,5.9278,0.6025,0,False,4.92,True,-0.89133895252819,-0.3158990809701431,-0.3251501842966849,1.93
671,28,117000000,28.117000000,56.99350717425285,-50.68940891729427,-105.04864831390364,0.355668179160091,0.44469565260483235,-0.31915815590547125,0.7575513147017346,193,193,193,193,193,193,1.0000,1.0000,8.6544,10.6007,0.7810,0,False,4.92,True,-0.5734233891454517,0.4106539877941612,-0.7089068479636074,1.60
672,28,150000000,28.150000000,56.70144641482471,-49.812978484681366,-104.66580342417387,0.3493288907836927,0.45695781314175543,-0.2994497847854192,0.7612415578937511,193,193,193,193,193,193,1.0000,1.0000,12.6642,15.5261,1.0042,0,False,4.92,True,-0.608475473623893,0.34016089303001756,-0.7169715230406295,2.79
673,28,183000000,28.183000000,55.74474425454235,-50.04665152814009,-104.49225837160306,0.3352796493608137,0.46419406465366275,-0.29384161755458055,0.7653551664800523,193,193,193,193,171,193,1.0000,1.0000,16.9489,20.8114,1.2960,0,False,4.92,True,-0.5107016044018128,-0.8315318305287452,-0.21849184442200184,1.98
674,28,216000000,28.216000000,56.43235497654143,-49.508429349157616,-104.00491005566954,0.336294562111095,0.46253387081757363,-0.27588367296906274,0.7725649389081272,171,171,171,171,171,171,1.0000,1.0000,20.8472,25.4973,1.6689,0,False,4.92,True,-0.24432002658912913,0.964750210630335,0.09779956899808809,2.23
675,28,249000000,28.249000000,57.139023626667054,-50.21033938420253,-104.0940263933011,0.31101610439097516,0.4570455220841947,-0.273777125213805,0.7870352338122562,171,171,171,171,171,171,1.0000,1.0000,25.0566,30.6757,2.0009,0,False,4.92,True,0.457802949555074,0.061215088000554585,0.886943725599183,3.41
676,28,282000000,28.282000000,57.780311787873735,-49.62767591374115,-103.59477417799702,0.3247459244112405,0.44857172701920683,-0.24312410858649358,0.7963756388296406,171,171,171,171,171,171,1.0000,1.0000,28.7177,35.1317,2.2796,0,False,4.92,True,-0.25240492245291074,0.9607433910474007,0.11516897012772656,4.11
677,28,315000000,28.315000000,58.33846330169371,-48.99439919142956,-103.05865154221418,0.3429312043820374,0.43960689424164123,-0.20628964306128592,0.804107300527704,171,171,171,171,171,171,1.0000,1.0000,31.6959,38.7950,2.4954,0,False,4.92,True,-0.2608751028434432,0.9639576086750339,0.0522485348496326,4.90
678,28,348000000,28.348000000,59.189783334973846,-49.27297986162209,-102.61407645167156,0.3138391648747832,0.44081960840950063,-0.19353413192122518,0.8183688601198674,171,171,171,171,171,171,1.0000,1.0000,33.9340,41.5235,2.6651,0,False,4.92,True,0.08103967433444505,0.5143188378955657,0.8537615030964572,3.99
679,28,381000000,28.381000000,59.949182942471815,-49.237600992188,-101.96441456135517,0.2828741487100494,0.4465547277650993,-0.17959260119907045,0.8296490756318328,171,171,171,171,171,171,1.0000,1.0000,35.6079,43.5767,2.8007,0,False,4.92,True,-0.14169549710988222,0.6992940759538604,0.7006498279701635,4.15
680,28,414000000,28.414000000,60.808747741122495,-49.09123693469374,-101.47479642485038,0.2528342713977037,0.4473866957612516,-0.16389671457265662,0.8420557241744222,171,171,171,171,171,171,1.0000,1.0000,36.9420,45.2201,2.9012,0,False,4.92,True,0.042125836273153174,0.7380863685278308,0.6733898770487174,4.14
681,28,447000000,28.447000000,60.805544389930695,-48.85978198888163,-102.4476367748566,0.21507226860737394,0.45588206603197484,-0.1486905998067226,0.8507682214772792,171,171,169,169,104,169,0.9883,1.0000,37.5168,45.7215,3.0715,0,False,4.92,True,0.8003388511530103,-0.08374931375262856,-0.5936697531296702,4.87
682,28,480000000,28.480000000,60.272956878933506,-49.70029466605131,-102.54708013887289,0.16948576045568714,0.4668394976103335,-0.13898028035898646,0.8567496379602539,104,104,104,104,104,104,1.0000,1.0000,36.2607,42.6844,3.2003,0,False,3.28,True,-0.1563342286216782,-0.987683238090584,-0.0064366261475691045,5.53
683,28,513000000,28.513000000,60.576270022238,-48.74786111908445,-102.51755937142237,0.1449509638042061,0.47137711074408345,-0.11884507513184506,0.8617822727787442,104,104,104,104,104,104,1.0000,1.0000,36.2978,42.8392,3.2059,0,False,3.28,True,0.058286105790846345,0.9858941335972735,-0.1568932350683731,3.72
684,28,546000000,28.546000000,60.49404013561919,-48.7473847652117,-103.51417264588424,0.10700862196038212,0.47726328705813575,-0.10436659496818382,0.8659541116637478,104,104,104,104,76,104,1.0000,1.0000,35.8330,42.3277,3.1425,0,False,3.28,True,0.8006369212420987,-0.1649618140315195,-0.5759931599033129,4.73
685,28,579000000,28.579000000,60.49404013561919,-48.7473847652117,-103.51417264588424,0.10700862196038212,0.47726328705813575,-0.10436659496818382,0.8659541116637478,2000,0,0,0,0,0,0.0000,0.0000,0.0000,0.0000,0.0000,1,False,4.92,True,0.0,0.0,0.0,0.00
686,28,612000000,28.612000000,60.651287062740735,-47.76809501100057,-103.38663841044946,0.07729067640761891,0.4812800434640269,-0.088206964671231,0.8686859055419314,2000,1879,1558,1558,1343,1541,0.8292,0.9395,49.9452,662.4813,7.7392,0,False,4.92,True,-0.10306229241534301,0.9909440343710884,-0.08607023077955303,3.92
687,28,645000000,28.645000000,60.792673943434814,-46.79449956680531,-103.56586357891037,0.049034269045711835,0.4841949116677058,-0.07252620763729287,0.8705692833887534,1343,1330,1304,1304,1300,1182,0.9805,0.9903,31.7630,73.9239,3.3137,0,False,4.92,True,0.1492235138605302,0.9701494043976728,-0.19116086434716953,3.72
688,28,678000000,28.678000000,60.86847752394514,-45.80055128211804,-103.48636122329079,0.02204946198781471,0.48640221888446317,-0.05785798473255689,0.87153838486495,1300,1291,1282,1282,1258,1282,0.9930,0.9931,30.1069,82.0573,3.0396,0,False,4.92,True,-0.10644438909282647,0.9930878566353254,-0.04945807349776656,3.53
689,28,711000000,28.711000000,60.78619229273394,-44.8456638388266,-103.77170156633548,-0.003427702198292663,0.4885046086398603,-0.04405079626573898,0.8714419232189894,1258,1258,1256,1256,1245,1255,0.9984,1.0000,28.2650,45.6701,2.7697,0,False,4.92,True,0.12403178963185874,0.9425958440553371,-0.3100470769582019,3.33
690,28,744000000,28.744000000,60.561746710021154,-44.16516896201812,-104.46923357494735,-0.02979987067543729,0.48976216582125953,-0.03255556442973316,0.8707382636949279,1245,1243,1240,1240,841,1202,0.9976,0.9984,26.7754,766.7806,2.6113,0,False,4.92,True,0.4226960648815411,0.695545186899697,-0.5809861699854185,3.30
691,28,777000000,28.777000000,61.4009806573859,-43.81158180285084,-104.05612039134921,-0.058386650086822166,0.4919367775369045,-0.01639856134374271,0.8685161444579489,841,840,840,840,407,840,1.0000,0.9988,23.9148,33.6090,2.2880,0,False,4.92,True,0.052931818484265335,0.3406802486597058,0.9386880156713997,3.78
692,28,810000000,28.810000000,60.457429459190315,-43.963926877666196,-104.35023280958956,-0.08235256203484556,0.4962436625331117,-0.004428485385551435,0.8642572946982918,407,407,407,407,407,404,1.0000,1.0000,22.0542,30.0060,1.9809,0,False,4.92,True,-0.2225117476007026,-0.08932499601363023,-0.9708293193279889,3.15
693,28,843000000,28.843000000,60.496472781645565,-43.0875442134198,-104.83026306361532,-0.08499457209352224,0.4961464734707807,0.016528033380140063,0.8639105414854781,407,407,407,407,407,407,1.0000,1.0000,19.0953,26.0096,1.7770,0,False,3.28,True,0.3528764863804665,0.9320098292031234,-0.08267928173696945,2.42
694,28,876000000,28.876000000,60.17349204226678,-42.34763841378143,-105.4203671643059,-0.09702792298658201,0.4971746286699604,0.025720552760933577,0.861824473969885,407,407,407,407,407,407,1.0000,1.0000,15.9418,21.7785,1.5548,0,False,3.28,True,0.3024590744215476,0.8422567240205845,-0.44623101544174837,1.76
695,28,909000000,28.909000000,60.14794146067117,-41.50834839623512,-105.96345043069076,-0.09769281886473016,0.4975081252214923,0.04083585751479483,0.8609728283876852,407,407,407,407,407,405,1.0000,1.0000,12.5732,17.2699,1.3134,0,False,3.28,True,0.41145687005623777,0.9029114582408926,-0.12431469205540088,1.74
696,28,942000000,28.942000000,61.14027370832491,-41.451171433019894,-105.85387166840555,-0.11040469140475824,0.49225028085593475,0.049348912288880636,0.8620122678761467,407,407,407,407,407,407,1.0000,1.0000,9.0248,12.4920,1.1072,0,False,3.28,True,0.40150390445314715,-0.12432474168702207,0.9073797293930107,1.86
697,28,975000000,28.975000000,62.1230197905509,-41.33714192225171,-105.70824403179957,-0.1204685651801216,0.483993503720376,0.05779030790061167,0.8648109004127259,407,407,407,407,407,407,1.0000,1.0000,5.3441,7.5937,0.8941,0,False,3.28,True,0.37383365653511946,-0.10037827172800164,0.9220480463655253,1.81
698,29,8000000,29.008000000,61.15134993300869,-41.45652093638487,-105.91222035132833,-0.12042100362201151,0.48920337236040184,0.05681456730494546,0.8619460234259622,407,407,407,407,407,407,1.0000,1.0000,1.6527,2.6811,0.7093,0,False,3.28,True,-0.33437047352728705,0.12640643355309542,-0.9339260141946603,0.69
699,29,41000000,29.041000000,60.28938610319648,-41.96176898962516,-105.87047396474969,-0.1180961431736004,0.49023728953937545,0.05542576072806657,0.8617706690067388,407,407,407,407,407,407,1.0000,1.0000,2.5619,3.2518,0.7812,0,False,3.28,True,-0.46956268334817985,-0.3076986970880967,-0.8275460097282474,0.33
700,29,74000000,29.074000000,61.23942476218665,-41.77269877077775,-105.622121395266,-0.112579313193873,0.4875697802284995,0.0544241998072972,0.864083106028618,407,407,407,407,407,407,1.0000,1.0000,6.9497,9.1449,0.8532,0,False,3.28,True,0.2706249021981249,-0.055180539861165154,0.961102112332964,0.76
701,29,107000000,29.107000000,62.11259716098439,-41.40531682484238,-105.94243447301739,-0.1001390329287425,0.48606260053323247,0.0507448944854545,0.8666834936299569,407,407,407,407,407,407,1.0000,1.0000,11.4796,15.2649,1.1018,0,False,1.64,True,0.7208949940586112,0.22322971618180007,0.6561089096747795,1.53
702,29,140000000,29.140000000,62.381466450788096,-41.64097961659961,-106.8763361560556,-0.08304614900136191,0.48659161567390175,0.04411755873395552,0.8685537275858423,407,407,407,407,407,407,1.0000,1.0000,15.9916,21.3968,1.4398,0,False,1.64,True,0.9389793196892087,-0.16351138705339346,-0.302624955183584,2.11
703,29,173000000,29.173000000,62.37293087705543,-42.52388955825445,-106.40687137685688,-0.08049502481675942,0.4877298540017826,0.02258200679258559,0.8689822745398026,407,407,407,407,407,407,1.0000,1.0000,20.3184,27.2613,1.7678,0,False,1.64,True,-0.40102864586323517,-0.913519588060538,0.06824945001100453,2.49
704,29,206000000,29.206000000,63.076204752523076,-43.02234433302372,-105.89997030801364,-0.0641333584735157,0.48317003280971804,0.011972472921303141,0.873092372900893,407,407,407,407,407,407,1.0000,1.0000,24.1730,32.4354,2.0536,0,False,1.64,True,-0.04397893462006024,-0.634057255552992,0.7720344875653496,2.34
705,29,239000000,29.239000000,62.98052383468704,-43.94579401646471,-105.52837127126192,-0.05151363446486026,0.4848322256229724,-0.009637072928404124,0.8730356151309457,407,407,407,407,407,406,1.0000,1.0000,27.2112,36.5220,2.2727,0,False,1.64,True,-0.3271450603949327,-0.9449740626946795,0.0003609619199766906,2.87
706,29,272000000,29.272000000,62.84057377820835,-44.864537348186914,-105.15914955994525,-0.04091640355204887,0.48659332477375167,-0.03484926203763956,0.8719738030132694,407,407,407,407,407,407,1.0000,1.0000,29.6650,39.8192,2.4800,0,False,1.64,True,-0.32497693629322777,-0.9457213961775534,0.001015721146108509,3.14
707,29,305000000,29.305000000,61.89882076309183,-44.92555349502649,-105.48987344529945,-0.0056256212732666445,0.4835499155758367,-0.05317555963305237,0.8736819738266336,407,407,406,406,211,406,0.9975,1.0000,31.6177,42.3756,2.6650,0,False,1.64,True,-0.20765726563352835,-0.0455834064951621,-0.9771389937372793,4.57
708,29,338000000,29.338000000,60.97543556608323,-44.5580558807467,-105.60080261839674,0.03542636668119806,0.48687406410049133,-0.07358592026146775,0.8696457500553388,211,211,209,209,209,207,0.9905,1.0000,33.8275,44.1078,2.7250,0,False,1.64,True,-0.4288346890628218,0.2914166158137088,-0.8550889810330139,5.29
709,29,371000000,29.371000000,61.2209964849707,-44.97294074752309,-106.47691356025003,0.07207489457993138,0.48058233390394034,-0.09242091396810315,0.8690823922805212,209,209,208,208,205,208,0.9952,1.0000,34.8722,45.4226,2.7904,0,False,1.64,True,0.911743442023294,-0.3606568676478001,-0.19659735437180573,4.78
710,29,404000000,29.404000000,61.29860851446281,-45.037704564009154,-105.48203566776661,0.10686406405524689,0.4764838691067933,-0.10645758564627271,0.8661466254353145,205,205,203,203,122,205,0.9902,1.0000,35.4638,46.3912,2.8414,0,False,1.64,True,-0.7979538655791423,-0.008880475806419003,0.6026531054900124,4.34
711,29,437000000,29.437000000,61.559327903012594,-45.1461081820432,-104.52272651215965,0.1441678117578221,0.4693620817843958,-0.1260913831978499,0.8619836665037407,122,122,120,120,118,116,0.9836,1.0000,38.9204,84.3973,2.9564,0,False,1.64,True,-0.6682746070290729,0.05142601433020615,0.7421350380154864,4.92
712,29,470000000,29.470000000,61.29656431911235,-46.099544538467924,-104.37469133653084,0.17593886476933782,0.4640163230124761,-0.14059472459942596,0.8567190270190511,118,118,116,116,116,116,0.9831,1.0000,38.2300,55.9389,2.9720,0,False,1.64,True,-0.1855777330041849,-0.956894896376132,0.22341231457182287,4.09
713,29,503000000,29.503000000,61.11747666780156,-46.08183534171657,-105.35836506165437,0.21105872218075705,0.4574212611087152,-0.15436374344168444,0.8499363743174004,116,114,112,112,94,111,0.9825,0.9828,37.4889,55.4863,3.0913,0,False,1.64,True,0.7344841055693708,-0.22466276918127406,-0.6403590702174546,4.46
714,29,536000000,29.536000000,61.11747666780156,-46.08183534171657,-105.35836506165437,0.21105872218075705,0.4574212611087152,-0.15436374344168444,0.8499363743174004,2000,0,0,0,0,0,0.0000,0.0000,0.0000,0.0000,0.0000,1,False,3.28,True,0.0,0.0,0.0,0.00
715,29,569000000,29.569000000,60.49652104979114,-46.81085292536876,-105.6463711087909,0.23992277379864033,0.45198627219242876,-0.16833970931599002,0.8425005724803789,2000,1938,1587,1587,1231,1463,0.8189,0.9690,44.3754,610.3640,7.6750,0,False,3.28,True,-0.03827451912300958,-0.9748184409993224,-0.21969084704091085,3.82
716,29,602000000,29.602000000,59.85425014610043,-47.4945782236338,-105.99279253247123,0.26651921951406493,0.4470592105652792,-0.1828757867690038,0.8340635554272713,1231,1220,1205,1205,1203,1192,0.9877,0.9911,33.6543,600.4870,3.3295,0,False,3.28,True,-0.005979927150666948,-0.9750708393460549,-0.22181320683911707,3.65
717,29,635000000,29.635000000,59.33270045362726,-48.33383187565787,-106.1465430636749,0.29156161972459993,0.44081496942666243,-0.19771117265854163,0.8255811751965537,1203,1196,1163,1163,1163,1162,0.9724,0.9942,32.7708,598.5410,3.2548,0,False,3.28,True,-0.09251276305519766,-0.9904944608494882,0.10179445809264115,3.55
718,29,668000000,29.668000000,58.584711550390566,-48.99174320146259,-106.2340946942288,0.3164217070249433,0.43456827609475673,-0.20994392094053943,0.8166708436056503,1163,1161,1146,1146,1123,1138,0.9871,0.9983,29.3929,133.8909,2.8288,0,False,3.28,True,-0.2793359554828269,-0.9579618199345502,-0.06542610734393856,3.41
719,29,701000000,29.701000000,57.93759016042244,-49.63513993117301,-106.64308681498866,0.3370055913875694,0.4293791970371875,-0.22327253078151166,0.807595265912099,1123,1120,1118,1118,1118,1118,0.9982,0.9973,27.3714,245.0508,2.5431,0,False,3.28,True,0.04266717353165507,-0.9944624291406122,-0.09604160208249488,3.05
720,29,734000000,29.734000000,58.14696369711354,-49.060758309123884,-107.43444544063551,0.36080103099205113,0.4222649577773105,-0.23310615242777036,0.7982333262704083,1118,1116,1111,1111,677,1100,0.9955,0.9982,25.1139,225.2352,2.3890,0,False,3.28,True,0.738308046454069,0.24372077344801157,-0.628889030856064,3.24
721,29,767000000,29.767000000,57.392143444009115,-49.09689498565824,-108.08938095357736,0.3786705372809326,0.4183668221494041,-0.2422824607106489,0.7892255923067699,677,672,671,671,671,665,0.9985,0.9926,22.3214,34.0012,2.2631,0,False,3.28,True,0.15050841343241125,-0.7820171592611043,-0.6048110284272692,2.56
722,29,800000000,29.800000000,58.16017824965405,-48.50037389804535,-108.32237264731582,0.3968964073219429,0.4120977702836845,-0.24995760569056197,0.7811337049056272,671,662,660,660,215,660,0.9970,0.9866,19.5215,31.3900,2.0278,0,False,3.28,True,0.5664970351736209,0.8004572968448855,-0.19582958169611686,2.55
723,29,833000000,29.833000000,58.69857816828514,-48.17613654041159,-109.10018731902929,0.4119635013454389,0.4068728197061133,-0.2565263436999859,0.7739087912225316,215,211,211,211,121,211,1.0000,0.9814,16.4362,24.4451,2.2641,0,False,3.28,True,0.9227976100369002,0.2458865388904908,-0.2966216123323454,2.14
724,29,866000000,29.866000000,58.601116561388565,-48.04245709157552,-110.08640790294548,0.4238113703059768,0.4026998649556264,-0.26280448291770947,0.7675614274587055,121,118,118,118,97,118,1.0000,0.9752,15.3295,19.6016,2.1379,0,False,3.28,True,0.7689034177967745,-0.4236461512031773,-0.4788647749325201,1.77
725,29,899000000,29.899000000,58.601116561388565,-48.04245709157552,-110.08640790294548,0.4238113703059768,0.4026998649556264,-0.26280448291770947,0.7675614274587055,2000,0,0,0,0,0,0.0000,0.0000,0.0000,0.0000,0.0000,1,False,4.92,True,0.0,0.0,0.0,0.00
726,29,932000000,29.932000000,57.96238265243709,-47.44069402078173,-110.56588699548695,0.4302123821949509,0.40177605192758453,-0.2658519783399914,0.7634238900613086,2000,2000,1926,1926,1925,1925,0.9630,1.0000,12.1488,676.9232,4.1673,0,False,4.92,True,0.022509336410956097,-0.38370790843694086,-0.9231801399387266,0.95
727,29,965000000,29.965000000,58.43944537467214,-46.5635704506325,-110.62125306580414,0.4334791005133509,0.4009158132662141,-0.26792908737026505,0.7612991424086613,1925,1920,1816,1816,25,1799,0.9458,0.9974,8.0517,184.5215,3.8455,0,False,4.92,True,0.24941997079474051,0.7624835742788509,-0.5969995620799893,0.52
728,29,998000000,29.998000000,58.43944537467214,-46.5635704506325,-110.62125306580414,0.4334791005133509,0.4009158132662141,-0.26792908737026505,0.7612991424086613,2000,0,0,0,0,0,0.0000,0.0000,0.0000,0.0000,0.0000,1,False,6.56,True,0.0,0.0,0.0,0.00
729,30,31000000,30.031000000,59.23151672657704,-46.69004588189389,-110.02407056540852,0.4315970835065317,0.4016250310023897,-0.26738576893276483,0.7621851104247704,2000,1941,1937,1937,1521,1913,0.9979,0.9705,3.7282,47.0203,3.7458,0,False,6.56,True,-0.07189310561395118,0.8034976258042802,0.5909508834853083,0.26
730,30,64000000,30.064000000,60.0928222296536,-46.461842907201664,-109.5701143640943,0.4275673323192351,0.40276453861180317,-0.2647840320632425,0.7647589941508147,1521,1510,1505,1505,1504,1480,0.9967,0.9928,8.0511,228.5043,1.2714,0,False,6.56,True,0.06368536664021625,0.9613805086328552,0.26775304236690534,0.64
731,30,97000000,30.097000000,60.91974869307235,-46.451980461945894,-109.00789078199254,0.4187256518740903,0.40674002758992966,-0.26165892814898906,0.7686130260011754,1504,1503,1502,1502,1147,1501,0.9993,0.9993,11.9366,23.0438,1.5047,0,False,6.56,True,-0.03156214376905134,0.87234145865006,0.48787724952183137,1.25
732,30,130000000,30.130000000,61.657574775679095,-46.33241380451091,-108.34357422623393,0.40702211445412173,0.4109347684638226,-0.2561435039490013,0.7745037894017099,1147,1146,1146,1146,1146,1146,1.0000,0.9991,16.5339,27.3408,1.5653,0,False,6.56,True,-0.1756332052588072,0.8955657123942734,0.4087970547768851,1.70
733,30,163000000,30.163000000,62.43369928892196,-46.36023090875761,-107.71360839489476,0.392390395478638,0.41433921265933327,-0.24897188701796058,0.782538046272306,1146,1146,1146,1146,1146,1145,1.0000,1.0000,20.8261,34.4061,1.8985,0,False,6.56,True,-0.1184650512259112,0.817182627211486,0.5640732092749803,2.12
734,30,196000000,30.196000000,62.41143047493058,-45.39992994506561,-107.43553257959321,0.36945715743022095,0.42318527476503415,-0.23320721660940144,0.7937443078012711,1146,1139,1135,1135,1135,1135,0.9965,0.9939,25.0711,128.3428,2.2540,0,False,6.56,True,-0.3084533644008813,0.6430149971540726,-0.700990895393603,3.58
735,30,229000000,30.229000000,63.198706968540044,-45.08170760791927,-106.90739408757516,0.3479708898169768,0.4286559443477813,-0.22180334954416153,0.8037248380797273,1135,1095,1065,1065,1065,1064,0.9726,0.9648,28.7607,106.9501,2.7218,0,False,6.56,True,-0.04445278844664882,0.9398894129269064,0.3385732432830937,3.08
736,30,262000000,30.262000000,63.502921925974896,-45.973110680226924,-106.57145685779349,0.31426308455833424,0.4362519268604234,-0.2056786947045533,0.8176914115600581,1065,1052,1016,1016,447,1015,0.9658,0.9878,30.6912,65.1392,2.9708,0,False,6.56,True,-0.06894965066835729,-0.26458360742766857,0.9618947241529464,4.65
737,30,295000000,30.295000000,64.28475572492955,-45.65209959664752,-106.03695915430798,0.2930255561922058,0.43529119236534203,-0.18946167715400553,0.8299167874898054,447,443,427,427,427,428,0.9639,0.9911,31.1741,68.9123,3.2039,0,False,6.56,True,-0.05229058309611967,0.886581466598738,0.45960743902062573,3.37
738,30,328000000,30.328000000,64.9797011590764,-46.37048775145444,-106.00582552953452,0.2512098406076627,0.43512371488786966,-0.17465679917882587,0.8467915748427471,427,426,419,419,419,410,0.9836,0.9977,32.5759,58.1131,3.2344,0,False,6.56,True,0.39840079649660676,-0.13761391436434972,0.9068292098979779,5.44
739,30,361000000,30.361000000,65.16355168442036,-45.63684806094872,-106.66002105752706,0.21572438833962573,0.4437317473522538,-0.15679665127245604,0.8555582591600375,419,413,402,402,401,400,0.9734,0.9857,33.0586,47.4546,3.4882,0,False,6.56,True,0.585887784449124,0.5119704395199222,-0.6281892812608908,4.77
740,30,394000000,30.394000000,65.59720672719261,-46.07503832881694,-105.87266307476207,0.1739772966855532,0.45149207357174514,-0.13582983490795436,0.8645444255148204,401,399,396,396,245,396,0.9925,0.9950,33.9307,47.0271,3.3259,0,False,6.56,True,-0.3758517382639827,0.004585741023355035,0.9266684638117396,5.52
741,30,427000000,30.427000000,65.99549756797585,-45.32782211910746,-105.34065523450447,0.1391375646833983,0.4571995583826533,-0.12192438890343273,0.8699101938126742,245,244,243,243,243,243,0.9959,0.9959,34.4697,47.3727,3.2302,0,False,6.56,True,-0.27735760683591776,0.925312844691382,0.25859021129848475,4.39
742,30,460000000,30.460000000,65.60005151262419,-44.41481439837715,-105.44085163760184,0.137983982149931,0.48441793445010556,-0.08753528646444085,0.8594400846346003,243,242,241,241,241,240,0.9959,0.9959,34.2911,45.8801,3.2334,0,False,6.56,True,-0.21278112497864873,0.7032322210761737,-0.6783720484314579,5.17
743,30,493000000,30.493000000,66.42294777252724,-44.9778694408374,-105.36462326625859,0.08472458351811536,0.4731959610155664,-0.06638300835179886,0.8743572631529983,241,241,241,241,241,241,1.0000,1.0000,34.0220,46.4248,3.1349,0,False,6.56,True,0.3682165382075384,-0.28754758996420626,0.8841566402489058,6.91
744,30,526000000,30.526000000,66.52163863186875,-44.33063436040638,-104.60874836593325,0.04893885498351588,0.47618902553492004,-0.051795624178596844,0.8764509191899768,241,241,241,241,193,241,1.0000,1.0000,33.3573,45.6080,3.0644,0,False,6.56,True,-0.6035901354697484,0.716110922796487,0.35051974925127144,4.45
745,30,559000000,30.559000000,66.61803168114827,-44.83468727693062,-105.46702514960735,0.010753222110425502,0.48030537002855866,-0.033501109105882255,0.8763953419688223,193,193,192,192,94,192,0.9948,1.0000,33.8876,53.0196,3.0190,0,False,6.56,True,0.795197308409514,-0.5169787959574765,-0.31685038303373153,4.88
746,30,592000000,30.592000000,66.61803168114827,-44.83468727693062,-105.46702514960735,0.010753222110425502,0.48030537002855866,-0.033501109105882255,0.8763953419688223,2000,0,0,0,0,0,0.0000,0.0000,0.0000,0.0000,0.0000,1,False,6.56,True,0.0,0.0,0.0,0.00
747,30,625000000,30.625000000,66.41899034924849,-43.899541113996,-105.76008521536897,-0.01633019765776285,0.48216005342651397,-0.019077828911561612,0.8757231548658633,2000,1919,1725,1725,1572,1642,0.8989,0.9595,44.7848,688.5582,7.3188,0,False,6.56,True,0.094919009312366,0.9229944812870152,-0.37292300704686066,3.52
748,30,658000000,30.658000000,66.15804515687674,-42.9677459532017,-106.0124052203198,-0.042383042799618915,0.48329929221743206,-0.006010590181764067,0.87440799666451,1572,1557,1527,1527,1300,1523,0.9807,0.9905,30.0874,620.1938,4.0993,0,False,6.56,True,0.02768600025109183,0.9378686704791406,-0.34588414581155064,3.35
749,30,691000000,30.691000000,65.80720406395088,-42.257279233246216,-106.62244420870519,-0.06678337795500018,0.48391494507799054,0.005521791426209572,0.8725455954725406,1300,1290,1280,1280,1117,1209,0.9922,0.9923,26.9083,257.5675,2.6233,0,False,6.56,True,0.2918030210174105,0.7673085366827667,-0.5710416853950891,3.10
750,30,724000000,30.724000000,65.3393892633056,-41.66731976453952,-107.28054536930327,-0.0838086639650849,0.4880473886536489,0.01920248012768721,0.868571884779658,1117,1108,1103,1103,1103,1067,0.9955,0.9919,24.0230,41.2674,2.3555,0,False,6.56,True,0.27510222597796824,0.6925862391587075,-0.6668156166362363,2.59
751,30,757000000,30.757000000,65.08379246225772,-40.81815937996705,-107.7427108337928,-0.09831957625222552,0.48902887236847786,0.03228395763914562,0.8661072502841387,1103,1093,1091,1091,1091,1092,0.9982,0.9909,21.2296,35.7889,2.1132,0,False,6.56,True,0.21852849185951964,0.9246635767990318,-0.31183740633032575,2.26
752,30,790000000,30.790000000,64.92556158887506,-39.88389030708559,-107.42317321446487,-0.11586632720223068,0.48818889308685887,0.04116367426554593,0.8640324940696694,1091,1087,1087,1087,1087,1086,1.0000,0.9963,18.2813,28.6165,1.8913,0,False,6.56,True,-0.3925237219261971,0.8939923891355627,0.21610815785826837,2.27
753,30,823000000,30.823000000,65.66394574239968,-39.21494825367327,-107.50864467754026,-0.13028135742461847,0.48112407981909644,0.057317797647021086,0.8650208424071189,1087,1085,1084,1084,1084,1005,0.9991,0.9982,15.1678,23.8150,1.6769,0,False,6.56,True,0.42875419376287993,0.526335511377769,0.7342620586639658,2.61
754,30,856000000,30.856000000,64.94127072417822,-39.123681228487015,-108.19378053863079,-0.14059466234967768,0.4840115618022049,0.06353031114619527,0.8613534980054578,1084,1081,1080,1080,1080,1019,0.9991,0.9972,11.8384,18.6297,1.4482,0,False,6.56,True,0.19476767615708604,0.36646420209832353,-0.9098184109506728,1.48
755,30,889000000,30.889000000,65.45861947081409,-38.290667814664424,-108.389839016504,-0.14749300455877393,0.4808201961571533,0.07464503247525656,0.8610957389863163,1080,1079,1079,1079,1079,1035,1.0000,0.9991,8.3652,13.2474,1.2101,0,False,6.56,True,0.4155510814127204,0.701754352098261,0.5786692734609887,1.54
756,30,922000000,30.922000000,65.33673373837246,-38.866037871147604,-107.5810787514503,-0.1537211995910132,0.48075528840591913,0.07671439508571963,0.8598598996654476,1079,1077,1077,1077,1077,1077,1.0000,0.9981,4.7598,7.6267,0.9881,0,False,6.56,True,-0.7440421450214593,-0.6583483750988914,0.11392411262114334,0.77
757,30,955000000,30.955000000,64.89180450155452,-39.728363308573485,-107.33934994846464,-0.15636389534497527,0.48200277290390076,0.0754327714272063,0.8587977387838809,1077,1076,1076,1076,1076,1076,1.0000,0.9991,1.1371,2.0875,0.8236,0,False,6.56,True,-0.4258858228715394,-0.7330334406422536,-0.5303614246692638,0.39
758,30,988000000,30.988000000,64.89180450155452,-39.728363308573485,-107.33934994846464,-0.15636389534497527,0.48200277290390076,0.0754327714272063,0.8587977387838809,1076,1076,1076,1076,0,1036,1.0000,1.0000,2.8657,4.3064,0.8345,0,False,6.56,True,0.0,0.0,0.0,0.00
759,31,21000000,31.021000000,65.56736101636427,-40.451468447685656,-107.19532789082191,-0.1501155784105712,0.48289918108605784,0.07293986352923139,0.8596240284759444,1076,1075,1075,1075,887,1075,1.0000,0.9991,7.0921,10.8548,1.0426,0,False,6.56,True,0.24664773428264533,-0.8970813241011784,0.36661968458078514,0.78
760,31,54000000,31.054000000,65.76078147028049,-40.925456427974616,-108.05435287447979,-0.13841839484514687,0.48474523797128627,0.06867262201016733,0.8608986428255668,887,885,885,885,421,884,1.0000,0.9977,11.9103,18.0656,1.2720,0,False,6.56,True,0.842429183603053,-0.3386917535124384,-0.4190476902651574,1.45
761,31,87000000,31.087000000,65.88629643874582,-41.47734970090835,-108.87876770208881,-0.12136317122599004,0.486216695866029,0.06128393894934202,0.8631967239036219,421,421,421,421,201,418,1.0000,1.0000,16.8658,25.3912,1.5755,0,False,6.56,True,0.777906966211601,-0.41563013941781657,-0.4712879577572389,2.15
762,31,120000000,31.120000000,66.538417786548,-41.91339666268404,-108.25860579188566,-0.11581082632617022,0.4766427176842057,0.04894256530263208,0.8700598815517596,201,201,201,201,201,201,1.0000,1.0000,21.2866,29.7379,1.9239,0,False,6.56,True,-0.18557111284520614,-0.658861307612054,0.7290165563340286,2.06
763,31,153000000,31.153000000,67.40229149395229,-42.08051085119569,-107.78342680912903,-0.09512997131355226,0.47148040610949044,0.038838388994753746,0.8758699074366038,201,201,201,201,201,201,1.0000,1.0000,24.9941,34.9849,2.2017,0,False,6.56,True,0.07192076606630958,-0.4043660389115349,0.9117650519642823,2.78
764,31,186000000,31.186000000,68.04681621848214,-42.5676060917112,-107.19408301630786,-0.07370518787688989,0.4673418868102913,0.02553681136944421,0.88062873980907,201,201,201,201,201,201,1.0000,1.0000,28.0028,39.1673,2.4219,0,False,6.56,True,-0.12451287485723422,-0.6551024374178612,0.7452095950026167,2.98
765,31,219000000,31.219000000,68.52052400574546,-43.244771600429814,-106.63101303301276,-0.06579838873528839,0.4560401846581596,0.004605864924827209,0.8875115255730969,201,201,199,199,199,197,0.9900,1.0000,30.4060,46.3162,2.6956,0,False,6.56,True,-0.18322758175331846,-0.782519532627603,0.5950553204040013,2.98
766,31,252000000,31.252000000,68.77290905861645,-43.527085279344114,-107.55654032692968,-0.03165424910357998,0.45546210527266345,-0.008529031461275607,0.8896513557549465,199,199,199,199,199,199,1.0000,1.0000,31.9131,44.7132,2.7708,0,False,6.56,True,0.9117890317159164,-0.19285940355108194,-0.36255484013383726,4.20
767,31,285000000,31.285000000,69.27582625604892,-43.549182750324285,-106.69248824846281,0.004547631641681794,0.45192982300338375,-0.025589732282852155,0.8916747836113085,199,199,197,197,192,197,0.9899,1.0000,32.9787,46.3620,2.9395,0,False,6.56,True,-0.4046050389841444,-0.08429791184569876,0.9105979488704626,4.61
768,31,318000000,31.318000000,69.31487782857205,-43.86076984482664,-107.6419030457053,0.040682104007318226,0.45031610901845115,-0.04005638295996942,0.8910420049336533,192,192,192,192,131,191,1.0000,1.0000,33.6370,46.1472,3.0100,0,False,6.56,True,0.801387996854374,-0.29496373224933725,-0.52035917898628,4.46
769,31,351000000,31.351000000,69.41867833601069,-44.519743298239625,-108.38687246947545,0.07642650178343174,0.44794718579509235,-0.05407341514300757,0.8891447431876185,131,131,131,131,108,127,1.0000,1.0000,32.2247,40.2380,3.2339,0,False,6.56,True,0.6845314242598268,-0.6705985692879047,-0.2858571112808425,4.41
770,31,384000000,31.384000000,69.5104423028971,-44.610149797461276,-109.37854078059551,0.11231502188676921,0.445082088257738,-0.06650234882225002,0.8859259044478999,108,108,108,108,97,104,1.0000,1.0000,32.8825,40.5886,3.1911,0,False,6.56,True,0.8550437587978008,-0.16045039163946279,-0.49310834748934373,4.38
771,31,417000000,31.417000000,69.5104423028971,-44.610149797461276,-109.37854078059551,0.11231502188676921,0.445082088257738,-0.06650234882225002,0.8859259044478999,2000,0,0,0,0,0,0.0000,0.0000,0.0000,0.0000,0.0000,1,False,8.20,True,0.0,0.0,0.0,0.00
772,31,450000000,31.450000000,69.215491879784,-45.56068786200964,-109.47591447185782,0.14247357781168798,0.44263555177442054,-0.0819737739569919,0.8815074295286109,2000,1920,1509,1509,1443,1441,0.7859,0.9600,45.6143,599.5697,7.2443,0,False,8.20,True,-0.0802675022821473,-0.9960060594763583,-0.03910316564886553,3.93
773,31,483000000,31.483000000,68.71226346818442,-46.1537527894513,-110.10443269561713,0.17188189682470745,0.4417154016817339,-0.097367173876135,0.8751364184585506,1443,1434,1355,1355,1354,1247,0.9449,0.9938,34.1894,618.6522,4.6231,0,False,8.20,True,0.21679409103912578,-0.8094778672838744,-0.5456609794259338,3.87
774,31,516000000,31.516000000,68.28923191091896,-47.00589128752984,-110.41249808096576,0.19862514622511163,0.4390302204956331,-0.11303184592662403,0.8689213535096423,1354,1349,1340,1340,1339,1324,0.9933,0.9963,31.2599,97.4964,4.1565,0,False,8.20,True,0.014377613348400351,-0.9881389754209597,-0.15288770221446796,3.64
775,31,549000000,31.549000000,67.87552590639139,-47.829135562853494,-110.80123475914864,0.22571693465361134,0.4353309242687843,-0.12716388449158733,0.8621880295311884,1339,1333,1306,1306,1294,1290,0.9797,0.9955,29.9463,65.1866,4.2134,0,False,6.56,True,0.08852783265575387,-0.9862706902615535,-0.13940211037238223,3.61
776,31,582000000,31.582000000,67.49764394561319,-48.57521324939328,-111.34948042430784,0.25410502299811566,0.4302319398654916,-0.13913606915618024,0.8549691628745857,1294,1283,1202,1202,954,1198,0.9369,0.9915,32.4813,311.1098,6.8797,0,False,6.56,True,0.2375700327138171,-0.9557385903964425,-0.1735633209620535,3.67
777,31,615000000,31.615000000,66.85203574664105,-49.072610927935386,-111.92895052949089,0.2786314018526438,0.4267160166180738,-0.15093173214169395,0.8470522978517573,954,952,952,952,952,952,1.0000,0.9979,27.2711,38.9346,2.5989,0,False,6.56,True,0.09524796697366535,-0.8910736096901826,-0.44375178523707554,3.27
778,31,648000000,31.648000000,67.34067508886706,-49.92770454645279,-112.10228978297872,0.3029736596388979,0.41353290250539215,-0.17772125373168396,0.8400075333486703,952,951,950,950,950,951,0.9989,0.9989,25.2375,36.0738,2.4462,0,False,6.56,True,0.443620971089514,-0.5017201371031343,0.7426152018608352,4.49
779,31,681000000,31.681000000,66.80233758665175,-50.38644641159929,-111.39536076612447,0.3263187242515613,0.40735997554671316,-0.18622164102231256,0.8324034123791011,950,949,948,948,390,928,0.9989,0.9989,23.0088,32.9004,2.2667,0,False,6.56,True,-0.8654537723450378,-0.3852570150873507,0.3202605193584256,3.06
780,31,714000000,31.714000000,65.94854471681673,-49.88132752454048,-111.52142680181744,0.34816994251349503,0.4041121011401237,-0.19454144637481202,0.8231796441146125,390,390,390,390,357,390,1.0000,1.0000,21.8703,29.3483,2.0396,0,False,6.56,True,-0.43270794515781985,-0.17853196219193357,-0.8836799039659073,2.90
781,31,747000000,31.747000000,65.25018204113184,-49.17723286238311,-111.39281778218154,0.36800836109743773,0.40224141109134165,-0.20108728292721703,0.8138400321995554,357,357,357,357,357,357,1.0000,1.0000,18.8038,25.3673,1.8092,0,False,6.56,True,-0.5477740927860547,0.11340059252271616,-0.8289052110391826,2.63
782,31,780000000,31.780000000,64.57354588173936,-49.744661831305834,-111.86205958874814,0.3813211343906584,0.39912191188827834,-0.20788523054163233,0.8075144722172596,357,357,357,357,357,357,1.0000,1.0000,15.6148,21.0806,1.6060,0,False,6.56,True,-0.00855473269763927,-0.9948010842185604,-0.10147718653002072,1.89
783,31,813000000,31.813000000,65.38057535872231,-49.31284138474429,-111.45927611687767,0.3944734123069342,0.39624828029207715,-0.2124904473865095,0.8013899407391984,357,357,357,357,357,357,1.0000,1.0000,12.2388,16.5781,1.3745,0,False,6.56,True,0.14313026634424916,0.9667337115977912,0.2119897585181484,1.78
784,31,846000000,31.846000000,64.8514762129499,-49.80542861716441,-112.15022612404142,0.4012982180899703,0.39488518882944584,-0.21715036653399378,0.7974152908711368,357,357,357,357,357,357,1.0000,1.0000,8.7253,11.8648,1.1382,0,False,6.56,True,0.2532573468925502,-0.9609080537327811,-0.11187684530958703,1.06
785,31,879000000,31.879000000,65.50107134730538,-49.6164102973073,-111.41381710985156,0.40688988389530445,0.39332385782566254,-0.21933886023040614,0.7947499164149878,357,357,357,357,357,357,1.0000,1.0000,5.0981,6.9873,0.9299,0,False,6.56,True,-0.21192617712102071,0.8861684761297055,0.4120591309082051,0.77
786,31,912000000,31.912000000,65.6806698597864,-50.388614571468764,-112.02327993339483,0.4075229254649964,0.3928329966705676,-0.22123520137662228,0.7941424857159565,357,357,357,357,357,357,1.0000,1.0000,1.6198,2.5259,0.7946,0,False,4.92,True,0.6186169741749603,-0.6111241551795501,0.49380188964674626,0.25
787,31,945000000,31.945000000,66.02043255290967,-49.46927219531807,-111.82485889677015,0.4050151634575453,0.3937142816108846,-0.22006903953743448,0.7953121397678737,357,357,357,357,325,357,1.0000,1.0000,2.8733,3.8940,0.8637,0,False,4.92,True,0.01337033031518104,0.8461015605304812,-0.5328539983289488,0.36
788,31,978000000,31.978000000,66.93718008052676,-49.406695764867095,-112.21939427029191,0.3984587142498979,0.3950255514195352,-0.2185913400776049,0.7983754084433508,325,325,325,325,202,325,1.0000,1.0000,6.5106,8.8662,0.9330,0,False,4.92,True,0.8592003505918117,0.46345812789102137,0.21675175024589247,0.86
789,32,11000000,32.011000000,67.55834388423544,-50.099933585369655,-111.85391259744499,0.39315349591770127,0.38322924262366,-0.22384559829545528,0.8052694110479645,202,202,202,202,202,202,1.0000,1.0000,10.2873,13.8616,1.1799,0,False,3.28,True,0.09747827190913325,0.17490909234209875,0.9797473122809128,1.78
790,32,44000000,32.044000000,67.6334064218616,-50.84678950123581,-112.51464844207642,0.3683821851322977,0.3867689344126233,-0.23871119426508916,0.8110001990030659,202,202,202,202,202,202,1.0000,1.0000,14.5425,19.6313,1.5099,0,False,3.28,True,0.6137951253048587,-0.696457475271196,0.37175600774010925,3.40
791,32,77000000,32.077000000,66.76739994548508,-50.932928363814725,-112.02209095383006,0.3481795881483479,0.39212731960759417,-0.23136935896207522,0.8194360007637502,202,202,202,202,176,201,1.0000,1.0000,18.5736,25.1261,1.8527,0,False,3.28,True,-0.8950414987003869,-0.43166757254875376,-0.11208845798757304,2.72
792,32,110000000,32.110000000,67.23279481387506,-50.13513987973029,-112.40541999152293,0.32423480355805384,0.39842177342196683,-0.22194219525217895,0.8287783446685903,176,176,176,176,176,176,1.0000,1.0000,21.7678,30.1844,2.2179,0,False,3.28,True,0.4958878526172164,0.673316324141032,-0.5483979989678066,3.22
793,32,143000000,32.143000000,66.52594890361419,-49.42792620025322,-112.42017365913286,0.2936318277772792,0.42982769490998396,-0.18601425141381883,0.8333229870077391,176,176,176,176,176,176,1.0000,1.0000,25.0400,34.7777,2.4798,0,False,3.28,True,-0.47838585450944104,0.04086563128404271,-0.8771983666110126,6.52
794,32,176000000,32.176000000,65.70067671745342,-48.863192115391236,-112.41906363909214,0.256347228351421,0.4748332016334402,-0.1377930843363951,0.8305616142419202,176,176,176,176,176,176,1.0000,1.0000,27.5212,38.1803,2.7414,0,False,3.28,True,-0.4966639197272566,-0.035531424380189365,-0.8672153531405403,8.69
795,32,209000000,32.209000000,65.2033496548991,-49.5862952968889,-111.93970199924277,0.22594141655945307,0.481075162379179,-0.12571440927079514,0.8376831451847705,176,176,176,176,94,176,1.0000,1.0000,29.4600,40.9299,2.9336,0,False,3.28,True,-0.6766681922595474,-0.6941177884016447,0.2456026331467268,3.90
796,32,242000000,32.242000000,65.2033496548991,-49.5862952968889,-111.93970199924277,0.22594141655945307,0.481075162379179,-0.12571440927079514,0.8376831451847705,2000,0,0,0,0,0,0.0000,0.0000,0.0000,0.0000,0.0000,1,False,4.92,True,0.0,0.0,0.0,0.00
797,32,275000000,32.275000000,65.76794618191727,-48.85996502978632,-111.54768783525157,0.19671426620806926,0.48465599811448756,-0.10981115264343391,0.8451943987728451,2000,1844,1366,1366,1238,1269,0.7408,0.9220,46.9206,522.6523,7.9244,0,False,4.92,True,-0.047887657835061936,0.9718404676842065,0.2307225121188104,3.93
798,32,308000000,32.308000000,66.2307907045421,-48.06758714054463,-111.15030611886661,0.16740134831595269,0.4878986096649714,-0.09373252415745681,0.8515550182953892,1238,1205,1171,1171,1157,1092,0.9718,0.9733,34.2145,529.7394,4.0720,0,False,4.92,True,-0.10447547509740368,0.9759534802087658,0.1913104272421392,3.92
799,32,341000000,32.341000000,66.64751186933084,-47.23448585880786,-110.7865950725872,0.13735061199610474,0.49058966158793776,-0.07764239425861393,0.856987894862651,1157,1143,1118,1118,1063,1101,0.9781,0.9879,33.5127,531.0243,3.9247,0,False,4.92,True,-0.09954265358705885,0.9767940126104759,0.18964365806736597,3.97
800,32,374000000,32.374000000,67.02078331428162,-46.35191056710548,-110.50071173473623,0.10800223283249145,0.49219944705170915,-0.06068063065052571,0.8616223552630483,1063,1036,1032,1032,1031,954,0.9961,0.9746,33.9238,353.8769,3.4434,0,False,4.92,True,-0.05590041707643525,0.9841350086418299,0.16838476218537635,3.93
801,32,407000000,32.407000000,67.16013941913413,-45.36205977110706,-110.47286792570019,0.07697002835064501,0.49453345228449574,-0.044226594897934624,0.8646133746426857,1031,1021,1008,1008,971,953,0.9873,0.9903,33.5778,132.0790,3.4992,0,False,4.92,True,0.04855936875409729,0.9923760671831511,-0.11327722184228256,4.05
802,32,440000000,32.440000000,67.76205850120722,-44.56760819061111,-110.39199701075678,0.050604037366677984,0.48940546215551184,-0.024967579447005523,0.8702287888774418,971,967,912,912,912,950,0.9431,0.9959,33.5772,59.1358,3.3489,0,False,4.92,True,0.2351640044396475,0.8810133466012586,0.4105038052519856,3.84
803,32,473000000,32.473000000,67.72765829515394,-43.56916179932494,-110.43583112476745,0.021613825545640043,0.4904252663527293,-0.008550167765926127,0.8711732292140936,912,910,900,900,900,833,0.9890,0.9978,33.2437,61.8940,3.2412,0,False,4.92,True,0.02563713145383201,0.9860998109605019,-0.1641642479789114,3.82
804,32,506000000,32.506000000,67.7498079193264,-43.97268727948673,-109.52113085636844,-0.013877630971941437,0.49013301612024696,0.003416077341368629,0.8715304746726152,900,899,880,880,828,863,0.9789,0.9989,32.1641,56.2321,3.1295,0,False,4.92,True,-0.7729925577516594,-0.3755145057955211,0.51134270464894,4.29
805,32,539000000,32.539000000,67.39628203124003,-43.15291276292348,-109.97167407121715,-0.041386825701487134,0.4913894797152702,0.019092007410415144,0.8697465177490229,828,816,804,804,802,802,0.9853,0.9855,33.2229,683.1631,3.2351,0,False,4.92,True,0.19502301951538362,0.8357436781556016,-0.5133210752365897,3.64
806,32,572000000,32.572000000,68.12753784731134,-42.60732680748832,-109.56228318625048,-0.07488652359344415,0.4873519160514459,0.039597469643627835,0.8690869685496929,802,802,799,799,799,759,0.9963,1.0000,28.3584,38.7498,2.8322,0,False,4.92,True,0.022925855317709555,0.4674992865919962,0.8836961141670397,4.53
807,32,605000000,32.605000000,68.15587865521582,-41.77047488982726,-109.01558796355843,-0.10245627885858581,0.48530705379895683,0.05463057940106411,0.8665998351313783,799,799,799,799,799,773,1.0000,1.0000,26.4452,36.0871,2.6550,0,False,3.28,True,-0.4550451055733962,0.7707613419999748,0.44593823066888355,3.62
808,32,638000000,32.638000000,67.72763984337419,-40.97219327186038,-109.43909472672594,-0.12496699578545917,0.4844447567247296,0.06689860793222456,0.8632618976318862,799,799,799,799,799,770,1.0000,1.0000,24.2324,33.1163,2.4949,0,False,3.28,True,0.1332046954928089,0.912640213263323,-0.3864509674374544,2.96
809,32,671000000,32.671000000,67.52611252358882,-40.22497719971308,-108.80580578721661,-0.14827959441279298,0.48258584105812097,0.078083609997343,0.8596668062341284,799,799,795,795,795,799,0.9950,1.0000,21.7894,29.7800,2.2893,0,False,3.28,True,-0.6495742900625303,0.6692779175577901,0.36072192996720837,3.00
810,32,704000000,32.704000000,68.02860420739593,-39.42815648907067,-108.47027804947199,-0.1711466684569469,0.48012399243191517,0.09148702915056901,0.8554647235652262,795,795,795,795,765,795,1.0000,1.0000,19.1772,26.2982,2.0874,0,False,3.28,True,-0.030913754337335547,0.5524370310587468,0.8329811921692879,3.09
811,32,737000000,32.737000000,68.06027265795937,-39.6185252730074,-109.45147977966886,-0.18816562356590757,0.47785969145403934,0.09864385839765216,0.8523574382804009,765,765,765,765,346,763,1.0000,1.0000,16.3476,22.5724,1.8881,0,False,3.28,True,0.8547687806511439,0.01492527037099705,-0.518794340686663,2.16
812,32,770000000,32.770000000,67.15120893240397,-39.568971685635596,-109.86517965259354,-0.19682246853299754,0.48714304065296665,0.10506322711343587,0.8443425206232775,346,346,346,346,346,346,1.0000,1.0000,13.6947,17.5655,1.4891,0,False,3.28,True,-0.12441791462536024,0.45512825801882306,-0.8816906777736896,1.87
813,32,803000000,32.803000000,66.97418010935276,-39.22778451896071,-108.94200463500184,-0.20812752231462872,0.4856867446807716,0.11017397366632735,0.8418153099244157,346,346,346,346,243,339,1.0000,1.0000,10.4183,13.4170,1.2250,0,False,3.28,True,-0.8916061951551096,0.16023684563001814,0.4235121557447559,1.46
814,32,836000000,32.836000000,66.63743545809068,-38.57332418453393,-108.2650373459041,-0.21558855406366098,0.4847875913811527,0.11390974476112782,0.8399566278374467,243,243,243,243,188,243,1.0000,1.0000,6.7444,8.8255,1.0576,0,False,3.28,True,-0.7652275251904614,0.5476497754293214,0.338388176748384,0.98
815,32,869000000,32.869000000,66.71542426704956,-39.0346772021554,-109.14881963742657,-0.21962690480851263,0.48438758749167304,0.1160799711891653,0.8388433274795429,188,188,188,188,19,188,1.0000,1.0000,3.4385,4.4776,0.7980,0,False,3.28,True,0.8106201949038306,-0.21524936664190034,-0.5445756235586905,0.54
816,32,902000000,32.902000000,66.71542426704956,-39.0346772021554,-109.14881963742657,-0.21962690480851263,0.48438758749167304,0.1160799711891653,0.8388433274795429,2000,0,0,0,0,0,0.0000,0.0000,0.0000,0.0000,0.0000,1,False,4.92,True,0.0,0.0,0.0,0.00
817,32,935000000,32.935000000,67.37441808671785,-39.369923469166196,-108.47551652136792,-0.21693706660081777,0.4848262184035411,0.1149959281073011,0.8394389695516254,2000,2000,1999,1999,1468,1975,0.9995,1.0000,3.7977,16.6777,3.1768,0,False,4.92,True,-0.24345538538272882,-0.7347917717828848,0.6330959859676223,0.34
818,32,968000000,32.968000000,68.12099605150901,-39.4780831120312,-107.81906939162815,-0.2108305409035551,0.48462755869985547,0.11195698485428807,0.8415178226949618,1468,1465,1418,1418,1417,1416,0.9679,0.9980,14.5667,631.3027,1.8739,0,False,4.92,True,-0.18935052967202773,-0.5621887467255577,0.8050404896451292,0.82
819,33,1000000,33.001000000,68.04128397161013,-40.45274369089799,-107.61006522822164,-0.2006837843259043,0.4871199738193181,0.10295817923958318,0.843705969602308,1417,1409,1399,1399,1399,1400,0.9929,0.9944,12.9606,48.0374,1.4779,0,False,4.92,True,-0.20509321244611783,-0.8837536796809053,-0.4206140842375483,1.60
820,33,34000000,33.034000000,68.47750311720019,-40.4877259011451,-106.710905007801,-0.18475281551214595,0.48914985801848815,0.09587568503195194,0.8469986225375351,1399,1395,1388,1388,1211,1377,0.9950,0.9971,17.6316,58.5041,1.8029,0,False,4.92,True,-0.5555258995400812,-0.406792507735982,0.7251970977534689,2.05
821,33,67000000,33.067000000,68.11157575620362,-40.07454290430892,-107.54479767331591,-0.1627687115477091,0.492524388734292,0.08761042230906577,0.850441348327936,1211,1209,1205,1205,1140,1204,0.9967,0.9983,21.3944,37.9926,2.0677,0,False,4.92,True,0.5288561092116709,0.6857194524998683,-0.5001000382051315,2.75
822,33,100000000,33.100000000,68.63663690298196,-40.842879219528236,-107.17877841308635,-0.140331607911089,0.4945146583679286,0.07623289522203165,0.8543716042603512,1140,1134,1132,1132,1132,1132,0.9982,0.9947,24.5957,41.3275,2.3137,0,False,4.92,True,-0.04610345997025538,-0.9480020860247174,0.3149071543670536,2.93
823,33,133000000,33.133000000,67.95788661247556,-41.53172483806695,-107.43331673428278,-0.11022968876564032,0.4971746010352844,0.05997464990560459,0.8585277358179734,1132,1132,1130,1130,800,1129,0.9982,1.0000,27.5023,107.4474,2.5554,0,False,4.92,True,-0.11248544230451814,-0.42924297739616607,-0.8961570686133272,3.96
824,33,166000000,33.166000000,67.18975631243518,-42.169554293025385,-107.48943650394826,-0.0792601295644432,0.5059150408945721,0.03500918140479597,0.8582203449437895,800,798,782,782,782,782,0.9799,0.9975,29.1654,50.8843,2.8888,0,False,4.92,True,-0.32999053692755753,-0.44717167770135324,-0.8313505495277064,4.67
825,33,199000000,33.199000000,66.45468896954014,-42.70928752076208,-107.89975838282649,-0.04374074296786586,0.5081644349068108,0.013817327684704473,0.8600376363602434,782,773,766,766,766,766,0.9909,0.9885,30.7050,59.9813,2.9406,0,False,4.92,True,0.012457388104635883,-0.387219564377368,-0.9219033693641714,4.75
826,33,232000000,33.232000000,66.9076451469569,-43.50635476195809,-107.50036570093039,-0.017636607311986126,0.5045848780537653,-0.004744442081090765,0.8631688949396455,766,763,751,751,751,751,0.9843,0.9961,31.4527,47.7740,3.1285,0,False,4.92,True,-0.11424603624615784,-0.8490550099012989,0.5158036771520216,3.71
827,33,265000000,33.265000000,67.20000916312055,-44.02524306324186,-106.69707359164293,0.014908434719705982,0.5025574733889591,-0.02195105733895903,0.8641364913003129,751,749,743,743,743,743,0.9920,0.9973,32.4590,66.6414,3.1189,0,False,4.92,True,-0.5426394728862205,-0.5496548697961158,0.6351550413679952,4.23
828,33,298000000,33.298000000,67.99209891816457,-44.04322525641043,-106.08693388576965,0.0547740241866337,0.49977445463975145,-0.04438547437436478,0.8632816634381294,743,741,735,735,346,733,0.9919,0.9973,32.6974,49.3932,3.1965,0,False,4.92,True,-0.13870772899528633,0.02622123862088363,0.9899861678640549,5.25
829,33,331000000,33.331000000,67.79791077399389,-45.02418856768521,-106.08832909054783,0.07636197942420332,0.4990875515213933,-0.06374172310871577,0.8608237082875505,346,346,343,343,343,334,0.9913,1.0000,32.5558,79.5063,3.1837,0,False,4.92,True,-0.07373742691960099,-0.9967952115266007,-0.031017707022213795,3.34
830,33,364000000,33.364000000,67.19716207788606,-45.67091266569415,-106.55827477377012,0.10521756713044053,0.5003493717065035,-0.08267868718974812,0.8554203671205393,343,343,341,341,340,327,0.9942,1.0000,32.4608,82.8411,3.1747,0,False,4.92,True,0.13346604326374845,-0.7775263121801995,-0.614523920741071,4.01
831,33,397000000,33.397000000,66.7298904271029,-46.492838048304755,-106.88399838328405,0.12473928195536156,0.5016523515689616,-0.1044340557785855,0.84963436706399,340,340,339,339,339,337,0.9971,1.0000,32.2106,83.1139,3.1201,0,False,4.92,True,0.08729149610654804,-0.9394693638247344,-0.3313268916677753,3.42
832,33,430000000,33.430000000,67.14784580868003,-45.65177693644903,-106.5405897271108,0.18922301184482568,0.4872556404607379,-0.10446247051261837,0.8460875751847261,339,339,339,339,339,339,1.0000,1.0000,31.5308,43.1660,3.0494,0,False,3.28,True,-0.14720177329520767,0.9598289363765006,0.2388724572509394,7.58
833,33,463000000,33.463000000,66.84765044368831,-46.53932222693857,-106.8900837902468,0.20200792623158034,0.48592814526395833,-0.1327088935545106,0.8399136770832365,339,339,337,337,337,337,0.9941,1.0000,30.6879,69.1575,3.0120,0,False,3.28,True,0.14410913782798154,-0.9893672505634432,-0.019621414500711407,3.63
834,33,496000000,33.496000000,66.57613436133296,-47.45103025989567,-106.5817536430605,0.23102747564674725,0.4800984045460991,-0.14882313510577683,0.833056721901858,337,337,336,336,336,336,0.9970,1.0000,29.3918,76.1588,2.8910,0,False,3.28,True,-0.3776858657638102,-0.8541577597735679,0.3574463711115851,3.94
835,33,529000000,33.529000000,66.98063507970805,-46.79865559275139,-105.94082738950054,0.2740033375149294,0.46845881284591534,-0.15223086879902786,0.8260110618401963,336,336,336,336,336,336,1.0000,1.0000,27.7016,38.0780,2.7461,0,False,3.28,True,-0.37367939776274767,0.8989829739953339,0.2284585742627641,5.18
836,33,562000000,33.562000000,67.33304966194831,-46.205347867699444,-106.664560700616,0.30199619688835644,0.4627793092118756,-0.16473323062392273,0.817004633254031,336,336,336,336,185,336,1.0000,1.0000,25.8976,35.6249,2.6064,0,False,3.28,True,0.8049829685173857,0.4314396403663124,-0.4072619023644672,3.72
837,33,595000000,33.595000000,66.53359726156854,-46.77450727731608,-106.85674141237416,0.32595258152804524,0.45720601813557055,-0.17556888334335255,0.8086365925292942,185,185,185,185,163,185,1.0000,1.0000,22.2718,32.8356,2.5491,0,False,3.28,True,-0.2550729429237731,-0.938636909863956,-0.23216060223313,3.23
838,33,628000000,33.628000000,67.04285363741015,-46.13052419887635,-107.42765623820021,0.34845647867404855,0.451649348274325,-0.18551638839955564,0.8001091289996917,163,163,163,163,93,163,1.0000,1.0000,20.7004,29.6437,2.3516,0,False,3.28,True,0.7615355534882323,0.5545240079626746,-0.3355096501836917,3.05
839,33,661000000,33.661000000,67.04285363741015,-46.13052419887635,-107.42765623820021,0.34845647867404855,0.451649348274325,-0.18551638839955564,0.8001091289996917,2000,0,0,0,0,0,0.0000,0.0000,0.0000,0.0000,0.0000,1,False,4.92,True,0.0,0.0,0.0,0.00
840,33,694000000,33.694000000,66.47193351255947,-46.413222518165334,-108.19845573956984,0.3636980886775388,0.4480052318660774,-0.1933797633817345,0.7934855257831436,2000,1978,1862,1862,1441,1847,0.9414,0.9890,30.9527,697.8969,5.7596,0,False,4.92,True,0.35298151722973115,-0.844412762069507,-0.4029530192818304,2.15
841,33,727000000,33.727000000,66.35869727833541,-46.74723610430771,-107.26271406606638,0.37743932288035387,0.44402858013276686,-0.1994411897353967,0.787782577495738,1441,1429,1421,1421,590,1422,0.9944,0.9917,15.3431,36.4122,1.7228,0,False,4.92,True,-0.862565183813727,0.08563356491302748,0.4986463639019918,1.90
842,33,760000000,33.760000000,65.6634026365081,-47.22999003242456,-106.73025373333351,0.3877145816237477,0.4411848471083868,-0.20440047645581688,0.7831052158572989,590,589,589,589,349,589,1.0000,0.9983,10.7854,16.8328,1.5595,0,False,4.92,True,-0.8285981972856331,-0.5360040574146085,0.16163130232128942,1.45
843,33,793000000,33.793000000,65.22414078709951,-46.91382712617993,-107.57114019675713,0.39310830796108004,0.4426988268833048,-0.20857544997553937,0.778447100679053,349,349,349,349,349,349,1.0000,1.0000,7.3047,11.6107,1.4111,0,False,4.92,True,0.4897107083080794,-0.4551683022450981,-0.7436432200993389,0.96
844,33,826000000,33.826000000,65.37414509596256,-47.792307743196794,-108.02475954472209,0.3974226655259869,0.440610430198256,-0.21990839138058543,0.7743112895516443,349,349,349,349,349,334,1.0000,1.0000,4.2104,7.0437,1.2565,0,False,4.92,True,0.44470133116578253,-0.623471686108687,0.6430581487549721,1.49
845,33,859000000,33.859000000,65.36635611254432,-46.80554272972258,-107.86278997992508,0.39790309136161944,0.44036922240248516,-0.22036324385964193,0.7740724246484649,349,349,349,349,124,349,1.0000,1.0000,1.1484,2.6945,1.1259,0,False,4.92,True,-0.1333065681208168,0.6425342048112227,-0.7545721665576196,0.09
846,33,892000000,33.892000000,65.04287092881025,-46.464435501429726,-108.74540155627726,0.3938523362729346,0.44601493512525664,-0.22084215007723204,0.7727740676335028,124,123,122,122,122,121,0.9919,0.9919,3.3709,49.6585,1.2043,0,False,4.92,True,0.5930713971721651,-0.39615683922702427,-0.7009465575847489,0.81
847,33,925000000,33.925000000,65.63030765662603,-46.980565747324505,-108.12208168647872,0.3903617101054934,0.4458646652969876,-0.21971675291257806,0.7749496654703925,122,114,111,111,110,110,0.9737,0.9344,10.3651,146.2363,1.4595,0,False,4.92,True,-0.24685395648346728,0.35785969843057536,0.9005551401261536,0.49
848,33,958000000,33.958000000,65.1234254255858,-46.37480920129845,-108.73537558894493,0.37862557277087555,0.45510069315396157,-0.21438050708300846,0.7768957670868998,110,110,110,110,110,110,1.0000,1.0000,11.1167,13.6019,1.4185,0,False,4.92,True,0.27718482367195674,-0.2372947095308842,-0.931053056680767,1.83
849,33,991000000,33.991000000,65.6388388694372,-46.875109973659484,-108.03963992141583,0.3865939299085046,0.4248122177045133,-0.21557880354581022,0.7896869585529626,110,110,110,110,110,110,1.0000,1.0000,16.0787,19.7814,1.6461,0,False,4.92,True,-0.35615097783047256,0.31198603993731316,0.8808071252406122,3.88
850,34,24000000,34.024000000,66.14631293772891,-46.73083638871526,-107.19013700635386,0.37697727013656035,0.42304739351900494,-0.2042700256156107,0.7982435701414454,110,110,110,110,110,110,1.0000,1.0000,20.9052,25.8288,1.9345,0,False,4.92,True,-0.4361528940507436,0.7902986788392923,0.43034712876470993,1.97
851,34,57000000,34.057000000,66.3816154537251,-46.070337202232025,-106.47713381518231,0.36600361847768687,0.4217540391809015,-0.1755628875277923,0.8107666459707985,110,110,110,110,110,110,1.0000,1.0000,25.3412,31.2058,2.2723,0,False,4.92,True,-0.4646492044315703,0.8753204008973936,-0.13384809521967364,3.81
852,34,90000000,34.090000000,65.91195598204934,-45.8915988856153,-107.34169878951231,0.3355863718768569,0.4361588050879117,-0.16764998211744545,0.8179491226542352,110,108,103,103,103,101,0.9537,0.9818,29.7638,55.0132,3.1290,0,False,4.92,True,0.43304709209632986,-0.5439425584164296,-0.718746623762715,4.05
853,34,123000000,34.123000000,66.68497303235884,-45.26261575398959,-107.42431150076864,0.31166822431292684,0.44361277048926984,-0.15735925918089808,0.8254142543974512,103,102,86,86,79,81,0.8431,0.9903,36.1785,83.3408,4.3863,0,False,4.92,True,0.5153186076820475,0.8569823737268542,-0.005286179917702222,3.22
854,34,156000000,34.156000000,66.68497303235884,-45.26261575398959,-107.42431150076864,0.31166822431292684,0.44361277048926984,-0.15735925918089808,0.8254142543974512,2000,0,0,0,0,0,0.0000,0.0000,0.0000,0.0000,0.0000,1,False,6.56,True,0.0,0.0,0.0,0.00
855,34,189000000,34.189000000,67.34233657629137,-44.75551295481766,-106.86688893019902,0.28267125507036484,0.44970383342570175,-0.14485444298240302,0.8347937554315024,2000,1935,1587,1587,1110,1540,0.8202,0.9675,46.2768,1148.7792,8.1422,0,False,6.56,True,-0.08832024845961028,0.9449881085209086,0.3149555658598657,3.84
856,34,222000000,34.222000000,67.85412991658059,-43.92789163335714,-106.6364317213737,0.2555529662579469,0.4543345635596478,-0.12881099244360508,0.8436115895467075,1110,1097,1045,1045,1043,1044,0.9526,0.9883,33.6610,210.1399,3.5016,0,False,6.56,True,0.10166134789232863,0.9932614675291667,-0.05564734914190659,3.79
857,34,255000000,34.255000000,68.3916046586084,-43.09728450362835,-106.49078592594576,0.227014440939339,0.4582831759033324,-0.11311394558471577,0.8518487011219849,1043,1025,997,997,996,992,0.9727,0.9827,33.9666,67.6348,3.3700,0,False,4.92,True,0.18887198572820452,0.9819254420981127,-0.012239247015672798,3.88
858,34,288000000,34.288000000,69.10662983570558,-43.55002992413711,-105.9580941010362,0.1864920997168791,0.461225886594514,-0.09314408970984206,0.8624474226469803,996,983,959,959,730,958,0.9756,0.9869,34.1119,57.5832,3.3439,0,False,4.92,True,-0.05384149918100463,0.04287537053747821,0.9976285859813839,5.33
859,34,321000000,34.321000000,69.26716815300465,-42.563539709365365,-105.99072085138594,0.1550426440882831,0.46568428435733367,-0.07676432085399984,0.867875085977548,730,724,718,718,716,713,0.9917,0.9918,33.8066,48.3666,3.2539,0,False,4.92,True,0.12775318609362554,0.9464721672789389,-0.2964280013919664,4.14
860,34,354000000,34.354000000,69.49434862832202,-41.590840631896086,-105.9433337611082,0.1265143457267094,0.4682691325610707,-0.05923521367780679,0.8724731109188351,716,714,710,710,709,692,0.9944,0.9972,33.9163,51.0538,3.2743,0,False,4.92,True,0.0973914999427961,0.9869116519360002,-0.12853126861525854,3.88
861,34,387000000,34.387000000,70.29755067933566,-41.84301672342292,-105.4036359900273,0.08487466530944011,0.4716926649657691,-0.037188011823790355,0.8768804780485735,709,708,704,704,374,704,0.9944,0.9986,33.6995,53.4690,3.2505,0,False,4.92,True,-0.007572631850822226,0.025058559820241036,0.9996573031927428,5.44
862,34,420000000,34.420000000,69.39136115945031,-41.432432080941595,-105.30243912540972,0.048854145490362814,0.482360573564555,-0.017513574030887966,0.8744340022343279,374,373,370,370,369,369,0.9920,0.9973,33.6068,85.7709,3.2490,0,False,4.92,True,-0.5786947714824832,0.2833876093962927,-0.7647246722183683,4.87
863,34,453000000,34.453000000,68.64251043019082,-41.035673270639876,-105.833292242322,0.015598830024717562,0.4923917535491786,0.004393140553559646,0.8702228093165001,369,368,361,361,361,367,0.9810,0.9973,32.2458,55.5028,3.0688,0,False,4.92,True,0.05535674638115459,0.3000045511384836,-0.9523302473020004,4.73
864,34,486000000,34.486000000,69.42154517119987,-40.47342130764733,-105.5558438643992,-0.018390105628449508,0.48565446849252025,0.02964925182817496,0.8734543280070525,361,361,361,361,361,361,1.0000,1.0000,30.7027,41.5516,2.9655,0,False,4.92,True,0.1764573134063158,0.5766999897996621,0.7976715729612625,4.93
865,34,519000000,34.519000000,70.10366750622237,-40.058490403108074,-104.95372970203321,-0.05325657358300559,0.48558917290685694,0.047990763450835715,0.8712426637563374,361,361,361,361,361,361,1.0000,1.0000,29.0105,39.3457,2.8264,0,False,4.92,True,-0.13825523686039756,0.36440274866283207,0.9209213463959058,4.52
866,34,552000000,34.552000000,70.83383451776832,-39.582157582138244,-104.46386933527862,-0.08574471174628957,0.4847569823678569,0.06521831824829091,0.8679891032829962,361,361,361,361,361,361,1.0000,1.0000,26.9574,36.5807,2.6629,0,False,4.92,True,-0.01933322308887743,0.34998514037454176,0.9365557260526509,4.23
867,34,585000000,34.585000000,70.37247584626563,-38.89837671731852,-105.02919393684452,-0.10168957206697914,0.4864635523742056,0.07960087786149063,0.8641042433572372,361,361,361,361,361,361,1.0000,1.0000,24.6613,33.4656,2.5241,0,False,4.92,True,0.2620265720984376,0.8069000807718909,-0.5293905318048845,2.51
868,34,618000000,34.618000000,71.0853954379996,-38.36308701218832,-104.57619218485729,-0.1278670055524539,0.4858476160361024,0.09263707465039482,0.8596630126295431,361,361,361,361,205,361,1.0000,1.0000,22.1650,30.0770,2.3185,0,False,4.92,True,-0.001033794329356416,0.3042998576155523,0.9525757334324864,3.39
869,34,651000000,34.651000000,71.78446579401451,-37.65226728290332,-104.49850080952915,-0.1503986052844536,0.4790824279925425,0.11118127399318296,0.857612389737062,205,205,205,205,205,205,1.0000,1.0000,20.5158,26.5188,2.0703,0,False,4.92,True,0.3152021992868111,0.46708811694636615,0.8261212166336458,3.44
870,34,684000000,34.684000000,71.03532084579236,-38.164360976798285,-104.07833192059726,-0.17105116589509012,0.4831074038447668,0.11163975269923318,0.8514019618332775,205,205,205,205,205,205,1.0000,1.0000,17.5131,22.6057,1.8719,0,False,4.92,True,-0.7699161216840948,-0.289076500194684,-0.5689147059147927,2.51
871,34,717000000,34.717000000,70.80447281107902,-37.4475704461193,-104.73629888025248,-0.1717684928270366,0.4856414221449958,0.1298850143687161,0.8472177270403121,205,205,205,205,205,205,1.0000,1.0000,14.3276,18.4975,1.6457,0,False,4.92,True,0.4668569007096909,0.8596860898456985,-0.20732694273913252,2.17
872,34,750000000,34.750000000,71.4671431426157,-36.6988420573101,-104.75284673486513,-0.18326471474970357,0.4753749017531765,0.14850306112161674,0.847572762627715,205,205,205,205,205,205,1.0000,1.0000,10.9922,14.2610,1.4378,0,False,4.92,True,0.38195545816379856,0.4256144086870139,0.8203428570402049,2.77
873,34,783000000,34.783000000,72.04452011877684,-37.20310583019885,-105.39499459537001,-0.19170588123179966,0.4749257187994024,0.15262299342339075,0.8452222421366429,205,205,205,205,78,205,1.0000,1.0000,7.4905,9.6992,1.2354,0,False,4.92,True,0.8042944428848282,-0.585271798479724,-0.10279771908409883,1.11
874,34,816000000,34.816000000,72.04452011877684,-37.20310583019885,-105.39499459537001,-0.19170588123179966,0.4749257187994024,0.15262299342339075,0.8452222421366429,2000,0,0,0,0,0,0.0000,0.0000,0.0000,0.0000,0.0000,1,False,6.56,True,0.0,0.0,0.0,0.00
875,34,849000000,34.849000000,72.93793442027649,-37.59193058034204,-105.61999726102528,-0.19254450757930197,0.475014035785524,0.1533535532499665,0.8448496707186449,2000,1930,1872,1872,512,1867,0.9699,0.9650,14.1409,1188.6401,4.2034,0,False,6.56,True,0.6130567756354905,-0.695018303226444,0.37564737191633707,0.13
876,34,882000000,34.882000000,73.63634476616939,-38.295319502668065,-105.48783443456198,-0.19009116270564064,0.47559007299847783,0.15204967913204848,0.8453167024271799,512,507,507,507,503,507,1.0000,0.9902,4.4464,6.7423,0.7696,0,False,6.56,True,0.18290444043214302,-0.9506227663754938,0.2507235962545367,0.33
877,34,915000000,34.915000000,74.27169426857309,-38.94044595635384,-105.0634020270456,-0.18408150952004934,0.47692441065395225,0.14883078396579982,0.8464670709007679,503,502,493,493,488,493,0.9821,0.9980,10.5002,95.8360,1.3960,0,False,4.92,True,-0.09643181952649256,-0.9218928857504444,0.3752524635302584,0.81
878,34,948000000,34.948000000,74.98094664150976,-39.50293558586067,-104.63847087005551,-0.17377595994661957,0.4788148690104141,0.14375147903682398,0.8484537401849888,488,483,461,461,449,458,0.9545,0.9898,17.2308,344.5058,2.1581,0,False,4.92,True,-0.054150846202876406,-0.8747886212244087,0.4814691620777083,1.35
879,34,981000000,34.981000000,75.07966873170126,-39.965564936608395,-105.51950891278405,-0.15618543068682939,0.48262458192247354,0.13665648792205023,0.8508846152529365,449,429,424,424,348,424,0.9883,0.9555,21.3562,66.4314,1.5843,0,False,4.92,True,0.7733772672718077,-0.3175608139211813,-0.5486736114748987,2.23
880,35,14000000,35.014000000,75.74346150177143,-40.52796978653664,-105.0264775312476,-0.13768096162812077,0.48482874641540963,0.1268983010600212,0.8543312359047271,348,344,340,340,340,339,0.9884,0.9885,26.0045,67.0348,1.9058,0,False,4.92,True,-0.14221508457999915,-0.8344117297086933,0.5324771685644841,2.44
881,35,47000000,35.047000000,75.85653963535451,-41.00680005565624,-105.89707210341088,-0.11225253104285395,0.48888184650366157,0.11586754358324346,0.8573031096278776,340,336,321,321,224,320,0.9554,0.9882,30.6570,171.2337,2.4644,0,False,4.92,True,0.7680079388285882,-0.3871872613997768,-0.5101468715046723,3.23
882,35,80000000,35.080000000,75.1303987147521,-41.66156936390012,-106.10682556919518,-0.08121255364969521,0.4944867641976223,0.09562772705040123,0.8600829605231314,224,220,214,214,214,214,0.9727,0.9821,34.1209,495.5742,3.3296,0,False,4.92,True,-0.23647636758183171,-0.38012050241045947,-0.8941964723831793,4.31
883,35,113000000,35.113000000,75.18237668349578,-42.645254306222796,-105.93459832102315,-0.05722834235498793,0.498852982977395,0.08040418839441864,0.8610492347679602,214,213,208,208,208,208,0.9765,0.9953,34.4357,89.5098,2.6052,0,False,4.92,True,-0.20636826444326176,-0.973215014011358,-0.10131473700083288,3.30
884,35,146000000,35.146000000,74.45997237208888,-43.20988153513252,-106.33375756648097,-0.022627259870038663,0.5042590757643404,0.05885336147060345,0.8612473938791789,208,208,204,204,204,200,0.9808,1.0000,36.6288,94.9475,2.7034,0,False,4.92,True,-0.05287828421703944,-0.4050364561454002,-0.9127701552151217,4.71
885,35,179000000,35.179000000,74.4294163415819,-43.32306583073604,-107.32686161149759,0.012500874951278308,0.5061691033537346,0.04448410506075951,0.8611955244498616,204,204,203,203,203,201,0.9951,1.0000,36.9558,48.5376,2.6825,0,False,4.92,True,0.8415428315306154,-0.12872823626320748,-0.524628157734598,4.35
886,35,212000000,35.212000000,74.47405490439368,-43.270462864387454,-108.32447893624762,0.04852415217565522,0.5070764439601698,0.02988124027799026,0.8600151150507714,203,200,197,197,197,197,0.9850,0.9852,38.4849,90.7695,2.8272,0,False,4.92,True,0.8949188793093221,-0.01688266971011896,-0.4459093797165585,4.46
887,35,245000000,35.245000000,74.35145118755038,-42.926713565928885,-109.25550243134612,0.08499231999421245,0.5080003832863049,0.01607959591296358,0.8570025453394199,197,195,194,194,186,194,0.9949,0.9898,38.4128,49.0078,2.7991,0,False,4.92,True,0.784574850935405,0.23586474350471381,-0.5734196770700696,4.48
888,35,278000000,35.278000000,74.15135133333298,-43.84781456097681,-109.58946800631439,0.1146621320000186,0.5088898637692049,-0.0022155549044926403,0.853158129161667,186,185,177,177,177,165,0.9568,0.9946,39.6218,94.7780,3.2011,0,False,4.92,True,0.08823183888737653,-0.9731885534149912,-0.2124127635256149,4.02
889,35,311000000,35.311000000,73.49307511804706,-44.49761188855762,-109.96951518425111,0.14363143940429487,0.5134679698481022,-0.02146966168898058,0.8457302803977634,177,176,173,173,173,174,0.9830,0.9944,38.1431,44.9975,2.9120,0,False,4.92,True,-0.060500633495888474,-0.7855137712637477,-0.6158796867096697,4.11
890,35,344000000,35.344000000,72.61431625972955,-44.23860983790355,-110.37039023546467,0.182548149051948,0.5144041777134627,-0.04503952602040763,0.8366815142720084,173,173,172,172,172,151,0.9942,1.0000,37.7001,44.3071,2.7944,0,False,4.92,True,-0.035146436442313786,-0.002005405606180022,-0.9993801610767352,5.32
891,35,377000000,35.377000000,72.67984335861075,-43.521718744348405,-111.06448919043687,0.2178607787494981,0.5108716250452555,-0.06004797339489205,0.8294221510771511,172,172,170,170,170,167,0.9884,1.0000,37.1650,79.5976,2.8775,0,False,4.92,True,0.7200732368341083,0.5035850900594891,-0.4773851596614901,4.49
892,35,410000000,35.410000000,72.35023308147979,-44.46518326392318,-111.09958570754588,0.24763424701102696,0.5075760978113634,-0.07542991298904556,0.8217993142272242,170,169,168,168,147,148,0.9941,0.9941,35.7856,42.5844,2.7759,0,False,4.92,True,-0.24055677331214173,-0.9638343494028142,0.11469867359697336,3.96
893,35,443000000,35.443000000,71.76854060052054,-44.55856824018476,-111.90761609299192,0.2759328619305868,0.5054942280367077,-0.09050617313649742,0.8124932453581107,147,146,146,146,146,146,1.0000,0.9932,33.9517,38.9076,2.6782,0,False,4.92,True,0.41704246632805847,-0.5662192030844642,-0.7109651154152392,3.83
894,35,476000000,35.476000000,72.20838869833695,-45.42616904047384,-111.67566242911695,0.3075456183224238,0.501131391007974,-0.11026393235821567,0.8013269537573249,146,145,145,145,67,143,1.0000,0.9932,32.2124,36.8457,2.5244,0,False,4.92,True,-0.10868981764244477,-0.45109834990921904,0.8858311364193696,4.49
895,35,509000000,35.509000000,72.20838869833695,-45.42616904047384,-111.67566242911695,0.3075456183224238,0.501131391007974,-0.11026393235821567,0.8013269537573249,2000,0,0,0,0,0,0.0000,0.0000,0.0000,0.0000,0.0000,1,False,6.56,True,0.0,0.0,0.0,0.00
896,35,542000000,35.542000000,71.56743916518425,-45.869497247460075,-112.30227538528821,0.3294463034761149,0.4978513888835242,-0.12282962512109413,0.7927938010007904,2000,1963,1799,1799,1404,1735,0.9165,0.9815,43.4073,935.7698,7.0303,0,False,6.56,True,0.1840096758033194,-0.8991185455764941,-0.3971476806065565,3.08
897,35,575000000,35.575000000,71.98975015325571,-46.773617426158275,-112.23731284358284,0.35424332326455527,0.4946666233602715,-0.13754583099130363,0.7815994780146305,1404,1379,1347,1347,686,1351,0.9768,0.9822,29.4509,663.7482,2.8435,0,False,6.56,True,0.023190112923355273,-0.4338137301531074,0.9007040946910637,3.56
898,35,608000000,35.608000000,72.28245546972691,-46.605558255415204,-111.2959947714953,0.3802958177738965,0.48660643244853746,-0.14250961463031386,0.7734857985905815,686,680,676,676,676,677,0.9941,0.9913,23.0255,33.8900,2.1764,0,False,6.56,True,-0.6584696160509903,0.6782033617797101,0.32627896776893406,3.31
899,35,641000000,35.641000000,71.53269376250647,-47.0418660209087,-111.79348137046652,0.39510148598569095,0.48411603673766923,-0.15156890191383782,0.7658677083661014,676,670,669,669,666,669,0.9985,0.9911,19.9256,29.3946,1.8826,0,False,6.56,True,-0.001121135327005582,-0.9588457441331489,-0.28392531062468945,2.19
900,35,674000000,35.674000000,70.88014219489759,-47.793962787256,-111.70114012474646,0.408531979315702,0.48142528858027267,-0.1593713502510209,0.7589018949185478,666,665,665,665,665,665,1.0000,0.9985,16.6761,24.5455,1.6424,0,False,4.92,True,-0.5093338339521716,-0.8415278550880556,0.180027538733601,1.97
901,35,707000000,35.707000000,69.99205270890533,-47.70387574219942,-111.25038366147281,0.4204808255505354,0.4802754301787404,-0.164858060073315,0.7518997317061826,665,660,660,660,652,658,1.0000,0.9925,13.2002,19.4550,1.4473,0,False,4.92,True,-0.8057335371958124,-0.29838632621165506,-0.5116239511280096,1.71
902,35,740000000,35.740000000,69.3521870821912,-48.40254492968633,-110.93033156226687,0.4284428596410314,0.4786834578426908,-0.16920000053752732,0.7474424546602108,652,651,651,651,313,648,1.0000,0.9985,9.5360,14.0459,1.1544,0,False,4.92,True,-0.6944001227034886,-0.6790123104156983,0.23822416311809205,1.17
903,35,773000000,35.773000000,68.8424794086566,-48.729217346371534,-110.13441497133728,0.43328033327330157,0.47764863595614104,-0.17189073595411958,0.7446969237622549,313,308,307,307,22,307,0.9968,0.9840,6.4593,148.2683,0.7865,0,False,4.92,True,-0.9832387070451015,-0.14519579207398842,0.11027160528569599,0.72
904,35,806000000,35.806000000,68.8424794086566,-48.729217346371534,-110.13441497133728,0.43328033327330157,0.47764863595614104,-0.17189073595411958,0.7446969237622549,2000,0,0,0,0,0,0.0000,0.0000,0.0000,0.0000,0.0000,1,False,6.56,True,0.0,0.0,0.0,0.00
905,35,839000000,35.839000000,69.1685194771046,-49.44339166653892,-110.75381218975195,0.4311902603942765,0.4775568820428362,-0.17105969082624187,0.746158807445889,2000,2000,1923,1923,912,1920,0.9615,1.0000,4.1480,132.2962,4.7497,0,False,6.56,True,0.5781404626659816,-0.4834063012553829,0.6573218034836171,0.31
906,35,872000000,35.872000000,69.91831048990886,-49.93025018544745,-110.30572489950136,0.4276148854266592,0.4778655834388882,-0.16971676509591238,0.7483222658531116,912,912,908,908,906,908,0.9956,1.0000,5.2282,16.6283,1.4849,0,False,6.56,True,-0.09774517686271637,0.43798897586227,0.8936506797531102,0.50
907,35,905000000,35.905000000,68.97687703449164,-50.23877066478286,-110.44180635618015,0.41959085402074686,0.48119025171417146,-0.16630789945348878,0.7514926077193047,906,902,892,892,514,892,0.9889,0.9956,8.9648,17.0709,1.6925,0,False,6.56,True,-0.3878818707219239,-0.8668152299141584,-0.3133353021191921,1.13
908,35,938000000,35.938000000,69.81369407816372,-49.841083495877534,-110.06553231893075,0.4115354304892726,0.48202865159442954,-0.15970768141017555,0.7568225848854215,514,514,509,509,509,507,0.9903,1.0000,11.2034,44.3098,2.4796,0,False,6.56,True,0.13954702310716197,0.9598086211866698,0.24350367356094044,1.34
909,35,971000000,35.971000000,70.41488161194121,-49.93959853397528,-109.27252012703259,0.3982768761472188,0.4851629686870693,-0.1524853030796249,0.7633745188869469,509,509,505,505,395,501,0.9921,1.0000,14.9001,45.5341,2.8517,0,False,6.56,True,-0.40696468204692426,0.6956127968551092,0.5920325872938569,1.92
910,36,4000000,36.004000000,70.93237855794256,-50.794452536468654,-109.31022351282627,0.37407821832570676,0.48557486926424986,-0.14190897193173935,0.7772672491482889,395,394,389,389,389,389,0.9873,0.9975,20.6523,57.8940,2.4136,0,False,6.56,True,0.15096903917900625,-0.24077855141321955,0.9587669364286188,3.42
911,36,37000000,36.037000000,70.31395591738892,-51.412814146253766,-108.82526747647384,0.35102758251005406,0.4916984858451233,-0.13151275951645006,0.7859495081868354,389,376,373,373,273,355,0.9920,0.9666,23.6653,59.9963,2.5991,0,False,6.56,True,-0.807671316317189,-0.566309530525115,0.1641967126189894,3.14
912,36,70000000,36.070000000,70.90794154812426,-51.055070057501894,-108.10471197032389,0.32856254914048594,0.49508672421944244,-0.11721026047541054,0.7957371058605059,273,269,265,265,265,264,0.9851,0.9853,27.0373,56.4508,2.8371,0,False,6.56,True,-0.28768121337564867,0.8894407916809979,0.35515432922124773,3.27
913,36,103000000,36.103000000,70.51993735804146,-51.673185529526286,-107.42105561533093,0.3002748124153595,0.5007620688038533,-0.10413438301760902,0.8051263365148026,265,265,264,264,157,264,0.9962,1.0000,29.0983,49.8004,2.9094,0,False,6.56,True,-0.8642489902598173,-0.3881456770665077,0.32002596177414844,3.79
914,36,136000000,36.136000000,71.10404899075365,-50.8733819072378,-107.28275244723807,0.277286020485287,0.5020204492214418,-0.08551622821051362,0.8147238219909749,157,155,153,153,153,153,0.9871,0.9873,33.6282,132.9008,2.9594,0,False,6.56,True,0.2647399859119264,0.9642837841784837,0.008338071106460204,3.57
915,36,169000000,36.169000000,71.30200012782485,-50.634860209432006,-106.33200392790815,0.24807505324587095,0.5061004970035425,-0.06892530495611857,0.8231466195195918,153,153,149,149,78,149,0.9739,1.0000,34.3908,46.7435,3.0615,0,False,4.92,True,-0.69436851757572,0.6289857341151197,0.34961308339271413,4.00
916,36,202000000,36.202000000,71.30200012782485,-50.634860209432006,-106.33200392790815,0.24807505324587095,0.5061004970035425,-0.06892530495611857,0.8231466195195918,2000,0,0,0,0,0,0.0000,0.0000,0.0000,0.0000,0.0000,1,False,6.56,True,0.0,0.0,0.0,0.00
917,36,235000000,36.235000000,71.72619657791701,-49.7780279984517,-106.03892384677707,0.21916521912840162,0.5081825391417615,-0.051386624636067836,0.8313101277166925,2000,1879,1494,1494,1423,1411,0.7951,0.9395,44.6225,918.3755,8.1520,0,False,6.56,True,0.06657297616130214,0.9971287540978414,0.03608720820890571,3.99
918,36,268000000,36.268000000,71.99692943763637,-48.82496869900091,-105.90334475399891,0.19023450096420194,0.5099277978815339,-0.03366081907359706,0.8382430583368318,1423,1408,1366,1366,1361,1306,0.9702,0.9895,34.3348,352.5051,4.9874,0,False,6.56,True,0.1427329955833206,0.9822278913056169,-0.12188380332567902,3.97
919,36,301000000,36.301000000,72.2583135805908,-47.91200738200297,-105.59000793286653,0.16083459961149113,0.5108528006725991,-0.016177483328641315,0.8443340195952812,1361,1338,1318,1318,1242,1304,0.9851,0.9831,33.2621,346.9928,4.8621,0,False,6.56,True,-0.021417064518966696,0.9994503356538745,0.025304859389998147,3.98
920,36,334000000,36.334000000,72.39097178697067,-46.9445982743724,-105.37431968851025,0.13096974615998747,0.5115150590918701,0.0016945621474056909,0.8492328293066381,1242,1230,1210,1210,1205,1201,0.9837,0.9903,32.8170,121.3397,4.2237,0,False,6.56,True,0.00870282504042269,0.9972915533290949,-0.07303299593167951,4.03
921,36,367000000,36.367000000,72.63034830559585,-45.998862217316294,-105.15458759546318,0.10387178135469118,0.5097811951210935,0.02050461863363885,0.8537642219921153,1205,1198,1186,1186,1185,1163,0.9900,0.9942,32.3116,131.3846,4.0913,0,False,6.56,True,0.05274421666622026,0.9939300070704713,0.09654630315636006,3.82
922,36,400000000,36.400000000,72.51726102690999,-45.034348915112446,-104.91599724094057,0.07340981553109732,0.5092714126136343,0.03587481895064926,0.8567185212445577,1185,1184,1172,1172,923,1109,0.9899,0.9992,31.3580,73.0054,4.0173,0,False,6.56,True,-0.12496775383393995,0.9821776466624215,-0.14039277366861652,3.93
923,36,433000000,36.433000000,72.64194769139388,-44.24886498741363,-104.30980565816603,0.04424576345042409,0.507132468272366,0.0520273194931943,0.859157802773751,923,922,918,918,918,918,0.9957,0.9989,31.1190,50.0700,2.9490,0,False,6.56,True,-0.35906915334426426,0.8750536164224201,0.324577435294996,3.84
924,36,466000000,36.466000000,73.04728509031825,-43.572393007047026,-103.69491765794803,0.013749083109639529,0.503304161743854,0.07069681815990045,0.8611026903842693,918,915,914,914,914,908,0.9989,0.9967,29.4727,43.4379,2.8067,0,False,6.56,True,-0.24750573687013183,0.7313106706910475,0.6355514244730976,4.13
925,36,499000000,36.499000000,73.8602641051097,-43.22810930784159,-103.22530733441359,-0.019043851640032396,0.5007372670811335,0.08948685492772142,0.860750616535344,914,906,906,906,653,887,1.0000,0.9912,27.4831,37.5046,2.6354,0,False,6.56,True,0.03351359283986905,0.2975189583879384,0.9541275116538248,4.34
926,36,532000000,36.532000000,73.03102936058953,-42.905531764448995,-103.68172103598194,-0.03650728236995767,0.5104897973345938,0.10385369529324708,0.8528081819056281,653,653,652,652,652,652,0.9985,1.0000,25.4778,34.4909,2.4355,0,False,6.56,True,0.038421844420863514,0.43479720948435713,-0.899708368581684,2.97
927,36,565000000,36.565000000,73.10800293337296,-41.90887782177079,-103.70921626533037,-0.05326205881859846,0.5057636331192209,0.12224345796419792,0.8523044277072633,652,652,652,652,652,652,1.0000,1.0000,22.9326,31.0631,2.2538,0,False,6.56,True,0.1987365302294975,0.9547912350212321,0.2210825390639669,2.90
928,36,598000000,36.598000000,72.96976005012428,-41.12036387583488,-103.10993781394433,-0.07336894849539835,0.5027337561746674,0.13345432568626653,0.8509205078941355,652,652,652,652,652,648,1.0000,1.0000,20.1517,27.3166,2.0449,0,False,6.56,True,-0.46601980691275074,0.8164218113682546,0.34099994939468886,2.67
929,36,631000000,36.631000000,73.61715647461962,-41.62214540516937,-103.68360423824451,-0.09162073100254443,0.5003182763416981,0.14217130261307234,0.8491611064588003,652,652,652,652,210,652,1.0000,1.0000,17.1745,23.3045,1.8192,0,False,6.56,True,0.7221888441340598,-0.6786472850628127,0.13372036451185815,2.34
930,36,664000000,36.664000000,74.53419985260189,-41.723797778842005,-103.2979901334382,-0.112254890007636,0.4914946356622149,0.1508243622871703,0.850343386241881,210,210,210,210,210,210,1.0000,1.0000,14.0700,18.8191,1.7633,0,False,6.56,True,0.06793827214450993,-0.40647666186605313,0.9111317767130334,2.76
931,36,697000000,36.697000000,73.68817164835943,-41.75875758426884,-103.82998081909987,-0.11799377126701194,0.49805939901577995,0.15493525179267204,0.844990753053647,210,210,210,210,210,210,1.0000,1.0000,10.7343,14.3633,1.5267,0,False,6.56,True,0.05879147662022746,0.3005678311751911,-0.9519467112918953,1.26
932,36,730000000,36.730000000,73.12994562778724,-41.41435276290368,-103.07515035536875,-0.1259626996363641,0.49715616027809745,0.15910501895741286,0.8435963155090348,210,210,210,210,21,210,1.0000,1.0000,7.3104,9.7972,1.3041,0,False,6.56,True,-0.867724711692519,0.4960334359294446,0.03169629565365863,1.05
933,36,763000000,36.763000000,73.12994562778724,-41.41435276290368,-103.07515035536875,-0.1259626996363641,0.49715616027809745,0.15910501895741286,0.8435963155090348,2000,0,0,0,0,0,0.0000,0.0000,0.0000,0.0000,0.0000,1,False,8.20,True,0.0,0.0,0.0,0.00
934,36,796000000,36.796000000,72.15611185798085,-41.3369184227341,-103.28881296732308,-0.1261785056655567,0.4978152539300388,0.15977553509444872,0.8430484778753004,2000,2000,1992,1992,1987,1986,0.9960,1.0000,0.7149,17.4450,3.1085,0,False,8.20,True,-0.24426379458986092,0.466049313851683,-0.8503724100127764,0.13
935,36,829000000,36.829000000,73.08529454118627,-41.55423187809414,-102.98982399871281,-0.12388482685694624,0.4973874776767146,0.158802171455846,0.8438246956956926,1987,1986,1976,1976,1976,1976,0.9950,0.9995,3.6079,132.5562,2.0695,0,False,6.56,True,0.12694244810920166,-0.5823954350094128,0.802932856562888,0.30
936,36,862000000,36.862000000,73.73584665357586,-42.0188029279645,-102.38902811932633,-0.11761931645786643,0.4984042134996513,0.15554976223181147,0.8447267060010624,1976,1975,1959,1959,1811,1921,0.9919,0.9995,12.3523,640.8644,2.5751,0,False,6.56,True,-0.29935524907563016,-0.7121035209230265,0.6350551238592571,0.82
937,36,895000000,36.895000000,74.41206792559079,-42.52458613349575,-101.85339005096577,-0.10737518783901454,0.4999160464422591,0.15012323251421095,0.846178190811818,1811,1808,1795,1795,1782,1785,0.9928,0.9983,15.3004,660.6765,2.5424,0,False,6.56,True,-0.23669815050172807,-0.7476885285444413,0.6204319864675818,1.35
938,36,928000000,36.928000000,75.01853802529327,-43.11947892248192,-101.32585181748965,-0.09331429968648897,0.5020629036879267,0.14254426131386652,0.8478834918672211,1782,1777,1746,1746,1711,1730,0.9826,0.9972,18.5935,705.8569,3.2009,0,False,6.56,True,-0.27459651317155054,-0.7902312406487522,0.5478424420002163,1.86
939,36,961000000,36.961000000,75.44223295950947,-44.02527166455479,-101.32114957041,-0.07493606068797834,0.5052915562889283,0.13262010084933215,0.8493979861068623,1711,1697,1648,1648,1419,1652,0.9711,0.9918,21.7191,145.8655,3.4095,0,False,6.56,True,0.0546715190660659,-0.9953961699879839,0.07872413718969243,2.43
940,36,994000000,36.994000000,75.41471710635146,-44.96321982760982,-101.66683168051503,-0.05213203793472054,0.5096693755343208,0.11860391428902486,0.8505601035662029,1419,1410,1390,1390,1390,1395,0.9858,0.9937,25.2141,90.8669,2.5128,0,False,6.56,True,0.15081806744589032,-0.8884617404678165,-0.433462393128614,3.11
941,37,27000000,37.027000000,75.75725585496122,-45.90270513496247,-101.66095265258984,-0.029215893383928743,0.5126411745958743,0.10430186757137942,0.8517432583260425,1390,1372,1355,1355,1354,1352,0.9876,0.9871,27.8712,55.1913,2.7268,0,False,6.56,True,0.010148614189674984,-0.9950711065767903,0.09864328910813527,3.12
942,37,60000000,37.060000000,76.12469911379536,-46.81956323484413,-101.50488639672807,-0.0050232474473109225,0.5148555774323409,0.08867766392308477,0.8526633411218277,1354,1342,1302,1302,1300,1302,0.9702,0.9911,29.9837,98.1219,3.0024,0,False,6.56,True,-0.10636102519301432,-0.96271456000631,0.24873280497704378,3.31
943,37,93000000,37.093000000,76.02986491327842,-47.76546542606987,-101.81516936281972,0.022053018780165908,0.5188080297408392,0.0708389860027666,0.8516652691645997,1300,1293,1251,1251,1250,1249,0.9675,0.9946,31.7332,128.0041,3.1907,0,False,6.56,True,0.09148701655162803,-0.9418207528523918,-0.3234250999830348,3.74
944,37,126000000,37.126000000,76.51978210348605,-48.578073965039245,-101.49949784187888,0.05030018795320616,0.5186391413492628,0.05345014977891093,0.851837081630627,1250,1242,1205,1205,1205,1093,0.9702,0.9936,32.6913,96.8324,3.2474,0,False,6.56,True,-0.17335256785825648,-0.8165056951424489,0.5506971372877247,3.80
945,37,159000000,37.159000000,76.60183523597071,-49.56271251160098,-101.65362187009717,0.0782699590497254,0.5199165448325258,0.035698037955874756,0.8498742554083301,1205,1191,1153,1153,1153,1085,0.9681,0.9884,33.2830,79.3908,3.3301,0,False,6.56,True,0.03175934386550503,-0.9989734712568922,0.03230089475831353,3.81
946,37,192000000,37.192000000,76.19000798294931,-50.17363270117454,-102.32976892188415,0.10972691393387395,0.5229091071825909,0.01639275927136784,0.8451374725022698,1153,1126,1090,1090,1090,993,0.9680,0.9766,33.2418,76.3047,3.3971,0,False,6.56,True,0.31882769288491697,-0.7254595339422907,-0.6099650538038353,4.28
947,37,225000000,37.225000000,76.42222309744255,-51.07281220682524,-101.9588884057895,0.1411209224582994,0.5216691794416893,-0.0020239472211472757,0.8413929261069404,1090,1085,1043,1043,1036,1028,0.9613,0.9954,33.5982,114.6953,3.4935,0,False,6.56,True,-0.34947247891547756,-0.7816855547391364,0.5165623679603843,4.20
948,37,258000000,37.258000000,75.87347649686794,-51.663866041323004,-102.55010117043794,0.17118333140490494,0.5238975347561861,-0.021358787205816784,0.8341291520709523,1036,1036,1015,1015,1015,1009,0.9797,1.0000,33.1888,86.6364,3.3770,0,False,6.56,True,0.18425473311077784,-0.7893224481127087,-0.5856793203038985,4.19
949,37,291000000,37.291000000,75.6050176974747,-52.580286890071115,-102.84692216195995,0.20186079470406001,0.5223733064893562,-0.038169874450234446,0.8275997878886122,1015,1014,1005,1005,916,1004,0.9911,0.9990,32.8755,89.9446,3.2761,0,False,6.56,True,0.00902418562395141,-0.9977162546859133,-0.06693907087298272,4.08
950,37,324000000,37.324000000,75.27883370264871,-52.665332655691046,-103.78839506081017,0.23396166170871285,0.5201123366564068,-0.054228332443037396,0.8196367403116809,916,914,907,907,859,888,0.9923,0.9978,31.9722,73.6893,3.2148,0,False,6.56,True,0.6687539075148112,-0.4442859664271989,-0.5961360509309273,4.22
951,37,357000000,37.357000000,74.9612284503122,-53.586774448288956,-104.0121626333988,0.2553969391309889,0.5190772502116752,-0.07599422770935255,0.8121305862668067,859,857,854,854,854,854,0.9965,0.9977,31.1112,77.7092,3.1504,0,False,6.56,True,-0.08978059041816673,-0.9938748063475806,0.06443845817308572,3.61
952,37,390000000,37.390000000,75.4635069919553,-54.45126920722619,-103.9930556091689,0.2875011814774184,0.5127994839038025,-0.10034560416848363,0.8026895537386445,854,853,848,848,848,848,0.9941,0.9988,29.8470,78.2393,3.0695,0,False,6.56,True,0.08645193549396088,-0.5401396701650973,0.8371231686934055,4.80
953,37,423000000,37.423000000,74.90154585057796,-55.17008118420098,-104.40233426404778,0.31114098717202066,0.5101319110038709,-0.11695412483865716,0.7932707306842873,848,848,847,847,847,844,0.9988,1.0000,28.2668,39.6910,2.8885,0,False,6.56,True,0.009300578740713925,-0.9885161070597046,-0.1508290599275032,3.50
954,37,456000000,37.456000000,74.69120462160123,-56.08376349468117,-104.05456824657605,0.3374790386296537,0.5050306531914955,-0.13226881133098323,0.7832987293310675,847,847,847,847,840,847,1.0000,1.0000,26.4740,37.1563,2.7116,0,False,6.56,True,-0.5223922079400113,-0.6874099304101884,0.5045532366926408,3.72
955,37,489000000,37.489000000,74.00388253561883,-56.246598252618575,-104.76243348214582,0.3552705898527214,0.5047664205953878,-0.1462103848867161,0.7730563963749978,840,840,840,840,840,840,1.0000,1.0000,24.4434,34.2654,2.5537,0,False,6.56,True,0.288817589300022,-0.7764313758052047,-0.5601238423564566,2.84
956,37,522000000,37.522000000,73.50208036037782,-55.384925241598786,-104.83802580320722,0.37934453668855805,0.5007204738730452,-0.16009251329023796,0.7614112664764762,840,840,840,840,367,818,1.0000,1.0000,22.1560,31.0445,2.3657,0,False,4.92,True,-0.0435353053740264,0.28354078722179016,-0.9579714500796136,3.48
957,37,555000000,37.555000000,73.92098357074374,-54.67686596664872,-105.40650813670786,0.3992572567181215,0.495113835369448,-0.16979951072567434,0.7527443517828591,367,367,367,367,363,367,1.0000,1.0000,19.6168,27.5252,2.1758,0,False,4.92,True,0.786261501851617,0.4919883091207277,-0.37381861162142127,2.80
958,37,588000000,37.588000000,73.14261801699699,-55.23521972475833,-105.69354148937856,0.41518672710869287,0.49096225822047207,-0.1784241985484967,0.7448092695503682,363,363,363,363,259,363,1.0000,1.0000,16.8345,22.7649,1.9334,0,False,4.92,True,-0.1770147921181619,-0.9791198260225814,-0.09995063612040514,2.32
959,37,621000000,37.621000000,73.39485031064609,-54.56999181391476,-106.39628660439197,0.4289095498490922,0.48721139751424586,-0.18564846724932194,0.737696617037412,259,259,259,259,121,259,1.0000,1.0000,14.9551,19.0537,1.6153,0,False,4.92,True,0.8270369485452809,0.25189211591538974,-0.5025537261632614,2.00
960,37,654000000,37.654000000,73.67017585851649,-54.02574612975403,-107.18874636864648,0.4399880784749616,0.4844105628741353,-0.19200030464097353,0.7313636444298062,121,121,121,121,60,121,1.0000,1.0000,11.3603,13.9409,1.4005,0,False,4.92,True,0.8998707013479669,0.1388495141619562,-0.41346527456668847,1.66
961,37,687000000,37.687000000,73.67017585851649,-54.02574612975403,-107.18874636864648,0.4399880784749616,0.4844105628741353,-0.19200030464097353,0.7313636444298062,2000,0,0,0,0,0,0.0000,0.0000,0.0000,0.0000,0.0000,1,False,6.56,True,0.0,0.0,0.0,0.00
962,37,720000000,37.720000000,73.75185302934779,-53.78466569028317,-108.15580844600734,0.4444010071828146,0.4833124245844785,-0.19462076366742498,0.7287246416903173,2000,1987,1786,1786,704,1732,0.8988,0.9935,34.8723,547.7618,8.1294,0,False,6.56,True,0.9209955336529609,-0.254777484482147,-0.29471284395534414,0.67
963,37,753000000,37.753000000,73.06155290349038,-53.92002847404444,-107.44506049278225,0.44623013007040213,0.48337382011546554,-0.19598733153546719,0.727198313338212,704,704,702,702,84,694,0.9972,1.0000,1.9231,15.9391,1.3528,0,False,6.56,True,-0.9588611052279442,-0.23734130827644884,-0.15573851247096507,0.31
964,37,786000000,37.786000000,73.06155290349038,-53.92002847404444,-107.44506049278225,0.44623013007040213,0.48337382011546554,-0.19598733153546719,0.727198313338212,2000,0,0,0,0,0,0.0000,0.0000,0.0000,0.0000,0.0000,1,False,8.20,True,0.0,0.0,0.0,0.00
965,37,819000000,37.819000000,72.89027484350557,-54.60477217353677,-106.73668919736338,0.4416968477749702,0.48545412361735285,-0.19384944680740276,0.7291505883567719,2000,2000,1954,1954,916,1960,0.9770,1.0000,6.0807,16.8603,3.6499,0,False,6.56,True,-0.800192198459017,-0.15664122320818344,0.5789265693653809,0.66
966,37,852000000,37.852000000,73.6839547714684,-54.621686381584404,-106.1285888096682,0.43558739111476413,0.4864003046123241,-0.18923893194575783,0.7333941607422988,916,912,910,910,910,906,0.9978,0.9956,10.9899,23.9630,1.2606,0,False,6.56,True,-0.17715960498434233,0.8329335029778406,0.5242482751319789,1.01
967,37,885000000,37.885000000,74.1535501529282,-55.33810721927489,-105.61262237564904,0.4220962405279959,0.4898699965756233,-0.1818165167461124,0.7408136772667212,910,905,894,894,807,895,0.9878,0.9945,16.0797,48.7599,1.6504,0,False,6.56,True,-0.344130203885783,0.1707600578596657,0.9232634539573702,2.00
968,37,918000000,37.918000000,73.56742886888884,-56.09485409431044,-105.32314697510525,0.4051031569565047,0.4955941324870136,-0.17319098555772017,0.7485203875579233,807,801,794,794,421,793,0.9913,0.9926,20.4312,83.7987,2.0158,0,False,6.56,True,-0.629690545278039,-0.7078723957091081,0.320010138246422,2.45
969,37,951000000,37.951000000,72.88905535784866,-56.571598431899844,-104.76410832161562,0.38544256776198443,0.5019794134075459,-0.16375361571762592,0.7567267993215705,421,421,419,419,217,419,0.9952,1.0000,21.5743,66.9789,2.6241,0,False,6.56,True,-0.8654727917362544,-0.49687793515357437,0.06379000173831807,2.77
970,37,984000000,37.984000000,72.50527467026046,-56.604853410984575,-105.68693359771093,0.3637283826451289,0.5073663096931286,-0.15056126138457943,0.7665588027131509,217,214,214,214,97,213,1.0000,0.9862,25.4711,37.1570,3.0941,0,False,6.56,True,0.6431716329717907,-0.6518305084958969,-0.4018049759950472,3.18
971,38,17000000,38.017000000,72.50527467026046,-56.604853410984575,-105.68693359771093,0.3637283826451289,0.5073663096931286,-0.15056126138457943,0.7665588027131509,2000,0,0,0,0,0,0.0000,0.0000,0.0000,0.0000,0.0000,1,False,8.20,True,0.0,0.0,0.0,0.00
972,38,50000000,38.050000000,73.20551377852732,-56.24909231734901,-105.06798349026379,0.33986357307222087,0.5110909880023256,-0.13394516451737332,0.7780343479460297,2000,1963,1711,1711,1691,1516,0.8716,0.9815,39.7432,368.3524,7.5975,0,False,8.20,True,-0.19207600335414227,0.9161701800255649,0.35176556137209225,3.61
973,38,83000000,38.083000000,73.8717863423082,-55.8570980390526,-104.43361659600171,0.31267361791812537,0.5157466343548087,-0.11796962678548772,0.7888750122584504,1691,1663,1609,1609,1291,1552,0.9675,0.9834,32.9031,344.6870,5.2016,0,False,8.20,True,-0.2135012774478582,0.9063370343778203,0.3646510450325767,3.86
974,38,116000000,38.116000000,74.42015839673452,-55.08717189305219,-104.1072704306662,0.28679092031563524,0.5191278758072272,-0.09952022278588879,0.798969925492214,1291,1270,1220,1220,1217,1185,0.9606,0.9837,34.1984,75.5232,3.5449,0,False,8.20,True,0.05676490764348684,0.9981628748745681,0.021180662934943438,3.84
975,38,149000000,38.149000000,75.11523300942673,-55.77233909503577,-103.88951554985584,0.24951306539101498,0.5232339611147918,-0.07622852630573616,0.8112697849128606,1217,1177,1126,1126,523,1130,0.9567,0.9671,34.6331,82.9827,3.4834,0,False,8.20,True,0.018547574812786013,-0.1640919800310923,0.9862706573542781,5.25
976,38,182000000,38.182000000,75.54715208217694,-54.99595675196086,-103.43052059132569,0.21948937275836758,0.526120575455273,-0.05876182721293208,0.819492893801617,523,522,522,522,502,522,1.0000,0.9981,34.7677,47.2421,3.4307,0,False,8.20,True,-0.11003559271822297,0.9860954889729007,0.12453053827252832,4.10
977,38,215000000,38.215000000,75.73025886046142,-54.026196372534656,-103.26916163049175,0.19006229798411,0.528722908602514,-0.03945820742438176,0.8262998600210166,502,498,494,494,494,490,0.9920,0.9920,35.3584,49.7592,3.3242,0,False,6.56,True,0.06774482217422528,0.9776204822118157,-0.19917035881003864,4.12
978,38,248000000,38.248000000,76.16290303780394,-53.307970372534086,-102.72421169817248,0.16056714594495386,0.5288662840905838,-0.021613320454622158,0.8330975390518421,494,486,474,474,474,469,0.9753,0.9838,34.7593,70.5413,3.4618,0,False,6.56,True,-0.1974108076859187,0.9276938913209704,0.3168801303561785,4.03
979,38,281000000,38.281000000,76.06917242115169,-53.64751837503136,-101.78830479815406,0.12451814785132645,0.5310327006090408,-0.0068294829289533236,0.8381246088156983,474,471,461,461,461,461,0.9788,0.9937,34.3287,72.1378,3.3824,0,False,6.56,True,-0.9178621085307106,-0.11202372205742075,0.3807621769818527,4.51
980,38,314000000,38.314000000,77.03090011569333,-53.80630386097287,-101.56499557083481,0.08644260919002943,0.5318290967870068,0.01676582775046047,0.8422614761147384,461,459,452,452,452,458,0.9847,0.9957,33.5022,53.6990,3.1810,0,False,6.56,True,0.20089374676328278,0.02933813967425813,0.9791736189623695,5.16
981,38,347000000,38.347000000,77.14901269290777,-53.02250387885037,-100.9553177812373,0.05746997836563921,0.5306172576533114,0.03424295165459565,0.844967424063859,452,452,448,448,448,418,0.9912,1.0000,32.1461,42.6538,3.1157,0,False,6.56,True,-0.39899498337705813,0.8788202603102012,0.26168292513698954,3.89
982,38,380000000,38.380000000,76.94955241892436,-52.065894816274124,-101.16771999520748,0.031195862492320703,0.5299596825207421,0.05111560558276911,0.8459058741560913,448,447,445,445,445,445,0.9955,0.9978,30.6186,42.6447,2.9742,0,False,6.56,True,0.2166524818905859,0.9190769511384456,-0.32917967734462145,3.58
983,38,413000000,38.413000000,77.60360655250633,-51.3341003810917,-100.97617340823616,0.002716937350822761,0.5237935694575012,0.07598235179236924,0.8484454001657987,445,445,444,444,444,444,0.9978,1.0000,28.8680,46.2050,2.8241,0,False,6.56,True,0.1995972903692235,0.7120981540459419,0.6731100509438452,4.40
984,38,446000000,38.446000000,77.43829224031754,-50.361352204785646,-100.81359369339216,-0.019795423189895047,0.5215436743585088,0.09166002566276173,0.8480558806192317,444,444,444,444,444,444,1.0000,1.0000,26.7034,35.3394,2.6674,0,False,6.56,True,-0.08894263524016106,0.9960365096906345,-0.0006920981391684989,3.15
985,38,479000000,38.479000000,77.32322446460645,-49.859362338697984,-99.95640901006064,-0.045200512124986526,0.5193395728790631,0.10456234469660791,0.8469415787508481,444,441,430,430,331,396,0.9751,0.9932,25.9990,185.1633,3.1720,0,False,6.56,True,-0.7442317841490944,0.5666012325730768,0.3536694709879916,3.28
986,38,512000000,38.512000000,77.16010945001186,-49.366448864418246,-99.10175715176555,-0.06806444757632843,0.517643478003228,0.11621855155799561,0.8449294106199715,331,331,330,330,156,330,0.9970,1.0000,24.2595,635.2809,2.8666,0,False,6.56,True,-0.7673145772595195,0.5440544670831087,0.3394599775701982,2.96
987,38,545000000,38.545000000,77.02456246058898,-50.070397154013904,-98.40456003528145,-0.09460612919369034,0.5148927777129709,0.11454918998741578,0.8442828855610155,156,156,152,152,152,145,0.9744,1.0000,21.2522,36.1590,3.3265,0,False,6.56,True,-0.7687897776629895,-0.6385424476690386,0.03501171640643401,3.06
988,38,578000000,38.578000000,76.44926754548887,-49.51735503804109,-99.00720435710006,-0.10484221549451653,0.5161211616087074,0.12506572477999664,0.8408243698152035,152,150,146,146,146,145,0.9733,0.9868,17.6050,28.7337,2.8387,0,False,6.56,True,0.33495166681997446,0.7211351462054104,-0.6064416557277561,1.73
989,38,611000000,38.611000000,76.39923886318618,-48.75161963326516,-99.64841136019633,-0.11432780048446979,0.514232071041947,0.13406374480460154,0.8393577565479812,146,146,146,146,146,146,1.0000,1.0000,14.2925,18.2215,1.4950,0,False,6.56,True,0.6297076782992032,0.7711544950684595,-0.09374958467500766,1.52
990,38,644000000,38.644000000,75.91962199922301,-48.23518717199005,-98.93899950750185,-0.12453954296903416,0.5132648092595526,0.13959231053405644,0.8375936512728488,146,146,146,146,116,146,1.0000,1.0000,10.7601,14.0429,1.2675,0,False,6.56,True,-0.7873653346527829,0.6103631980110439,0.08667523464544269,1.35
991,38,677000000,38.677000000,75.21312672957926,-47.685073831133124,-98.49375828503676,-0.13127260457888837,0.5126323671531621,0.14348126267281683,0.8362946171630156,116,116,116,116,8,106,1.0000,1.0000,7.1497,9.6977,1.0049,0,False,6.56,True,-0.6467163104918947,0.7380514548975629,-0.19245275697516476,0.91
992,38,710000000,38.710000000,75.21312672957926,-47.685073831133124,-98.49375828503676,-0.13127260457888837,0.5126323671531621,0.14348126267281683,0.8362946171630156,2000,0,0,0,0,0,0.0000,0.0000,0.0000,0.0000,0.0000,1,False,8.20,True,0.0,0.0,0.0,0.00
993,38,743000000,38.743000000,74.95349141827688,-48.63423170616686,-98.3157447086265,-0.13141663340022822,0.5132968097977423,0.14294509908234096,0.8359561903386744,2000,1888,1875,1875,1689,1879,0.9931,0.9440,1.1833,159.4492,3.1621,0,False,8.20,True,-0.37186133134811433,-0.7930106946602868,-0.4825486383800264,0.11
994,38,776000000,38.776000000,75.55937260593323,-49.07397223879805,-97.65276940712172,-0.128564781293649,0.513716422082346,0.1415325230699988,0.8363821373076241,1689,1689,1689,1689,1526,1661,1.0000,1.0000,4.5629,16.8657,1.5848,0,False,6.56,True,-0.3777802582303344,-0.6814994764909988,0.6267699259169317,0.37
995,38,809000000,38.809000000,76.23998186808498,-49.760993641861845,-97.39826474310654,-0.12158951919281509,0.5149363673912187,0.13807212734157862,0.8372530167230016,1526,1525,1499,1499,1333,1453,0.9830,0.9993,17.0166,637.9684,2.0023,0,False,6.56,True,-0.005757167892975524,-0.9055479149250644,0.4242049372564173,0.91
996,38,842000000,38.842000000,76.98731224048024,-50.27979299627727,-96.9831207387494,-0.11165109320036125,0.5153948010958143,0.13206280680965793,0.8393221356833891,1333,1327,1324,1324,1324,1279,0.9977,0.9955,14.0387,24.2506,1.5287,0,False,6.56,True,-0.10437269052114814,-0.7755377213993426,0.6226135110645225,1.35
997,38,875000000,38.875000000,77.53938088931876,-50.99884546144625,-96.56100255707041,-0.09634787337534095,0.5180715119933561,0.12360668588187342,0.840856933706482,1324,1310,1295,1295,1275,1287,0.9885,0.9894,18.9434,89.8399,2.0374,0,False,6.56,True,-0.21478136794817332,-0.8836186876177138,0.4160372325586506,2.03
998,38,908000000,38.908000000,76.78887367478221,-50.36624425381512,-96.75219521653248,-0.07113287762835493,0.5238303919841415,0.1146216428957927,0.8410729535146874,1275,1266,1234,1234,1234,1170,0.9747,0.9929,23.5091,237.1815,2.2507,0,False,6.56,True,-0.0852274337582849,0.8389499313322665,-0.5374935322890524,3.14
999,38,941000000,38.941000000,76.98191258873976,-51.34601695357262,-96.69945590948397,-0.050722555079609155,0.5272228218130431,0.09988378551357326,0.8423102444807178,1234,1223,1212,1212,1212,1209,0.9910,0.9911,26.4585,46.5091,2.5041,0,False,6.56,True,-0.08119881425323988,-0.9956960273939657,-0.044678558568321584,2.91
1000,38,974000000,38.974000000,77.45834493810818,-52.15942394438939,-96.365717563222,-0.028888968966358262,0.5281992464915523,0.08425360801566319,0.8444360917287702,1212,1194,1165,1165,1164,1165,0.9757,0.9851,29.0236,122.7440,2.7891,0,False,6.56,True,-0.19109890014396655,-0.8920076595263086,0.4096383108428256,3.09
1001,39,7000000,39.007000000,77.62756185847634,-52.4383800487512,-95.42044028871447,0.002162122858018921,0.5312739764127035,0.06992509565443093,0.8443066790030146,1164,1160,1091,1091,468,1089,0.9405,0.9966,31.9135,124.0516,3.2949,0,False,6.56,True,-0.8066336908817567,-0.2657578375687579,0.5279345229337175,3.93
1002,39,40000000,39.040000000,77.44813253187931,-51.45908841237749,-95.51421132734271,0.0473622285703443,0.5347027850405794,0.058596916442787056,0.8416746119244036,468,462,446,446,446,444,0.9654,0.9872,36.0212,64.7446,3.0889,0,False,6.56,True,0.12559014749260097,0.9831706850512292,-0.13267448476886337,5.36
1003,39,73000000,39.073000000,77.54420795534249,-51.43310624524421,-94.5191764334835,0.08254739058432034,0.5365240055041393,0.04313262094338636,0.8387296923539003,446,407,349,349,216,347,0.8575,0.9126,38.5179,85.4786,3.9199,0,False,6.56,True,-0.8457422581450408,0.16276060473700996,0.5081623936630593,4.42
1004,39,106000000,39.106000000,78.44219437618797,-51.56919994935238,-94.10072823874582,0.12298829932835066,0.5358793345534621,0.016046968922316305,0.835134547133134,216,212,178,178,169,174,0.8396,0.9815,37.8427,84.5450,4.3842,0,False,6.56,True,-0.017864104255304263,-0.04185392871531485,0.9989640245926021,5.59
1005,39,139000000,39.139000000,78.74382305367168,-51.67088786047685,-93.15274105019813,0.15930778726980682,0.5349598535575436,-2.8680487234704477e-06,0.8297222330326358,169,169,148,148,145,145,0.8757,1.0000,35.7123,74.9787,4.2403,0,False,6.56,True,-0.7326575375571118,0.14415791720532084,0.6651551905892139,4.59
1006,39,172000000,39.172000000,79.04366046044201,-50.74572357140234,-92.91999963204813,0.1991974633874151,0.5326186259973437,-0.015797322971416877,0.8224282427103643,145,145,139,139,139,137,0.9586,1.0000,35.2712,50.6895,3.5886,0,False,6.56,True,0.07929470467010219,0.9908399012324296,0.1093098345849552,4.99
1007,39,205000000,39.205000000,78.60990412600742,-51.581919444175256,-93.2556064029801,0.21746363035609795,0.5364980628285687,-0.03944881232693644,0.8144465539613596,139,138,129,129,129,128,0.9348,0.9928,35.0024,62.8862,3.7609,0,False,6.56,True,-0.047017195883405624,-0.9770437857310682,-0.2077855241723162,3.57
1008,39,238000000,39.238000000,77.62940352118643,-51.468727869167964,-93.09496322294117,0.25461879727571274,0.538034727465381,-0.06167840803737696,0.8011764313165345,129,129,127,127,120,115,0.9845,1.0000,34.8588,73.9804,3.4037,0,False,6.56,True,-0.5370171284952291,-0.13955502015316806,-0.8319477147349991,5.19
1009,39,271000000,39.271000000,77.72604070509443,-52.05998952008745,-92.294294180928,0.28662149059203934,0.5325498120414779,-0.07622915662305393,0.7927344665812898,120,120,116,116,114,116,0.9667,1.0000,34.3413,78.7003,3.4555,0,False,6.56,True,-0.7790331527583682,-0.20054744045068837,0.5940438292180422,4.19
1010,39,304000000,39.304000000,77.56857255063063,-52.83716760180675,-91.68503396589269,0.31789064143253315,0.527951769836303,-0.09319659398947533,0.7820018309985528,114,114,112,112,112,112,0.9825,1.0000,32.6954,55.7787,3.2217,0,False,6.56,True,-0.7506944019813596,-0.48015704749698623,0.4537699026740602,4.29
1011,39,337000000,39.337000000,76.93179127806324,-52.186529979677225,-92.09877337128825,0.3491410583922246,0.5264750535102973,-0.11111309350851818,0.7671886468314387,112,112,112,112,112,112,1.0000,1.0000,30.8784,37.4972,3.0015,0,False,6.56,True,0.21896923771744822,0.036286145941713886,-0.9750568129838058,4.47
1012,39,370000000,39.370000000,76.08476696295921,-51.65580586342955,-92.06907956628413,0.37655799410388824,0.5333298146552535,-0.12163806867137182,0.7476413352177285,112,112,112,112,112,112,1.0000,1.0000,29.1757,35.5105,2.8274,0,False,6.56,True,-0.27822441418810717,-0.05513594480067751,-0.9589323244841741,4.12
1013,39,403000000,39.403000000,75.59652201599616,-50.862799858732544,-92.4334397565897,0.4024884816513831,0.5311966385670978,-0.13663510096524997,0.7329147307137415,112,112,112,112,112,112,1.0000,1.0000,27.0879,33.0494,2.6317,0,False,6.56,True,0.30218779284214964,0.10185548632190732,-0.9477911150476764,3.83
1014,39,436000000,39.436000000,74.83887799406895,-50.428500619394335,-92.92063551472825,0.42440741721772185,0.5278592042468102,-0.15055113135479462,0.7201231572101388,112,112,112,112,112,112,1.0000,1.0000,24.7922,30.2558,2.4188,0,False,6.56,True,0.229875117643412,-0.41505431797125886,-0.8802768561207551,3.34
1015,39,469000000,39.469000000,74.15736750892032,-49.754522860788356,-92.63550845614402,0.4456108140113254,0.5299457288969989,-0.15684453619460934,0.7042643809862106,112,112,112,112,112,112,1.0000,1.0000,22.3027,27.3281,2.1891,0,False,6.56,True,-0.36819455202891904,0.07646938582741501,-0.9265987291634937,3.13
1016,39,502000000,39.502000000,73.3372501647163,-50.32536593843284,-92.67482413292986,0.4618464649704724,0.52485186748103,-0.16673666898729508,0.6952893233834204,112,112,112,112,57,112,1.0000,1.0000,19.6808,24.1599,1.9804,0,False,6.56,True,-0.42777503571685754,-0.9027158611247511,-0.04596295128949073,2.48
1017,39,535000000,39.535000000,73.3372501647163,-50.32536593843284,-92.67482413292986,0.4618464649704724,0.52485186748103,-0.16673666898729508,0.6952893233834204,2000,0,0,0,0,0,0.0000,0.0000,0.0000,0.0000,0.0000,1,False,8.20,True,0.0,0.0,0.0,0.00
1018,39,568000000,39.568000000,72.44457580816251,-50.239799342855605,-93.11732933162538,0.4721292910621237,0.5230158170440813,-0.1740556893218325,0.6879338664854276,2000,1918,1709,1709,1657,1575,0.8910,0.9590,51.1754,706.7378,8.7501,0,False,8.20,True,0.06152597401669808,-0.802183067069885,-0.5938997233773131,1.69
1019,39,601000000,39.601000000,71.61791372016133,-50.1204592943295,-93.66722727222825,0.4802611535712248,0.5213798495614713,-0.1801262668588053,0.6819580667674549,1657,1648,1635,1635,1538,1616,0.9921,0.9946,13.9315,705.1408,2.3246,0,False,8.20,True,0.1921283051565278,-0.8044064127667128,-0.5621539268362972,1.36
1020,39,634000000,39.634000000,71.34290100598886,-49.39053053021489,-94.2929844187009,0.4868161642013552,0.5197565284165802,-0.1845827674697378,0.677342140571393,1538,1525,1510,1510,904,1512,0.9902,0.9915,9.1711,683.6467,1.6084,0,False,8.20,True,0.6318226465231926,-0.15180258817477982,-0.7601027019843218,1.07
1021,39,667000000,39.667000000,71.51699144412518,-48.91794670896336,-95.1569040047972,0.49078893840605203,0.5186517006916751,-0.1873910322129731,0.6745452040849822,904,904,904,904,168,885,1.0000,1.0000,4.7841,11.7138,1.0844,0,False,8.20,True,0.9527002309532322,-0.0559577169319125,-0.29871559024835964,0.66
1022,39,700000000,39.700000000,71.49047890035426,-48.59189083412865,-96.10188265614788,0.49211933396867563,0.5184421077104299,-0.188969707261929,0.6732954714123177,168,166,166,166,37,165,1.0000,0.9881,1.8892,2.8316,1.6748,0,False,6.56,True,0.9082053872908119,-0.3161216961433678,-0.2742809649308294,0.28
1023,39,733000000,39.733000000,71.49047890035426,-48.59189083412865,-96.10188265614788,0.49211933396867563,0.5184421077104299,-0.188969707261929,0.6732954714123177,2000,0,0,0,0,0,0.0000,0.0000,0.0000,0.0000,0.0000,1,False,8.20,True,0.0,0.0,0.0,0.00
1024,39,766000000,39.766000000,72.32101822890034,-48.81550877851738,-95.59178517655643,0.487996096212846,0.5199998674450391,-0.18656078641137597,0.6757625477279231,2000,1983,1883,1883,1451,1825,0.9496,0.9915,17.5235,399.1878,5.6455,0,False,8.20,True,-0.183435995161887,0.7738927264052468,0.6061693523232778,0.64
1025,39,799000000,39.799000000,73.13040139306369,-49.39155002432098,-95.47743756310544,0.4805995604652665,0.5209263483999619,-0.18329776050484495,0.6812207667248428,1451,1450,1410,1410,1410,1410,0.9724,0.9993,11.9540,222.6396,1.3833,0,False,6.56,True,0.06703852601974121,0.40649857192347244,0.9111886451516382,1.12
1026,39,832000000,39.832000000,73.9593062556569,-49.68688284930902,-95.00236362017246,0.4700211733305302,0.5239769733924614,-0.17677851107735054,0.6879517323161143,1410,1406,1402,1402,1395,1401,0.9972,0.9972,15.5210,27.4175,1.5748,0,False,6.56,True,-0.1716639618981217,0.7033392233227714,0.6898154978841523,1.66
1027,39,865000000,39.865000000,74.68796332012414,-50.2281145940716,-94.58268864967363,0.4560326783791517,0.5266065155965933,-0.1685232031230474,0.6973662624408357,1395,1384,1377,1377,1376,1376,0.9949,0.9921,19.9834,66.0254,1.8823,0,False,6.56,True,-0.2242412580035441,0.46153094739448375,0.8583152351007982,2.17
1028,39,898000000,39.898000000,75.51830515333283,-50.283242066015475,-94.02816777372695,0.4394293447289334,0.5300875811206216,-0.1571054863864309,0.707973780220759,1376,1368,1359,1359,1359,1361,0.9934,0.9942,24.0300,40.4355,2.2073,0,False,6.56,True,-0.1833875306626432,0.8191904615689644,0.5434114474980126,2.64
1029,39,931000000,39.931000000,76.38815327987778,-50.052395193498825,-93.59219305175847,0.4179461193672473,0.5355485473189371,-0.1438298359673274,0.7195983414767204,1359,1334,1316,1316,1290,1315,0.9865,0.9816,27.5255,67.0268,2.5271,0,False,6.56,True,0.006830193087082379,0.927689166309253,0.3732909845882117,3.25
1030,39,964000000,39.964000000,76.34888616349605,-49.11491827191027,-93.24636778509931,0.3931902501276234,0.5419711870170714,-0.12149785002892308,0.7327393343380938,1290,1286,1243,1243,1243,1243,0.9666,0.9969,30.9538,121.4623,2.9277,0,False,6.56,True,-0.09762878979218241,0.7002079475533957,-0.7072322458618352,4.17
1031,39,997000000,39.997000000,76.909954881186,-48.29472791555627,-93.13461057784328,0.36685713762070304,0.5477220919709824,-0.10543670475674276,0.7445128956799303,1243,1221,1181,1181,1176,1179,0.9672,0.9823,32.2379,96.3096,3.1170,0,False,6.56,True,0.3189795158865992,0.9310774655683495,-0.17705033621987262,3.84
1032,40,30000000,40.030000000,77.665697832193,-48.27602506462632,-92.48000932870738,0.3388792121154541,0.5513241229978365,-0.0882824832107254,0.7572376074620328,1176,1162,1133,1133,1132,1132,0.9750,0.9881,33.4119,77.0718,3.1985,0,False,4.92,True,-0.294440135995485,0.7175903258492632,0.6311648996597551,4.05
1033,40,63000000,40.063000000,78.01968748934999,-47.404565737484965,-92.14052447814082,0.31719102885629435,0.5534831472186597,-0.06486661047570878,0.7673581822091987,1132,1117,1091,1091,1089,1087,0.9767,0.9867,34.1816,78.6494,3.3216,0,False,4.92,True,0.03862221292728082,0.9785073540267326,-0.20256278726410343,3.85
1034,40,96000000,40.096000000,78.62012814992795,-46.88220044924795,-91.53504490064068,0.28999901866541267,0.5546178111057686,-0.04554517635155104,0.7786047069524109,1089,1083,1061,1061,1060,1060,0.9797,0.9945,34.7475,68.7679,3.3839,0,False,4.92,True,-0.18031817717222326,0.9347303232374353,0.306210022373087,4.04
1035,40,129000000,40.129000000,77.95665748258276,-46.151578066681985,-91.37380716415781,0.2562004920274136,0.5613148076573444,-0.017034530826721888,0.7867635091620753,1060,1053,1034,1034,1034,1033,0.9820,0.9934,34.6639,63.1550,3.4265,0,False,4.92,True,-0.21285657785523396,0.4088898191893013,-0.8874126396593072,5.21
1036,40,162000000,40.162000000,78.33608744426837,-45.339306281560454,-90.93080891216272,0.2302192834364871,0.5604893436428724,0.003893983293473629,0.7955096568181196,1034,1024,1006,1006,1006,1005,0.9824,0.9903,34.5105,77.5296,3.3909,0,False,4.92,True,-0.043177954575964884,0.994586746933159,0.09451384588276976,3.95
1037,40,195000000,40.195000000,78.20279138262647,-46.18230619868805,-90.40967236606983,0.19425659492060007,0.5614183048231113,0.02181130346421701,0.8041132565631472,1006,1000,984,984,873,983,0.9840,0.9940,33.9194,60.1132,3.3639,0,False,4.92,True,-0.7361078560424378,-0.5940303992982828,0.32445817755471656,4.71
1038,40,228000000,40.228000000,77.81237336636048,-45.26400783569955,-90.47526115404104,0.16408777905057545,0.5626253013131202,0.042743304145906644,0.8091359471925967,873,873,863,863,862,862,0.9885,1.0000,32.2669,71.1067,3.3357,0,False,4.92,True,0.14723849221731047,0.7545602376070013,-0.639499549829426,4.25
1039,40,261000000,40.261000000,77.89031460114198,-46.10889911833753,-89.9460316344155,0.12924293504920648,0.5614626934265015,0.058569207246034954,0.8152457025907565,862,862,846,846,846,846,0.9814,1.0000,31.4014,95.6205,3.3226,0,False,4.92,True,-0.6605593211172407,-0.621321966450585,0.42145034973423406,4.44
1040,40,294000000,40.294000000,78.09234087992074,-45.32907225728408,-89.35353230997514,0.09934887378041468,0.5587679878831421,0.07631248023562541,0.8198076252120831,846,846,846,846,846,846,1.0000,1.0000,30.1425,42.1336,3.1076,0,False,4.92,True,-0.2725256794624146,0.9222770258543987,0.274107354178457,4.03
1041,40,327000000,40.327000000,77.15964479431715,-45.25634326742973,-89.70678647617062,0.06607970971433301,0.5591869268620103,0.09741717070999822,0.8206420338013092,846,846,846,846,836,846,1.0000,1.0000,28.6553,40.1327,2.9791,0,False,4.92,True,-0.003959570833380009,-0.004074586518842882,-0.9999838596415024,4.52
1042,40,360000000,40.360000000,77.18518608164379,-45.012078627626565,-88.73741429357845,0.03739694914424072,0.5559336770197382,0.11281669791712816,0.8226856067910098,836,836,831,831,619,835,0.9940,1.0000,26.8142,37.7191,2.8367,0,False,4.92,True,-0.811004190454876,0.4460448084734764,0.37857130358558727,3.76
1043,40,393000000,40.393000000,76.45385826679528,-44.49260003012277,-89.17934371550504,0.014490387262516533,0.5557423503455339,0.1285683499084771,0.8212250897964672,619,619,619,619,619,619,1.0000,1.0000,24.6935,33.2342,2.7036,0,False,4.92,True,0.2578799566406847,0.5275190540687077,-0.8094575810735571,3.19
1044,40,426000000,40.426000000,76.9387872159215,-45.193840263261826,-88.65674822210082,-0.0105834643490346,0.5513894086444808,0.1400534013608842,0.8223398051197021,619,619,619,619,611,619,1.0000,1.0000,22.4436,30.1781,2.5166,0,False,4.92,True,-0.46508281169472765,-0.6852364074994537,0.5604900035713118,3.20
1045,40,459000000,40.459000000,76.89123902375728,-44.95904345847035,-87.68586736953363,-0.0328059434710294,0.5475405473893212,0.1515335217333172,0.8222899189633035,611,611,611,611,313,607,1.0000,1.0000,19.8643,26.2595,2.3182,0,False,4.92,True,-0.8487574073386809,0.3700914696827318,0.37768130421798296,2.90
1046,40,492000000,40.492000000,76.88341195935406,-45.090088064560845,-86.69452179493443,-0.05103706729052515,0.5436068498593898,0.15971054529905124,0.8224228549041016,313,313,313,313,286,310,1.0000,1.0000,17.4015,22.7048,2.1753,0,False,4.92,True,-0.9332615951659583,-0.011492278167090392,0.3590135408739079,2.33
1047,40,525000000,40.525000000,76.65128820046056,-44.13483500264681,-86.5111910875748,-0.06434267583199933,0.5409598847517569,0.17072457785421455,0.8210210360719414,286,286,286,286,286,286,1.0000,1.0000,14.3117,19.0680,1.9940,0,False,4.92,True,-0.05206774785587787,0.9918464967776852,0.11631627772177873,2.01
1048,40,558000000,40.558000000,76.46901768975795,-43.3440314757348,-85.92689044342686,-0.07676586573594572,0.5387573271614446,0.17916464603925672,0.8196020826579777,286,286,286,286,286,286,1.0000,1.0000,11.3501,15.1252,1.7287,0,False,4.92,True,-0.4301849865286392,0.8481354644953755,0.30920399614262484,1.75
1049,40,591000000,40.591000000,76.20662208450707,-42.99962394466315,-85.0254848749472,-0.08606032349966121,0.5371861092101696,0.18445789544426794,0.8185352708338505,286,286,286,286,83,286,1.0000,1.0000,8.2988,11.1593,1.5052,0,False,4.92,True,-0.8414207886945636,0.47759442283585357,0.25281341663113277,1.24
1050,40,624000000,40.624000000,76.20662208450707,-42.99962394466315,-85.0254848749472,-0.08606032349966121,0.5371861092101696,0.18445789544426794,0.8185352708338505,2000,0,0,0,0,0,0.0000,0.0000,0.0000,0.0000,0.0000,1,False,6.56,True,0.0,0.0,0.0,0.00
1051,40,657000000,40.657000000,75.95003969079956,-43.360061549820685,-84.12868489277301,-0.08857093912755458,0.5368751067759244,0.18624305398284968,0.8180671325200299,2000,2000,1987,1987,62,1985,0.9935,1.0000,2.4137,17.1173,3.1535,0,False,6.56,True,-0.9836826802579067,-0.1779894731950669,0.026232270057376952,0.36
1052,40,690000000,40.690000000,75.95003969079956,-43.360061549820685,-84.12868489277301,-0.08857093912755458,0.5368751067759244,0.18624305398284968,0.8180671325200299,2000,0,0,0,0,0,0.0000,0.0000,0.0000,0.0000,0.0000,1,False,8.20,True,0.0,0.0,0.0,0.00
1053,40,723000000,40.723000000,76.67597276115193,-43.90618467494294,-83.71062902380876,-0.08465040911493746,0.5376058332740644,0.1837851676390605,0.8185580543994756,2000,1999,1908,1908,1880,1871,0.9545,0.9995,18.1044,642.5790,4.9094,0,False,6.56,True,-0.238393867123843,-0.7668922195012662,0.5958562643676423,0.54
1054,40,756000000,40.756000000,76.58435971361524,-43.13328275818939,-84.33850614283742,-0.07502513417350407,0.5400124346016114,0.17916162544152547,0.8189376726510013,1880,1876,1811,1811,471,1807,0.9654,0.9979,17.4953,697.8024,2.9364,0,False,6.56,True,0.701878995860435,0.7084545363574607,-0.07387858339520952,1.26
1055,40,789000000,40.789000000,76.14025601955927,-42.597348635662286,-85.0565218287642,-0.06297068062152834,0.5427210124611903,0.1720667272894404,0.8196838642885825,471,468,467,467,199,394,0.9979,0.9936,13.0951,62.2290,5.8656,0,False,6.56,True,0.611628759032563,0.611095819535919,-0.5024660789247475,1.63
1056,40,822000000,40.822000000,76.74927923439594,-42.66409215171309,-85.84686101345339,-0.04741600738462756,0.545527882646854,0.16179378893869883,0.820959086288349,199,197,195,195,180,178,0.9898,0.9899,23.8471,237.8752,9.9951,0,False,6.56,True,0.9202316143335048,-0.3417051268469898,0.19081766759824498,2.17
1057,40,855000000,40.855000000,75.97798922389245,-42.311082342692124,-85.31724247673807,-0.019565926525462955,0.560205494057275,0.16323820525453187,0.8118745391330632,180,180,180,180,179,166,1.0000,1.0000,23.1469,34.1936,11.3506,0,False,6.56,True,-0.6788331207977675,0.6299962061231934,-0.3772139636576915,3.76
1058,40,888000000,40.888000000,75.98824167806681,-41.86093441482371,-86.21013761628087,-0.00032238541829589864,0.5616207628375565,0.1466262671827216,0.8142989331869865,179,179,178,178,170,160,0.9944,1.0000,26.9116,39.8250,12.8770,0,False,6.56,True,0.9306288459134567,0.2879334623704659,-0.22588552941953446,2.93
1059,40,921000000,40.921000000,75.5173976753357,-41.04643480362289,-86.54910119610298,0.02507770627606069,0.5664730736575924,0.13343207983827432,0.8128193191225734,170,170,169,169,165,145,0.9941,1.0000,29.7572,39.4943,13.9464,0,False,6.56,True,0.3506970722014908,0.8364347419536917,-0.42117512509900623,3.33
1060,40,954000000,40.954000000,74.98251394622983,-40.582175056936876,-85.84315340487134,0.08269364419500948,0.5861403371252182,0.15984341305871735,0.7899692080747356,165,165,164,164,164,145,0.9939,1.0000,32.1106,57.6218,14.3677,0,False,6.56,True,-0.7040329649954267,0.6834689344205975,-0.19289323441147832,8.04
1061,40,987000000,40.987000000,74.80517682198473,-39.71921667708384,-86.3162859222551,0.10864697536455437,0.5908247608504446,0.14165320526472022,0.7868013130062633,164,164,157,157,111,133,0.9573,1.0000,34.8792,73.7060,15.2378,0,False,6.56,True,0.6808100410752572,0.6841818551593224,-0.26152031860231145,3.69
1062,41,20000000,41.020000000,75.19426413806917,-40.30101828263977,-87.03051134341759,0.07773670177212236,0.5804743934448203,0.04545672599541692,0.8092837387555972,111,111,110,110,110,96,0.9910,1.0000,35.7720,93.9115,17.0478,0,False,6.56,True,0.5395000349054585,-0.8231549103426596,0.17707542436989088,11.93
1063,41,53000000,41.053000000,74.90683689857448,-39.696766948790305,-86.28736539036558,0.13255416947719173,0.5860507256648454,0.058203655275118206,0.7972366484391791,110,109,109,109,102,91,1.0000,0.9909,37.2696,95.0316,16.8335,0,False,6.56,True,-0.6865126180211625,0.7223809522240441,-0.08286244723403248,6.63
1064,41,86000000,41.086000000,75.05997886614102,-38.87348474378604,-86.83394928026097,0.15982009093266056,0.58710792131546,0.038827101067264766,0.792624932414839,102,102,99,99,53,86,0.9706,1.0000,36.0025,87.3667,15.4402,0,False,6.56,True,0.7535414808419616,0.6455430302689156,-0.12429574699775273,3.87
1065,41,119000000,41.119000000,75.05997886614102,-38.87348474378604,-86.83394928026097,0.15982009093266056,0.58710792131546,0.038827101067264766,0.792624932414839,2000,0,0,0,0,0,0.0000,0.0000,0.0000,0.0000,0.0000,1,False,8.20,True,0.0,0.0,0.0,0.00
1066,41,152000000,41.152000000,74.89219091395613,-39.83207497179643,-87.06406224787592,0.18770048551618845,0.5879666127450849,0.019130808575073044,0.7865734563264403,2000,1928,1567,1567,1330,1487,0.8128,0.9640,40.8948,638.7338,7.2525,0,False,8.20,True,-0.07919131864667288,-0.9966820573163141,-0.018804565262744856,3.97
1067,41,185000000,41.185000000,74.6792826481479,-40.794685655365,-87.23154580596498,0.21651881719673013,0.587666573429262,0.0005673414241377109,0.7795943037229988,1330,1327,1281,1281,1120,1269,0.9653,0.9977,35.8075,641.0394,3.5465,0,False,8.20,True,-0.15327408269147832,-0.9878863197411462,0.02424200576230791,4.01
1068,41,218000000,41.218000000,74.06703498944015,-40.76556618498628,-88.02167545409351,0.24649096022415715,0.5877931180779136,-0.019157438024044602,0.7703080224406155,1120,1119,1103,1103,1096,1044,0.9857,0.9991,33.0120,77.1880,3.1396,0,False,8.20,True,0.5418590425167998,-0.39614471529830947,-0.7412544384919382,4.25
1069,41,251000000,41.251000000,73.36429393314232,-41.29878274385744,-88.49266920048406,0.2690516324976663,0.5896251294870051,-0.03803956589445773,0.760596093307305,1096,1091,1078,1078,1076,1071,0.9881,0.9954,32.0011,85.3083,3.0786,0,False,8.20,True,0.07555942363705269,-0.8606577177866542,-0.5035464887315809,3.56
1070,41,284000000,41.284000000,73.36970212173651,-42.298730008237925,-88.50139960448954,0.2943337838506651,0.5868713779950062,-0.05883223810619113,0.7519896123842462,1076,1071,1066,1066,1066,1066,0.9953,0.9954,30.4755,59.9391,2.8769,0,False,8.20,True,-0.24975860396635396,-0.8534361628084159,0.45745749065418667,3.89
1071,41,317000000,41.317000000,72.65184364456007,-42.843082621936944,-88.93540356611311,0.30879541753257683,0.5901582720871817,-0.07746434697793747,0.741861091408112,1066,1066,1065,1065,1065,1063,0.9991,1.0000,28.8543,44.3572,2.7239,0,False,8.20,True,0.039805629477805186,-0.9199369116159628,-0.39004049854900963,2.97
1072,41,350000000,41.350000000,72.79795186980712,-43.444276655061884,-88.14977125959172,0.33338082852530615,0.5861479788829863,-0.09287853324485915,0.7325717357948327,1065,1063,1056,1056,530,1061,0.9934,0.9981,26.9267,42.6452,2.5791,0,False,8.20,True,-0.8329524226770395,-0.12116136010712636,0.5399168328302443,3.52
1073,41,383000000,41.383000000,72.76463895955483,-44.25174363634185,-87.56079984759184,0.3556422724597605,0.5822380013503091,-0.1075409363391904,0.7231544999753132,530,529,529,529,476,529,1.0000,0.9981,23.7198,37.5290,2.5823,0,False,8.20,True,-0.7578192214745035,-0.4080446003953953,0.5091263415419984,3.27
1074,41,416000000,41.416000000,72.36685268955918,-44.97471431434562,-86.99592863912947,0.3749815109404224,0.578596965225194,-0.1200434994057246,0.7142856407176762,476,476,476,476,418,476,1.0000,1.0000,21.9277,33.8665,2.3702,0,False,8.20,True,-0.8247293702334534,-0.5301583286343767,0.19685937227862882,2.86
1075,41,449000000,41.449000000,72.81336647603133,-45.86226218495098,-87.10943729903765,0.3941961368405546,0.5764040097040758,-0.13383995106013905,0.7031747228088238,418,417,417,417,200,417,1.0000,0.9976,19.8202,29.8257,2.1264,0,False,8.20,True,0.005799356836978531,-0.3870799933161451,0.9220278988374757,3.01
1076,41,482000000,41.482000000,72.40629270944254,-46.77433088661647,-87.0602272187954,0.40867637968427545,0.5739576354219362,-0.1449213015780234,0.694661115780886,200,198,198,198,198,198,1.0000,0.9900,17.8687,25.0224,1.9823,0,False,8.20,True,-0.40987850492124706,-0.8378599372939772,0.3605417266853533,2.32
1077,41,515000000,41.515000000,72.910415767688,-46.9201189746015,-86.20898942854706,0.4252866018785972,0.5668708854245083,-0.15045710746744143,0.6893122400865376,198,195,195,195,195,194,1.0000,0.9848,14.4933,22.4786,1.7617,0,False,8.20,True,-0.667853802540877,0.5887409628961299,0.45536290696523474,2.25
1078,41,548000000,41.548000000,73.2764342946204,-46.05166246104614,-86.54337501735961,0.43523704204109875,0.5658600765193302,-0.15694716960115943,0.6824504941686522,195,191,191,191,85,191,1.0000,0.9795,10.9631,15.4717,1.4535,0,False,6.56,True,0.656929320897976,0.6283721342375339,-0.4166441266336187,1.58
1079,41,581000000,41.581000000,73.2764342946204,-46.05166246104614,-86.54337501735961,0.43523704204109875,0.5658600765193302,-0.15694716960115943,0.6824504941686522,2000,0,0,0,0,0,0.0000,0.0000,0.0000,0.0000,0.0000,1,False,8.20,True,0.0,0.0,0.0,0.00
1080,41,614000000,41.614000000,74.17686346369783,-45.836377801419914,-86.92136949721899,0.43857724514255175,0.5654497962147488,-0.15953821308111185,0.6800471208458682,2000,2000,1881,1881,173,1833,0.9405,1.0000,17.3498,409.3455,6.0746,0,False,8.20,True,0.6829458250882954,0.6021140154906572,0.41357431296465197,0.56
1081,41,647000000,41.647000000,75.11861848887429,-45.54068164984773,-87.0815608156488,0.43910559292741347,0.5654241279661915,-0.16031404665669552,0.6795448772657267,173,173,170,170,135,166,0.9827,1.0000,3.1755,117.7498,4.6898,0,False,8.20,True,0.5197077186440258,0.7716829995638642,0.3666186511430358,0.12
1082,41,680000000,41.680000000,75.77766753543688,-44.83600163343324,-86.81872925610726,0.4374016098434671,0.5660044704843098,-0.1576551545451316,0.6807816267669613,135,135,134,134,134,132,0.9926,1.0000,4.0383,5.7949,3.8460,0,False,8.20,True,0.16117193558197962,0.976772320473056,-0.14120708600647436,0.39
1083,41,713000000,41.713000000,75.6592224100149,-44.624222675153646,-87.78884287063588,0.4275319262104785,0.571153808629012,-0.15740437266041338,0.6828057135281702,134,134,134,134,134,134,1.0000,1.0000,9.1935,11.9315,3.8200,0,False,8.20,True,0.9041483722104949,-0.36847397172937585,-0.2162004930315642,1.30
1084,41,746000000,41.746000000,76.4523084928977,-44.4533293259832,-88.37348800090462,0.41710048786057247,0.5725411149049244,-0.15254848431303938,0.6891682049425183,134,134,134,134,127,134,1.0000,1.0000,14.9647,18.7188,4.8982,0,False,6.56,True,0.8177726257680102,0.42153141268900385,0.39186630457454075,1.52
1085,41,779000000,41.779000000,75.57045413754986,-44.43592409570386,-88.84468854622787,0.4054762637148097,0.5773157794865023,-0.14471528861457295,0.6937960619382121,127,125,124,124,76,104,0.9920,0.9843,32.0488,201.9206,8.5676,0,False,6.56,True,0.1738049368641684,-0.7846545526203554,-0.5950706487248318,1.78
1086,41,812000000,41.812000000,75.57045413754986,-44.43592409570386,-88.84468854622787,0.4054762637148097,0.5773157794865023,-0.14471528861457295,0.6937960619382121,2000,0,0,0,0,0,0.0000,0.0000,0.0000,0.0000,0.0000,1,False,8.20,True,0.0,0.0,0.0,0.00
1087,41,845000000,41.845000000,76.40077558740727,-44.29075602950925,-88.3066434528909,0.38788368583704563,0.5812101129099221,-0.1316080802072084,0.7031503140416541,2000,1919,1840,1840,1420,1759,0.9588,0.9595,30.9209,533.9666,6.2296,0,False,8.20,True,-0.21328453186260907,0.8596427994107486,0.46424558790515086,2.77
1088,41,878000000,41.878000000,77.06620363236047,-43.633197383360766,-87.95334167839049,0.3684562866819369,0.5851370141306159,-0.11530516749600497,0.7131334782827012,1420,1406,1357,1357,1352,1356,0.9651,0.9901,29.6525,637.0557,3.0116,0,False,8.20,True,0.04274335228860781,0.998774052988942,0.024967917637925396,3.16
1089,41,911000000,41.911000000,77.90574501963081,-43.36649075727617,-87.48001532727244,0.3460993890245411,0.5885527813093052,-0.09898099478962805,0.7238947431777469,1352,1340,1295,1295,1285,1293,0.9664,0.9911,31.3238,217.5726,3.0263,0,False,8.20,True,-0.1217732182534197,0.8721430624357722,0.4738541568471861,3.43
1090,41,944000000,41.944000000,78.38415857912503,-42.534538496562114,-87.1989888125361,0.32413614906295635,0.5919328757949176,-0.08064883009294256,0.7335168666284608,1285,1277,1262,1262,1262,1231,0.9883,0.9938,31.5195,372.7187,2.8189,0,False,8.20,True,0.09859435459920786,0.9878758878588106,-0.11991823642937981,3.48
1091,41,977000000,41.977000000,79.1502136656932,-43.14480085032288,-86.99714861850785,0.30023563332442965,0.5918195616598194,-0.06550751224210762,0.7451959049531258,1262,1257,1255,1255,1155,1256,0.9984,0.9960,25.6009,39.3314,2.3284,0,False,8.20,True,-0.12854090953309993,-0.012786058035687919,0.9916217783491402,3.51
1092,42,10000000,42.010000000,79.8791172675671,-42.68959192865961,-86.48579318750764,0.28958479314823765,0.5918879595189078,-0.0577923170417316,0.7499795590846354,1155,1149,1149,1149,1149,1146,1.0000,0.9948,18.7899,36.3553,1.7998,0,False,8.20,True,-0.1417765961518007,0.8885973578618779,0.43622715686268165,1.60
1093,42,43000000,42.043000000,80.55908047850336,-42.15184720423516,-85.9873148598675,0.28483930901798726,0.5909306397182967,-0.05338784021373802,0.752872688837623,1149,1145,1144,1144,1144,1137,0.9991,0.9965,14.1133,22.3803,1.4431,0,False,8.20,True,-0.12251573179890272,0.9184191716142701,0.3761597010222352,0.82
1094,42,76000000,42.076000000,80.94512752822578,-41.2746595885284,-85.7018160643336,0.28331026169763096,0.5911537611226034,-0.0502914657756638,0.7534874217912035,1144,1140,1140,1140,1140,1140,1.0000,0.9965,11.3302,18.3592,1.2518,0,False,8.20,True,0.0762955901742045,0.9952765534936465,-0.06002970086363968,0.40
1095,42,109000000,42.109000000,81.45059922476602,-40.50316126131797,-85.31543711160943,0.2825628742941375,0.5909597724867515,-0.049537286633266155,0.7539700435733875,1140,1139,1139,1139,1139,1135,1.0000,0.9991,9.9039,16.3827,1.1695,0,False,8.20,True,-0.005639118620785106,0.9933560634885058,0.11494316626837904,0.14
1096,42,142000000,42.142000000,81.70385960441824,-39.561512504954415,-85.09372378377962,0.28385899537722586,0.5914078001607221,-0.047408669341945354,0.7532684134647579,1139,1136,1136,1136,1136,1111,1.0000,0.9974,9.3770,15.7722,1.2918,0,False,8.20,True,0.11547952044920959,0.9716485471180675,-0.206309430807632,0.30
1097,42,175000000,42.175000000,81.93475288188897,-38.592113446007865,-85.17711298531292,0.2786372652153737,0.5930609661188195,-0.04960968961608915,0.7537763883246179,1136,1136,1136,1136,808,1115,1.0000,1.0000,9.3632,15.8489,1.3312,0,False,8.20,True,0.4011229474765511,0.8718503505325307,-0.2810290861886496,0.68
1098,42,208000000,42.208000000,82.52591341328458,-37.9217468051161,-84.72862910277138,0.279881780161001,0.5918299851738009,-0.050119393246045384,0.7542489669888426,808,807,807,807,807,807,1.0000,0.9988,10.7265,16.4056,1.2634,0,False,8.20,True,-0.06955352165839555,0.9645638977972305,0.25451678665881483,0.22
1099,42,241000000,42.241000000,83.2921614417485,-38.54111070857186,-84.55759602418375,0.26773179484231946,0.5904001222772534,-0.042715582611296245,0.760212312875615,807,807,807,807,600,807,1.0000,1.0000,11.3066,17.2528,1.3070,0,False,8.20,True,-0.0902289337725545,-0.14537552263729828,0.9852536206115664,1.78
1100,42,274000000,42.274000000,83.55812884069758,-37.61859253023047,-84.27791486048848,0.27449579118921547,0.5898447934457635,-0.039268888922503846,0.7584148829150992,600,600,600,600,600,600,1.0000,1.0000,11.9129,17.2501,1.3779,0,False,8.20,True,0.053852888992391476,0.9879966912450046,-0.14478399233373912,0.90
1101,42,307000000,42.307000000,84.21216986784468,-36.99154945434029,-83.85477503042455,0.2752894773362653,0.587373220105188,-0.03922785004725103,0.760045774774032,600,598,598,598,598,598,1.0000,0.9967,12.7044,18.1211,1.3411,0,False,8.20,True,-0.025083171336463206,0.9379432437857891,0.3458804792877123,0.35
1102,42,340000000,42.340000000,85.0352174144194,-37.55377892794713,-83.77420980787129,0.25939386735039505,0.5844712801639126,-0.028429287045801995,0.768309781196771,598,596,596,596,596,596,1.0000,0.9967,13.5077,19.2069,1.2983,0,False,8.20,True,0.030629384069583782,-0.13003372748859104,0.9910363618692004,2.42
1103,42,373000000,42.373000000,85.83389755909305,-38.15467137205916,-83.74198718983479,0.24263965839584908,0.5829200358450739,-0.01700649960177928,0.7752683451265233,596,596,596,596,596,596,1.0000,1.0000,14.3257,20.1731,1.3510,0,False,8.20,True,0.06635494173446788,-0.230222682690018,0.9708730803160764,2.46
1104,42,406000000,42.406000000,86.1981532975374,-37.31918940408721,-83.33054139971892,0.23948336642213314,0.5832845420442931,-0.01580575975432991,0.7760006689287645,596,596,595,595,595,595,0.9983,1.0000,15.0885,22.3439,1.4368,0,False,8.20,True,-0.04446707105767563,0.9959049524508494,0.07871470812639295,0.40
1105,42,439000000,42.439000000,86.99829885123923,-37.91776146015592,-83.36899379346539,0.22148990319180092,0.5832993028699472,-0.0020355592390207482,0.7814729698166818,595,594,594,594,467,594,1.0000,0.9983,15.7858,22.1814,1.4634,0,False,8.20,True,0.1378517103397356,-0.3000291629885337,0.9439170553140829,2.67
1106,42,472000000,42.472000000,87.48381202591553,-37.163724546875656,-82.92660788656228,0.21910553548535283,0.5817393567447775,-0.00025708948573033226,0.7833083805493503,467,467,467,467,467,467,1.0000,1.0000,16.4408,22.5307,1.5682,0,False,8.20,True,-0.056141249861612584,0.959137405959653,0.27731497715226977,0.44
1107,42,505000000,42.505000000,87.78777346717757,-36.247223797254065,-82.66654285975368,0.22285070922441116,0.5796010456997681,0.005225390612686318,0.7838194208584379,467,467,467,467,467,467,1.0000,1.0000,17.0445,23.1241,1.6385,0,False,8.20,True,0.09445436235551885,0.9953036498115773,0.021190047280869758,0.80
1108,42,538000000,42.538000000,88.07590184591545,-35.743424421870984,-81.85219144498885,0.21097006682314942,0.5815988459823135,0.006662607138701463,0.7856144238255763,467,467,467,467,363,467,1.0000,1.0000,17.5819,23.7580,1.6616,0,False,8.20,True,-0.5092279215250115,0.815229717767533,0.2758395026242354,1.41
1109,42,571000000,42.571000000,88.22382150117501,-36.382188749992444,-82.60724105177465,0.19400289916210314,0.5836691499332115,0.014026510637968774,0.7883504649153599,363,363,363,363,277,363,1.0000,1.0000,18.4187,24.4777,1.6964,0,False,8.20,True,0.5722576581375124,-0.803233054739805,0.16534156306365194,2.16
1110,42,604000000,42.604000000,87.60285911333753,-35.76856600650938,-82.11951895716393,0.1809155159639777,0.591601417412612,0.029675041501134175,0.7851093751260281,277,277,277,277,277,277,1.0000,1.0000,18.4717,23.9080,1.7792,0,False,8.20,True,-0.4912784567856465,0.5974692264295313,-0.6337791424210889,2.54
1111,42,637000000,42.637000000,87.81369689318056,-34.86164979509223,-81.75475819164824,0.17826754845805087,0.5910460968881617,0.03319468139486033,0.7859919246704256,277,277,277,277,277,277,1.0000,1.0000,18.8642,24.3274,1.8089,0,False,6.56,True,-0.03564914727746901,0.9976865047411665,0.05788589254510743,0.52
1112,42,670000000,42.670000000,88.43225781684731,-35.599452814724295,-82.0249971376466,0.15862980667848403,0.5930155710509561,0.045732424936964146,0.7880848064984125,277,277,277,277,262,277,1.0000,1.0000,19.1948,24.9177,1.7961,0,False,6.56,True,0.2389360049793896,-0.6775462418522746,0.6955865695054414,2.69
1113,42,703000000,42.703000000,88.48963456663361,-34.685328828463284,-81.62364287228218,0.14867901431038974,0.5938624932723904,0.048047760656563854,0.7892485682494967,262,262,262,262,262,262,1.0000,1.0000,19.7268,25.2999,1.7424,0,False,4.92,True,-0.11466300101946032,0.9930734296665962,-0.02564292275532024,1.18
1114,42,736000000,42.736000000,88.44948161695801,-33.7070586409963,-81.4202339714306,0.1431652710228339,0.5945934794397996,0.051661532359721554,0.7894893194051942,262,262,262,262,262,262,1.0000,1.0000,19.9760,25.6476,1.7430,0,False,4.92,True,0.04753044327768159,0.9858038241606402,-0.16103315569187837,0.76
1115,42,769000000,42.769000000,89.11909853259819,-34.42623360318221,-81.60570785113711,0.11952836650670115,0.5943902271104328,0.06396803441371747,0.7926672177459424,262,262,262,262,262,262,1.0000,1.0000,20.2029,26.2287,1.7820,0,False,4.92,True,0.1828520487146251,-0.6797970283961788,0.7102401906852281,3.08
1116,42,802000000,42.802000000,90.00933773165787,-34.87188534994707,-81.5115341336626,0.09520155555718336,0.5935740256235048,0.08010722763129631,0.7951033718994199,262,262,262,262,262,262,1.0000,1.0000,20.4075,26.5306,1.7867,0,False,4.92,True,0.05809275108024912,-0.3680470441739313,0.9279906279412313,3.36
1117,42,835000000,42.835000000,90.86740817961979,-35.17357101551198,-81.0959611971917,0.07487664358613179,0.5955607011031024,0.09351640786803478,0.7943271498610102,262,262,262,262,259,262,1.0000,1.0000,20.5855,26.7188,1.8400,0,False,4.92,True,-0.21604026392411396,-0.20224026066387396,0.9552096530763324,2.80
1118,42,868000000,42.868000000,90.03959215177088,-34.61295393927594,-81.07524603682653,0.07191180001687737,0.6106605441959265,0.1059720374395521,0.7814680544088656,259,259,259,259,259,259,1.0000,1.0000,20.7809,26.9445,1.8939,0,False,4.92,True,-0.11211792025484582,0.5984510143878853,-0.7932754599354747,2.71
1119,42,901000000,42.901000000,90.50732229490121,-33.742556680044224,-80.92150233995025,0.08251674751856207,0.5931468364966523,0.1283145684597938,0.7905081835464757,259,259,259,259,259,259,1.0000,1.0000,20.9003,27.1080,1.8395,0,False,4.92,True,0.18459895746269936,0.8426345769019644,0.5058559031116786,3.62
1120,42,934000000,42.934000000,90.61794391976277,-33.026750675771794,-80.23202092587115,0.07697812683191768,0.5905523090421044,0.12972512739257058,0.7927759643161928,259,259,257,257,257,259,0.9923,1.0000,21.0059,27.2253,1.9013,0,False,4.92,True,-0.38755397231755323,0.8657762825890422,0.31659650510892257,0.76
1121,42,967000000,42.967000000,89.92661379178867,-32.75570347640556,-80.90179407393772,0.06105768580125735,0.5921486396067015,0.13736892373076562,0.7916828445846092,257,256,256,256,110,247,1.0000,0.9961,21.0279,26.5731,2.0039,0,False,4.92,True,0.508303972883697,0.1536842973971472,-0.8473536498323443,2.04
1122,43,0,43.000000000,89.73162736731031,-31.95079618651533,-80.34134376485521,0.049263553154108596,0.5915940774004116,0.13972401436220944,0.7925066244050565,110,110,110,110,110,110,1.0000,1.0000,19.7887,26.1150,1.8073,0,False,4.92,True,-0.3336826235161688,0.9421989648886556,0.030282293937424976,1.38
1123,43,33000000,43.033000000,89.03532649750284,-31.24504114413412,-80.47201479783044,0.07270484475775005,0.6088888469197866,0.15044955672833726,0.7754568385962503,110,110,110,110,110,110,1.0000,1.0000,19.8466,26.1763,1.9092,0,False,4.92,True,0.1364403330307689,0.7565869194868964,-0.6395000146863028,4.06
1124,43,66000000,43.066000000,88.68112241168188,-30.311603182150925,-80.52887459660224,0.07799746280396311,0.6096780015952201,0.1590043078120693,0.7726103547482442,110,110,110,110,110,110,1.0000,1.0000,19.8723,26.2590,1.9386,0,False,4.92,True,0.2773688625699705,0.9157711449547449,-0.29056793378643186,1.20
1125,43,99000000,43.099000000,89.54662066950708,-30.440030546543994,-80.04470605386473,0.05795399218410095,0.6110627296181401,0.17185739384868562,0.7705249583505329,110,110,110,110,110,110,1.0000,1.0000,19.8777,26.2408,1.8232,0,False,4.92,True,-0.30957757811828324,-0.09848074455042487,0.9457606811869543,2.74
1126,43,132000000,43.132000000,89.28969130182615,-30.691403762265146,-80.97787206612678,0.04007458270215807,0.6138491895821543,0.18357905120506857,0.7667345904739312,110,110,110,110,72,110,1.0000,1.0000,19.8811,26.2388,1.9768,0,False,3.28,True,0.7258968947800859,-0.46432334407107395,-0.5074224377176119,2.51
1127,43,165000000,43.165000000,89.28969130182615,-30.691403762265146,-80.97787206612678,0.04007458270215807,0.6138491895821543,0.18357905120506857,0.7667345904739312,2000,0,0,0,0,0,0.0000,0.0000,0.0000,0.0000,0.0000,1,False,4.92,True,0.0,0.0,0.0,0.00
1128,43,198000000,43.198000000,88.93717834460952,-29.79759947423949,-80.7006564285785,0.03629954781364537,0.6127085443482857,0.1869619785657637,0.7670174711712275,2000,1976,1910,1910,1909,1873,0.9666,0.9880,19.0176,81.3259,3.9571,0,False,4.92,True,-0.024368629414120272,0.9920967659322157,-0.12308605496690285,0.60
1129,43,231000000,43.231000000,88.55798776291435,-28.91418282978388,-80.4253574364764,0.03082329341118911,0.6112603815613381,0.1898562293467725,0.767701297833344,1909,1895,1882,1882,1575,1852,0.9931,0.9927,18.6613,75.6711,3.0089,0,False,4.92,True,-0.030332040017044686,0.9896190414928571,-0.14047818358436845,0.73
1130,43,264000000,43.264000000,88.10466672862155,-28.044950088405113,-80.22803921333715,0.02716305783514654,0.6105887222635129,0.19364334166283778,0.7674280661816485,1575,1554,1540,1540,1540,1526,0.9910,0.9867,21.2729,33.7533,1.8209,0,False,4.92,True,0.021377350981059372,0.9751174987870094,-0.22065555153768365,0.61
1131,43,297000000,43.297000000,87.7252104158504,-27.16737888630285,-79.9349834303557,0.021419354490141276,0.608610235760284,0.19635494289148392,0.7684917231715117,1540,1526,1512,1512,1468,1504,0.9908,0.9909,21.1388,57.5720,1.7763,0,False,4.92,True,-0.04968414984326287,0.9921730396926547,-0.11456065887288706,0.77
1132,43,330000000,43.330000000,87.18119651264897,-26.339370776554006,-79.79914734047652,0.01620706637345975,0.6079693254577381,0.19981377450142837,0.7682350459472163,1468,1455,1450,1450,1450,1447,0.9966,0.9911,21.3913,33.5188,1.7122,0,False,4.92,True,0.046502074155328345,0.9503346247125466,-0.3077363452238224,0.72
1133,43,363000000,43.363000000,86.74015313485751,-25.48035515356301,-79.53919946423272,0.012849743973521309,0.6066049109073298,0.20347656117250193,0.7684156786507798,1450,1440,1438,1438,1437,1434,0.9986,0.9931,21.1894,35.0733,1.7412,0,False,4.92,True,-0.04027036644069866,0.9863136683669543,-0.15988635082224364,0.59
1134,43,396000000,43.396000000,86.21682162841392,-24.649371934854155,-79.35054362788586,0.008140868346647553,0.6054316983928236,0.20687278232950612,0.7684984299105577,1437,1419,1418,1418,1418,1415,0.9993,0.9875,20.9681,32.4133,1.7415,0,False,4.92,True,0.0030661153252854565,0.967688087945319,-0.252131639001424,0.68
1135,43,429000000,43.429000000,85.60158319723584,-23.863322110876595,-79.2904824338723,0.003054255692728925,0.604821930306576,0.21069727570795488,0.7679764072884249,1418,1403,1399,1399,1399,1389,0.9971,0.9894,20.6952,32.0979,1.7582,0,False,4.92,True,0.0904453997718613,0.9240202803025898,-0.37149179163156715,0.74
1136,43,462000000,43.462000000,85.12353730550707,-23.0262267160735,-79.02450607138748,-0.0009916447407874282,0.6028948920782484,0.21414660475913247,0.7685427752681051,1399,1388,1384,1384,1384,1383,0.9971,0.9921,20.4746,36.4495,1.7833,0,False,4.92,True,-0.05860370052680531,0.9847331946343313,-0.1639089432271125,0.65
1137,43,495000000,43.495000000,84.5694345556239,-22.210808059124506,-78.85698724715759,-0.0034008892668597143,0.6019021225772028,0.21817024625166015,0.7681822781343909,1384,1358,1354,1354,1354,1352,0.9971,0.9812,20.1655,31.3099,1.7722,0,False,4.92,True,0.011649748407759756,0.9666814540668696,-0.2557171283375414,0.55
1138,43,528000000,43.528000000,84.03895604790465,-21.428973502266913,-78.52937882456864,-0.009614476933533402,0.5996487436409222,0.2206582444982755,0.7691806583749342,1354,1346,1344,1344,1302,1318,0.9985,0.9941,19.8707,30.8720,1.7687,0,False,4.92,True,-0.14018634228333549,0.9717003505989935,-0.19012158763016002,0.82
1139,43,561000000,43.561000000,83.33728967953678,-20.716556250130807,-78.54060229819572,-0.01470032325517175,0.5991090214101524,0.2244753046929209,0.7684159801462899,1302,1289,1289,1289,1289,1289,1.0000,0.9900,19.9534,30.3471,1.7134,0,False,4.92,True,0.11528836879471115,0.8863789173856452,-0.44837596594254014,0.74
1140,43,594000000,43.594000000,82.86184789372166,-19.924060556637325,-78.15862627264545,-0.017255221569817895,0.5969286029166047,0.2283886017648704,0.7689064617575369,1289,1276,1274,1274,1274,1260,0.9984,0.9899,19.6619,42.2998,1.7358,0,False,3.28,True,-0.18100641341189294,0.9787902655887004,-0.09594943612426361,0.59
1141,43,627000000,43.627000000,82.38269044579914,-19.181312945038876,-77.6909360700913,-0.02353134219786163,0.593767293689578,0.23074353063163763,0.7704830302807246,1274,1259,1257,1257,1257,1172,0.9984,0.9882,19.3362,29.3283,1.7662,0,False,3.28,True,-0.27514310146717275,0.9580915099631696,-0.0797303722023093,0.87
1142,43,660000000,43.660000000,82.09854410867774,-18.409547510462527,-77.12204330946444,-0.027120971530361325,0.5891248264110279,0.23572212240557458,0.7724192338478093,1257,1239,1238,1238,1238,1218,0.9992,0.9857,18.9576,30.0508,1.7555,0,False,3.28,True,-0.3273839459837874,0.9329598342774356,0.14968533507697002,0.91
1143,43,693000000,43.693000000,81.37773021147969,-17.72101556103213,-77.04234964459893,-0.03191594621320813,0.5876658729210256,0.2388573589443079,0.77238420249215,1238,1231,1229,1229,1227,1227,0.9984,0.9943,18.6042,28.1780,1.7479,0,False,3.28,True,0.014813086685285673,0.9153177855202034,-0.4024598414416589,0.68
1144,43,726000000,43.726000000,80.56025814115664,-17.172997033305098,-77.21959271924389,-0.03835621277894629,0.5870430661843932,0.2427144738139946,0.7713617332920256,1227,1218,1216,1216,1216,1171,0.9984,0.9927,18.2571,31.3236,1.8043,0,False,3.28,True,0.18569133474585028,0.7756451376270451,-0.6032357322604711,0.87
1145,43,759000000,43.759000000,81.3399495030929,-16.647164215705498,-76.87962032616285,-0.06403879425820339,0.5781030570716991,0.26299999575972244,0.7697576829526921,1216,1188,1186,1186,920,1187,0.9983,0.9770,17.7782,26.8648,1.7453,0,False,3.28,True,0.009422926989297172,0.21203471972062313,0.9772167037458739,3.89
1146,43,792000000,43.792000000,80.9503604166884,-15.925990600304644,-76.30679490755423,-0.06856772939539113,0.5732703038112692,0.26873474578422196,0.7710001696899846,920,908,908,908,908,904,1.0000,0.9870,17.3158,28.6889,1.8825,0,False,3.28,True,-0.36579874351627034,0.9197924673956502,0.14203202513566912,1.01
1147,43,825000000,43.825000000,80.11064887151825,-15.396090612988898,-76.42549842203756,-0.0710450515116698,0.5735861827828884,0.27297809698648234,0.7690477554364864,908,882,881,881,881,881,0.9989,0.9714,16.5699,25.7865,1.8494,0,False,1.64,True,0.12073008923427797,0.838338394492078,-0.5316135644186748,0.61
1148,43,858000000,43.858000000,80.76850392778152,-15.504897522552442,-75.68025498437437,-0.08256926409693718,0.5682434234693131,0.2749361188614297,0.7711626669229904,881,865,860,860,519,846,0.9942,0.9818,15.6520,23.7152,1.8247,0,False,1.64,True,-0.5962568409881821,-0.269380226235502,0.7562486848174371,1.49
1149,43,891000000,43.891000000,80.2991366532406,-14.800646446544649,-75.14759676043349,-0.08513935432758327,0.5650250678261697,0.2823803987513328,0.7705577677719905,519,496,494,494,494,492,0.9960,0.9557,13.9432,23.2112,1.8957,0,False,1.64,True,-0.35375971007201995,0.9298574587446303,0.10108992999670345,0.98
1150,43,924000000,43.924000000,79.4177980137871,-14.361250628829662,-75.32130202224447,-0.08665257433674069,0.5652963775008212,0.2848755851713007,0.7692705882318482,494,477,476,476,476,476,0.9979,0.9656,12.7956,18.9489,1.8043,0,False,1.64,True,0.13050659527662742,0.7986505627509701,-0.5874736651177322,0.37
1151,43,957000000,43.957000000,78.5635660183796,-13.908692135440116,-75.57718970870684,-0.08022598938060901,0.5705629143095534,0.28955449328630056,0.7643166535279768,476,468,465,465,465,461,0.9936,0.9832,11.8248,22.3555,1.8144,0,False,1.64,True,0.21957706618828993,0.7820988371723943,-0.5831872091341956,1.23
1152,43,990000000,43.990000000,78.76895968513135,-14.24566163347386,-74.65835076794892,-0.09924550494256133,0.5601607906782478,0.2774766772697517,0.7741943631328985,465,453,451,451,451,451,0.9956,0.9742,10.8898,18.7331,1.7230,0,False,1.64,True,-0.9251606782431463,-0.1949246952594898,0.3257024448951474,3.06
1153,44,23000000,44.023000000,77.82453573629117,-14.567333697643248,-74.72610390802454,-0.1134866777846367,0.5612888225920961,0.28340369642856456,0.7692580688229476,451,439,434,434,217,436,0.9886,0.9734,9.9800,18.9555,1.7339,0,False,1.64,True,-0.2462533643456569,0.23431909001175705,-0.9404540629953743,1.86
1154,44,56000000,44.056000000,77.33872669230385,-13.833064530311399,-74.2519326702993,-0.10833282206698798,0.5590617958430488,0.29646990225457004,0.7666938796866146,217,217,217,217,217,217,1.0000,1.0000,8.7666,12.1582,1.5163,0,False,1.64,True,-0.3150272246502824,0.9391831910900409,0.1367215465940469,1.66
1155,44,89000000,44.089000000,76.47411407862438,-14.32688213465963,-74.34461061752586,-0.10153420997008651,0.6333981495029264,0.2526369810952816,0.7243425599777228,217,217,217,217,217,217,1.0000,1.0000,8.0834,11.1670,1.5460,0,False,1.64,True,-0.25142702924462595,0.08704023218109332,-0.9639545875958491,11.05
1156,44,122000000,44.122000000,75.63992747518094,-14.709811697163392,-73.94775086799692,-0.11291908448041796,0.6387603414345315,0.2550713541719791,0.7170586523091523,217,217,217,217,217,207,1.0000,1.0000,7.4547,10.3183,1.4416,0,False,1.64,True,-0.5337735068714535,0.15508429425169112,-0.8312849722198792,1.69
1157,44,155000000,44.155000000,74.66852979908984,-14.539758324528227,-74.11348681865394,-0.10659896783187467,0.6440481809345517,0.25368211264771806,0.7137814696492647,217,217,217,217,217,217,1.0000,1.0000,6.8473,9.4264,1.4966,0,False,1.64,True,0.14673792871177044,0.6118914015705585,-0.7772109706903249,1.03
1158,44,188000000,44.188000000,75.63877833324989,-14.51155971745371,-73.87302347317419,-0.12165936077336426,0.629821454397029,0.2579067329959528,0.7225012474679762,217,217,217,217,217,205,1.0000,1.0000,6.3325,8.6594,1.4881,0,False,1.64,True,-0.18729770636483753,-0.41868646344381744,0.8886063327027216,2.62
1159,44,221000000,44.221000000,75.50321197322715,-14.738143816270696,-74.8375344415895,-0.12562234950325923,0.628744606652415,0.25964015739951213,0.7221400373724873,217,217,217,217,217,216,1.0000,1.0000,5.8281,7.9733,1.3972,0,False,1.64,True,0.8786225553420145,-0.2622182520934395,-0.39907893143253,0.51
1160,44,254000000,44.254000000,74.60589551478208,-14.312844315255145,-74.95561707299423,-0.1171225948549232,0.6324436105058151,0.2606032632880261,0.7199884141209845,217,217,217,217,217,217,1.0000,1.0000,5.3682,7.3214,1.3930,0,False,1.64,True,0.1403511677900842,0.8156410582735326,-0.5612764147533652,1.10
1161,44,287000000,44.287000000,75.06257893507878,-14.90475678085923,-74.2914786185372,-0.15269150896139277,0.6186378165590937,0.2337274268776707,0.7344004663255825,217,217,217,217,217,217,1.0000,1.0000,4.9599,6.6818,1.4140,0,False,1.64,True,-0.7504886746472824,-0.6273942536909671,0.20770941158676406,5.60
1162,44,320000000,44.320000000,74.5369697635567,-14.413354782391052,-73.59702986253477,-0.15399499587775425,0.6164201338572224,0.2335049908265957,0.7360619397028526,217,217,217,217,122,217,1.0000,1.0000,4.5918,6.3240,1.3848,0,False,1.64,True,-0.6705887023062505,0.7396170355242714,-0.05724886987100919,0.35
1163,44,353000000,44.353000000,74.17499094027593,-13.929741623402942,-72.80010474437762,-0.1554359940071132,0.6141746905173747,0.23350404090848267,0.7376347091713603,122,122,122,122,83,122,1.0000,1.0000,4.5482,5.9677,1.5916,0,False,1.64,True,-0.753473548029775,0.6498416327073588,0.09991728989347205,0.35
1164,44,386000000,44.386000000,74.17499094027593,-13.929741623402942,-72.80010474437762,-0.1554359940071132,0.6141746905173747,0.23350404090848267,0.7376347091713603,2000,0,0,0,0,0,0.0000,0.0000,0.0000,0.0000,0.0000,1,False,3.28,True,0.0,0.0,0.0,0.00
1165,44,419000000,44.419000000,73.18656328796766,-13.908148027611594,-72.95025298037503,-0.15477534011421895,0.6142414272474038,0.2331851231366367,0.7378189218862253,2000,2000,1996,1996,1695,1899,0.9980,1.0000,4.8290,16.9892,3.2506,0,False,3.28,True,0.015309611266371469,0.5387748362621496,-0.8423106859191367,0.09
1166,44,452000000,44.452000000,72.19997633950543,-13.992120035189291,-73.09023474728536,-0.15435246966041183,0.6147400857530879,0.23301946814882082,0.7375444864831264,1695,1631,1597,1597,1597,1587,0.9792,0.9622,6.8452,232.7717,2.1737,0,False,3.28,True,-0.010775977718518542,0.4481241177770065,-0.8939064007885779,0.08
1167,44,485000000,44.485000000,71.2327635850087,-14.181497212622764,-73.25945582223224,-0.15413377311104343,0.614978448029693,0.232731649710317,0.7374823846497338,1597,1597,1572,1572,1538,1537,0.9843,1.0000,7.2453,199.9701,2.2768,0,False,3.28,True,0.005319623243694412,0.34626623001245216,-0.9381212072869416,0.05
1168,44,518000000,44.518000000,70.34752432742813,-14.625529730682887,-73.39797145219289,-0.15557427591994819,0.6160521365986449,0.23298814023896777,0.7362016953065347,1538,1538,1534,1534,1533,1534,0.9974,1.0000,5.0339,12.2473,1.5556,0,False,3.28,True,-0.05241424872558094,0.08870567898630055,-0.994677861946325,0.25
1169,44,551000000,44.551000000,69.67273896898242,-15.265969710751714,-73.76471571180267,-0.15872896381687066,0.6143722704603802,0.23589221186834325,0.7360072647160764,1533,1533,1521,1521,1241,1529,0.9922,1.0000,4.7813,17.2845,1.5574,0,False,3.28,True,0.1729728998708111,-0.20034586036786803,-0.9643349584785055,0.53
1170,44,584000000,44.584000000,68.75264953775819,-15.63140349025951,-73.90576035489177,-0.15801283661248672,0.6142829646155927,0.23542636610110212,0.7363849597820313,1241,1241,1241,1241,1041,1241,1.0000,1.0000,4.7596,11.1291,1.5251,0,False,3.28,True,-0.04061160260144418,0.18466354806224755,-0.9819623576039991,0.11
1171,44,617000000,44.617000000,67.95387986632176,-16.10090978865217,-74.28196621311695,-0.15760835741389972,0.6129661045098428,0.23590618107660385,0.737414696168427,1041,1041,1041,1041,1041,995,1.0000,1.0000,5.2609,10.7134,0.9846,0,False,3.28,True,0.18929203180800447,0.016742093537535488,-0.9817780955989892,0.20
1172,44,650000000,44.650000000,67.35272269513858,-16.899786371818973,-74.30212211554723,-0.1600415134896209,0.6127236364149646,0.2376779494518783,0.736522675606613,1041,1041,1041,1041,1041,1041,1.0000,1.0000,5.1145,10.4912,1.0352,0,False,3.28,True,-0.1863732031502179,-0.3461047737388743,-0.9194979688627323,0.36
1173,44,683000000,44.683000000,66.52002471080063,-17.3719779325487,-74.59134382437131,-0.1576601907627665,0.6113867464378409,0.23700365887858954,0.7383622256094637,1041,1041,1041,1041,743,1038,1.0000,1.0000,5.0407,10.3973,1.0499,0,False,3.28,True,0.09695557417351773,0.044137463251256226,-0.9943095599331365,0.39
1174,44,716000000,44.716000000,66.02691711916972,-18.231651794948196,-74.7247820249853,-0.15868203458109684,0.610533239228664,0.23885670180237806,0.7382524308813676,743,743,743,743,743,743,1.0000,1.0000,5.4085,10.4359,0.9843,0,False,3.28,True,-0.07376955294235613,-0.4603180307319237,-0.8846837647666925,0.26
1175,44,749000000,44.749000000,65.55422071545705,-19.10392524049535,-74.85007027706985,-0.15930354733358507,0.6103741021917081,0.23974679491124834,0.7379615908097021,743,743,743,743,743,743,1.0000,1.0000,5.5026,10.6527,1.0122,0,False,3.28,True,-0.08253873802400247,-0.4777045741543929,-0.8746346074546647,0.13
1176,44,782000000,44.782000000,64.82970200675094,-19.763516497575306,-75.05010031061107,-0.15555193815421495,0.6111477123097637,0.23719035215052517,0.7389470922344302,743,743,743,743,741,743,1.0000,1.0000,5.6529,10.9976,1.0251,0,False,3.28,True,-0.011026942420150922,-0.16453454681462798,-0.986309682323644,0.54
1177,44,815000000,44.815000000,64.15467242159639,-20.47537663538209,-75.24398224212555,-0.1512312218552862,0.6127035504399311,0.23344244183545573,0.7397486756759758,741,741,741,741,739,741,1.0000,1.0000,5.8382,11.4411,1.0537,0,False,3.28,True,-0.019594741046196573,-0.2439819506643168,-0.969581793286862,0.69
1178,44,848000000,44.848000000,64.08036369501038,-21.467527477371174,-75.1434092840627,-0.1507940952824041,0.6114989848829652,0.236183525637615,0.7399645089681332,739,739,739,739,730,739,1.0000,1.0000,6.0990,11.9669,1.0817,0,False,3.28,True,-0.26748919904983176,-0.7929301223316019,-0.5474589934331797,0.35
1179,44,881000000,44.881000000,63.44775376475797,-22.22849658053099,-75.28739088074154,-0.14530396871375828,0.6168129481059687,0.22747636056437168,0.739380179007554,730,730,730,730,730,730,1.0000,1.0000,6.4598,12.5997,1.1131,0,False,3.28,True,-0.07401871198690478,-0.31313629109540336,-0.946819356305528,1.33
1180,44,914000000,44.914000000,62.77062776632017,-22.93582904129478,-75.49032232776109,-0.13843012863236023,0.6202134068909161,0.22102324237222315,0.739811567719011,730,730,730,730,689,730,1.0000,1.0000,6.8482,13.3251,1.1565,0,False,3.28,True,-0.004445421697087746,-0.2684556749534444,-0.9632817805871893,1.15
1181,44,947000000,44.947000000,63.64368651416332,-22.4639770236833,-75.36734226315504,-0.1269265786816513,0.6152463163960052,0.21634479295058515,0.7473664056863177,689,689,681,681,584,689,0.9884,1.0000,7.2456,14.1315,1.1860,0,False,3.28,True,0.06899432802692758,-0.019238366869455667,0.997431535465121,1.76
1182,44,980000000,44.980000000,63.59944283606402,-23.41372770603851,-75.6772069728495,-0.12658088643278595,0.6156980148954926,0.21586092450473604,0.7471929435665199,584,584,584,584,584,584,1.0000,1.0000,7.3280,14.8524,1.2534,0,False,3.28,True,0.13657717869607972,-0.8327266030539643,-0.536575324465843,0.09
1183,45,13000000,45.013000000,63.5204515182336,-24.325032863561272,-76.0812902335518,-0.12723011794833758,0.6174045453495358,0.21302584822688064,0.7464878515125368,584,584,584,584,584,584,1.0000,1.0000,7.7955,15.7500,1.3071,0,False,3.28,True,0.23021195132182218,-0.7903551081737727,-0.5677510549987758,0.39
1184,45,46000000,45.046000000,62.780954066629285,-24.949071526288268,-76.3337169882602,-0.11191769138334917,0.6215024729070325,0.2005983450038924,0.7489789119244706,584,584,584,584,417,584,1.0000,1.0000,8.2815,16.7225,1.3493,0,False,3.28,True,0.0373263910458875,-0.21427848766423163,-0.9760591530516064,2.33
1185,45,79000000,45.079000000,63.01631666670344,-25.896899090721792,-76.11871151254778,-0.1080042198193194,0.620764488786676,0.2054478916830289,0.7488509209219385,417,417,417,417,238,417,1.0000,1.0000,8.8951,17.7044,1.3294,0,False,3.28,True,-0.3281791485781423,-0.9337034628548864,-0.14316525378498612,0.72
1186,45,112000000,45.112000000,62.895718888997415,-26.56857699629503,-76.84967318539874,-0.10150648418506514,0.6225769994740967,0.20129899649610564,0.7493817634583048,238,238,238,238,238,238,1.0000,1.0000,10.8395,18.7495,1.2538,0,False,3.28,True,0.5779463608906916,-0.6142344459266009,-0.5373025678055596,0.91
1187,45,145000000,45.145000000,62.74920346337375,-27.16292190749592,-77.64042431981707,-0.09258461345169311,0.624818342325778,0.19568098287744728,0.7501593706575846,238,238,237,237,237,238,0.9958,1.0000,11.4614,19.7764,1.2940,0,False,3.28,True,0.6449058528867101,-0.5491081052730743,-0.5315794669058237,1.24
1188,45,178000000,45.178000000,62.948545756730695,-28.126347892394858,-77.81951374357146,-0.09141317876426423,0.6247908528692225,0.19701366251821903,0.7499770914503454,237,237,237,237,237,237,1.0000,1.0000,12.0893,18.9110,1.3510,0,False,1.64,True,0.03142225369396015,-0.9736310990587048,-0.2259538114715719,0.20
1189,45,211000000,45.211000000,63.148130953433856,-29.086588738793296,-78.01471432288655,-0.09327269262256789,0.625136329260155,0.19548935135775405,0.7498591122042858,237,237,237,237,237,237,1.0000,1.0000,12.8248,20.1228,1.4712,0,False,1.64,True,0.044159188028834145,-0.9727186083502855,-0.22774651497161977,0.28
1190,45,244000000,45.244000000,63.36670024445684,-30.036014470063204,-78.24014334902178,-0.09206392231393073,0.6255068818769517,0.19543864589641133,0.749712685382157,237,237,237,237,237,237,1.0000,1.0000,13.6551,21.4524,1.5885,0,False,1.64,True,0.08296565180011863,-0.973472695577971,-0.2132313569471902,0.15
1191,45,277000000,45.277000000,63.691546282710604,-30.980585191182513,-78.28769547026737,-0.0889511253538952,0.6254352011883576,0.19704096538828506,0.7497288605700109,237,237,237,237,237,237,1.0000,1.0000,14.5659,22.9171,1.7332,0,False,1.64,True,-0.07587026938094144,-0.9940710342367135,-0.07788761850008212,0.40
1192,45,310000000,45.310000000,63.95859338571312,-31.927365423220746,-78.46739810519396,-0.09000942073071341,0.6258252391989949,0.19420374744320618,0.7500173188935424,237,237,237,237,237,237,1.0000,1.0000,15.5013,24.4213,1.8416,0,False,1.64,True,0.0378306952541875,-0.9872170362461701,-0.15482687700109776,0.35
1193,45,343000000,45.343000000,63.168285325202,-32.46483514372582,-78.76157402030485,-0.05038384352671881,0.6358196802110577,0.1602896061893819,0.7533273157900463,237,237,237,237,129,237,1.0000,1.0000,16.4358,25.9116,1.9320,0,False,1.64,True,0.07878964513656148,-0.20074462786148087,-0.9764700641617285,6.10
1194,45,376000000,45.376000000,62.98073150282229,-31.51235822299837,-78.52155052313785,-0.032786328935354395,0.6361202008345485,0.17029775850954085,0.7518476043532909,129,129,129,129,120,129,1.0000,1.0000,17.2328,25.6910,2.0828,0,False,1.64,True,-0.09108375590968255,0.9867123464142522,0.1345455121624881,2.33
1195,45,409000000,45.409000000,62.95519872981466,-32.47155883477599,-78.80312158675758,-0.05708796704837819,0.6457017414387288,0.1406335287948727,0.7483531490546278,120,120,120,120,120,120,1.0000,1.0000,17.5682,23.9353,2.1943,0,False,1.64,True,0.06346958675398484,-0.9410223686860307,-0.3323379502702183,4.55
1196,45,442000000,45.442000000,63.19616435543856,-33.4420330521374,-78.81386219681596,-0.06469929591644007,0.6448084793104361,0.1317227679079371,0.7501234155337051,120,120,120,120,120,120,1.0000,1.0000,18.3562,25.0431,2.2841,0,False,1.64,True,-0.09167083667138973,-0.9952788654220907,-0.0318816208509476,1.36
1197,45,475000000,45.475000000,63.23150145498298,-34.38342045129988,-79.14933358768836,-0.0646959569992179,0.6475381657328436,0.12293344967199736,0.7492637212751211,120,120,119,119,119,119,0.9917,1.0000,19.1317,26.6128,2.4567,0,False,1.64,True,0.22748266935880346,-0.9351945904496864,-0.27140875655556196,1.06
1198,45,508000000,45.508000000,63.6489872316129,-35.25747935483385,-78.90088508303462,-0.08642847580291091,0.6372215635481338,0.10223088285550744,0.7589648503786198,119,119,118,118,118,118,0.9916,1.0000,19.7925,26.9142,2.5473,0,False,1.64,True,-0.2780603619210754,-0.9367435104465534,0.21258887733037346,3.80
1199,45,541000000,45.541000000,63.8411309031667,-36.238604076463616,-78.87908852163815,-0.1265312306847428,0.6332855396490262,0.06754363853787194,0.7605110977664372,118,118,117,117,117,117,0.9915,1.0000,20.7776,57.4899,2.7123,0,False,1.64,True,-0.03356216162642197,-0.9969598991236178,-0.07031742917931336,6.10
1200,45,574000000,45.574000000,63.92976176693697,-36.46103918418743,-77.90817802481612,-0.11192282630663537,0.633903297391945,0.07547987026589824,0.7615396770305518,117,117,111,111,94,111,0.9487,1.0000,21.1842,43.2621,2.8729,0,False,1.64,True,-0.922289762211077,-0.3403907747916841,0.18307297713576412,1.91
1201,45,607000000,45.607000000,63.92976176693697,-36.46103918418743,-77.90817802481612,-0.11192282630663537,0.633903297391945,0.07547987026589824,0.7615396770305518,1780,0,0,0,0,0,0.0000,0.0000,0.0000,0.0000,0.0000,1,False,3.28,True,0.0,0.0,0.0,0.00
1202,45,640000000,45.640000000,64.074841928709,-37.44480656174697,-77.8025679234536,-0.10591636352171903,0.6339661970708469,0.07293080040700556,0.7625940487978231,1780,1552,1194,1194,676,960,0.7693,0.8719,24.3262,263.4342,6.7304,0,False,3.28,True,-0.05042094713305667,-0.9930730437604334,-0.10613038135517204,0.76
1203,45,673000000,45.673000000,64.2057639219159,-38.43445379814228,-77.74376503925689,-0.10095338154983566,0.6339014613647326,0.06895915308069071,0.7636897192182854,676,673,583,583,573,566,0.8663,0.9956,31.1976,174.0551,4.3434,0,False,3.28,True,-0.010652422207063236,-0.9931218812184083,-0.11659954951170456,0.74
1204,45,706000000,45.706000000,64.34252386728183,-39.404922533698375,-77.54505129878672,-0.09476672458037028,0.6334508077214128,0.06669251669393507,0.7650565013947841,573,570,512,512,505,501,0.8982,0.9948,32.0681,236.7310,4.0128,0,False,3.28,True,-0.14761957324133507,-0.9866335144542344,-0.06901282309638036,0.77
1205,45,739000000,45.739000000,64.40920608651727,-40.392112671260236,-77.68999650891251,-0.08869478201796824,0.6338789614980817,0.06145343626820417,0.7658682477970532,505,498,430,430,430,348,0.8635,0.9861,31.1740,111.6683,4.1476,0,False,3.28,True,0.17267801941738778,-0.9667167577358357,-0.18878827273642276,0.92
1206,45,772000000,45.772000000,64.47049404174007,-41.38874166613205,-77.63545814511785,-0.08319461565888898,0.6338832749369765,0.05750396169324083,0.7667880698538062,430,429,384,384,378,318,0.8951,0.9977,29.9465,299.1776,4.1376,0,False,3.28,True,-0.02372272864757023,-0.9892418538672297,-0.14435299339757401,0.78
1207,45,805000000,45.805000000,64.50880193145015,-42.37416402785738,-77.46970147225784,-0.07733840095653961,0.633724491027119,0.05466729335311397,0.7677392319318773,378,374,330,330,324,292,0.8824,0.9894,29.9108,120.4030,4.2317,0,False,3.28,True,-0.13841701003110327,-0.9817472799562807,-0.13043392822610847,0.75
1208,45,838000000,45.838000000,64.5282629647519,-43.32925302687042,-77.17402213218297,-0.07101964331970165,0.6332547319438488,0.05308226108864082,0.7688477926684733,324,319,276,276,273,246,0.8652,0.9846,32.0570,203.0294,4.2123,0,False,3.28,True,-0.273054042322816,-0.9561217017181045,-0.10617335576709408,0.76
1209,45,871000000,45.871000000,64.63735003690856,-44.26682971967757,-76.8437950045979,-0.05585650321776345,0.636059640588359,0.04557719705755005,0.7682648656363696,273,260,217,217,214,185,0.8346,0.9524,33.9547,170.4803,3.8682,0,False,3.28,True,-0.2952643674698557,-0.9554134449895945,0.0020254470472255794,1.97
1210,45,904000000,45.904000000,64.78377821115727,-45.23592420930379,-76.64526374770803,-0.0739820380405383,0.6336823941095874,0.026127359858048874,0.7696042115982461,214,206,193,193,193,159,0.9369,0.9626,26.1313,38.4400,2.4959,0,False,3.28,True,-0.1667081907511919,-0.9852085777158098,0.03965397245743829,3.06
1211,45,937000000,45.937000000,64.89985289973842,-46.194811927882185,-76.90422515377134,-0.07084353813388249,0.6343724428726882,0.027286864045967602,0.7692907277999311,193,190,186,186,183,181,0.9789,0.9845,25.2169,42.4999,2.1390,0,False,3.28,True,0.3276253170051688,-0.941719396301074,-0.0763297470689073,0.39
1212,45,970000000,45.970000000,64.99423784218844,-46.99733277530038,-76.31511415226322,-0.0591434572137595,0.6345668374700989,0.03171940320047485,0.7699486084879996,183,179,170,170,161,165,0.9497,0.9781,26.3219,55.7946,2.4885,0,False,3.28,True,-0.5205515700165616,-0.8495336780814993,0.08554877415025955,1.44
1213,46,3000000,46.003000000,64.94781736141358,-46.13057125922415,-75.81855638803651,-0.03367247414713132,0.6351699987203352,0.046289900405735794,0.7702483251074598,161,159,146,146,139,120,0.9182,0.9876,26.5204,62.5341,2.2923,0,False,3.28,True,-0.5187489306633835,0.8394709535948128,0.1618272690439151,3.36
1214,46,36000000,46.036000000,65.03808560011146,-47.106692248636904,-75.62097233222673,-0.030667279516336354,0.6346386432591993,0.04635081540790212,0.770807960753009,139,137,136,136,136,133,0.9927,0.9856,23.4810,34.0088,1.9427,0,False,3.28,True,-0.20475444534181278,-0.9786529681796663,0.017719621494143276,0.36
1215,46,69000000,46.069000000,65.1790155332861,-48.0790363492101,-75.43473134850971,-0.034116572672640136,0.6329407081391146,0.04006924394408936,0.7724095902687755,136,133,133,133,133,133,1.0000,0.9779,21.1053,30.5204,1.8467,0,False,3.28,True,-0.1875713518329281,-0.9797411088506858,0.07017369592373199,0.86
1216,46,102000000,46.102000000,65.29188396419272,-48.9877118649595,-75.0327742309185,-0.0373459775215353,0.631558599963958,0.033714363729430916,0.7736939669228693,133,131,131,131,131,129,1.0000,0.9850,18.7742,28.4094,1.7653,0,False,3.28,True,-0.38905483026084686,-0.9162997120316507,0.09503250381536756,0.84
1217,46,135000000,46.135000000,65.29988236017094,-49.609202722661564,-75.81615481496083,-0.035810101249407734,0.6340279161109859,0.031311985465216775,0.7718457085497684,131,125,125,125,125,113,1.0000,0.9542,16.5432,25.9342,1.7837,0,False,3.28,True,0.7660381693548327,-0.6072288270592284,-0.21085225794325876,0.48
1218,46,168000000,46.168000000,65.35611492522801,-50.57537893144715,-76.06783205311278,-0.05244004476120844,0.6348455992762309,0.015486429657273933,0.7707018082770508,125,124,124,124,124,121,1.0000,0.9920,13.9398,22.8776,1.9297,0,False,3.28,True,0.25497629891293816,-0.9631554883265873,-0.08554877146419626,2.64
1219,46,201000000,46.201000000,65.48141901640116,-51.547601981367414,-76.26552177449197,-0.09708770837620369,0.6293023336349953,-0.025281058069324423,0.7706577825901078,124,118,117,117,117,117,0.9915,0.9516,12.7549,20.8961,1.8254,0,False,3.28,True,0.25953808049819554,-0.9656514201068384,-0.012542711706735004,6.96
1220,46,234000000,46.234000000,65.52572064327734,-50.688707380106756,-76.77575449569028,-0.08828059434569585,0.6303179973841138,-0.017487026139901992,0.7711030817941488,117,117,115,115,88,111,0.9829,1.0000,15.2132,26.0108,1.7786,0,False,3.28,True,0.36313307775131937,0.9305052819680276,0.04789872725298526,1.35
1221,46,267000000,46.267000000,65.52572064327734,-50.688707380106756,-76.77575449569028,-0.08828059434569585,0.6303179973841138,-0.017487026139901992,0.7711030817941488,1031,0,0,0,0,0,0.0000,0.0000,0.0000,0.0000,0.0000,1,False,4.92,True,0.0,0.0,0.0,0.00
1222,46,300000000,46.300000000,65.47095028478527,-49.84335909121598,-77.3071549833642,-0.09207820329571823,0.6303817844482686,-0.01609438138280686,0.7706369970365775,1031,1016,986,986,549,549,0.9705,0.9855,15.1701,81.2166,4.9223,0,False,4.92,True,0.38683056890039436,0.9203363159835299,-0.05782020793858648,0.47
1223,46,333000000,46.333000000,65.26222380613846,-49.095262666204434,-76.67724626299544,-0.09499613356656966,0.6303176480982862,-0.014797248426472136,0.7703612389926252,549,538,538,538,362,465,1.0000,0.9800,3.8083,14.7562,4.2971,0,False,4.92,True,-0.758279909089866,0.6518998983325093,0.0061726837541264965,0.37
1224,46,366000000,46.366000000,65.03368406392934,-48.22626539069565,-76.23836892091765,-0.09276810169267398,0.6301277158091338,-0.016217707180629776,0.7707594482400488,362,362,360,360,132,352,0.9945,1.0000,2.5047,16.4575,4.0039,0,False,4.92,True,-0.5957003097061269,0.8026690842494867,-0.02938506774051761,0.31
1225,46,399000000,46.399000000,64.77536396885016,-47.66423155394706,-75.45262806361933,-0.09568285200228656,0.6302521309725772,-0.014940771908684751,0.7703270841480303,132,132,132,132,51,128,1.0000,1.0000,2.4218,4.5788,5.6008,0,False,3.28,True,-0.8936736655061666,0.4473839255984643,-0.03456881104232614,0.37
1226,46,432000000,46.432000000,64.77536396885016,-47.66423155394706,-75.45262806361933,-0.09568285200228656,0.6302521309725772,-0.014940771908684751,0.7703270841480303,1179,0,0,0,0,0,0.0000,0.0000,0.0000,0.0000,0.0000,1,False,4.92,True,0.0,0.0,0.0,0.00
1227,46,465000000,46.465000000,64.83480163587828,-48.612858844202776,-75.14186540833342,-0.09529924471199423,0.6309201324260465,-0.01414600571269041,0.7698426663800858,1179,1082,1055,1055,529,714,0.9750,0.9177,14.3852,109.7081,4.9886,0,False,4.92,True,-0.1524217739218002,-0.9882979260746452,-0.005900182292662451,0.14
1228,46,498000000,46.498000000,64.87615444755006,-49.59880310847774,-74.97998936714717,-0.09553320228715577,0.631516590442961,-0.014567746847776364,0.7693165694353904,529,528,518,518,518,451,0.9811,0.9981,24.6087,53.9048,3.1188,0,False,4.92,True,-0.008362036244151392,-0.9983548769223508,-0.05672403437000232,0.11
1229,46,531000000,46.531000000,64.9525277838495,-50.56203757749061,-74.72241127955432,-0.09691601330295033,0.631375449941502,-0.015854635765511896,0.7692340073744602,518,516,515,515,514,447,0.9981,0.9961,22.4924,64.3279,2.7685,0,False,4.92,True,-0.09632527490092861,-0.9953478684901818,-0.002015467020991805,0.22
1230,46,564000000,46.564000000,65.0139690447691,-51.53907508746113,-74.51839491852607,-0.09526649726392396,0.6316820963374356,-0.014708372779568215,0.7692110811968212,514,513,498,498,446,449,0.9708,0.9981,20.3635,43.6125,2.6097,0,False,4.92,True,-0.04171704211099107,-0.9987165976969031,-0.028720130261403826,0.23
1231,46,597000000,46.597000000,65.0910392627138,-52.5276886116036,-74.38915296949811,-0.10477974635597931,0.6306730750128634,-0.02237628420343889,0.7686169261164124,446,444,434,434,434,385,0.9775,0.9955,20.5085,39.2691,2.3409,0,False,4.92,True,0.03165296457431895,-0.999116301738469,-0.027653307832905896,1.41
1232,46,630000000,46.630000000,65.19652370807357,-53.453959646081714,-74.02735882571744,-0.11147636579915687,0.629216032103592,-0.028613292701104336,0.7686621392346737,434,432,427,427,427,420,0.9884,0.9954,18.4606,35.0492,1.9398,0,False,4.92,True,-0.17331303583110078,-0.9838034764742406,0.04575271891599093,1.06
1233,46,663000000,46.663000000,65.27558619628536,-54.3606502994972,-73.61303868142471,-0.11128541408249559,0.6291445703220124,-0.028506472441446242,0.7687522665174803,427,424,424,424,418,391,1.0000,0.9930,16.3229,30.9697,1.7545,0,False,4.92,True,-0.21472427887235965,-0.976207710198668,0.030199182297186725,0.03
1234,46,696000000,46.696000000,65.44218324666731,-55.18383587020069,-73.07025793472343,-0.11268127044120119,0.6276373894255903,-0.030290036108355466,0.7697121230689701,418,417,417,417,417,414,1.0000,0.9976,14.4251,26.9188,1.5026,0,False,4.92,True,-0.33580514551302687,-0.9298250002596324,0.15053362793459008,0.33
1235,46,729000000,46.729000000,65.51433517197285,-56.10739033512806,-72.6936397593954,-0.1125910651418164,0.6276289825742923,-0.03020302518492546,0.769735597171307,417,415,415,415,410,415,1.0000,0.9952,12.2726,22.9719,1.3227,0,False,4.92,True,-0.17244590922763264,-0.9848978059340041,0.01545057465080422,0.01
1236,46,762000000,46.762000000,65.539887251959,-57.10366011878775,-72.77606311394396,-0.11688054089691306,0.6277723684224445,-0.03447214118373215,0.7687993653009402,410,408,408,408,408,387,1.0000,0.9951,10.3773,19.0761,1.1279,0,False,4.92,True,0.2715797359627682,-0.9542050509919016,-0.12544786835947302,0.70
1237,46,795000000,46.795000000,65.65440681783429,-57.95607923811189,-72.2658994989709,-0.11632239916044258,0.6275714484796724,-0.033994920641765854,0.7690692568795379,408,407,407,407,407,407,1.0000,0.9975,8.3121,15.1968,0.9163,0,False,4.92,True,-0.2940736967183538,-0.9516036794966004,0.08928100619355117,0.09
1238,46,828000000,46.828000000,65.7544097279441,-58.783694478671976,-71.7135839808454,-0.11560875118601642,0.6275171265855087,-0.03339326742853868,0.7692475298507773,407,404,404,404,404,402,1.0000,0.9926,6.2819,11.4403,0.7788,0,False,4.92,True,-0.3436692992791149,-0.9350638501160589,0.0868735226587167,0.11
1239,46,861000000,46.861000000,65.82042210668489,-57.9128595360069,-71.22646092813032,-0.11306951557145303,0.6277632173529772,-0.03159591880497661,0.769500049059092,404,403,403,403,144,403,1.0000,0.9975,4.2524,7.7615,0.5138,0,False,4.92,True,-0.6237377854564666,0.7323715977286308,0.2730989158423655,0.36
1240,46,894000000,46.894000000,65.83576253770649,-58.803011316550624,-70.77105508849834,-0.11280760799707669,0.6278411770933285,-0.031371088304990025,0.7694840834888023,144,144,144,144,144,144,1.0000,1.0000,1.9328,3.0363,0.3917,0,False,4.92,True,-0.26385523657790577,-0.9643583513726475,-0.01983391711807612,0.04
1241,46,927000000,46.927000000,65.9264326537455,-59.71145304899331,-70.36299559674009,-0.11293061267169033,0.6278149818960282,-0.031488760875968524,0.769482607449306,144,144,144,144,120,144,1.0000,1.0000,0.3348,0.5374,0.2463,0,False,4.92,True,-0.19984004052521145,-0.9789152425765428,0.042295461389965996,0.02
1242,46,960000000,46.960000000,65.9264326537455,-59.71145304899331,-70.36299559674009,-0.11293061267169033,0.6278149818960282,-0.031488760875968524,0.769482607449306,120,120,120,120,0,120,1.0000,1.0000,0.0068,0.0209,0.0452,0,False,4.92,True,0.0,0.0,0.0,0.00
1243,46,993000000,46.993000000,65.9264326537455,-59.71145304899331,-70.36299559674009,-0.11293061267169033,0.6278149818960282,-0.031488760875968524,0.769482607449306,120,120,120,120,0,120,1.0000,1.0000,0.0049,0.0134,0.0377,0,False,4.92,True,0.0,0.0,0.0,0.00
1244,47,26000000,47.026000000,65.9264326537455,-59.71145304899331,-70.36299559674009,-0.11293061267169033,0.6278149818960282,-0.031488760875968524,0.769482607449306,120,120,120,120,0,120,1.0000,1.0000,0.0050,0.0170,0.0323,0,False,4.92,True,0.0,0.0,0.0,0.00
1245,47,59000000,47.059000000,65.9264326537455,-59.71145304899331,-70.36299559674009,-0.11293061267169033,0.6278149818960282,-0.031488760875968524,0.769482607449306,120,120,120,120,0,120,1.0000,1.0000,0.0066,0.0190,0.0394,0,False,4.92,True,0.0,0.0,0.0,0.00
1246,47,92000000,47.092000000,65.9264326537455,-59.71145304899331,-70.36299559674009,-0.11293061267169033,0.6278149818960282,-0.031488760875968524,0.769482607449306,120,120,120,120,0,120,1.0000,1.0000,0.0000,0.0000,0.0000,0,False,4.92,True,0.0,0.0,0.0,0.00
1247,47,125000000,47.125000000,65.9264326537455,-59.71145304899331,-70.36299559674009,-0.11293061267169033,0.6278149818960282,-0.031488760875968524,0.769482607449306,120,120,120,120,0,120,1.0000,1.0000,0.0000,0.0000,0.0000,0,False,4.92,True,0.0,0.0,0.0,0.00
1248,47,158000000,47.158000000,65.9264326537455,-59.71145304899331,-70.36299559674009,-0.11293061267169033,0.6278149818960282,-0.031488760875968524,0.769482607449306,120,120,120,120,0,120,1.0000,1.0000,0.0145,0.0469,0.1210,0,False,4.92,True,0.0,0.0,0.0,0.00
1249,47,191000000,47.191000000,65.9264326537455,-59.71145304899331,-70.36299559674009,-0.11293061267169033,0.6278149818960282,-0.031488760875968524,0.769482607449306,120,120,120,120,0,120,1.0000,1.0000,0.0070,0.0261,0.0466,0,False,4.92,True,0.0,0.0,0.0,0.00
1250,47,224000000,47.224000000,65.9264326537455,-59.71145304899331,-70.36299559674009,-0.11293061267169033,0.6278149818960282,-0.031488760875968524,0.769482607449306,120,120,120,120,0,120,1.0000,1.0000,0.0055,0.0185,0.0457,0,False,4.92,True,0.0,0.0,0.0,0.00
1251,47,257000000,47.257000000,65.93003293295419,-58.957786365239876,-69.70574863570515,-0.11286150776955232,0.627819672183424,-0.031432393454642785,0.7694912240728895,120,120,120,120,11,120,1.0000,1.0000,0.0054,0.0182,0.0317,0,False,4.92,True,-0.7729849997138976,0.5923990807940241,0.2270628091337303,0.01
1252,47,290000000,47.290000000,65.93003293295419,-58.957786365239876,-69.70574863570515,-0.11286150776955232,0.627819672183424,-0.031432393454642785,0.7694912240728895,1048,0,0,0,0,0,0.0000,0.0000,0.0000,0.0000,0.0000,1,False,6.56,True,0.0,0.0,0.0,0.00
1253,47,323000000,47.323000000,65.93003293295419,-58.957786365239876,-69.70574863570515,-0.11286150776955232,0.627819672183424,-0.031432393454642785,0.7694912240728895,1048,1048,1048,1048,0,1048,1.0000,1.0000,0.0053,0.1429,0.0417,0,False,6.56,True,0.0,0.0,0.0,0.00
1254,47,356000000,47.356000000,65.93003293295419,-58.957786365239876,-69.70574863570515,-0.11286150776955232,0.627819672183424,-0.031432393454642785,0.7694912240728895,1048,1048,1048,1048,6,1048,1.0000,1.0000,0.0244,1.0167,0.1841,0,False,6.56,True,0.0,0.0,0.0,0.00
1255,47,389000000,47.389000000,65.93003293295419,-58.957786365239876,-69.70574863570515,-0.11286150776955232,0.627819672183424,-0.031432393454642785,0.7694912240728895,1048,1043,1043,1043,1,1043,1.0000,0.9952,0.0065,0.9167,0.0577,0,False,6.56,True,0.0,0.0,0.0,0.00
1256,47,422000000,47.422000000,65.93003293295419,-58.957786365239876,-69.70574863570515,-0.11286150776955232,0.627819672183424,-0.031432393454642785,0.7694912240728895,1043,1043,1043,1043,4,1043,1.0000,1.0000,0.0052,0.4971,0.0329,0,False,6.56,True,0.0,0.0,0.0,0.00
1257,47,455000000,47.455000000,65.93003293295419,-58.957786365239876,-69.70574863570515,-0.11286150776955232,0.627819672183424,-0.031432393454642785,0.7694912240728895,1043,1043,1043,1043,1,1043,1.0000,1.0000,0.0052,0.5464,0.0400,0,False,6.56,True,0.0,0.0,0.0,0.00
1258,47,488000000,47.488000000,65.93003293295419,-58.957786365239876,-69.70574863570515,-0.11286150776955232,0.627819672183424,-0.031432393454642785,0.7694912240728895,1043,1027,1027,1027,1,1027,1.0000,0.9847,0.0065,1.0186,0.0500,0,False,6.56,True,0.0,0.0,0.0,0.00
1259,47,521000000,47.521000000,65.93003293295419,-58.957786365239876,-69.70574863570515,-0.11286150776955232,0.627819672183424,-0.031432393454642785,0.7694912240728895,1027,1027,1027,1027,4,1027,1.0000,1.0000,0.0213,1.0084,0.1596,0,False,6.56,True,0.0,0.0,0.0,0.00
1260,47,554000000,47.554000000,65.93003293295419,-58.957786365239876,-69.70574863570515,-0.11286150776955232,0.627819672183424,-0.031432393454642785,0.7694912240728895,1027,1027,1027,1027,1,1027,1.0000,1.0000,0.0080,0.9855,0.0539,0,False,6.56,True,0.0,0.0,0.0,0.00
1261,47,587000000,47.587000000,66.87422850118743,-58.635924033244414,-69.77574412249632,-0.11300802583675822,0.6276560660640641,-0.03120197801479276,0.7696125553792804,1027,1027,1027,1027,15,1027,1.0000,1.0000,0.0038,0.1487,0.0400,0,False,6.56,True,0.20395757638531628,0.23981626961156677,0.9491519709006668,0.04
1262,47,620000000,47.620000000,66.87422850118743,-58.635924033244414,-69.77574412249632,-0.11300802583675822,0.6276560660640641,-0.03120197801479276,0.7696125553792804,1073,0,0,0,0,0,0.0000,0.0000,0.0000,0.0000,0.0000,1,False,6.56,True,0.0,0.0,0.0,0.00
1263,47,653000000,47.653000000,66.87422850118743,-58.635924033244414,-69.77574412249632,-0.11300802583675822,0.6276560660640641,-0.03120197801479276,0.7696125553792804,1073,1065,1042,1042,0,1042,0.9784,0.9925,6.0830,653.1215,0.2750,0,False,6.56,True,0.0,0.0,0.0,0.00
1264,47,686000000,47.686000000,66.87422850118743,-58.635924033244414,-69.77574412249632,-0.11300802583675822,0.6276560660640641,-0.03120197801479276,0.7696125553792804,1065,1042,1042,1042,0,1042,1.0000,0.9784,0.0032,0.1054,0.0359,0,False,6.56,True,0.0,0.0,0.0,0.00
1265,47,719000000,47.719000000,66.87422850118743,-58.635924033244414,-69.77574412249632,-0.11300802583675822,0.6276560660640641,-0.03120197801479276,0.7696125553792804,1042,1015,1015,1015,0,1015,1.0000,0.9741,0.0000,0.0022,0.0001,0,False,6.56,True,0.0,0.0,0.0,0.00
1266,47,752000000,47.752000000,66.87422850118743,-58.635924033244414,-69.77574412249632,-0.11300802583675822,0.6276560660640641,-0.03120197801479276,0.7696125553792804,1015,1015,1015,1015,0,1015,1.0000,1.0000,0.0000,0.0000,0.0000,0,False,6.56,True,0.0,0.0,0.0,0.00
1267,47,785000000,47.785000000,66.87422850118743,-58.635924033244414,-69.77574412249632,-0.11300802583675822,0.6276560660640641,-0.03120197801479276,0.7696125553792804,1015,1015,1015,1015,2,1015,1.0000,1.0000,0.0254,1.0284,0.1928,0,False,6.56,True,0.0,0.0,0.0,0.00
