frame_idx,timestamp_sec,timestamp_nanosec,timestamp_total_sec,pos_x,pos_y,pos_z,rot_x,rot_y,rot_z,rot_w,num_detected,num_matched,num_inliers,num_inliers_E,num_inliers_pose,num_inliers_H,inlier_ratio,feature_survival_rate,feature_vel_mean,feature_vel_max,mean_lk_err,consecutive_low_inliers,failure_triggered_streak,window_low_inlier_pct,failure_triggered_window,rel_tx,rel_ty,rel_tz,rel_rot_deg
0,7,428000000,7.428000000,0.0,0.0,0.0,0.0,0.0,0.0,1.0,2000,0,0,0,0,0,0.0000,0.0000,0.0000,0.0000,0.0000,1,False,100.00,True,0.0,0.0,0.0,0.00
1,7,460000000,7.460000000,0.0,0.0,0.0,0.0,0.0,0.0,1.0,2000,2000,2000,2000,0,2000,1.0000,1.0000,0.0024,0.0135,0.0218,0,False,50.00,True,0.0,0.0,0.0,0.00
2,7,492000000,7.492000000,0.0,0.0,0.0,0.0,0.0,0.0,1.0,2000,2000,2000,2000,0,2000,1.0000,1.0000,0.0024,0.0148,0.0234,0,False,33.33,True,0.0,0.0,0.0,0.00
3,7,528000000,7.528000000,0.0,0.0,0.0,0.0,0.0,0.0,1.0,2000,2000,2000,2000,0,2000,1.0000,1.0000,0.0026,0.0088,0.0272,0,False,25.00,True,0.0,0.0,0.0,0.00
4,7,560000000,7.560000000,0.0,0.0,0.0,0.0,0.0,0.0,1.0,2000,2000,2000,2000,0,2000,1.0000,1.0000,0.0024,0.0238,0.0233,0,False,20.00,True,0.0,0.0,0.0,0.00
5,7,592000000,7.592000000,0.0,0.0,0.0,0.0,0.0,0.0,1.0,2000,2000,2000,2000,0,2000,1.0000,1.0000,0.0017,0.0088,0.0164,0,False,16.67,True,0.0,0.0,0.0,0.00
6,7,624000000,7.624000000,0.0,0.0,0.0,0.0,0.0,0.0,1.0,2000,2000,2000,2000,0,2000,1.0000,1.0000,0.0027,0.0106,0.0270,0,False,14.29,True,0.0,0.0,0.0,0.00
7,7,660000000,7.660000000,0.0,0.0,0.0,0.0,0.0,0.0,1.0,2000,2000,2000,2000,0,2000,1.0000,1.0000,0.0022,0.0094,0.0229,0,False,12.50,True,0.0,0.0,0.0,0.00
8,7,692000000,7.692000000,0.0,0.0,0.0,0.0,0.0,0.0,1.0,2000,2000,2000,2000,0,2000,1.0000,1.0000,0.0003,0.0108,0.0023,0,False,11.11,True,0.0,0.0,0.0,0.00
9,7,724000000,7.724000000,0.0,0.0,0.0,0.0,0.0,0.0,1.0,2000,2000,2000,2000,0,2000,1.0000,1.0000,0.0037,0.0132,0.0399,0,False,10.00,True,0.0,0.0,0.0,0.00
10,7,756000000,7.756000000,0.0,0.0,0.0,0.0,0.0,0.0,1.0,2000,2000,2000,2000,0,2000,1.0000,1.0000,0.0023,0.0195,0.0233,0,False,9.09,True,0.0,0.0,0.0,0.00
11,7,792000000,7.792000000,0.0,0.0,0.0,0.0,0.0,0.0,1.0,2000,2000,2000,2000,0,2000,1.0000,1.0000,0.0010,0.0193,0.0094,0,False,8.33,True,0.0,0.0,0.0,0.00
12,7,824000000,7.824000000,0.0,0.0,0.0,0.0,0.0,0.0,1.0,2000,2000,2000,2000,0,2000,1.0000,1.0000,0.0018,0.0118,0.0170,0,False,7.69,True,0.0,0.0,0.0,0.00
13,7,856000000,7.856000000,0.0,0.0,0.0,0.0,0.0,0.0,1.0,2000,2000,2000,2000,0,2000,1.0000,1.0000,0.0026,0.0284,0.0261,0,False,7.14,True,0.0,0.0,0.0,0.00
14,7,888000000,7.888000000,0.0,0.0,0.0,0.0,0.0,0.0,1.0,2000,2000,2000,2000,0,2000,1.0000,1.0000,0.0024,0.0254,0.0236,0,False,6.67,True,0.0,0.0,0.0,0.00
15,7,924000000,7.924000000,0.0,0.0,0.0,0.0,0.0,0.0,1.0,2000,2000,2000,2000,0,2000,1.0000,1.0000,0.0018,0.0139,0.0167,0,False,6.25,True,0.0,0.0,0.0,0.00
16,7,956000000,7.956000000,0.0,0.0,0.0,0.0,0.0,0.0,1.0,2000,2000,2000,2000,0,2000,1.0000,1.0000,0.0026,0.0146,0.0263,0,False,5.88,True,0.0,0.0,0.0,0.00
17,7,988000000,7.988000000,0.0,0.0,0.0,0.0,0.0,0.0,1.0,2000,2000,2000,2000,0,2000,1.0000,1.0000,0.0023,0.0120,0.0228,0,False,5.56,True,0.0,0.0,0.0,0.00
18,8,20000000,8.020000000,0.0,0.0,0.0,0.0,0.0,0.0,1.0,2000,2000,2000,2000,0,2000,1.0000,1.0000,0.0017,0.0110,0.0159,0,False,5.26,True,0.0,0.0,0.0,0.00
19,8,56000000,8.056000000,0.0,0.0,0.0,0.0,0.0,0.0,1.0,2000,2000,2000,2000,0,2000,1.0000,1.0000,0.0025,0.0094,0.0249,0,False,5.00,True,0.0,0.0,0.0,0.00
20,8,88000000,8.088000000,0.0,0.0,0.0,0.0,0.0,0.0,1.0,2000,2000,2000,2000,0,2000,1.0000,1.0000,0.0028,0.0203,0.0287,0,False,4.76,True,0.0,0.0,0.0,0.00
21,8,120000000,8.120000000,0.0,0.0,0.0,0.0,0.0,0.0,1.0,2000,2000,2000,2000,0,2000,1.0000,1.0000,0.0003,0.0086,0.0026,0,False,4.55,True,0.0,0.0,0.0,0.00
22,8,152000000,8.152000000,0.0,0.0,0.0,0.0,0.0,0.0,1.0,2000,2000,2000,2000,0,2000,1.0000,1.0000,0.0036,0.0136,0.0376,0,False,4.35,True,0.0,0.0,0.0,0.00
23,8,188000000,8.188000000,0.0,0.0,0.0,0.0,0.0,0.0,1.0,2000,2000,2000,2000,0,2000,1.0000,1.0000,0.0022,0.0086,0.0216,0,False,4.17,True,0.0,0.0,0.0,0.00
24,8,220000000,8.220000000,0.0,0.0,0.0,0.0,0.0,0.0,1.0,2000,2000,2000,2000,0,2000,1.0000,1.0000,0.0003,0.0121,0.0025,0,False,4.00,True,0.0,0.0,0.0,0.00
25,8,252000000,8.252000000,0.0,0.0,0.0,0.0,0.0,0.0,1.0,2000,2000,2000,2000,0,2000,1.0000,1.0000,0.0018,0.0094,0.0164,0,False,3.85,True,0.0,0.0,0.0,0.00
26,8,284000000,8.284000000,0.0,0.0,0.0,0.0,0.0,0.0,1.0,2000,2000,2000,2000,0,2000,1.0000,1.0000,0.0040,0.0139,0.0436,0,False,3.70,True,0.0,0.0,0.0,0.00
27,8,320000000,8.320000000,0.0,0.0,0.0,0.0,0.0,0.0,1.0,2000,2000,2000,2000,0,2000,1.0000,1.0000,0.0004,0.0106,0.0034,0,False,3.57,True,0.0,0.0,0.0,0.00
28,8,352000000,8.352000000,0.0,0.0,0.0,0.0,0.0,0.0,1.0,2000,2000,2000,2000,0,2000,1.0000,1.0000,0.0022,0.0165,0.0218,0,False,3.45,True,0.0,0.0,0.0,0.00
29,8,384000000,8.384000000,0.0,0.0,0.0,0.0,0.0,0.0,1.0,2000,2000,2000,2000,0,2000,1.0000,1.0000,0.0025,0.0108,0.0256,0,False,3.33,True,0.0,0.0,0.0,0.00
30,8,416000000,8.416000000,0.0,0.0,0.0,0.0,0.0,0.0,1.0,2000,2000,2000,2000,0,2000,1.0000,1.0000,0.0022,0.0104,0.0225,0,False,3.23,True,0.0,0.0,0.0,0.00
31,8,452000000,8.452000000,0.0,0.0,0.0,0.0,0.0,0.0,1.0,2000,2000,2000,2000,0,2000,1.0000,1.0000,0.0018,0.0110,0.0166,0,False,3.12,True,0.0,0.0,0.0,0.00
32,8,484000000,8.484000000,0.0,0.0,0.0,0.0,0.0,0.0,1.0,2000,2000,2000,2000,0,2000,1.0000,1.0000,0.0026,0.0096,0.0260,0,False,3.03,True,0.0,0.0,0.0,0.00
33,8,516000000,8.516000000,-0.7078043231263146,-0.6847943784330478,-0.1734061689508056,9.403755849005963e-06,1.521425431835922e-05,1.923295885594697e-05,0.9999999996550946,2000,2000,2000,2000,17,2000,1.0000,1.0000,0.0022,0.0090,0.0222,0,False,2.94,True,-0.7078043231263146,-0.6847943784330478,-0.1734061689508056,0.00
34,8,548000000,8.548000000,-0.7078043231263146,-0.6847943784330478,-0.1734061689508056,9.403755849005963e-06,1.521425431835922e-05,1.923295885594697e-05,0.9999999996550946,2000,0,0,0,0,0,0.0000,0.0000,0.0000,0.0000,0.0000,1,False,5.71,True,0.0,0.0,0.0,0.00
35,8,584000000,8.584000000,-0.7078043231263146,-0.6847943784330478,-0.1734061689508056,9.403755849005963e-06,1.521425431835922e-05,1.923295885594697e-05,0.9999999996550946,2000,2000,2000,2000,0,2000,1.0000,1.0000,0.0027,0.0150,0.0253,0,False,5.56,True,0.0,0.0,0.0,0.00
36,8,616000000,8.616000000,-0.7078043231263146,-0.6847943784330478,-0.1734061689508056,9.403755849005963e-06,1.521425431835922e-05,1.923295885594697e-05,0.9999999996550946,2000,2000,2000,2000,0,2000,1.0000,1.0000,0.0023,0.0101,0.0236,0,False,5.41,True,0.0,0.0,0.0,0.00
37,8,648000000,8.648000000,-0.7078043231263146,-0.6847943784330478,-0.1734061689508056,9.403755849005963e-06,1.521425431835922e-05,1.923295885594697e-05,0.9999999996550946,2000,2000,2000,2000,0,2000,1.0000,1.0000,0.0010,0.0161,0.0098,0,False,5.26,True,0.0,0.0,0.0,0.00
38,8,680000000,8.680000000,-0.7078043231263146,-0.6847943784330478,-0.1734061689508056,9.403755849005963e-06,1.521425431835922e-05,1.923295885594697e-05,0.9999999996550946,2000,2000,2000,2000,0,2000,1.0000,1.0000,0.0036,0.0138,0.0386,0,False,5.13,True,0.0,0.0,0.0,0.00
39,8,716000000,8.716000000,-0.7078043231263146,-0.6847943784330478,-0.1734061689508056,9.403755849005963e-06,1.521425431835922e-05,1.923295885594697e-05,0.9999999996550946,2000,2000,2000,2000,0,2000,1.0000,1.0000,0.0023,0.0095,0.0234,0,False,5.00,True,0.0,0.0,0.0,0.00
40,8,748000000,8.748000000,-0.7078043231263146,-0.6847943784330478,-0.1734061689508056,9.403755849005963e-06,1.521425431835922e-05,1.923295885594697e-05,0.9999999996550946,2000,2000,2000,2000,0,2000,1.0000,1.0000,0.0003,0.0057,0.0022,0,False,4.88,True,0.0,0.0,0.0,0.00
41,8,780000000,8.780000000,-0.7078043231263146,-0.6847943784330478,-0.1734061689508056,9.403755849005963e-06,1.521425431835922e-05,1.923295885594697e-05,0.9999999996550946,2000,2000,2000,2000,0,2000,1.0000,1.0000,0.0018,0.0091,0.0169,0,False,4.76,True,0.0,0.0,0.0,0.00
42,8,812000000,8.812000000,-0.7078043231263146,-0.6847943784330478,-0.1734061689508056,9.403755849005963e-06,1.521425431835922e-05,1.923295885594697e-05,0.9999999996550946,2000,2000,2000,2000,0,2000,1.0000,1.0000,0.0025,0.0096,0.0260,0,False,4.65,True,0.0,0.0,0.0,0.00
43,8,848000000,8.848000000,-0.7078043231263146,-0.6847943784330478,-0.1734061689508056,9.403755849005963e-06,1.521425431835922e-05,1.923295885594697e-05,0.9999999996550946,2000,2000,2000,2000,0,2000,1.0000,1.0000,0.0023,0.0093,0.0231,0,False,4.55,True,0.0,0.0,0.0,0.00
44,8,880000000,8.880000000,-0.7078043231263146,-0.6847943784330478,-0.1734061689508056,9.403755849005963e-06,1.521425431835922e-05,1.923295885594697e-05,0.9999999996550946,2000,2000,2000,2000,0,2000,1.0000,1.0000,0.0018,0.0258,0.0173,0,False,4.44,True,0.0,0.0,0.0,0.00
45,8,912000000,8.912000000,-0.7078043231263146,-0.6847943784330478,-0.1734061689508056,9.403755849005963e-06,1.521425431835922e-05,1.923295885594697e-05,0.9999999996550946,2000,2000,2000,2000,0,2000,1.0000,1.0000,0.0026,0.0094,0.0259,0,False,4.35,True,0.0,0.0,0.0,0.00
46,8,944000000,8.944000000,-0.7078043231263146,-0.6847943784330478,-0.1734061689508056,9.403755849005963e-06,1.521425431835922e-05,1.923295885594697e-05,0.9999999996550946,2000,2000,2000,2000,0,2000,1.0000,1.0000,0.0029,0.0132,0.0298,0,False,4.26,True,0.0,0.0,0.0,0.00
47,8,980000000,8.980000000,-0.7078043231263146,-0.6847943784330478,-0.1734061689508056,9.403755849005963e-06,1.521425431835922e-05,1.923295885594697e-05,0.9999999996550946,2000,2000,2000,2000,1,2000,1.0000,1.0000,0.0018,0.0087,0.0174,0,False,4.17,True,0.0,0.0,0.0,0.00
48,9,12000000,9.012000000,-0.7078043231263146,-0.6847943784330478,-0.1734061689508056,9.403755849005963e-06,1.521425431835922e-05,1.923295885594697e-05,0.9999999996550946,2000,2000,2000,2000,0,2000,1.0000,1.0000,0.0026,0.0104,0.0263,0,False,4.08,True,0.0,0.0,0.0,0.00
49,9,44000000,9.044000000,-0.7078043231263146,-0.6847943784330478,-0.1734061689508056,9.403755849005963e-06,1.521425431835922e-05,1.923295885594697e-05,0.9999999996550946,2000,2000,2000,2000,0,2000,1.0000,1.0000,0.0022,0.0092,0.0227,0,False,4.00,True,0.0,0.0,0.0,0.00
50,9,76000000,9.076000000,-0.7078043231263146,-0.6847943784330478,-0.1734061689508056,9.403755849005963e-06,1.521425431835922e-05,1.923295885594697e-05,0.9999999996550946,2000,2000,2000,2000,0,2000,1.0000,1.0000,0.0003,0.0125,0.0026,0,False,3.92,True,0.0,0.0,0.0,0.00
51,9,112000000,9.112000000,-0.7078043231263146,-0.6847943784330478,-0.1734061689508056,9.403755849005963e-06,1.521425431835922e-05,1.923295885594697e-05,0.9999999996550946,2000,2000,2000,2000,0,2000,1.0000,1.0000,0.0037,0.0115,0.0382,0,False,3.85,True,0.0,0.0,0.0,0.00
52,9,144000000,9.144000000,-0.7078043231263146,-0.6847943784330478,-0.1734061689508056,9.403755849005963e-06,1.521425431835922e-05,1.923295885594697e-05,0.9999999996550946,2000,2000,2000,2000,0,2000,1.0000,1.0000,0.0023,0.0116,0.0222,0,False,3.77,True,0.0,0.0,0.0,0.00
53,9,176000000,9.176000000,-0.7078043231263146,-0.6847943784330478,-0.1734061689508056,9.403755849005963e-06,1.521425431835922e-05,1.923295885594697e-05,0.9999999996550946,2000,2000,2000,2000,0,2000,1.0000,1.0000,0.0004,0.0108,0.0031,0,False,3.70,True,0.0,0.0,0.0,0.00
54,9,208000000,9.208000000,-0.7078043231263146,-0.6847943784330478,-0.1734061689508056,9.403755849005963e-06,1.521425431835922e-05,1.923295885594697e-05,0.9999999996550946,2000,2000,2000,2000,0,2000,1.0000,1.0000,0.0035,0.0121,0.0374,0,False,3.64,True,0.0,0.0,0.0,0.00
55,9,244000000,9.244000000,-0.7078043231263146,-0.6847943784330478,-0.1734061689508056,9.403755849005963e-06,1.521425431835922e-05,1.923295885594697e-05,0.9999999996550946,2000,2000,2000,2000,0,2000,1.0000,1.0000,0.0029,0.0162,0.0293,0,False,3.57,True,0.0,0.0,0.0,0.00
56,9,276000000,9.276000000,-0.7078043231263146,-0.6847943784330478,-0.1734061689508056,9.403755849005963e-06,1.521425431835922e-05,1.923295885594697e-05,0.9999999996550946,2000,2000,2000,2000,0,2000,1.0000,1.0000,0.0003,0.0107,0.0025,0,False,3.51,True,0.0,0.0,0.0,0.00
57,9,308000000,9.308000000,-0.7078043231263146,-0.6847943784330478,-0.1734061689508056,9.403755849005963e-06,1.521425431835922e-05,1.923295885594697e-05,0.9999999996550946,2000,2000,2000,2000,0,2000,1.0000,1.0000,0.0018,0.0091,0.0171,0,False,3.45,True,0.0,0.0,0.0,0.00
58,9,340000000,9.340000000,-0.7078043231263146,-0.6847943784330478,-0.1734061689508056,9.403755849005963e-06,1.521425431835922e-05,1.923295885594697e-05,0.9999999996550946,2000,2000,2000,2000,0,2000,1.0000,1.0000,0.0025,0.0113,0.0254,0,False,3.39,True,0.0,0.0,0.0,0.00
59,9,376000000,9.376000000,-0.7078043231263146,-0.6847943784330478,-0.1734061689508056,9.403755849005963e-06,1.521425431835922e-05,1.923295885594697e-05,0.9999999996550946,2000,2000,2000,2000,0,2000,1.0000,1.0000,0.0022,0.0094,0.0226,0,False,3.33,True,0.0,0.0,0.0,0.00
60,9,408000000,9.408000000,-0.7078043231263146,-0.6847943784330478,-0.1734061689508056,9.403755849005963e-06,1.521425431835922e-05,1.923295885594697e-05,0.9999999996550946,2000,2000,2000,2000,0,2000,1.0000,1.0000,0.0017,0.0078,0.0161,0,False,3.28,True,0.0,0.0,0.0,0.00
61,9,440000000,9.440000000,-0.7078043231263146,-0.6847943784330478,-0.1734061689508056,9.403755849005963e-06,1.521425431835922e-05,1.923295885594697e-05,0.9999999996550946,2000,2000,2000,2000,0,2000,1.0000,1.0000,0.0025,0.0081,0.0256,0,False,1.64,True,0.0,0.0,0.0,0.00
62,9,472000000,9.472000000,-0.7078043231263146,-0.6847943784330478,-0.1734061689508056,9.403755849005963e-06,1.521425431835922e-05,1.923295885594697e-05,0.9999999996550946,2000,2000,2000,2000,0,2000,1.0000,1.0000,0.0023,0.0098,0.0233,0,False,1.64,True,0.0,0.0,0.0,0.00
63,9,508000000,9.508000000,-0.7078043231263146,-0.6847943784330478,-0.1734061689508056,9.403755849005963e-06,1.521425431835922e-05,1.923295885594697e-05,0.9999999996550946,2000,2000,2000,2000,0,2000,1.0000,1.0000,0.0022,0.0151,0.0219,0,False,1.64,True,0.0,0.0,0.0,0.00
64,9,540000000,9.540000000,-0.7078043231263146,-0.6847943784330478,-0.1734061689508056,9.403755849005963e-06,1.521425431835922e-05,1.923295885594697e-05,0.9999999996550946,2000,2000,2000,2000,0,2000,1.0000,1.0000,0.0026,0.0086,0.0259,0,False,1.64,True,0.0,0.0,0.0,0.00
65,9,572000000,9.572000000,-0.7078043231263146,-0.6847943784330478,-0.1734061689508056,9.403755849005963e-06,1.521425431835922e-05,1.923295885594697e-05,0.9999999996550946,2000,2000,2000,2000,0,2000,1.0000,1.0000,0.0022,0.0122,0.0223,0,False,1.64,True,0.0,0.0,0.0,0.00
66,9,604000000,9.604000000,-0.7078043231263146,-0.6847943784330478,-0.1734061689508056,9.403755849005963e-06,1.521425431835922e-05,1.923295885594697e-05,0.9999999996550946,2000,2000,2000,2000,0,2000,1.0000,1.0000,0.0003,0.0069,0.0023,0,False,1.64,True,0.0,0.0,0.0,0.00
67,9,640000000,9.640000000,-0.7078043231263146,-0.6847943784330478,-0.1734061689508056,9.403755849005963e-06,1.521425431835922e-05,1.923295885594697e-05,0.9999999996550946,2000,2000,2000,2000,0,2000,1.0000,1.0000,0.0035,0.0146,0.0375,0,False,1.64,True,0.0,0.0,0.0,0.00
68,9,672000000,9.672000000,-0.7078043231263146,-0.6847943784330478,-0.1734061689508056,9.403755849005963e-06,1.521425431835922e-05,1.923295885594697e-05,0.9999999996550946,2000,2000,2000,2000,0,2000,1.0000,1.0000,0.0022,0.0114,0.0218,0,False,1.64,True,0.0,0.0,0.0,0.00
69,9,704000000,9.704000000,-0.7078043231263146,-0.6847943784330478,-0.1734061689508056,9.403755849005963e-06,1.521425431835922e-05,1.923295885594697e-05,0.9999999996550946,2000,2000,2000,2000,0,2000,1.0000,1.0000,0.0003,0.0064,0.0024,0,False,1.64,True,0.0,0.0,0.0,0.00
70,9,736000000,9.736000000,-0.7078043231263146,-0.6847943784330478,-0.1734061689508056,9.403755849005963e-06,1.521425431835922e-05,1.923295885594697e-05,0.9999999996550946,2000,2000,2000,2000,1,2000,1.0000,1.0000,0.0017,0.0089,0.0165,0,False,1.64,True,0.0,0.0,0.0,0.00
71,9,772000000,9.772000000,-0.7078043231263146,-0.6847943784330478,-0.1734061689508056,9.403755849005963e-06,1.521425431835922e-05,1.923295885594697e-05,0.9999999996550946,2000,2000,2000,2000,0,2000,1.0000,1.0000,0.0042,0.0306,0.0448,0,False,1.64,True,0.0,0.0,0.0,0.00
72,9,804000000,9.804000000,-0.7078043231263146,-0.6847943784330478,-0.1734061689508056,9.403755849005963e-06,1.521425431835922e-05,1.923295885594697e-05,0.9999999996550946,2000,2000,2000,2000,0,2000,1.0000,1.0000,0.0009,0.0153,0.0090,0,False,1.64,True,0.0,0.0,0.0,0.00
73,9,836000000,9.836000000,-0.7078043231263146,-0.6847943784330478,-0.1734061689508056,9.403755849005963e-06,1.521425431835922e-05,1.923295885594697e-05,0.9999999996550946,2000,2000,2000,2000,0,2000,1.0000,1.0000,0.0017,0.0084,0.0157,0,False,1.64,True,0.0,0.0,0.0,0.00
74,9,868000000,9.868000000,-0.7078043231263146,-0.6847943784330478,-0.1734061689508056,9.403755849005963e-06,1.521425431835922e-05,1.923295885594697e-05,0.9999999996550946,2000,2000,2000,2000,0,2000,1.0000,1.0000,0.0025,0.0125,0.0248,0,False,1.64,True,0.0,0.0,0.0,0.00
75,9,904000000,9.904000000,-0.7078043231263146,-0.6847943784330478,-0.1734061689508056,9.403755849005963e-06,1.521425431835922e-05,1.923295885594697e-05,0.9999999996550946,2000,2000,2000,2000,0,2000,1.0000,1.0000,0.0023,0.0093,0.0230,0,False,1.64,True,0.0,0.0,0.0,0.00
76,9,936000000,9.936000000,-0.7078043231263146,-0.6847943784330478,-0.1734061689508056,9.403755849005963e-06,1.521425431835922e-05,1.923295885594697e-05,0.9999999996550946,2000,2000,2000,2000,0,2000,1.0000,1.0000,0.0017,0.0088,0.0158,0,False,1.64,True,0.0,0.0,0.0,0.00
77,9,968000000,9.968000000,-0.7078043231263146,-0.6847943784330478,-0.1734061689508056,9.403755849005963e-06,1.521425431835922e-05,1.923295885594697e-05,0.9999999996550946,2000,2000,2000,2000,0,2000,1.0000,1.0000,0.0025,0.0094,0.0254,0,False,1.64,True,0.0,0.0,0.0,0.00
78,10,0,10.000000000,-0.7078043231263146,-0.6847943784330478,-0.1734061689508056,9.403755849005963e-06,1.521425431835922e-05,1.923295885594697e-05,0.9999999996550946,2000,2000,2000,2000,0,2000,1.0000,1.0000,0.0022,0.0146,0.0222,0,False,1.64,True,0.0,0.0,0.0,0.00
79,10,36000000,10.036000000,-0.7078043231263146,-0.6847943784330478,-0.1734061689508056,9.403755849005963e-06,1.521425431835922e-05,1.923295885594697e-05,0.9999999996550946,2000,2000,2000,2000,0,2000,1.0000,1.0000,0.0017,0.0114,0.0159,0,False,1.64,True,0.0,0.0,0.0,0.00
80,10,68000000,10.068000000,-0.7078043231263146,-0.6847943784330478,-0.1734061689508056,9.403755849005963e-06,1.521425431835922e-05,1.923295885594697e-05,0.9999999996550946,2000,2000,2000,2000,0,2000,1.0000,1.0000,0.0025,0.0104,0.0254,0,False,1.64,True,0.0,0.0,0.0,0.00
81,10,100000000,10.100000000,-0.7078043231263146,-0.6847943784330478,-0.1734061689508056,9.403755849005963e-06,1.521425431835922e-05,1.923295885594697e-05,0.9999999996550946,2000,2000,2000,2000,0,2000,1.0000,1.0000,0.0028,0.0154,0.0285,0,False,1.64,True,0.0,0.0,0.0,0.00
82,10,132000000,10.132000000,-0.7078043231263146,-0.6847943784330478,-0.1734061689508056,9.403755849005963e-06,1.521425431835922e-05,1.923295885594697e-05,0.9999999996550946,2000,2000,2000,2000,0,2000,1.0000,1.0000,0.0003,0.0073,0.0025,0,False,1.64,True,0.0,0.0,0.0,0.00
83,10,168000000,10.168000000,-0.7078043231263146,-0.6847943784330478,-0.1734061689508056,9.403755849005963e-06,1.521425431835922e-05,1.923295885594697e-05,0.9999999996550946,2000,2000,2000,2000,0,2000,1.0000,1.0000,0.0035,0.0116,0.0370,0,False,1.64,True,0.0,0.0,0.0,0.00
84,10,200000000,10.200000000,-0.7078043231263146,-0.6847943784330478,-0.1734061689508056,9.403755849005963e-06,1.521425431835922e-05,1.923295885594697e-05,0.9999999996550946,2000,2000,2000,2000,1,2000,1.0000,1.0000,0.0022,0.0111,0.0220,0,False,1.64,True,0.0,0.0,0.0,0.00
85,10,232000000,10.232000000,-0.7078043231263146,-0.6847943784330478,-0.1734061689508056,9.403755849005963e-06,1.521425431835922e-05,1.923295885594697e-05,0.9999999996550946,2000,2000,2000,2000,0,2000,1.0000,1.0000,0.0003,0.0078,0.0024,0,False,1.64,True,0.0,0.0,0.0,0.00
86,10,264000000,10.264000000,-0.7078043231263146,-0.6847943784330478,-0.1734061689508056,9.403755849005963e-06,1.521425431835922e-05,1.923295885594697e-05,0.9999999996550946,2000,2000,2000,2000,0,2000,1.0000,1.0000,0.0017,0.0083,0.0163,0,False,1.64,True,0.0,0.0,0.0,0.00
87,10,300000000,10.300000000,-0.7078043231263146,-0.6847943784330478,-0.1734061689508056,9.403755849005963e-06,1.521425431835922e-05,1.923295885594697e-05,0.9999999996550946,2000,2000,2000,2000,0,2000,1.0000,1.0000,0.0025,0.0097,0.0249,0,False,1.64,True,0.0,0.0,0.0,0.00
88,10,332000000,10.332000000,-0.7078043231263146,-0.6847943784330478,-0.1734061689508056,9.403755849005963e-06,1.521425431835922e-05,1.923295885594697e-05,0.9999999996550946,2000,2000,2000,2000,0,2000,1.0000,1.0000,0.0022,0.0101,0.0224,0,False,1.64,True,0.0,0.0,0.0,0.00
89,10,364000000,10.364000000,-0.7078043231263146,-0.6847943784330478,-0.1734061689508056,9.403755849005963e-06,1.521425431835922e-05,1.923295885594697e-05,0.9999999996550946,2000,2000,2000,2000,0,2000,1.0000,1.0000,0.0017,0.0093,0.0158,0,False,1.64,True,0.0,0.0,0.0,0.00
90,10,396000000,10.396000000,-0.7078043231263146,-0.6847943784330478,-0.1734061689508056,9.403755849005963e-06,1.521425431835922e-05,1.923295885594697e-05,0.9999999996550946,2000,2000,2000,2000,0,2000,1.0000,1.0000,0.0031,0.0128,0.0316,0,False,1.64,True,0.0,0.0,0.0,0.00
91,10,432000000,10.432000000,-0.7078043231263146,-0.6847943784330478,-0.1734061689508056,9.403755849005963e-06,1.521425431835922e-05,1.923295885594697e-05,0.9999999996550946,2000,2000,2000,2000,0,2000,1.0000,1.0000,0.0023,0.0104,0.0228,0,False,1.64,True,0.0,0.0,0.0,0.00
92,10,464000000,10.464000000,-0.7078043231263146,-0.6847943784330478,-0.1734061689508056,9.403755849005963e-06,1.521425431835922e-05,1.923295885594697e-05,0.9999999996550946,2000,2000,2000,2000,0,2000,1.0000,1.0000,0.0016,0.0104,0.0148,0,False,1.64,True,0.0,0.0,0.0,0.00
93,10,496000000,10.496000000,-0.7078043231263146,-0.6847943784330478,-0.1734061689508056,9.403755849005963e-06,1.521425431835922e-05,1.923295885594697e-05,0.9999999996550946,2000,2000,2000,2000,0,2000,1.0000,1.0000,0.0024,0.0093,0.0249,0,False,1.64,True,0.0,0.0,0.0,0.00
94,10,528000000,10.528000000,-0.7078043231263146,-0.6847943784330478,-0.1734061689508056,9.403755849005963e-06,1.521425431835922e-05,1.923295885594697e-05,0.9999999996550946,2000,2000,2000,2000,0,2000,1.0000,1.0000,0.0022,0.0100,0.0220,0,False,1.64,True,0.0,0.0,0.0,0.00
95,10,564000000,10.564000000,-0.7078043231263146,-0.6847943784330478,-0.1734061689508056,9.403755849005963e-06,1.521425431835922e-05,1.923295885594697e-05,0.9999999996550946,2000,2000,2000,2000,0,2000,1.0000,1.0000,0.0003,0.0092,0.0027,0,False,0.00,True,0.0,0.0,0.0,0.00
96,10,596000000,10.596000000,-0.7078043231263146,-0.6847943784330478,-0.1734061689508056,9.403755849005963e-06,1.521425431835922e-05,1.923295885594697e-05,0.9999999996550946,2000,2000,2000,2000,0,2000,1.0000,1.0000,0.0035,0.0108,0.0363,0,False,0.00,True,0.0,0.0,0.0,0.00
97,10,628000000,10.628000000,-0.7078043231263146,-0.6847943784330478,-0.1734061689508056,9.403755849005963e-06,1.521425431835922e-05,1.923295885594697e-05,0.9999999996550946,2000,2000,2000,2000,0,2000,1.0000,1.0000,0.0022,0.0098,0.0225,0,False,0.00,True,0.0,0.0,0.0,0.00
98,10,660000000,10.660000000,-0.7078043231263146,-0.6847943784330478,-0.1734061689508056,9.403755849005963e-06,1.521425431835922e-05,1.923295885594697e-05,0.9999999996550946,2000,2000,2000,2000,0,2000,1.0000,1.0000,0.0009,0.0322,0.0084,0,False,0.00,True,0.0,0.0,0.0,0.00
99,10,696000000,10.696000000,-0.7078043231263146,-0.6847943784330478,-0.1734061689508056,9.403755849005963e-06,1.521425431835922e-05,1.923295885594697e-05,0.9999999996550946,2000,2000,2000,2000,0,2000,1.0000,1.0000,0.0034,0.0117,0.0360,0,False,0.00,True,0.0,0.0,0.0,0.00
100,10,728000000,10.728000000,-0.7078043231263146,-0.6847943784330478,-0.1734061689508056,9.403755849005963e-06,1.521425431835922e-05,1.923295885594697e-05,0.9999999996550946,2000,2000,2000,2000,0,2000,1.0000,1.0000,0.0022,0.0087,0.0222,0,False,0.00,True,0.0,0.0,0.0,0.00
101,10,760000000,10.760000000,-0.7078043231263146,-0.6847943784330478,-0.1734061689508056,9.403755849005963e-06,1.521425431835922e-05,1.923295885594697e-05,0.9999999996550946,2000,2000,2000,2000,0,2000,1.0000,1.0000,0.0003,0.0056,0.0025,0,False,0.00,True,0.0,0.0,0.0,0.00
102,10,792000000,10.792000000,-0.7078043231263146,-0.6847943784330478,-0.1734061689508056,9.403755849005963e-06,1.521425431835922e-05,1.923295885594697e-05,0.9999999996550946,2000,2000,2000,2000,0,2000,1.0000,1.0000,0.0017,0.0103,0.0161,0,False,0.00,True,0.0,0.0,0.0,0.00
103,10,828000000,10.828000000,-0.7078043231263146,-0.6847943784330478,-0.1734061689508056,9.403755849005963e-06,1.521425431835922e-05,1.923295885594697e-05,0.9999999996550946,2000,2000,2000,2000,0,2000,1.0000,1.0000,0.0025,0.0089,0.0256,0,False,0.00,True,0.0,0.0,0.0,0.00
104,10,860000000,10.860000000,-0.7078043231263146,-0.6847943784330478,-0.1734061689508056,9.403755849005963e-06,1.521425431835922e-05,1.923295885594697e-05,0.9999999996550946,2000,2000,2000,2000,0,2000,1.0000,1.0000,0.0022,0.0091,0.0227,0,False,0.00,True,0.0,0.0,0.0,0.00
105,10,892000000,10.892000000,-0.7078043231263146,-0.6847943784330478,-0.1734061689508056,9.403755849005963e-06,1.521425431835922e-05,1.923295885594697e-05,0.9999999996550946,2000,2000,2000,2000,0,2000,1.0000,1.0000,0.0018,0.0079,0.0169,0,False,0.00,True,0.0,0.0,0.0,0.00
106,10,924000000,10.924000000,-0.7078043231263146,-0.6847943784330478,-0.1734061689508056,9.403755849005963e-06,1.521425431835922e-05,1.923295885594697e-05,0.9999999996550946,2000,2000,2000,2000,0,2000,1.0000,1.0000,0.0025,0.0105,0.0245,0,False,0.00,True,0.0,0.0,0.0,0.00
107,10,960000000,10.960000000,-0.7078043231263146,-0.6847943784330478,-0.1734061689508056,9.403755849005963e-06,1.521425431835922e-05,1.923295885594697e-05,0.9999999996550946,2000,2000,2000,2000,0,2000,1.0000,1.0000,0.0027,0.0129,0.0280,0,False,0.00,True,0.0,0.0,0.0,0.00
108,10,992000000,10.992000000,-0.7078043231263146,-0.6847943784330478,-0.1734061689508056,9.403755849005963e-06,1.521425431835922e-05,1.923295885594697e-05,0.9999999996550946,2000,2000,2000,2000,0,2000,1.0000,1.0000,0.0016,0.0118,0.0152,0,False,0.00,True,0.0,0.0,0.0,0.00
109,11,24000000,11.024000000,-0.7078043231263146,-0.6847943784330478,-0.1734061689508056,9.403755849005963e-06,1.521425431835922e-05,1.923295885594697e-05,0.9999999996550946,2000,2000,2000,2000,0,2000,1.0000,1.0000,0.0026,0.0094,0.0257,0,False,0.00,True,0.0,0.0,0.0,0.00
110,11,56000000,11.056000000,-0.7078043231263146,-0.6847943784330478,-0.1734061689508056,9.403755849005963e-06,1.521425431835922e-05,1.923295885594697e-05,0.9999999996550946,2000,2000,2000,2000,0,2000,1.0000,1.0000,0.0021,0.0104,0.0215,0,False,0.00,True,0.0,0.0,0.0,0.00
111,11,92000000,11.092000000,-0.7078043231263146,-0.6847943784330478,-0.1734061689508056,9.403755849005963e-06,1.521425431835922e-05,1.923295885594697e-05,0.9999999996550946,2000,2000,2000,2000,0,2000,1.0000,1.0000,0.0003,0.0060,0.0025,0,False,0.00,True,0.0,0.0,0.0,0.00
112,11,124000000,11.124000000,-0.7078043231263146,-0.6847943784330478,-0.1734061689508056,9.403755849005963e-06,1.521425431835922e-05,1.923295885594697e-05,0.9999999996550946,2000,2000,2000,2000,0,2000,1.0000,1.0000,0.0033,0.0115,0.0356,0,False,0.00,True,0.0,0.0,0.0,0.00
113,11,156000000,11.156000000,-0.7078043231263146,-0.6847943784330478,-0.1734061689508056,9.403755849005963e-06,1.521425431835922e-05,1.923295885594697e-05,0.9999999996550946,2000,2000,2000,2000,0,2000,1.0000,1.0000,0.0022,0.0106,0.0222,0,False,0.00,True,0.0,0.0,0.0,0.00
114,11,188000000,11.188000000,-0.7078043231263146,-0.6847943784330478,-0.1734061689508056,9.403755849005963e-06,1.521425431835922e-05,1.923295885594697e-05,0.9999999996550946,2000,2000,2000,2000,0,2000,1.0000,1.0000,0.0004,0.0114,0.0031,0,False,0.00,True,0.0,0.0,0.0,0.00
115,11,224000000,11.224000000,-0.7078043231263146,-0.6847943784330478,-0.1734061689508056,9.403755849005963e-06,1.521425431835922e-05,1.923295885594697e-05,0.9999999996550946,2000,2000,2000,2000,0,2000,1.0000,1.0000,0.0016,0.0097,0.0157,0,False,0.00,True,0.0,0.0,0.0,0.00
116,11,256000000,11.256000000,-0.7078043231263146,-0.6847943784330478,-0.1734061689508056,9.403755849005963e-06,1.521425431835922e-05,1.923295885594697e-05,0.9999999996550946,2000,2000,2000,2000,0,2000,1.0000,1.0000,0.0030,0.0162,0.0303,0,False,0.00,True,0.0,0.0,0.0,0.00
117,11,288000000,11.288000000,-0.7078043231263146,-0.6847943784330478,-0.1734061689508056,9.403755849005963e-06,1.521425431835922e-05,1.923295885594697e-05,0.9999999996550946,2000,2000,2000,2000,0,2000,1.0000,1.0000,0.0022,0.0092,0.0222,0,False,0.00,True,0.0,0.0,0.0,0.00
118,11,320000000,11.320000000,-0.7078043231263146,-0.6847943784330478,-0.1734061689508056,9.403755849005963e-06,1.521425431835922e-05,1.923295885594697e-05,0.9999999996550946,2000,2000,2000,2000,0,2000,1.0000,1.0000,0.0016,0.0094,0.0149,0,False,0.00,True,0.0,0.0,0.0,0.00
119,11,356000000,11.356000000,-0.7078043231263146,-0.6847943784330478,-0.1734061689508056,9.403755849005963e-06,1.521425431835922e-05,1.923295885594697e-05,0.9999999996550946,2000,2000,2000,2000,0,2000,1.0000,1.0000,0.0024,0.0104,0.0247,0,False,0.00,True,0.0,0.0,0.0,0.00
120,11,388000000,11.388000000,-0.7078043231263146,-0.6847943784330478,-0.1734061689508056,9.403755849005963e-06,1.521425431835922e-05,1.923295885594697e-05,0.9999999996550946,2000,2000,2000,2000,0,2000,1.0000,1.0000,0.0022,0.0156,0.0221,0,False,0.00,True,0.0,0.0,0.0,0.00
121,11,420000000,11.420000000,-0.7078043231263146,-0.6847943784330478,-0.1734061689508056,9.403755849005963e-06,1.521425431835922e-05,1.923295885594697e-05,0.9999999996550946,2000,2000,1999,1999,5,1998,0.9995,1.0000,0.0123,11.9169,0.0409,0,False,0.00,True,0.0,0.0,0.0,0.00
122,11,452000000,11.452000000,-0.7078043231263146,-0.6847943784330478,-0.1734061689508056,9.403755849005963e-06,1.521425431835922e-05,1.923295885594697e-05,0.9999999996550946,2000,1998,1942,1942,7,1937,0.9720,0.9990,1.2229,133.8053,0.4614,0,False,0.00,True,0.0,0.0,0.0,0.00
123,11,488000000,11.488000000,-0.03738677658791589,-0.14050161015453577,0.3308613153203379,6.999102169262913e-07,1.5490785949798484e-05,1.7665209188599366e-05,0.9999999997237431,1998,1985,1851,1851,17,1842,0.9325,0.9935,3.4162,190.1252,0.9881,0,False,0.00,True,0.6704231386835312,0.5442764640569573,0.5042776475230469,0.00
124,11,520000000,11.520000000,-0.03738677658791589,-0.14050161015453577,0.3308613153203379,6.999102169262913e-07,1.5490785949798484e-05,1.7665209188599366e-05,0.9999999997237431,2000,0,0,0,0,0,0.0000,0.0000,0.0000,0.0000,0.0000,1,False,1.64,True,0.0,0.0,0.0,0.00
125,11,552000000,11.552000000,-0.03738677658791589,-0.14050161015453577,0.3308613153203379,6.999102169262913e-07,1.5490785949798484e-05,1.7665209188599366e-05,0.9999999997237431,2000,2000,1995,1995,4,1993,0.9975,1.0000,0.1091,58.1209,0.1676,0,False,1.64,True,0.0,0.0,0.0,0.00
126,11,584000000,11.584000000,-0.03738677658791589,-0.14050161015453577,0.3308613153203379,6.999102169262913e-07,1.5490785949798484e-05,1.7665209188599366e-05,0.9999999997237431,2000,2000,2000,2000,0,2000,1.0000,1.0000,0.0023,0.0111,0.0230,0,False,1.64,True,0.0,0.0,0.0,0.00
127,11,620000000,11.620000000,-0.03738677658791589,-0.14050161015453577,0.3308613153203379,6.999102169262913e-07,1.5490785949798484e-05,1.7665209188599366e-05,0.9999999997237431,2000,2000,2000,2000,0,2000,1.0000,1.0000,0.0003,0.0070,0.0026,0,False,1.64,True,0.0,0.0,0.0,0.00
128,11,652000000,11.652000000,-0.03738677658791589,-0.14050161015453577,0.3308613153203379,6.999102169262913e-07,1.5490785949798484e-05,1.7665209188599366e-05,0.9999999997237431,2000,2000,1971,1971,4,1966,0.9855,1.0000,0.3178,55.4399,0.3385,0,False,1.64,True,0.0,0.0,0.0,0.00
129,11,684000000,11.684000000,0.6291795738379893,-0.6747885191814326,0.8506947495301574,3.1963744501616125e-07,1.4583851599357053e-05,1.7218153401790677e-05,0.9999999997453721,2000,1986,1876,1876,14,1865,0.9446,0.9930,2.1428,133.1153,0.8982,0,False,1.64,True,0.666531367854315,-0.5343097307885245,0.5198548328629353,0.00
130,11,716000000,11.716000000,0.6291795738379893,-0.6747885191814326,0.8506947495301574,3.1963744501616125e-07,1.4583851599357053e-05,1.7218153401790677e-05,0.9999999997453721,2000,0,0,0,0,0,0.0000,0.0000,0.0000,0.0000,0.0000,1,False,3.28,True,0.0,0.0,0.0,0.00
131,11,752000000,11.752000000,0.8719870428434734,-1.3344929498914173,1.5619152477561054,6.928072914921508e-06,3.92026465256347e-06,3.150736859244018e-06,0.9999999999633531,2000,2000,1978,1978,13,1974,0.9890,1.0000,0.2815,57.5744,0.3152,0,False,3.28,True,0.242764006307344,-0.6597123366863319,0.7112280014632911,0.00
132,11,784000000,11.784000000,0.8719870428434734,-1.3344929498914173,1.5619152477561054,6.928072914921508e-06,3.92026465256347e-06,3.150736859244018e-06,0.9999999999633531,2000,0,0,0,0,0,0.0000,0.0000,0.0000,0.0000,0.0000,1,False,4.92,True,0.0,0.0,0.0,0.00
133,11,816000000,11.816000000,0.8719870428434734,-1.3344929498914173,1.5619152477561054,6.928072914921508e-06,3.92026465256347e-06,3.150736859244018e-06,0.9999999999633531,2000,2000,2000,2000,0,2000,1.0000,1.0000,0.0029,0.0185,0.0278,0,False,4.92,True,0.0,0.0,0.0,0.00
134,11,848000000,11.848000000,1.6238551409110231,-1.8403154889162174,1.9848075769875422,2.758318474479743e-05,1.1115036226479491e-05,1.0459303321943072e-06,0.999999999557265,2000,2000,1992,1992,8,1986,0.9960,1.0000,0.0522,10.3749,0.1541,0,False,4.92,True,0.7518615948933619,-0.5058214171341876,0.4229052329928921,0.00
135,11,884000000,11.884000000,1.6238551409110231,-1.8403154889162174,1.9848075769875422,2.758318474479743e-05,1.1115036226479491e-05,1.0459303321943072e-06,0.999999999557265,2000,0,0,0,0,0,0.0000,0.0000,0.0000,0.0000,0.0000,1,False,6.56,True,0.0,0.0,0.0,0.00
136,11,916000000,11.916000000,1.903676185161838,-1.4885501680574709,1.0915207572954981,4.017652035963602e-05,-6.838001160031481e-06,-1.7308505238707192e-06,0.9999999991680466,2000,2000,1851,1851,14,1837,0.9255,1.0000,3.0459,122.0207,1.0907,0,False,6.56,True,0.27984163801996487,0.35171545573614915,-0.8933000032612872,0.00
137,11,948000000,11.948000000,1.903676185161838,-1.4885501680574709,1.0915207572954981,4.017652035963602e-05,-6.838001160031481e-06,-1.7308505238707192e-06,0.9999999991680466,2000,0,0,0,0,0,0.0000,0.0000,0.0000,0.0000,0.0000,1,False,8.20,True,0.0,0.0,0.0,0.00
138,11,980000000,11.980000000,1.903676185161838,-1.4885501680574709,1.0915207572954981,4.017652035963602e-05,-6.838001160031481e-06,-1.7308505238707192e-06,0.9999999991680466,2000,2000,1995,1995,6,1995,0.9975,1.0000,0.0876,55.9389,0.1132,0,False,8.20,True,0.0,0.0,0.0,0.00
139,12,16000000,12.016000000,1.903676185161838,-1.4885501680574709,1.0915207572954981,4.017652035963602e-05,-6.838001160031481e-06,-1.7308505238707192e-06,0.9999999991680466,2000,2000,2000,2000,0,2000,1.0000,1.0000,0.0023,0.0173,0.0230,0,False,8.20,True,0.0,0.0,0.0,0.00
140,12,48000000,12.048000000,1.903676185161838,-1.4885501680574709,1.0915207572954981,4.017652035963602e-05,-6.838001160031481e-06,-1.7308505238707192e-06,0.9999999991680466,2000,1999,1995,1995,2,1994,0.9980,0.9995,0.0418,29.7911,0.0426,0,False,8.20,True,0.0,0.0,0.0,0.00
141,12,80000000,12.080000000,1.903676185161838,-1.4885501680574709,1.0915207572954981,4.017652035963602e-05,-6.838001160031481e-06,-1.7308505238707192e-06,0.9999999991680466,1999,1996,1929,1929,6,1921,0.9664,0.9985,1.7633,128.7483,0.5983,0,False,8.20,True,0.0,0.0,0.0,0.00
142,12,112000000,12.112000000,1.9111360205779004,-0.7840686382588503,0.38183764137110165,2.695551147103108e-05,4.204110377534602e-06,1.018593711601075e-05,0.9999999995759863,1996,1980,1840,1840,9,1833,0.9293,0.9920,3.9902,176.5609,1.0297,0,False,8.20,True,0.0074476907945622015,0.704424528126676,-0.7097398228050464,0.00
143,12,148000000,12.148000000,1.9111360205779004,-0.7840686382588503,0.38183764137110165,2.695551147103108e-05,4.204110377534602e-06,1.018593711601075e-05,0.9999999995759863,2000,0,0,0,0,0,0.0000,0.0000,0.0000,0.0000,0.0000,1,False,9.84,True,0.0,0.0,0.0,0.00
144,12,180000000,12.180000000,2.606877046036044,-0.29418079952718706,-0.14347591352470646,6.290014936466147e-05,-9.302286114801832e-05,2.8649808182455356e-05,0.9999999932847535,2000,2000,1988,1988,8,1985,0.9940,1.0000,0.1747,50.6563,0.2377,0,False,9.84,True,0.6957554219975105,0.4898453442910407,-0.5253341141002152,0.01
145,12,212000000,12.212000000,2.606877046036044,-0.29418079952718706,-0.14347591352470646,6.290014936466147e-05,-9.302286114801832e-05,2.8649808182455356e-05,0.9999999932847535,2000,0,0,0,0,0,0.0000,0.0000,0.0000,0.0000,0.0000,1,False,11.48,True,0.0,0.0,0.0,0.00
146,12,244000000,12.244000000,2.606877046036044,-0.29418079952718706,-0.14347591352470646,6.290014936466147e-05,-9.302286114801832e-05,2.8649808182455356e-05,0.9999999932847535,2000,2000,2000,2000,0,2000,1.0000,1.0000,0.0023,0.0143,0.0218,0,False,11.48,True,0.0,0.0,0.0,0.00
147,12,280000000,12.280000000,1.6246828228847958,-0.43124140887179124,-0.014988959422733733,6.461235971873239e-05,-9.03177343562539e-05,2.904728945286825e-05,0.9999999934121024,2000,2000,1970,1970,8,1965,0.9850,1.0000,0.4279,57.2701,0.3209,0,False,11.48,True,-0.9821781515457545,-0.13698815417707938,0.12868692335012857,0.00
148,12,312000000,12.312000000,1.6246828228847958,-0.43124140887179124,-0.014988959422733733,6.461235971873239e-05,-9.03177343562539e-05,2.904728945286825e-05,0.9999999934121024,2000,0,0,0,0,0,0.0000,0.0000,0.0000,0.0000,0.0000,1,False,13.11,True,0.0,0.0,0.0,0.00
149,12,344000000,12.344000000,0.7333404997294515,-0.3742320565067407,-0.46472087589626077,6.52823135438934e-05,-8.90562552684383e-05,2.8878344515165657e-05,0.999999993486622,2000,2000,1861,1861,16,1849,0.9305,1.0000,3.1255,176.5826,1.2076,0,False,13.11,True,-0.8914202350635245,0.05700303023192468,-0.44957826800643846,0.00
150,12,376000000,12.376000000,0.7333404997294515,-0.3742320565067407,-0.46472087589626077,6.52823135438934e-05,-8.90562552684383e-05,2.8878344515165657e-05,0.999999993486622,2000,0,0,0,0,0,0.0000,0.0000,0.0000,0.0000,0.0000,1,False,14.75,True,0.0,0.0,0.0,0.00
151,12,412000000,12.412000000,0.7333404997294515,-0.3742320565067407,-0.46472087589626077,6.52823135438934e-05,-8.90562552684383e-05,2.8878344515165657e-05,0.999999993486622,2000,2000,2000,2000,0,2000,1.0000,1.0000,0.0033,0.0148,0.0322,0,False,14.75,True,0.0,0.0,0.0,0.00
152,12,444000000,12.444000000,0.7333404997294515,-0.3742320565067407,-0.46472087589626077,6.52823135438934e-05,-8.90562552684383e-05,2.8878344515165657e-05,0.999999993486622,2000,2000,2000,2000,0,2000,1.0000,1.0000,0.0023,0.0094,0.0234,0,False,14.75,True,0.0,0.0,0.0,0.00
153,12,476000000,12.476000000,0.7333404997294515,-0.3742320565067407,-0.46472087589626077,6.52823135438934e-05,-8.90562552684383e-05,2.8878344515165657e-05,0.999999993486622,2000,1999,1980,1980,4,1980,0.9905,0.9995,0.1064,32.9300,0.2091,0,False,14.75,True,0.0,0.0,0.0,0.00
154,12,508000000,12.508000000,-0.0021134131846596294,-1.0085705295737355,-0.7028851964112289,7.606023098836498e-05,-8.755859141618387e-05,3.4277683526490776e-05,0.9999999926866874,1999,1991,1876,1876,24,1860,0.9422,0.9960,2.9292,136.5501,0.9202,0,False,14.75,True,-0.7355329508782654,-0.6343270752783895,-0.23795049850982805,0.00
155,12,544000000,12.544000000,-0.0021134131846596294,-1.0085705295737355,-0.7028851964112289,7.606023098836498e-05,-8.755859141618387e-05,3.4277683526490776e-05,0.9999999926866874,2000,0,0,0,0,0,0.0000,0.0000,0.0000,0.0000,0.0000,1,False,16.39,True,0.0,0.0,0.0,0.00
156,12,576000000,12.576000000,-0.910911314242406,-1.3911395832263307,-0.8694003435312226,7.885810697493612e-05,-8.542977314208944e-05,3.382304522653981e-05,0.9999999926695773,2000,2000,1989,1989,16,1986,0.9945,1.0000,0.2553,68.0930,0.2353,0,False,16.39,True,-0.9088532675851426,-0.3825320626106194,-0.1662978023747595,0.00
157,12,608000000,12.608000000,-0.910911314242406,-1.3911395832263307,-0.8694003435312226,7.885810697493612e-05,-8.542977314208944e-05,3.382304522653981e-05,0.9999999926695773,2000,0,0,0,0,0,0.0000,0.0000,0.0000,0.0000,0.0000,1,False,18.03,True,0.0,0.0,0.0,0.00
158,12,640000000,12.640000000,-0.910911314242406,-1.3911395832263307,-0.8694003435312226,7.885810697493612e-05,-8.542977314208944e-05,3.382304522653981e-05,0.9999999926695773,2000,2000,2000,2000,0,2000,1.0000,1.0000,0.0023,0.0134,0.0212,0,False,18.03,True,0.0,0.0,0.0,0.00
159,12,676000000,12.676000000,-0.3463140602339726,-0.5896016493430603,-0.6725072727738328,7.898754542603059e-05,-8.545111867003654e-05,3.388129754776861e-05,0.9999999926555658,2000,2000,1995,1995,8,1991,0.9975,1.0000,0.0353,13.1281,0.1066,0,False,18.03,True,0.5646850966938308,0.8015307737682412,0.1966701814570865,0.00
160,12,708000000,12.708000000,-0.3463140602339726,-0.5896016493430603,-0.6725072727738328,7.898754542603059e-05,-8.545111867003654e-05,3.388129754776861e-05,0.9999999926555658,2000,0,0,0,0,0,0.0000,0.0000,0.0000,0.0000,0.0000,1,False,19.67,True,0.0,0.0,0.0,0.00
161,12,740000000,12.740000000,0.11546831748659814,-0.09859568750074738,-1.4112021902208385,6.37063934196386e-05,-4.3238220545408435e-05,5.797875778470522e-05,0.9999999953552077,2000,2000,1851,1851,15,1838,0.9255,1.0000,3.2703,136.2197,1.0963,0,False,19.67,True,0.46168938655940805,0.49085796566398576,-0.7388513841650505,0.01
162,12,772000000,12.772000000,0.11546831748659814,-0.09859568750074738,-1.4112021902208385,6.37063934196386e-05,-4.3238220545408435e-05,5.797875778470522e-05,0.9999999953552077,2000,0,0,0,0,0,0.0000,0.0000,0.0000,0.0000,0.0000,1,False,21.31,True,0.0,0.0,0.0,0.00
163,12,808000000,12.808000000,0.11546831748659814,-0.09859568750074738,-1.4112021902208385,6.37063934196386e-05,-4.3238220545408435e-05,5.797875778470522e-05,0.9999999953552077,2000,2000,2000,2000,4,1999,1.0000,1.0000,0.0171,14.3510,0.1566,0,False,21.31,True,0.0,0.0,0.0,0.00
164,12,840000000,12.840000000,0.11546831748659814,-0.09859568750074738,-1.4112021902208385,6.37063934196386e-05,-4.3238220545408435e-05,5.797875778470522e-05,0.9999999953552077,2000,2000,1999,1999,2,1997,0.9995,1.0000,0.0599,49.1010,0.0443,0,False,21.31,True,0.0,0.0,0.0,0.00
165,12,872000000,12.872000000,0.11546831748659814,-0.09859568750074738,-1.4112021902208385,6.37063934196386e-05,-4.3238220545408435e-05,5.797875778470522e-05,0.9999999953552077,2000,1999,1992,1992,2,1991,0.9965,0.9995,0.1187,91.2909,0.0772,0,False,21.31,True,0.0,0.0,0.0,0.00
166,12,904000000,12.904000000,0.11546831748659814,-0.09859568750074738,-1.4112021902208385,6.37063934196386e-05,-4.3238220545408435e-05,5.797875778470522e-05,0.9999999953552077,1999,1994,1917,1917,6,1912,0.9614,0.9975,2.4039,200.8245,0.6334,0,False,21.31,True,0.0,0.0,0.0,0.00
167,12,940000000,12.940000000,0.33509079704573647,0.8684895875350691,-1.5397013625185392,5.60936468524873e-05,-3.45067397808137e-05,8.501723140010209e-05,0.999999994217429,1994,1975,1827,1827,18,1815,0.9251,0.9905,3.5266,121.8533,1.1035,0,False,21.31,True,0.21972349963865206,0.9670434208039907,-0.12864138520032695,0.00
168,12,972000000,12.972000000,0.33509079704573647,0.8684895875350691,-1.5397013625185392,5.60936468524873e-05,-3.45067397808137e-05,8.501723140010209e-05,0.999999994217429,2000,0,0,0,0,0,0.0000,0.0000,0.0000,0.0000,0.0000,1,False,22.95,True,0.0,0.0,0.0,0.00
169,13,4000000,13.004000000,0.33509079704573647,0.8684895875350691,-1.5397013625185392,5.60936468524873e-05,-3.45067397808137e-05,8.501723140010209e-05,0.999999994217429,2000,2000,1994,1994,5,1994,0.9970,1.0000,0.0397,24.4056,0.1357,0,False,22.95,True,0.0,0.0,0.0,0.00
170,13,36000000,13.036000000,0.33509079704573647,0.8684895875350691,-1.5397013625185392,5.60936468524873e-05,-3.45067397808137e-05,8.501723140010209e-05,0.999999994217429,2000,2000,1998,1998,1,1998,0.9990,1.0000,0.0554,55.9551,0.0444,0,False,22.95,True,0.0,0.0,0.0,0.00
171,13,72000000,13.072000000,0.33509079704573647,0.8684895875350691,-1.5397013625185392,5.60936468524873e-05,-3.45067397808137e-05,8.501723140010209e-05,0.999999994217429,2000,1999,1992,1992,2,1990,0.9965,0.9995,0.1038,91.8481,0.1065,0,False,22.95,True,0.0,0.0,0.0,0.00
172,13,104000000,13.104000000,1.117510688302528,1.4533524222315188,-1.3257981639530532,5.609364965690866e-05,-3.450673891889346e-05,8.501723295419862e-05,0.9999999942174288,1999,1990,1896,1896,22,1888,0.9528,0.9955,2.7882,165.7278,0.7718,0,False,22.95,True,0.782534086900277,0.5847537771529557,0.2137835890439231,0.00
173,13,136000000,13.136000000,1.117510688302528,1.4533524222315188,-1.3257981639530532,5.609364965690866e-05,-3.450673891889346e-05,8.501723295419862e-05,0.9999999942174288,2000,0,0,0,0,0,0.0000,0.0000,0.0000,0.0000,0.0000,1,False,24.59,True,0.0,0.0,0.0,0.00
174,13,168000000,13.168000000,0.29226050913888935,1.5058344379749364,-1.8881217183360197,6.025510834158642e-05,-3.331585745228691e-05,8.409050960149428e-05,0.9999999940940809,2000,2000,1980,1980,21,1977,0.9900,1.0000,0.2728,71.5517,0.3656,0,False,24.59,True,-0.825280054987658,0.05255925656064101,-0.562272492115132,0.00
175,13,204000000,13.204000000,0.29226050913888935,1.5058344379749364,-1.8881217183360197,6.025510834158642e-05,-3.331585745228691e-05,8.409050960149428e-05,0.9999999940940809,2000,0,0,0,0,0,0.0000,0.0000,0.0000,0.0000,0.0000,1,False,26.23,True,0.0,0.0,0.0,0.00
176,13,236000000,13.236000000,0.29226050913888935,1.5058344379749364,-1.8881217183360197,6.025510834158642e-05,-3.331585745228691e-05,8.409050960149428e-05,0.9999999940940809,2000,2000,1994,1994,0,1994,0.9970,1.0000,0.0952,36.7757,0.0465,0,False,26.23,True,0.0,0.0,0.0,0.00
177,13,268000000,13.268000000,0.663708804008214,0.8876016250962995,-2.580808049454828,1.68887657651847e-05,9.645561564951551e-05,-5.31505332407374e-05,0.9999999937930524,2000,2000,1987,1987,10,1983,0.9935,1.0000,0.1051,47.2038,0.2135,0,False,26.23,True,0.37129815435237035,-0.6183787435880642,-0.6926365641900306,0.02
178,13,300000000,13.300000000,0.663708804008214,0.8876016250962995,-2.580808049454828,1.68887657651847e-05,9.645561564951551e-05,-5.31505332407374e-05,0.9999999937930524,2000,0,0,0,0,0,0.0000,0.0000,0.0000,0.0000,0.0000,1,False,27.87,True,0.0,0.0,0.0,0.00
179,13,336000000,13.336000000,1.0915301607747248,1.0572014081321233,-3.468617038082821,-6.231025576212249e-06,0.00021288664184816502,-4.0947206278021214e-05,0.9999999764818889,2000,2000,1838,1838,20,1827,0.9190,1.0000,3.6060,121.8361,1.3351,0,False,27.87,True,0.4279745882215386,0.169615282347986,-0.8877321712265573,0.01
180,13,368000000,13.368000000,1.0915301607747248,1.0572014081321233,-3.468617038082821,-6.231025576212249e-06,0.00021288664184816502,-4.0947206278021214e-05,0.9999999764818889,2000,0,0,0,0,0,0.0000,0.0000,0.0000,0.0000,0.0000,1,False,29.51,True,0.0,0.0,0.0,0.00
181,13,400000000,13.400000000,1.0915301607747248,1.0572014081321233,-3.468617038082821,-6.231025576212249e-06,0.00021288664184816502,-4.0947206278021214e-05,0.9999999764818889,2000,2000,1999,1999,1,1998,0.9995,1.0000,0.0155,13.2383,0.0291,0,False,29.51,True,0.0,0.0,0.0,0.00
182,13,432000000,13.432000000,1.0915301607747248,1.0572014081321233,-3.468617038082821,-6.231025576212249e-06,0.00021288664184816502,-4.0947206278021214e-05,0.9999999764818889,2000,2000,1999,1999,2,1997,0.9995,1.0000,0.0215,17.4093,0.0140,0,False,29.51,True,0.0,0.0,0.0,0.00
183,13,468000000,13.468000000,1.916797750515901,0.5389413933617564,-3.244251349054817,1.3129210195332886e-05,0.00021393398235181843,-8.939927881349992e-05,0.9999999730338216,2000,2000,1956,1956,20,1950,0.9780,1.0000,0.7287,93.2712,0.3964,0,False,29.51,True,0.8252144273442994,-0.5181952303470522,0.22471059643102226,0.01
184,13,500000000,13.500000000,1.916797750515901,0.5389413933617564,-3.244251349054817,1.3129210195332886e-05,0.00021393398235181843,-8.939927881349992e-05,0.9999999730338216,2000,0,0,0,0,0,0.0000,0.0000,0.0000,0.0000,0.0000,1,False,31.15,True,0.0,0.0,0.0,0.00
185,13,532000000,13.532000000,2.450529724795356,-0.2598265500441649,-2.9665825675563724,2.508359567497593e-05,0.00021966239025269767,-9.929959609599202e-05,0.9999999706294184,2000,2000,1898,1898,11,1886,0.9490,1.0000,2.2267,121.2558,1.0330,0,False,29.51,True,0.5337559247327677,-0.7986652163375411,0.2779181264782431,0.00
186,13,564000000,13.564000000,2.450529724795356,-0.2598265500441649,-2.9665825675563724,2.508359567497593e-05,0.00021966239025269767,-9.929959609599202e-05,0.9999999706294184,2000,0,0,0,0,0,0.0000,0.0000,0.0000,0.0000,0.0000,1,False,31.15,True,0.0,0.0,0.0,0.00
187,13,600000000,13.600000000,2.450529724795356,-0.2598265500441649,-2.9665825675563724,2.508359567497593e-05,0.00021966239025269767,-9.929959609599202e-05,0.9999999706294184,2000,2000,2000,2000,0,2000,1.0000,1.0000,0.0024,0.0090,0.0212,0,False,31.15,True,0.0,0.0,0.0,0.00
188,13,632000000,13.632000000,2.450529724795356,-0.2598265500441649,-2.9665825675563724,2.508359567497593e-05,0.00021966239025269767,-9.929959609599202e-05,0.9999999706294184,2000,2000,1988,1988,6,1985,0.9940,1.0000,0.0540,10.4037,0.1429,0,False,31.15,True,0.0,0.0,0.0,0.00
189,13,664000000,13.664000000,1.7565128610552354,-0.9607015745079438,-2.801916867037946,2.7172831065667812e-06,0.00023294879477886272,-0.00010376398951798765,0.9999999674802543,2000,1990,1894,1894,17,1883,0.9518,0.9950,2.1898,131.5031,0.8074,0,False,31.15,True,-0.6939499401335826,-0.7010045949604432,0.1643959805863335,0.00
190,13,696000000,13.696000000,1.7565128610552354,-0.9607015745079438,-2.801916867037946,2.7172831065667812e-06,0.00023294879477886272,-0.00010376398951798765,0.9999999674802543,2000,0,0,0,0,0,0.0000,0.0000,0.0000,0.0000,0.0000,1,False,32.79,True,0.0,0.0,0.0,0.00
191,13,732000000,13.732000000,1.5975353967630412,-1.7404208775146093,-2.196306452360307,1.7787895716560965e-05,0.00021782249720090138,-0.0001156486250226743,0.9999999694311725,2000,2000,1990,1990,16,1987,0.9950,1.0000,0.1891,67.0550,0.2642,0,False,31.15,True,-0.15909778380086026,-0.7797490167242664,0.6055405569465966,0.00
192,13,764000000,13.764000000,1.5975353967630412,-1.7404208775146093,-2.196306452360307,1.7787895716560965e-05,0.00021782249720090138,-0.0001156486250226743,0.9999999694311725,2000,0,0,0,0,0,0.0000,0.0000,0.0000,0.0000,0.0000,1,False,32.79,True,0.0,0.0,0.0,0.00
193,13,796000000,13.796000000,1.5975353967630412,-1.7404208775146093,-2.196306452360307,1.7787895716560965e-05,0.00021782249720090138,-0.0001156486250226743,0.9999999694311725,2000,2000,2000,2000,1,2000,1.0000,1.0000,0.0047,1.9679,0.0426,0,False,31.15,True,0.0,0.0,0.0,0.00
194,13,828000000,13.828000000,1.5975353967630412,-1.7404208775146093,-2.196306452360307,1.7787895716560965e-05,0.00021782249720090138,-0.0001156486250226743,0.9999999694311725,2000,1999,1926,1926,5,1921,0.9635,0.9995,2.3452,201.7082,0.6194,0,False,31.15,True,0.0,0.0,0.0,0.00
195,13,864000000,13.864000000,1.2442489983997786,-1.720526966860553,-3.131610121256351,1.8312649006793976e-05,0.00022273193998473091,-0.00011698156283601328,0.9999999681852214,1999,1982,1849,1849,14,1838,0.9329,0.9915,3.0712,158.3501,1.1316,0,False,31.15,True,-0.35288349244389233,0.019778966156705092,-0.9354581942868284,0.00
196,13,896000000,13.896000000,1.2442489983997786,-1.720526966860553,-3.131610121256351,1.8312649006793976e-05,0.00022273193998473091,-0.00011698156283601328,0.9999999681852214,2000,0,0,0,0,0,0.0000,0.0000,0.0000,0.0000,0.0000,1,False,31.15,True,0.0,0.0,0.0,0.00
197,13,928000000,13.928000000,1.2442489983997786,-1.720526966860553,-3.131610121256351,1.8312649006793976e-05,0.00022273193998473091,-0.00011698156283601328,0.9999999681852214,2000,1999,1996,1996,0,1996,0.9985,0.9995,0.0917,77.8879,0.0377,0,False,31.15,True,0.0,0.0,0.0,0.00
198,13,960000000,13.960000000,1.2442489983997786,-1.720526966860553,-3.131610121256351,1.8312649006793976e-05,0.00022273193998473091,-0.00011698156283601328,0.9999999681852214,1999,1999,1999,1999,1,1999,1.0000,1.0000,0.0007,0.7981,0.0047,0,False,29.51,True,0.0,0.0,0.0,0.00
199,13,996000000,13.996000000,1.2442489983997786,-1.720526966860553,-3.131610121256351,1.8312649006793976e-05,0.00022273193998473091,-0.00011698156283601328,0.9999999681852214,1999,1998,1929,1929,5,1923,0.9655,0.9995,1.9859,194.1365,0.6085,0,False,29.51,True,0.0,0.0,0.0,0.00
200,14,28000000,14.028000000,2.0226068543686226,-1.9059106947175088,-2.5317835450716637,2.0817047885017892e-05,0.0002247319784188389,-0.00011608610858606374,0.9999999677931014,1998,1979,1841,1841,21,1828,0.9303,0.9905,3.2438,137.6183,1.1134,0,False,29.51,True,0.7781339252451268,-0.1851796717093398,0.6001800426274041,0.00
201,14,60000000,14.060000000,2.0226068543686226,-1.9059106947175088,-2.5317835450716637,2.0817047885017892e-05,0.0002247319784188389,-0.00011608610858606374,0.9999999677931014,2000,0,0,0,0,0,0.0000,0.0000,0.0000,0.0000,0.0000,1,False,31.15,True,0.0,0.0,0.0,0.00
202,14,92000000,14.092000000,2.0226068543686226,-1.9059106947175088,-2.5317835450716637,2.0817047885017892e-05,0.0002247319784188389,-0.00011608610858606374,0.9999999677931014,2000,2000,2000,2000,0,2000,1.0000,1.0000,0.0019,0.0155,0.0158,0,False,31.15,True,0.0,0.0,0.0,0.00
203,14,128000000,14.128000000,2.0226068543686226,-1.9059106947175088,-2.5317835450716637,2.0817047885017892e-05,0.0002247319784188389,-0.00011608610858606374,0.9999999677931014,2000,2000,1998,1998,1,1997,0.9990,1.0000,0.0322,26.7745,0.0503,0,False,31.15,True,0.0,0.0,0.0,0.00
204,14,160000000,14.160000000,2.6274998795472237,-2.6930182500959794,-2.6524737449903295,9.214482950632321e-05,0.00030579333030222064,-4.240965440940806e-05,0.9999999481005941,2000,1999,1987,1987,8,1981,0.9940,0.9995,0.1014,29.8524,0.2066,0,False,29.51,True,0.6051299313881389,-0.7869721070021988,-0.12038550136418535,0.01
205,14,192000000,14.192000000,2.6274998795472237,-2.6930182500959794,-2.6524737449903295,9.214482950632321e-05,0.00030579333030222064,-4.240965440940806e-05,0.9999999481005941,2000,0,0,0,0,0,0.0000,0.0000,0.0000,0.0000,0.0000,1,False,31.15,True,0.0,0.0,0.0,0.00
206,14,224000000,14.224000000,1.8846373851105527,-3.352333014307465,-2.768488209830195,7.809163114513913e-05,0.00031026107547088295,1.1616183701763604e-05,0.9999999487524118,2000,2000,1849,1849,137,1833,0.9245,1.0000,3.0449,76.6443,1.0949,0,False,29.51,True,-0.7427355135684988,-0.6593991788434839,-0.11634723814804368,0.01
207,14,260000000,14.260000000,1.8846373851105527,-3.352333014307465,-2.768488209830195,7.809163114513913e-05,0.00031026107547088295,1.1616183701763604e-05,0.9999999487524118,137,134,131,131,7,129,0.9776,0.9781,0.9820,56.5255,0.6996,0,False,29.51,True,0.0,0.0,0.0,0.00
208,14,292000000,14.292000000,1.8846373851105527,-3.352333014307465,-2.768488209830195,7.809163114513913e-05,0.00031026107547088295,1.1616183701763604e-05,0.9999999487524118,134,134,134,134,0,134,1.0000,1.0000,0.0021,0.0061,0.0224,0,False,29.51,True,0.0,0.0,0.0,0.00
209,14,324000000,14.324000000,1.7439302880664889,-2.7483405663243423,-3.5529591370294034,-0.0010627030180846912,0.001031090762931485,0.0004772599158734411,0.9999987898678212,134,134,134,134,134,134,1.0000,1.0000,0.0021,0.0073,0.0206,0,False,27.87,True,-0.1402062283359355,0.6038731757170983,-0.7846524078757153,0.16
210,14,356000000,14.356000000,1.7439302880664889,-2.7483405663243423,-3.5529591370294034,-0.0010627030180846912,0.001031090762931485,0.0004772599158734411,0.9999987898678212,134,134,134,134,0,134,1.0000,1.0000,0.0014,0.0047,0.0137,0,False,27.87,True,0.0,0.0,0.0,0.00
211,14,392000000,14.392000000,1.7439302880664889,-2.7483405663243423,-3.5529591370294034,-0.0010627030180846912,0.001031090762931485,0.0004772599158734411,0.9999987898678212,134,134,131,131,1,130,0.9776,1.0000,1.1337,55.2251,0.4015,0,False,26.23,True,0.0,0.0,0.0,0.00
212,14,424000000,14.424000000,1.7439302880664889,-2.7483405663243423,-3.5529591370294034,-0.0010627030180846912,0.001031090762931485,0.0004772599158734411,0.9999987898678212,134,132,131,131,0,131,0.9924,0.9851,0.1167,14.7561,0.1279,0,False,26.23,True,0.0,0.0,0.0,0.00
213,14,456000000,14.456000000,1.7439302880664889,-2.7483405663243423,-3.5529591370294034,-0.0010627030180846912,0.001031090762931485,0.0004772599158734411,0.9999987898678212,132,132,131,131,5,130,0.9924,1.0000,0.1593,12.0970,0.4206,0,False,26.23,True,0.0,0.0,0.0,0.00
214,14,488000000,14.488000000,1.7439302880664889,-2.7483405663243423,-3.5529591370294034,-0.0010627030180846912,0.001031090762931485,0.0004772599158734411,0.9999987898678212,132,132,129,129,3,126,0.9773,1.0000,1.2218,97.6435,0.9016,0,False,26.23,True,0.0,0.0,0.0,0.00
215,14,524000000,14.524000000,1.7439302880664889,-2.7483405663243423,-3.5529591370294034,-0.0010627030180846912,0.001031090762931485,0.0004772599158734411,0.9999987898678212,132,132,131,131,2,129,0.9924,1.0000,0.3069,17.4616,0.4225,0,False,26.23,True,0.0,0.0,0.0,0.00
216,14,556000000,14.556000000,1.1052943617645787,-2.132004266805338,-4.013690858893357,-0.0026577745510814217,0.0021273948782670393,0.004203675388831975,0.9999853696623231,132,132,131,131,130,130,0.9924,1.0000,0.7412,61.2871,0.4761,0,False,24.59,True,-0.6370967449748197,0.6179244034692343,-0.46073546546763744,0.48
217,14,588000000,14.588000000,1.1052943617645787,-2.132004266805338,-4.013690858893357,-0.0026577745510814217,0.0021273948782670393,0.004203675388831975,0.9999853696623231,130,130,130,130,0,130,1.0000,1.0000,1.0264,1.2857,0.5372,0,False,24.59,True,0.0,0.0,0.0,0.00
218,14,620000000,14.620000000,1.7997062189122999,-1.4143048230609558,-3.9617324033576407,-0.002820033324228281,0.0023411590868819064,0.0056574441559003015,0.9999772795977933,130,130,130,130,70,128,1.0000,1.0000,3.2738,8.6680,1.2394,0,False,22.95,True,0.7001845465340247,0.7115427540361715,0.058724015305174924,0.17
219,14,656000000,14.656000000,1.7997062189122999,-1.4143048230609558,-3.9617324033576407,-0.002820033324228281,0.0023411590868819064,0.0056574441559003015,0.9999772795977933,2000,0,0,0,0,0,0.0000,0.0000,0.0000,0.0000,0.0000,1,False,24.59,True,0.0,0.0,0.0,0.00
220,14,688000000,14.688000000,1.6009487635895214,-1.5539885178086017,-2.9916891366033918,-0.00418343416742326,0.0016641690655421165,0.010440668639919493,0.99993535883988,2000,1986,1908,1908,10,1903,0.9607,0.9930,8.8738,154.0518,1.8938,0,False,24.59,True,-0.20489407898566148,-0.14286632763880186,0.9683014142422905,0.58
221,14,720000000,14.720000000,1.6009487635895214,-1.5539885178086017,-2.9916891366033918,-0.00418343416742326,0.0016641690655421165,0.010440668639919493,0.99993535883988,2000,0,0,0,0,0,0.0000,0.0000,0.0000,0.0000,0.0000,1,False,24.59,True,0.0,0.0,0.0,0.00
222,14,752000000,14.752000000,2.473710410657413,-1.354052853821431,-2.546365840925575,-0.0049654068855527825,0.0008678934692954795,0.019252473118282026,0.9998019472746673,2000,1971,1826,1826,59,1812,0.9264,0.9855,15.6529,110.7561,2.5944,0,False,24.59,True,0.8752174157327697,0.17793942677885075,0.4498133341683704,1.02
223,14,788000000,14.788000000,2.473710410657413,-1.354052853821431,-2.546365840925575,-0.0049654068855527825,0.0008678934692954795,0.019252473118282026,0.9998019472746673,2000,0,0,0,0,0,0.0000,0.0000,0.0000,0.0000,0.0000,1,False,24.59,True,0.0,0.0,0.0,0.00
224,14,820000000,14.820000000,2.602065027833095,-1.8718389383592828,-1.7005392257681642,-0.004317974571827963,0.0002642369777837193,0.031207167664014948,0.9995035757618912,2000,1908,1879,1879,1858,1876,0.9848,0.9540,19.0610,110.9418,1.6780,0,False,24.59,True,0.1067007586769246,-0.5306889414942662,0.8408235221932507,1.37
225,14,852000000,14.852000000,3.024270293659592,-2.4666434931744248,-1.0164703293260455,-0.0035602926097206967,-0.00025063375068257166,0.044600353166438456,0.998998533530798,1858,1796,1682,1682,1675,1666,0.9365,0.9666,22.3499,138.9937,2.2401,0,False,24.59,True,0.38373260984731133,-0.6258567420764164,0.6790085585154765,1.54
226,14,884000000,14.884000000,3.8425591652804156,-2.2698687822792256,-0.4763934498601382,-0.0033650819326491665,-8.684582457298147e-05,0.06034913277747586,0.998171654002655,1675,1591,1549,1549,156,1489,0.9736,0.9499,23.2820,189.0422,1.6427,0,False,24.59,True,0.8326674523881491,0.11921560475791357,0.5407888250654168,1.81
227,14,920000000,14.920000000,3.0201668561569597,-2.4996120348971136,-0.9968633603940188,-0.0033137485722422306,-0.00012835556734707942,0.07928944376010645,0.9968461198717989,156,145,144,144,109,142,0.9931,0.9295,22.5236,45.9872,1.6335,0,False,24.59,True,-0.8439598510536311,-0.12548333185352017,-0.52152248583975,2.18
228,14,952000000,14.952000000,3.8233979586224285,-2.2666018829537222,-0.44866078367312523,-0.003978939034708472,0.0002659720819122093,0.09719549458283766,0.9952573200614037,109,107,107,107,84,107,1.0000,0.9817,20.6357,23.5599,1.2843,0,False,24.59,True,0.8298179059339529,0.0994692557553336,0.5490975415633085,2.06
229,14,984000000,14.984000000,3.8233979586224285,-2.2666018829537222,-0.44866078367312523,-0.003978939034708472,0.0002659720819122093,0.09719549458283766,0.9952573200614037,2000,0,0,0,0,0,0.0000,0.0000,0.0000,0.0000,0.0000,1,False,24.59,True,0.0,0.0,0.0,0.00
230,15,16000000,15.016000000,4.707751257865089,-1.8592607949070894,-0.2206421877042699,-0.0036345671802755627,0.001303025710941084,0.11859205805102299,0.9929355547127072,2000,1949,1748,1748,763,1731,0.8969,0.9745,31.8480,177.0709,2.6454,0,False,24.59,True,0.9461542160055894,0.226740898656499,0.23104277615041752,2.47
231,15,52000000,15.052000000,5.403797833065835,-1.4797955202679378,0.38888654049018256,-0.0032420508503379275,0.0023509247087210687,0.14411774205635638,0.9895524436248315,763,748,726,726,375,725,0.9706,0.9803,33.6684,76.0346,1.8411,0,False,24.59,True,0.7637267337814142,0.20063901879440577,0.6135678122626633,2.95
232,15,84000000,15.084000000,6.098922892959741,-0.8888534188906412,0.7982623872707166,-0.0032357570330111586,0.0034013705554542892,0.1680072047462278,0.9857745886906027,375,361,357,357,225,355,0.9889,0.9627,34.0525,59.0641,1.8741,0,False,24.59,True,0.8324966596945368,0.3657556980683387,0.4161394969574276,2.77
233,15,116000000,15.116000000,6.9576287675727295,-0.6752549364176755,1.2640948777545709,-0.0044234586722108815,0.003633406008800245,0.1921014518373159,0.9813583767289837,225,208,187,187,67,184,0.8990,0.9244,37.4868,100.8790,3.3144,0,False,24.59,True,0.8773257562529168,-0.08535546820529402,0.4722435404139504,2.81
234,15,148000000,15.148000000,6.9576287675727295,-0.6752549364176755,1.2640948777545709,-0.0044234586722108815,0.003633406008800245,0.1921014518373159,0.9813583767289837,2000,0,0,0,0,0,0.0000,0.0000,0.0000,0.0000,0.0000,1,False,24.59,True,0.0,0.0,0.0,0.00
235,15,184000000,15.184000000,7.662860751845775,-0.11158194774210073,1.6941188424307834,-0.004334575137991685,0.005900204438977897,0.22331408606705472,0.9747190456793113,2000,1909,1548,1548,649,1500,0.8109,0.9545,43.5875,134.3036,3.3143,0,False,24.59,True,0.8618751398383838,0.25299149252456254,0.43950716494587494,3.67
236,15,216000000,15.216000000,7.532500401651165,0.7124158406982461,2.2455114645636427,-0.004113933533113971,0.007434368603331888,0.25239583427531737,0.9675867653884179,649,597,558,558,271,510,0.9347,0.9199,45.1149,93.2198,2.1912,0,False,22.95,True,0.2339155913461522,0.7953337536470189,0.5592206330554365,3.44
237,15,248000000,15.248000000,8.318793832969535,0.15568675679554167,1.9775648896602953,-0.0028653927178543975,0.012932087111502004,0.27678744246685183,0.9608398734129284,271,230,190,190,184,167,0.8261,0.8487,52.1740,117.1829,3.4746,0,False,22.95,True,0.41854932557371416,-0.8687484553231388,-0.26475003953814535,2.97
238,15,280000000,15.280000000,9.083038015422254,0.40264836486357314,2.573333967179118,-0.0027879628635480397,0.014970985521181222,0.30643725095998003,0.9517690413538814,184,151,115,115,113,112,0.7616,0.8207,57.2576,159.5263,3.7469,0,False,22.95,True,0.7624782205595786,-0.1964537170183854,0.6164680853393455,3.56
239,15,316000000,15.316000000,9.816699953776208,1.0070826250087586,2.883816471313347,-0.0015769737452552262,0.019207629241647702,0.3409294799550168,0.9398913074554547,113,107,88,88,50,85,0.8224,0.9469,58.9757,116.9886,3.3665,0,False,21.31,True,0.9386923016836589,0.06409134140376817,0.3387463102631529,4.21
240,15,348000000,15.348000000,9.816699953776208,1.0070826250087586,2.883816471313347,-0.0015769737452552262,0.019207629241647702,0.3409294799550168,0.9398913074554547,2000,0,0,0,0,0,0.0000,0.0000,0.0000,0.0000,0.0000,1,False,22.95,True,0.0,0.0,0.0,0.00
241,15,380000000,15.380000000,10.75961040758703,1.3203732375264843,2.770817054489455,-0.0004581903331863211,0.023708321409004494,0.3710520352045787,0.9283092656696507,2000,1922,1020,1020,975,991,0.5307,0.9610,42.7560,188.3854,5.4856,0,False,21.31,True,0.9279823535031244,-0.36502853889251075,-0.07485263776782408,3.74
242,15,412000000,15.412000000,11.540456795657297,1.8286734239793505,3.134010995366226,0.00033583594321675284,0.027323745024346983,0.4014084396119524,0.9154914334827832,975,924,777,777,697,771,0.8409,0.9477,49.3745,210.7265,2.8800,0,False,21.31,True,0.8990030279426567,-0.16352775592928678,0.4062662043422594,3.80
243,15,448000000,15.448000000,11.707708077964272,2.3254987210891764,3.9855928368344435,-0.00024972949473386734,0.029834826974054904,0.4358242120069293,0.899537145960714,697,639,279,279,166,265,0.4366,0.9168,69.8689,320.2614,6.3702,0,False,21.31,True,0.43589090792486096,0.23300149992968017,0.8693154878517694,4.36
244,15,480000000,15.480000000,11.954003086669202,3.2941149372732372,4.019080064732716,-0.0018497920664498453,0.03303924144737914,0.4661672942063114,0.8840775082571997,166,166,145,145,103,143,0.8735,1.0000,46.6518,234.7944,1.8788,0,False,21.31,True,0.9099462283926287,0.40838996413185663,0.07221840922099373,3.92
245,15,512000000,15.512000000,11.432249992145017,2.4416874322758853,4.052859601118322,-0.001748637159388324,0.03734426988310854,0.49614881279934236,0.867432247113736,103,103,103,103,42,103,1.0000,1.0000,40.5931,49.8881,0.6621,0,False,19.67,True,-0.998393584184123,-0.05088434829243847,-0.024920556952728098,3.96
246,15,544000000,15.544000000,11.432249992145017,2.4416874322758853,4.052859601118322,-0.001748637159388324,0.03734426988310854,0.49614881279934236,0.867432247113736,2000,0,0,0,0,0,0.0000,0.0000,0.0000,0.0000,0.0000,1,False,21.31,True,0.0,0.0,0.0,0.00
247,15,580000000,15.580000000,12.179457611197055,3.083788318975162,3.8814325748634473,-0.0022827491629822455,0.04215138591777362,0.5281279587587794,0.8481149149135127,2000,1840,740,740,609,695,0.4022,0.9200,50.3754,277.7123,5.8002,0,False,19.67,True,0.941261648202581,-0.32311654985893684,-0.09809283781305422,4.32
248,15,612000000,15.612000000,12.47803474312453,3.140668410434693,4.8341215857612925,-0.0008472502410004964,0.04224046796569877,0.5555154205941119,0.8304322022388192,609,591,517,517,515,512,0.8748,0.9704,53.1737,224.1175,1.9097,0,False,19.67,True,0.11148926261497076,-0.20365376486079806,0.9726742971722822,3.74
249,15,644000000,15.644000000,12.87020935860622,4.046243812476575,4.6724668234173645,-0.001615232079135507,0.04598115461509924,0.5830567753220072,0.8111275616058767,515,496,475,475,267,475,0.9577,0.9631,49.6883,101.1583,1.0548,0,False,19.67,True,0.9956716424318197,-0.022563758915629593,-0.09016017546965896,3.88
250,15,676000000,15.676000000,12.46960742893611,4.802805573229945,5.189315346787937,-0.0025624257406141656,0.047751369360895655,0.6100855710502152,0.7908911661504482,267,245,234,234,136,234,0.9551,0.9176,49.5489,83.6674,1.0933,0,False,19.67,True,0.5494328788330642,0.6474979071529633,0.5280814064987933,3.88
251,15,712000000,15.712000000,12.468611139448498,5.701598301792081,5.627688063196114,-0.003182304623517217,0.050309548697313924,0.639310889492841,0.7672942126870423,136,136,105,105,98,101,0.7721,1.0000,56.0571,181.3191,2.5866,0,False,18.03,True,0.8324033221564412,0.2544382927730896,0.4923066772182106,4.32
252,15,744000000,15.744000000,12.468611139448498,5.701598301792081,5.627688063196114,-0.003182304623517217,0.050309548697313924,0.639310889492841,0.7672942126870423,2000,0,0,0,0,0,0.0000,0.0000,0.0000,0.0000,0.0000,1,False,19.67,True,0.0,0.0,0.0,0.00
253,15,776000000,15.776000000,12.799842793102918,6.643145606873582,5.566253025057294,-0.003862179441164977,0.053229795906360386,0.6641266301078192,0.7457127406577974,2000,1957,1769,1769,1374,1762,0.9039,0.9785,47.6259,199.5953,1.4666,0,False,18.03,True,0.9872178992765036,-0.15684962175684727,0.028266862274063952,3.78
254,15,808000000,15.808000000,12.639932718890888,7.609848456237319,5.366467216758679,-0.005149935043129937,0.05520234248242915,0.6883906756507944,0.7232181256236232,1374,1351,1300,1300,1165,1298,0.9623,0.9833,44.4015,256.0056,0.9767,0,False,18.03,True,0.9560600914598085,0.2593993590235169,-0.13660554182042225,3.80
255,15,844000000,15.844000000,13.092648641199824,8.421071385515889,5.736555925990215,-0.005603108444116461,0.05662770133272017,0.7140632289256782,0.6977647266190591,1165,1149,994,994,901,988,0.8651,0.9863,52.4039,374.5399,1.9096,0,False,18.03,True,0.7959989546946459,-0.3833296677952528,0.4684485349673029,4.15
256,15,876000000,15.876000000,12.803189831468513,9.353493929301768,5.952893156509605,-0.0062654709391368885,0.05769075218058256,0.7369778765963633,0.6734212132048298,901,885,845,845,744,831,0.9548,0.9822,43.6380,364.7797,0.9247,0,False,18.03,True,0.9173163451510026,0.28593726796225144,0.2770750831617496,3.83
257,15,908000000,15.908000000,12.85386022861206,10.139300623409149,6.56928617265218,-0.006141715415333368,0.058422488992696864,0.7583995085819438,0.6491373333080769,744,740,733,733,571,731,0.9905,0.9946,38.8968,137.9185,0.6412,0,False,16.39,True,0.721123083507776,-0.070974508478987,0.6891618950423793,3.71
258,15,940000000,15.940000000,12.422389515472176,11.04108774945877,6.594045069916036,-0.00698796983563214,0.05918046218145833,0.7792424076451285,0.623883091052313,571,564,562,562,434,561,0.9965,0.9877,38.3908,69.6293,0.5229,0,False,16.39,True,0.9529662141193883,0.2914946110170969,0.08298365197405702,3.75
259,15,976000000,15.976000000,11.950605097435426,11.79676877503473,7.048319932176964,-0.007843862375845846,0.05902243118001241,0.8015955660787183,0.5948944233085133,434,432,402,402,381,397,0.9306,0.9954,46.7616,236.1795,1.3092,0,False,16.39,True,0.8001133500777112,0.3349295251655804,0.49763524814846166,4.20
260,16,8000000,16.008000000,11.544349721136621,12.696802354409172,7.206104992390987,-0.008242368304140968,0.060272344319152245,0.8205623348810008,0.5683104454870178,381,374,367,367,318,335,0.9813,0.9816,39.5286,84.7693,0.7351,0,False,16.39,True,0.9631490006905198,0.14457150323214737,0.2268106763846237,3.75
261,16,40000000,16.040000000,11.31773739907734,13.573039962663596,7.631374917698976,-0.008569544389932278,0.05957745623921515,0.8383054065456563,0.5418681896673168,318,307,306,306,250,304,0.9967,0.9654,40.2653,80.2443,0.5483,0,False,16.39,True,0.8616825244586839,-0.054202025571044636,0.5045447130498004,3.65
262,16,72000000,16.072000000,10.734295328619893,14.237938741936183,8.09774919201323,-0.008545571857278939,0.059118890402241886,0.8555677003623902,0.5142332545604681,250,239,231,231,176,227,0.9665,0.9560,39.1437,79.1210,0.7629,0,False,14.75,True,0.8073047072689538,0.3031860642354544,0.5062976595588842,3.73
263,16,108000000,16.108000000,11.141700967907465,13.519106500703984,7.534454549715106,-0.008620467651287569,0.05987057280286069,0.8738975487455425,0.48233212244910917,176,174,150,150,42,145,0.8621,0.9886,45.6877,104.1586,1.9057,0,False,14.75,True,-0.7811851647309962,-0.07729202344388575,-0.619496312754286,4.22
264,16,140000000,16.140000000,11.141700967907465,13.519106500703984,7.534454549715106,-0.008620467651287569,0.05987057280286069,0.8738975487455425,0.48233212244910917,2000,0,0,0,0,0,0.0000,0.0000,0.0000,0.0000,0.0000,1,False,16.39,True,0.0,0.0,0.0,0.00
265,16,172000000,16.172000000,11.550423870346703,14.033150700995396,8.288579306746994,-0.007258205699231194,0.060146861247665426,0.888736485789121,0.4543975488042218,2000,1985,1934,1934,1934,1923,0.9743,0.9925,41.0626,285.1706,0.8527,0,False,16.39,True,0.15941296049389553,-0.5435211457577703,0.8241190885671392,3.63
266,16,204000000,16.204000000,10.884033343089538,14.75647531681801,8.469480288853186,-0.007500025513437974,0.061171198544961156,0.9030937211028673,0.42499831175011404,1934,1906,1878,1878,1049,1745,0.9853,0.9855,40.1747,291.9437,0.6870,0,False,14.75,True,0.9624922099039102,0.137567300498399,0.23384606840370575,3.75
267,16,240000000,16.240000000,10.098107782699207,15.31481384271182,8.73514756954065,-0.007538659352603316,0.06168747941863979,0.918408157805967,0.39072276510793474,1049,1019,955,955,735,911,0.9372,0.9714,45.8480,218.4197,1.1851,0,False,14.75,True,0.9125946844515422,0.2792157545031005,0.29867960149306233,4.30
268,16,272000000,16.272000000,10.166048146774282,15.117853247170409,9.713202082711216,-0.0060621424207627644,0.062049934142857005,0.9308286831852617,0.3600986235210142,735,716,714,714,709,714,0.9972,0.9741,40.0917,66.3589,0.7463,0,False,14.75,True,-0.2490519354091859,0.19156104725964426,0.9493563601944883,3.79
269,16,304000000,16.304000000,9.827365270583655,15.779505638272687,10.382163982017804,-0.00522179296172313,0.06180589494125277,0.942008828978096,0.3298062012092739,709,692,689,689,573,689,0.9957,0.9760,41.5076,73.6475,0.8084,0,False,14.75,True,0.6564398509740231,-0.18330705654663335,0.7317685734393161,3.70
270,16,336000000,16.336000000,8.985122912044407,16.123932746032896,10.796890128917395,-0.004852235387721925,0.06271411319950529,0.9524011683989374,0.2982874624413178,573,566,563,563,322,562,0.9947,0.9878,42.6935,79.5997,0.7836,0,False,14.75,True,0.8517750045325821,0.30387604363827997,0.42677709844398365,3.80
271,16,372000000,16.372000000,8.118218105262233,16.13179361431659,11.295301869075859,-0.003976093831149191,0.06266474269990045,0.9628346856642328,0.26269124230179275,322,308,288,288,185,285,0.9351,0.9565,52.3058,84.0419,1.4697,0,False,14.75,True,0.6938051512284554,0.5447807272947529,0.4710078250911127,4.25
272,16,404000000,16.404000000,7.16177133441301,16.393841284613906,11.423912105930643,-0.0038400634319610736,0.06367936153217466,0.9710378344485247,0.2302514210536229,185,177,167,167,130,156,0.9435,0.9568,49.4611,154.5646,1.5947,0,False,14.75,True,0.9516230558553814,0.2757288195395322,0.13559932757872228,3.84
273,16,436000000,16.436000000,6.494477194890844,15.663984559729704,11.275494814146045,-0.004101881099890701,0.06331773066171129,0.9784190608305559,0.19664735177150616,130,121,115,115,113,113,0.9504,0.9308,50.0004,141.2206,1.2013,0,False,14.75,True,0.2759694900242463,0.9271748008012215,-0.2533529738032943,3.94
274,16,468000000,16.468000000,5.686280048946021,15.449585142607193,11.823993003043844,-0.003514960344052748,0.06343931256555227,0.984456071320072,0.16373558659020718,113,101,89,89,74,86,0.8812,0.8938,49.9392,103.3939,1.7846,0,False,14.75,True,0.6452110226885912,0.5745937961574002,0.503532228977024,3.84
275,16,504000000,16.504000000,5.686280048946021,15.449585142607193,11.823993003043844,-0.003514960344052748,0.06343931256555227,0.984456071320072,0.16373558659020718,2000,0,0,0,0,0,0.0000,0.0000,0.0000,0.0000,0.0000,1,False,16.39,True,0.0,0.0,0.0,0.00
276,16,536000000,16.536000000,4.738904439596784,15.593736788285423,12.10982469802958,-0.00331232597545259,0.06347227199106517,0.9893992031955681,0.13057379484758602,2000,1907,1506,1506,1013,1493,0.7897,0.9535,47.9651,239.3727,2.3489,0,False,16.39,True,0.9350464631469068,0.2059494632816301,0.2885704945597675,3.84
277,16,568000000,16.568000000,3.8006180988545717,15.774880436334273,12.404452805222602,-0.0029283483145894633,0.06373186324439155,0.9931998410881003,0.09738454726556413,1013,1004,961,961,854,956,0.9572,0.9911,43.9065,99.4507,1.0261,0,False,16.39,True,0.9461839178532695,0.1060710455354116,0.30575304887255356,3.83
278,16,600000000,16.600000000,2.9891797102725013,16.35491010568977,12.47610002570385,-0.002923111880038351,0.06326350602700695,0.9958767336593046,0.06495164030401325,854,853,828,828,681,827,0.9707,0.9988,42.4199,203.5927,0.9102,0,False,16.39,True,0.9067145211284566,-0.3980153514927521,0.13947242433862955,3.73
279,16,636000000,16.636000000,2.0496580710150605,16.594003600078118,12.72132113064423,-0.002453047042793386,0.06313351919098449,0.9976210744424678,0.027574139025966258,681,671,643,643,591,609,0.9583,0.9853,43.8293,82.2801,0.9560,0,False,16.39,True,0.958978002861189,-0.08246508493244488,0.2712207584154466,4.29
280,16,668000000,16.668000000,1.1090342237134356,16.860516414585422,12.931553615267525,-0.002035656218721716,0.06253975051552968,0.9980269669021729,-0.005177745191087857,591,590,569,569,521,568,0.9644,0.9983,40.0333,238.0701,0.9054,0,False,14.75,True,0.9520014264933266,-0.1854874093759422,0.24349066700322,3.75
281,16,700000000,16.700000000,0.269629629684216,16.35168608171202,13.122581413952908,-0.0015653163516008573,0.06159425789154204,0.9973600771152548,-0.038426211837271074,521,515,499,499,306,494,0.9689,0.9885,39.6555,180.2236,0.8113,0,False,14.75,True,0.844088495018798,0.5202117334049439,0.12997832513432594,3.81
282,16,732000000,16.732000000,-0.5314501581131512,16.22583315368845,13.707758493212182,-0.0006920722393784791,0.060763137728633704,0.9956045370898557,-0.07126687768859027,306,301,296,296,159,294,0.9834,0.9837,39.7517,121.9489,0.7056,0,False,13.11,True,0.8093238881996287,0.13524559298872155,0.5715798050723658,3.77
283,16,768000000,16.768000000,-0.0052245205954308815,16.159482289035857,14.555510898799405,0.010273944328531103,0.061007846374440414,0.9918620610836086,-0.11127506698116503,159,153,152,152,152,151,0.9935,0.9623,48.5227,86.3758,0.7410,0,False,13.11,True,-0.5052845594336866,0.24247287648041593,0.8281874293716478,4.77
284,16,800000000,16.800000000,-0.623553632563684,15.719266890372744,15.206571197137757,0.011182922695868914,0.05955464321306315,0.9876830975408563,-0.14425770531878856,152,143,140,140,53,133,0.9790,0.9408,45.6847,119.2395,0.8111,0,False,11.48,True,0.7216156674332126,0.36607682781198997,0.5875870868680061,3.81
285,16,832000000,16.832000000,-0.623553632563684,15.719266890372744,15.206571197137757,0.011182922695868914,0.05955464321306315,0.9876830975408563,-0.14425770531878856,2000,0,0,0,0,0,0.0000,0.0000,0.0000,0.0000,0.0000,1,False,13.11,True,0.0,0.0,0.0,0.00
286,16,864000000,16.864000000,-0.6068376713896129,16.710242436602503,15.339567600911145,0.013035732938895919,0.0593555313584038,0.9827298064576194,-0.17478306000204125,2000,1974,1612,1612,1588,1588,0.8166,0.9870,49.5594,142.6475,4.0283,0,False,13.11,True,-0.2918631117287484,-0.9226985185522716,0.25187966943255935,3.55
287,16,900000000,16.900000000,-0.7951214511724214,15.73601314624107,15.463771095517998,0.01431534025574455,0.05749288170096906,0.9753152438114758,-0.21272003849200968,1588,1581,1357,1357,1357,1341,0.8583,0.9956,50.4761,207.8146,3.1963,0,False,13.11,True,0.5156437372728813,0.8567924264841357,0.00427482522248072,4.44
288,16,932000000,16.932000000,-1.6110815865764887,15.478938597472943,14.945966369963045,0.015510355523112727,0.05649957158363013,0.9677449320125613,-0.24502443520272837,1357,1354,1337,1337,88,1248,0.9874,0.9978,42.3506,97.8996,1.5508,0,False,13.11,True,0.8209039707984956,-0.16272307137287004,-0.5473918822655687,3.81
289,16,964000000,16.964000000,-1.6110815865764887,15.478938597472943,14.945966369963045,0.015510355523112727,0.05649957158363013,0.9677449320125613,-0.24502443520272837,2000,0,0,0,0,0,0.0000,0.0000,0.0000,0.0000,0.0000,1,False,14.75,True,0.0,0.0,0.0,0.00
290,16,996000000,16.996000000,-0.7779330733426096,15.031664399504525,14.62068288325048,0.017096541879976047,0.054589702917590334,0.9592234104743496,-0.27679978574607494,2000,1970,1514,1514,463,1493,0.7685,0.9850,43.5562,275.4450,4.7606,0,False,13.11,True,-0.5401471459693935,0.7541884016738214,-0.3734178831842489,3.78
291,17,32000000,17.032000000,0.07873028568494156,14.778732037845188,14.171068482096489,0.018696056676282095,0.05402557661478377,0.9479316433186203,-0.313300644958572,463,463,364,364,361,354,0.7862,1.0000,45.8117,96.0210,4.9418,0,False,13.11,True,-0.6193837766869671,0.6263442063414215,-0.4733462499687983,4.38
292,17,64000000,17.064000000,-0.7705642726712669,14.733404240808676,14.697038199820188,0.020252469410113935,0.05211571291039285,0.937314906622352,-0.34396882965490577,361,361,358,358,82,357,0.9917,1.0000,40.4578,89.9457,2.0033,0,False,13.11,True,0.74525240897071,-0.4223001122623107,0.516005292711803,3.73
293,17,96000000,17.096000000,-0.7705642726712669,14.733404240808676,14.697038199820188,0.020252469410113935,0.05211571291039285,0.937314906622352,-0.34396882965490577,2000,0,0,0,0,0,0.0000,0.0000,0.0000,0.0000,0.0000,1,False,14.75,True,0.0,0.0,0.0,0.00
294,17,128000000,17.128000000,-0.8736383270905219,13.779048986474836,14.977362632988196,0.02191989892900736,0.051107536457109415,0.9249461955560806,-0.37600807581029416,2000,1988,1599,1599,1598,1572,0.8043,0.9940,40.5951,94.8590,4.5086,0,False,14.75,True,0.7126594872383119,0.6801431114914481,0.17181910004408188,3.94
295,17,164000000,17.164000000,-1.6933444708252687,14.293111820641334,14.724733971803008,0.023236667367034763,0.04985969399269012,0.910603256717527,-0.4096044153327241,1598,1596,1302,1302,1284,1286,0.8158,0.9987,44.5530,104.2522,4.1806,0,False,13.11,True,0.210764313822775,-0.9577421356739206,-0.19572533196694852,4.19
296,17,196000000,17.196000000,-2.2030737359867842,13.67008837057724,15.318044899486067,0.024767535936475574,0.048831306739041964,0.8964499426251206,-0.439749443448438,1284,1284,1278,1278,479,1277,0.9953,1.0000,39.8396,80.7272,1.7229,0,False,13.11,True,0.8507964414157642,0.07202469225086833,0.5205361264892572,3.82
297,17,228000000,17.228000000,-3.0961345327545033,14.119280103810452,15.29217599785588,0.025766715962764638,0.048189008790354065,0.8821372178694893,-0.4678117405856492,479,478,476,476,475,475,0.9958,0.9979,38.5866,53.9373,1.7634,0,False,13.11,True,0.19123774785843078,-0.9812950319846917,0.022094886200163196,3.61
298,17,260000000,17.260000000,-3.5014033215243505,13.30255259458832,15.702923346634702,0.0271711208174252,0.04677643446157468,0.866232759047159,-0.496703636513901,475,473,449,449,212,442,0.9493,0.9958,39.0291,109.5776,2.5112,0,False,13.11,True,0.9365943723506769,0.14498083356384367,0.31901651929041963,3.79
299,17,296000000,17.296000000,-3.3293301851152557,14.23473471758712,15.384446777186048,0.02873251538812861,0.045517394326958775,0.8470903523654375,-0.5287159391417606,212,210,201,201,69,184,0.9571,0.9906,45.0661,146.5404,2.7506,0,False,13.11,True,-0.9164974348692497,-0.3368395928795885,-0.21580440344626514,4.28
300,17,328000000,17.328000000,-3.3293301851152557,14.23473471758712,15.384446777186048,0.02873251538812861,0.045517394326958775,0.8470903523654375,-0.5287159391417606,2000,0,0,0,0,0,0.0000,0.0000,0.0000,0.0000,0.0000,1,False,14.75,True,0.0,0.0,0.0,0.00
301,17,360000000,17.360000000,-4.224159177380761,14.64935201075117,15.549896391299882,0.02998953705302038,0.04547453870145688,0.8304140025998176,-0.5544774822149097,2000,1978,1733,1733,1712,1712,0.8761,0.9890,38.9697,103.9026,3.7743,0,False,13.11,True,0.03878173455399864,-0.9772377711450042,0.2085720875681296,3.52
302,17,392000000,17.392000000,-4.239847537473546,13.784409603302457,16.05152225502146,0.03131846838316866,0.0442086526207133,0.8115438218467687,-0.5817743323608683,1712,1705,1671,1671,170,1666,0.9801,0.9959,40.7395,133.5873,2.0916,0,False,13.11,True,0.8504539888937385,0.33623302393935095,0.4045681232961007,3.81
303,17,428000000,17.428000000,-5.0248707210060015,13.250342676497485,16.365387065106408,0.03286936363963436,0.042658854786166406,0.7896620897262121,-0.6111739613984629,170,164,111,111,90,99,0.6768,0.9647,53.7703,141.1481,6.3058,0,False,13.11,True,0.7870074807302937,-0.5619071010160449,0.2547148113131635,4.21
304,17,460000000,17.460000000,-5.0248707210060015,13.250342676497485,16.365387065106408,0.03286936363963436,0.042658854786166406,0.7896620897262121,-0.6111739613984629,2000,0,0,0,0,0,0.0000,0.0000,0.0000,0.0000,0.0000,1,False,14.75,True,0.0,0.0,0.0,0.00
305,17,492000000,17.492000000,-4.351004203630683,12.523832137573622,16.499872579542036,0.034094207143049345,0.04112632881488953,0.7687409448603537,-0.6373253249422206,2000,1963,1625,1625,713,1588,0.8278,0.9815,40.9832,163.0674,4.2077,0,False,14.75,True,0.5442280599400682,0.8371052913086715,0.05541254403917829,3.84
306,17,524000000,17.524000000,-4.90227698329341,13.349470091890042,16.3797880643241,0.03527161827022739,0.03968908740261791,0.7471286572038286,-0.6625552496739805,713,685,616,616,56,611,0.8993,0.9607,47.9848,115.2261,3.2212,0,False,14.75,True,-0.7171420659161418,-0.6962232913301885,-0.03131111468612111,3.81
307,17,560000000,17.560000000,-4.90227698329341,13.349470091890042,16.3797880643241,0.03527161827022739,0.03968908740261791,0.7471286572038286,-0.6625552496739805,2000,0,0,0,0,0,0.0000,0.0000,0.0000,0.0000,0.0000,1,False,14.75,True,0.0,0.0,0.0,0.00
308,17,592000000,17.592000000,-4.017494426820805,13.095503646179665,16.77050646959194,0.03640197860749219,0.03816526369188798,0.7247168348920606,-0.6870253400165253,2000,1955,1446,1446,45,1411,0.7396,0.9775,42.8871,197.5641,5.1303,0,False,14.75,True,0.18608611045637574,0.9135410988111289,0.36168303841647426,3.81
309,17,624000000,17.624000000,-4.017494426820805,13.095503646179665,16.77050646959194,0.03640197860749219,0.03816526369188798,0.7247168348920606,-0.6870253400165253,2000,0,0,0,0,0,0.0000,0.0000,0.0000,0.0000,0.0000,1,False,16.39,True,0.0,0.0,0.0,0.00
310,17,656000000,17.656000000,-5.013233407272599,13.071853983508284,16.681374117079763,-0.03729242898065615,-0.036708357902653345,-0.7015674880955001,0.7106791335393097,2000,1933,1417,1417,69,1373,0.7331,0.9665,41.9415,234.8846,5.1222,0,False,16.39,True,0.06722241644489864,-0.9935383727440096,-0.09144751835065999,3.80
311,17,692000000,17.692000000,-5.013233407272599,13.071853983508284,16.681374117079763,-0.03729242898065615,-0.036708357902653345,-0.7015674880955001,0.7106791335393097,2000,0,0,0,0,0,0.0000,0.0000,0.0000,0.0000,0.0000,1,False,18.03,True,0.0,0.0,0.0,0.00
312,17,724000000,17.724000000,-4.186403158627522,12.66455043197378,17.069260127181835,-0.038243588339171734,-0.035275766448715294,-0.6775112298441963,0.7336699405641505,2000,1951,1302,1302,53,1266,0.6674,0.9755,42.2148,176.6637,5.8483,0,False,18.03,True,0.4562494719061697,0.8209563000769601,0.34331788876970765,3.82
313,17,756000000,17.756000000,-4.186403158627522,12.66455043197378,17.069260127181835,-0.038243588339171734,-0.035275766448715294,-0.6775112298441963,0.7336699405641505,2000,0,0,0,0,0,0.0000,0.0000,0.0000,0.0000,0.0000,1,False,18.03,True,0.0,0.0,0.0,0.00
314,17,788000000,17.788000000,-5.076265824021961,12.25835560574234,16.86153386528913,-0.03896742874266771,-0.03373804477860776,-0.6530526144659556,0.7555564615373768,2000,1978,1496,1496,1370,1453,0.7563,0.9890,43.6069,182.6273,4.7487,0,False,18.03,True,0.3104855696951557,-0.9174231003208946,-0.24886455354001777,3.77
315,17,824000000,17.824000000,-5.631395198450273,12.959670204661732,16.414332332432448,-0.04057091109168722,-0.03135974201740034,-0.6242417014121858,0.7795465771663755,1370,1333,1010,1010,467,994,0.7577,0.9730,49.7175,127.5584,4.4700,0,False,18.03,True,-0.8161634495078474,-0.44165979735824173,-0.3725773035021434,4.31
316,17,856000000,17.856000000,-6.324850458786358,12.26656425545396,16.611116338604194,-0.04115297300034861,-0.029988196324049497,-0.5990951683417819,0.799057019344674,467,434,400,400,397,397,0.9217,0.9293,55.3760,99.2738,3.3081,0,False,18.03,True,0.540747980689654,-0.8320617679106642,0.1235509439925138,3.65
317,17,888000000,17.888000000,-6.514239753498583,13.24020823971888,16.48403728071844,-0.042908861859483366,-0.028455718275841594,-0.5713973920940857,0.8190568490522543,397,347,298,298,294,287,0.8588,0.8741,56.5930,104.7695,4.3571,0,False,18.03,True,-0.9952411022733437,0.09343369180761392,-0.02766394008342667,3.92
318,17,920000000,17.920000000,-7.487039346852691,13.471477152331556,16.4972902512925,-0.04437558030938077,-0.026898793506201325,-0.5439014393117446,0.8375431255133846,294,263,191,191,110,182,0.7262,0.8946,55.4990,105.3848,5.5729,0,False,18.03,True,-0.5506343333208251,-0.8340290660863569,0.0346027150878304,3.80
319,17,956000000,17.956000000,-6.999360758627963,14.331184072041465,16.345390261858554,-0.0478978508229863,-0.02354767818527406,-0.4997513270358359,0.8645229400452846,110,93,73,73,73,68,0.7849,0.8455,61.5873,90.2767,5.7271,0,False,18.03,True,-0.5969535939066823,0.7999947922141514,-0.06045443864707172,5.96
320,17,988000000,17.988000000,-6.999360758627963,14.331184072041465,16.345390261858554,-0.0478978508229863,-0.02354767818527406,-0.4997513270358359,0.8645229400452846,2000,0,0,0,0,0,0.0000,0.0000,0.0000,0.0000,0.0000,1,False,19.67,True,0.0,0.0,0.0,0.00
321,18,20000000,18.020000000,-7.579906911940671,13.517831230316636,16.383117158523387,-0.04710753243885888,-0.021888438553346642,-0.4725487593626583,0.8797723834435989,2000,1758,1022,1022,966,968,0.5813,0.8790,41.6594,194.8481,6.2538,0,False,19.67,True,0.41440201154725714,-0.9085407825850652,-0.053147146727782826,3.58
322,18,52000000,18.052000000,-7.758083994870279,12.645746430667835,15.927352932919623,-0.04745240911901622,-0.019878240104873917,-0.44355183529900694,0.8947708610823316,966,917,755,755,741,745,0.8233,0.9493,42.7781,217.1455,3.4259,0,False,19.67,True,0.5870385511333945,-0.5989045693777625,-0.5447008869660868,3.75
323,18,88000000,18.088000000,-7.9899932151195285,11.686199158674011,16.086999875804818,-0.04864389007787247,-0.018196123607123815,-0.41033818851875137,0.9104533179064788,741,711,584,584,413,577,0.8214,0.9595,44.5106,99.4927,3.3299,0,False,19.67,True,0.6317591111076363,-0.7729249049126916,0.05888562556512135,4.22
324,18,120000000,18.120000000,-8.639178198678113,12.4468296303012,16.087377704122513,-0.04889134207807397,-0.01632514776701715,-0.37952023183983263,0.9237464586370165,413,412,402,402,19,401,0.9757,0.9976,43.5242,115.6005,1.7039,0,False,19.67,True,-0.9970983853625517,0.014644839416236875,0.0747016638761489,3.85
325,18,152000000,18.152000000,-8.639178198678113,12.4468296303012,16.087377704122513,-0.04889134207807397,-0.01632514776701715,-0.37952023183983263,0.9237464586370165,2000,0,0,0,0,0,0.0000,0.0000,0.0000,0.0000,0.0000,1,False,19.67,True,0.0,0.0,0.0,0.00
326,18,184000000,18.184000000,-8.959426036790864,11.499624639854945,16.071756300286335,-0.04951807854819299,-0.014387506457951671,-0.3487628242548735,0.9357913506613436,2000,1962,1243,1243,508,1202,0.6335,0.9810,45.6021,188.9511,5.4337,0,False,19.67,True,0.4337572772721099,-0.8936532107725538,-0.11505895571137213,3.79
327,18,220000000,18.220000000,-9.268010296580107,10.548957072385749,16.10348847280133,-0.049352319268439415,-0.012102992814211943,-0.31516121584388107,0.947676777269324,508,480,308,308,292,291,0.6417,0.9449,56.8745,308.0394,4.9520,0,False,19.67,True,0.38774630085216305,-0.9192224621430187,-0.06843150785413432,4.09
328,18,252000000,18.252000000,-8.427239016898495,11.06484123243181,16.267705368022604,-0.04916009952875547,-0.010195263641228665,-0.2830104515968928,0.9578018717357633,292,260,234,234,50,229,0.9000,0.8904,53.3151,116.5147,2.4850,0,False,19.67,True,0.374835601497867,0.9000133561754082,0.22242803455412263,3.87
329,18,284000000,18.284000000,-8.427239016898495,11.06484123243181,16.267705368022604,-0.04916009952875547,-0.010195263641228665,-0.2830104515968928,0.9578018717357633,2000,0,0,0,0,0,0.0000,0.0000,0.0000,0.0000,0.0000,1,False,21.31,True,0.0,0.0,0.0,0.00
330,18,316000000,18.316000000,-8.751306830194807,10.160285460405813,15.990651388300613,-0.04863196401805603,-0.00748901995715,-0.25275695634017686,0.9662777901191136,2000,1895,1178,1178,1136,1138,0.6216,0.9475,44.4686,187.6906,5.0499,0,False,21.31,True,0.20427724421265891,-0.9068049417260923,-0.3687487019068948,3.61
331,18,352000000,18.352000000,-9.470996708703249,10.823626615255955,15.785651410118708,-0.04831810791784934,-0.005293890945278762,-0.21526683359264592,0.9753448239063427,1136,1080,634,634,497,602,0.5870,0.9507,57.2083,314.0060,5.2349,0,False,21.31,True,-0.9591965123065064,0.241868662938241,-0.14642950750276276,4.43
332,18,384000000,18.384000000,-8.830313350460258,11.580319324806648,15.915808921555076,-0.04829138246275103,-0.0033052309510904947,-0.18233446774309456,0.9820443776637787,497,450,340,340,23,331,0.7556,0.9054,54.9853,157.0661,3.5607,0,False,21.31,True,0.267958499182798,0.940421082732496,0.2092998563495506,3.86
333,18,416000000,18.416000000,-8.830313350460258,11.580319324806648,15.915808921555076,-0.04829138246275103,-0.0033052309510904947,-0.18233446774309456,0.9820443776637787,2000,0,0,0,0,0,0.0000,0.0000,0.0000,0.0000,0.0000,1,False,22.95,True,0.0,0.0,0.0,0.00
334,18,448000000,18.448000000,-8.769839721885932,12.576487681645633,15.85263024572401,-0.04807807062583554,-0.001259026069889392,-0.14909126366878628,0.9876531319627843,2000,1935,940,940,65,883,0.4858,0.9675,42.8284,230.5076,6.0127,0,False,22.95,True,-0.3015023094312594,0.9528776113362665,0.03347559143179431,3.87
335,18,484000000,18.484000000,-8.769839721885932,12.576487681645633,15.85263024572401,-0.04807807062583554,-0.001259026069889392,-0.14909126366878628,0.9876531319627843,2000,0,0,0,0,0,0.0000,0.0000,0.0000,0.0000,0.0000,1,False,24.59,True,0.0,0.0,0.0,0.00
336,18,516000000,18.516000000,-8.083782716686146,13.303597788284092,15.82739775792544,-0.048859261716118194,0.0009136720951537854,-0.1151593600313192,0.9921442735535166,2000,1921,676,676,527,620,0.3519,0.9605,49.7354,201.4892,7.1921,0,False,22.95,True,0.44108415290089814,0.8959382661443649,0.05233921395976889,3.93
337,18,648000000,18.648000000,-8.14084923281101,13.158614015514571,14.839610777665586,-0.0038492882660506812,0.03286974267189844,-0.11726142333245708,0.9925495058658658,527,499,34,34,25,12,0.0681,0.9469,58.6671,186.7314,9.3404,0,False,24.14,True,-0.03173464598340236,-0.057506562024432835,-0.9978406223282545,6.33
338,18,880000000,18.880000000,-8.14084923281101,13.158614015514571,14.839610777665586,-0.0038492882660506812,0.03286974267189844,-0.11726142333245708,0.9925495058658658,2000,0,0,0,0,0,0.0000,0.0000,0.0000,0.0000,0.0000,1,False,26.92,True,0.0,0.0,0.0,0.00
339,18,912000000,18.912000000,-8.244075179202632,12.169777878559271,14.947070064108718,-0.002699652836927745,0.03346662406269289,-0.08361255461143803,0.9959325467418744,2000,1985,1810,1810,413,1794,0.9118,0.9925,44.7800,196.4554,1.4377,0,False,26.92,True,0.1233482812267929,-0.9872652080468801,0.10046198534045764,3.88
340,18,944000000,18.944000000,-8.745363201192761,12.839880694626792,15.494493606630954,-0.0017895375526709295,0.034003264709189,-0.049104226376985034,0.9982130787043327,413,407,369,369,31,367,0.9066,0.9855,51.6906,269.5646,1.4280,0,False,26.92,True,-0.6411240311079958,0.5713198757473198,0.5123998207570929,3.97
341,18,976000000,18.976000000,-8.745363201192761,12.839880694626792,15.494493606630954,-0.0017895375526709295,0.034003264709189,-0.049104226376985034,0.9982130787043327,2000,0,0,0,0,0,0.0000,0.0000,0.0000,0.0000,0.0000,1,False,26.92,True,0.0,0.0,0.0,0.00
342,19,12000000,19.012000000,-8.189896314891746,12.008348137179704,15.491308621771541,-0.00010758196456693801,0.03442595539806418,-0.010986375031930963,0.9993468574947886,2000,1979,1801,1801,1013,1790,0.9101,0.9895,46.0234,117.8987,1.3561,0,False,26.92,True,0.6333381391455194,-0.7731087287245622,0.034433923296390785,4.37
343,19,44000000,19.044000000,-7.618105363106745,11.382603077125713,16.02187268696521,0.001051760255535253,0.03451060900787991,0.02299712806144172,0.9991391513534017,1013,1007,1002,1002,406,974,0.9950,0.9941,41.2724,81.1839,0.6552,0,False,26.92,True,0.5475373675531624,-0.6135580316507322,0.5689897827991575,3.90
344,19,76000000,19.076000000,-8.416501269993502,11.756102112756045,16.49416755910515,0.0026260104246693524,0.0347820474547353,0.057119678554973324,0.9977578140841006,406,398,395,395,15,393,0.9925,0.9803,44.9396,80.4099,0.6690,0,False,26.92,True,-0.8110059866231444,0.4114774970372354,0.41587926023473704,3.92
345,19,108000000,19.108000000,-8.416501269993502,11.756102112756045,16.49416755910515,0.0026260104246693524,0.0347820474547353,0.057119678554973324,0.9977578140841006,2000,0,0,0,0,0,0.0000,0.0000,0.0000,0.0000,0.0000,1,False,26.92,True,0.0,0.0,0.0,0.00
346,19,144000000,19.144000000,-8.029417924940756,10.89227350072084,16.816606100554694,0.0038684566360909435,0.03465604248330361,0.09437958301853781,0.9949253680914449,2000,1967,1786,1786,1778,1779,0.9080,0.9835,45.0962,306.5215,1.3319,0,False,26.92,True,0.2627180412561644,-0.89925937636164,0.3497310464116661,4.28
347,19,176000000,19.176000000,-7.304710967456103,11.245259399419139,17.40838374553082,0.0056237820700124255,0.03469882886790716,0.12847832169816822,0.9910891408970469,1778,1769,1762,1762,721,1677,0.9960,0.9949,40.4740,99.5074,0.5531,0,False,26.92,True,0.7360642652775892,0.21920680369982823,0.6404356131517577,3.94
348,19,208000000,19.208000000,-6.412653256352707,11.676359318846654,17.543978360212076,0.006996651331756414,0.03520759067464559,0.16247470587451052,0.986059553160974,721,709,700,700,340,677,0.9873,0.9834,44.7751,188.9488,0.7332,0,False,26.92,True,0.9612847906384364,0.19273163132543936,0.19694179234954748,3.94
349,19,240000000,19.240000000,-5.663109839653704,12.228839292253586,17.908602201269485,0.007687569891993728,0.03523363072114776,0.1958171173706425,0.9799771166103898,340,335,333,333,241,332,0.9940,0.9853,44.7456,76.8247,0.7542,0,False,26.92,True,0.8609216406872583,0.2926607989262267,0.4161292892458089,3.88
350,19,276000000,19.276000000,-4.966527052601264,12.94071337077948,17.998088049900197,0.009232767057510471,0.03628315148185707,0.2337935933981777,0.971565152018625,241,234,203,203,198,197,0.8675,0.9710,68.8492,382.1288,2.1824,0,False,26.92,True,0.9091207672413799,0.3928143888400406,0.13855066398494836,4.46
351,19,308000000,19.308000000,-4.385112339933161,13.624788047136276,18.438540963456695,0.010414143942716687,0.03641218712866092,0.2668782741164721,0.9629858176728568,198,186,176,176,131,160,0.9462,0.9394,54.2830,93.4322,1.5052,0,False,26.92,True,0.7984001368054783,0.36080804613658546,0.48205266869097746,3.92
352,19,340000000,19.340000000,-4.091633502677772,14.455168346274911,18.912185060734014,0.011543737962797528,0.03667925477034812,0.2999660081462819,0.9531745739056005,131,109,106,106,43,104,0.9725,0.8321,59.8927,98.7598,1.2098,0,False,25.00,True,0.6477570607713395,0.5799940364581334,0.49398148537559217,3.96
353,19,372000000,19.372000000,-4.091633502677772,14.455168346274911,18.912185060734014,0.011543737962797528,0.03667925477034812,0.2999660081462819,0.9531745739056005,2000,0,0,0,0,0,0.0000,0.0000,0.0000,0.0000,0.0000,1,False,26.92,True,0.0,0.0,0.0,0.00
354,19,408000000,19.408000000,-4.792771855265764,13.822428806337493,18.58348202586823,0.012815447917807114,0.03644660510179667,0.33662920840296834,0.9408444001646662,2000,1964,1657,1657,348,1648,0.8437,0.9820,51.6591,167.7067,1.9844,0,False,26.92,True,-0.9147293996205296,-0.13282512410314204,-0.3816118602413326,4.44
355,19,440000000,19.440000000,-5.073517464927855,12.87883038203556,18.407971580850383,0.013896811574944516,0.03623640730460701,0.3686125110518309,0.9287726406983406,348,313,255,255,127,247,0.8147,0.8994,63.4812,275.5844,2.6102,0,False,26.92,True,-0.8044359651434936,-0.5604010216937086,-0.19706210408981073,3.92
356,19,472000000,19.472000000,-5.561008396917513,12.096393639301267,18.795457496526296,0.015986471507422273,0.03681132762403925,0.401261021771445,0.9150841225232977,127,116,89,89,88,86,0.7672,0.9134,69.4212,227.5676,3.0821,0,False,25.00,True,-0.9123807701663542,-0.21585196369407197,0.34780635416861416,4.06
357,19,504000000,19.504000000,-5.561008396917513,12.096393639301267,18.795457496526296,0.015986471507422273,0.03681132762403925,0.401261021771445,0.9150841225232977,2000,0,0,0,0,0,0.0000,0.0000,0.0000,0.0000,0.0000,1,False,26.92,True,0.0,0.0,0.0,0.00
358,19,540000000,19.540000000,-5.142237285860025,12.970851760284523,18.550602945435028,0.017241925775733576,0.036662640817610406,0.43648936438492997,0.8987967520761647,2000,1867,1397,1397,604,1372,0.7483,0.9335,54.6271,365.2661,2.6616,0,False,26.92,True,0.9393474295035162,0.2709778007069187,-0.2102318677298428,4.45
359,19,572000000,19.572000000,-4.178128785962559,12.997461647768867,18.814774696978468,0.018519498703279146,0.036276661738832684,0.4667301564791497,0.8834613704140176,604,601,575,575,402,572,0.9567,0.9950,45.4295,168.9807,1.0749,0,False,25.00,True,0.6016257937225816,-0.7221527773637763,0.34138214726821614,3.89
360,19,604000000,19.604000000,-3.6745652967105387,13.706532959422384,19.30837543369012,0.019568878857198397,0.03550189681114208,0.496873560615571,0.8668756191428433,402,401,396,396,317,384,0.9875,0.9975,40.9178,69.6433,0.8073,0,False,25.00,True,0.8454496170489889,0.01792734083370702,0.5337542088661693,3.95
361,19,636000000,19.636000000,-4.43644390814027,14.267788922501015,19.63169064421164,0.02002223479301243,0.03409282836875594,0.5281130996372366,0.8482531126728993,317,315,312,312,312,308,0.9905,0.9937,39.7560,61.7272,0.6486,0,False,23.08,True,0.0868956921182593,0.9613380994760032,0.2613009705055742,4.17
362,19,672000000,19.672000000,-3.9610870860871,15.016784861421723,20.093254264103624,0.021150534911059213,0.03343219593464098,0.5604768094600816,0.8272246908823571,312,312,301,301,89,299,0.9647,1.0000,43.1962,93.2094,0.8842,0,False,23.08,True,0.8642427264241267,-0.06234620473927958,0.4991968154722139,4.43
363,19,704000000,19.704000000,-3.9610870860871,15.016784861421723,20.093254264103624,0.021150534911059213,0.03343219593464098,0.5604768094600816,0.8272246908823571,2000,0,0,0,0,0,0.0000,0.0000,0.0000,0.0000,0.0000,1,False,23.08,True,0.0,0.0,0.0,0.00
364,19,736000000,19.736000000,-3.664956980442211,15.888833526201438,19.70359019495347,0.02213914360096838,0.03311972304598856,0.5885605944707049,0.8074709709347223,2000,1876,1254,1254,1095,1199,0.6684,0.9380,49.8194,223.5249,4.7237,0,False,23.08,True,0.9316005032438013,0.02097251119483826,-0.36287829382601333,3.94
365,19,768000000,19.768000000,-4.154048602231709,16.75782136579982,19.628426905207395,0.02319529183558012,0.03255800393780491,0.6163598573081409,0.7864492870588263,1095,1084,999,999,996,984,0.9216,0.9900,50.9381,166.4908,2.2424,0,False,21.15,True,0.6801286030625837,0.7246373754229944,-0.11102142782459803,4.00
366,19,804000000,19.804000000,-3.4284772211066286,16.40980635616573,20.2220865079779,0.026472523366454833,0.030375594771920648,0.6442854381575795,0.7637229883452247,996,993,827,827,810,804,0.8328,0.9970,51.4528,137.2322,2.9426,0,False,21.15,True,-0.17859840526662416,-0.740058557582389,0.6483948958661628,4.15
367,19,836000000,19.836000000,-4.212613616144944,17.005001862476536,20.3977920094391,0.027098214766500966,0.029273405159522082,0.6709209970946372,0.7404551101615634,810,810,808,808,808,805,0.9975,1.0000,43.6226,64.4218,1.2729,0,False,21.15,True,0.4528436669655579,0.8846238950161973,0.11123478617572201,4.06
368,19,868000000,19.868000000,-4.16552733997995,17.96273918819092,20.114027851148506,0.028248239325765104,0.0286342531611639,0.6957761865646911,0.7171315184332598,808,808,807,807,179,807,0.9988,1.0000,41.4582,52.8162,1.1522,0,False,21.15,True,0.9597008014015417,0.024865830505608616,-0.2799215287585164,3.91
369,19,900000000,19.900000000,-3.8994561168375306,18.926434028287957,20.13635181553291,0.02928584009216434,0.027726047311192322,0.7197131826638662,0.6930992285166979,179,179,177,177,95,172,0.9888,1.0000,43.4927,123.5784,1.4156,0,False,21.15,True,0.9712382646560306,-0.23419615641136998,0.042992948143658075,3.89
370,19,936000000,19.936000000,-3.8994561168375306,18.926434028287957,20.13635181553291,0.02928584009216434,0.027726047311192322,0.7197131826638662,0.6930992285166979,2000,0,0,0,0,0,0.0000,0.0000,0.0000,0.0000,0.0000,1,False,23.08,True,0.0,0.0,0.0,0.00
371,19,968000000,19.968000000,-4.743745407459885,19.452789843447693,20.236975617826047,0.030206401150446042,0.02681650881079715,0.7430304218261573,0.6680376040505365,2000,1948,1478,1478,302,1409,0.7587,0.9740,46.4542,179.7956,4.9222,0,False,23.08,True,0.5580267776645497,0.8292097547962058,0.03189510871804011,3.93
372,20,0,20.000000000,-4.902614407364345,20.4108336058433,20.47553963481985,0.03048934206313532,0.025520707039611495,0.7653028358111436,0.6424411747640225,302,299,263,263,154,261,0.8796,0.9901,48.7910,119.5616,3.5903,0,False,21.15,True,0.9715869048704355,0.07502857981266295,0.22447627601949863,3.89
373,20,32000000,20.032000000,-4.850460624950411,21.248021756420354,21.019962249626843,0.031137731749508846,0.024316819966358625,0.7865734585852439,0.6162315540261364,154,154,151,151,60,150,0.9805,1.0000,43.7334,58.3019,2.0839,0,False,21.15,True,0.823078687566023,-0.15363990008021275,0.5467506334499626,3.87
374,20,68000000,20.068000000,-4.850460624950411,21.248021756420354,21.019962249626843,0.031137731749508846,0.024316819966358625,0.7865734585852439,0.6162315540261364,2000,0,0,0,0,0,0.0000,0.0000,0.0000,0.0000,0.0000,1,False,23.08,True,0.0,0.0,0.0,0.00
375,20,100000000,20.100000000,-5.089395797646326,22.195191241983427,21.233924743692864,0.031206086726285755,0.02324574581934936,0.8070208484800251,0.5892394806622466,2000,1972,1508,1508,884,1465,0.7647,0.9860,40.6536,137.4066,4.9683,0,False,23.08,True,0.9807151540127532,0.020972769716545214,0.19431399748900913,3.88
376,20,132000000,20.132000000,-4.527209441302829,22.70438560167271,21.885589998867513,0.03215130124331944,0.02232480805014576,0.826536146000777,0.5615210558189851,884,884,828,828,27,818,0.9367,1.0000,39.8306,112.1542,2.5889,0,False,23.08,True,0.32927690319345015,-0.6404962837622459,0.6937875982677145,3.89
377,20,164000000,20.164000000,-4.527209441302829,22.70438560167271,21.885589998867513,0.03215130124331944,0.02232480805014576,0.826536146000777,0.5615210558189851,2000,0,0,0,0,0,0.0000,0.0000,0.0000,0.0000,0.0000,1,False,23.08,True,0.0,0.0,0.0,0.00
378,20,200000000,20.200000000,-5.480481966160823,22.736711606408466,22.185967299555635,0.032732051825355,0.020802568961613272,0.8475009177659517,0.5293751602538308,2000,1926,1226,1226,420,1180,0.6366,0.9630,42.9180,144.7858,6.7945,0,False,23.08,True,0.3886429642420769,0.8935148225180909,0.22491755886456746,4.40
379,20,232000000,20.232000000,-5.195875548227856,23.52886428123849,22.725868518882834,0.03342851760373304,0.019662997955497804,0.8647477678591984,0.5007066992808794,420,413,400,400,373,398,0.9685,0.9833,41.1991,74.8282,2.4338,0,False,23.08,True,0.6054524769149272,-0.5647244111841038,0.56081515458335,3.84
380,20,264000000,20.264000000,-5.901005894107635,23.73024389981238,22.045988055461137,0.03057865433767987,0.020368394849070513,0.8824809425364692,0.4689109301883608,373,370,364,364,364,363,0.9838,0.9920,40.2113,76.5256,2.2287,0,False,23.08,True,0.49872581763248935,0.4635652374074085,-0.7323795665460759,4.19
381,20,296000000,20.296000000,-6.591729122030849,24.374401340437437,22.374564704197326,0.0315325814854215,0.020185036400335022,0.8981626741657801,0.4380662864747265,364,363,362,362,148,359,0.9972,0.9973,40.0561,58.8349,2.1714,0,False,21.15,True,0.9310529486221251,0.23167227412937094,0.28190133781479676,3.97
382,20,332000000,20.332000000,-5.871395264306315,24.964883222282037,22.010627510949725,0.03155078711167261,0.02140403609853316,0.912248876222333,0.4078583122880019,148,147,141,141,141,140,0.9592,0.9932,42.7640,60.9735,2.5101,0,False,21.15,True,0.008794968043640671,-0.952542318083937,-0.30427911659591644,3.82
383,20,364000000,20.364000000,-5.137111614830713,25.607192725922868,22.23032280822632,0.03253001816406074,0.02046545966327077,0.9251174621153677,0.3777309150284608,141,141,141,141,141,141,1.0000,1.0000,38.2044,48.6566,1.7131,0,False,21.15,True,-0.0008836046125747887,-0.9592085876908663,0.28269790332257977,3.76
384,20,396000000,20.396000000,-5.137111614830713,25.607192725922868,22.23032280822632,0.03253001816406074,0.02046545966327077,0.9251174621153677,0.3777309150284608,141,141,141,141,4,141,1.0000,1.0000,37.7338,45.2050,1.5891,0,False,21.15,True,0.0,0.0,0.0,0.00
385,20,428000000,20.428000000,-4.491473140148223,25.942781994960576,22.916275286548544,0.035265731482416345,0.019428679207956913,0.93679345169675,0.34755846050029254,141,141,141,141,141,141,1.0000,1.0000,37.6777,42.7881,1.5071,0,False,19.23,True,-0.1943638838344845,-0.6470835633572739,0.7372282839756135,3.72
386,20,464000000,20.464000000,-3.8478491045661314,26.50767438317087,23.43265178733367,0.03900143061694324,0.018463326122311205,0.9480448330959885,0.31519674560238115,141,141,141,141,141,141,1.0000,1.0000,42.8326,48.5093,1.6499,0,False,19.23,True,-0.09076130880067994,-0.814770055652717,0.5726361333660811,3.95
387,20,496000000,20.496000000,-4.020782988504449,26.682616962441283,22.46337939747403,0.038051745741405546,0.017198619954009186,0.9582197219691894,0.28296861406699947,141,141,137,137,135,136,0.9716,1.0000,38.8174,46.2334,2.3216,0,False,17.31,True,0.1824546483469065,-0.0947223743011917,-0.9786408805600508,3.88
388,20,528000000,20.528000000,-4.020782988504449,26.682616962441283,22.46337939747403,0.038051745741405546,0.017198619954009186,0.9582197219691894,0.28296861406699947,135,135,135,135,2,134,1.0000,1.0000,40.1576,50.0351,2.0319,0,False,17.31,True,0.0,0.0,0.0,0.00
389,20,560000000,20.560000000,-4.191264764153412,25.747803934974307,22.151833946777675,0.03803329440155331,0.015671704556514173,0.9676291089394994,0.2490015536622382,135,135,131,131,131,130,0.9704,1.0000,41.3262,59.0011,2.1509,0,False,16.98,True,-0.3851653911622895,0.8598068626322143,-0.33523093595512493,4.04
390,20,596000000,20.596000000,-5.0747713754326025,26.000542853360038,22.54621841269788,0.03842100312920696,0.013974917144267804,0.9764210659244318,0.2119679934054967,131,129,117,117,39,115,0.9070,0.9847,46.9690,66.4229,3.0948,0,False,16.67,True,0.9194346921953228,0.22284985202192126,0.3240027627065854,4.37
391,20,628000000,20.628000000,-5.0747713754326025,26.000542853360038,22.54621841269788,0.03842100312920696,0.013974917144267804,0.9764210659244318,0.2119679934054967,2000,0,0,0,0,0,0.0000,0.0000,0.0000,0.0000,0.0000,1,False,18.18,True,0.0,0.0,0.0,0.00
392,20,660000000,20.660000000,-5.181946942270722,25.057471141299537,22.861066223209875,0.038839886995101235,0.012630281511964181,0.9830870003155939,0.17852699789562249,2000,1939,1392,1392,59,1354,0.7179,0.9695,42.7589,185.6460,5.4605,0,False,18.18,True,-0.27240182681073283,0.915927987854969,0.2947425415750556,3.91
393,20,692000000,20.692000000,-5.181946942270722,25.057471141299537,22.861066223209875,0.038839886995101235,0.012630281511964181,0.9830870003155939,0.17852699789562249,2000,0,0,0,0,0,0.0000,0.0000,0.0000,0.0000,0.0000,1,False,19.64,True,0.0,0.0,0.0,0.00
394,20,728000000,20.728000000,-5.440146513367282,24.130318232148294,23.132581350850927,0.03935017215023972,0.01082024048161763,0.989263094114229,0.14033181026128252,2000,1932,1235,1235,1169,1184,0.6392,0.9660,46.6928,386.3595,6.1521,0,False,19.30,True,-0.06588233978410427,0.9686434883256372,0.23956066001936344,4.44
395,20,760000000,20.760000000,-4.506945072256979,24.464923420641583,23.001530070265726,0.03960838959951093,0.009543971051639615,0.99346290696544,0.10663742576448668,1169,1144,1068,1068,112,1064,0.9336,0.9786,47.9772,170.2793,2.6654,0,False,18.97,True,-0.8101732720325816,-0.583909838995975,-0.051658195939417006,3.89
396,20,792000000,20.792000000,-4.6939000806134725,25.368450666136322,22.61593139093823,0.03930351224014423,0.007934795099794067,0.9964412743926563,0.07414215831126317,112,110,106,106,105,105,0.9636,0.9821,62.6250,83.9508,2.9802,0,False,18.64,True,0.34467820275171573,-0.8539123536774321,-0.3899110524015897,3.74
397,20,824000000,20.824000000,-3.7273063400755575,25.58820549405786,22.484005819656186,0.03935140293768857,0.0065364684545615205,0.9983947127822644,0.040208695022319656,105,93,77,77,24,69,0.8280,0.8857,63.3048,125.7915,5.1069,0,False,18.33,True,-0.9305514215161543,-0.3623838975913108,-0.05245915249787245,3.90
398,20,860000000,20.860000000,-3.7273063400755575,25.58820549405786,22.484005819656186,0.03935140293768857,0.0065364684545615205,0.9983947127822644,0.040208695022319656,2000,0,0,0,0,0,0.0000,0.0000,0.0000,0.0000,0.0000,1,False,19.67,True,0.0,0.0,0.0,0.00
399,20,892000000,20.892000000,-3.3316971529669934,24.673936798097593,22.57121890733465,0.04007507282842867,0.004285010613529355,0.9991747482835819,0.005044761072538862,2000,1940,1366,1366,1365,1322,0.7041,0.9700,42.9321,224.7322,5.3526,0,False,18.03,True,-0.46017312428573415,0.8810893215773893,0.10918929932645613,4.04
400,20,924000000,20.924000000,-2.881732768012444,23.817523056458853,22.318063707102066,0.040113320060008804,0.0027916151267768727,0.9987708994014257,-0.0289796298736602,1365,1314,1168,1168,18,1158,0.8889,0.9626,46.0841,106.7113,3.0930,0,False,18.03,True,-0.47768672774559773,0.8496869443269351,-0.22326550735852374,3.90
401,20,956000000,20.956000000,-2.881732768012444,23.817523056458853,22.318063707102066,0.040113320060008804,0.0027916151267768727,0.9987708994014257,-0.0289796298736602,2000,0,0,0,0,0,0.0000,0.0000,0.0000,0.0000,0.0000,1,False,19.67,True,0.0,0.0,0.0,0.00
402,20,992000000,20.992000000,-3.1261902075575856,24.787164960629053,22.312135981718924,0.039842928096787404,0.0016842174401765027,0.9970911609227427,-0.0649532239540537,2000,1874,819,819,741,667,0.4370,0.9370,43.8698,239.5675,7.9250,0,False,18.03,True,0.18687071206577618,-0.9822233241912507,-0.01779545972205634,4.13
403,21,24000000,21.024000000,-2.6357225552502554,25.646490851149252,22.167220503174384,0.03991190817586826,0.00013693192928872312,0.994340659174789,-0.09845645914440429,741,629,588,588,275,586,0.9348,0.8489,43.8006,113.3155,2.3487,0,False,18.03,True,-0.6075097245679584,-0.7882114170492741,-0.09825831562030134,3.86
404,21,56000000,21.056000000,-3.3754161257855526,24.973855765997435,22.187603435533212,0.039680753725751625,-0.0011855420108489796,0.9904156449626667,-0.1322909009988286,275,245,228,228,23,225,0.9306,0.8909,44.9471,108.6910,2.0368,0,False,18.03,True,0.856308255893654,0.5146008143568663,-0.04384259061253432,3.91
405,21,88000000,21.088000000,-3.3754161257855526,24.973855765997435,22.187603435533212,0.039680753725751625,-0.0011855420108489796,0.9904156449626667,-0.1322909009988286,2000,0,0,0,0,0,0.0000,0.0000,0.0000,0.0000,0.0000,1,False,19.67,True,0.0,0.0,0.0,0.00
406,21,124000000,21.124000000,-2.4988225376474977,24.51901919313129,22.344789227571276,0.040262210354583286,-0.0037118937824590853,0.9845867050053064,-0.17015932706938156,2000,1967,924,924,601,864,0.4698,0.9835,42.9612,217.2144,6.9884,0,False,18.03,True,-0.7116142481317947,0.6665211491853048,0.22215922115573133,4.40
407,21,156000000,21.156000000,-1.8668583679742965,24.93842906845566,21.693086346858255,0.040002456762194966,-0.005421764210848897,0.9782484619447759,-0.20347077094391475,601,595,522,522,168,519,0.8773,0.9900,46.0342,163.4169,3.0318,0,False,18.03,True,-0.7848235234452555,-0.1698524348627872,-0.5959884121509051,3.89
408,21,188000000,21.188000000,-1.4490860247744832,25.569637934287936,21.03960211831707,0.039612556354749896,-0.0067487329878508084,0.9708162253006198,-0.2364342544454097,168,165,161,161,101,148,0.9758,0.9821,47.5027,74.5089,2.1885,0,False,18.03,True,-0.6830980844212748,-0.39520767453528666,-0.6141562513305519,3.88
409,21,220000000,21.220000000,-1.9218202326776122,24.95802277176379,21.673991006656674,0.03978737021858273,-0.008727900014731482,0.9622912148269829,-0.2689542838462175,101,98,98,98,47,97,1.0000,0.9703,44.5553,60.3252,1.7150,0,False,18.03,True,0.7462663286764474,0.3062190430491621,0.5910300029252592,3.86
410,21,256000000,21.256000000,-1.9218202326776122,24.95802277176379,21.673991006656674,0.03978737021858273,-0.008727900014731482,0.9622912148269829,-0.2689542838462175,2000,0,0,0,0,0,0.0000,0.0000,0.0000,0.0000,0.0000,1,False,19.67,True,0.0,0.0,0.0,0.00
411,21,288000000,21.288000000,-2.358829600933489,25.785152863191513,21.320609309463162,0.038939435119134114,-0.009722526509899342,0.952716426172278,-0.30119861250077035,2000,1901,1148,1148,919,1102,0.6039,0.9505,45.7289,154.0617,5.5166,0,False,19.67,True,-0.08171583922360413,-0.9197451501585834,-0.3839158506492627,3.86
412,21,320000000,21.320000000,-1.9022827167040524,26.639006797326584,21.070612506158692,0.038370676355206974,-0.011030322707045534,0.9419089651777368,-0.333486918026521,919,853,623,623,166,612,0.7304,0.9282,51.9640,206.4400,3.9155,0,False,19.67,True,-0.8800956739027912,-0.42659985814642504,-0.2084326409347675,3.91
413,21,352000000,21.352000000,-1.3136395540027883,25.863457804939827,20.84252702347088,0.03769218185578898,-0.01335581831760803,0.929102868818378,-0.3676530711111729,166,157,142,142,142,139,0.9045,0.9458,46.2172,273.6232,2.1175,0,False,19.67,True,0.017090125039552356,0.9827380482181347,-0.1842114442985117,4.19
414,21,388000000,21.388000000,-1.2314012838435697,24.9026322824675,21.10719886233365,0.036487676165830055,-0.01377937920316182,0.9141876228568832,-0.4034101739074936,142,136,76,76,25,67,0.5588,0.9577,44.8318,103.5009,4.9075,0,False,18.03,True,0.613545224022274,0.7429318029546322,0.2676090324298432,4.44
415,21,420000000,21.420000000,-1.2314012838435697,24.9026322824675,21.10719886233365,0.036487676165830055,-0.01377937920316182,0.9141876228568832,-0.4034101739074936,2000,0,0,0,0,0,0.0000,0.0000,0.0000,0.0000,0.0000,1,False,19.67,True,0.0,0.0,0.0,0.00
416,21,452000000,21.452000000,-1.867058671540093,25.654665277252377,20.932882884231454,0.0362252862992468,-0.015367416841345021,0.9000616623680796,-0.4339822289764537,2000,1909,816,816,463,749,0.4274,0.9545,45.8838,216.2674,6.8296,0,False,19.67,True,-0.1380644646804608,-0.9656649594818216,-0.2200667844575135,3.86
417,21,484000000,21.484000000,-1.5508536814896783,24.708754869722398,21.005463220367933,0.03554099311795269,-0.016521561336010245,0.8846085231082043,-0.46468444848470203,463,419,317,317,86,309,0.7566,0.9050,47.9078,135.5685,3.2641,0,False,19.67,True,0.5475169563023569,0.8315412134057976,0.0936183367135771,3.94
418,21,520000000,21.520000000,-1.5508536814896783,24.708754869722398,21.005463220367933,0.03554099311795269,-0.016521561336010245,0.8846085231082043,-0.46468444848470203,2000,0,0,0,0,0,0.0000,0.0000,0.0000,0.0000,0.0000,1,False,19.67,True,0.0,0.0,0.0,0.00
419,21,552000000,21.552000000,-2.467395054992194,25.064558156926985,20.822827157465404,0.034218125199156395,-0.017957102209757846,0.869336414138512,-0.4927076835618425,2000,1774,496,496,427,426,0.2796,0.8870,43.8655,167.5127,7.4447,0,False,19.67,True,0.21679196718004914,-0.9430172141196455,-0.2524277655889445,3.66
420,21,848000000,21.848000000,-2.5435895363103853,24.403964207265286,21.56969396934488,0.045534719656213085,0.004900725113216814,0.872074796737607,-0.4872249183839596,427,396,29,29,28,9,0.0732,0.9274,65.7757,193.2503,8.6549,0,False,20.75,True,0.636954753522723,0.22575430285895237,0.7371049021038154,3.01
421,22,48000000,22.048000000,-2.5435895363103853,24.403964207265286,21.56969396934488,0.045534719656213085,0.004900725113216814,0.872074796737607,-0.4872249183839596,2000,0,0,0,0,0,0.0000,0.0000,0.0000,0.0000,0.0000,1,False,22.92,True,0.0,0.0,0.0,0.00
422,22,80000000,22.080000000,-3.480458223216676,24.183947745582334,21.297903939941676,0.04547980950271844,0.003122089482609866,0.8549057706763796,-0.516776511413865,2000,1963,1888,1888,678,1878,0.9618,0.9815,41.5874,410.5369,0.9806,0,False,20.83,True,0.6521676238699582,-0.6712788871176043,-0.3522244257372897,3.92
423,22,112000000,22.112000000,-4.047136567895794,23.360016319962895,21.294345914021903,0.04541125303327202,0.0013292794654191323,0.8364907707688691,-0.5460945353439771,678,673,655,655,116,652,0.9733,0.9926,43.1889,182.8046,0.7806,0,False,20.83,True,0.989157956683639,-0.11688377586307638,-0.08890849042379655,3.97
424,22,144000000,22.144000000,-4.9883052683516285,23.21614538480113,20.988563914391523,0.0448364508036875,-6.598753089004124e-05,0.8174553455085963,-0.5742442393480284,116,115,114,114,113,107,0.9913,0.9914,41.2230,67.1937,0.5488,0,False,20.83,True,0.4836868683592495,-0.7874247465788197,-0.3821116091564134,3.90
425,22,180000000,22.180000000,-5.898942487348071,22.994154323826628,20.64005304766591,0.04446464186269345,-0.0025855280758871725,0.7950822777002251,-0.6048639370599088,113,112,108,108,107,107,0.9643,0.9912,44.7152,62.0293,0.7808,0,False,18.75,True,0.4892931921295813,-0.7613665181974547,-0.42533892027832265,4.36
426,22,212000000,22.212000000,-5.614495598249231,23.826409078660955,20.164193834938402,0.04397507062424585,-0.004560680145242057,0.7736705222549182,-0.6320437614232163,107,107,106,106,70,105,0.9907,1.0000,38.9213,51.3274,0.5960,0,False,18.75,True,-0.9080258022194828,0.07781249241058195,-0.41162404998799285,3.97
427,22,244000000,22.244000000,-5.614495598249231,23.826409078660955,20.164193834938402,0.04397507062424585,-0.004560680145242057,0.7736705222549182,-0.6320437614232163,2000,0,0,0,0,0,0.0000,0.0000,0.0000,0.0000,0.0000,1,False,20.83,True,0.0,0.0,0.0,0.00
428,22,276000000,22.276000000,-6.553907935290197,23.960350219875746,20.479731838521662,0.04356022589885531,-0.00596748591663233,0.7516904641564426,-0.6580488902260588,2000,1976,1860,1860,1174,1846,0.9413,0.9880,44.5654,181.2215,1.2631,0,False,20.83,True,0.07383249868869554,-0.96504558218987,0.2514672671207889,3.91
429,22,312000000,22.312000000,-5.898842847064563,24.53156644286227,19.985159541698494,0.04295670775037934,-0.007802117532931695,0.725438179827841,-0.6869012268654933,1174,1149,1006,1006,54,989,0.8755,0.9787,49.8991,152.0149,1.6952,0,False,20.83,True,-0.6791598398127129,0.6040348057764405,-0.4169938433552558,4.48
430,22,344000000,22.344000000,-5.898842847064563,24.53156644286227,19.985159541698494,0.04295670775037934,-0.007802117532931695,0.725438179827841,-0.6869012268654933,2000,0,0,0,0,0,0.0000,0.0000,0.0000,0.0000,0.0000,1,False,22.92,True,0.0,0.0,0.0,0.00
431,22,376000000,22.376000000,-6.740096337723797,24.585511682648473,20.523102359810288,-0.042975489723691224,0.008639586036884295,-0.7019461462057774,0.7108797877721503,2000,1956,1656,1656,1644,1645,0.8466,0.9780,50.2922,362.9734,2.1462,0,False,22.92,True,0.018248765095353,-0.8787046819320292,0.4770168388256603,3.85
432,22,408000000,22.408000000,-7.396341994640524,25.335783792075393,20.603310835634318,-0.04265448836531262,0.009962936673162236,-0.676970372873626,0.7347056885355411,1644,1586,1408,1408,338,1398,0.8878,0.9647,50.8260,221.6190,1.5857,0,False,22.92,True,-0.7549196675401271,-0.652178598138883,0.06898819964824003,3.96
433,22,444000000,22.444000000,-6.420864569020039,25.133851721642085,20.690873561924395,-0.04349287088184818,0.012587905728678284,-0.6477090657352264,0.7605411763844355,338,317,185,185,154,177,0.5836,0.9379,62.6886,225.1087,3.7941,0,False,22.92,True,0.2860009971428438,0.9467449490076402,0.14791021317616906,4.48
434,22,476000000,22.476000000,-5.77008203443044,24.589697593681286,21.220381236747304,-0.042585171354346404,0.01422692554885732,-0.6212049240613441,0.7823608758700092,154,129,123,123,47,122,0.9535,0.8377,62.0119,171.1608,1.5007,0,False,22.92,True,0.6609359072633945,0.5112651971976789,0.5493374414914135,3.94
435,22,508000000,22.508000000,-5.77008203443044,24.589697593681286,21.220381236747304,-0.042585171354346404,0.01422692554885732,-0.6212049240613441,0.7823608758700092,2000,0,0,0,0,0,0.0000,0.0000,0.0000,0.0000,0.0000,1,False,25.00,True,0.0,0.0,0.0,0.00
436,22,540000000,22.540000000,-6.66398683887333,24.143552342582062,21.263839440984533,-0.04208371765635092,0.01581120663805326,-0.5945380506798538,0.8028097363302646,2000,1912,1501,1501,1476,1487,0.7850,0.9560,52.9052,288.1664,2.3897,0,False,25.00,True,0.23189622972809668,-0.971663896213561,-0.0457538133162247,3.86
437,22,576000000,22.576000000,-6.646395170688527,23.24734305118725,21.707122013649062,-0.04191953627931047,0.017438329526698614,-0.5629826490454651,0.8252206941268478,1476,1437,1254,1254,768,1245,0.8727,0.9736,51.9238,285.2642,1.7207,0,False,25.00,True,0.872790828857448,-0.2809760076033551,0.3991098247520456,4.44
438,22,608000000,22.608000000,-6.655365079711512,22.251345446343304,21.79605070349228,-0.041155425467144964,0.018894490307025395,-0.534108759677489,0.8442020267841284,768,764,755,755,209,755,0.9882,0.9948,43.7070,78.1013,0.7178,0,False,25.00,True,0.9252666615455796,-0.37735552669618033,0.03852806125600402,3.96
439,22,640000000,22.640000000,-6.725816095794951,21.254901216426234,21.749838681271033,-0.04093713436497184,0.02112322080517181,-0.5050025581682959,0.8618876822511603,209,209,206,206,102,202,0.9856,1.0000,46.7133,56.3256,0.9935,0,False,22.92,True,0.8693718555909208,-0.48383182929764385,-0.1004954609168723,3.91
440,22,672000000,22.672000000,-7.294478956814941,20.902401207989982,21.006625189366456,-0.03296345536941565,0.028353121010150518,-0.48135722351449367,0.875445449191159,102,102,102,102,102,102,1.0000,1.0000,42.8702,51.3355,0.7370,0,False,22.92,True,0.025691009032924712,-0.597265817274098,-0.8016317830343144,3.36
441,22,708000000,22.708000000,-7.09056017902392,21.183868067112844,21.9442783977968,-0.03463713067649772,0.026622544278084838,-0.44612972426834785,0.8939014366466297,102,102,102,102,102,102,1.0000,1.0000,45.8919,53.1699,0.6989,0,False,20.83,True,-0.1454467781059901,0.24219194902198754,0.9592644549692843,4.57
442,22,740000000,22.740000000,-6.386643363231303,21.49923544382772,21.307847306359278,-0.03191405980109389,0.03177711874430879,-0.40998341628325163,0.9109804091658812,102,102,102,102,102,102,1.0000,1.0000,39.2661,44.0508,0.5681,0,False,20.83,True,0.18122170669692275,0.8037431656810476,-0.5667059348929234,4.63
443,22,772000000,22.772000000,-6.129609576897607,21.893431316285973,22.190198283476565,-0.03359182585768803,0.028177891888283957,-0.37609191870791253,0.9255444151022033,102,102,102,102,102,102,1.0000,1.0000,38.2998,41.7286,0.5002,0,False,20.83,True,-0.1531419782912892,0.3780550814077163,0.91302896444025,4.25
444,22,804000000,22.804000000,-5.858636453438979,22.330461979281463,23.047856587211093,-0.03514561542684857,0.023899777880321403,-0.34099890133651073,0.9391024095490501,102,102,102,102,102,102,1.0000,1.0000,37.7216,39.9075,0.4370,0,False,20.83,True,-0.13425660758969904,0.4290371442868568,0.8932537669333863,4.34
445,22,840000000,22.840000000,-5.655214951940099,22.831271904878115,23.889170506715462,-0.03698405164907703,0.01745604446626905,-0.29986147403214325,0.953105745878431,102,102,102,102,102,102,1.0000,1.0000,42.2281,44.6784,0.3766,0,False,20.83,True,-0.18331146660626307,0.4437981090466938,0.8771773735210228,5.04
446,22,872000000,22.872000000,-5.655214951940099,22.831271904878115,23.889170506715462,-0.03698405164907703,0.01745604446626905,-0.29986147403214325,0.953105745878431,102,102,102,102,7,102,1.0000,1.0000,37.7448,41.4295,0.3977,0,False,18.75,True,0.0,0.0,0.0,0.00
447,22,904000000,22.904000000,-5.361634042525364,23.590352527488577,23.308131043335806,-0.037748834635435775,0.023455371449578787,-0.2602917375579305,0.9645066523321144,102,102,102,102,102,102,1.0000,1.0000,38.3511,43.5843,0.4447,0,False,18.75,True,-0.18781744134486417,0.8349730200502111,-0.5172471986535048,4.77
448,22,936000000,22.936000000,-5.198887662410832,24.434092388440302,22.796646280316637,-0.03956402719500711,0.030324479043160078,-0.21706973677115604,0.974882476558572,102,102,102,102,102,102,1.0000,1.0000,39.3444,46.4139,0.5241,0,False,18.75,True,-0.2715354640271817,0.8519240244127702,-0.44776550604517656,5.16
449,22,972000000,22.972000000,-5.189811936791858,25.261528092624182,22.2351591596752,-0.04198516383713133,0.03801336953646906,-0.16902940537805727,0.9839823625815625,102,102,101,101,101,101,0.9902,1.0000,46.6132,105.9406,0.7405,0,False,16.67,True,-0.3204274246399185,0.8013938022722589,-0.5050685490289819,5.68
450,23,4000000,23.004000000,-6.166063292721805,25.132926291113716,22.409500396028513,-0.04109254148437749,0.039453847458795675,-0.1351969071545949,0.9891797578048617,101,101,94,94,53,92,0.9307,1.0000,48.4972,188.4086,1.6238,0,False,16.67,True,-0.8850238020585457,-0.4590731592740168,0.07736087010892229,3.93
451,23,36000000,23.036000000,-6.166063292721805,25.132926291113716,22.409500396028513,-0.04109254148437749,0.039453847458795675,-0.1351969071545949,0.9891797578048617,2000,0,0,0,0,0,0.0000,0.0000,0.0000,0.0000,0.0000,1,False,18.75,True,0.0,0.0,0.0,0.00
452,23,68000000,23.068000000,-5.187518702462361,24.963411484750136,22.526612373629007,-0.039085126414305366,0.04048381394527023,-0.10080035821542482,0.9933139994408942,2000,1976,1500,1500,913,1469,0.7591,0.9880,41.5992,99.1217,5.0192,0,False,18.75,True,0.9777757595314523,0.08504095867102882,0.1916314155377554,3.98
453,23,104000000,23.104000000,-6.166900472690603,25.1593616829063,22.477471067305732,-0.03753775507601005,0.0419676459918861,-0.06279860066642566,0.9964366359122351,913,912,741,741,189,726,0.8125,0.9989,47.0509,110.2133,4.0312,0,False,16.67,True,-0.9925636926439046,0.0025617258355407663,-0.12169943962828993,4.38
454,23,136000000,23.136000000,-6.166900472690603,25.1593616829063,22.477471067305732,-0.03753775507601005,0.0419676459918861,-0.06279860066642566,0.9964366359122351,189,189,187,187,4,187,0.9894,1.0000,38.9608,59.9684,1.2040,0,False,16.67,True,0.0,0.0,0.0,0.00
455,23,168000000,23.168000000,-7.084931121219546,25.489342425273485,22.257624670864185,-0.03649844796758846,0.043541054894467954,-0.028689372864851324,0.9979724243280752,189,189,187,187,153,187,0.9894,1.0000,38.1433,54.1397,1.1948,0,False,16.67,True,-0.9325420535507,0.2320544777924308,-0.2766153244054379,3.92
456,23,200000000,23.200000000,-7.172628823185354,26.005465459269768,21.40561168572348,-0.037002264343928844,0.05213634935842601,0.010209979204939513,0.9979019941024434,153,153,153,153,153,153,1.0000,1.0000,37.3579,40.3174,0.9990,0,False,16.67,True,-0.04615535464350309,0.5733520836347269,-0.8180079898322814,4.57
457,23,236000000,23.236000000,-6.212501794798488,26.282850550547096,21.44044845506386,-0.03140343004791724,0.05341829857516536,0.04855917360898728,0.9968963419618773,153,153,147,147,76,145,0.9608,1.0000,41.9187,65.1744,1.8649,0,False,16.67,True,0.9556380629277542,0.2507630007353586,0.1545115210781652,4.45
458,23,268000000,23.268000000,-6.212501794798488,26.282850550547096,21.44044845506386,-0.03140343004791724,0.05341829857516536,0.04855917360898728,0.9968963419618773,2000,0,0,0,0,0,0.0000,0.0000,0.0000,0.0000,0.0000,1,False,16.67,True,0.0,0.0,0.0,0.00
459,23,300000000,23.300000000,-6.904712983999207,25.60014488939853,21.674449843480712,-0.028918494784691055,0.054528729422989315,0.08270110824277509,0.9946611810170933,2000,1985,1675,1675,159,1650,0.8438,0.9925,39.7675,94.4492,4.3088,0,False,16.67,True,-0.7744392118367744,-0.6222366464955864,0.11430425594684661,3.93
460,23,332000000,23.332000000,-6.202137592378834,25.201958397858963,21.084674176769305,-0.027467861023195084,0.05732852868330061,0.1147404948991696,0.9913594581382236,159,154,145,145,144,144,0.9416,0.9686,47.8169,72.6543,2.9254,0,False,16.67,True,0.6913303834544997,-0.48126716324203145,-0.5389287694098562,3.71
461,23,368000000,23.368000000,-6.963916525310389,25.847395127503823,21.140390290838816,-0.025554162720670175,0.05793215296074689,0.15624639949642488,0.9856865186586361,144,144,124,124,124,118,0.8611,1.0000,59.4538,176.4556,4.5892,0,False,16.67,True,-0.5985947607483953,0.8008690106519673,0.01712133703629609,4.81
462,23,400000000,23.400000000,-6.440886144407065,26.57225624805542,21.588737897685107,-0.023036256965116828,0.05940383120065527,0.19013678921625152,0.9796879692485031,124,118,116,116,39,107,0.9831,0.9516,56.9739,96.9261,2.8186,0,False,16.67,True,0.6603235318437418,0.5114003644448136,0.5499477252786109,3.96
463,23,432000000,23.432000000,-6.440886144407065,26.57225624805542,21.588737897685107,-0.023036256965116828,0.05940383120065527,0.19013678921625152,0.9796879692485031,2000,0,0,0,0,0,0.0000,0.0000,0.0000,0.0000,0.0000,1,False,16.67,True,0.0,0.0,0.0,0.00
464,23,464000000,23.464000000,-6.623478459488214,25.610354915273494,21.385253567906016,-0.021252486385576568,0.06015652686930986,0.22331928618969543,0.9726551395603571,2000,1959,1556,1556,115,1521,0.7943,0.9795,42.9431,323.3289,4.6575,0,False,16.67,True,-0.49835770877943086,-0.818218761163533,-0.286631563126131,3.89
465,23,500000000,23.500000000,-7.321877252102999,26.326004540025433,21.376048076793605,-0.018216956939902558,0.06155441240613893,0.26465943023293675,0.9622029841888674,115,100,65,65,65,59,0.6500,0.8696,66.3042,180.9297,7.3352,0,False,16.67,True,-0.31345259593306474,0.948943230170906,-0.03541491233407018,4.90
466,23,532000000,23.532000000,-7.321877252102999,26.326004540025433,21.376048076793605,-0.018216956939902558,0.06155441240613893,0.26465943023293675,0.9622029841888674,2000,0,0,0,0,0,0.0000,0.0000,0.0000,0.0000,0.0000,1,False,16.67,True,0.0,0.0,0.0,0.00
467,23,564000000,23.564000000,-7.195898068924561,25.35018055338221,21.197451345307808,-0.01632684869468426,0.06217855256993424,0.2971820249326801,0.9526542424557404,2000,1960,1413,1413,70,1366,0.7209,0.9800,42.5888,218.5010,5.3266,0,False,16.67,True,-0.36455646931012864,-0.902477140733059,-0.2294201192973616,3.89
468,23,596000000,23.596000000,-7.195898068924561,25.35018055338221,21.197451345307808,-0.01632684869468426,0.06217855256993424,0.2971820249326801,0.9526542424557404,2000,0,0,0,0,0,0.0000,0.0000,0.0000,0.0000,0.0000,1,False,18.37,True,0.0,0.0,0.0,0.00
469,23,632000000,23.632000000,-7.772914901113181,26.12782999810319,21.44707689787836,-0.01442432133231721,0.06200776014481218,0.3356145017726699,0.9398456696904061,2000,1943,1097,1097,1091,1036,0.5646,0.9715,43.4131,184.9503,7.0373,0,False,18.00,True,-0.06388509697330418,0.9692273471664375,0.23773313586755532,4.65
470,23,664000000,23.664000000,-7.06325111939185,26.82957088927444,21.384331072749077,-0.01250240213597953,0.06235202617734273,0.367372807700855,0.9278971575203799,1091,1061,987,987,133,984,0.9303,0.9725,44.7824,157.6600,2.7671,0,False,17.65,True,0.9936975759817464,0.09349238894299434,0.061840930602095626,3.89
471,23,696000000,23.696000000,-6.808058278619711,27.71621391668308,21.770000304042256,-0.01025112681390937,0.06281035385931606,0.39885050437364145,0.9148049240182327,133,129,129,129,13,128,1.0000,0.9699,44.1842,76.6099,2.1527,0,False,17.31,True,0.7392587550172135,0.4813783152879618,0.4709261202151808,3.92
472,23,728000000,23.728000000,-6.808058278619711,27.71621391668308,21.770000304042256,-0.01025112681390937,0.06281035385931606,0.39885050437364145,0.9148049240182327,2000,0,0,0,0,0,0.0000,0.0000,0.0000,0.0000,0.0000,1,False,18.87,True,0.0,0.0,0.0,0.00
473,23,764000000,23.764000000,-7.616897483997593,28.208614723538837,22.091435500079463,-0.007911056061157221,0.06250957059772608,0.4350766699127871,0.8981860943441982,2000,1962,1189,1189,1189,1140,0.6060,0.9810,46.4209,182.8422,6.3711,0,False,18.52,True,-0.22599060683965685,0.9369943956770947,0.26640147914371576,4.58
474,23,796000000,23.796000000,-7.556467494856804,29.18718899897046,22.288261829303757,-0.005513789655125015,0.0627914204043253,0.4652918753694903,0.8829101349301576,1189,1152,993,993,326,862,0.8620,0.9689,47.1540,210.8316,3.4749,0,False,18.18,True,0.7774696119378124,0.5685992056544994,0.2687674568141382,3.89
475,23,828000000,23.828000000,-8.525986918587709,29.10876454961897,22.52038613383133,-0.0021126044105715175,0.06326945633443087,0.500593957596614,0.8633644667320456,326,305,250,250,248,240,0.8197,0.9356,57.5285,127.9517,4.5523,0,False,17.86,True,-0.6333886113568157,0.7640908090638843,0.12240956869290778,4.64
476,23,860000000,23.860000000,-9.100740825052933,28.29845920418081,22.634680465087488,0.0003499163221812731,0.06378199307122132,0.5306982484022135,0.8451574433567113,248,215,184,184,184,177,0.8558,0.8669,59.8885,82.1399,4.4297,0,False,17.86,True,-0.9950238696577463,0.0996059194394011,-0.002481858971762687,4.04
477,23,896000000,23.896000000,-8.391551004937037,27.597868073147353,22.7135592718815,0.001433947920654749,0.058580211772484694,0.5616289198778042,0.8253116132340212,184,141,95,95,85,87,0.6738,0.7663,66.5645,113.9805,6.6194,0,False,17.54,True,-0.33302299540021507,-0.9367195634562926,0.107945097030486,4.26
478,23,928000000,23.928000000,-8.391551004937037,27.597868073147353,22.7135592718815,0.001433947920654749,0.058580211772484694,0.5616289198778042,0.8253116132340212,2000,0,0,0,0,0,0.0000,0.0000,0.0000,0.0000,0.0000,1,False,18.97,True,0.0,0.0,0.0,0.00
479,23,960000000,23.960000000,-7.428325572105094,27.349807172020245,22.610299624013965,0.003284858859447454,0.05855794971231241,0.5887173885975334,0.8062084175885691,2000,1891,1142,1142,1072,1083,0.6039,0.9455,42.9989,193.5154,6.2465,0,False,18.64,True,0.12877460566813534,-0.9913931133820577,-0.0235965182526309,3.80
480,23,992000000,23.992000000,-8.361458597170952,27.121446152297043,22.887993704257717,0.00487508645120926,0.058235910568253,0.6159772503709903,0.7855933039924501,1072,933,824,824,18,811,0.8832,0.8703,44.3767,140.3392,2.7924,0,False,18.33,True,-0.5219149382381,0.8359805271480059,0.16953275634302184,3.92
481,24,28000000,24.028000000,-8.361458597170952,27.121446152297043,22.887993704257717,0.00487508645120926,0.058235910568253,0.6159772503709903,0.7855933039924501,2000,0,0,0,0,0,0.0000,0.0000,0.0000,0.0000,0.0000,1,False,19.67,True,0.0,0.0,0.0,0.00
482,24,60000000,24.060000000,-7.573065339071685,27.69722991866721,22.67140855941117,0.006648737581915054,0.0581383427110974,0.642097738513315,0.764386173077104,2000,1944,1171,1171,865,1125,0.6024,0.9720,40.1549,197.8084,5.5743,0,False,18.03,True,0.7608646631303073,-0.6409495170383227,-0.10133450058072388,3.86
483,24,92000000,24.092000000,-7.804643488685929,28.654274243872802,22.845872653748685,0.00870317078786505,0.05805820113671844,0.6679598739122573,0.7418780943943061,865,862,664,664,107,653,0.7703,0.9965,45.4928,168.8411,3.8613,0,False,18.03,True,0.8871199817581937,0.40974303986214816,0.21243535310740558,3.94
484,24,124000000,24.124000000,-7.505317868217306,27.701519323134786,22.794275813336085,0.01080250455491925,0.057991358519334235,0.6929716734663199,0.7185475405327827,107,106,101,101,12,99,0.9528,0.9907,40.6617,77.2014,1.9652,0,False,18.03,True,-0.9111762052947533,-0.4034527255146339,-0.08356925977575284,3.93
485,24,160000000,24.160000000,-7.505317868217306,27.701519323134786,22.794275813336085,0.01080250455491925,0.057991358519334235,0.6929716734663199,0.7185475405327827,2000,0,0,0,0,0,0.0000,0.0000,0.0000,0.0000,0.0000,1,False,19.67,True,0.0,0.0,0.0,0.00
486,24,192000000,24.192000000,-7.012193525368219,26.84804824494141,22.625706832864925,0.013028320173334306,0.057697528749619406,0.717012553745071,0.694546078976492,2000,1933,1370,1370,741,1340,0.7087,0.9665,46.7493,137.2161,4.4426,0,False,19.67,True,-0.8232863075648313,-0.5402149118102659,-0.17426274654696736,3.90
487,24,224000000,24.224000000,-7.460240299512234,27.70253768632251,22.888579202556667,0.014792291378139512,0.05707346169176853,0.7401481568853575,0.6698540989988122,741,695,608,608,182,601,0.8748,0.9379,48.1252,127.9199,2.7486,0,False,19.67,True,0.851820190137492,0.44768810940502896,0.2719884563202601,3.88
488,24,256000000,24.256000000,-6.858050338660497,26.974382973149098,22.561229290791406,0.01687354050683669,0.05591805313233527,0.7624460310696553,0.6444101990741486,182,175,76,76,46,69,0.4343,0.9615,66.8737,208.8046,7.4891,0,False,18.03,True,-0.7669089301662806,-0.560289492225758,-0.31293190590384545,3.89
489,24,292000000,24.292000000,-6.858050338660497,26.974382973149098,22.561229290791406,0.01687354050683669,0.05591805313233527,0.7624460310696553,0.6444101990741486,2000,0,0,0,0,0,0.0000,0.0000,0.0000,0.0000,0.0000,1,False,19.67,True,0.0,0.0,0.0,0.00
490,24,324000000,24.324000000,-7.654502895686377,26.71038220039179,23.105257705849368,0.01906110489610609,0.055791358813809394,0.7842235914648258,0.6176709133121443,2000,1909,1125,1125,419,1082,0.5893,0.9545,44.4967,134.7577,5.2288,0,False,19.67,True,-0.15060724161642497,0.8824451436109629,0.4456546053729491,3.96
491,24,356000000,24.356000000,-7.291829359184628,25.78093870925895,23.173100927412808,0.0210206067650124,0.05600724104111451,0.8049552806366683,0.5903120524073143,419,370,280,280,169,269,0.7568,0.8831,56.2376,188.0503,3.8881,0,False,18.03,True,-0.9907320835732638,-0.12858711830074737,0.043764044439348004,3.94
492,24,388000000,24.388000000,-7.1669754919020985,26.738175994627777,22.91212527467043,0.022782134713441562,0.056898030575641315,0.8244375855609887,0.5626244359862799,169,156,120,120,18,112,0.7692,0.9231,53.3614,120.9598,3.5370,0,False,18.03,True,0.8826605746558364,-0.4324670922048159,-0.18407206226948197,3.89
493,24,424000000,24.424000000,-7.1669754919020985,26.738175994627777,22.91212527467043,0.022782134713441562,0.056898030575641315,0.8244375855609887,0.5626244359862799,2000,0,0,0,0,0,0.0000,0.0000,0.0000,0.0000,0.0000,1,False,19.67,True,0.0,0.0,0.0,0.00
494,24,456000000,24.456000000,-8.10045242915818,27.094063435185564,22.956452887557187,0.024180785633871858,0.055724423928854995,0.8434004311691408,0.5338406043826504,2000,1917,681,681,445,633,0.3552,0.9585,57.4089,210.1481,7.0719,0,False,19.67,True,0.6714363127076677,0.7405857352923152,-0.02657153851533449,3.96
495,24,556000000,24.556000000,-9.086437042971202,27.175858240192966,22.81104328953219,0.016296046329681065,0.051623551731044805,0.850722081103489,0.5228206083386936,445,418,41,41,24,17,0.0981,0.9393,42.8404,165.6761,8.9528,0,False,18.64,True,0.4994439042931877,0.8331169021518118,-0.23763840980225778,1.83
496,24,752000000,24.752000000,-9.086437042971202,27.175858240192966,22.81104328953219,0.016296046329681065,0.051623551731044805,0.850722081103489,0.5228206083386936,2000,0,0,0,0,0,0.0000,0.0000,0.0000,0.0000,0.0000,1,False,22.22,True,0.0,0.0,0.0,0.00
497,24,784000000,24.784000000,-8.273481994145582,27.73372226357112,22.64403484660409,0.017944179553676977,0.050926103772941364,0.8677869011732686,0.4939943648734757,2000,1954,1701,1701,1678,1582,0.8705,0.9770,49.4949,257.7832,1.8101,0,False,22.22,True,0.13347630867889487,-0.9892272856119523,-0.06011199898743435,3.84
498,24,820000000,24.820000000,-7.825001539850387,28.604401131703,22.442085370982696,0.01981536333740081,0.050178669827462316,0.8860426123190208,0.46045406027641755,1678,1644,1509,1509,1475,1498,0.9179,0.9797,51.5787,283.7344,1.3630,0,False,22.22,True,0.5226454237791729,-0.8463394152647178,-0.10271978958343049,4.38
499,24,852000000,24.852000000,-8.222804384492735,28.529665722511965,23.356507327962895,0.02203419127811049,0.04871559549259128,0.9016111376079652,0.429230289834947,1475,1452,1434,1434,1314,1429,0.9876,0.9844,44.5293,173.4211,0.7382,0,False,22.22,True,0.15753185264759917,0.4644679137872321,0.8714661625465165,4.01
500,24,884000000,24.884000000,-8.42528240238473,28.658982076995233,24.327218372884953,0.02449455688706658,0.04762204743090115,0.9159890072869717,0.39761324903833806,1314,1306,1263,1263,1258,1261,0.9671,0.9939,44.1267,380.4617,0.8854,0,False,22.22,True,0.2260143065024557,0.1788640217655503,0.9575621102435429,3.99
501,24,916000000,24.916000000,-8.82697754025291,29.040776808802292,25.159608785478362,0.02644598874764202,0.046910251478428484,0.9291310354351695,0.3658080876314246,1258,1249,1223,1223,175,1221,0.9792,0.9928,42.5461,166.9454,0.7102,0,False,22.22,True,0.5590266131516192,0.12115652786407684,0.8202501700969961,3.95
502,24,952000000,24.952000000,-9.560551528872738,29.277422932539423,25.79668634381846,0.028274245925704416,0.045956188202779163,0.9427445016957097,0.3291221662327102,175,162,146,146,55,138,0.9012,0.9257,55.6658,151.7001,1.8825,0,False,22.22,True,0.7071156901596802,0.3924301435030148,0.5882057320361664,4.49
503,24,984000000,24.984000000,-9.560551528872738,29.277422932539423,25.79668634381846,0.028274245925704416,0.045956188202779163,0.9427445016957097,0.3291221662327102,2000,0,0,0,0,0,0.0000,0.0000,0.0000,0.0000,0.0000,1,False,24.07,True,0.0,0.0,0.0,0.00
504,25,16000000,25.016000000,-10.191663768039014,29.841159214639376,26.32950783908554,0.030446789275854126,0.044723966838214044,0.9535548205810935,0.29632071132407295,2000,1979,1934,1934,1481,1930,0.9773,0.9895,41.2962,162.6578,0.8351,0,False,24.07,True,0.8569593887586295,0.006860294812206081,0.5153382795538535,3.97
505,25,48000000,25.048000000,-10.648094640741164,30.72532725640485,26.429095651416954,0.03195567368804284,0.043054949874371584,0.9632318209266387,0.2632670989030162,1481,1478,1468,1468,264,1466,0.9932,0.9980,40.4781,109.4820,0.5292,0,False,22.22,True,0.8806384662933696,-0.4583759604308385,0.1198639669941217,3.96
506,25,84000000,25.084000000,-11.438705877626674,31.323412884084032,26.297842254988648,0.033656821222289635,0.041992320659418166,0.9727313310637268,0.22560501093246518,264,264,263,263,59,261,0.9962,1.0000,46.0496,72.1749,0.5201,0,False,22.22,True,0.9792775863913786,-0.12725490394593644,-0.1575487169518893,4.46
507,25,116000000,25.116000000,-11.438705877626674,31.323412884084032,26.297842254988648,0.033656821222289635,0.041992320659418166,0.9727313310637268,0.22560501093246518,2000,0,0,0,0,0,0.0000,0.0000,0.0000,0.0000,0.0000,1,False,24.07,True,0.0,0.0,0.0,0.00
508,25,148000000,25.148000000,-12.13165980271614,32.04254961600546,26.34939047032608,0.03503738346303627,0.04057111910443451,0.9799505546687513,0.19189391980749332,2000,1959,1908,1908,147,1879,0.9740,0.9795,41.3903,168.0267,0.8453,0,False,24.07,True,0.9409094266316912,-0.33621883619652465,0.04057517790813091,3.96
509,25,180000000,25.180000000,-12.96270920089609,32.5889468472236,26.245433924106557,0.03627008416960291,0.03933566599174637,0.9860292737134931,0.15774491356413597,147,146,143,143,52,143,0.9795,0.9932,43.0468,107.3117,0.6298,0,False,24.07,True,0.9693346980775227,-0.2038329752399552,-0.13726748088234722,3.98
510,25,216000000,25.216000000,-12.96270920089609,32.5889468472236,26.245433924106557,0.03627008416960291,0.03933566599174637,0.9860292737134931,0.15774491356413597,2000,0,0,0,0,0,0.0000,0.0000,0.0000,0.0000,0.0000,1,False,25.93,True,0.0,0.0,0.0,0.00
511,25,248000000,25.248000000,-11.981099009875102,32.762898949118345,26.166807598170884,0.03770975866733136,0.03803340979208159,0.9909021668877754,0.12346792902592299,2000,1972,1870,1870,281,1859,0.9483,0.9860,44.8416,176.4093,1.1778,0,False,25.93,True,-0.880214195781346,-0.47431618136083903,0.015720357638099106,3.97
512,25,280000000,25.280000000,-11.377175504235442,31.998344400207166,26.392046895530672,0.04014966915925858,0.03664850493874285,0.9948504698292577,0.08554200040133665,281,273,269,269,269,266,0.9853,0.9715,55.4041,87.4154,1.1746,0,False,24.07,True,-0.758347008054084,0.6120658791187471,0.2242435617671421,4.38
513,25,312000000,25.312000000,-12.21083490625183,31.46881873242569,26.548937203039625,0.0411474311989168,0.035161856772290716,0.9972262731631245,0.051091025114403714,269,229,217,217,80,215,0.9476,0.8513,59.0792,122.8669,1.3981,0,False,24.07,True,0.7386356395611903,0.6723097461710046,0.049162965467017816,3.96
514,25,348000000,25.348000000,-12.21083490625183,31.46881873242569,26.548937203039625,0.0411474311989168,0.035161856772290716,0.9972262731631245,0.051091025114403714,2000,0,0,0,0,0,0.0000,0.0000,0.0000,0.0000,0.0000,1,False,25.93,True,0.0,0.0,0.0,0.00
515,25,380000000,25.380000000,-12.336455435097088,32.41743074545718,26.258498342924497,0.04215786612073866,0.03391479412786162,0.9983875817095124,0.017167927995026575,2000,1919,1582,1582,1492,1568,0.8244,0.9595,52.0643,293.7695,2.2455,0,False,25.93,True,0.20115473023920008,-0.9504662446522113,-0.23696137296850087,3.89
516,25,412000000,25.412000000,-12.496496709396151,33.3604250215741,25.96669603701954,0.04304184565637406,0.032647326663353314,0.9984098604298289,-0.01610286250077002,1492,1469,1373,1373,1369,1365,0.9346,0.9846,49.0984,215.8268,1.1974,0,False,25.93,True,0.17017685162247786,-0.9554237750146388,-0.2412576409331698,3.82
517,25,444000000,25.444000000,-13.471968640575222,33.5773458963374,26.004110547222187,0.04410402306952646,0.031125675544442868,0.9972551497926784,-0.050677348815496,1369,1331,1291,1291,212,1289,0.9699,0.9722,48.7162,214.4351,0.9175,0,False,24.07,True,0.9682413738478273,-0.24806604420079567,-0.03117498490521911,3.97
518,25,480000000,25.480000000,-14.277176747196311,33.949746265361306,26.4655841327962,0.0454978231397081,0.029362146632060767,0.9945250648829931,-0.08937397694062596,212,208,197,197,102,194,0.9471,0.9811,48.8935,92.1289,1.1952,0,False,24.07,True,0.8033710138643442,-0.4267787015546393,0.4152769605719921,4.45
519,25,512000000,25.512000000,-15.145695643022725,34.412843154541434,26.642265198063964,0.046523601451086784,0.027830933536925718,0.9908672853563837,-0.12346261157514322,102,102,100,100,93,100,0.9804,1.0000,41.6486,141.0382,0.6060,0,False,24.07,True,0.7868775660424558,-0.6027349841758879,0.13241689812706067,3.93
520,25,544000000,25.544000000,-15.145695643022725,34.412843154541434,26.642265198063964,0.046523601451086784,0.027830933536925718,0.9908672853563837,-0.12346261157514322,2000,0,0,0,0,0,0.0000,0.0000,0.0000,0.0000,0.0000,1,False,24.07,True,0.0,0.0,0.0,0.00
521,25,576000000,25.576000000,-16.05588614716592,34.0077072473063,26.728393839271842,0.047370888542010006,0.025996735982136126,0.9859837798896143,-0.15784851735637048,2000,1902,1328,1328,1008,1297,0.6982,0.9510,51.5493,254.2099,3.4500,0,False,24.07,True,0.9851105372623163,0.17086473521098025,-0.019038687875796347,3.99
522,25,612000000,25.612000000,-15.969821639518948,34.80994991478415,27.319155722776102,0.0507907629176285,0.02426555460190754,0.9795601742048098,-0.19311485280513768,1008,990,793,793,782,782,0.8010,0.9821,54.4724,157.8656,2.7202,0,False,22.22,True,-0.269095573410413,-0.7127287558328038,0.6477694751838377,4.13
523,25,644000000,25.644000000,-16.812719365193278,35.27323271332964,27.04549083166856,0.05120292030084787,0.02235518419790152,0.9725047288207935,-0.22608197432200972,782,782,775,775,772,774,0.9910,1.0000,46.0801,64.2051,1.0194,0,False,22.22,True,0.5717497825587401,-0.7567994229996451,-0.31679144478889815,3.87
524,25,676000000,25.676000000,-17.472800965208815,35.85964841557173,27.5149681000052,0.05205367978955402,0.020951160070112797,0.9641608476623087,-0.25931703211933727,772,772,771,771,172,770,0.9987,1.0000,43.7862,57.6853,0.9115,0,False,22.22,True,0.38412076927657607,-0.8081084527922874,0.44655566633514665,3.93
525,25,708000000,25.708000000,-17.39873906595229,35.93984758500538,28.508991705509946,0.054811970568650406,0.019773342397862947,0.9544899399073831,-0.2924954998429864,172,172,171,171,171,171,0.9942,1.0000,39.5317,52.4321,0.6239,0,False,22.22,True,0.006949086771494241,-0.018823118593296634,0.9997986799348481,3.98
526,25,744000000,25.744000000,-17.91964484602267,36.75570626337401,28.76005302315935,0.05617959331717738,0.019368402879837203,0.9435780124415978,-0.32577484970661097,171,171,166,166,163,163,0.9708,1.0000,45.6866,68.7556,0.9478,0,False,20.37,True,0.004038018094027406,-0.9661810101585919,0.2578331825401744,4.02
527,25,776000000,25.776000000,-18.35736683073687,37.514757276494564,29.241966940346348,0.058545805780164,0.02187534211307471,0.9332568789014789,-0.35373076769777556,163,163,163,163,163,161,1.0000,1.0000,42.4285,65.1898,0.6168,0,False,20.37,True,-0.06578098012317722,-0.8674506235010986,0.49315543030731146,3.44
528,25,808000000,25.808000000,-17.69520757227033,37.506890915544346,29.99128879161751,0.06078275028109142,0.020636827702949133,0.919866352711197,-0.3869437578775821,163,161,131,131,130,125,0.8137,0.9877,47.3684,144.4351,2.8505,0,False,20.37,True,-0.39326070195487556,0.44433176904709,0.8049318600437194,4.11
529,25,840000000,25.840000000,-16.735839797440686,37.41065242606829,30.256527600545965,0.06372614358671896,0.01826194850066228,0.9044877053120282,-0.4213163547738274,130,129,119,119,118,116,0.9225,0.9923,52.6387,205.1202,1.7880,0,False,20.37,True,-0.5628310977966434,0.7502862519850343,0.34683093206240223,4.34
530,25,876000000,25.876000000,-16.7045192665903,36.42670087113275,30.432193083459335,0.0644839201448282,0.014959479440628292,0.887430516504849,-0.45616347551459857,118,106,90,90,78,87,0.8491,0.8983,58.4089,178.2918,1.8418,0,False,20.37,True,0.7506362335563329,0.6542919729031449,0.09190897163429168,4.46
531,25,908000000,25.908000000,-16.7045192665903,36.42670087113275,30.432193083459335,0.0644839201448282,0.014959479440628292,0.887430516504849,-0.45616347551459857,2000,0,0,0,0,0,0.0000,0.0000,0.0000,0.0000,0.0000,1,False,22.22,True,0.0,0.0,0.0,0.00
532,25,940000000,25.940000000,-16.922577751122184,35.468968923545575,30.6198097508813,0.06495717452917708,0.013257458940588955,0.871169425842512,-0.4864860087781074,2000,1959,1475,1475,397,1454,0.7529,0.9795,44.5831,286.4823,5.0111,0,False,20.37,True,0.9230865764956231,0.3757009219965919,0.08221915533804112,3.95
533,25,972000000,25.972000000,-17.44949753763313,34.63906559577439,30.803156431073685,0.06511696264253523,0.011705047483314442,0.854046980110073,-0.5159714418497293,397,396,366,366,123,363,0.9242,0.9975,41.9878,76.0234,2.1774,0,False,20.37,True,0.9981942912484956,-0.018102355730568856,0.057275314367688,3.91
534,26,8000000,26.008000000,-17.99000315142314,33.9169136308648,31.234839440976433,0.06523139467468235,0.009621518040576245,0.8335606727830369,-0.5484787109167332,123,123,118,118,8,113,0.9593,1.0000,46.4490,111.0697,1.5753,0,False,20.37,True,0.9367083119862603,-0.1601214735483044,0.31134972613537076,4.41
535,26,40000000,26.040000000,-17.99000315142314,33.9169136308648,31.234839440976433,0.06523139467468235,0.009621518040576245,0.8335606727830369,-0.5484787109167332,2000,0,0,0,0,0,0.0000,0.0000,0.0000,0.0000,0.0000,1,False,20.37,True,0.0,0.0,0.0,0.00
536,26,72000000,26.072000000,-17.614018380291572,34.78219460173976,30.903291113701478,0.06567190014019508,0.007445610036572208,0.814440474851965,-0.576470708142283,2000,1958,1472,1472,484,1435,0.7518,0.9790,40.7751,102.8730,5.2027,0,False,20.37,True,-0.9762355575935754,0.0181535741392856,-0.21595041985587968,3.89
537,26,104000000,26.104000000,-17.26582487192842,35.60027818514101,30.44557883365743,0.06586701437055555,0.005278633633052686,0.7942457714761405,-0.6039928202695356,484,483,477,477,38,476,0.9876,0.9979,39.3347,61.9030,1.7834,0,False,20.37,True,-0.9340415008963643,0.0821356033903107,-0.3475920270359734,3.92
538,26,140000000,26.140000000,-17.26582487192842,35.60027818514101,30.44557883365743,0.06586701437055555,0.005278633633052686,0.7942457714761405,-0.6039928202695356,2000,0,0,0,0,0,0.0000,0.0000,0.0000,0.0000,0.0000,1,False,22.22,True,0.0,0.0,0.0,0.00
539,26,172000000,26.172000000,-17.270838275411055,34.65054602594396,30.75860230174317,0.06601672044683093,0.0030226754584820772,0.773126794365242,-0.6307991882438042,2000,1966,1561,1561,70,1537,0.7940,0.9830,42.1937,178.5484,4.8302,0,False,20.37,True,0.9466076573857805,0.2296457677885807,0.22626701994634157,3.92
540,26,204000000,26.204000000,-17.270838275411055,34.65054602594396,30.75860230174317,0.06601672044683093,0.0030226754584820772,0.773126794365242,-0.6307991882438042,2000,0,0,0,0,0,0.0000,0.0000,0.0000,0.0000,0.0000,1,False,22.22,True,0.0,0.0,0.0,0.00
541,26,236000000,26.236000000,-17.53594836630237,35.562675602696864,30.4459742880909,0.06617151603718453,0.0007514885168087378,0.7513082204194191,-0.6566252535964141,2000,1985,1658,1658,452,1630,0.8353,0.9925,40.6534,137.9982,4.3813,0,False,22.22,True,-0.870588994755832,-0.4203374399653784,-0.2557171069236117,3.88
542,26,272000000,26.272000000,-17.793984058115736,36.50967362772269,30.254630821132704,0.06599474084530928,-0.0017282473134935398,0.7254512876815091,-0.6851000923538283,452,452,376,376,58,371,0.8319,1.0000,44.6332,100.4299,3.9599,0,False,22.22,True,-0.9202128627355358,-0.36859428497925456,-0.13170626536616203,4.42
543,26,304000000,26.304000000,-17.793984058115736,36.50967362772269,30.254630821132704,0.06599474084530928,-0.0017282473134935398,0.7254512876815091,-0.6851000923538283,2000,0,0,0,0,0,0.0000,0.0000,0.0000,0.0000,0.0000,1,False,22.22,True,0.0,0.0,0.0,0.00
544,26,336000000,26.336000000,-18.228299201238062,37.35663694709604,29.947998317815276,-0.06570560812124723,0.003723654791257354,-0.7015568836889771,0.7095680703111038,2000,1993,1649,1649,310,1627,0.8274,0.9965,40.5529,312.8927,4.3133,0,False,22.22,True,-0.8478908766432517,-0.45501283293577327,-0.27211097583320704,3.93
545,26,368000000,26.368000000,-18.816399818674213,37.97580363250816,29.4276424016896,-0.06597152534732108,0.006291863148670198,-0.6771609800714844,0.732844579273186,310,306,295,295,123,289,0.9641,0.9871,48.0223,70.4253,2.9238,0,False,22.22,True,-0.671150545689788,-0.5296535291469832,-0.518675316631171,3.88
546,26,404000000,26.404000000,-17.84826100886599,38.20115797718547,29.536833354969524,-0.06637591897995057,0.009040580546864983,-0.6485048650996652,0.7582571761777186,123,122,95,95,54,90,0.7787,0.9919,59.9045,94.1278,5.5759,0,False,22.22,True,-0.1349161833351571,0.9653144347158941,0.2235300105207535,4.40
547,26,436000000,26.436000000,-17.84826100886599,38.20115797718547,29.536833354969524,-0.06637591897995057,0.009040580546864983,-0.6485048650996652,0.7582571761777186,2000,0,0,0,0,0,0.0000,0.0000,0.0000,0.0000,0.0000,1,False,22.22,True,0.0,0.0,0.0,0.00
548,26,468000000,26.468000000,-16.86190016933413,38.03771532388819,29.556295968390117,-0.06572284306686835,0.011361208013246705,-0.6221090629103857,0.7800844471571328,2000,1969,1468,1468,133,1423,0.7456,0.9845,42.6327,176.3158,5.0662,0,False,22.22,True,0.3188999225696937,0.9421541066675799,0.10319146609316947,3.93
549,26,500000000,26.500000000,-15.881396076994996,38.2331703195659,29.576521436761347,-0.06553219724885809,0.013663608716752441,-0.594856087988129,0.8010399936982122,133,95,67,67,56,55,0.7053,0.7143,50.3642,78.0083,6.1898,0,False,21.82,True,0.03259803155263616,0.9903251106468242,0.13488344435566957,3.95
550,26,536000000,26.536000000,-15.881396076994996,38.2331703195659,29.576521436761347,-0.06553219724885809,0.013663608716752441,-0.594856087988129,0.8010399936982122,2000,0,0,0,0,0,0.0000,0.0000,0.0000,0.0000,0.0000,1,False,23.21,True,0.0,0.0,0.0,0.00
551,26,568000000,26.568000000,-16.864054723772018,38.04776146217492,29.57416781926476,-0.06477522341812215,0.015785148206653204,-0.5682652025163534,0.8201400241033688,2000,1957,1410,1410,1356,1360,0.7205,0.9785,42.5807,119.3173,5.3320,0,False,23.21,True,-0.1099608084572845,-0.9870366314359372,-0.11690726584356682,3.76
552,26,600000000,26.600000000,-17.384712146199327,38.85962449081005,29.309981765115896,-0.06409273606100457,0.01788575725983459,-0.5398656551962658,0.8391169734971181,1356,1315,1179,1179,230,1168,0.8966,0.9698,45.3958,95.3938,3.1845,0,False,22.81,True,-0.9551489931536209,-0.17073030439922293,-0.2419536402647682,3.92
553,26,632000000,26.632000000,-17.867471836904436,38.01909464863697,29.064110527581295,-0.06334826745861177,0.020530242413081153,-0.5119872486048392,0.8564079421762149,230,219,193,193,193,188,0.8813,0.9522,47.8171,239.6107,4.1209,0,False,22.41,True,0.5527843943566462,-0.7487598916307668,-0.3657704718000597,3.77
554,26,668000000,26.668000000,-16.95574147975399,37.81426970472903,29.42019267850076,-0.06179220185533065,0.022888951757608005,-0.4784748447748671,0.8756252866351992,193,175,158,158,81,155,0.9029,0.9067,55.5246,88.0048,3.7894,0,False,22.03,True,0.6237047703242418,0.6552400769757735,0.42620746239310203,4.44
555,26,700000000,26.700000000,-16.95574147975399,37.81426970472903,29.42019267850076,-0.06179220185533065,0.022888951757608005,-0.4784748447748671,0.8756252866351992,2000,0,0,0,0,0,0.0000,0.0000,0.0000,0.0000,0.0000,1,False,23.33,True,0.0,0.0,0.0,0.00
556,26,732000000,26.732000000,-16.539299252393256,38.71738262349943,29.524896676613658,-0.061534211442166926,0.02496727322633551,-0.4480444662091091,0.891541548324713,2000,1971,1441,1441,924,1404,0.7311,0.9855,44.4516,196.9415,4.9824,0,False,22.95,True,-0.531978267492618,0.8168495733842634,0.22306029986866627,3.94
557,26,764000000,26.764000000,-15.864133513364983,39.440640089291215,29.669982385830128,-0.06077330691995167,0.026882484893312686,-0.41645745364603126,0.906723291018069,924,891,754,754,748,722,0.8462,0.9643,44.9602,117.4302,3.4703,0,False,21.31,True,-0.17523882961160867,0.9455521340706688,0.27426723163870237,4.02
558,26,800000000,26.800000000,-16.33004002488271,38.60503079902274,29.960994819486142,-0.059476709631083056,0.02910793990313239,-0.38191827941045126,0.9218208484831616,748,710,460,460,431,444,0.6479,0.9492,48.4959,142.0152,5.7328,0,False,21.31,True,0.3307234500678021,-0.9285153756483189,0.16876373058187305,4.33
559,26,832000000,26.832000000,-17.159882529230007,39.13296806944995,30.141670375310582,-0.058502830176331656,0.03110929715488052,-0.3503038994805152,0.9342894671891757,431,415,398,398,18,395,0.9590,0.9629,41.4527,83.1194,2.1612,0,False,21.31,True,-0.9613991533755631,-0.23507399183374808,0.14301009143447635,3.90
560,26,864000000,26.864000000,-17.159882529230007,39.13296806944995,30.141670375310582,-0.058502830176331656,0.03110929715488052,-0.3503038994805152,0.9342894671891757,2000,0,0,0,0,0,0.0000,0.0000,0.0000,0.0000,0.0000,1,False,22.95,True,0.0,0.0,0.0,0.00
561,26,896000000,26.896000000,-16.596456412537414,39.959134029970485,30.140766657503193,-0.05756029190294414,0.03317550626290103,-0.3181870634322871,0.9456971984967417,2000,1963,1251,1251,86,1195,0.6373,0.9815,44.1975,226.3192,6.0359,0,False,22.95,True,-0.11971923273321777,0.9846181533258869,0.12725720983461,3.91
562,26,932000000,26.932000000,-16.596456412537414,39.959134029970485,30.140766657503193,-0.05756029190294414,0.03317550626290103,-0.3181870634322871,0.9456971984967417,2000,0,0,0,0,0,0.0000,0.0000,0.0000,0.0000,0.0000,1,False,24.59,True,0.0,0.0,0.0,0.00
563,26,964000000,26.964000000,-16.851842187824094,39.05118353678875,30.473037642863417,-0.056223817460180445,0.03500165279001702,-0.28630849617961096,0.9558458095673911,2000,1818,1036,1036,980,987,0.5699,0.9090,42.0195,253.9458,6.0965,0,False,24.59,True,0.33809803228768714,-0.9139959879720245,0.22427896587561816,3.84
564,26,996000000,26.996000000,-17.795093445366565,38.7721533854963,30.292984206866592,-0.054832389655728404,0.03701021296297931,-0.25361983150193945,0.9650391879348761,980,920,857,857,132,846,0.9315,0.9388,42.1057,141.3441,2.1725,0,False,22.95,True,-0.6262268241528873,-0.7211196516827868,-0.2963552136681332,3.90
565,27,28000000,27.028000000,-18.659565235534664,38.82814669202114,29.793431132981564,-0.05362378936174009,0.03907518483653494,-0.22045003907596045,0.9731389414754122,132,119,113,113,69,112,0.9496,0.9015,48.7886,94.2334,2.4646,0,False,22.95,True,-0.7567387881626965,-0.3089560821182687,-0.5761011593567432,3.92
566,27,64000000,27.064000000,-18.659565235534664,38.82814669202114,29.793431132981564,-0.05362378936174009,0.03907518483653494,-0.22045003907596045,0.9731389414754122,2000,0,0,0,0,0,0.0000,0.0000,0.0000,0.0000,0.0000,1,False,24.59,True,0.0,0.0,0.0,0.00
567,27,96000000,27.096000000,-19.176022425110453,38.033377980496766,29.474660578322958,-0.05248525422304349,0.0409641431973334,-0.1876393350870232,0.9799789370131129,2000,1962,1159,1159,952,1113,0.5907,0.9810,45.4042,189.5489,5.9073,0,False,24.59,True,-0.10364423817655072,-0.893613633608942,-0.4367064754741175,3.85
568,27,128000000,27.128000000,-19.81732813429313,37.27611977417324,29.598301171678745,-0.05102462363777189,0.04279941053482712,-0.15418178561243498,0.9857954530356976,952,935,848,848,60,843,0.9070,0.9821,50.1612,135.7718,2.5910,0,False,22.95,True,-0.3197366750130903,-0.9474740624694017,-0.007833236834299508,3.90
569,27,160000000,27.160000000,-19.81732813429313,37.27611977417324,29.598301171678745,-0.05102462363777189,0.04279941053482712,-0.15418178561243498,0.9857954530356976,2000,0,0,0,0,0,0.0000,0.0000,0.0000,0.0000,0.0000,1,False,24.59,True,0.0,0.0,0.0,0.00
570,27,196000000,27.196000000,-20.745606737810903,36.90908095992996,29.538456847887886,-0.04926398285349724,0.04488973618585603,-0.11643626184400999,0.9909594181934838,2000,1861,988,988,426,938,0.5309,0.9305,47.4703,452.9690,6.0105,0,False,24.59,True,-0.7634586149262943,-0.6189938898056285,-0.18432988818453103,4.38
571,27,228000000,27.228000000,-21.67871794608664,37.08322581184765,29.223850675760303,-0.047798134041536024,0.04687261160614756,-0.08220402930112737,0.9943645177851158,426,422,381,381,279,377,0.9028,0.9906,45.5652,99.4877,2.2256,0,False,22.95,True,-0.9206260337541059,-0.008620724532465512,-0.3903503414661233,3.95
572,27,260000000,27.260000000,-21.040269895845093,37.848218834065804,29.30852512940656,-0.046292649744706094,0.048274178445507396,-0.04783358884446246,0.9966135369606838,279,277,192,192,170,183,0.6931,0.9928,58.9663,250.8045,4.4862,0,False,22.95,True,0.4912962874547575,0.843970853691588,0.2152699608683588,3.95
573,27,292000000,27.292000000,-20.25119160982109,38.45796829225924,29.233952636098234,-0.044210638962812965,0.050056647540081774,-0.013747873270543363,0.9976726654670284,170,163,134,134,48,131,0.8221,0.9588,60.8368,158.5511,3.1416,0,False,22.95,True,0.7277741328094108,0.683277596695728,0.0589621697974228,3.92
574,27,328000000,27.328000000,-20.25119160982109,38.45796829225924,29.233952636098234,-0.044210638962812965,0.050056647540081774,-0.013747873270543363,0.9976726654670284,2000,0,0,0,0,0,0.0000,0.0000,0.0000,0.0000,0.0000,1,False,24.59,True,0.0,0.0,0.0,0.00
575,27,360000000,27.360000000,-20.553788213250385,37.51600516951944,29.088553973823338,-0.042326749187135075,0.05165540923553933,0.020243267469131205,0.9975622161660551,2000,1926,876,876,282,814,0.4548,0.9630,42.0305,214.8465,6.3091,0,False,22.95,True,-0.2566111931513342,-0.9318596754124897,-0.25649218485087993,3.91
576,27,392000000,27.392000000,-21.347635863842402,37.00915560771513,28.75253399026833,-0.04014209228454435,0.053288180569370514,0.054591257503187496,0.9962774597685357,282,273,224,224,134,216,0.8205,0.9681,41.6134,118.7056,2.8953,0,False,22.95,True,-0.7720091135697049,-0.44141173718601345,-0.45733751960641056,3.95
577,27,424000000,27.424000000,-22.101347768915378,36.44187603787231,28.42070232542875,-0.035768467959341986,0.055078512159854355,0.0895035413266774,0.9938189424075605,134,133,122,122,100,121,0.9173,0.9925,43.7997,123.8358,1.9320,0,False,22.95,True,-0.7675303402399309,-0.4522487609418394,-0.4542777069566003,4.05
578,27,460000000,27.460000000,-21.817953090114006,35.4863359747165,28.502131090194403,-0.029245700482726136,0.05680475838599997,0.12138695776280461,0.9905468766863453,100,98,89,89,87,86,0.9082,0.9800,51.3496,87.4470,2.1047,0,False,22.95,True,0.10147266974777898,-0.9943046431947994,0.032581801907210835,3.75
579,27,492000000,27.492000000,-21.817953090114006,35.4863359747165,28.502131090194403,-0.029245700482726136,0.05680475838599997,0.12138695776280461,0.9905468766863453,2000,0,0,0,0,0,0.0000,0.0000,0.0000,0.0000,0.0000,1,False,24.59,True,0.0,0.0,0.0,0.00
580,27,524000000,27.524000000,-22.65715882806768,35.95928181256853,28.233698670684245,-0.027908063273182786,0.05737323238090163,0.15557713256927488,0.9857612327698981,2000,1747,666,666,251,616,0.3812,0.8735,45.1736,125.0701,6.3024,0,False,24.59,True,-0.6647826296888103,0.674649624025291,-0.32079890907944747,3.96
581,27,592000000,27.592000000,-22.207454699803705,36.76231280223003,28.624732462914015,-0.03538743924043817,0.054500896820638245,0.16970308550831348,0.9833505194785369,251,243,27,27,17,10,0.1111,0.9681,53.6931,185.7252,8.4847,0,False,23.33,True,0.6210847181483794,0.6089969905916098,0.4933319757859924,1.88
582,27,788000000,27.788000000,-22.207454699803705,36.76231280223003,28.624732462914015,-0.03538743924043817,0.054500896820638245,0.16970308550831348,0.9833505194785369,2000,0,0,0,0,0,0.0000,0.0000,0.0000,0.0000,0.0000,1,False,27.27,True,0.0,0.0,0.0,0.00
583,27,820000000,27.820000000,-21.40228182569775,37.26464783666364,28.939940578267233,-0.033823096255023284,0.05565733147073257,0.20382972129733035,0.9768376038672616,2000,1990,1845,1845,1165,1836,0.9271,0.9950,44.8728,210.8510,1.2947,0,False,27.27,True,0.8821602343538801,0.18420014911236543,0.43343237764579806,3.99
584,27,856000000,27.856000000,-21.38424652840318,36.31339585501079,29.247827563138326,-0.030190049682821036,0.05613986897846937,0.240130840530223,0.9686454745867952,1165,1163,1071,1071,1063,1067,0.9209,0.9983,47.8783,129.8905,1.4127,0,False,27.27,True,-0.396522104933778,-0.8906421433295868,0.22254615886185478,4.29
585,27,888000000,27.888000000,-22.02965097105271,36.191671136153346,30.001907265973056,-0.028179757775956934,0.05704676181159542,0.2735926441739541,0.9597388359717469,1063,1063,1060,1060,97,1061,0.9972,1.0000,41.0360,62.9235,0.7178,0,False,27.27,True,-0.7160653116272495,0.17119475362388967,0.6767147300124521,3.98
586,27,920000000,27.920000000,-22.02965097105271,36.191671136153346,30.001907265973056,-0.028179757775956934,0.05704676181159542,0.2735926441739541,0.9597388359717469,2000,0,0,0,0,0,0.0000,0.0000,0.0000,0.0000,0.0000,1,False,27.27,True,0.0,0.0,0.0,0.00
587,27,952000000,27.952000000,-21.06404675284734,35.940777091942415,29.933638148771504,-0.026334762195821877,0.05801744191585721,0.30630152033687996,0.9497998922788661,2000,1976,1907,1907,421,1903,0.9651,0.9880,41.5939,173.5736,0.9125,0,False,27.27,True,0.6923393514201763,-0.7215699864001625,0.0017254569130013963,3.92
588,27,988000000,27.988000000,-21.317682024904578,36.74214101177537,29.391895574518372,-0.02406449000837875,0.05950954705374796,0.3436193706319199,0.9369126118569532,421,416,407,407,401,405,0.9784,0.9881,50.5585,120.6267,0.8059,0,False,27.27,True,0.3279349266346944,0.8060827973242434,-0.49263496399567547,4.54
589,28,20000000,28.020000000,-20.63380358028119,36.13294826565584,28.990405261989114,-0.022851897648505426,0.060869640888108194,0.37401685028050036,0.9251400290216983,401,397,371,371,369,369,0.9345,0.9900,48.8103,230.3891,1.2058,0,False,27.27,True,0.17844421229711346,-0.9052389748181532,-0.3856164695235952,3.74
590,28,52000000,28.052000000,-19.781398703110938,36.539819090401046,28.661981667606014,-0.020547385954354066,0.061781931382228164,0.40569623182172654,0.911686001521783,369,364,355,355,40,354,0.9753,0.9864,44.2705,109.9070,0.6640,0,False,25.45,True,0.930645295061804,-0.30072088314364226,-0.20848569548205367,3.95
591,28,84000000,28.084000000,-19.781398703110938,36.539819090401046,28.661981667606014,-0.020547385954354066,0.061781931382228164,0.40569623182172654,0.911686001521783,2000,0,0,0,0,0,0.0000,0.0000,0.0000,0.0000,0.0000,1,False,27.27,True,0.0,0.0,0.0,0.00
592,28,120000000,28.120000000,-20.423398557171407,37.28639123990201,28.836527400798925,-0.018602458029253106,0.06223705239046926,0.4415163386107228,0.894898776736675,2000,1950,1752,1752,1703,1740,0.8985,0.9750,45.8245,169.0449,1.4472,0,False,27.27,True,0.10203128972213864,0.978936243691847,0.17684300015588408,4.54
593,28,152000000,28.152000000,-19.74108046409204,36.65809580469531,28.462780339332273,-0.01659694465106981,0.06329870410214718,0.4712242160224844,0.8795826019887122,1703,1696,1686,1686,1682,1682,0.9941,0.9959,41.7848,104.3153,0.6180,0,False,25.45,True,-0.03625352741003397,-0.931765963564053,-0.3612448904744282,3.84
594,28,184000000,28.184000000,-20.067864351158658,35.717219072132806,28.373543209861804,-0.0144951785665398,0.06393720989795686,0.5013235529816069,0.8627726341364141,1682,1670,1567,1567,201,1554,0.9383,0.9929,47.4072,374.8906,1.2477,0,False,25.45,True,-0.9456798225947646,-0.25365105481382816,-0.2033489993311179,3.96
595,28,216000000,28.216000000,-20.388611736089914,34.77314889469685,28.45004559633301,-0.0117713181626823,0.06522394504956998,0.5308405131564714,0.8448760989947921,201,197,188,188,94,186,0.9543,0.9801,45.0984,115.4228,1.3001,0,False,23.64,True,-0.9813773384918969,-0.1880860663771422,-0.039014755277128194,3.97
596,28,252000000,28.252000000,-20.388611736089914,34.77314889469685,28.45004559633301,-0.0117713181626823,0.06522394504956998,0.5308405131564714,0.8448760989947921,2000,0,0,0,0,0,0.0000,0.0000,0.0000,0.0000,0.0000,1,False,25.45,True,0.0,0.0,0.0,0.00
597,28,284000000,28.284000000,-20.06094099127724,33.82837756967399,28.456292708341888,-0.009777280461888246,0.06539666493939619,0.5596236518960669,0.8261047447146661,2000,1949,1857,1857,191,1851,0.9528,0.9745,46.2315,135.1661,1.1540,0,False,25.45,True,-0.7065522024023079,-0.7061640071441936,-0.04600413345019321,3.94
598,28,316000000,28.316000000,-19.65309701504455,32.91640035189978,28.500574141375633,-0.007422397228098612,0.06598964351585432,0.5877719835772302,0.8062967011527005,191,184,175,175,48,173,0.9511,0.9634,55.5224,92.4960,1.2163,0,False,23.64,True,-0.6984317166008284,-0.7156738654921453,0.0020138265940742002,3.95
599,28,348000000,28.348000000,-19.65309701504455,32.91640035189978,28.500574141375633,-0.007422397228098612,0.06598964351585432,0.5877719835772302,0.8062967011527005,2000,0,0,0,0,0,0.0000,0.0000,0.0000,0.0000,0.0000,1,False,25.45,True,0.0,0.0,0.0,0.00
600,28,384000000,28.384000000,-19.638157899259575,31.91808631692785,28.444485725480536,-0.005092517473951369,0.06582134049188453,0.6186377715596239,0.7828977742983891,2000,1955,1454,1454,289,1430,0.7437,0.9775,55.0167,220.4138,2.7643,0,False,25.45,True,-0.9343164432797327,-0.3262712803325754,-0.14352642769626736,4.45
601,28,416000000,28.416000000,-19.22192261217803,31.105022970745953,28.03745233510128,-0.003227519389079648,0.06574532776659808,0.6451263929165255,0.7612352278750427,289,262,233,233,154,230,0.8893,0.9066,55.6872,168.3176,1.7846,0,False,25.45,True,-0.6484908510822242,-0.6240543037502537,-0.4359080660339274,3.93
602,28,448000000,28.448000000,-20.05476876402182,31.57033814327887,28.337200692177102,-0.0011777105539384765,0.06560094281336035,0.6709744844299376,0.7385718452146879,154,128,121,121,12,115,0.9453,0.8312,54.9516,217.6209,1.1361,0,False,23.64,True,0.2931718302648772,0.9203055902238683,0.2590133173059634,3.95
603,28,480000000,28.480000000,-20.05476876402182,31.57033814327887,28.337200692177102,-0.0011777105539384765,0.06560094281336035,0.6709744844299376,0.7385718452146879,2000,0,0,0,0,0,0.0000,0.0000,0.0000,0.0000,0.0000,1,False,25.45,True,0.0,0.0,0.0,0.00
604,28,516000000,28.516000000,-20.242067434213716,32.50630859618592,28.635325698557505,0.0006960387516622545,0.06530229376981196,0.6995481500906494,0.7115950475257731,2000,1890,1210,1210,911,1185,0.6402,0.9450,55.5272,294.5977,3.6716,0,False,25.45,True,0.8811193485207021,0.304599121462691,0.3617292756559942,4.51
605,28,548000000,28.548000000,-19.46040973085432,33.09976542491262,28.827211673075052,0.0028591341566638158,0.06517633314915698,0.7235414515367831,0.6871911225104332,911,908,878,878,49,875,0.9670,0.9967,48.0691,99.2050,1.1672,0,False,23.64,True,0.5832022639645045,-0.7477987959869129,0.3172886383518954,3.93
606,28,580000000,28.580000000,-19.46040973085432,33.09976542491262,28.827211673075052,0.0028591341566638158,0.06517633314915698,0.7235414515367831,0.6871911225104332,2000,0,0,0,0,0,0.0000,0.0000,0.0000,0.0000,0.0000,1,False,25.45,True,0.0,0.0,0.0,0.00
607,28,612000000,28.612000000,-18.611048862428824,33.535540333494154,29.12501419864902,0.005470167969421235,0.06478121719252511,0.7462541563489075,0.6624788338455965,2000,1961,1018,1018,948,948,0.5191,0.9805,45.5510,195.7137,5.7018,0,False,25.45,True,0.3609057784408364,-0.8355485929288532,0.41425302405972536,3.86
608,28,648000000,28.648000000,-19.063168435434033,34.17599930583004,29.745820284685582,0.00780321751073986,0.0640165951989372,0.7715504353524855,0.6328909155952593,948,941,755,755,629,744,0.8023,0.9926,51.5401,129.2389,2.9027,0,False,25.45,True,0.6407358626302981,0.43832165073407797,0.6303425139058613,4.47
609,28,680000000,28.680000000,-18.12473938374395,34.29009211231002,30.071908840838006,0.010825998218697402,0.06281831203149979,0.7911096165663786,0.6083438435722673,629,629,615,615,613,613,0.9777,1.0000,46.3299,103.0539,1.5110,0,False,25.45,True,-0.09749568171041306,-0.9018704166459306,0.4208614304337207,3.62
610,28,712000000,28.712000000,-18.339042178840174,33.32219695411534,30.203260562399745,0.013057707982374895,0.06254114234027983,0.8115409169132508,0.5807920815168025,613,612,608,608,151,599,0.9935,0.9984,43.8255,81.7606,1.2344,0,False,23.64,True,-0.8851038860202021,0.4646222591667942,0.02678184531881815,3.94
611,28,744000000,28.744000000,-18.519652469092822,34.292948623594064,30.04507990852853,0.012832877191720347,0.06063397331460819,0.8314487166583238,0.5521339240712275,151,151,151,151,113,151,1.0000,1.0000,42.9940,47.5229,1.2484,0,False,23.64,True,0.9835278367262349,-0.1567454389112691,-0.09002145169417274,4.00
612,28,780000000,28.780000000,-18.610901672353034,35.27375373422889,29.87275777455563,0.01350151280530553,0.05861540662559148,0.8522178430729853,0.5197178957916624,113,113,113,113,48,113,1.0000,1.0000,45.9431,49.7765,1.1472,0,False,23.64,True,0.945489676544918,-0.3117718929967742,-0.09406146014279441,4.42
613,28,812000000,28.812000000,-18.610901672353034,35.27375373422889,29.87275777455563,0.01350151280530553,0.05861540662559148,0.8522178430729853,0.5197178957916624,2000,0,0,0,0,0,0.0000,0.0000,0.0000,0.0000,0.0000,1,False,25.45,True,0.0,0.0,0.0,0.00
614,28,844000000,28.844000000,-19.43167739488091,35.78491421895908,30.127791443233384,0.015021878378391614,0.057736280630057674,0.8695000746017929,0.49031671941355276,2000,1980,1471,1471,208,1437,0.7429,0.9900,47.1876,155.3062,5.0500,0,False,25.45,True,0.8210211517074859,0.5233114126188274,0.2281872780673822,3.91
615,28,876000000,28.876000000,-19.472430181313754,36.70120480280288,30.52622685375452,0.016864667966812796,0.05703767093731774,0.8856962401699732,0.46043941753197953,208,204,184,184,38,181,0.9020,0.9808,47.1967,145.7880,3.1609,0,False,23.64,True,0.7918637982366304,-0.38905876689969476,0.4707281603438933,3.90
616,28,912000000,28.912000000,-19.472430181313754,36.70120480280288,30.52622685375452,0.016864667966812796,0.05703767093731774,0.8856962401699732,0.46043941753197953,2000,0,0,0,0,0,0.0000,0.0000,0.0000,0.0000,0.0000,1,False,25.45,True,0.0,0.0,0.0,0.00
617,28,944000000,28.944000000,-19.846374533530827,37.615078508993314,30.684342224856476,0.0188907372207133,0.056512800012684695,0.9009124048671951,0.42989101204653185,2000,1990,1438,1438,190,1400,0.7226,0.9950,42.8002,250.9884,5.4148,0,False,23.64,True,0.9587252917295357,-0.19772928335549567,0.2043255869974169,3.92
618,28,976000000,28.976000000,-20.27517589123097,38.50671097177854,30.82967269978196,0.020813297798926073,0.05575204135734588,0.9150656382308006,0.3988902032495654,190,190,161,161,41,153,0.8474,1.0000,44.0228,197.0420,3.4058,0,False,23.64,True,0.960442079244262,-0.2079908430027442,0.18517781088447602,3.91
619,29,8000000,29.008000000,-20.27517589123097,38.50671097177854,30.82967269978196,0.020813297798926073,0.05575204135734588,0.9150656382308006,0.3988902032495654,2000,0,0,0,0,0,0.0000,0.0000,0.0000,0.0000,0.0000,1,False,25.45,True,0.0,0.0,0.0,0.00
620,29,44000000,29.044000000,-20.96812729804771,39.19018757398018,31.059189762401708,0.022787158768569005,0.05486092987834596,0.9297392402881315,0.36339505890502594,2000,1962,1243,1243,487,1198,0.6335,0.9810,44.1201,144.7744,6.6841,0,False,25.45,True,0.9709082198070732,0.06976349581014168,0.22906392855141586,4.41
621,29,76000000,29.076000000,-20.23366668199415,38.54750746707557,30.841176268197096,0.02466459316296059,0.05392069748750139,0.9415846724601035,0.3315154910630374,487,482,462,462,26,460,0.9585,0.9897,39.6798,69.9555,2.1958,0,False,23.64,True,-0.9761451199171296,-0.051236013095356206,-0.2109871461110013,3.90
622,29,108000000,29.108000000,-20.23366668199415,38.54750746707557,30.841176268197096,0.02466459316296059,0.05392069748750139,0.9415846724601035,0.3315154910630374,2000,0,0,0,0,0,0.0000,0.0000,0.0000,0.0000,0.0000,1,False,25.45,True,0.0,0.0,0.0,0.00
623,29,140000000,29.140000000,-21.11529641777171,38.94401718140354,31.097123636685904,0.025676873282304193,0.052394377694501004,0.9522946743108851,0.2995502973518401,2000,1968,1588,1588,613,1568,0.8069,0.9840,42.6819,202.6109,4.6942,0,False,25.45,True,0.9381037555616052,0.27118200363028466,0.21545687435836472,3.87
624,29,176000000,29.176000000,-20.445027608577885,38.39333461048048,30.599641547055068,0.02775954666211298,0.05126841322708216,0.9630826282540816,0.26281706285837175,613,605,504,504,87,487,0.8331,0.9869,43.3923,132.8323,4.3580,0,False,23.64,True,-0.8734684195643139,0.01093830622985307,-0.4867579208196227,4.40
625,29,208000000,29.208000000,-20.445027608577885,38.39333461048048,30.599641547055068,0.02775954666211298,0.05126841322708216,0.9630826282540816,0.26281706285837175,2000,0,0,0,0,0,0.0000,0.0000,0.0000,0.0000,0.0000,1,False,25.45,True,0.0,0.0,0.0,0.00
626,29,240000000,29.240000000,-19.671258496835602,39.02247749665896,30.525745738753347,0.029529228160243403,0.05028373404519649,0.9714267669330058,0.23006435460718322,2000,1985,1692,1692,105,1665,0.8524,0.9925,39.6414,102.6602,4.1916,0,False,25.45,True,-0.34736236210553845,-0.936799770102803,0.04178014035156161,3.88
627,29,272000000,29.272000000,-18.89256892027873,39.29914130833612,29.962629695055483,0.03110504228035558,0.049722992162241304,0.9787290684374697,0.19659478881876286,105,101,89,89,13,87,0.8812,0.9619,51.5130,184.8072,3.5521,0,False,25.45,True,-0.5896926489827334,-0.6543888052102144,-0.47332638987412795,3.93
628,29,308000000,29.308000000,-18.89256892027873,39.29914130833612,29.962629695055483,0.03110504228035558,0.049722992162241304,0.9787290684374697,0.19659478881876286,2000,0,0,0,0,0,0.0000,0.0000,0.0000,0.0000,0.0000,1,False,27.27,True,0.0,0.0,0.0,0.00
629,29,340000000,29.340000000,-18.14189457985848,39.843339078941995,29.58801413064017,0.032729644345890825,0.04876006255913531,0.9847910100647131,0.1635172565081212,2000,1984,1652,1652,1373,1629,0.8327,0.9920,41.3511,257.3440,4.1447,0,False,25.45,True,-0.4955757221988147,-0.827041109360984,-0.2653445062443839,3.86
630,29,372000000,29.372000000,-18.952837517589654,40.18485958874861,30.063130214482175,0.03448169571894996,0.04756645270817113,0.9897920370793447,0.1298467118237047,1373,1355,1293,1293,136,1288,0.9542,0.9869,43.5352,89.1084,2.3735,0,False,25.45,True,0.8999715384787288,-0.0123348235129976,0.4357741181588615,3.91
631,29,404000000,29.404000000,-19.854580257227585,40.30285639751048,30.478986902094974,0.03614731227963095,0.04668299869247929,0.9936400937951099,0.09588239385247901,136,134,132,132,33,131,0.9851,0.9853,38.2818,122.1802,1.7599,0,False,25.45,True,0.9231577955407376,0.1582258715074748,0.35034876640009166,3.92
632,29,440000000,29.440000000,-19.854580257227585,40.30285639751048,30.478986902094974,0.03614731227963095,0.04668299869247929,0.9936400937951099,0.09588239385247901,2000,0,0,0,0,0,0.0000,0.0000,0.0000,0.0000,0.0000,1,False,27.27,True,0.0,0.0,0.0,0.00
633,29,472000000,29.472000000,-20.372481506532242,39.537003338281494,30.86010025483699,0.03770761933843401,0.0453397998246275,0.9963376487485751,0.06191710330636584,2000,1943,1363,1363,65,1315,0.7015,0.9715,41.1027,113.8401,5.5295,0,False,27.27,True,0.3824763784245438,0.883367595545761,0.27087545309042993,3.91
634,29,504000000,29.504000000,-20.372481506532242,39.537003338281494,30.86010025483699,0.03770761933843401,0.0453397998246275,0.9963376487485751,0.06191710330636584,2000,0,0,0,0,0,0.0000,0.0000,0.0000,0.0000,0.0000,1,False,27.27,True,0.0,0.0,0.0,0.00
635,29,536000000,29.536000000,-20.149118901186217,38.61437560181676,31.17453181565586,0.039399519082833206,0.04389814699551953,0.9978795645570412,0.027513727952624425,2000,1962,1390,1390,686,1342,0.7085,0.9810,42.2852,116.7413,5.4820,0,False,27.27,True,-0.3161433183362466,0.9148416994425983,0.25123309342585687,3.95
636,29,572000000,29.572000000,-20.629004374151958,37.798402038803374,31.496862511215053,0.040927154932785446,0.0425208238509626,0.99819391830268,-0.011218243698800598,686,640,459,459,250,444,0.7172,0.9329,49.7019,175.5001,5.1445,0,False,26.79,True,0.45460761592261656,0.8652224908824676,0.21147566483236951,4.45
637,29,604000000,29.604000000,-20.154320412897615,37.06119880860988,31.977701917171096,0.043608122110915824,0.0403782851268588,0.9971553120300407,-0.046359567151189426,250,235,200,200,198,193,0.8511,0.9400,49.3876,107.7184,4.3480,0,False,26.79,True,-0.41928330788119755,0.7870110554777618,0.45256502989954944,4.05
638,29,636000000,29.636000000,-21.015262038462964,37.52948382711668,32.17641945240889,0.04446559873479845,0.039024847005297354,0.995001982759896,-0.08044206703736957,198,178,155,155,14,152,0.8708,0.8990,53.0732,83.3877,4.0501,0,False,26.32,True,0.8303462125136358,-0.5321771356320263,0.16526543399861846,3.92
639,29,668000000,29.668000000,-21.015262038462964,37.52948382711668,32.17641945240889,0.04446559873479845,0.039024847005297354,0.995001982759896,-0.08044206703736957,2000,0,0,0,0,0,0.0000,0.0000,0.0000,0.0000,0.0000,1,False,27.59,True,0.0,0.0,0.0,0.00
640,29,704000000,29.704000000,-20.636432197850013,38.29541006433341,31.656953427529327,0.04591572669393152,0.0371496222075707,0.991204815317271,-0.11842578141544068,2000,1959,1149,1149,159,1085,0.5865,0.9795,46.0823,190.3346,6.5832,0,False,27.12,True,-0.5416076736244111,-0.7283483464329673,-0.4197258797352334,4.38
641,29,736000000,29.736000000,-21.043930741238206,39.20490174180206,31.57467447668675,0.04763620111782905,0.03509149600801893,0.9866718166250892,-0.15158530776011056,159,135,115,115,87,113,0.8519,0.8491,60.5786,97.7271,4.2755,0,False,26.67,True,0.17571977144596196,-0.9836933385615197,-0.038340286809964375,3.85
642,29,768000000,29.768000000,-21.043930741238206,39.20490174180206,31.57467447668675,0.04763620111782905,0.03509149600801893,0.9866718166250892,-0.15158530776011056,2000,0,0,0,0,0,0.0000,0.0000,0.0000,0.0000,0.0000,1,False,27.87,True,0.0,0.0,0.0,0.00
643,29,800000000,29.800000000,-20.74331484055492,38.3093903217539,31.90283507276694,0.04892029176991002,0.03334805214519976,0.9808288297648892,-0.1856596864515988,2000,1947,1298,1298,758,1247,0.6667,0.9735,42.6987,213.4560,5.7770,0,False,26.23,True,0.013783063530744755,0.9610649244670563,0.27597869142170944,3.97
644,29,836000000,29.836000000,-21.388589412383617,39.07243157633864,31.940101287399514,0.04997428789204898,0.031601640574425424,0.9731462619826325,-0.22246406373146413,758,722,438,438,405,404,0.6066,0.9525,52.6472,262.4935,6.6457,0,False,26.23,True,0.3263285856323202,-0.9440947384999198,0.046848467808217976,4.31
645,29,868000000,29.868000000,-22.169326328078014,38.449191502265904,31.895138207636144,0.05123147264572143,0.02959565272680245,0.9650157606779796,-0.25542908055529945,405,371,327,327,23,324,0.8814,0.9160,58.5062,93.1964,3.9557,0,False,26.23,True,0.9624360318934618,0.21803131492920783,-0.16179996978803152,3.90
646,29,900000000,29.900000000,-22.169326328078014,38.449191502265904,31.895138207636144,0.05123147264572143,0.02959565272680245,0.9650157606779796,-0.25542908055529945,2000,0,0,0,0,0,0.0000,0.0000,0.0000,0.0000,0.0000,1,False,27.87,True,0.0,0.0,0.0,0.00
647,29,932000000,29.932000000,-21.24049142026622,38.0811550858926,31.937739971136683,0.0521948792410575,0.027610831588579198,0.9557593284765212,-0.28816218105453695,2000,1823,1034,1034,62,978,0.5672,0.9115,42.8396,249.3922,6.1666,0,False,26.23,True,-0.617580004291521,0.7814052257793352,0.08944725498320685,3.91
648,29,968000000,29.968000000,-21.24049142026622,38.0811550858926,31.937739971136683,0.0521948792410575,0.027610831588579198,0.9557593284765212,-0.28816218105453695,2000,0,0,0,0,0,0.0000,0.0000,0.0000,0.0000,0.0000,1,False,27.87,True,0.0,0.0,0.0,0.00
649,30,0,30.000000000,-20.382560968438874,37.567496245415136,31.927254961519285,0.0534203253096519,0.025397802912241443,0.9450286589977588,-0.3215929945193766,2000,1970,1182,1182,1182,1139,0.6000,0.9850,41.0840,168.7136,5.5991,0,False,27.87,True,-0.43053132887114426,0.902376231023196,0.01897136117463303,4.03
650,30,32000000,30.032000000,-21.246734048661242,38.024018298632825,32.138897354117965,0.05397985346950142,0.0240104970317251,0.933694016968611,-0.3531644859392287,1182,1173,1063,1063,1049,1058,0.9062,0.9924,45.3422,122.0622,2.4853,0,False,27.87,True,0.4290693694264495,-0.8862311036781998,0.17462504715334798,3.85
651,30,64000000,30.064000000,-21.15944404483541,37.12406433023016,32.56605459681481,0.054324642543897766,0.022979606605426143,0.920892643212487,-0.3853277962590511,1049,1043,880,880,340,871,0.8437,0.9943,48.8016,166.7966,3.4238,0,False,27.87,True,0.5764779548977674,0.7350820830116758,0.3568297896085797,3.97
652,30,100000000,30.100000000,-20.54699046635256,36.33365647263764,32.55356328545216,0.055120909323832276,0.020899240304341964,0.9051264895219925,-0.4210355627207869,340,326,217,217,213,208,0.6656,0.9588,58.1930,241.9986,5.1502,0,False,26.23,True,0.13053343859052077,0.9910337429136254,-0.028515641608508266,4.48
653,30,132000000,30.132000000,-21.051454723585874,37.17556373212024,32.74515655152523,0.05580223900285412,0.019111327365903014,0.8904003878164097,-0.45134024489842334,213,200,188,188,178,186,0.9400,0.9390,54.7136,118.0823,2.7106,0,False,26.23,True,-0.29471129146157093,-0.9299801072229198,0.21973223444615375,3.87
654,30,164000000,30.164000000,-20.811516212588923,36.20480376582783,32.75254565055863,0.05563342111652016,0.017555012961467012,0.8743631021917677,-0.4817529548434373,178,159,153,153,103,151,0.9623,0.8933,58.0337,112.1612,2.3221,0,False,26.23,True,0.6383472403224482,0.7677885807795524,-0.054895318536605606,3.94
655,30,196000000,30.196000000,-20.41519388039854,35.2894173964894,32.82323089538789,0.05585810193141569,0.015706022500036255,0.8573762492289455,-0.5114089953881854,103,95,90,90,20,89,0.9474,0.9223,62.8271,151.4755,2.4540,0,False,26.23,True,0.5675479246505546,0.8229640913592815,0.024888904315792628,3.92
656,30,232000000,30.232000000,-20.41519388039854,35.2894173964894,32.82323089538789,0.05585810193141569,0.015706022500036255,0.8573762492289455,-0.5114089953881854,2000,0,0,0,0,0,0.0000,0.0000,0.0000,0.0000,0.0000,1,False,27.87,True,0.0,0.0,0.0,0.00
657,30,264000000,30.264000000,-20.452106532105603,36.28721805752052,32.76817367978628,0.05655317671385241,0.013544817654361954,0.8394276995285773,-0.5403511944859956,2000,1899,1033,1033,312,989,0.5440,0.9495,50.8652,186.4519,5.5525,0,False,26.23,True,-0.8620443035388922,-0.5061526680179516,0.0262506265535772,3.91
658,30,296000000,30.296000000,-20.596530910656977,37.276689660675004,32.77753025132401,0.05724226020904842,0.011195659292473488,0.8203697286450743,-0.5688510254732551,312,306,264,264,123,260,0.8627,0.9808,41.3984,82.0961,2.2015,0,False,26.23,True,-0.8359165924349563,-0.5428958880655376,0.08066910941285148,3.94
659,30,328000000,30.328000000,-19.773657649847404,37.65870438216758,33.198177786925456,0.057162440331413475,0.00961742733585716,0.8002308232820146,-0.5968840674504442,123,122,108,108,26,106,0.8852,0.9919,44.4793,120.8301,1.9486,0,False,26.23,True,-0.5961247029976005,0.6147190976634908,0.5164840456817681,3.96
660,30,364000000,30.364000000,-19.773657649847404,37.65870438216758,33.198177786925456,0.057162440331413475,0.00961742733585716,0.8002308232820146,-0.5968840674504442,2000,0,0,0,0,0,0.0000,0.0000,0.0000,0.0000,0.0000,1,False,26.23,True,0.0,0.0,0.0,0.00
661,30,396000000,30.396000000,-20.653128308006057,37.18316209557087,33.217948854078166,0.05823786864754647,0.0070424923781553855,0.7801870132595661,-0.6227896742059975,2000,1957,653,653,576,589,0.3337,0.9785,47.8965,229.7072,7.5128,0,False,26.23,True,0.7028579055039125,-0.7055505385261199,-0.0904942111748348,3.77
662,30,460000000,30.460000000,-20.723333140186423,38.168219066877185,33.06067824392053,0.05860199552682869,0.002806189845178432,0.7352787058140158,-0.6752208203212432,576,547,98,98,47,35,0.1792,0.9497,54.5159,212.7525,7.7822,0,False,26.67,True,-0.9568582662558541,-0.27941853922789756,-0.0796714392589258,7.93
663,30,692000000,30.692000000,-20.723333140186423,38.168219066877185,33.06067824392053,0.05860199552682869,0.002806189845178432,0.7352787058140158,-0.6752208203212432,2000,0,0,0,0,0,0.0000,0.0000,0.0000,0.0000,0.0000,1,False,27.78,True,0.0,0.0,0.0,0.00
664,30,724000000,30.724000000,-21.710732304199283,38.162887254756654,33.21883785534588,0.05889591949189936,0.0007201911203515089,0.7125814549950586,-0.699112596073822,2000,1951,1731,1731,1718,1721,0.8872,0.9755,49.5877,301.7515,1.6462,0,False,27.78,True,0.09978268810260904,-0.9921576415016352,0.07527701883662825,3.78
665,30,760000000,30.760000000,-21.41027629151235,37.370170429406734,33.749239796563494,-0.05896448486849244,0.001246191607387427,-0.6847480289315571,0.7263895465967407,1718,1684,1511,1511,365,1499,0.8973,0.9802,52.1490,200.0149,1.5882,0,False,27.78,True,0.8301389156666915,0.2740725200940627,0.4855446780936017,4.47
666,30,792000000,30.792000000,-21.577684494602206,36.52095779853061,34.2500515387368,-0.059071180524287066,0.0032087822218238755,-0.6594246818786297,0.7494393826570552,365,364,359,359,166,358,0.9863,0.9973,47.3474,83.9412,0.8217,0,False,27.78,True,0.8740266761700115,-0.2572165630227981,0.4122099089662215,3.93
667,30,824000000,30.824000000,-21.2095210272972,35.64357619371881,34.55771561021706,-0.05906311680521577,0.005218802920024771,-0.6328693874217658,0.7719848773089627,166,165,163,163,59,160,0.9879,0.9940,47.8104,88.2825,0.7044,0,False,25.93,True,0.9379944792074554,0.22699389899565606,0.2619926082832955,4.00
668,30,856000000,30.856000000,-21.2095210272972,35.64357619371881,34.55771561021706,-0.05906311680521577,0.005218802920024771,-0.6328693874217658,0.7719848773089627,2000,0,0,0,0,0,0.0000,0.0000,0.0000,0.0000,0.0000,1,False,27.78,True,0.0,0.0,0.0,0.00
669,30,892000000,30.892000000,-21.92685338803159,34.96039239573247,34.42098893976765,-0.05911800492697854,0.007731282434795883,-0.602502678348386,0.7958868081256206,2000,1979,1779,1779,129,1764,0.8989,0.9895,47.5796,595.1629,1.4832,0,False,27.78,True,0.5161854691237175,-0.8182688437970506,-0.25295980063355095,4.44
670,30,924000000,30.924000000,-22.21890668225698,35.87740927596761,34.6926227276069,-0.05909164704963055,0.00998245980134712,-0.5738299224211934,0.8167788855494267,129,125,125,125,91,125,1.0000,0.9690,48.5951,84.9761,0.5881,0,False,25.93,True,-0.944275828660992,-0.06308272815230553,0.32305375530313735,4.07
671,30,956000000,30.956000000,-22.21890668225698,35.87740927596761,34.6926227276069,-0.05909164704963055,0.00998245980134712,-0.5738299224211934,0.8167788855494267,2000,0,0,0,0,0,0.0000,0.0000,0.0000,0.0000,0.0000,1,False,27.78,True,0.0,0.0,0.0,0.00
672,30,988000000,30.988000000,-22.066626135292317,34.89507094349357,34.80135191213554,-0.05841749513348626,0.01188345657472175,-0.5453173822048265,0.8361071297312569,2000,1958,1758,1758,592,1725,0.8979,0.9790,46.4028,367.1054,1.5469,0,False,27.78,True,0.9795522257134182,-0.19772326076410857,0.03718802566280005,3.95
673,31,24000000,31.024000000,-22.361365828559997,35.64173227367441,34.20500857879051,-0.05763397480023946,0.013908642350345174,-0.5122908943103555,0.8567630443847306,592,585,533,533,128,528,0.9111,0.9882,45.5890,219.5798,1.2431,0,False,25.93,True,-0.8274141185952254,0.0951177110817665,-0.553478542843218,4.47
674,31,56000000,31.056000000,-21.526373547976004,36.17795895252803,34.328494773366046,-0.06054437697774426,0.016197243777453883,-0.47626402050352273,0.877065910000047,128,128,128,128,128,128,1.0000,1.0000,38.3521,43.2255,0.5093,0,False,25.93,True,-0.07082811342500399,0.9688900951468199,0.23713996262764536,4.76
675,31,88000000,31.088000000,-20.776859149631253,36.83672765998286,34.39370180329521,-0.06237216497142139,0.018386442955001893,-0.4406499347214784,0.8953207731211184,128,128,128,128,128,128,1.0000,1.0000,38.0142,42.8946,0.5127,0,False,25.93,True,-0.1406389717746583,0.9718509921479859,0.18901409650907633,4.60
676,31,120000000,31.120000000,-20.058798769892615,37.041331968958694,33.72847524955723,-0.06269076131369969,0.031646908398823594,-0.4015040672331567,0.9131608979965896,128,128,128,128,128,128,1.0000,1.0000,38.0990,45.5626,0.5333,0,False,24.07,True,0.2621434551474892,0.7735670767507747,-0.5769530194830401,5.16
677,31,156000000,31.156000000,-20.67697513827095,37.58499437689655,33.160770076272904,-0.06148890891695858,0.034226739642159755,-0.36565828084887153,0.9280849454766075,128,128,106,106,92,103,0.8281,1.0000,49.0280,254.1299,2.6158,0,False,24.07,True,-0.8142099096343897,-0.007308970075758318,-0.5805245920799486,4.46
678,31,188000000,31.188000000,-20.67697513827095,37.58499437689655,33.160770076272904,-0.06148890891695858,0.034226739642159755,-0.36565828084887153,0.9280849454766075,2000,0,0,0,0,0,0.0000,0.0000,0.0000,0.0000,0.0000,1,False,25.93,True,0.0,0.0,0.0,0.00
679,31,220000000,31.220000000,-21.603251738022035,37.711278068861354,32.80571502434812,-0.05998181933401519,0.036214503274935764,-0.33333661481696725,0.9402007191681444,2000,1984,1839,1839,381,1836,0.9269,0.9920,46.1862,368.8412,1.4255,0,False,24.07,True,-0.7560614440729885,-0.4838172069630454,-0.44078566563891897,3.97
680,31,252000000,31.252000000,-22.36281981511996,37.72819545864169,32.15550725895556,-0.05804558791342638,0.03842798685228164,-0.3003647757740172,0.9512807162055215,381,358,356,356,183,357,0.9944,0.9396,46.4410,82.6956,1.1150,0,False,24.07,True,-0.581179908954813,-0.37073128148598417,-0.7244226876313549,4.00
681,31,288000000,31.288000000,-21.978158337913055,38.586634478165756,32.49479769164052,-0.0583231103341375,0.039897556330770426,-0.2608935729353521,0.9627778266042541,183,177,113,113,113,104,0.6384,0.9672,45.0751,113.0824,4.3164,0,False,24.07,True,-0.19325252944605462,0.8705607940258012,0.45252332952884106,4.71
682,31,320000000,31.320000000,-22.785334285459772,38.91336850143025,32.00315567986421,-0.05748686277088445,0.041870028110850256,-0.22745506379426286,0.9711881153047055,113,108,91,91,66,88,0.8426,0.9558,54.1282,236.1174,2.1915,0,False,22.22,True,-0.837576346885311,-0.05625933254759213,-0.5434158174359269,3.96
683,31,352000000,31.352000000,-22.785334285459772,38.91336850143025,32.00315567986421,-0.05748686277088445,0.041870028110850256,-0.22745506379426286,0.9711881153047055,2000,0,0,0,0,0,0.0000,0.0000,0.0000,0.0000,0.0000,1,False,24.07,True,0.0,0.0,0.0,0.00
684,31,384000000,31.384000000,-21.976478125606665,38.37450108708843,31.767839674398683,-0.05584618625642533,0.04383217434107211,-0.19352547961862349,0.9785232918594877,2000,1891,1591,1591,523,1572,0.8414,0.9455,50.7528,187.1972,2.0107,0,False,24.07,True,0.9759777821319492,-0.09532903369285424,-0.19590748867766183,3.99
685,31,420000000,31.420000000,-21.135936038624457,37.850819818362325,31.629106373432357,-0.053968864210882164,0.046092521729828174,-0.1552950126860751,0.9853153303238534,523,519,427,427,312,422,0.8227,0.9924,54.2050,239.0436,2.0429,0,False,24.07,True,0.9841561286471281,-0.14944202058562606,-0.09541381938473464,4.46
686,31,452000000,31.452000000,-20.21206049797422,37.518484322706136,31.439350994812425,-0.05263686489376323,0.0481691794520216,-0.12120082826964132,0.9900603263598777,312,312,305,305,112,304,0.9776,1.0000,44.7436,62.2737,0.9196,0,False,22.22,True,0.9928013563877818,-0.013336053919820012,-0.11902779683934465,3.95
687,31,484000000,31.484000000,-19.5243844042097,37.35328556884601,32.146324093160466,-0.051432012881078515,0.049817193322225395,-0.0870624339478273,0.9936262516135415,112,112,111,111,43,110,0.9911,1.0000,42.3769,56.8729,0.9494,0,False,22.22,True,0.6463544186003416,-0.07982089914454069,0.7588508348915296,3.94
688,31,516000000,31.516000000,-19.5243844042097,37.35328556884601,32.146324093160466,-0.051432012881078515,0.049817193322225395,-0.0870624339478273,0.9936262516135415,2000,0,0,0,0,0,0.0000,0.0000,0.0000,0.0000,0.0000,1,False,22.22,True,0.0,0.0,0.0,0.00
689,31,552000000,31.552000000,-18.607720696898912,37.739754103327556,32.24815591311337,-0.04923053586506036,0.05171170967409048,-0.048386719077021065,0.9962735461899924,2000,1871,896,896,248,856,0.4789,0.9355,47.7554,170.8282,5.4812,0,False,22.22,True,0.8202028572429992,0.5211730215013821,0.23589394784423784,4.46
690,31,584000000,31.584000000,-17.756257621617788,37.37482521883225,31.871542662292562,-0.047182566082045664,0.05348126103027073,-0.014177430788552225,0.9973527764200395,248,245,208,208,171,192,0.8490,0.9879,55.9179,119.1238,3.1238,0,False,22.22,True,0.9169753696206218,-0.2448662643679192,-0.31495505089397163,3.93
691,31,616000000,31.616000000,-16.953134172436506,36.82853113503134,31.633728660645712,-0.04548020929226615,0.055245074487861826,0.01988396138390961,0.9972382666079583,171,169,168,168,73,166,0.9941,0.9883,53.4119,151.3471,1.9111,0,False,22.22,True,0.8414641269140118,-0.5022405897782641,-0.199229799718871,3.91
692,31,648000000,31.648000000,-16.953134172436506,36.82853113503134,31.633728660645712,-0.04548020929226615,0.055245074487861826,0.01988396138390961,0.9972382666079583,2000,0,0,0,0,0,0.0000,0.0000,0.0000,0.0000,0.0000,1,False,24.07,True,0.0,0.0,0.0,0.00
693,31,684000000,31.684000000,-16.207246818676683,36.38968490724233,32.134793570469306,-0.04333872452344602,0.05637743046059271,0.05813983112581617,0.9957726147710648,2000,1905,1368,1368,1322,1345,0.7181,0.9525,58.8745,198.3776,4.8785,0,False,22.22,True,0.6694299797875869,-0.5143627629321962,0.5359985543547184,4.40
694,31,716000000,31.716000000,-16.729261704372625,37.05870953833584,31.605731662842196,-0.04155602173526208,0.0578348823376494,0.092115914309601,0.9931983093891346,1322,1322,1281,1281,63,1276,0.9690,1.0000,49.1125,106.7642,2.0708,0,False,22.22,True,-0.3789033711894603,0.7671781248319752,-0.5175615519728608,3.91
695,31,748000000,31.748000000,-16.729261704372625,37.05870953833584,31.605731662842196,-0.04155602173526208,0.0578348823376494,0.092115914309601,0.9931983093891346,2000,0,0,0,0,0,0.0000,0.0000,0.0000,0.0000,0.0000,1,False,24.07,True,0.0,0.0,0.0,0.00
696,31,780000000,31.780000000,-15.996861240571082,37.73531978056778,31.68181149413876,-0.04004520909711419,0.05943456296924501,0.12592700837312737,0.9894474733482408,2000,1935,1554,1554,105,1515,0.8031,0.9675,48.4345,180.3763,4.4985,0,False,22.22,True,0.8263017870468795,0.5197871150919858,0.2169025396519921,3.91
697,31,816000000,31.816000000,-16.81517395868095,37.819397918642515,31.11322098940137,-0.03825512954508731,0.06117320805533976,0.16348035210227227,0.9839047505506942,105,104,65,65,41,58,0.6250,0.9905,52.3933,105.1217,6.8025,0,False,22.22,True,-0.6934175032731956,0.32550469022765366,-0.6428210192535454,4.36
698,31,848000000,31.848000000,-16.81517395868095,37.819397918642515,31.11322098940137,-0.03825512954508731,0.06117320805533976,0.16348035210227227,0.9839047505506942,2000,0,0,0,0,0,0.0000,0.0000,0.0000,0.0000,0.0000,1,False,24.07,True,0.0,0.0,0.0,0.00
699,31,880000000,31.880000000,-15.91538113948881,38.25517261150977,31.134976438987678,-0.03632661265441082,0.06264809776745772,0.19704637054943544,0.9777158692137865,2000,1952,1429,1429,496,1399,0.7321,0.9760,43.5601,264.9425,5.2514,0,False,24.07,True,0.9802204311764855,0.11633066244105206,0.16010959771422417,3.92
700,31,912000000,31.912000000,-14.986506768261277,38.47671252245292,31.431813886652147,-0.03427312810705946,0.06381339764033683,0.2302200912974055,0.970439030817685,496,494,464,464,141,457,0.9393,0.9960,41.7608,97.0147,2.3041,0,False,22.22,True,0.8931917993931477,-0.17213842580298047,0.41542360532220934,3.90
701,31,948000000,31.948000000,-15.392275582001268,38.96287427423506,30.6578640039723,-0.033997701024001466,0.06840901913470325,0.27029349223313326,0.9597425646924947,141,141,94,94,94,82,0.6667,1.0000,42.2086,118.4253,4.8647,0,False,22.22,True,-0.036276595980666654,0.6453121658516454,-0.7630571519800559,4.78
702,31,980000000,31.980000000,-15.392275582001268,38.96287427423506,30.6578640039723,-0.033997701024001466,0.06840901913470325,0.27029349223313326,0.9597425646924947,2000,0,0,0,0,0,0.0000,0.0000,0.0000,0.0000,0.0000,1,False,22.22,True,0.0,0.0,0.0,0.00
703,32,12000000,32.012000000,-15.051466113176044,39.902921483154294,30.67051908051157,-0.03217503540127355,0.06969810049805902,0.30279894396928875,0.9499577577002952,2000,1984,1532,1532,131,1500,0.7722,0.9920,40.6336,89.8003,4.9517,0,False,22.22,True,0.769273946428399,0.6217537299020022,0.14710504647844405,3.90
704,32,44000000,32.044000000,-15.864941822734972,39.32768304526353,30.756297921320844,-0.029569139037289065,0.07051690556449848,0.3351447204621652,0.9390585968897458,131,130,115,115,83,113,0.8846,0.9924,40.6753,72.1838,3.7241,0,False,22.22,True,-0.997782251528877,0.001448475577224122,-0.06654682901887253,3.92
705,32,80000000,32.080000000,-15.864941822734972,39.32768304526353,30.756297921320844,-0.029569139037289065,0.07051690556449848,0.3351447204621652,0.9390585968897458,2000,0,0,0,0,0,0.0000,0.0000,0.0000,0.0000,0.0000,1,False,24.07,True,0.0,0.0,0.0,0.00
706,32,112000000,32.112000000,-16.023059026202656,38.34130832853624,30.801727737176844,-0.02673513326144038,0.07156624097162179,0.3661895470820409,0.9273989009107863,2000,1957,1569,1569,1401,1543,0.8017,0.9785,41.3530,142.0848,4.8090,0,False,24.07,True,-0.7446930247423177,-0.6632574910118064,-0.0743088118385785,3.82
707,32,144000000,32.144000000,-15.556928918352408,39.13920253654703,31.18394175494483,-0.02370676748210754,0.07251810510934216,0.3961357425271452,0.9150167141092928,1401,1396,1370,1370,98,1366,0.9814,0.9964,39.5252,129.8201,2.1484,0,False,24.07,True,0.8170073199437561,0.2654637555632894,0.5118867390747247,3.73
708,32,176000000,32.176000000,-15.556928918352408,39.13920253654703,31.18394175494483,-0.02370676748210754,0.07251810510934216,0.3961357425271452,0.9150167141092928,2000,0,0,0,0,0,0.0000,0.0000,0.0000,0.0000,0.0000,1,False,25.93,True,0.0,0.0,0.0,0.00
709,32,212000000,32.212000000,-14.700874900250756,39.51581785347661,31.537964947894167,-0.019559331775393318,0.07371389439926963,0.4244045241011732,0.9022552267709232,2000,1995,1782,1782,267,1773,0.8932,0.9975,37.2321,100.9007,3.7401,0,False,25.93,True,0.796477474492641,-0.3605591787064399,0.4854077783434895,3.59
710,32,244000000,32.244000000,-15.604557634024825,39.71840305646541,31.160716021840543,-0.015959490115186496,0.07495146357557834,0.4464958592793812,0.8914981886854898,267,259,253,253,12,249,0.9768,0.9700,32.8792,65.3270,1.9486,0,False,24.07,True,-0.3573127499961061,0.8138465441718037,-0.4582372761243161,2.85
711,32,276000000,32.276000000,-15.604557634024825,39.71840305646541,31.160716021840543,-0.015959490115186496,0.07495146357557834,0.4464958592793812,0.8914981886854898,2000,0,0,0,0,0,0.0000,0.0000,0.0000,0.0000,0.0000,1,False,25.93,True,0.0,0.0,0.0,0.00
712,32,308000000,32.308000000,-15.623386804479159,39.79634159855582,30.16393568194774,-0.01329059865893098,0.0771358321952434,0.4631350050245447,0.8828246657744387,2000,1993,1981,1981,1981,1979,0.9940,0.9965,23.1215,141.8629,2.1123,0,False,25.93,True,0.19816407548288392,0.02350692220517533,-0.979886944395349,2.19
713,32,344000000,32.344000000,-14.868417923034913,39.490624277157195,29.58379870894251,-0.009843852924914383,0.07855972806981112,0.4783958593865452,0.874567818643585,1981,1980,1977,1977,181,1975,0.9985,0.9995,21.5574,45.7010,1.5544,0,False,25.93,True,0.2588971260335058,-0.8212081013538197,-0.5085169932287862,2.03
714,32,376000000,32.376000000,-15.261109824308175,40.34217160748401,29.93116050144084,-0.007524686425078558,0.07926299122315053,0.4895055301065756,0.868357698941884,181,180,180,180,89,178,1.0000,0.9945,18.1794,26.7956,1.8211,0,False,24.07,True,0.45213707421287624,0.810940019009153,0.3714139896283586,1.48
715,32,408000000,32.408000000,-15.261109824308175,40.34217160748401,29.93116050144084,-0.007524686425078558,0.07926299122315053,0.4895055301065756,0.868357698941884,2000,0,0,0,0,0,0.0000,0.0000,0.0000,0.0000,0.0000,1,False,25.93,True,0.0,0.0,0.0,0.00
716,32,440000000,32.440000000,-15.947878124748646,39.68138114766685,29.62833172188923,-0.006430573995046856,0.07964921837714745,0.4955021044627071,0.8649232996069838,2000,1999,1998,1998,625,1998,0.9995,0.9995,8.6355,20.1516,1.5596,0,False,25.45,True,-0.8660713093128538,0.22107676558551032,-0.4483810331664001,0.80
717,32,476000000,32.476000000,-15.585083856724586,39.51168743309713,28.712043359895908,-0.006461711356143799,0.08116229823383464,0.49848275600047914,0.8630677085848588,625,625,625,625,625,624,1.0000,1.0000,4.7319,8.6162,1.1226,0,False,25.45,True,0.16685137468221414,-0.4598229763921819,-0.8721946165555544,0.44
718,32,508000000,32.508000000,-16.376995926472922,39.674277859184215,29.300634582334467,-0.006278308116990896,0.08011804303811308,0.5000791933489527,0.8622427050467821,625,625,625,625,625,625,1.0000,1.0000,1.1209,2.1967,0.6473,0,False,25.00,True,-0.3344437943708453,0.805066072953464,0.4899142441143343,0.24
719,32,540000000,32.540000000,-17.203425924540866,40.17031250509781,29.567023561736374,-0.006570348620310068,0.07972495720023001,0.4993940398622237,0.8626739561784144,625,625,625,625,625,625,1.0000,1.0000,1.6400,3.6438,0.9718,0,False,24.56,True,-0.013681244827497446,0.979888936142621,0.19907409767534387,0.11
720,32,572000000,32.572000000,-17.559322182135617,39.264738588680295,29.33621252271467,-0.007611739708133565,0.07905632773255959,0.4957450748222088,0.8648288728144895,625,625,625,625,367,625,1.0000,1.0000,4.1827,7.9394,1.0660,0,False,24.14,True,-0.9199110405030815,-0.162544986294826,-0.3568512364991232,0.51
721,32,608000000,32.608000000,-16.785960757901034,38.76112879349965,28.951129049031408,-0.008903967299491083,0.07933664608639174,0.4875979522193875,0.8694105203789244,367,367,367,367,367,367,1.0000,1.0000,7.1317,7.8402,1.0868,0,False,23.73,True,0.007905865416761389,-0.9451927075985832,-0.32641728323492786,1.08
722,32,640000000,32.640000000,-16.107578264189467,38.112759593644526,28.6055649118515,-0.010823811072539283,0.07895717049653363,0.47857138401422966,0.874424405391199,367,367,367,367,367,367,1.0000,1.0000,8.5565,9.4085,1.1555,0,False,23.33,True,-0.15085967845274728,-0.9374722933888308,-0.3136671110356005,1.20
723,32,672000000,32.672000000,-15.576092657987179,37.444430609843145,29.1260064741914,-0.011920742718025252,0.07678496611959557,0.46816256139734413,0.8802191664448924,367,367,367,367,367,367,1.0000,1.0000,10.4922,11.6827,1.2371,0,False,22.95,True,-0.35406552086175735,-0.7782916991021965,0.5185553374959209,1.39
724,32,704000000,32.704000000,-15.527946146918948,37.02368451899146,30.031906380640766,-0.011690994967383376,0.070050105519769,0.45621099562387674,0.8870331621902378,367,367,367,367,367,367,1.0000,1.0000,12.2917,13.7665,1.3055,0,False,21.31,True,-0.4520895512496553,-0.2298412516343838,0.8618515166187417,1.76
725,32,740000000,32.740000000,-16.400359401071533,36.642186256656366,29.72636720178772,-0.015927333038995708,0.06725610635232218,0.4425360154419325,0.8940832238988538,367,367,367,367,292,367,1.0000,1.0000,15.7815,17.9263,1.3890,0,False,21.31,True,-0.7676138383613247,0.4717311254739905,-0.4338648872808634,1.86
726,32,772000000,32.772000000,-17.01162613706521,35.8808062065447,29.51037322789127,-0.01936006444462993,0.0652930205640508,0.42882734560237745,0.9008158063854903,292,292,292,292,104,292,1.0000,1.0000,15.4252,17.8556,1.5008,0,False,21.31,True,-0.9381669110276506,0.015537133526662686,-0.3458344177993436,1.81
727,32,804000000,32.804000000,-16.258279845176336,36.3717733698142,29.947889637970224,-0.02236154719696369,0.06341472841540179,0.41434506825339945,0.9076324684810723,104,104,104,104,22,104,1.0000,1.0000,17.4975,19.6743,1.4615,0,False,21.31,True,0.789196052223302,-0.26466320160688156,0.5541867743553162,1.88
728,32,836000000,32.836000000,-16.258279845176336,36.3717733698142,29.947889637970224,-0.02236154719696369,0.06341472841540179,0.41434506825339945,0.9076324684810723,2000,0,0,0,0,0,0.0000,0.0000,0.0000,0.0000,0.0000,1,False,22.95,True,0.0,0.0,0.0,0.00
729,32,872000000,32.872000000,-17.1810770295078,36.06339658512754,29.716915363956353,-0.026056545489302033,0.061063138361943235,0.39646420643467256,0.915646483413047,2000,1988,1954,1954,1488,1948,0.9829,0.9940,24.5073,118.7189,2.2184,0,False,21.31,True,-0.7987213983147092,0.4917502004876442,-0.34673602090719896,2.30
730,32,904000000,32.904000000,-17.282448489634163,36.64877396795658,28.91251673967604,-0.0297552043162442,0.06022050347579829,0.3807123419072612,0.9222506337740888,1488,1481,1470,1470,1470,1470,0.9926,0.9953,21.3085,195.4015,1.5936,0,False,21.31,True,0.4609694061087931,0.473916968411523,-0.7502732260205864,2.00
731,32,936000000,32.936000000,-18.133212780058386,36.25723756424131,29.263086799299888,-0.03316606510795954,0.05764321266272624,0.36375622354179554,0.9291171519209972,1470,1456,1453,1453,890,1453,0.9979,0.9905,21.4461,44.0315,1.5327,0,False,21.31,True,-0.9183970012179613,0.31996762784425337,0.23273947943049408,2.15
732,32,968000000,32.968000000,-18.46493595974046,36.31908024527257,28.321739246658215,-0.03616134904360952,0.0560388020997602,0.3469565732959802,0.9355068924071491,890,882,878,878,877,867,0.9955,0.9910,22.6933,33.6165,1.8161,0,False,19.67,True,-0.07662110882334049,0.2893745760042434,-0.9541444127830161,2.10
733,33,4000000,33.004000000,-17.47061406920047,36.4119193450312,28.373747703172366,-0.038501849983822604,0.05408156898718932,0.32852446100535077,0.9421594716208349,877,851,847,847,304,845,0.9953,0.9704,26.1189,47.0680,1.8445,0,False,19.67,True,0.8018192997917563,-0.5807562272577528,0.14074094991437025,2.27
734,33,36000000,33.036000000,-18.388397338468952,36.24781506328483,28.01216278180069,-0.041290310288289306,0.05207839558009642,0.3119938998263264,0.9477566973972065,304,299,281,281,172,276,0.9398,0.9836,27.7222,58.0653,2.7864,0,False,19.67,True,-0.769214225260702,0.45716061963238575,-0.4464455661263881,2.04
735,33,68000000,33.068000000,-19.266520525166275,36.06150866857336,27.57149329536653,-0.043371242354401596,0.050153298644847195,0.29605208966032576,0.952867641479881,172,167,164,164,127,164,0.9820,0.9709,27.5940,38.4321,2.5951,0,False,19.67,True,-0.7569303302653173,0.3938571066595155,-0.5214720075500053,1.95
736,33,100000000,33.100000000,-20.10362837072727,35.962278043788025,27.03353071487888,-0.04481145071012472,0.048243679603289576,0.28095348880971677,0.9574599826568406,127,116,111,111,73,109,0.9569,0.9134,28.7781,55.5260,2.9240,0,False,19.67,True,-0.6764778894903063,0.42296212115223425,-0.6028936134187719,1.83
737,33,136000000,33.136000000,-20.10362837072727,35.962278043788025,27.03353071487888,-0.04481145071012472,0.048243679603289576,0.28095348880971677,0.9574599826568406,2000,0,0,0,0,0,0.0000,0.0000,0.0000,0.0000,0.0000,1,False,21.31,True,0.0,0.0,0.0,0.00
738,33,168000000,33.168000000,-20.948854243201797,35.429617170612694,27.076723523166393,-0.04607547778258711,0.04632465879495242,0.2673760746878722,0.9613745945359399,2000,1895,1887,1887,340,1887,0.9958,0.9475,19.4843,65.3419,1.8223,0,False,21.31,True,-0.9972040090027011,0.009422857093122183,-0.07413079112719335,1.64
739,33,200000000,33.200000000,-20.25229611836441,36.097945212400525,27.337768360853428,-0.0481529669335862,0.045215235672920705,0.25459887048103835,0.9647882096026644,340,331,331,331,157,331,1.0000,0.9735,20.6990,35.4858,1.5606,0,False,19.67,True,0.9050239100325275,0.19220112872211226,0.37946073365683264,1.54
740,33,232000000,33.232000000,-21.049812252164088,36.1555704717394,26.73722914829913,-0.04898816553778624,0.04369346553882167,0.24314040615287708,0.967767422267491,157,151,148,148,33,148,0.9801,0.9618,19.0265,33.4796,2.6311,0,False,19.67,True,-0.5956861356320414,0.48712682542103203,-0.6386434715637457,1.37
741,33,268000000,33.268000000,-21.049812252164088,36.1555704717394,26.73722914829913,-0.04898816553778624,0.04369346553882167,0.24314040615287708,0.967767422267491,2000,0,0,0,0,0,0.0000,0.0000,0.0000,0.0000,0.0000,1,False,21.31,True,0.0,0.0,0.0,0.00
742,33,300000000,33.300000000,-21.89758663942229,35.94215868210822,26.251704693348202,-0.049074652590952166,0.04224607065864282,0.23422315140732425,0.9700239498753647,2000,1974,1964,1964,563,1962,0.9949,0.9870,13.5050,118.0386,1.6792,0,False,21.31,True,-0.7911935359087016,0.25116327099508173,-0.5576107962004837,1.07
743,33,332000000,33.332000000,-21.521620540719464,35.986288803237535,25.32612270074286,-0.049343772912978305,0.04213479575939935,0.2260542199768062,0.9719513057204583,563,556,548,548,548,545,0.9856,0.9876,10.8257,134.7814,1.4499,0,False,21.31,True,0.4503808662172341,-0.06351913473541167,-0.8905741939152957,0.96
744,33,364000000,33.364000000,-22.131417817771194,35.4818070956264,24.714857220295915,-0.04905634164861353,0.04092483414218957,0.21932256744189454,0.9735585471378618,548,540,537,537,133,528,0.9944,0.9854,8.5885,33.9990,1.4655,0,False,19.67,True,-0.7011926966516662,-0.13298128570418893,-0.700460405601077,0.81
745,33,400000000,33.400000000,-21.723904308426004,35.91617938530728,25.518133918363617,-0.04819832651802793,0.03931979017594321,0.2134298069725527,0.9749762012054655,133,128,128,128,38,125,1.0000,0.9624,7.6861,15.8432,1.6382,0,False,19.67,True,0.4694022418465247,0.15252163765030186,0.8697118404379274,0.73
746,33,432000000,33.432000000,-21.723904308426004,35.91617938530728,25.518133918363617,-0.04819832651802793,0.03931979017594321,0.2134298069725527,0.9749762012054655,2000,0,0,0,0,0,0.0000,0.0000,0.0000,0.0000,0.0000,1,False,21.31,True,0.0,0.0,0.0,0.00
747,33,464000000,33.464000000,-22.635327285798994,35.537627803876035,25.3568675036566,-0.04693016033681897,0.038236748967969574,0.210499358652177,0.9757179567303982,2000,1994,1962,1962,987,1954,0.9840,0.9970,5.1678,34.7777,1.6790,0,False,21.31,True,-0.9659975286635901,0.052913562486219166,-0.25307889979382575,0.40
748,33,496000000,33.496000000,-22.39563992613554,35.17824480120389,24.454984015057377,-0.04546401314465606,0.039100378383272294,0.20804045884075137,0.9762803651638176,987,983,983,983,983,982,1.0000,0.9959,3.7361,6.6178,1.2348,0,False,21.31,True,0.1565237301329388,-0.3571920977323806,-0.9208225275387285,0.35
749,33,532000000,33.532000000,-22.097414550968146,34.26661101202513,24.17216700702243,-0.044020753401397085,0.038292828668340904,0.20706049205055468,0.9765868037068353,983,983,983,983,14,983,1.0000,1.0000,2.6632,4.2672,1.1873,0,False,19.67,True,-0.06863460951913228,-0.9306506110661081,-0.3594144272263369,0.22
750,33,564000000,33.564000000,-22.097414550968146,34.26661101202513,24.17216700702243,-0.044020753401397085,0.038292828668340904,0.20706049205055468,0.9765868037068353,2000,0,0,0,0,0,0.0000,0.0000,0.0000,0.0000,0.0000,1,False,21.31,True,0.0,0.0,0.0,0.00
751,33,596000000,33.596000000,-21.74933103615407,34.29067541085164,25.109321621493162,-0.042526414938859926,0.03753578246736182,0.20816642648373476,0.9764472888753405,2000,2000,1996,1996,390,1996,0.9980,1.0000,1.3085,28.9501,1.2683,0,False,21.31,True,0.23968988778320222,-0.18575500947162113,0.952913340315201,0.23
752,33,628000000,33.628000000,-21.407224674848653,34.3418839382543,24.171056773875176,-0.040971429685057716,0.038737156477029897,0.21002592000385864,0.9760685875409418,390,390,390,390,390,389,1.0000,1.0000,1.7041,4.0941,1.0024,0,False,21.31,True,0.4175374922215309,-0.030322539000975465,-0.9081536137779168,0.31
753,33,664000000,33.664000000,-21.22235799564508,34.350728244198535,23.188332962637965,-0.04015587125895274,0.04022399053785041,0.21232064488710775,0.9755457346241476,390,390,390,390,390,389,1.0000,1.0000,3.1501,6.9299,0.9924,0,False,19.67,True,0.2628273019817392,-0.0057381191569708945,-0.9648258305629778,0.33
754,33,696000000,33.696000000,-22.055001700395113,34.26581209549611,22.64107277896873,-0.03854622055951131,0.040036750912193296,0.2156404316970042,0.9748899690090682,390,390,390,390,181,390,1.0000,1.0000,3.7997,7.9136,0.9817,0,False,19.67,True,-0.7374997137849053,0.30416105338035054,-0.6029761403021998,0.43
755,33,728000000,33.728000000,-22.051501115012815,35.13000314931719,22.13792114337806,-0.04693746353217144,0.04967558619421639,0.23222196355682698,0.9702588161388893,181,181,181,181,181,181,1.0000,1.0000,3.2332,4.7038,1.1783,0,False,19.67,True,0.41148874796637736,0.8088964587227715,-0.41995658033042277,2.46
756,33,760000000,33.760000000,-22.0749678813301,35.98440503562747,21.61883856078832,-0.052582819248931385,0.05676609110008182,0.24557048089127856,0.9662855669706951,181,181,181,181,181,181,1.0000,1.0000,3.7829,5.4562,1.2274,0,False,18.03,True,0.4215691027213593,0.8044742873441791,-0.41845025108462186,1.90
757,33,796000000,33.796000000,-22.025981256268732,35.02606546361714,21.90023787721276,-0.04004985365585458,0.051619189877922564,0.2385435842942179,0.9689315903873498,181,181,181,181,181,181,1.0000,1.0000,4.8020,6.7899,1.3448,0,False,18.03,True,-0.44446539935348295,-0.8817459621159196,0.15803343655638172,1.78
758,33,828000000,33.828000000,-22.77547030459864,34.90350866509604,21.249664286010518,-0.038166343049943104,0.05184571804394939,0.2437181145031379,0.9677069972061465,181,181,181,181,177,181,1.0000,1.0000,4.6628,6.4413,1.3131,0,False,18.03,True,-0.6388373453853732,0.2758155719835516,-0.7182009582229443,0.65
759,33,860000000,33.860000000,-23.35675628883383,35.60636476152932,21.65966417898404,-0.04978558871955911,0.03504765409263717,0.2677050800782549,0.9615752946071071,177,177,177,177,177,177,1.0000,1.0000,4.9557,6.7558,1.2252,0,False,16.39,True,-0.22912159679234465,0.8738771873799909,0.42876795036495247,3.68
760,33,892000000,33.892000000,-24.06836148604098,35.19252368125045,21.0919022538945,-0.048279918495519644,0.035253419513694956,0.2729698745605507,0.9601633681124554,177,177,177,177,81,177,1.0000,1.0000,5.1717,6.9012,1.2072,0,False,16.39,True,-0.7660754439013008,0.06007771520410344,-0.6399367799925862,0.65
761,33,928000000,33.928000000,-24.06836148604098,35.19252368125045,21.0919022538945,-0.048279918495519644,0.035253419513694956,0.2729698745605507,0.9601633681124554,2000,0,0,0,0,0,0.0000,0.0000,0.0000,0.0000,0.0000,1,False,18.03,True,0.0,0.0,0.0,0.00
762,33,960000000,33.960000000,-24.997407390384513,34.846606063815706,21.22310709210855,-0.04692447548216616,0.03520580596987502,0.2783349171954844,0.958690940134785,2000,2000,1999,1999,239,1999,0.9995,1.0000,7.4832,14.5706,1.4704,0,False,18.03,True,-0.9807755979672611,0.18776656022666047,0.05313139648653319,0.66
763,33,992000000,33.992000000,-25.962778145912583,34.6206979676724,21.35358634895831,-0.045770769183258744,0.035089772486896216,0.2836494951416481,0.9571920959039929,239,239,239,239,233,239,1.0000,1.0000,6.4319,13.4717,1.1947,0,False,16.39,True,-0.9454335142937929,0.31928994466446975,0.06487989893833211,0.65
764,34,24000000,34.024000000,-25.646246277756667,34.8335765983796,20.42919992271118,-0.04485768742810348,0.037185357024486054,0.2890570867482188,0.9555370415123616,233,233,233,233,233,233,1.0000,1.0000,6.2956,12.9692,1.0851,0,False,16.39,True,0.4658285389740712,0.06742965437235818,-0.882302110384253,0.70
765,34,60000000,34.060000000,-25.489192969558037,34.83580551714761,19.441612311253355,-0.04345766564522533,0.03817201599784491,0.29488810876528165,0.9537794985216256,233,233,233,233,233,233,1.0000,1.0000,6.8692,13.7892,1.1110,0,False,16.39,True,0.2273908275608739,-0.022002460475343787,-0.9735549821526321,0.72
766,34,92000000,34.092000000,-25.247153698008375,35.10346623590418,18.50899517080267,-0.04266014748928418,0.039796672032047536,0.30003164907167906,0.9521435533923942,233,233,233,233,233,233,1.0000,1.0000,5.8672,11.4788,1.0231,0,False,14.75,True,0.44072658879059967,0.13946080736212305,-0.8867416518597209,0.65
767,34,124000000,34.124000000,-25.99847606502019,35.727795652023005,18.295155321858452,-0.04298609942382341,0.039643037234176656,0.3056661895445696,0.9503414151895507,233,233,233,233,233,233,1.0000,1.0000,5.5923,10.7234,1.0303,0,False,14.75,True,-0.2374077346196206,0.9537355440593855,-0.18446159367339238,0.68
768,34,156000000,34.156000000,-25.700006934801618,36.094723774086056,17.414087826404312,-0.04250645621839403,0.043447720033767234,0.31111226329711594,0.9484274650334453,233,233,233,233,233,233,1.0000,1.0000,5.2971,9.9204,1.0482,0,False,14.75,True,0.5432240876803025,0.173219456773377,-0.821524564671708,0.79
769,34,192000000,34.192000000,-25.971622056351293,35.97338291173595,16.459361886215362,-0.04230865486990542,0.04379533731378445,0.3153678970745328,0.9470137462822057,233,233,233,233,233,233,1.0000,1.0000,5.5630,10.1842,1.0764,0,False,13.11,True,-0.1852353037103726,0.11504767924300782,-0.9759364291592584,0.52
770,34,224000000,34.224000000,-26.672127834085817,36.580330057741094,16.0839863178618,-0.04274434082321651,0.043795279677104185,0.3197975185050147,0.9455075049747769,233,233,233,233,233,233,1.0000,1.0000,4.5703,8.1405,1.0224,0,False,13.11,True,-0.15703428652512277,0.924774120091156,-0.34660216338790195,0.54
771,34,256000000,34.256000000,-27.403139012769667,37.254691728210304,15.979779820745614,-0.04390303717444011,0.04316879136136319,0.3247912220640978,0.9437794450237665,233,233,233,233,233,233,1.0000,1.0000,4.2119,7.3083,1.0533,0,False,13.11,True,-0.1619163066508676,0.98427697846662,-0.07058285415852142,0.62
772,34,288000000,34.288000000,-27.83330889861406,37.79445803462718,15.256173433426039,-0.04430957871095597,0.04364515403180626,0.3284488490408785,0.9424718114234079,233,233,233,233,233,233,1.0000,1.0000,3.8389,6.4937,1.0806,0,False,11.48,True,0.07065295795087545,0.7288317575272342,-0.6810377586834336,0.45
773,34,324000000,34.324000000,-28.750089016318626,37.48856482064278,14.999378656571267,-0.044410143847721545,0.04323731291443049,0.3313556454883153,0.9414678486801269,233,233,233,233,180,233,1.0000,1.0000,3.8608,6.3447,1.1210,0,False,11.48,True,-0.8750823924946225,0.34652340796423375,-0.33786437231341887,0.36
774,34,356000000,34.356000000,-29.42112486101228,36.963380533549284,14.476031391625357,-0.044678785006206055,0.04291776711169358,0.3332891080852533,0.9407870332164724,180,180,180,180,105,179,1.0000,1.0000,2.9108,4.0708,1.1021,0,False,11.48,True,-0.7888188380151966,0.042231930375875755,-0.6131731442660242,0.24
775,34,388000000,34.388000000,-30.17652812785291,36.556314323939205,13.96255013058443,-0.0449908309851625,0.042542642043580145,0.3350586099672428,0.9401604525941493,105,105,105,105,62,105,1.0000,1.0000,2.6473,3.4989,1.0685,0,False,11.48,True,-0.7817534520363618,0.19008749031929936,-0.5939093249422354,0.22
776,34,420000000,34.420000000,-30.17652812785291,36.556314323939205,13.96255013058443,-0.0449908309851625,0.042542642043580145,0.3350586099672428,0.9401604525941493,2000,0,0,0,0,0,0.0000,0.0000,0.0000,0.0000,0.0000,1,False,11.48,True,0.0,0.0,0.0,0.00
777,34,456000000,34.456000000,-30.811258875677744,37.1564593004246,13.47578233690343,-0.045403901445021946,0.04208820836925655,0.3370968607704276,0.9394321555644983,2000,2000,1990,1990,1989,1989,0.9950,1.0000,2.5120,61.5773,1.4295,0,False,11.48,True,-0.060499394530830496,0.8925892441706466,-0.4467933129001334,0.26
778,34,488000000,34.488000000,-31.01260984844125,36.17761263267728,13.439492024048008,-0.045578272898631936,0.04135540921527629,0.3374501066503337,0.9393294292685039,1989,1989,1964,1964,1956,1959,0.9874,1.0000,1.9108,76.2951,1.1410,0,False,11.48,True,-0.7671167294598775,-0.621986615597983,-0.1570495889830596,0.10
779,34,520000000,34.520000000,-31.933131169189082,35.8514842955797,13.224362282285888,-0.04624239478187535,0.040459920206345916,0.3380315562317023,0.9391268832129697,1956,1956,1947,1947,919,1945,0.9954,1.0000,1.5886,148.6147,0.9926,0,False,11.48,True,-0.8899176039050096,0.3489550921038088,-0.2937294706950405,0.15
780,34,552000000,34.552000000,-32.593827702761075,35.29405385368741,12.721618418098858,-0.04673415354286822,0.039778394128316394,0.3382429430919085,0.9390555413295467,919,919,919,919,779,913,1.0000,1.0000,1.3566,2.7790,0.9595,0,False,11.48,True,-0.8054530666534889,0.024211974061400368,-0.5921647893370059,0.10
781,34,588000000,34.588000000,-33.39991163696662,34.89704353878887,12.282743150078579,-0.04736763804700554,0.03885487734005881,0.3383642516450112,0.939018763700411,779,779,779,779,444,779,1.0000,1.0000,1.5305,2.4545,1.1624,0,False,11.48,True,-0.8231527766203005,0.2373455965038514,-0.5158358015517346,0.13
782,34,620000000,34.620000000,-34.21818622275128,34.553470919318386,11.821891159295058,-0.047880011815610454,0.03804953603415412,0.3383353294972189,0.9390361771998621,444,444,443,443,302,441,0.9977,1.0000,1.3073,5.5560,1.1968,0,False,11.48,True,-0.7970956054861504,0.2885128643349578,-0.5304704730971418,0.11
783,34,652000000,34.652000000,-34.96392330992763,34.241530373725574,11.233189797970844,-0.048290728954453924,0.037308260380687214,0.3381760209016219,0.9391022724344564,302,302,302,302,249,299,1.0000,1.0000,1.2271,2.7224,1.2254,0,False,11.48,True,-0.7087818541570197,0.2752579702708983,-0.6495085319070739,0.10
784,34,684000000,34.684000000,-35.54319210404763,33.53583770554645,10.82521244291669,-0.048348615249802815,0.03643587649308136,0.33758999173788157,0.9393443648556288,249,249,249,249,248,249,1.0000,1.0000,1.3426,1.7348,1.4271,0,False,11.48,True,-0.8489367639168275,-0.1442644419571217,-0.5084231915021432,0.12
785,34,720000000,34.720000000,-36.244475689866285,34.18756613502372,11.114091979181218,-0.051842316783908195,0.031275857779321244,0.34307856693576333,0.9373533441664075,248,247,246,246,246,246,0.9960,0.9960,1.6678,7.7801,1.5871,0,False,11.48,True,-0.15773242642180077,0.9282410064698751,0.3368814562466816,0.98
786,34,752000000,34.752000000,-35.51791199956967,34.801236073857176,11.423146036127095,-0.051342642329392604,0.030606169290378852,0.3430977104496201,0.9373959443928874,246,244,244,244,190,244,1.0000,0.9919,1.5844,2.2196,1.4198,0,False,11.48,True,0.9176956148860117,-0.027155820029190515,0.3963550426795743,0.10
787,34,784000000,34.784000000,-35.12007349466048,33.886044809936394,11.487562450608904,-0.042343086583796555,0.029721705181207723,0.3201367401086815,0.945957795513238,190,190,190,190,190,190,1.0000,1.0000,1.7371,2.1279,1.2830,0,False,11.48,True,-0.28834490654489053,-0.9569032234340171,-0.034546140901781784,2.99
788,34,816000000,34.816000000,-36.023335401276555,33.79306794438969,11.906457700676746,-0.0431800847246753,0.028357315022431308,0.31903995568039506,0.9463323145953223,190,190,190,190,75,190,1.0000,1.0000,1.8505,2.2058,1.2787,0,False,11.48,True,-0.8075109383409556,0.4501822448413121,0.3811325634072041,0.23
789,34,852000000,34.852000000,-36.023335401276555,33.79306794438969,11.906457700676746,-0.0431800847246753,0.028357315022431308,0.31903995568039506,0.9463323145953223,2000,0,0,0,0,0,0.0000,0.0000,0.0000,0.0000,0.0000,1,False,11.48,True,0.0,0.0,0.0,0.00
790,34,884000000,34.884000000,-36.790486998632126,33.15257389257388,11.871161861497644,-0.04345963882917403,0.027151570757832123,0.31781588110433706,0.9467666648737133,2000,2000,1987,1987,809,1986,0.9935,1.0000,3.0756,279.0222,1.5189,0,False,11.48,True,-0.9920642250935376,-0.04036023558676419,-0.11907822921482922,0.21
791,34,916000000,34.916000000,-37.73994265830717,33.162566253078204,11.557419765115,-0.04391180494674652,0.02611000154034959,0.3169163373787957,0.9470765841832914,809,807,807,807,622,807,1.0000,0.9975,2.3972,5.3303,1.1276,0,False,11.48,True,-0.7254656366272177,0.6019582277552293,-0.33368533397626166,0.17
792,34,948000000,34.948000000,-38.340946936074715,33.07430301944886,10.76306250311358,-0.044344713799037115,0.02530285229907486,0.31582342227158894,0.9474433376029799,622,622,622,622,620,615,1.0000,1.0000,2.0401,3.1726,1.0500,0,False,11.48,True,-0.47084577291864765,0.34488570840843685,-0.8120086860743865,0.17
793,34,984000000,34.984000000,-39.08313709230401,32.53867752208329,11.16587647825374,-0.04450572801132589,0.02370085054216032,0.31442982994635765,0.9479406056803689,620,618,618,618,617,618,1.0000,0.9968,2.3075,3.5358,1.2127,0,False,11.48,True,-0.9431202312270139,-0.008248439282333422,0.33234950383550976,0.25
794,35,16000000,35.016000000,-39.64813626949029,32.0921764545429,11.859715599710656,-0.044570474361199375,0.021714373653946514,0.31307708700341397,0.9484327579673171,617,617,616,616,615,615,0.9984,1.0000,2.0659,12.0720,1.2136,0,False,11.48,True,-0.7684688816445142,-0.06664755421905035,0.6364068521477816,0.28
795,35,48000000,35.048000000,-39.740986723935755,31.39556997813779,11.148295744674469,-0.044875373478874006,0.02094494635979126,0.31155653094826163,0.948936266616785,615,615,614,614,611,614,0.9984,1.0000,2.0129,8.4262,1.2271,0,False,11.48,True,-0.43774577065456266,-0.4514859621782224,-0.7775211033985174,0.21
796,35,80000000,35.080000000,-40.4905236124648,31.019296319582214,10.603674237009377,-0.04494704669221565,0.020057749231043677,0.31048209715545383,0.9493041225210095,611,608,607,607,303,607,0.9984,0.9951,1.9780,4.5925,1.2153,0,False,11.48,True,-0.7882711011866641,0.18217207478903955,-0.5877431464517645,0.17
797,35,116000000,35.116000000,-41.23466267159821,30.735278545888487,9.99903305010751,-0.044881285834191605,0.01910743679156496,0.30950750815209754,0.9496450275964199,303,300,300,300,223,298,1.0000,0.9901,2.5098,3.5459,1.1572,0,False,11.48,True,-0.727081705249049,0.25595490725433234,-0.6370551619322782,0.16
798,35,148000000,35.148000000,-40.88954302189059,31.318392510099425,9.263594043712095,-0.046133688183509845,0.0252305004312943,0.3123296619008825,0.9485174152114728,223,223,223,223,223,222,1.0000,1.0000,2.2052,3.0242,1.1793,0,False,9.84,True,0.6676480850537962,0.31956958638470095,-0.6723996683386378,0.80
799,35,180000000,35.180000000,-41.03037360068042,30.66972695825596,10.011524354589596,-0.044939933239505486,0.020304799226182998,0.30893881423355213,0.9498025724269122,223,222,222,222,222,222,1.0000,0.9955,2.1186,3.2535,1.2142,0,False,9.84,True,-0.5533517490182286,-0.48924905285442377,0.6741195785166876,0.71
800,35,212000000,35.212000000,-41.74300971499905,30.022998369595324,10.283355002563399,-0.04370897934176297,0.01831081056036498,0.30737349543753645,0.9504082142132583,222,220,220,220,220,220,1.0000,0.9910,1.9954,3.2036,1.3334,0,False,9.84,True,-0.9724088022974884,-0.12094052330436447,0.19948561611612706,0.33
801,35,248000000,35.248000000,-41.74300971499905,30.022998369595324,10.283355002563399,-0.04370897934176297,0.01831081056036498,0.30737349543753645,0.9504082142132583,220,220,220,220,2,220,1.0000,1.0000,2.1132,3.6465,1.2352,0,False,9.84,True,0.0,0.0,0.0,0.00
802,35,280000000,35.280000000,-40.99475730494098,30.247138127866872,10.907758477573154,-0.043650496690362195,0.017578029772342886,0.306869205065178,0.9505876803276345,220,217,216,216,19,215,0.9954,0.9864,1.7703,7.1096,1.3633,0,False,8.20,True,0.6984500550115046,-0.302290094528237,0.6486819092625719,0.10
803,35,312000000,35.312000000,-40.99475730494098,30.247138127866872,10.907758477573154,-0.043650496690362195,0.017578029772342886,0.306869205065178,0.9505876803276345,2000,0,0,0,0,0,0.0000,0.0000,0.0000,0.0000,0.0000,1,False,9.84,True,0.0,0.0,0.0,0.00
804,35,344000000,35.344000000,-41.455341403446276,29.379699799601585,10.719574963788395,-0.04348851249276433,0.01682837154723628,0.30617595765545025,0.9508321819048842,2000,2000,2000,2000,1791,2000,1.0000,1.0000,1.3351,2.1192,1.1095,0,False,9.84,True,-0.866966852251321,-0.417757836835556,-0.27174780010133165,0.12
805,35,380000000,35.380000000,-41.200519318025854,28.811068466382245,9.937447025620239,-0.04314085409351839,0.016938078952492115,0.30548723842863873,0.9510675661312004,1791,1791,1791,1791,1791,1791,1.0000,1.0000,1.3824,2.2561,1.0141,0,False,9.84,True,-0.07749014336338818,-0.5519881647416844,-0.830243544790701,0.09
806,35,412000000,35.412000000,-41.94922940080143,29.422517731941916,10.193499769399198,-0.043208843693222185,0.01573452662796372,0.30602639042617985,0.9509118091922153,1791,1790,1761,1761,1758,1758,0.9838,0.9994,1.4007,116.0080,0.9089,0,False,9.84,True,-0.26913009839792623,0.9128407631248321,0.3070679587876224,0.15
807,35,444000000,35.444000000,-42.695173434872366,28.766424580074986,10.307995507779632,-0.042745649570399995,0.014836447583778356,0.3058895456328039,0.9509912066567466,1758,1757,1752,1752,968,1751,0.9972,0.9994,1.1129,62.0079,0.6922,0,False,8.20,True,-0.9932698095135216,-0.1039004961772922,0.051183712283156185,0.12
808,35,476000000,35.476000000,-43.3707831676601,28.1129731548169,9.966597318284354,-0.042247106884052435,0.014165345425360203,0.305830853456152,0.9510425931698271,968,968,968,968,780,968,1.0000,1.0000,1.0046,1.3342,0.5581,0,False,8.20,True,-0.909666117641217,-0.11019686905575853,-0.40045499680471414,0.10
809,35,512000000,35.512000000,-43.81786298380108,27.480038594258904,9.33452653106935,-0.041662746506655406,0.013589022703201151,0.3057168781561463,0.9511134235336782,780,780,780,780,764,780,1.0000,1.0000,1.0562,1.7248,0.6306,0,False,8.20,True,-0.6973345983201955,-0.20635138403713355,-0.6863989833118714,0.10
810,35,544000000,35.544000000,-44.764166886445906,27.363415161167172,9.03301716356468,-0.04148118417132027,0.012933009224967791,0.3060189211693599,0.9510333687723439,764,764,764,764,563,764,1.0000,1.0000,0.8572,1.3061,0.7816,0,False,8.20,True,-0.8212809478478418,0.4783591651711475,-0.31091817862407656,0.09
811,35,576000000,35.576000000,-45.39165282401127,26.597555571292943,9.173446814121078,-0.04083254547483532,0.012060693138924548,0.3060744039309205,0.9510550468660507,563,563,563,563,562,563,1.0000,1.0000,0.8474,1.6203,0.9104,0,False,6.56,True,-0.9617316187814338,-0.26383750497227515,0.07390578059967844,0.12
812,35,608000000,35.608000000,-45.16035333803515,27.238511202013246,8.441547622131427,-0.04163088059407863,0.015113557752473424,0.30840360638677206,0.9502240081794698,562,562,562,562,562,562,1.0000,1.0000,0.8013,1.2836,1.0631,0,False,6.56,True,0.5955046661349629,0.435281040584067,-0.6752070855075042,0.46
813,35,644000000,35.644000000,-45.888382455630946,26.841149064128327,7.8829091564774725,-0.0410668712378892,0.014618725955660076,0.30883393448348395,0.9501165222485162,562,561,561,561,385,561,1.0000,0.9982,0.8665,1.5334,1.0121,0,False,6.56,True,-0.791212327564845,0.14621159016774593,-0.5938057120052312,0.10
814,35,676000000,35.676000000,-46.36034817725816,27.659765560112334,7.555624280395851,-0.042557121138807656,0.01468129865615366,0.31182231466293203,0.9490733348842949,385,385,385,385,385,385,1.0000,1.0000,0.7214,0.9615,1.3373,0,False,6.56,True,0.11508758444687259,0.9598264551692653,-0.2559062794528236,0.40
815,35,708000000,35.708000000,-47.09157614644398,27.28477253110537,6.985812131283043,-0.042118911190605304,0.014286244296356132,0.31227575740017394,0.9489498152611499,385,384,384,384,317,384,1.0000,0.9974,0.7181,1.1256,1.3410,0,False,6.56,True,-0.7791953017397869,0.17381709404274787,-0.602197890701368,0.09
816,35,740000000,35.740000000,-47.06578069510418,26.657618786780297,6.207343907352742,-0.04172614601707487,0.014644932449912149,0.3121442367043051,0.9490049684719181,317,317,317,317,317,317,1.0000,1.0000,0.6898,0.9682,1.3552,0,False,6.56,True,-0.3086000465057642,-0.4626496490530366,-0.8310964526020682,0.06
817,35,776000000,35.776000000,-47.847412170875906,26.47377911852433,5.6113110119027985,-0.04141816545534504,0.014264114442614408,0.312724227800806,0.9488332982963189,317,316,316,316,231,316,1.0000,0.9968,0.7817,0.9685,1.3188,0,False,6.56,True,-0.7055792359296212,0.35841451909656924,-0.6113075938721413,0.09
818,35,808000000,35.808000000,-47.868110754103704,25.645229552577604,5.0517780053501555,-0.04073356733203224,0.014168716770345532,0.3128385934323247,0.9488266640523827,231,231,231,231,231,231,1.0000,1.0000,0.6957,0.8994,1.3933,0,False,6.56,True,-0.47772195316470784,-0.6123542698785643,-0.6299237919192978,0.08
819,35,840000000,35.840000000,-48.755952438263094,25.329148879124084,4.717367850393435,-0.04041422149869589,0.013681434562018023,0.3133866522610532,0.9486665985653703,231,230,230,230,182,230,1.0000,0.9957,0.6973,0.9163,1.4043,0,False,6.56,True,-0.8834678201025459,0.2978215245653008,-0.36164478476656603,0.09
820,35,872000000,35.872000000,-48.50012003560171,25.610076903028972,3.7923655654592965,-0.04037846741440791,0.015190044020615422,0.31425337790942276,0.9483584008192435,182,182,182,182,182,182,1.0000,1.0000,0.6625,0.8122,1.4114,0,False,6.56,True,0.41965649941440925,0.13542564433845172,-0.8975234355462586,0.20
821,35,908000000,35.908000000,-48.30790241881819,26.22931081358782,3.0310497625154444,-0.041121022875414956,0.018296986967485506,0.31681589563814694,0.9474185822626607,182,182,182,182,182,182,1.0000,1.0000,0.7585,0.9273,1.4116,0,False,6.56,True,0.5637536977368965,0.4311407381926229,-0.7044852249399529,0.48
822,35,940000000,35.940000000,-48.61234930746381,25.55061860160865,3.6993977058748957,-0.0384792768496904,0.011842729356527764,0.3141080431531729,0.948533200389421,182,182,182,182,182,182,1.0000,1.0000,0.6790,0.8440,1.4669,0,False,4.92,True,-0.6901201773368063,-0.40125869683539955,0.6022670496105297,0.87
823,35,972000000,35.972000000,-49.45422388430881,25.216415364632375,3.275657935194083,-0.03827568997073019,0.011448943343253663,0.3146080617548588,0.9483805463696724,182,180,180,180,113,176,1.0000,0.9890,0.6713,0.8584,1.4490,0,False,4.92,True,-0.8545918276627592,0.2629402360487991,-0.44781161257679186,0.08
824,36,4000000,36.004000000,-49.79514083053213,26.088314414280347,2.9241359828202373,-0.04267583033537427,0.013154815819613907,0.3215007567102189,0.9458556907693134,113,112,112,112,112,112,1.0000,0.9912,0.6691,0.8412,1.4857,0,False,4.92,True,0.2622883820965489,0.923470722909673,-0.2800118364388559,1.00
825,36,40000000,36.040000000,-50.52911050150726,25.834622842090315,2.2941128814276066,-0.04296789330359435,0.012773520912753512,0.3218297485818376,0.9457358036134053,112,112,112,112,59,112,1.0000,1.0000,0.7239,0.9561,1.5673,0,False,4.92,True,-0.7030259777167266,0.292424532354366,-0.6482610334832498,0.07
826,36,72000000,36.072000000,-50.52911050150726,25.834622842090315,2.2941128814276066,-0.04296789330359435,0.012773520912753512,0.3218297485818376,0.9457358036134053,2000,0,0,0,0,0,0.0000,0.0000,0.0000,0.0000,0.0000,1,False,6.56,True,0.0,0.0,0.0,0.00
827,36,104000000,36.104000000,-49.601045177593925,26.052159195648294,2.5963920395419775,-0.04718498729787422,0.013381053417982944,0.32169510928898964,0.9455721976891397,2000,2000,2000,2000,26,2000,1.0000,1.0000,3.0118,5.7871,1.4853,0,False,6.56,True,0.8520340574003936,-0.41637264819497427,0.3172881700677271,0.49
828,36,136000000,36.136000000,-49.601045177593925,26.052159195648294,2.5963920395419775,-0.04718498729787422,0.013381053417982944,0.32169510928898964,0.9455721976891397,2000,0,0,0,0,0,0.0000,0.0000,0.0000,0.0000,0.0000,1,False,8.20,True,0.0,0.0,0.0,0.00
829,36,172000000,36.172000000,-48.675870941465746,25.70085245423624,2.4527389635460555,-0.04620763346148652,0.01403724953770709,0.32129699124064476,0.9457462945499783,2000,2000,1987,1987,9,1985,0.9935,1.0000,1.9564,131.2648,1.6166,0,False,8.20,True,0.5280692925677457,-0.8294668943973519,-0.18200959685086102,0.14
830,36,204000000,36.204000000,-48.675870941465746,25.70085245423624,2.4527389635460555,-0.04620763346148652,0.01403724953770709,0.32129699124064476,0.9457462945499783,2000,0,0,0,0,0,0.0000,0.0000,0.0000,0.0000,0.0000,1,False,9.84,True,0.0,0.0,0.0,0.00
831,36,236000000,36.236000000,-47.6981103241025,25.889293433407055,2.5447942322849175,-0.04623491121172378,0.014019552189542192,0.32128842452070955,0.9457481342358804,2000,1998,1995,1995,10,1993,0.9985,0.9990,0.0514,6.8771,0.3951,0,False,9.84,True,0.8846027804801051,-0.45396902676491907,0.1067241467755984,0.00
832,36,268000000,36.268000000,-47.6981103241025,25.889293433407055,2.5447942322849175,-0.04623491121172378,0.014019552189542192,0.32128842452070955,0.9457481342358804,2000,0,0,0,0,0,0.0000,0.0000,0.0000,0.0000,0.0000,1,False,11.48,True,0.0,0.0,0.0,0.00
833,36,304000000,36.304000000,-47.236327656803425,26.653062830384087,2.995807620582289,-0.04625897658836478,0.013998129187819564,0.32129398839276174,0.9457453845972024,2000,1998,1968,1968,18,1959,0.9850,0.9990,0.2770,33.1143,0.7070,0,False,11.48,True,0.804070271566955,0.28621109645014386,0.5211086322937375,0.00
834,36,336000000,36.336000000,-47.236327656803425,26.653062830384087,2.995807620582289,-0.04625897658836478,0.013998129187819564,0.32129398839276174,0.9457453845972024,2000,0,0,0,0,0,0.0000,0.0000,0.0000,0.0000,0.0000,1,False,13.11,True,0.0,0.0,0.0,0.00
835,36,368000000,36.368000000,-46.274937050309035,26.573807847403774,2.732280108893021,-0.046161026211345615,0.014112970386824093,0.32129960157878834,0.9457465568276143,2000,2000,1999,1999,136,1999,0.9995,1.0000,0.0607,81.1654,0.2221,0,False,13.11,True,0.7292738902214629,-0.6273708377944063,-0.2730667041702421,0.02
836,36,400000000,36.400000000,-46.27958979652515,26.434267778952634,1.742074614437817,-0.044034131472953215,0.019392642396457205,0.3208091402667167,0.9459209354949472,136,136,136,136,136,136,1.0000,1.0000,0.0261,0.0663,0.2627,0,False,13.11,True,-0.032506333625470694,-0.029823373167663626,-0.9990264784714826,0.65
837,36,436000000,36.436000000,-46.28199984897149,26.423883591778537,0.7421314359001989,-0.04188798376562984,0.025268118788919085,0.3210145755839705,0.9458100027233602,136,136,136,136,136,136,1.0000,1.0000,0.0237,0.0660,0.2389,0,False,11.48,True,0.05674042714011147,0.06411927159626248,-0.9963278792334994,0.72
838,36,468000000,36.468000000,-46.30343359870994,26.259858044777125,-0.24409177124056403,-0.039736810385322265,0.03054350575655211,0.32037986154545617,0.9459623800514557,136,136,136,136,136,136,1.0000,1.0000,0.0287,0.3951,0.3208,0,False,11.48,True,-0.042582144296866874,-0.05443825571245981,-0.9976087596357932,0.66
839,36,500000000,36.500000000,-46.30343359870994,26.259858044777125,-0.24409177124056403,-0.039736810385322265,0.03054350575655211,0.32037986154545617,0.9459623800514557,136,136,136,136,4,136,1.0000,1.0000,0.0232,0.4982,0.2808,0,False,11.48,True,0.0,0.0,0.0,0.00
840,36,532000000,36.532000000,-46.30343359870994,26.259858044777125,-0.24409177124056403,-0.039736810385322265,0.03054350575655211,0.32037986154545617,0.9459623800514557,136,136,136,136,0,136,1.0000,1.0000,0.0173,0.2084,0.2083,0,False,11.48,True,0.0,0.0,0.0,0.00
841,36,568000000,36.568000000,-46.34418663068445,26.111772081215385,-1.232226244771799,-0.037569023522034395,0.03603714585321656,0.31977625944793553,0.9460618565843576,136,136,136,136,136,136,1.0000,1.0000,0.0203,0.2955,0.2268,0,False,11.48,True,-0.03945152374213373,-0.03746931771814472,-0.9985187166519015,0.68
842,36,600000000,36.600000000,-46.34418663068445,26.111772081215385,-1.232226244771799,-0.037569023522034395,0.03603714585321656,0.31977625944793553,0.9460618565843576,136,136,135,135,5,135,0.9926,1.0000,0.0916,8.4191,0.4055,0,False,11.48,True,0.0,0.0,0.0,0.00
843,36,632000000,36.632000000,-46.51515950551141,25.375914456949534,-1.8874222710747701,-0.03742612515163573,0.036254436412734944,0.31951878004151674,0.9461462097357416,136,136,135,135,94,134,0.9926,1.0000,0.1315,9.8661,0.3952,0,False,11.48,True,-0.5183869111320472,-0.44790222558533865,-0.7284631814187148,0.04
844,36,664000000,36.664000000,-46.51515950551141,25.375914456949534,-1.8874222710747701,-0.03742612515163573,0.036254436412734944,0.31951878004151674,0.9461462097357416,2000,0,0,0,0,0,0.0000,0.0000,0.0000,0.0000,0.0000,1,False,13.11,True,0.0,0.0,0.0,0.00
845,36,700000000,36.700000000,-46.51515950551141,25.375914456949534,-1.8874222710747701,-0.03742612515163573,0.036254436412734944,0.31951878004151674,0.9461462097357416,2000,2000,2000,2000,0,2000,1.0000,1.0000,0.0119,0.0787,0.1415,0,False,13.11,True,0.0,0.0,0.0,0.00
846,36,732000000,36.732000000,-46.51515950551141,25.375914456949534,-1.8874222710747701,-0.03742612515163573,0.036254436412734944,0.31951878004151674,0.9461462097357416,2000,1995,1988,1988,7,1985,0.9965,0.9975,0.0558,15.2412,0.2631,0,False,13.11,True,0.0,0.0,0.0,0.00
847,36,764000000,36.764000000,-45.58066313446881,25.497077467457828,-1.552704393762009,-0.0374223741908365,0.03625497941455599,0.31952240716817565,0.9461451123876431,1995,1988,1983,1983,14,1983,0.9975,0.9965,0.0796,93.7988,0.2147,0,False,13.11,True,0.7831909256924369,-0.48742034903062487,0.386048413108884,0.00
848,36,796000000,36.796000000,-45.58066313446881,25.497077467457828,-1.552704393762009,-0.0374223741908365,0.03625497941455599,0.31952240716817565,0.9461451123876431,2000,0,0,0,0,0,0.0000,0.0000,0.0000,0.0000,0.0000,1,False,14.75,True,0.0,0.0,0.0,0.00
849,36,832000000,36.832000000,-45.58066313446881,25.497077467457828,-1.552704393762009,-0.0374223741908365,0.03625497941455599,0.31952240716817565,0.9461451123876431,2000,2000,1999,1999,4,1999,0.9995,1.0000,0.0209,14.3454,0.1432,0,False,14.75,True,0.0,0.0,0.0,0.00
850,36,864000000,36.864000000,-44.999493320179816,24.946537653948297,-2.151993606663579,-0.03743498451955761,0.036232678745100166,0.31953631190631004,0.946140771924711,2000,1995,1970,1970,10,1969,0.9875,0.9975,0.1972,88.5771,0.3589,0,False,13.11,True,0.18504087312623763,-0.7609993775754154,-0.6218036849380277,0.00
851,36,896000000,36.896000000,-44.999493320179816,24.946537653948297,-2.151993606663579,-0.03743498451955761,0.036232678745100166,0.31953631190631004,0.946140771924711,2000,0,0,0,0,0,0.0000,0.0000,0.0000,0.0000,0.0000,1,False,14.75,True,0.0,0.0,0.0,0.00
852,36,928000000,36.928000000,-44.999493320179816,24.946537653948297,-2.151993606663579,-0.03743498451955761,0.036232678745100166,0.31953631190631004,0.946140771924711,2000,2000,2000,2000,0,2000,1.0000,1.0000,0.0046,0.0190,0.0565,0,False,14.75,True,0.0,0.0,0.0,0.00
853,36,964000000,36.964000000,-44.999493320179816,24.946537653948297,-2.151993606663579,-0.03743498451955761,0.036232678745100166,0.31953631190631004,0.946140771924711,2000,1997,1995,1995,4,1994,0.9990,0.9985,0.0265,23.4903,0.1286,0,False,14.75,True,0.0,0.0,0.0,0.00
854,36,996000000,36.996000000,-44.47420203967835,24.125966990383805,-1.9267540525740308,-0.03745350246667337,0.03624206057127807,0.31954614565716355,0.9461363585626426,1997,1994,1969,1969,8,1963,0.9875,0.9985,0.2321,32.9644,0.4232,0,False,14.75,True,-0.09812181367291081,-0.9804882778226215,0.1703374495933541,0.00
855,37,28000000,37.028000000,-44.47420203967835,24.125966990383805,-1.9267540525740308,-0.03745350246667337,0.03624206057127807,0.31954614565716355,0.9461363585626426,2000,0,0,0,0,0,0.0000,0.0000,0.0000,0.0000,0.0000,1,False,16.39,True,0.0,0.0,0.0,0.00
856,37,60000000,37.060000000,-44.47420203967835,24.125966990383805,-1.9267540525740308,-0.03745350246667337,0.03624206057127807,0.31954614565716355,0.9461363585626426,2000,2000,2000,2000,1,2000,1.0000,1.0000,0.0032,0.0210,0.0369,0,False,16.39,True,0.0,0.0,0.0,0.00
857,37,96000000,37.096000000,-45.39825668456127,23.79902575933381,-2.124825869624872,-0.037480161644537074,0.03623341975018453,0.31952663439126205,0.9461422232893419,2000,1995,1988,1988,10,1987,0.9965,0.9975,0.1502,196.3965,0.2064,0,False,16.39,True,-0.9113958599974142,0.31144913163053506,-0.2689926110252091,0.00
858,37,128000000,37.128000000,-45.39825668456127,23.79902575933381,-2.124825869624872,-0.037480161644537074,0.03623341975018453,0.31952663439126205,0.9461422232893419,2000,0,0,0,0,0,0.0000,0.0000,0.0000,0.0000,0.0000,1,False,18.03,True,0.0,0.0,0.0,0.00
859,37,160000000,37.160000000,-45.39825668456127,23.79902575933381,-2.124825869624872,-0.037480161644537074,0.03623341975018453,0.31952663439126205,0.9461422232893419,2000,2000,2000,2000,4,2000,1.0000,1.0000,0.0042,0.5104,0.0569,0,False,18.03,True,0.0,0.0,0.0,0.00
860,37,192000000,37.192000000,-45.39825668456127,23.79902575933381,-2.124825869624872,-0.037480161644537074,0.03623341975018453,0.31952663439126205,0.9461422232893419,2000,2000,2000,2000,0,2000,1.0000,1.0000,0.0041,0.0212,0.0521,0,False,18.03,True,0.0,0.0,0.0,0.00
861,37,228000000,37.228000000,-45.39825668456127,23.79902575933381,-2.124825869624872,-0.037480161644537074,0.03623341975018453,0.31952663439126205,0.9461422232893419,2000,1995,1982,1982,6,1980,0.9935,0.9975,0.2429,176.3208,0.3501,0,False,18.03,True,0.0,0.0,0.0,0.00
862,37,260000000,37.260000000,-45.81624309129221,23.48518634147935,-2.977346944783082,-0.037482714494976144,0.03623073993692464,0.319526982236025,0.9461421073078029,1995,1984,1977,1977,12,1976,0.9965,0.9945,0.2472,155.6693,0.2521,0,False,18.03,True,-0.4415726915769392,0.04571448780233349,-0.8960601227922529,0.00
863,37,292000000,37.292000000,-45.81624309129221,23.48518634147935,-2.977346944783082,-0.037482714494976144,0.03623073993692464,0.319526982236025,0.9461421073078029,2000,0,0,0,0,0,0.0000,0.0000,0.0000,0.0000,0.0000,1,False,19.67,True,0.0,0.0,0.0,0.00
864,37,324000000,37.324000000,-45.81624309129221,23.48518634147935,-2.977346944783082,-0.037482714494976144,0.03623073993692464,0.319526982236025,0.9461421073078029,2000,2000,2000,2000,1,2000,1.0000,1.0000,0.0038,0.0184,0.0453,0,False,18.03,True,0.0,0.0,0.0,0.00
865,37,360000000,37.360000000,-45.81624309129221,23.48518634147935,-2.977346944783082,-0.037482714494976144,0.03623073993692464,0.319526982236025,0.9461421073078029,2000,2000,1999,1999,1,1999,0.9995,1.0000,0.0097,9.1941,0.0650,0,False,18.03,True,0.0,0.0,0.0,0.00
866,37,392000000,37.392000000,-45.81624309129221,23.48518634147935,-2.977346944783082,-0.037482714494976144,0.03623073993692464,0.319526982236025,0.9461421073078029,2000,1996,1981,1981,6,1977,0.9925,0.9980,0.1567,113.8075,0.2284,0,False,18.03,True,0.0,0.0,0.0,0.00
867,37,424000000,37.424000000,-45.68234894157256,22.520620253516817,-3.204689458676775,-0.03748318871448686,0.036230866919704674,0.31952842538049736,0.946141596284563,1996,1987,1955,1955,9,1947,0.9839,0.9955,0.4717,128.1926,0.4253,0,False,18.03,True,-0.453357332176022,-0.8353558706594473,-0.3108821299416182,0.00
868,37,456000000,37.456000000,-45.68234894157256,22.520620253516817,-3.204689458676775,-0.03748318871448686,0.036230866919704674,0.31952842538049736,0.946141596284563,2000,0,0,0,0,0,0.0000,0.0000,0.0000,0.0000,0.0000,1,False,19.67,True,0.0,0.0,0.0,0.00
869,37,492000000,37.492000000,-45.68234894157256,22.520620253516817,-3.204689458676775,-0.03748318871448686,0.036230866919704674,0.31952842538049736,0.946141596284563,2000,2000,2000,2000,0,2000,1.0000,1.0000,0.0020,0.0225,0.0181,0,False,19.67,True,0.0,0.0,0.0,0.00
870,37,524000000,37.524000000,-45.68234894157256,22.520620253516817,-3.204689458676775,-0.03748318871448686,0.036230866919704674,0.31952842538049736,0.946141596284563,2000,2000,2000,2000,0,2000,1.0000,1.0000,0.0000,0.0000,0.0000,0,False,19.67,True,0.0,0.0,0.0,0.00
871,37,556000000,37.556000000,-45.68234894157256,22.520620253516817,-3.204689458676775,-0.03748318871448686,0.036230866919704674,0.31952842538049736,0.946141596284563,2000,2000,1996,1996,1,1996,0.9980,1.0000,0.0220,13.3935,0.0563,0,False,19.67,True,0.0,0.0,0.0,0.00
872,37,588000000,37.588000000,-45.68234894157256,22.520620253516817,-3.204689458676775,-0.03748318871448686,0.036230866919704674,0.31952842538049736,0.946141596284563,2000,1997,1987,1987,7,1985,0.9950,0.9985,0.1966,235.8253,0.1308,0,False,19.67,True,0.0,0.0,0.0,0.00
873,37,624000000,37.624000000,-45.87038820339683,23.483793491803684,-3.3968834988043572,-0.037470469170894756,0.03621221002332289,0.3195555684667166,0.9461336472440104,1997,1991,1964,1964,8,1957,0.9864,0.9970,0.4745,162.2565,0.3901,0,False,19.67,True,0.4483871934567702,0.8871784005325366,-0.10891928374944024,0.00
874,37,656000000,37.656000000,-45.87038820339683,23.483793491803684,-3.3968834988043572,-0.037470469170894756,0.03621221002332289,0.3195555684667166,0.9461336472440104,2000,0,0,0,0,0,0.0000,0.0000,0.0000,0.0000,0.0000,1,False,21.31,True,0.0,0.0,0.0,0.00
875,37,688000000,37.688000000,-45.87038820339683,23.483793491803684,-3.3968834988043572,-0.037470469170894756,0.03621221002332289,0.3195555684667166,0.9461336472440104,2000,2000,2000,2000,0,2000,1.0000,1.0000,0.0017,0.0165,0.0162,0,False,21.31,True,0.0,0.0,0.0,0.00
876,37,720000000,37.720000000,-45.87038820339683,23.483793491803684,-3.3968834988043572,-0.037470469170894756,0.03621221002332289,0.3195555684667166,0.9461336472440104,2000,2000,2000,2000,0,2000,1.0000,1.0000,0.0000,0.0001,0.0000,0,False,21.31,True,0.0,0.0,0.0,0.00
877,37,756000000,37.756000000,-45.87038820339683,23.483793491803684,-3.3968834988043572,-0.037470469170894756,0.03621221002332289,0.3195555684667166,0.9461336472440104,2000,2000,2000,2000,0,2000,1.0000,1.0000,0.0037,0.0116,0.0428,0,False,21.31,True,0.0,0.0,0.0,0.00
878,37,788000000,37.788000000,-45.87038820339683,23.483793491803684,-3.3968834988043572,-0.037470469170894756,0.03621221002332289,0.3195555684667166,0.9461336472440104,2000,1998,1994,1994,7,1993,0.9980,0.9990,0.0323,29.8746,0.0914,0,False,21.31,True,0.0,0.0,0.0,0.00
879,37,820000000,37.820000000,-46.12869859731401,24.36431613201994,-2.999447188861578,-0.037470469170987376,0.03621221002294549,0.3195555684670997,0.9461336472438917,1998,1991,1960,1960,13,1957,0.9844,0.9965,0.2715,83.5311,0.4689,0,False,21.31,True,0.2884197606958406,0.836135127462906,0.4665748495822979,0.00
880,37,852000000,37.852000000,-46.12869859731401,24.36431613201994,-2.999447188861578,-0.037470469170987376,0.03621221002294549,0.3195555684670997,0.9461336472438917,2000,0,0,0,0,0,0.0000,0.0000,0.0000,0.0000,0.0000,1,False,22.95,True,0.0,0.0,0.0,0.00
881,37,888000000,37.888000000,-46.12869859731401,24.36431613201994,-2.999447188861578,-0.037470469170987376,0.03621221002294549,0.3195555684670997,0.9461336472438917,2000,2000,2000,2000,0,2000,1.0000,1.0000,0.0020,0.3544,0.0360,0,False,22.95,True,0.0,0.0,0.0,0.00
882,37,920000000,37.920000000,-46.12869859731401,24.36431613201994,-2.999447188861578,-0.037470469170987376,0.03621221002294549,0.3195555684670997,0.9461336472438917,2000,2000,2000,2000,0,2000,1.0000,1.0000,0.0000,0.0000,0.0000,0,False,22.95,True,0.0,0.0,0.0,0.00
883,37,952000000,37.952000000,-46.12869859731401,24.36431613201994,-2.999447188861578,-0.037470469170987376,0.03621221002294549,0.3195555684670997,0.9461336472438917,2000,2000,2000,2000,0,2000,1.0000,1.0000,0.0000,0.0000,0.0000,0,False,22.95,True,0.0,0.0,0.0,0.00
884,37,984000000,37.984000000,-46.12869859731401,24.36431613201994,-2.999447188861578,-0.037470469170987376,0.03621221002294549,0.3195555684670997,0.9461336472438917,2000,1999,1998,1998,2,1998,0.9995,0.9995,0.0063,8.0199,0.0416,0,False,22.95,True,0.0,0.0,0.0,0.00
885,38,20000000,38.020000000,-46.933382644495396,24.950915638211853,-2.9078797080226426,-0.037454891994952194,0.03622436643588199,0.3195233348477998,0.9461446849344483,1999,1993,1979,1979,12,1979,0.9930,0.9970,0.2543,173.1578,0.3583,0,False,22.95,True,-0.2935833711522922,0.949540616743661,0.11036947647299611,0.00
