sample_idx,timestamp_sec,timestamp_nanosec,timestamp_total_sec,pos_x,pos_y,pos_z,rot_x,rot_y,rot_z,rot_w
0,1788543961,795892241,1788543961.795892239,-0.0000000021328024,0.0000000000190329,0.0044196660299693,0.0000000005969762,0.0000000677428444,0.0000000000001158,0.9999999999999977
1,1788543961,796781186,1788543961.796781301,-0.0000000021424419,0.0000000000191189,0.0044396645188276,0.0000000005996774,0.0000000680493734,0.0000000000001163,0.9999999999999977
2,1788543961,797062595,1788543961.797062635,-0.0000000021520814,0.0000000000192049,0.0044596630076859,0.0000000006023787,0.0000000683559024,0.0000000000001168,0.9999999999999977
3,1788543961,797301778,1788543961.797301769,-0.0000000021617209,0.0000000000192910,0.0044796614965442,0.0000000006050799,0.0000000686624314,0.0000000000001174,0.9999999999999977
4,1788543961,809397958,1788543961.809397936,-0.0000000021713604,0.0000000000193770,0.0044996599854024,0.0000000006077811,0.0000000689689605,0.0000000000001179,0.9999999999999976
5,1788543961,828214217,1788543961.828214169,-0.0000000021809999,0.0000000000194630,0.0045196584742607,0.0000000006104824,0.0000000692754895,0.0000000000001184,0.9999999999999976
6,1788543961,848130924,1788543961.848130941,-0.0000000021906394,0.0000000000195490,0.0045396569631190,0.0000000006131836,0.0000000695820185,0.0000000000001189,0.9999999999999976
7,1788543961,871505798,1788543961.871505737,-0.0000000022002789,0.0000000000196351,0.0045596554519773,0.0000000006158848,0.0000000698885476,0.0000000000001194,0.9999999999999976
8,1788543961,887840909,1788543961.887840986,-0.0000000022099185,0.0000000000197211,0.0045796539408355,0.0000000006185861,0.0000000701950767,0.0000000000001200,0.9999999999999976
9,1788543961,912927239,1788543961.912927151,-0.0000000022195580,0.0000000000198071,0.0045996524296938,0.0000000006212873,0.0000000705016058,0.0000000000001205,0.9999999999999974
10,1788543961,928161856,1788543961.928161860,-0.0000000022291975,0.0000000000198932,0.0046196509185521,0.0000000006239885,0.0000000708081349,0.0000000000001210,0.9999999999999974
11,1788543961,948346913,1788543961.948346853,-0.0000000022388370,0.0000000000199792,0.0046396494074104,0.0000000006266898,0.0000000711146640,0.0000000000001215,0.9999999999999974
12,1788543961,969039591,1788543961.969039679,-0.0000000022484765,0.0000000000200652,0.0046596478962686,0.0000000006293910,0.0000000714211931,0.0000000000001220,0.9999999999999974
13,1788543961,988388186,1788543961.988388300,-0.0000000022581160,0.0000000000201512,0.0046796463851269,0.0000000006320923,0.0000000717277222,0.0000000000001225,0.9999999999999974
14,1788543962,8486284,1788543962.008486271,-0.0000000022677555,0.0000000000202373,0.0046996448739852,0.0000000006347935,0.0000000720342514,0.0000000000001231,0.9999999999999974
15,1788543962,28101450,1788543962.028101444,-0.0000000022773950,0.0000000000203233,0.0047196433628434,0.0000000006374947,0.0000000723407805,0.0000000000001236,0.9999999999999973
16,1788543962,48264520,1788543962.048264503,-0.0000000022870346,0.0000000000204093,0.0047396418517018,0.0000000006401960,0.0000000726473097,0.0000000000001241,0.9999999999999973
17,1788543962,75825054,1788543962.075824976,-0.0000000022966741,0.0000000000204954,0.0047596403405600,0.0000000006428972,0.0000000729538389,0.0000000000001246,0.9999999999999973
18,1788543962,89937292,1788543962.089937210,-0.0000000023063136,0.0000000000205814,0.0047796388294183,0.0000000006455984,0.0000000732603681,0.0000000000001251,0.9999999999999973
19,1788543962,109172329,1788543962.109172344,-0.0000000023159531,0.0000000000206674,0.0047996373182766,0.0000000006482997,0.0000000735668973,0.0000000000001257,0.9999999999999972
20,1788543962,128460154,1788543962.128460169,-0.0000000023255926,0.0000000000207534,0.0048196358071348,0.0000000006510009,0.0000000738734265,0.0000000000001262,0.9999999999999972
21,1788543962,148414592,1788543962.148414612,-0.0000000023352321,0.0000000000208395,0.0048396342959931,0.0000000006537022,0.0000000741799557,0.0000000000001267,0.9999999999999972
22,1788543962,174301909,1788543962.174301863,-0.0000000023448716,0.0000000000209255,0.0048596327848514,0.0000000006564034,0.0000000744864850,0.0000000000001272,0.9999999999999972
23,1788543962,185169291,1788543962.185169220,-0.0000000023525833,0.0000000000209943,0.0048756315759380,0.0000000006585644,0.0000000747317084,0.0000000000001276,0.9999999999999972
24,1788543962,205886540,1788543962.205886602,-0.0000000023622228,0.0000000000210803,0.0048956300647963,0.0000000006612656,0.0000000750382376,0.0000000000001281,0.9999999999999972
25,1788543962,223998463,1788543962.223998547,-0.0000000023699344,0.0000000000211492,0.0049116288558829,0.0000000006634266,0.0000000752834611,0.0000000000001286,0.9999999999999971
26,1788543962,245170099,1788543962.245170116,-0.0000000023795739,0.0000000000212352,0.0049316273447411,0.0000000006661278,0.0000000755899903,0.0000000000001291,0.9999999999999971
27,1788543962,260666964,1788543962.260666847,-0.0000000023892134,0.0000000000213212,0.0049516258335995,0.0000000006688291,0.0000000758965196,0.0000000000001296,0.9999999999999971
28,1788543962,280027171,1788543962.280027151,-0.0000000023969250,0.0000000000213900,0.0049676246246861,0.0000000006709901,0.0000000761417431,0.0000000000001300,0.9999999999999971
29,1788543962,296577887,1788543962.296577930,-0.0000000024065646,0.0000000000214761,0.0049876231135443,0.0000000006736913,0.0000000764482724,0.0000000000001305,0.9999999999999971
30,1788543962,317406716,1788543962.317406654,-0.0000000024162041,0.0000000000215621,0.0050076216024026,0.0000000006763925,0.0000000767548017,0.0000000000001310,0.9999999999999970
31,1788543962,342904348,1788543962.342904329,-0.0000000024258436,0.0000000000216481,0.0050276200912609,0.0000000006790938,0.0000000770613311,0.0000000000001316,0.9999999999999970
32,1788543962,358618378,1788543962.358618259,-0.0000000024354831,0.0000000000217342,0.0050476185801192,0.0000000006817950,0.0000000773678604,0.0000000000001321,0.9999999999999970
33,1788543962,376737696,1788543962.376737595,-0.0000000024451226,0.0000000000218202,0.0050676170689774,0.0000000006844963,0.0000000776743898,0.0000000000001326,0.9999999999999970
34,1788543962,402013652,1788543962.402013540,-0.0000000024547622,0.0000000000219062,0.0050876155578357,0.0000000006871975,0.0000000779809192,0.0000000000001331,0.9999999999999969
35,1788543962,420234527,1788543962.420234442,-0.0000000024644017,0.0000000000219922,0.0051076140466940,0.0000000006898987,0.0000000782874486,0.0000000000001336,0.9999999999999969
36,1788543962,439056235,1788543962.439056158,-0.0000000024740412,0.0000000000220783,0.0051276125355523,0.0000000006926000,0.0000000785939780,0.0000000000001342,0.9999999999999969
37,1788543962,454740737,1788543962.454740763,-0.0000000024817528,0.0000000000221471,0.0051436113266389,0.0000000006947610,0.0000000788392015,0.0000000000001346,0.9999999999999969
38,1788543962,474405292,1788543962.474405289,-0.0000000024913923,0.0000000000222331,0.0051636098154972,0.0000000006974622,0.0000000791457309,0.0000000000001351,0.9999999999999969
39,1788543962,490748914,1788543962.490748882,-0.0000000024991040,0.0000000000223019,0.0051796086065838,0.0000000006996232,0.0000000793909545,0.0000000000001355,0.9999999999999968
40,1788543962,511150921,1788543962.511150837,-0.0000000025087435,0.0000000000223880,0.0051996070954421,0.0000000007023244,0.0000000796974839,0.0000000000001360,0.9999999999999968
41,1788543962,530599063,1788543962.530599117,-0.0000000025183830,0.0000000000224740,0.0052196055843003,0.0000000007050257,0.0000000800040134,0.0000000000001365,0.9999999999999968
42,1788543962,547948467,1788543962.547948360,-0.0000000025260946,0.0000000000225428,0.0052356043753870,0.0000000007071866,0.0000000802492369,0.0000000000001370,0.9999999999999968
43,1788543962,566943827,1788543962.566943884,-0.0000000025357341,0.0000000000226288,0.0052556028642452,0.0000000007098879,0.0000000805557664,0.0000000000001375,0.9999999999999968
44,1788543962,585353904,1788543962.585353851,-0.0000000025453737,0.0000000000227149,0.0052756013531035,0.0000000007125891,0.0000000808622959,0.0000000000001380,0.9999999999999967
45,1788543962,607306153,1788543962.607306242,-0.0000000025550132,0.0000000000228009,0.0052955998419618,0.0000000007152904,0.0000000811688254,0.0000000000001385,0.9999999999999967
46,1788543962,638422566,1788543962.638422489,-0.0000000025646527,0.0000000000228869,0.0053155983308201,0.0000000007179916,0.0000000814753549,0.0000000000001390,0.9999999999999967
47,1788543962,644365570,1788543962.644365549,-0.0000000025742922,0.0000000000229730,0.0053355968196784,0.0000000007206928,0.0000000817818845,0.0000000000001395,0.9999999999999967
48,1788543962,666311477,1788543962.666311502,-0.0000000025839318,0.0000000000230590,0.0053555953085366,0.0000000007233941,0.0000000820884140,0.0000000000001401,0.9999999999999967
49,1788543962,681994084,1788543962.681994200,-0.0000000025916434,0.0000000000231278,0.0053715940996233,0.0000000007255551,0.0000000823336376,0.0000000000001405,0.9999999999999966
50,1788543962,700611911,1788543962.700611830,-0.0000000026012829,0.0000000000232138,0.0053915925884815,0.0000000007282563,0.0000000826401672,0.0000000000001410,0.9999999999999966
51,1788543962,720128635,1788543962.720128536,-0.0000000026109224,0.0000000000232999,0.0054115910773398,0.0000000007309575,0.0000000829466968,0.0000000000001415,0.9999999999999966
52,1788543962,740202202,1788543962.740202188,-0.0000000026205620,0.0000000000233859,0.0054315895661981,0.0000000007336588,0.0000000832532263,0.0000000000001420,0.9999999999999966
53,1788543962,766142863,1788543962.766142845,-0.0000000026302015,0.0000000000234719,0.0054515880550564,0.0000000007363600,0.0000000835597559,0.0000000000001425,0.9999999999999964
54,1788543962,783738279,1788543962.783738375,-0.0000000026398410,0.0000000000235580,0.0054715865439146,0.0000000007390612,0.0000000838662855,0.0000000000001431,0.9999999999999964
55,1788543962,800293208,1788543962.800293207,-0.0000000026494805,0.0000000000236440,0.0054915850327729,0.0000000007417625,0.0000000841728152,0.0000000000001436,0.9999999999999964
56,1788543962,819105662,1788543962.819105625,-0.0000000026571922,0.0000000000237128,0.0055075838238595,0.0000000007439235,0.0000000844180389,0.0000000000001440,0.9999999999999964
57,1788543962,837464616,1788543962.837464571,-0.0000000026668317,0.0000000000237988,0.0055275823127178,0.0000000007466247,0.0000000847245685,0.0000000000001445,0.9999999999999964
58,1788543962,856125430,1788543962.856125355,-0.0000000026764712,0.0000000000238849,0.0055475808015761,0.0000000007493259,0.0000000850310982,0.0000000000001450,0.9999999999999963
59,1788543962,876412427,1788543962.876412392,-0.0000000026861108,0.0000000000239709,0.0055675792904344,0.0000000007520272,0.0000000853376278,0.0000000000001456,0.9999999999999963
60,1788543962,901081929,1788543962.901082039,-0.0000000026938224,0.0000000000240397,0.0055835780815210,0.0000000007541882,0.0000000855828516,0.0000000000001460,0.9999999999999963
61,1788543962,914505386,1788543962.914505482,-0.0000000027034619,0.0000000000241257,0.0056035765703793,0.0000000007568894,0.0000000858893813,0.0000000000001465,0.9999999999999963
62,1788543962,933711400,1788543962.933711290,-0.0000000027131014,0.0000000000242118,0.0056235750592376,0.0000000007595906,0.0000000861959110,0.0000000000001470,0.9999999999999962
63,1788543962,952124296,1788543962.952124357,-0.0000000027227410,0.0000000000242978,0.0056435735480958,0.0000000007622919,0.0000000865024407,0.0000000000001475,0.9999999999999962
64,1788543962,970571330,1788543962.970571280,-0.0000000027304526,0.0000000000243666,0.0056595723391825,0.0000000007644529,0.0000000867476644,0.0000000000001479,0.9999999999999962
65,1788543962,994209986,1788543962.994210005,-0.0000000027400921,0.0000000000244526,0.0056795708280407,0.0000000007671541,0.0000000870541942,0.0000000000001485,0.9999999999999962
66,1788543963,12493533,1788543963.012493610,-0.0000000027497317,0.0000000000245387,0.0056995693168990,0.0000000007698553,0.0000000873607239,0.0000000000001490,0.9999999999999962
67,1788543963,32498858,1788543963.032498837,-0.0000000027593712,0.0000000000246247,0.0057195678057573,0.0000000007725566,0.0000000876672537,0.0000000000001495,0.9999999999999961
68,1788543963,49915571,1788543963.049915552,-0.0000000027690107,0.0000000000247107,0.0057395662946156,0.0000000007752578,0.0000000879737834,0.0000000000001500,0.9999999999999961
69,1788543963,68096768,1788543963.068096876,-0.0000000027786503,0.0000000000247968,0.0057595647834738,0.0000000007779590,0.0000000882803132,0.0000000000001505,0.9999999999999961
70,1788543963,96187468,1788543963.096187353,-0.0000000027882898,0.0000000000248828,0.0057795632723321,0.0000000007806603,0.0000000885868430,0.0000000000001510,0.9999999999999961
71,1788543963,108214477,1788543963.108214378,-0.0000000027979293,0.0000000000249688,0.0057995617611904,0.0000000007833615,0.0000000888933728,0.0000000000001516,0.9999999999999960
72,1788543963,128920317,1788543963.128920317,-0.0000000028075689,0.0000000000250548,0.0058195602500487,0.0000000007860628,0.0000000891999026,0.0000000000001521,0.9999999999999960
73,1788543963,148139262,1788543963.148139238,-0.0000000028172084,0.0000000000251409,0.0058395587389070,0.0000000007887640,0.0000000895064325,0.0000000000001526,0.9999999999999960
74,1788543963,167063699,1788543963.167063713,-0.0000000028249200,0.0000000000252097,0.0058555575299936,0.0000000007909250,0.0000000897516563,0.0000000000001530,0.9999999999999960
75,1788543963,192712388,1788543963.192712307,-0.0000000028345596,0.0000000000252957,0.0058755560188519,0.0000000007936262,0.0000000900581862,0.0000000000001535,0.9999999999999959
76,1788543963,201758006,1788543963.201757908,-0.0000000028422712,0.0000000000253645,0.0058915548099385,0.0000000007957872,0.0000000903034101,0.0000000000001539,0.9999999999999959
77,1788543963,232196841,1788543963.232196808,-0.0000000028519107,0.0000000000254506,0.0059115532987968,0.0000000007984884,0.0000000906099399,0.0000000000001545,0.9999999999999959
78,1788543963,241605971,1788543963.241605997,-0.0000000028615503,0.0000000000255366,0.0059315517876550,0.0000000008011897,0.0000000909164698,0.0000000000001550,0.9999999999999959
79,1788543963,265629481,1788543963.265629530,-0.0000000028711898,0.0000000000256226,0.0059515502765133,0.0000000008038909,0.0000000912229997,0.0000000000001555,0.9999999999999958
80,1788543963,280408846,1788543963.280408859,-0.0000000028808293,0.0000000000257087,0.0059715487653716,0.0000000008065921,0.0000000915295296,0.0000000000001560,0.9999999999999958
81,1788543963,300718246,1788543963.300718307,-0.0000000028904689,0.0000000000257947,0.0059915472542298,0.0000000008092934,0.0000000918360595,0.0000000000001565,0.9999999999999958
82,1788543963,330753884,1788543963.330753803,-0.0000000029001084,0.0000000000258807,0.0060115457430881,0.0000000008119946,0.0000000921425895,0.0000000000001571,0.9999999999999958
83,1788543963,338275262,1788543963.338275194,-0.0000000029078200,0.0000000000259495,0.0060275445341748,0.0000000008141556,0.0000000923878134,0.0000000000001575,0.9999999999999957
84,1788543963,361640111,1788543963.361640215,-0.0000000029174596,0.0000000000260356,0.0060475430230330,0.0000000008168568,0.0000000926943434,0.0000000000001580,0.9999999999999957
85,1788543963,376142060,1788543963.376142025,-0.0000000029270991,0.0000000000261216,0.0060675415118913,0.0000000008195581,0.0000000930008733,0.0000000000001585,0.9999999999999957
86,1788543963,392898721,1788543963.392898798,-0.0000000029348107,0.0000000000261904,0.0060835403029779,0.0000000008217191,0.0000000932460973,0.0000000000001589,0.9999999999999957
87,1788543963,413148325,1788543963.413148403,-0.0000000029425224,0.0000000000262592,0.0060995390940645,0.0000000008238801,0.0000000934913213,0.0000000000001593,0.9999999999999957
88,1788543963,428865041,1788543963.428864956,-0.0000000029521619,0.0000000000263453,0.0061195375829228,0.0000000008265813,0.0000000937978513,0.0000000000001599,0.9999999999999956
89,1788543963,450653243,1788543963.450653315,-0.0000000029618015,0.0000000000264313,0.0061395360717811,0.0000000008292825,0.0000000941043813,0.0000000000001604,0.9999999999999956
90,1788543963,468272142,1788543963.468272209,-0.0000000029714410,0.0000000000265173,0.0061595345606394,0.0000000008319838,0.0000000944109113,0.0000000000001609,0.9999999999999956
91,1788543963,495162445,1788543963.495162487,-0.0000000029810805,0.0000000000266033,0.0061795330494977,0.0000000008346850,0.0000000947174413,0.0000000000001614,0.9999999999999954
92,1788543963,516612269,1788543963.516612291,-0.0000000029907201,0.0000000000266894,0.0061995315383560,0.0000000008373862,0.0000000950239714,0.0000000000001619,0.9999999999999954
93,1788543963,531299776,1788543963.531299829,-0.0000000029965038,0.0000000000267410,0.0062115306316709,0.0000000008390070,0.0000000952078894,0.0000000000001622,0.9999999999999954
94,1788543963,568830870,1788543963.568830967,-0.0000000030061433,0.0000000000268270,0.0062315291205292,0.0000000008417082,0.0000000955144195,0.0000000000001628,0.9999999999999954
95,1788543963,571645078,1788543963.571645021,-0.0000000030138550,0.0000000000268958,0.0062475279116158,0.0000000008438692,0.0000000957596435,0.0000000000001632,0.9999999999999954
96,1788543963,589103866,1788543963.589103937,-0.0000000030215666,0.0000000000269647,0.0062635267027025,0.0000000008460302,0.0000000960048676,0.0000000000001636,0.9999999999999953
97,1788543963,606345118,1788543963.606345177,-0.0000000030312061,0.0000000000270507,0.0062835251915608,0.0000000008487314,0.0000000963113977,0.0000000000001641,0.9999999999999953
98,1788543963,625321358,1788543963.625321388,-0.0000000030408457,0.0000000000271367,0.0063035236804190,0.0000000008514327,0.0000000966179278,0.0000000000001646,0.9999999999999953
99,1788543963,644832496,1788543963.644832611,-0.0000000030504852,0.0000000000272228,0.0063235221692773,0.0000000008541339,0.0000000969244579,0.0000000000001651,0.9999999999999953
100,1788543963,675149669,1788543963.675149679,-0.0000000030601248,0.0000000000273088,0.0063435206581356,0.0000000008568351,0.0000000972309881,0.0000000000001657,0.9999999999999952
101,1788543963,684725850,1788543963.684725761,-0.0000000030697643,0.0000000000273948,0.0063635191469939,0.0000000008595364,0.0000000975375182,0.0000000000001662,0.9999999999999952
102,1788543963,704468091,1788543963.704468012,-0.0000000030794039,0.0000000000274808,0.0063835176358522,0.0000000008622376,0.0000000978440483,0.0000000000001667,0.9999999999999952
103,1788543963,724609689,1788543963.724609613,-0.0000000030890434,0.0000000000275669,0.0064035161247104,0.0000000008649389,0.0000000981505785,0.0000000000001672,0.9999999999999951
104,1788543963,743881732,1788543963.743881702,-0.0000000030967551,0.0000000000276357,0.0064195149157971,0.0000000008670998,0.0000000983958026,0.0000000000001676,0.9999999999999951
105,1788543963,760490196,1788543963.760490179,-0.0000000031063946,0.0000000000277217,0.0064395134046553,0.0000000008698011,0.0000000987023328,0.0000000000001681,0.9999999999999951
106,1788543963,781247013,1788543963.781246901,-0.0000000031141062,0.0000000000277905,0.0064555121957420,0.0000000008719621,0.0000000989475570,0.0000000000001686,0.9999999999999951
107,1788543963,801758019,1788543963.801758051,-0.0000000031237458,0.0000000000278766,0.0064755106846002,0.0000000008746633,0.0000000992540872,0.0000000000001691,0.9999999999999951
108,1788543963,820248589,1788543963.820248604,-0.0000000031333853,0.0000000000279626,0.0064955091734585,0.0000000008773645,0.0000000995606174,0.0000000000001696,0.9999999999999950
109,1788543963,840979874,1788543963.840979815,-0.0000000031430249,0.0000000000280486,0.0065155076623168,0.0000000008800658,0.0000000998671477,0.0000000000001701,0.9999999999999950
110,1788543963,860382607,1788543963.860382557,-0.0000000031526644,0.0000000000281347,0.0065355061511751,0.0000000008827670,0.0000001001736779,0.0000000000001706,0.9999999999999950
111,1788543963,876783606,1788543963.876783609,-0.0000000031623040,0.0000000000282207,0.0065555046400334,0.0000000008854683,0.0000001004802081,0.0000000000001712,0.9999999999999949
112,1788543963,901078963,1788543963.901078939,-0.0000000031719435,0.0000000000283067,0.0065755031288917,0.0000000008881695,0.0000001007867384,0.0000000000001717,0.9999999999999949
113,1788543963,917993911,1788543963.917994022,-0.0000000031815831,0.0000000000283927,0.0065955016177499,0.0000000008908707,0.0000001010932687,0.0000000000001722,0.9999999999999949
114,1788543963,936673277,1788543963.936673164,-0.0000000031912226,0.0000000000284788,0.0066155001066082,0.0000000008935720,0.0000001013997990,0.0000000000001727,0.9999999999999949
115,1788543963,957933799,1788543963.957933903,-0.0000000032008622,0.0000000000285648,0.0066354985954665,0.0000000008962732,0.0000001017063293,0.0000000000001732,0.9999999999999948
116,1788543963,977017613,1788543963.977017641,-0.0000000032105017,0.0000000000286508,0.0066554970843248,0.0000000008989744,0.0000001020128596,0.0000000000001737,0.9999999999999948
117,1788543963,998647044,1788543963.998646975,-0.0000000032201413,0.0000000000287368,0.0066754955731831,0.0000000009016757,0.0000001023193899,0.0000000000001743,0.9999999999999948
118,1788543964,17590651,1788543964.017590761,-0.0000000032297808,0.0000000000288229,0.0066954940620414,0.0000000009043769,0.0000001026259203,0.0000000000001748,0.9999999999999947
119,1788543964,42182841,1788543964.042182922,-0.0000000032394204,0.0000000000289089,0.0067154925508996,0.0000000009070781,0.0000001029324506,0.0000000000001753,0.9999999999999947
120,1788543964,57442740,1788543964.057442665,-0.0000000032490599,0.0000000000289949,0.0067354910397579,0.0000000009097794,0.0000001032389810,0.0000000000001758,0.9999999999999947
121,1788543964,76830404,1788543964.076830387,-0.0000000032586995,0.0000000000290810,0.0067554895286162,0.0000000009124806,0.0000001035455114,0.0000000000001763,0.9999999999999947
122,1788543964,99694059,1788543964.099694014,-0.0000000032683390,0.0000000000291670,0.0067754880174745,0.0000000009151819,0.0000001038520417,0.0000000000001769,0.9999999999999946
123,1788543964,117100861,1788543964.117100954,-0.0000000032779786,0.0000000000292530,0.0067954865063328,0.0000000009178831,0.0000001041585721,0.0000000000001774,0.9999999999999946
124,1788543964,136799266,1788543964.136799335,-0.0000000032876181,0.0000000000293390,0.0068154849951911,0.0000000009205843,0.0000001044651026,0.0000000000001779,0.9999999999999946
125,1788543964,160035622,1788543964.160035610,-0.0000000032972577,0.0000000000294251,0.0068354834840494,0.0000000009232856,0.0000001047716330,0.0000000000001784,0.9999999999999944
126,1788543964,177231396,1788543964.177231312,-0.0000000033068972,0.0000000000295111,0.0068554819729076,0.0000000009259868,0.0000001050781634,0.0000000000001789,0.9999999999999944
127,1788543964,201607705,1788543964.201607704,-0.0000000033165368,0.0000000000295971,0.0068754804617659,0.0000000009286880,0.0000001053846939,0.0000000000001794,0.9999999999999944
128,1788543964,216465090,1788543964.216464996,-0.0000000033242484,0.0000000000296660,0.0068914792528525,0.0000000009308490,0.0000001056299182,0.0000000000001799,0.9999999999999944
129,1788543964,243954882,1788543964.243954897,-0.0000000033338880,0.0000000000297520,0.0069114777417108,0.0000000009335503,0.0000001059364487,0.0000000000001804,0.9999999999999943
130,1788543964,254294443,1788543964.254294395,-0.0000000033435275,0.0000000000298380,0.0069314762305691,0.0000000009362515,0.0000001062429792,0.0000000000001809,0.9999999999999943
131,1788543964,272750047,1788543964.272750139,-0.0000000033531671,0.0000000000299240,0.0069514747194274,0.0000000009389527,0.0000001065495097,0.0000000000001814,0.9999999999999943
132,1788543964,294865915,1788543964.294865847,-0.0000000033628066,0.0000000000300101,0.0069714732082857,0.0000000009416540,0.0000001068560402,0.0000000000001819,0.9999999999999942
133,1788543964,310968873,1788543964.310968876,-0.0000000033705183,0.0000000000300789,0.0069874719993723,0.0000000009438150,0.0000001071012646,0.0000000000001823,0.9999999999999942
134,1788543964,328983178,1788543964.328983068,-0.0000000033801578,0.0000000000301649,0.0070074704882306,0.0000000009465162,0.0000001074077951,0.0000000000001829,0.9999999999999942
135,1788543964,349391192,1788543964.349391222,-0.0000000033897974,0.0000000000302509,0.0070274689770889,0.0000000009492174,0.0000001077143256,0.0000000000001834,0.9999999999999942
136,1788543964,368788797,1788543964.368788719,-0.0000000033994370,0.0000000000303370,0.0070474674659472,0.0000000009519187,0.0000001080208562,0.0000000000001839,0.9999999999999941
137,1788543964,393043726,1788543964.393043756,-0.0000000034090765,0.0000000000304230,0.0070674659548055,0.0000000009546199,0.0000001083273868,0.0000000000001844,0.9999999999999941
138,1788543964,411057903,1788543964.411057949,-0.0000000034187161,0.0000000000305090,0.0070874644436637,0.0000000009573211,0.0000001086339173,0.0000000000001849,0.9999999999999941
139,1788543964,429089624,1788543964.429089546,-0.0000000034283556,0.0000000000305951,0.0071074629325220,0.0000000009600224,0.0000001089404479,0.0000000000001855,0.9999999999999940
140,1788543964,446959734,1788543964.446959734,-0.0000000034360673,0.0000000000306639,0.0071234617236086,0.0000000009621834,0.0000001091856724,0.0000000000001859,0.9999999999999940
141,1788543964,465844505,1788543964.465844393,-0.0000000034457068,0.0000000000307499,0.0071434602124670,0.0000000009648846,0.0000001094922030,0.0000000000001864,0.9999999999999940
142,1788543964,492798028,1788543964.492798090,-0.0000000034553464,0.0000000000308359,0.0071634587013252,0.0000000009675858,0.0000001097987336,0.0000000000001869,0.9999999999999940
143,1788543964,507319310,1788543964.507319212,-0.0000000034649860,0.0000000000309220,0.0071834571901835,0.0000000009702871,0.0000001101052642,0.0000000000001874,0.9999999999999939
144,1788543964,531889849,1788543964.531889915,-0.0000000034746255,0.0000000000310080,0.0072034556790418,0.0000000009729883,0.0000001104117949,0.0000000000001879,0.9999999999999939
145,1788543964,547332425,1788543964.547332525,-0.0000000034842651,0.0000000000310940,0.0072234541679001,0.0000000009756896,0.0000001107183255,0.0000000000001885,0.9999999999999939
146,1788543964,564776871,1788543964.564776897,-0.0000000034939046,0.0000000000311800,0.0072434526567584,0.0000000009783908,0.0000001110248562,0.0000000000001890,0.9999999999999938
147,1788543964,582490139,1788543964.582490206,-0.0000000035016163,0.0000000000312489,0.0072594514478450,0.0000000009805518,0.0000001112700808,0.0000000000001894,0.9999999999999938
148,1788543964,601228851,1788543964.601228952,-0.0000000035112559,0.0000000000313349,0.0072794499367033,0.0000000009832530,0.0000001115766114,0.0000000000001899,0.9999999999999938
149,1788543964,627121749,1788543964.627121687,-0.0000000035208954,0.0000000000314209,0.0072994484255616,0.0000000009859542,0.0000001118831421,0.0000000000001904,0.9999999999999937
150,1788543964,642656790,1788543964.642656803,-0.0000000035305350,0.0000000000315070,0.0073194469144199,0.0000000009886555,0.0000001121896729,0.0000000000001910,0.9999999999999937
151,1788543964,661006412,1788543964.661006451,-0.0000000035401745,0.0000000000315930,0.0073394454032781,0.0000000009913567,0.0000001124962036,0.0000000000001915,0.9999999999999937
152,1788543964,678641013,1788543964.678641081,-0.0000000035478862,0.0000000000316618,0.0073554441943648,0.0000000009935177,0.0000001127414282,0.0000000000001919,0.9999999999999937
153,1788543964,696842460,1788543964.696842432,-0.0000000035575258,0.0000000000317478,0.0073754426832231,0.0000000009962189,0.0000001130479589,0.0000000000001924,0.9999999999999936
154,1788543964,713915206,1788543964.713915110,-0.0000000035652374,0.0000000000318167,0.0073914414743097,0.0000000009983799,0.0000001132931835,0.0000000000001928,0.9999999999999936
155,1788543964,734620833,1788543964.734620810,-0.0000000035748770,0.0000000000319027,0.0074114399631680,0.0000000010010812,0.0000001135997143,0.0000000000001933,0.9999999999999936
156,1788543964,759405744,1788543964.759405851,-0.0000000035845165,0.0000000000319887,0.0074314384520263,0.0000000010037824,0.0000001139062451,0.0000000000001939,0.9999999999999934
157,1788543964,775224627,1788543964.775224686,-0.0000000035941561,0.0000000000320747,0.0074514369408845,0.0000000010064836,0.0000001142127759,0.0000000000001944,0.9999999999999934
158,1788543964,797384480,1788543964.797384501,-0.0000000036037957,0.0000000000321608,0.0074714354297428,0.0000000010091849,0.0000001145193067,0.0000000000001949,0.9999999999999934
159,1788543964,816075871,1788543964.816075802,-0.0000000036134352,0.0000000000322468,0.0074914339186011,0.0000000010118861,0.0000001148258375,0.0000000000001954,0.9999999999999933
160,1788543964,832831512,1788543964.832831621,-0.0000000036230748,0.0000000000323328,0.0075114324074594,0.0000000010145874,0.0000001151323683,0.0000000000001959,0.9999999999999933
161,1788543964,852443316,1788543964.852443218,-0.0000000036307864,0.0000000000324016,0.0075274311985460,0.0000000010167483,0.0000001153775930,0.0000000000001963,0.9999999999999933
162,1788543964,868678362,1788543964.868678331,-0.0000000036404260,0.0000000000324877,0.0075474296874043,0.0000000010194496,0.0000001156841238,0.0000000000001969,0.9999999999999933
163,1788543964,891270374,1788543964.891270399,-0.0000000036500656,0.0000000000325737,0.0075674281762626,0.0000000010221508,0.0000001159906547,0.0000000000001974,0.9999999999999932
164,1788543964,908732239,1788543964.908732176,-0.0000000036597051,0.0000000000326597,0.0075874266651209,0.0000000010248520,0.0000001162971856,0.0000000000001979,0.9999999999999932
165,1788543964,930133116,1788543964.930133104,-0.0000000036693447,0.0000000000327458,0.0076074251539792,0.0000000010275533,0.0000001166037164,0.0000000000001984,0.9999999999999932
166,1788543964,947952163,1788543964.947952271,-0.0000000036770564,0.0000000000328146,0.0076234239450658,0.0000000010297143,0.0000001168489412,0.0000000000001988,0.9999999999999931
167,1788543964,964965341,1788543964.964965343,-0.0000000036866959,0.0000000000329006,0.0076434224339241,0.0000000010324155,0.0000001171554721,0.0000000000001993,0.9999999999999931
168,1788543964,982878101,1788543964.982878208,-0.0000000036944076,0.0000000000329694,0.0076594212250107,0.0000000010345765,0.0000001174006968,0.0000000000001998,0.9999999999999931
169,1788543965,558171,1788543965.000558138,-0.0000000037040472,0.0000000000330555,0.0076794197138690,0.0000000010372777,0.0000001177072277,0.0000000000002003,0.9999999999999930
170,1788543965,24510600,1788543965.024510622,-0.0000000037136867,0.0000000000331415,0.0076994182027273,0.0000000010399790,0.0000001180137587,0.0000000000002008,0.9999999999999930
171,1788543965,41088662,1788543965.041088581,-0.0000000037233263,0.0000000000332275,0.0077194166915855,0.0000000010426802,0.0000001183202896,0.0000000000002013,0.9999999999999930
172,1788543965,60819906,1788543965.060819864,-0.0000000037329659,0.0000000000333135,0.0077394151804439,0.0000000010453814,0.0000001186268206,0.0000000000002018,0.9999999999999929
173,1788543965,82855758,1788543965.082855701,-0.0000000037426054,0.0000000000333996,0.0077594136693021,0.0000000010480827,0.0000001189333515,0.0000000000002024,0.9999999999999929
174,1788543965,100760066,1788543965.100759983,-0.0000000037522450,0.0000000000334856,0.0077794121581604,0.0000000010507839,0.0000001192398825,0.0000000000002029,0.9999999999999929
175,1788543965,131185111,1788543965.131185055,-0.0000000037599567,0.0000000000335544,0.0077954109492470,0.0000000010529449,0.0000001194851073,0.0000000000002033,0.9999999999999929
176,1788543965,136637529,1788543965.136637449,-0.0000000037695962,0.0000000000336405,0.0078154094381053,0.0000000010556461,0.0000001197916383,0.0000000000002038,0.9999999999999928
177,1788543965,160918358,1788543965.160918474,-0.0000000037792358,0.0000000000337265,0.0078354079269636,0.0000000010583474,0.0000001200981694,0.0000000000002043,0.9999999999999928
178,1788543965,177657297,1788543965.177657366,-0.0000000037888754,0.0000000000338125,0.0078554064158219,0.0000000010610486,0.0000001204047004,0.0000000000002048,0.9999999999999928
179,1788543965,198156206,1788543965.198156118,-0.0000000037985150,0.0000000000338985,0.0078754049046802,0.0000000010637498,0.0000001207112314,0.0000000000002054,0.9999999999999927
180,1788543965,222796010,1788543965.222795963,-0.0000000038081545,0.0000000000339846,0.0078954033935385,0.0000000010664511,0.0000001210177625,0.0000000000002059,0.9999999999999927
181,1788543965,233937342,1788543965.233937263,-0.0000000038158662,0.0000000000340534,0.0079114021846251,0.0000000010686121,0.0000001212629873,0.0000000000002063,0.9999999999999927
182,1788543965,252744506,1788543965.252744436,-0.0000000038255058,0.0000000000341394,0.0079314006734834,0.0000000010713133,0.0000001215695184,0.0000000000002068,0.9999999999999926
183,1788543965,272610202,1788543965.272610188,-0.0000000038351453,0.0000000000342254,0.0079513991623417,0.0000000010740145,0.0000001218760495,0.0000000000002073,0.9999999999999926
184,1788543965,292097176,1788543965.292097092,-0.0000000038428570,0.0000000000342943,0.0079673979534283,0.0000000010761755,0.0000001221212744,0.0000000000002077,0.9999999999999926
185,1788543965,315079294,1788543965.315079212,-0.0000000038524966,0.0000000000343803,0.0079873964422866,0.0000000010788768,0.0000001224278055,0.0000000000002083,0.9999999999999925
186,1788543965,330928156,1788543965.330928087,-0.0000000038621361,0.0000000000344663,0.0080073949311449,0.0000000010815780,0.0000001227343366,0.0000000000002088,0.9999999999999925
187,1788543965,352521339,1788543965.352521420,-0.0000000038717757,0.0000000000345523,0.0080273934200032,0.0000000010842792,0.0000001230408678,0.0000000000002093,0.9999999999999925
188,1788543965,368552619,1788543965.368552685,-0.0000000038814153,0.0000000000346384,0.0080473919088615,0.0000000010869805,0.0000001233473989,0.0000000000002098,0.9999999999999923
189,1788543965,388572553,1788543965.388572454,-0.0000000038910549,0.0000000000347244,0.0080673903977198,0.0000000010896817,0.0000001236539301,0.0000000000002103,0.9999999999999923
190,1788543965,416979108,1788543965.416979074,-0.0000000039006944,0.0000000000348104,0.0080873888865781,0.0000000010923830,0.0000001239604612,0.0000000000002109,0.9999999999999923
191,1788543965,429069551,1788543965.429069519,-0.0000000039103340,0.0000000000348965,0.0081073873754364,0.0000000010950842,0.0000001242669924,0.0000000000002114,0.9999999999999922
192,1788543965,449288399,1788543965.449288368,-0.0000000039199736,0.0000000000349825,0.0081273858642947,0.0000000010977854,0.0000001245735236,0.0000000000002119,0.9999999999999922
193,1788543965,466606579,1788543965.466606617,-0.0000000039276853,0.0000000000350513,0.0081433846553813,0.0000000010999464,0.0000001248187486,0.0000000000002123,0.9999999999999922
194,1788543965,484626679,1788543965.484626770,-0.0000000039373248,0.0000000000351373,0.0081633831442396,0.0000000011026476,0.0000001251252798,0.0000000000002128,0.9999999999999921
195,1788543965,505188092,1788543965.505187988,-0.0000000039469644,0.0000000000352234,0.0081833816330979,0.0000000011053489,0.0000001254318110,0.0000000000002133,0.9999999999999921
196,1788543965,525230494,1788543965.525230408,-0.0000000039566040,0.0000000000353094,0.0082033801219561,0.0000000011080501,0.0000001257383423,0.0000000000002139,0.9999999999999921
197,1788543965,550454758,1788543965.550454855,-0.0000000039662436,0.0000000000353954,0.0082233786108144,0.0000000011107514,0.0000001260448735,0.0000000000002144,0.9999999999999920
198,1788543965,566559405,1788543965.566559315,-0.0000000039758832,0.0000000000354815,0.0082433770996727,0.0000000011134526,0.0000001263514048,0.0000000000002149,0.9999999999999920
199,1788543965,584802488,1788543965.584802389,-0.0000000039855227,0.0000000000355675,0.0082633755885310,0.0000000011161538,0.0000001266579361,0.0000000000002154,0.9999999999999920
200,1788543965,604623241,1788543965.604623318,-0.0000000039951623,0.0000000000356535,0.0082833740773893,0.0000000011188551,0.0000001269644674,0.0000000000002159,0.9999999999999919
201,1788543965,626147300,1788543965.626147270,-0.0000000040048019,0.0000000000357395,0.0083033725662476,0.0000000011215563,0.0000001272709987,0.0000000000002164,0.9999999999999919
202,1788543965,647020777,1788543965.647020817,-0.0000000040144415,0.0000000000358256,0.0083233710551059,0.0000000011242575,0.0000001275775300,0.0000000000002170,0.9999999999999919
203,1788543965,662659308,1788543965.662659407,-0.0000000040221531,0.0000000000358944,0.0083393698461925,0.0000000011264185,0.0000001278227550,0.0000000000002174,0.9999999999999918
204,1788543965,682577577,1788543965.682577610,-0.0000000040317927,0.0000000000359804,0.0083593683350508,0.0000000011291198,0.0000001281292864,0.0000000000002179,0.9999999999999918
205,1788543965,699834367,1788543965.699834347,-0.0000000040395044,0.0000000000360492,0.0083753671261375,0.0000000011312808,0.0000001283745114,0.0000000000002183,0.9999999999999918
206,1788543965,717058512,1788543965.717058420,-0.0000000040491440,0.0000000000361353,0.0083953656149957,0.0000000011339820,0.0000001286810428,0.0000000000002188,0.9999999999999917
207,1788543965,735073561,1788543965.735073566,-0.0000000040568556,0.0000000000362041,0.0084113644060824,0.0000000011361430,0.0000001289262679,0.0000000000002192,0.9999999999999917
208,1788543965,764218932,1788543965.764219046,-0.0000000040664990,0.0000000000362888,0.0084313628957921,0.0000000011388018,0.0000001292329205,0.0000000000002256,0.9999999999999917
209,1788543965,775591373,1788543965.775591373,-0.0000000040762570,0.0000000000363267,0.0084513614129753,0.0000000011399915,0.0000001295432161,0.0000000000002037,0.9999999999999916
210,1788543965,792568518,1788543965.792568445,-0.0000000040860848,0.0000000000363323,0.0084713599521735,0.0000000011401689,0.0000001298557340,0.0000000000002104,0.9999999999999916
211,1788543965,813988052,1788543965.813987970,-0.0000000040958895,0.0000000000363257,0.0084913584973484,0.0000000011399603,0.0000001301675155,0.0000000000002258,0.9999999999999916
212,1788543965,832287380,1788543965.832287312,-0.0000000041057034,0.0000000000363205,0.0085113570443449,0.0000000011397984,0.0000001304795876,0.0000000000002312,0.9999999999999915
213,1788543965,852458073,1788543965.852458000,-0.0000000041155211,0.0000000000363089,0.0085313555921062,0.0000000011394345,0.0000001307917816,0.0000000000002155,0.9999999999999915
214,1788543965,874045153,1788543965.874045134,-0.0000000041253346,0.0000000000362987,0.0085513541400984,0.0000000011391139,0.0000001311038424,0.0000000000001689,0.9999999999999913
215,1788543965,892938423,1788543965.892938375,-0.0000000041351549,0.0000000000362963,0.0085713526878786,0.0000000011390368,0.0000001314161182,0.0000000000001582,0.9999999999999913
216,1788543965,912853243,1788543965.912853241,-0.0000000041449661,0.0000000000362924,0.0085913512350920,0.0000000011389140,0.0000001317281037,0.0000000000001480,0.9999999999999913
217,1788543965,931590707,1788543965.931590796,-0.0000000041528287,0.0000000000362869,0.0086073500723574,0.0000000011387412,0.0000001319781305,0.0000000000001152,0.9999999999999912
218,1788543965,949302476,1788543965.949302435,-0.0000000041626672,0.0000000000362838,0.0086273486183783,0.0000000011386457,0.0000001322909864,0.0000000000000916,0.9999999999999912
219,1788543965,970909122,1788543965.970909119,-0.0000000041705403,0.0000000000362805,0.0086433474549275,0.0000000011385409,0.0000001325413457,0.0000000000000761,0.9999999999999912
220,1788543965,984884440,1788543965.984884501,-0.0000000041803478,0.0000000000362783,0.0086633460006264,0.0000000011384730,0.0000001328532169,0.0000000000001024,0.9999999999999911
221,1788543966,14134681,1788543966.014134645,-0.0000000041901646,0.0000000000362828,0.0086833445467187,0.0000000011386138,0.0000001331653852,0.0000000000000966,0.9999999999999911
222,1788543966,25122069,1788543966.025122166,-0.0000000041999883,0.0000000000362870,0.0087033430934637,0.0000000011387448,0.0000001334777699,0.0000000000001009,0.9999999999999911
223,1788543966,48837464,1788543966.048837423,-0.0000000042097956,0.0000000000362924,0.0087233416409017,0.0000000011389136,0.0000001337896339,0.0000000000000957,0.9999999999999910
224,1788543966,66694857,1788543966.066694975,-0.0000000042195978,0.0000000000362914,0.0087433401888124,0.0000000011388843,0.0000001341013344,0.0000000000000932,0.9999999999999910
225,1788543966,84666036,1788543966.084666014,-0.0000000042293942,0.0000000000362923,0.0087633387368199,0.0000000011389103,0.0000001344128509,0.0000000000000850,0.9999999999999910
226,1788543966,115048976,1788543966.115048885,-0.0000000042391875,0.0000000000362965,0.0087833372845177,0.0000000011390434,0.0000001347242671,0.0000000000000968,0.9999999999999909
227,1788543966,124944761,1788543966.124944687,-0.0000000042489559,0.0000000000363027,0.0088033358316049,0.0000000011392393,0.0000001350348941,0.0000000000000959,0.9999999999999909
228,1788543966,147412637,1788543966.147412539,-0.0000000042587294,0.0000000000363094,0.0088233343779860,0.0000000011394473,0.0000001353456853,0.0000000000000568,0.9999999999999908
229,1788543966,164842686,1788543966.164842606,-0.0000000042685285,0.0000000000363227,0.0088433329238324,0.0000000011398659,0.0000001356572899,0.0000000000000403,0.9999999999999908
230,1788543966,187182371,1788543966.187182426,-0.0000000042783041,0.0000000000363384,0.0088633314694833,0.0000000011403597,0.0000001359681470,0.0000000000000789,0.9999999999999908
231,1788543966,209375263,1788543966.209375381,-0.0000000042880781,0.0000000000363539,0.0088833300153571,0.0000000011408446,0.0000001362789545,0.0000000000000728,0.9999999999999907
232,1788543966,225196167,1788543966.225196123,-0.0000000042978551,0.0000000000363660,0.0089033285617948,0.0000000011412244,0.0000001365898546,0.0000000000000645,0.9999999999999907
233,1788543966,245156364,1788543966.245156288,-0.0000000043076053,0.0000000000363793,0.0089233271089477,0.0000000011416418,0.0000001368999030,0.0000000000000580,0.9999999999999906
234,1788543966,264777629,1788543966.264777660,-0.0000000043173435,0.0000000000363931,0.0089433256566874,0.0000000011420759,0.0000001372095683,0.0000000000000630,0.9999999999999906
235,1788543966,285306869,1788543966.285306931,-0.0000000043270814,0.0000000000364087,0.0089633242046971,0.0000000011425666,0.0000001375192241,0.0000000000001156,0.9999999999999906
236,1788543966,302900572,1788543966.302900553,-0.0000000043348583,0.0000000000364230,0.0089793230430185,0.0000000011430171,0.0000001377665210,0.0000000000001433,0.9999999999999905
237,1788543966,321617834,1788543966.321617842,-0.0000000043445835,0.0000000000364435,0.0089993215904983,0.0000000011436610,0.0000001380757763,0.0000000000001555,0.9999999999999905
238,1788543966,342667212,1788543966.342667103,-0.0000000043543195,0.0000000000364658,0.0090193201372994,0.0000000011443603,0.0000001383853705,0.0000000000001479,0.9999999999999905
239,1788543966,361002439,1788543966.361002445,-0.0000000043640479,0.0000000000364891,0.0090393186834289,0.0000000011450901,0.0000001386947279,0.0000000000001278,0.9999999999999903
240,1788543966,381218577,1788543966.381218672,-0.0000000043737735,0.0000000000365099,0.0090593172291356,0.0000000011457438,0.0000001390039963,0.0000000000001117,0.9999999999999903
241,1788543966,399298467,1788543966.399298429,-0.0000000043815631,0.0000000000365307,0.0090753160656637,0.0000000011463969,0.0000001392516986,0.0000000000001242,0.9999999999999903
242,1788543966,416676278,1788543966.416676283,-0.0000000043913128,0.0000000000365603,0.0090953146116220,0.0000000011473281,0.0000001395617318,0.0000000000001205,0.9999999999999902
243,1788543966,447938955,1788543966.447938919,-0.0000000044010429,0.0000000000365842,0.0091153131581982,0.0000000011480772,0.0000001398711417,0.0000000000001482,0.9999999999999902
244,1788543966,455389458,1788543966.455389500,-0.0000000044088031,0.0000000000366055,0.0091313119959664,0.0000000011487457,0.0000001401179102,0.0000000000001843,0.9999999999999901
245,1788543966,476345690,1788543966.476345778,-0.0000000044185004,0.0000000000366253,0.0091513105436978,0.0000000011493685,0.0000001404262753,0.0000000000001928,0.9999999999999901
246,1788543966,492928825,1788543966.492928743,-0.0000000044281917,0.0000000000366464,0.0091713090916972,0.0000000011500317,0.0000001407344498,0.0000000000002081,0.9999999999999901
247,1788543966,515613697,1788543966.515613794,-0.0000000044378744,0.0000000000366669,0.0091913076395554,0.0000000011506755,0.0000001410423520,0.0000000000002060,0.9999999999999900
248,1788543966,532538110,1788543966.532538176,-0.0000000044475775,0.0000000000366935,0.0092113061869153,0.0000000011515102,0.0000001413509015,0.0000000000002011,0.9999999999999900
249,1788543966,552868384,1788543966.552868366,-0.0000000044572781,0.0000000000367223,0.0092313047335773,0.0000000011524149,0.0000001416593731,0.0000000000002083,0.9999999999999899
250,1788543966,576288553,1788543966.576288462,-0.0000000044669846,0.0000000000367532,0.0092513032795952,0.0000000011533852,0.0000001419680324,0.0000000000001957,0.9999999999999899
251,1788543966,594037528,1788543966.594037533,-0.0000000044747468,0.0000000000367732,0.0092673021161361,0.0000000011540115,0.0000001422148631,0.0000000000001823,0.9999999999999899
252,1788543966,613410576,1788543966.613410473,-0.0000000044844640,0.0000000000367981,0.0092873006618123,0.0000000011547935,0.0000001425238648,0.0000000000001669,0.9999999999999898
253,1788543966,635652445,1788543966.635652542,-0.0000000044941854,0.0000000000368248,0.0093072992078646,0.0000000011556340,0.0000001428329981,0.0000000000001680,0.9999999999999898
254,1788543966,651532512,1788543966.651532412,-0.0000000045038837,0.0000000000368535,0.0093272977545663,0.0000000011565325,0.0000001431413964,0.0000000000001482,0.9999999999999898
255,1788543966,675222514,1788543966.675222397,-0.0000000045135645,0.0000000000368770,0.0093472963019598,0.0000000011572706,0.0000001434492381,0.0000000000001519,0.9999999999999897
256,1788543966,691497638,1788543966.691497564,-0.0000000045232405,0.0000000000368984,0.0093672948498408,0.0000000011579422,0.0000001437569257,0.0000000000001732,0.9999999999999897
257,1788543966,710830459,1788543966.710830450,-0.0000000045328972,0.0000000000369242,0.0093872933978413,0.0000000011587549,0.0000001440639982,0.0000000000002209,0.9999999999999896
258,1788543966,729818140,1788543966.729818106,-0.0000000045406546,0.0000000000369425,0.0094032922360561,0.0000000011593303,0.0000001443106787,0.0000000000002281,0.9999999999999896
259,1788543966,745071083,1788543966.745071173,-0.0000000045503573,0.0000000000369663,0.0094232907832978,0.0000000011600777,0.0000001446192166,0.0000000000002372,0.9999999999999896
260,1788543966,767677923,1788543966.767678022,-0.0000000045600454,0.0000000000369906,0.0094432893298309,0.0000000011608396,0.0000001449272886,0.0000000000002535,0.9999999999999895
261,1788543966,784589554,1788543966.784589529,-0.0000000045697441,0.0000000000370211,0.0094632878757608,0.0000000011617974,0.0000001452357018,0.0000000000002634,0.9999999999999895
262,1788543966,810055636,1788543966.810055733,-0.0000000045794633,0.0000000000370464,0.0094832864214118,0.0000000011625922,0.0000001455447668,0.0000000000002764,0.9999999999999893
263,1788543966,825041577,1788543966.825041533,-0.0000000045891675,0.0000000000370720,0.0095032849671920,0.0000000011633965,0.0000001458533519,0.0000000000002987,0.9999999999999893
264,1788543966,842999602,1788543966.842999697,-0.0000000045969159,0.0000000000370929,0.0095192838041653,0.0000000011640522,0.0000001460997467,0.0000000000002754,0.9999999999999893
265,1788543966,860894198,1788543966.860894203,-0.0000000046066008,0.0000000000371221,0.0095392823513354,0.0000000011649454,0.0000001464076946,-0.0000000000021256,0.9999999999999892
266,1788543966,882675759,1788543966.882675648,-0.0000000046161714,0.0000000000371667,0.0095592809005435,0.0000000011663111,0.0000001467119954,-0.0000000000056872,0.9999999999999892
267,1788543966,905149230,1788543966.905149221,-0.0000000046256058,0.0000000000372193,0.0095792794519889,0.0000000011679149,0.0000001470119485,-0.0000000000108512,0.9999999999999892
268,1788543966,920755077,1788543966.920755148,-0.0000000046349376,0.0000000000372804,0.0095992780054853,0.0000000011697729,0.0000001473086287,-0.0000000000171348,0.9999999999999891
269,1788543966,940982230,1788543966.940982342,-0.0000000046441870,0.0000000000373513,0.0096192765607208,0.0000000011719199,0.0000001476026716,-0.0000000000252886,0.9999999999999891
270,1788543966,961134929,1788543966.961134911,-0.0000000046534459,0.0000000000374382,0.0096392751175909,0.0000000011745551,0.0000001478970012,-0.0000000000348143,0.9999999999999890
271,1788543966,980504557,1788543966.980504513,-0.0000000046626967,0.0000000000375306,0.0096592736762041,0.0000000011773487,0.0000001481910547,-0.0000000000463433,0.9999999999999890
272,1788543967,9350182,1788543967.009350300,-0.0000000046719502,0.0000000000376358,0.0096792722370571,0.0000000011805308,0.0000001484851845,-0.0000000000589610,0.9999999999999890
273,1788543967,21096158,1788543967.021096230,-0.0000000046811834,0.0000000000377569,0.0096992708007606,0.0000000011841905,0.0000001487786454,-0.0000000000739199,0.9999999999999889
274,1788543967,41533190,1788543967.041533232,-0.0000000046904613,0.0000000000378936,0.0097192693679911,0.0000000011883209,0.0000001490735085,-0.0000000000906980,0.9999999999999889
275,1788543967,60783753,1788543967.060783863,-0.0000000046997631,0.0000000000380362,0.0097392679390602,0.0000000011926175,0.0000001493691091,-0.0000000001096092,0.9999999999999888
276,1788543967,80790518,1788543967.080790520,-0.0000000047090714,0.0000000000381989,0.0097592665139574,0.0000000011975270,0.0000001496648966,-0.0000000001302282,0.9999999999999888
277,1788543967,101367774,1788543967.101367712,-0.0000000047183442,0.0000000000383654,0.0097792650923426,0.0000000012025321,0.0000001499595353,-0.0000000001533499,0.9999999999999888
278,1788543967,120434253,1788543967.120434284,-0.0000000047276676,0.0000000000385613,0.0097992636740108,0.0000000012084398,0.0000001502557556,-0.0000000001788010,0.9999999999999887
279,1788543967,141182836,1788543967.141182899,-0.0000000047370654,0.0000000000387858,0.0098192622589590,0.0000000012152184,0.0000001505543181,-0.0000000002069819,0.9999999999999887
280,1788543967,168102482,1788543967.168102503,-0.0000000047465055,0.0000000000390186,0.0098392608476902,0.0000000012222351,0.0000001508541997,-0.0000000002376522,0.9999999999999886
281,1788543967,180483032,1788543967.180483103,-0.0000000047559719,0.0000000000392640,0.0098592594407237,0.0000000012296207,0.0000001511548936,-0.0000000002711023,0.9999999999999886
282,1788543967,201870876,1788543967.201870918,-0.0000000047654879,0.0000000000395391,0.0098792580385081,0.0000000012379108,0.0000001514571351,-0.0000000003072380,0.9999999999999886
283,1788543967,220475573,1788543967.220475674,-0.0000000047750599,0.0000000000398430,0.0098992566410399,0.0000000012470773,0.0000001517611243,-0.0000000003466013,0.9999999999999885
284,1788543967,240397289,1788543967.240397215,-0.0000000047846771,0.0000000000401687,0.0099192552482969,0.0000000012568954,0.0000001520665181,-0.0000000003890689,0.9999999999999885
285,1788543967,267804153,1788543967.267804146,-0.0000000047943798,0.0000000000405242,0.0099392538604834,0.0000000012676177,0.0000001523745986,-0.0000000004349610,0.9999999999999883
286,1788543967,280812781,1788543967.280812740,-0.0000000048041265,0.0000000000409067,0.0099592524783776,0.0000000012791565,0.0000001526840401,-0.0000000004843183,0.9999999999999883
287,1788543967,300741383,1788543967.300741434,-0.0000000048139677,0.0000000000413201,0.0099792511027206,0.0000000012916265,0.0000001529964544,-0.0000000005374186,0.9999999999999882
288,1788543967,323288984,1788543967.323288918,-0.0000000048238551,0.0000000000417651,0.0099992497336893,0.0000000013050549,0.0000001533103053,-0.0000000005939931,0.9999999999999882
289,1788543967,341206435,1788543967.341206551,-0.0000000048338042,0.0000000000422537,0.0100192483705637,0.0000000013198132,0.0000001536260754,-0.0000000006545838,0.9999999999999882
290,1788543967,358565861,1788543967.358565807,-0.0000000048418712,0.0000000000426849,0.0100352472841920,0.0000000013328523,0.0000001538820811,-0.0000000007064357,0.9999999999999881
291,1788543967,376855713,1788543967.376855612,-0.0000000048519805,0.0000000000432359,0.0100552459318338,0.0000000013495025,0.0000001542028713,-0.0000000007745939,0.9999999999999881
292,1788543967,399422408,1788543967.399422407,-0.0000000048621624,0.0000000000438276,0.0100752445865688,0.0000000013673844,0.0000001545259215,-0.0000000008476657,0.9999999999999880
293,1788543967,416766300,1788543967.416766405,-0.0000000048724402,0.0000000000444550,0.0100952432493021,0.0000000013863395,0.0000001548519786,-0.0000000009251194,0.9999999999999880
294,1788543967,436925768,1788543967.436925650,-0.0000000048828126,0.0000000000451233,0.0101152419197735,0.0000000014065298,0.0000001551809817,-0.0000000010080713,0.9999999999999879
295,1788543967,458762903,1788543967.458762884,-0.0000000048932906,0.0000000000458277,0.0101352405979873,0.0000000014278090,0.0000001555132980,-0.0000000010955463,0.9999999999999879
296,1788543967,477314441,1788543967.477314472,-0.0000000049038757,0.0000000000465843,0.0101552392846961,0.0000000014506729,0.0000001558489619,-0.0000000011888254,0.9999999999999878
297,1788543967,502239350,1788543967.502239466,-0.0000000049146004,0.0000000000473907,0.0101752379811951,0.0000000014750439,0.0000001561890171,-0.0000000012875822,0.9999999999999878
298,1788543967,516694617,1788543967.516694546,-0.0000000049255180,0.0000000000482644,0.0101952366872973,0.0000000015014665,0.0000001565351431,-0.0000000013924194,0.9999999999999878
299,1788543967,534867963,1788543967.534868002,-0.0000000049343036,0.0000000000489941,0.0102112356585982,0.0000000015235403,0.0000001568136494,-0.0000000014795657,0.9999999999999877
300,1788543967,560303175,1788543967.560303211,-0.0000000049453936,0.0000000000499495,0.0102312343804792,0.0000000015524312,0.0000001571651518,-0.0000000015954159,0.9999999999999877
301,1788543967,572872036,1788543967.572871923,-0.0000000049567561,0.0000000000509893,0.0102512331134218,0.0000000015839042,0.0000001575252549,-0.0000000017180740,0.9999999999999876
302,1788543967,596612207,1788543967.596612215,-0.0000000049682216,0.0000000000520721,0.0102712318573754,0.0000000016166676,0.0000001578885683,-0.0000000018467168,0.9999999999999876
303,1788543967,612453859,1788543967.612453938,-0.0000000049798588,0.0000000000532291,0.0102912306116434,0.0000000016516928,0.0000001582572622,-0.0000000019828947,0.9999999999999875
304,1788543967,634372727,1788543967.634372711,-0.0000000049917288,0.0000000000544781,0.0103112293773198,0.0000000016895455,0.0000001586332925,-0.0000000021259404,0.9999999999999875
305,1788543967,652843641,1788543967.652843714,-0.0000000050036814,0.0000000000557635,0.0103312281557418,0.0000000017284525,0.0000001590118690,-0.0000000022771693,0.9999999999999873
306,1788543967,670760098,1788543967.670760155,-0.0000000050134105,0.0000000000568434,0.0103472271877197,0.0000000017611472,0.0000001593199800,-0.0000000024035598,0.9999999999999873
307,1788543967,695262896,1788543967.695262909,-0.0000000050258144,0.0000000000582904,0.0103672259888706,0.0000000018049987,0.0000001597127635,-0.0000000025686191,0.9999999999999872
308,1788543967,708861545,1788543967.708861589,-0.0000000050384439,0.0000000000598127,0.0103872248037069,0.0000000018511246,0.0000001601126403,-0.0000000027427541,0.9999999999999871
309,1788543967,732386857,1788543967.732386827,-0.0000000050512345,0.0000000000614154,0.0104072236328167,0.0000000018996959,0.0000001605175597,-0.0000000029248464,0.9999999999999871
310,1788543967,748837844,1788543967.748837948,-0.0000000050643325,0.0000000000631197,0.0104272224755516,0.0000000019513684,0.0000001609321542,-0.0000000031166896,0.9999999999999870
311,1788543967,767447038,1788543967.767446995,-0.0000000050749721,0.0000000000645490,0.0104432215602217,0.0000000019947175,0.0000001612688985,-0.0000000032764469,0.9999999999999870
312,1788543967,784626326,1788543967.784626245,-0.0000000050885435,0.0000000000664337,0.0104632204303309,0.0000000020518955,0.0000001616983870,-0.0000000034848999,0.9999999999999869
313,1788543967,804756222,1788543967.804756165,-0.0000000051024176,0.0000000000684265,0.0104832193157022,0.0000000021123727,0.0000001621373903,-0.0000000037036106,0.9999999999999868
314,1788543967,828741519,1788543967.828741550,-0.0000000051165222,0.0000000000705107,0.0105032182173174,0.0000000021756296,0.0000001625836278,-0.0000000039320049,0.9999999999999868
315,1788543967,845357068,1788543967.845357180,-0.0000000051309573,0.0000000000727128,0.0105232171364183,0.0000000022424690,0.0000001630402592,-0.0000000041720685,0.9999999999999867
316,1788543967,866542100,1788543967.866542101,-0.0000000051457583,0.0000000000750368,0.0105432160729042,0.0000000023130426,0.0000001635084153,-0.0000000044223342,0.9999999999999866
317,1788543967,884514872,1788543967.884514809,-0.0000000051608497,0.0000000000774797,0.0105632150275067,0.0000000023872345,0.0000001639857020,-0.0000000046843446,0.9999999999999866
318,1788543967,905965212,1788543967.905965328,-0.0000000051762759,0.0000000000800461,0.0105832140012628,0.0000000024651885,0.0000001644735154,-0.0000000049578775,0.9999999999999865
319,1788543967,928603279,1788543967.928603172,-0.0000000051921314,0.0000000000827579,0.0106032129938647,0.0000000025475901,0.0000001649748544,-0.0000000052442397,0.9999999999999863
320,1788543967,944895159,1788543967.944895267,-0.0000000052083555,0.0000000000855970,0.0106232120069552,0.0000000026338694,0.0000001654878023,-0.0000000055426873,0.9999999999999862
321,1788543967,965102484,1788543967.965102434,-0.0000000052250503,0.0000000000885930,0.0106432110408278,0.0000000027249411,0.0000001660155632,-0.0000000058555544,0.9999999999999861
322,1788543967,994575648,1788543967.994575739,-0.0000000052420683,0.0000000000917119,0.0106632100964821,0.0000000028197496,0.0000001665534838,-0.0000000061813459,0.9999999999999861
323,1788543968,5005715,1788543968.005005598,-0.0000000052594966,0.0000000000949651,0.0106832091748438,0.0000000029186464,0.0000001671043099,-0.0000000065202997,0.9999999999999860
324,1788543968,34845299,1788543968.034845352,-0.0000000052772979,0.0000000000983649,0.0107032082743038,0.0000000030220178,0.0000001676668623,-0.0000000068730648,0.9999999999999859
325,1788543968,42923304,1788543968.042923212,-0.0000000052919495,0.0000000001012153,0.0107192075707865,0.0000000031087053,0.0000001681298542,-0.0000000071660241,0.9999999999999858
326,1788543968,62611253,1788543968.062611341,-0.0000000053105799,0.0000000001049112,0.0107392067123731,0.0000000032211116,0.0000001687184979,-0.0000000075458187,0.9999999999999857
327,1788543968,80954060,1788543968.080954075,-0.0000000053297548,0.0000000001087774,0.0107592058790291,0.0000000033387165,0.0000001693243107,-0.0000000079411401,0.9999999999999856
328,1788543968,100758225,1788543968.100758314,-0.0000000053494195,0.0000000001128058,0.0107792050708887,0.0000000034612577,0.0000001699455291,-0.0000000083526522,0.9999999999999856
329,1788543968,121046894,1788543968.121046782,-0.0000000053695643,0.0000000001169987,0.0107992042890474,0.0000000035888121,0.0000001705818616,-0.0000000087801467,0.9999999999999853
330,1788543968,141066546,1788543968.141066551,-0.0000000053902593,0.0000000001213848,0.0108192035339791,0.0000000037222674,0.0000001712355064,-0.0000000092249019,0.9999999999999852
331,1788543968,164142163,1788543968.164142132,-0.0000000054114572,0.0000000001259495,0.0108392028061161,0.0000000038611981,0.0000001719050180,-0.0000000096831672,0.9999999999999851
332,1788543968,180945940,1788543968.180945873,-0.0000000054329453,0.0000000001306245,0.0108592021019923,0.0000000040035189,0.0000001725836770,-0.0000000101488014,0.9999999999999850
333,1788543968,201817569,1788543968.201817513,-0.0000000054545713,0.0000000001353831,0.0108792014170800,0.0000000041483881,0.0000001732666509,-0.0000000106227097,0.9999999999999849
334,1788543968,221104040,1788543968.221104145,-0.0000000054763486,0.0000000001402365,0.0108992007522389,0.0000000042961383,0.0000001739543426,-0.0000000111061335,0.9999999999999848
335,1788543968,240713444,1788543968.240713358,-0.0000000054982761,0.0000000001451931,0.0109192001086630,0.0000000044470353,0.0000001746467110,-0.0000000115998308,0.9999999999999847
336,1788543968,261191019,1788543968.261191130,-0.0000000055203360,0.0000000001502300,0.0109391994870687,0.0000000046003579,0.0000001753431825,-0.0000000121042626,0.9999999999999846
337,1788543968,281162783,1788543968.281162739,-0.0000000055426020,0.0000000001553682,0.0109591988886011,0.0000000047567542,0.0000001760460839,-0.0000000126199880,0.9999999999999843
338,1788543968,301247528,1788543968.301247597,-0.0000000055651069,0.0000000001606353,0.0109791983139538,0.0000000049170815,0.0000001767564613,-0.0000000131474011,0.9999999999999842
339,1788543968,323229065,1788543968.323229074,-0.0000000055877500,0.0000000001659814,0.0109991977642119,0.0000000050797724,0.0000001774711046,-0.0000000136869942,0.9999999999999841
340,1788543968,338971424,1788543968.338971376,-0.0000000056061061,0.0000000001703722,0.0110151973427571,0.0000000052134050,0.0000001780504217,-0.0000000141276926,0.9999999999999840
341,1788543968,361732696,1788543968.361732721,-0.0000000056292407,0.0000000001759511,0.0110351968393747,0.0000000053831740,0.0000001787804824,-0.0000000146900448,0.9999999999999839
342,1788543968,377118808,1788543968.377118826,-0.0000000056527464,0.0000000001816971,0.0110551963629234,0.0000000055580676,0.0000001795222346,-0.0000000152655326,0.9999999999999837
343,1788543968,397518839,1788543968.397518873,-0.0000000056763709,0.0000000001875384,0.0110751959135363,0.0000000057358400,0.0000001802676289,-0.0000000158541037,0.9999999999999836
344,1788543968,415986139,1788543968.415986061,-0.0000000056954002,0.0000000001922783,0.0110911955742378,0.0000000058800662,0.0000001808679711,-0.0000000163345074,0.9999999999999835
345,1788543968,433436913,1788543968.433436871,-0.0000000057195659,0.0000000001983483,0.0111111951741656,0.0000000060647991,0.0000001816303061,-0.0000000169471114,0.9999999999999833
346,1788543968,454925801,1788543968.454925776,-0.0000000057439889,0.0000000002045257,0.0111311948047293,0.0000000062527471,0.0000001824006697,-0.0000000175743133,0.9999999999999831
347,1788543968,472785197,1788543968.472785234,-0.0000000057655675,0.0000000002130285,0.0111511944655543,0.0000000064455614,0.0000001831799342,-0.0000000182300044,0.9999999999999830
348,1788543968,493785789,1788543968.493785858,-0.0000000057781902,0.0000000002301812,0.0111711941569088,0.0000000066429681,0.0000001839666512,-0.0000000189466328,0.9999999999999829
349,1788543968,518904321,1788543968.518904209,-0.0000000057808563,0.0000000002595997,0.0111911938797627,0.0000000068454830,0.0000001847631791,-0.0000000197384664,0.9999999999999827
350,1788543968,536046866,1788543968.536046982,-0.0000000057844817,0.0000000003121074,0.0112111936362608,0.0000000070606097,0.0000001855891145,-0.0000000206489711,0.9999999999999826
351,1788543968,560361762,1788543968.560361862,-0.0000000057992625,0.0000000003827487,0.0112311934243800,0.0000000072982112,0.0000001864745386,-0.0000000216577938,0.9999999999999823
352,1788543968,573231454,1788543968.573231459,-0.0000000058153463,0.0000000004588042,0.0112511932199875,0.0000000075429847,0.0000001873812816,-0.0000000227008356,0.9999999999999821
353,1788543968,593376567,1788543968.593376637,-0.0000000058316737,0.0000000005351627,0.0112711930141686,0.0000000077890903,0.0000001882941220,-0.0000000237480347,0.9999999999999819
354,1788543968,617971629,1788543968.617971659,-0.0000000058479468,0.0000000006103894,0.0112911928049079,0.0000000080340319,0.0000001892064177,-0.0000000247911214,0.9999999999999818
355,1788543968,635319025,1788543968.635318995,-0.0000000058642183,0.0000000006841701,0.0113111925913496,0.0000000082786404,0.0000001901203734,-0.0000000258273257,0.9999999999999816
356,1788543968,652881690,1788543968.652881622,-0.0000000058806841,0.0000000007566398,0.0113311923734405,0.0000000085223254,0.0000001910368718,-0.0000000268573829,0.9999999999999813
357,1788543968,670548635,1788543968.670548677,-0.0000000058937011,0.0000000008137381,0.0113471921959998,0.0000000087170966,0.0000001917722410,-0.0000000276778928,0.9999999999999811
358,1788543968,688811869,1788543968.688811779,-0.0000000059091858,0.0000000008840983,0.0113671919704143,0.0000000089589363,0.0000001926921117,-0.0000000287007929,0.9999999999999810
359,1788543968,718641152,1788543968.718641043,-0.0000000059240209,0.0000000009536565,0.0113871917408369,0.0000000092004920,0.0000001936159934,-0.0000000297223649,0.9999999999999808
360,1788543968,728770759,1788543968.728770733,-0.0000000059380715,0.0000000010221751,0.0114071915072467,0.0000000094412226,0.0000001945420577,-0.0000000307410485,0.9999999999999806
361,1788543968,752246672,1788543968.752246618,-0.0000000059514372,0.0000000010895621,0.0114271912699286,0.0000000096808531,0.0000001954703010,-0.0000000317543731,0.9999999999999803
362,1788543968,768486812,1788543968.768486738,-0.0000000059653989,0.0000000011562922,0.0114471910346265,0.0000000099225032,0.0000001964008491,-0.0000000327515911,0.9999999999999801
363,1788543968,788528451,1788543968.788528442,-0.0000000059816488,0.0000000012253819,0.0114671908093296,0.0000000101656063,0.0000001973288653,-0.0000000337507311,0.9999999999999799
364,1788543968,809913616,1788543968.809913635,-0.0000000059990121,0.0000000012976099,0.0114871905975208,0.0000000104068425,0.0000001982410630,-0.0000000347603161,0.9999999999999797
365,1788543968,829347019,1788543968.829347134,-0.0000000060161206,0.0000000013755040,0.0115071904017994,0.0000000106526602,0.0000001991549873,-0.0000000357949137,0.9999999999999795
366,1788543968,852183933,1788543968.852183819,-0.0000000060247010,0.0000000014619207,0.0115271902226187,0.0000000109026775,0.0000002000726784,-0.0000000368901289,0.9999999999999792
367,1788543968,870466898,1788543968.870466948,-0.0000000060076921,0.0000000015592383,0.0115471900621109,0.0000000111533574,0.0000002009974471,-0.0000000380869144,0.9999999999999790
368,1788543968,888475964,1788543968.888475895,-0.0000000059461688,0.0000000016691848,0.0115671899267442,0.0000000113994712,0.0000002019822901,-0.0000000394228707,0.9999999999999787
369,1788543968,909350363,1788543968.909350395,-0.0000000057735158,0.0000000018251395,0.0115871898194929,0.0000000116411294,0.0000002030530289,-0.0000000411191532,0.9999999999999785
370,1788543968,929107038,1788543968.929106951,0.0000010225122525,0.0000010282589026,0.0116071897394437,0.0000000118927082,0.0000002041460507,-0.0000041483175335,0.9999999999913748
371,1788543968,950484955,1788543968.950484991,0.0000197911936643,0.0000198692648011,0.0116271896774262,0.0000000122742871,0.0000002049263042,-0.0000795183377055,0.9999999968383959
372,1788543968,968937772,1788543968.968937874,0.0000677626631300,0.0000680369159237,0.0116435521107493,0.0000012974704579,0.0000002213722484,-0.0002721187360617,0.9999999629748325
373,1788543968,985474093,1788543968.985474110,0.0002060376333413,0.0002017288524810,0.0116770028598070,0.0000489529640888,-0.0000000883592791,-0.0008025034216366,0.9999996767958766
374,1788543969,5583352,1788543969.005583286,0.0004628041357079,0.0004362335657202,0.0117436931540452,0.0002143299661014,-0.0000025696717590,-0.0017257814467238,0.9999984878660870
375,1788543969,26542027,1788543969.026541948,0.0008195707727112,0.0007933124394845,0.0118644822728195,0.0005713484982014,-0.0000055507700658,-0.0031243931659209,0.9999949558359919
376,1788543969,50816558,1788543969.050816536,0.0011535623954181,0.0011854581609949,0.0120156307501973,0.0010484418858516,-0.0000004670929179,-0.0046568385143592,0.9999886072473251
377,1788543969,60681315,1788543969.060681343,0.0015525163997873,0.0018201837010767,0.0123090368042477,0.0019135414886386,0.0001196856817498,-0.0071725919017599,0.9999724386000445
378,1788543969,82105052,1788543969.082105160,0.0017727833974420,0.0025137860110315,0.0127689267346295,0.0029021987092132,0.0006275633815167,-0.0104802935527183,0.9999406716670260
379,1788543969,103332961,1788543969.103332996,0.0018802161966872,0.0030367330987638,0.0132964936653000,0.0036489984226635,0.0011841531826461,-0.0137002686023986,0.9998987874940011
380,1788543969,118103951,1788543969.118103981,0.0020424061222589,0.0036039988861948,0.0141998114507286,0.0044466021418276,0.0018425715673525,-0.0184180716879588,0.9998187872283200
381,1788543969,146553985,1788543969.146553993,0.0022663118803084,0.0040549880190341,0.0154257443377249,0.0050661484687932,0.0024059529112494,-0.0238822111736621,0.9996990474736572
382,1788543969,157031902,1788543969.157032013,0.0025340001048260,0.0043978057555892,0.0170359191728883,0.0055361639854432,0.0029208098268450,-0.0300679710559248,0.9995282571667805
383,1788543969,176774268,1788543969.176774263,0.0028466254000945,0.0046353608158773,0.0190881280889944,0.0058727750307647,0.0033929756778905,-0.0369481500622118,0.9992941671182053
384,1788543969,197139917,1788543969.197139978,0.0032172409987377,0.0047636524172615,0.0216358343379299,0.0060768237610759,0.0038021578490315,-0.0444970419631655,0.9989837981995484
385,1788543969,216976164,1788543969.216976166,0.0036526717943078,0.0047821097033578,0.0247293448148600,0.0061541587766693,0.0041395802492575,-0.0526913085038372,0.9985833045936954
386,1788543969,236807826,1788543969.236807823,0.0041537678546861,0.0046962888199003,0.0284162317630978,0.0061208533123900,0.0044078550690350,-0.0615089698257983,0.9980780293140350
387,1788543969,256425175,1788543969.256425142,0.0047185704212359,0.0045117470127387,0.0327410784033907,0.0059907313887488,0.0046141399599885,-0.0709290092306584,0.9974527038909738
388,1788543969,282363451,1788543969.282363415,0.0052166819396059,0.0042995202137933,0.0366881570314480,0.0058309662986218,0.0047355547996896,-0.0788850491263289,0.9968554174889658
389,1788543969,292906899,1788543969.292907000,0.0058982004320810,0.0039575713862454,0.0422628777439682,0.0055699354103730,0.0048316775144256,-0.0893385022476545,0.9959740271352796
390,1788543969,314292266,1788543969.314292192,0.0066427020354814,0.0035374347710640,0.0485825099383901,0.0052532685462727,0.0048716685245804,-0.1003402779594197,0.9949273835986191
391,1788543969,333035536,1788543969.333035469,0.0074443225249526,0.0030478621979013,0.0556795315191849,0.0048950198345372,0.0048679044455618,-0.1118725816727874,0.9936985799310543
392,1788543969,353343702,1788543969.353343725,0.0083000347126350,0.0024965434423758,0.0635832572101564,0.0045064360994682,0.0048262995179620,-0.1239182266935299,0.9922704631096178
393,1788543969,378103405,1788543969.378103495,0.0092106151517026,0.0018900943662624,0.0723199239523729,0.0040967494587885,0.0047443858585606,-0.1364602007429110,0.9906257219858070
394,1788543969,397304912,1788543969.397305012,0.0101736384886242,0.0012351760012215,0.0819133155152403,0.0036739716270603,0.0046258933340304,-0.1494828551694536,0.9887466708180280
395,1788543969,414838224,1788543969.414838314,0.0111866728875071,0.0005392757645125,0.0923841674168607,0.0032473087151907,0.0044745320343693,-0.1629707684686857,0.9866154074277919
396,1788543969,432552127,1788543969.432552099,0.0122464785067324,-0.0001887124734054,0.1037515303799436,0.0028282117630329,0.0042960883212605,-0.1769086235683007,0.9842138404587332
397,1788543969,455792267,1788543969.455792189,0.0133502375639300,-0.0009441045124160,0.1160327685235334,0.0024195461458734,0.0040940521312189,-0.1912802959071174,0.9815239339574356
398,1788543969,477903040,1788543969.477903128,0.0144964015764581,-0.0017222090012884,0.1292527060868356,0.0020249845985782,0.0038693440862052,-0.2060583371416737,0.9785299634186612
399,1788543969,495290554,1788543969.495290518,0.0156815685691871,-0.0025242000087042,0.1434799202489301,0.0016364069971540,0.0036245620223207,-0.2211952415209461,0.9752214363162739
400,1788543969,518040165,1788543969.518040180,0.0169009099828175,-0.0033514170470932,0.1588116783193020,0.0012446383850115,0.0033646251008551,-0.2366408617052466,0.9715905684724505
401,1788543969,532194315,1788543969.532194376,0.0181479130986983,-0.0042047985593388,0.1753518676734271,0.0008397030491962,0.0030971385579713,-0.2523454237801355,0.9676318978458521
402,1788543969,552754656,1788543969.552754641,0.0194142293547916,-0.0050791938189415,0.1932060166082801,0.0004214877673964,0.0028358559749025,-0.2682602149759931,0.9633422223332607
403,1788543969,584597397,1788543969.584597349,0.0206995044560497,-0.0059677811055191,0.2124769636221001,-0.0000038861981679,0.0025796918978555,-0.2843379926777829,0.9587206324548245
404,1788543969,593559098,1788543969.593559027,0.0219984690655460,-0.0068637986837065,0.2332643544168749,-0.0004341511559638,0.0023377175982285,-0.3005337346450668,0.9537682218073179
405,1788543969,619199646,1788543969.619199753,0.0233125909567436,-0.0077604569835141,0.2556301159835308,-0.0008639077489815,0.0021060164993778,-0.3168107227675057,0.9484860485518152
406,1788543969,632423967,1788543969.632423878,0.0246480002046762,-0.0086538576484115,0.2794995960890826,-0.0012898190885379,0.0018693248692435,-0.3331339354234782,0.9428767804228281
407,1788543969,653812689,1788543969.653812647,0.0260064826863216,-0.0095391486671550,0.3047099041047086,-0.0017081171019887,0.0016214612356486,-0.3494653031413181,0.9369463459023541
408,1788543969,682046156,1788543969.682046175,0.0273883008003161,-0.0104055259713648,0.3310690237949983,-0.0021036285176025,0.0013641187534304,-0.3657685538523475,0.9307024653130821
409,1788543969,695722048,1788543969.695722103,0.0285106429939338,-0.0110784370062560,0.3528530974884914,-0.0023943662868811,0.0011531364853665,-0.3787687931981628,0.9254875140084483
410,1788543969,716525041,1788543969.716525078,0.0299336483391363,-0.0118872539842444,0.3808027117844220,-0.0027166232587573,0.0008876083224386,-0.3949424771154655,0.9187014051798528
411,1788543969,728920508,1788543969.728920460,0.0313793379629391,-0.0126597822602469,0.4093952810590460,-0.0029952765731780,0.0006171311270706,-0.4110068004467667,0.9116271482650864
412,1788543969,756913672,1788543969.756913662,0.0325508644096455,-0.0132492825151765,0.4326268260033587,-0.0031851037672509,0.0004001344898828,-0.4237643167602886,0.9057668015814379
413,1788543969,764965404,1788543969.764965296,0.0340328873080002,-0.0139478695155509,0.4619985534864171,-0.0033786977860942,0.0001308650438014,-0.4395780129728435,0.8981980504245470
414,1788543969,784381665,1788543969.784381628,0.0355327765268827,-0.0146008734972065,0.4916256731347609,-0.0035209393667631,-0.0001316308303640,-0.4552283877625819,0.8903677333744640
415,1788543969,809084578,1788543969.809084654,0.0370505272573920,-0.0152081899001669,0.5213971684952723,-0.0036123860568118,-0.0003882423751392,-0.4707013202787629,0.8822851392960578
416,1788543969,825201110,1788543969.825201035,0.0385835873848572,-0.0157674297267203,0.5512163497942997,-0.0036513013082850,-0.0006326837866355,-0.4859850350461231,0.8739592744637480
417,1788543969,848014428,1788543969.848014355,0.0401311338348707,-0.0162808572412869,0.5809988905677330,-0.0036422613441882,-0.0008661056418514,-0.5010697554469092,0.8653988005363148
418,1788543969,864412292,1788543969.864412308,0.0416924490410852,-0.0167494562909140,0.6106710680130658,-0.0035868022944553,-0.0010885188011939,-0.5159471578933376,0.8566122111188396
419,1788543969,884352103,1788543969.884352207,0.0432667314177734,-0.0171785638062655,0.6401686421800439,-0.0034936505070407,-0.0013044437977455,-0.5306107712329579,0.8476073986723327
420,1788543969,915462785,1788543969.915462732,0.0445335930576685,-0.0174937209675708,0.6636031661488140,-0.0033932335232666,-0.0014698333277327,-0.5421843764126580,0.8402514073360796
421,1788543969,920672059,1788543969.920671940,0.0461248119025563,-0.0178546166397967,0.6926513471875250,-0.0032389890126266,-0.0016672765852729,-0.5564517149230064,0.8308719625178175
422,1788543969,940889655,1788543969.940889597,0.0477234176320038,-0.0181806908901475,0.7213880862467730,-0.0030550001312944,-0.0018551674012193,-0.5704941349992410,0.8212938982237595
423,1788543969,960406850,1788543969.960406780,0.0493265144647542,-0.0184713047857155,0.7497753203498749,-0.0028408458383215,-0.0020283143442536,-0.5843091791857787,0.8115236279093081
424,1788543969,980400030,1788543969.980400085,0.0509331766403545,-0.0187291961435700,0.7777809321829349,-0.0025993471993694,-0.0021888078671910,-0.5978953563497048,0.8015669624989026
425,1788543970,6725361,1788543970.006725311,0.0525428188532204,-0.0189578605961126,0.8053780530284780,-0.0023337369403222,-0.0023403584696169,-0.6112517546146539,0.7914293202015162
426,1788543970,20703254,1788543970.020703316,0.0541530908491831,-0.0191603821739970,0.8325443997275842,-0.0020483826792173,-0.0024835091519650,-0.6243777210922705,0.7811159310334891
427,1788543970,40814805,1788543970.040814877,0.0557610229158382,-0.0193414854844813,0.8592617341797987,-0.0017508746196105,-0.0026202836091940,-0.6372733126918811,0.7706314251849516
428,1788543970,60141862,1788543970.060141802,0.0573634875955747,-0.0195027187364346,0.8855155237354719,-0.0014438205713012,-0.0027487602795225,-0.6499388193576107,0.7599801910517923
429,1788543970,80543099,1788543970.080543041,0.0589573336005746,-0.0196453305217388,0.9112945388895388,-0.0011294904626340,-0.0028667826238328,-0.6623746361651728,0.7491664348953024
430,1788543970,108794830,1788543970.108794928,0.0605394075514212,-0.0197721706441461,0.9365905850308376,-0.0008127336681131,-0.0029745754414152,-0.6745816280597509,0.7381938217359882
431,1788543970,120585711,1788543970.120585680,0.0621071794795010,-0.0198857577718439,0.9613984358419134,-0.0004970477354455,-0.0030731536553198,-0.6865609011936269,0.7270656350167806
432,1788543970,141672850,1788543970.141672850,0.0636571773573602,-0.0199890538446500,0.9857154364838100,-0.0001879637933395,-0.0031630280386558,-0.6983134781327573,0.7157850558522232
433,1788543970,160317271,1788543970.160317183,0.0651889620568516,-0.0200829637396012,1.0095411752688863,0.0001162968341453,-0.0032464931787661,-0.7098405008278713,0.7043549603300336
434,1788543970,180353393,1788543970.180353403,0.0666998634350796,-0.0201672135248672,1.0328771624597033,0.0004158927346000,-0.0033208341768668,-0.7211431521740581,0.6927779970279558
435,1788543970,203590743,1788543970.203590631,0.0681883112645156,-0.0202403690942010,1.0557263023704031,0.0007139811733704,-0.0033831312111779,-0.7322224315156206,0.6810567931086543
436,1788543970,217543618,1788543970.217543602,0.0693598412067500,-0.0202941151778057,1.0736576504953370,0.0009444743661204,-0.0034257734195176,-0.7409255554820490,0.6715777641332886
437,1788543970,236578936,1788543970.236578941,0.0707974247840813,-0.0203571360930130,1.0956410839338553,0.0012185759749069,-0.0034704366365248,-0.7516046418858043,0.6596036184238661
438,1788543970,256350750,1788543970.256350756,0.0722056193864960,-0.0204127365665989,1.1171517039142382,0.0014843784707824,-0.0035033106758256,-0.7620621632640562,0.6474926893457339
439,1788543970,276470784,1788543970.276470900,0.0735844018454015,-0.0204646727356950,1.1381968721751468,0.0017397636013684,-0.0035316667084034,-0.7722985453063331,0.6352475560524369
440,1788543970,300208743,1788543970.300208807,0.0749293577652756,-0.0205129535374939,1.1587849424294618,0.0019806380564560,-0.0035512489685621,-0.7823143261981766,0.6228705810429208
441,1788543970,316327312,1788543970.316327333,0.0762390962524324,-0.0205560157622470,1.1789248084220953,0.0022093288279826,-0.0035592974152164,-0.7921099131012014,0.6103641010371164
442,1788543970,336629389,1788543970.336629391,0.0775129371835820,-0.0205947857094137,1.1986258368239369,0.0024258807303892,-0.0035578275600555,-0.8016855674394153,0.5977304642772340
443,1788543970,356303123,1788543970.356303215,0.0787505097049096,-0.0206310039180258,1.2178978514418470,0.0026298043219551,-0.0035505383928691,-0.8110413754578728,0.5849721062595641
444,1788543970,376541587,1788543970.376541615,0.0797144017199737,-0.0206579548716450,1.2330135353516245,0.0027854857660775,-0.0035409652779597,-0.8183676973065235,0.5746773134892014
445,1788543970,392433037,1788543970.392432928,0.0808863804704566,-0.0206877283708407,1.2515395571687209,0.0029738506261570,-0.0035226655831014,-0.8273276130907551,0.5617007812502993
446,1788543970,412834006,1788543970.412833929,0.0820175403121319,-0.0207152561669325,1.2696659120191853,0.0031473319468402,-0.0034969218134845,-0.8360674547975746,0.5486064863522416
447,1788543970,434241686,1788543970.434241772,0.0831049887319826,-0.0207408608192498,1.2874034097308962,0.0033022549317857,-0.0034622780607775,-0.8445870242829741,0.5353969239319799
448,1788543970,452526662,1788543970.452526569,0.0841512509624775,-0.0207631645691433,1.3047627532050980,0.0034459290068236,-0.0034202950312968,-0.8528859118480419,0.5220747537722091
449,1788543970,472420131,1788543970.472420216,0.0851561787871826,-0.0207805505151983,1.3217545144253675,0.0035810713050395,-0.0033687818408084,-0.8609635590484340,0.5086428778896547
450,1788543970,492405652,1788543970.492405653,0.0861174876248506,-0.0207951452132075,1.3383891759879620,-0.0037024632316824,0.0033098145245800,0.8688194334622161,-0.4951041596797837
451,1788543970,512473200,1788543970.512473106,0.0870362599679037,-0.0208065247581326,1.3546776975670707,-0.0038134476549077,0.0032444610442918,0.8764531054646585,-0.4814611978247796
452,1788543970,534719613,1788543970.534719706,0.0879135512094581,-0.0208151068028007,1.3706301603080238,-0.0039163907973158,0.0031750227669839,0.8838640485414827,-0.4677167142720166
453,1788543970,552349909,1788543970.552349806,0.0887478307201760,-0.0208201421299442,1.3862565829984450,-0.0040100221794535,0.0030990506463554,0.8910517902638957,-0.4538733553258199
454,1788543970,573204064,1788543970.573204041,0.0895393122847800,-0.0208201014676143,1.4015670851953153,-0.0040967267307800,0.0030142565668008,0.8980158536285112,-0.4399336969581887
455,1788543970,598157721,1788543970.598157644,0.0902856864521044,-0.0208156863694436,1.4165715826067011,-0.0041719716974615,0.0029200434194851,0.9047556553026054,-0.4259005426112266
456,1788543970,612259423,1788543970.612259388,0.0909873962111161,-0.0208083563433078,1.4312798409888701,-0.0042355607161379,0.0028197423610669,0.9112705188095047,-0.4117768213815503
457,1788543970,633946080,1788543970.633946180,0.0916464158596757,-0.0207984185652804,1.4457014295843733,-0.0042911766975312,0.0027156898562600,0.9175598034900185,-0.3975653629914377
458,1788543970,652398938,1788543970.652398825,0.0922612915100653,-0.0207844608416265,1.4598453854222000,-0.0043373579478429,0.0026039498889541,0.9236228917242901,-0.3832690447373336
459,1788543970,673180820,1788543970.673180819,0.0928314658047219,-0.0207667221694265,1.4737204742366830,-0.0043727283066574,0.0024844270327798,0.9294591199348918,-0.3688908391913944
460,1788543970,697734342,1788543970.697734356,0.0933588658878349,-0.0207468861370910,1.4873351691098362,-0.0043994938338417,0.0023616039017990,0.9350677742104518,-0.3544338089321173
461,1788543970,712659287,1788543970.712659359,0.0938423560806548,-0.0207238334463773,1.5006975889718894,-0.0044160431403895,0.0022321765676312,0.9404481666401009,-0.3399011059323374
462,1788543970,740286871,1788543970.740286827,0.0941986619140182,-0.0207035053604190,1.5112111331023554,-0.0044235127165275,0.0021252482512879,0.9445876559439601,-0.3282226014359947
463,1788543970,748312487,1788543970.748312473,0.0946076189796201,-0.0206759217868301,1.5241389773875906,-0.0044283995112879,0.0019883660610800,0.9495553847916878,-0.3135618071310426
464,1788543970,768427793,1788543970.768427849,0.0949727087320323,-0.0206467041174176,1.5368358094960264,-0.0044207057688338,0.0018466720186859,0.9542929193418173,-0.2988345215282742
465,1788543970,788857646,1788543970.788857698,0.0952936879449449,-0.0206153992781960,1.5493089147497323,-0.0043994995294362,0.0016986901849227,0.9587996121435574,-0.2840441208842562
466,1788543970,810935451,1788543970.810935497,0.0955740662907889,-0.0205824167163222,1.5615652657479342,-0.0043705478736814,0.0015466966503220,0.9630747941071227,-0.2691940693928429
467,1788543970,834218886,1788543970.834218979,0.0958163873465245,-0.0205493363518099,1.5736113952934394,-0.0043371099752966,0.0013943475152861,0.9671178493543930,-0.2542878501466446
468,1788543970,848861056,1788543970.848860979,0.0960221410410543,-0.0205160107538567,1.5854533153342596,-0.0043013754660083,0.0012410795878531,0.9709282051941308,-0.2393290167302349
469,1788543970,868567658,1788543970.868567705,0.0961887153599160,-0.0204834979809022,1.5970966915516507,-0.0042566908150721,0.0010866794452389,0.9745053736045950,-0.2243211459645673
470,1788543970,890107478,1788543970.890107393,0.0963165844307591,-0.0204528592308865,1.6085471155423217,-0.0042025351916754,0.0009326538707897,0.9778488391507424,-0.2092680497024471
471,1788543970,908739615,1788543970.908739567,0.0964077901292882,-0.0204247963595197,1.6198099440353841,-0.0041416871721289,0.0007804246301977,0.9809581196569972,-0.1941736461103128
472,1788543970,936241061,1788543970.936241150,0.0964649016548987,-0.0203985916965026,1.6308904019869124,-0.0040785403963416,0.0006285480446396,0.9838328441379829,-0.1790416298824335
473,1788543970,948734543,1788543970.948734522,0.0964865866268476,-0.0203741106327975,1.6417935118329503,-0.0040092520768033,0.0004751528738047,0.9864727398515272,-0.1638756652384743
474,1788543970,970003394,1788543970.970003366,0.0964766720616953,-0.0203521474911533,1.6525242170993133,-0.0039400715198646,0.0003220376726440,0.9888775247775514,-0.1486795652333527
475,1788543970,995394109,1788543970.995393991,0.0964326990136470,-0.0203355168912378,1.6630869322625255,-0.0038639696614513,0.0001729757064090,0.9910470403228634,-0.1334571230214158
476,1788543971,9927262,1788543971.009927273,0.0963601765824916,-0.0203247076138979,1.6734860010420851,-0.0037910075910229,0.0000293827461395,0.9929811165446714,-0.1182122226497613
477,1788543971,28804651,1788543971.028804541,0.0962566708749516,-0.0203207710551787,1.6837254450433761,-0.0037149786877060,-0.0001084252049217,0.9946797030081268,-0.1029488980076500
478,1788543971,46363771,1788543971.046363831,0.0961505766521542,-0.0203218408076312,1.6918047394225240,-0.0036494173752849,-0.0002168375276967,0.9958690297192692,-0.0907276715247842
479,1788543971,65493784,1788543971.065493822,0.0959916141513876,-0.0203301407371154,1.7017668932833176,-0.0035659733504404,-0.0003468040184316,0.9971438314854295,-0.0754409894659016
480,1788543971,84577727,1788543971.084577799,0.0958029901484844,-0.0203466914391466,1.7115804365846814,-0.0034790419798859,-0.0004704631976615,0.9981833927031989,-0.0601464002481719
481,1788543971,105233363,1788543971.105233431,0.0955836834182972,-0.0203735168804478,1.7212491130749799,-0.0033852820860580,-0.0005844953076077,0.9989879242012663,-0.0448478040764354
482,1788543971,124884248,1788543971.124884367,0.0953366422353750,-0.0204106772596078,1.7307767909669161,-0.0032897996574289,-0.0006890707850357,0.9995576862504487,-0.0295488452789035
483,1788543971,144474702,1788543971.144474745,0.0950638084815617,-0.0204584185281902,1.7401672545485647,-0.0031956026453385,-0.0007842008417382,0.9998930056104437,-0.0142530868265874
484,1788543971,164723995,1788543971.164724112,0.0947602983250075,-0.0205178580421833,1.7494240371591518,-0.0030916578490839,-0.0008681557255608,0.9999943073836595,0.0010359332293462
485,1788543971,184496576,1788543971.184496641,0.0944278733900466,-0.0205883585517240,1.7585505549427205,-0.0029805860367257,-0.0009422204902964,0.9998620214965698,0.0163146037714175
486,1788543971,204743375,1788543971.204743385,0.0940716299102523,-0.0206708557702827,1.7675501879813846,-0.0028717995600820,-0.0010046828768445,0.9994966180207567,0.0315793278059059
487,1788543971,236364516,1788543971.236364603,0.0936947644697155,-0.0207666445587195,1.7764263343035014,-0.0027709754586426,-0.0010533395878909,0.9988986387614105,0.0468265058628265
488,1788543971,244671241,1788543971.244671345,0.0932908983533815,-0.0208746403676877,1.7851821123902420,-0.0026640341595710,-0.0010898368038267,0.9980687334807505,0.0620525456840242
489,1788543971,264432689,1788543971.264432669,0.0928607084787623,-0.0209934129780840,1.7938205845658071,-0.0025511993764480,-0.0011166245942016,0.9970075644829687,0.0772538730096828
490,1788543971,284869726,1788543971.284869671,0.0924100795984263,-0.0211234632091883,1.8023447835045043,-0.0024435130347224,-0.0011330552168103,0.9957158281909353,0.0924269166420940
491,1788543971,305041247,1788543971.305041313,0.0919389827881768,-0.0212625526541477,1.8107576203390310,-0.0023393762053729,-0.0011433480405908,0.9941943058545578,0.1075681285539624
492,1788543971,331486314,1788543971.331486225,0.0914448345628343,-0.0214119094320365,1.8190617988884730,-0.0022326316630202,-0.0011438096940483,0.9924438590968307,0.1226739320158560
493,1788543971,345578380,1788543971.345578432,0.0909302727589122,-0.0215724789009036,1.8272598681097469,-0.0021279043803994,-0.0011323160752124,0.9904653776745215,0.1377407910218370
494,1788543971,365013687,1788543971.365013599,0.0903967812325316,-0.0217428511141036,1.8353542775282861,-0.0020268612585798,-0.0011113146705964,0.9882598018673772,0.1527652474425842
495,1788543971,385293244,1788543971.385293245,0.0898423133199875,-0.0219197143616566,1.8433472262129698,-0.0019232200066756,-0.0010858824883715,0.9858281390255138,0.1677438594688922
496,1788543971,404728205,1788543971.404728174,0.0892669309240760,-0.0221012853881366,1.8512406115544366,-0.0018151927083398,-0.0010583618065748,0.9831714595076400,0.1826731128418606
497,1788543971,426177082,1788543971.426177025,0.0886729734620442,-0.0222889878671760,1.8590362771070812,-0.0017066605026015,-0.0010254298840428,0.9802908762606963,0.1975495728254508
498,1788543971,447540117,1788543971.447540045,0.0880636875472460,-0.0224827869126305,1.8667361928119168,-0.0016028552323082,-0.0009873030518434,0.9771875540793530,0.2123698195135071
499,1788543971,466992659,1788543971.466992617,0.0874409581996009,-0.0226816148928607,1.8743422103736238,-0.0015058193728271,-0.0009459107209321,0.9738627724730056,0.2271302228945227
500,1788543971,490888047,1788543971.490888119,0.0868021944503690,-0.0228832538751436,1.8818559574932068,-0.0014080192437624,-0.0009033750027871,0.9703178157649430,0.2418274959647140
501,1788543971,505281579,1788543971.505281687,0.0861472009204982,-0.0230874718306383,1.8892790067349396,-0.0013075925549868,-0.0008586886852576,0.9665539814738644,0.2564584834870408
502,1788543971,528515902,1788543971.528515816,0.0854809563325181,-0.0232964651093419,1.8966130452847743,-0.0012143046311731,-0.0008088046014545,0.9625726004302503,0.2710200365292669
503,1788543971,545666289,1788543971.545666218,0.0848022549814585,-0.0235063434226445,1.9038596658944358,-0.0011223566101278,-0.0007596360884318,0.9583750985253476,0.2855089031802389
504,1788543971,569352143,1788543971.569352150,0.0841086783699689,-0.0237137120114906,1.9110204000420548,-0.0010235143922539,-0.0007150596991656,0.9539630172295944,0.2999216612152650
505,1788543971,585378397,1788543971.585378408,0.0834051828102705,-0.0239225853807851,1.9180969351745301,-0.0009284254019825,-0.0006688290224022,0.9493378636215613,0.3142551692310910
506,1788543971,604876560,1788543971.604876518,0.0826957293229390,-0.0241377774738840,1.9250909161592693,-0.0008467199408914,-0.0006131450245325,0.9445011820416622,0.3285063534247452
507,1788543971,629329873,1788543971.629329920,0.0819775606914508,-0.0243569374884232,1.9320041299208994,-0.0007705885438365,-0.0005498370983444,0.9394546362651048,0.3426719864133351
508,1788543971,647743199,1788543971.647743225,0.0812500646415175,-0.0245756887841624,1.9388383853586280,-0.0006948406349571,-0.0004856578789979,0.9341998177024514,0.3567491863166939
509,1788543971,665266221,1788543971.665266275,0.0805164157253716,-0.0247935773216955,1.9455953681245808,-0.0006241166103095,-0.0004224274515760,0.9287383615059246,0.3707350642990159
510,1788543971,684810961,1788543971.684810877,0.0797773656783930,-0.0250109498046897,1.9522764579461407,-0.0005589993951169,-0.0003588490673211,0.9230719502614189,0.3846267455437853
511,1788543971,704826094,1788543971.704826117,0.0790333910793633,-0.0252272200259864,1.9588831683272496,-0.0004989188464003,-0.0002952387919410,0.9172022526989854,0.3984214998691045
512,1788543971,732240218,1788543971.732240200,0.0782854554059333,-0.0254441706297068,1.9654171169647661,-0.0004462672891504,-0.0002278659183716,0.9111309803892023,0.4121165921164073
513,1788543971,744537643,1788543971.744537592,0.0775334678575407,-0.0256585638598975,1.9718798481184034,-0.0003973676821373,-0.0001615747442260,0.9048598906898829,0.4257092836822099
514,1788543971,764735278,1788543971.764735222,0.0767764476591793,-0.0258691366950860,1.9782726704908973,-0.0003484256096512,-0.0000965534309224,0.8983907702255006,0.4391968729973624
515,1788543971,793267619,1788543971.793267727,0.0760175458153224,-0.0260760401349733,1.9845970376293798,-0.0003045306735083,-0.0000340641369778,0.8917254250177541,0.4525767034189998
516,1788543971,804655940,1788543971.804656029,0.0752573371838041,-0.0262769213048996,1.9908542768176560,-0.0002636163344419,0.0000221557397802,0.8848656544117415,0.4658462231874718
517,1788543971,831234301,1788543971.831234217,0.0744978498156978,-0.0264753302681770,1.9970455391462139,-0.0002318799392739,0.0000776326249628,0.8778133267997942,0.4790028220141788
518,1788543971,844806996,1788543971.844806910,0.0737378073702071,-0.0266685641922347,2.0031720688522610,-0.0002036728332402,0.0001295852032959,0.8705703097150620,0.4920439793023313
519,1788543971,864461406,1788543971.864461422,0.0729773106696362,-0.0268553953438804,2.0092350701169099,-0.0001772168078192,0.0001766917882724,0.8631384866348905,0.5049672170189329
520,1788543971,882847760,1788543971.882847786,0.0723680864633601,-0.0270007914571305,2.0140406660614634,-0.0001565130807663,0.0002130224600865,0.8570583672148043,0.5152192594538567
521,1788543971,900557702,1788543971.900557756,0.0716053195486848,-0.0271762945139642,2.0199930094536178,-0.0001290943619757,0.0002557468462283,0.8492913981639114,0.5279242738622509
522,1788543971,920896140,1788543971.920896053,0.0708439574522205,-0.0273469921627003,2.0258860645635250,-0.0001065323634364,0.0002970397937584,0.8413408814139525,0.5405047841414632
523,1788543971,941154979,1788543971.941154957,0.0700844734991580,-0.0275105304004626,2.0317210716856704,-0.0000864050292284,0.0003330082723767,0.8332088442601782,0.5529583198454288
524,1788543971,960888858,1788543971.960888863,0.0693247361532034,-0.0276653425485293,2.0374990554173298,-0.0000625628566833,0.0003641840609318,0.8248973093730084,0.5652824890663339
525,1788543971,986655881,1788543971.986655951,0.0685655728916695,-0.0278119229634043,2.0432209734379385,-0.0000362568238705,0.0003913163055890,0.8164083803437679,0.5774748497220095
526,1788543972,395992,1788543972.000396013,0.0678076990803671,-0.0279493077360632,2.0488876020589597,-0.0000067528861771,0.0004126980429341,0.8077441895803388,0.5895329963911481
527,1788543972,20668448,1788543972.020668507,0.0670523454405017,-0.0280790680397509,2.0544996385123619,0.0000228616151615,0.0004300939217679,0.7989068236617846,0.6014546546525377
528,1788543972,40746695,1788543972.040746689,0.0662998695984994,-0.0282008678065827,2.0600576332457345,0.0000532555992689,0.0004429865089533,0.7898984232155798,0.6132375411929174
529,1788543972,60551072,1788543972.060551167,0.0655490857157530,-0.0283160521163006,2.0655621140789981,0.0000854762540656,0.0004555043690888,0.7807211656787606,0.6248793856983736
530,1788543972,84158651,1788543972.084158659,0.0648000786840791,-0.0284239124943093,2.0710134247542991,0.0001210370838912,0.0004668628796425,0.7713772005457472,0.6363780180578852
531,1788543972,102959575,1788543972.102959633,0.0642029867375592,-0.0285035025770410,2.0753364518065194,0.0001530157725932,0.0004720924466303,0.7637834795012435,0.6454723465462086
532,1788543972,121075887,1788543972.121075869,0.0634603225273182,-0.0285977956186462,2.0806929239634853,0.0001923511019650,0.0004777270873726,0.7541450154355798,0.6567077207339296
533,1788543972,137181846,1788543972.137181759,0.0627207549667201,-0.0286872813959532,2.0859969395380689,0.0002320326818860,0.0004854283634085,0.7443461159657891,0.6677938081225243
534,1788543972,156505580,1788543972.156505585,0.0619858565606219,-0.0287716071029869,2.0912485997577495,0.0002709223437618,0.0004927258820558,0.7343890825821829,0.6787284871039291
535,1788543972,181046836,1788543972.181046724,0.0612565621431800,-0.0288512797245004,2.0964480870291373,0.0003077543342270,0.0004992538094776,0.7242762686450949,0.6895096393165521
536,1788543972,197298345,1788543972.197298288,0.0605338694039584,-0.0289251113704064,2.1015954981281051,0.0003436139011944,0.0005019400559525,0.7140099603000114,0.7001352773414887
537,1788543972,216708096,1788543972.216708183,0.0598171984842802,-0.0289961271967927,2.1066909300607883,0.0003758706915340,0.0005061327372059,0.7035925247372810,0.7106033786048968
538,1788543972,236861878,1788543972.236861944,0.0591067047510531,-0.0290657962323261,2.1117343250822014,0.0004027883366934,0.0005136911818011,0.6930263631140076,0.7209119460183033
539,1788543972,257152358,1788543972.257152319,0.0584010176166449,-0.0291327587077258,2.1167256514315205,0.0004288544091586,0.0005247279873809,0.6823140400735814,0.7310588837179275
540,1788543972,283700154,1788543972.283700228,0.0577018560394845,-0.0291953445901186,2.1216647871397551,0.0004547156815460,0.0005344989447651,0.6714578598214077,0.7410424077126637
541,1788543972,296529242,1788543972.296529293,0.0570097210400214,-0.0292560360689156,2.1265516026987110,0.0004765340803334,0.0005458266389105,0.6604602720610808,0.7508606422083619
542,1788543972,317115573,1788543972.317115545,0.0563253161968649,-0.0293141372380596,2.1313858500133307,0.0004949664689960,0.0005567261555105,0.6493237972281553,0.7605117036689126
543,1788543972,336522769,1788543972.336522818,0.0556471923162665,-0.0293717855398656,2.1361672958162630,0.0005090702634155,0.0005723897258912,0.6380511651242367,0.7699935869220422
544,1788543972,356721524,1788543972.356721640,0.0549784525249424,-0.0294278337371281,2.1408957027446447,0.0005169201969192,0.0005864372718616,0.6266449455654182,0.7793044983074012
545,1788543972,384357611,1788543972.384357691,0.0543203515478146,-0.0294813542076996,2.1455706434569066,0.0005188639459995,0.0005956379525669,0.6151079108923547,0.7884425368746146
546,1788543972,397952572,1788543972.397952557,0.0536698901789511,-0.0295348978570119,2.1501917148046759,0.0005149240779247,0.0006080230441761,0.6034427550927801,0.7974059232832464
547,1788543972,416437832,1788543972.416437864,0.0530282929103778,-0.0295844679459770,2.1547587357626883,0.0005102862185300,0.0006166246666700,0.5916519871558710,0.8061930820073470
548,1788543972,443273384,1788543972.443273306,0.0523970053702059,-0.0296316313516587,2.1592715841328234,0.0005009109220975,0.0006210202007749,0.5797381661056190,0.8148024436528477
549,1788543972,457428416,1788543972.457428455,0.0517726325025268,-0.0296782423457835,2.1637301431089262,0.0004879094003827,0.0006290306530536,0.5677039401184343,0.8232324110716607
550,1788543972,484880500,1788543972.484880447,0.0511551729240359,-0.0297240245232871,2.1681342759823963,0.0004716304823793,0.0006403179857485,0.5555519218306084,0.8314814668457035
551,1788543972,496843355,1788543972.496843338,0.0505476771912064,-0.0297690308517233,2.1724840121921076,0.0004483982299670,0.0006497057144771,0.5432846926498585,0.8395481639273954
552,1788543972,518227328,1788543972.518227339,0.0499501361029732,-0.0298137860522401,2.1767797161100386,0.0004172667580871,0.0006576513964776,0.5309049151326023,0.8474310381801800
553,1788543972,536541256,1788543972.536541224,0.0493608205374985,-0.0298578516667740,2.1810218347518413,0.0003806798292375,0.0006665356928866,0.5184153493078110,0.8551286081140649
554,1788543972,557753850,1788543972.557753801,0.0487792201342248,-0.0298999493939732,2.1852108497725893,0.0003410698973179,0.0006758569075739,0.5058187507943044,0.8626394485726091
555,1788543972,580938309,1788543972.580938339,0.0482065187618743,-0.0299396184028694,2.1893474653491687,0.0002976550325780,0.0006830668050747,0.4931178825174458,0.8699621823750340
556,1788543972,596783798,1788543972.596783876,0.0476426055284366,-0.0299772881104531,2.1934323033787924,0.0002494242620902,0.0006887818818318,0.4803157148449081,0.8770953639371728
557,1788543972,619352684,1788543972.619352579,0.0470864354310618,-0.0300121944066964,2.1974659780208396,0.0001983334856224,0.0006940954328918,0.4674151214514888,0.8840376593414154
558,1788543972,646019035,1788543972.646018982,0.0465363416611538,-0.0300433652354844,2.2014491396248541,0.0001471935678156,0.0007011662946296,0.4544189259804354,0.8907878122261600
559,1788543972,656920073,1788543972.656919956,0.0459926310989618,-0.0300701317388244,2.2053825554941175,0.0000963265161875,0.0007089866879116,0.4413299659767794,0.8973446100523552
560,1788543972,679678017,1788543972.679677963,0.0454555912152238,-0.0300913149438308,2.2092670485443695,0.0000470927233446,0.0007161859122870,0.4281510392126079,0.9037069062927306
561,1788543972,696610537,1788543972.696610451,0.0449248626284078,-0.0301069899982574,2.2131035378756847,-0.0000008339744740,0.0007237748580894,0.4148850466673044,0.9098735484676582
562,1788543972,716418326,1788543972.716418266,0.0444001839662693,-0.0301155709456443,2.2168930903651445,-0.0000447449662785,0.0007312042587193,0.4015350811149356,0.9158433501272160
563,1788543972,736401532,1788543972.736401558,0.0438808628806074,-0.0301179787339428,2.2206366713284900,-0.0000862540199115,0.0007409266540542,0.3881041090767583,0.9216152364765207
564,1788543972,755019736,1788543972.755019665,0.0434685699633764,-0.0301148715288761,2.2235990443967832,-0.0001163886730772,0.0007514702528492,0.3773030210378767,0.9260895486192614
565,1788543972,779024297,1788543972.779024363,0.0429604469909842,-0.0301024828568718,2.2272621598553441,-0.0001488356922003,0.0007605541043473,0.3637337762574261,0.9315026244809532
566,1788543972,792487844,1788543972.792487860,0.0424598374878528,-0.0300838074977067,2.2308817789425510,-0.0001812268314481,0.0007689019817379,0.3500917456673471,0.9367150823821337
567,1788543972,812955268,1788543972.812955379,0.0419664915540149,-0.0300568563407062,2.2344586791161656,-0.0002096980321716,0.0007758825824107,0.3363797632776032,0.9417260795423780
568,1788543972,832591214,1788543972.832591295,0.0414825591616787,-0.0300210083216929,2.2379935908859947,-0.0002345538489567,0.0007773024926917,0.3226007190260593,0.9465347943257006
569,1788543972,853717177,1788543972.853717089,0.0410044349822634,-0.0299797159325404,2.2414875314015790,-0.0002601042500757,0.0007827705300141,0.3087575263506782,0.9511404257720762
570,1788543972,878665539,1788543972.878665447,0.0405326631022309,-0.0299313203088894,2.2449411207400276,-0.0002836671950223,0.0007903962334930,0.2948531395960350,0.9555422130272831
571,1788543972,894684403,1788543972.894684315,0.0400719981014939,-0.0298722966201823,2.2483549113730952,-0.0003011643765127,0.0007890693288606,0.2808905079151863,0.9597394486175721
572,1788543972,914181683,1788543972.914181709,0.0396220219221955,-0.0298052028327554,2.2517293684038644,-0.0003170108324960,0.0007814375248359,0.2668725036631924,0.9637314748663479
573,1788543972,932627223,1788543972.932627201,0.0391804108156125,-0.0297308905751776,2.2550649151959816,-0.0003313260637893,0.0007726885205493,0.2528020056422474,0.9675176686338843
574,1788543972,953378820,1788543972.953378916,0.0387494631845848,-0.0296477015156682,2.2583619789721090,-0.0003417570441466,0.0007574687530272,0.2386819627931735,0.9710974359354519
575,1788543972,982963782,1788543972.982963800,0.0383269403129850,-0.0295557683374925,2.2616208762505297,-0.0003470680603645,0.0007404242845979,0.2245154192389834,0.9744701934074658
576,1788543972,993265997,1788543972.993266106,0.0379121143714762,-0.0294553835998664,2.2648419087414973,-0.0003471927645777,0.0007232480674167,0.2103054114798981,0.9776354076401325
577,1788543973,21136791,1788543973.021136761,0.0375052426595473,-0.0293461089287038,2.2680256673248373,-0.0003409965684395,0.0007053379772517,0.1960549045187375,0.9805926068627210
578,1788543973,33429486,1788543973.033429384,0.0371057350140390,-0.0292305037771030,2.2711728933384125,-0.0003329742651899,0.0006889912124572,0.1817669021549415,0.9833413485154806
579,1788543973,52526178,1788543973.052526236,0.0367145561412734,-0.0291084425935565,2.2742841742922213,-0.0003227916487637,0.0006721576129175,0.1674444185400120,0.9858812356006641
580,1788543973,76357036,1788543973.076357126,0.0363335920427221,-0.0289805349251501,2.2773601607671092,-0.0003117589368823,0.0006511501686967,0.1530902872125330,0.9882119422325392
581,1788543973,92056169,1788543973.092056274,0.0360361855117203,-0.0288724615415460,2.2797960377143749,-0.0002987103477800,0.0006307622776648,0.1415861442769619,0.9899256924940683
582,1788543973,112013373,1788543973.112013340,0.0356710186808434,-0.0287313874699235,2.2828101075154090,-0.0002782027232068,0.0006064502753857,0.1271825010587702,0.9918791086849971
583,1788543973,128888071,1788543973.128888130,0.0353127705733608,-0.0285842559576605,2.2857903826983321,-0.0002535683847997,0.0005843513476480,0.1127556779904275,0.9936225396585444
584,1788543973,148983990,1788543973.148983955,0.0349646027039946,-0.0284313250177394,2.2887374925800916,-0.0002253420153632,0.0005579665402389,0.0983086974264792,0.9951557857464453
585,1788543973,168688994,1788543973.168689013,0.0346248470591648,-0.0282734721397383,2.2916521128151235,-0.0001940583688227,0.0005307314009891,0.0838446380570584,0.9964786788158643
586,1788543973,188773932,1788543973.188773870,0.0343584419129191,-0.0281434751609046,2.2939608273232017,-0.0001657927360566,0.0005095220047317,0.0722632184836449,0.9973854521470024
587,1788543973,211402668,1788543973.211402655,0.0340315657923660,-0.0279780558323443,2.2968185608668890,-0.0001291527386168,0.0004851032374038,0.0577765462380182,0.9983294139206884
588,1788543973,222120972,1788543973.222121000,0.0337750496140003,-0.0278442383368059,2.2990826724878337,-0.0001000545811961,0.0004670064485188,0.0461813678327760,0.9989329572895028
589,1788543973,242847814,1788543973.242847919,0.0334630894012149,-0.0276740568353578,2.3018858511986267,-0.0000612351738228,0.0004408007269153,0.0316829247505980,0.9994978710453668
590,1788543973,260680532,1788543973.260680437,0.0331595603406485,-0.0275024076382319,2.3046598998531813,-0.0000222507122386,0.0004129745362859,0.0171824704965994,0.9998522849224137
591,1788543973,282854916,1788543973.282855034,0.0328607964744756,-0.0273286196428779,2.3074057729731887,0.0000193226652868,0.0003907081211985,0.0026829412196534,0.9999963243933502
592,1788543973,302002371,1788543973.302002430,0.0325686573126573,-0.0271551163730681,2.3101244559870251,0.0000592591252174,0.0003698998500498,-0.0118126177958621,0.9999301584227099
593,1788543973,320441867,1788543973.320441961,0.0322830935616576,-0.0269803038891438,2.3128168779884168,0.0001017317237579,0.0003503697685449,-0.0263011531908372,0.9996539982576540
594,1788543973,342320559,1788543973.342320442,0.0320033359902471,-0.0268031968269976,2.3154838401229862,0.0001496288577183,0.0003336061854981,-0.0407798170373567,0.9991680903834538
595,1788543973,359951964,1788543973.359951973,0.0317819230068364,-0.0266616160662694,2.3175997306085292,0.0001886678328226,0.0003256650753129,-0.0523537375921552,0.9986285317908954
596,1788543973,376271796,1788543973.376271725,0.0315106540330979,-0.0264861812196636,2.3202230987993460,0.0002364326591121,0.0003171236726916,-0.0668074444971368,0.9977658086404524
597,1788543973,396437280,1788543973.396437168,0.0312493101790855,-0.0263137397744343,2.3228231869468821,0.0002819760328767,0.0003018757217199,-0.0812430640485731,0.9966942329042368
598,1788543973,416855396,1788543973.416855335,0.0309929182962018,-0.0261447724863568,2.3254008250569038,0.0003246434805569,0.0002896986219192,-0.0956577026354203,0.9954141924886507
599,1788543973,444514279,1788543973.444514275,0.0307428397054625,-0.0259773573635534,2.3279563321542600,0.0003695181459068,0.0002778741922285,-0.1100485846343916,0.9939261015096849
600,1788543973,456738891,1788543973.456738949,0.0304994063800309,-0.0258127689703073,2.3304899984303686,0.0004150499797386,0.0002652589403868,-0.1244128745253466,0.9922304137767343
601,1788543973,481378785,1788543973.481378794,0.0303090378982824,-0.0256839031009432,2.3325013384040409,0.0004509578711720,0.0002550579700198,-0.1358832796677700,0.9907247175119640
602,1788543973,500414156,1788543973.500414133,0.0300757289475590,-0.0255275274808283,2.3349960875017581,0.0004933255588351,0.0002432184985597,-0.1501927764928840,0.9886565770600090
603,1788543973,512496874,1788543973.512496948,0.0298468465468064,-0.0253760885588197,2.3374694765788813,0.0005340723992948,0.0002336333047132,-0.1644684661150300,0.9863821692609414
604,1788543973,548651549,1788543973.548651457,0.0296230737982926,-0.0252283581346349,2.3399216392967657,0.0005767626941443,0.0002250525435055,-0.1787072822203053,0.9839020906460050
605,1788543973,553181442,1788543973.553181410,0.0294055041187834,-0.0250864148441650,2.3423525350307739,0.0006185203987317,0.0002142811132287,-0.1929061011022383,0.9812170033553504
606,1788543973,573191241,1788543973.573191166,0.0291928497964320,-0.0249536497525038,2.3447621627950004,0.0006529674053792,0.0002021479728652,-0.2070620422469200,0.9783275747060897
607,1788543973,602666314,1788543973.602666378,0.0289823836547420,-0.0248277928155645,2.3471507624906343,0.0006843013579533,0.0001945386925858,-0.2211721405834478,0.9752345246739803
608,1788543973,612493229,1788543973.612493277,0.0287731788736905,-0.0247099389234960,2.3495186565477186,0.0007104262208818,0.0001923794150348,-0.2352334274223389,0.9719386261014039
609,1788543973,637401508,1788543973.637401581,0.0285660442140796,-0.0245996424300096,2.3518659640815529,0.0007330716710559,0.0001938707146827,-0.2492429725917250,0.9684406877210971
610,1788543973,652759380,1788543973.652759314,0.0283613764736240,-0.0244967256647610,2.3541928439272866,0.0007532441031640,0.0001980325271238,-0.2631978578029913,0.9647415617948444
611,1788543973,673059557,1788543973.673059464,0.0281590071226611,-0.0244031581822599,2.3564992904094377,0.0007673766617837,0.0002038736165898,-0.2770952126947420,0.9608421372266430
612,1788543973,692642705,1788543973.692642689,0.0279598334058222,-0.0243192975491967,2.3587851547576091,0.0007756847115496,0.0002090699842938,-0.2909321419573521,0.9567433529317447
613,1788543973,712584204,1788543973.712584257,0.0277635135739496,-0.0242444662294597,2.3610503251329784,0.0007796721101940,0.0002143772659603,-0.3047057779605808,0.9524461848478504
614,1788543973,735300529,1788543973.735300541,0.0275691230810035,-0.0241784954690663,2.3632946995917918,0.0007793422207533,0.0002214314743006,-0.3184132816440795,0.9479516473251436
615,1788543973,752661161,1788543973.752661228,0.0273756468766645,-0.0241221810164922,2.3655182088517441,0.0007725887303223,0.0002314033961630,-0.3320518818364774,0.9432607790680031
616,1788543973,772901360,1788543973.772901297,0.0271827159210602,-0.0240747788104996,2.3677207783078118,0.0007605772487969,0.0002452298113465,-0.3456186211588804,0.9383747279700272
617,1788543973,791157374,1788543973.791157484,0.0270283992986615,-0.0240428486638200,2.3694677526728696,0.0007476415072811,0.0002599449452636,-0.3564183088510166,0.9343261542826378
618,1788543973,809624773,1788543973.809624672,0.0268357226189249,-0.0240116245161052,2.3716326600978030,0.0007249294817401,0.0002815576914985,-0.3698485164521074,0.9290917447059187
619,1788543973,826947322,1788543973.826947212,0.0266827190852959,-0.0239925327402803,2.3733495629346613,0.0007041200513883,0.0003003235572066,-0.3805354868152126,0.9247660013727924
620,1788543973,844694099,1788543973.844694138,0.0264942937234994,-0.0239787502073612,2.3754768786361797,0.0006705359581093,0.0003207732219212,-0.3938205184816466,0.9191870575181725
621,1788543973,866625215,1788543973.866625309,0.0263079305385855,-0.0239753048206320,2.3775832578968767,0.0006290929378161,0.0003404432901300,-0.4070211979538552,0.9134184324594344
622,1788543973,885662061,1788543973.885662079,0.0261227496772523,-0.0239777974419621,2.3796689021076873,0.0005868619700373,0.0003645901310523,-0.4201347582264088,0.9074614634226081
623,1788543973,904592767,1788543973.904592752,0.0259412322170136,-0.0239886992090609,2.3817338818067566,0.0005408074386259,0.0003865637877108,-0.4331582886296707,0.9013176216446493
624,1788543973,924870681,1788543973.924870729,0.0257641376480132,-0.0240081548409510,2.3837780545567644,0.0004909448924332,0.0004048514145070,-0.4460889304944311,0.8949884139801919
625,1788543973,946179521,1788543973.946179628,0.0255911921182804,-0.0240347245051937,2.3858011949333280,0.0004392431733198,0.0004212876222667,-0.4589240679019573,0.8884752835518238
626,1788543973,964627446,1788543973.964627504,0.0254218262522404,-0.0240674731605701,2.3878029343616447,0.0003863304854026,0.0004378486599697,-0.4716610664009878,0.8817797329712166
627,1788543973,984474244,1788543973.984474182,0.0252565626249600,-0.0241058728521693,2.3897829128955959,0.0003330603183944,0.0004541823935003,-0.4842974538934104,0.8749032283295894
628,1788543974,5043156,1788543974.005043268,0.0250964151515448,-0.0241502259547810,2.3917408669024489,0.0002793200749723,0.0004682697614896,-0.4968307835324367,0.8678472649252696
629,1788543974,30995391,1788543974.030995369,0.0249409712003529,-0.0241993996961176,2.3936766228375288,0.0002261668214727,0.0004821114240840,-0.5092585165292336,0.8606134322444590
630,1788543974,46853827,1788543974.046853781,0.0247906835045162,-0.0242523474793637,2.3955899841754720,0.0001753332271776,0.0004961609674537,-0.5215782682378352,0.8532032777624420
631,1788543974,65074521,1788543974.065074444,0.0246458760753725,-0.0243121072920976,2.3974808241047256,0.0001212987461994,0.0005067216754816,-0.5337875247088054,0.8456184760191822
632,1788543974,84433453,1788543974.084433556,0.0245065955442930,-0.0243799471128134,2.3993489312987011,0.0000614728036349,0.0005122169760446,-0.5458836539859974,0.8378608298313985
633,1788543974,101615178,1788543974.101615191,0.0243998526269363,-0.0244390539407896,2.4008269778462745,0.0000116160742060,0.0005127188658398,-0.5554774244306565,0.8315314593762017
634,1788543974,128938858,1788543974.128938913,0.0242729706184092,-0.0245163014084364,2.4026540892176991,-0.0000482581695279,0.0005102694051526,-0.5673639044203368,0.8234670225681137
635,1788543974,140499179,1788543974.140499115,0.0241524064510011,-0.0245950468712182,2.4044587958373196,-0.0001033058264458,0.0005086847598524,-0.5791309085867756,0.8152343965309468
636,1788543974,160640655,1788543974.160640717,0.0240387432531221,-0.0246751180835563,2.4062414617743015,-0.0001531966340695,0.0005073138790056,-0.5907762968789420,0.8068352286616045
637,1788543974,180914732,1788543974.180914640,0.0239539395899943,-0.0247389293465774,2.4076520273845068,-0.0001863535726351,0.0005060411032553,-0.6000035852642780,0.7999971292853244
638,1788543974,204143422,1788543974.204143524,0.0238559644177439,-0.0248204290553578,2.4093960838761799,-0.0002225551572242,0.0005013279589173,-0.6114245963948564,0.7913025098297531
639,1788543974,216428636,1788543974.216428518,0.0237649674480877,-0.0249054826336524,2.4111193155387438,-0.0002581978661586,0.0004943253363106,-0.6227179127170427,0.7824462218949322
640,1788543974,236591420,1788543974.236591339,0.0236801586891200,-0.0249925241766067,2.4128221734566098,-0.0002920095289875,0.0004882213952369,-0.6338814125019899,0.7734300428964381
641,1788543974,260981557,1788543974.260981560,0.0236021996284885,-0.0250805928804336,2.4145053099306639,-0.0003218997355848,0.0004832024271555,-0.6449129060187876,0.7642558514963278
642,1788543974,276334847,1788543974.276334763,0.0235331787622988,-0.0251689569636847,2.4161695175742333,-0.0003441533229122,0.0004770700778851,-0.6558102290573816,0.7549255575395072
643,1788543974,296464227,1788543974.296464205,0.0234732035570368,-0.0252601238355552,2.4178157181005639,-0.0003625226882431,0.0004664290049725,-0.6665713953780027,0.7454409606971608
644,1788543974,316656547,1788543974.316656590,0.0234216293252924,-0.0253525558362248,2.4194448812104268,-0.0003753889952622,0.0004543976913620,-0.6771942695662087,0.7358040322480772
645,1788543974,336465790,1788543974.336465836,0.0233770743853655,-0.0254451753223524,2.4210578036823209,-0.0003829622147417,0.0004446115638317,-0.6876766675093064,0.7260168432094356
646,1788543974,360082294,1788543974.360082388,0.0233380779889626,-0.0255409832787189,2.4226550634613018,-0.0003917217651353,0.0004349689514642,-0.6980164876552896,0.7160814481031073
647,1788543974,375970056,1788543974.375970125,0.0233123217952573,-0.0256207989819481,2.4239218545048509,-0.0003986674713210,0.0004238402243724,-0.7061842293166635,0.7080278918857235
648,1788543974,396497996,1788543974.396497965,0.0232869469343226,-0.0257235503842781,2.4254920812076088,-0.0004055406133177,0.0004068927532416,-0.7162620279272198,0.6978311954367509
649,1788543974,412818227,1788543974.412818193,0.0232665641338755,-0.0258284754050458,2.4270479881067049,-0.0004123690135133,0.0003917669693066,-0.7261914526618882,0.6874922912667858
650,1788543974,434129540,1788543974.434129477,0.0232518347601143,-0.0259359834260474,2.4285899274081730,-0.0004186311564511,0.0003766619742076,-0.7359704502310571,0.6770134262039470
651,1788543974,460686761,1788543974.460686684,0.0232433671275161,-0.0260452048154723,2.4301183417128307,-0.0004220231894738,0.0003618484484211,-0.7455970249843012,0.6663968542067762
652,1788543974,472516078,1788543974.472516060,0.0232411441511553,-0.0261560868641743,2.4316335593224143,-0.0004223045157885,0.0003473045799368,-0.7550692452724806,0.6556448244911808
653,1788543974,493665075,1788543974.493664980,0.0232463115361840,-0.0262681898088139,2.4331357992365801,-0.0004168362419468,0.0003320880627152,-0.7643852249186198,0.6447596016277516
654,1788543974,512596450,1788543974.512596369,0.0232586177899824,-0.0263816997498119,2.4346252021333239,-0.0004058872854069,0.0003162223668900,-0.7735431111695052,0.6337434736714286
655,1788543974,534120977,1788543974.534121037,0.0232764509004815,-0.0264978979487000,2.4361018567344903,-0.0003932472253812,0.0002996790242516,-0.7825410571418504,0.6225987868896129
656,1788543974,561864252,1788543974.561864138,0.0232987199037039,-0.0266188273528529,2.4375657423665236,-0.0003827814945313,0.0002802869176956,-0.7913771009290045,0.6113281107905765
657,1788543974,573620558,1788543974.573620558,0.0233249384678391,-0.0267443142404445,2.4390166857133928,-0.0003745274436773,0.0002585064157753,-0.8000494200540942,0.5999339283410587
658,1788543974,597662641,1788543974.597662687,0.0233548939496655,-0.0268715595792115,2.4404545537879261,-0.0003649544734784,0.0002387915238642,-0.8085563227045880,0.5884186288700203
659,1788543974,614352208,1788543974.614352226,0.0233903408654300,-0.0269992273971092,2.4418792034234147,-0.0003492109086804,0.0002210070170975,-0.8168961604160866,0.5767846151771863
660,1788543974,632517209,1788543974.632517099,0.0234305743163664,-0.0271308265798361,2.4432904229318471,-0.0003321924475526,0.0001999444997239,-0.8250673399751861,0.5650342769926842
661,1788543974,661154229,1788543974.661154270,0.0234729785787409,-0.0272665255545089,2.4446880777521773,-0.0003179452647580,0.0001779822029250,-0.8330682905003820,0.5531700376881554
662,1788543974,673740817,1788543974.673740864,0.0235183897509786,-0.0274039984572239,2.4460717467804378,-0.0003019237114541,0.0001577016905388,-0.8408974959480926,0.5411943137917071
663,1788543974,696578271,1788543974.696578264,0.0235663476188772,-0.0275446189929874,2.4474407555318489,-0.0002860373743843,0.0001369003190828,-0.8485535649945189,0.5291093901793998
664,1788543974,712705027,1788543974.712705135,0.0236160660949539,-0.0276885742173639,2.4487946428057636,-0.0002713891908113,0.0001156918366656,-0.8560350618930297,0.5169176779460181
665,1788543974,732665723,1788543974.732665777,0.0236692767105031,-0.0278355877314199,2.4501328900293657,-0.0002541409083022,0.0000923037376317,-0.8633402813347552,0.5046221215099915
666,1788543974,754153915,1788543974.754153967,0.0237261215266605,-0.0279863824902108,2.4514547131865063,0.0002342071330143,-0.0000649653781853,0.8704677701871182,-0.4922253569169157
667,1788543974,773148018,1788543974.773148060,0.0237852032883227,-0.0281418817362570,2.4527593296300640,0.0002143552668145,-0.0000329956633117,0.8774161904773381,-0.4797299048958084
668,1788543974,794697899,1788543974.794698000,0.0238443046343080,-0.0283008551749185,2.4540459846856972,0.0001967419539167,-0.0000001861165333,0.8841842525635702,-0.4671382759003695
669,1788543974,812707071,1788543974.812707186,0.0239033037449049,-0.0284621728910318,2.4553140058104299,0.0001800368447706,0.0000319849692711,0.8907707007315692,-0.4544529956792950
670,1788543974,832872995,1788543974.832873106,0.0239605333697682,-0.0286242430036882,2.4565630538690648,0.0001654719729595,0.0000596981567388,0.8971743371304044,-0.4416765534299686
671,1788543974,866686533,1788543974.866686583,0.0240159794032592,-0.0287886445698767,2.4577927636825336,0.0001542766053733,0.0000865244105170,0.9033939749107243,-0.4288114909925538
672,1788543974,872460018,1788543974.872460127,0.0240712987434027,-0.0289548811378842,2.4590028321660911,0.0001426319007807,0.0001136310659736,0.9094284408947291,-0.4158604064297343
673,1788543974,894294423,1788543974.894294500,0.0241270342869072,-0.0291229978460124,2.4601930841050050,0.0001292197241623,0.0001420773959812,0.9152765069308392,-0.4028261150630107
674,1788543974,912885206,1788543974.912885189,0.0241806549896922,-0.0292928838166681,2.4613632550589060,0.0001183677227091,0.0001701024543057,0.9209370522668238,-0.3897113070162718
675,1788543974,930110623,1788543974.930110693,0.0242231248293729,-0.0294289466926799,2.4622848636059929,0.0001083772674534,0.0001913928161949,0.9253297547529591,-0.3791632848681243
676,1788543974,953718865,1788543974.953718901,0.0242753380897996,-0.0295993573511704,2.4634186221145260,0.0000948181299192,0.0002169963833880,0.9306501160654427,-0.3659102422582211
677,1788543974,968553598,1788543974.968553543,0.0243255699409356,-0.0297702403139469,2.4645319737833411,0.0000818488454393,0.0002413860924747,0.9357801158550547,-0.3525840464397406
678,1788543974,995015204,1788543974.995015144,0.0243745169692163,-0.0299412226595879,2.4656250223635685,0.0000676114433203,0.0002648650520311,0.9407188055904214,-0.3391873436372999
679,1788543975,9643556,1788543975.009643555,0.0244209779217997,-0.0301107556578445,2.4666981041835538,0.0000531377988278,0.0002840495173493,0.9454652660027348,-0.3257228074216235
680,1788543975,28294977,1788543975.028295040,0.0244619940110386,-0.0302806308926339,2.4677515977197904,0.0000452679097771,0.0003009714430019,0.9500186127500377,-0.3121931177900962
681,1788543975,48391923,1788543975.048391819,0.0245018636218548,-0.0304505030158747,2.4687858425549276,0.0000352205186876,0.0003182903551306,0.9543779627769778,-0.2986010743725319
682,1788543975,66232323,1788543975.066232204,0.0245328720182354,-0.0305859507927204,2.4695995189375295,0.0000253192425004,0.0003317223099102,0.9577252071904842,-0.2876844049148117
683,1788543975,86760020,1788543975.086760044,0.0245708188083711,-0.0307555924538686,2.4705997826008175,0.0000103492652237,0.0003501733754442,0.9617332983153103,-0.2739871168194853
684,1788543975,104358382,1788543975.104358435,0.0246064826184250,-0.0309252570914492,2.4715818512875622,-0.0000052820613838,0.0003693277740349,0.9655451678982275,-0.2602352634011750
685,1788543975,124560534,1788543975.124560595,0.0246367400668493,-0.0310952437442044,2.4725463436848782,-0.0000154987543514,0.0003886171157145,0.9691600503195050,-0.2464318274923520
686,1788543975,145453902,1788543975.145453930,0.0246623110844296,-0.0312630476847773,2.4734939365502839,-0.0000231600862827,0.0004040529771671,0.9725772327197866,-0.2325797983487047
687,1788543975,164537157,1788543975.164537191,0.0246841518599022,-0.0314296801717933,2.4744254149416376,-0.0000297172698694,0.0004186217967060,0.9757960546497243,-0.2186821519985282
688,1788543975,188746016,1788543975.188745975,0.0247026139881466,-0.0315956469756285,2.4753415047604999,-0.0000357473596482,0.0004339279168007,0.9788159518399765,-0.2047416490416397
689,1788543975,204569501,1788543975.204569578,0.0247170480748744,-0.0317597526257165,2.4762429914359609,-0.0000405413491242,0.0004477141430439,0.9816364223124702,-0.1907609296947850
690,1788543975,224591889,1788543975.224591970,0.0247277826997959,-0.0319213189421547,2.4771305844864671,-0.0000450275933390,0.0004591568847524,0.9842569800786440,-0.1767427065367578
691,1788543975,252938730,1788543975.252938747,0.0247355875650583,-0.0320801438266899,2.4780048181838246,-0.0000508077101260,0.0004684604153585,0.9866771592689120,-0.1626897702390838
692,1788543975,264399252,1788543975.264399290,0.0247381189535345,-0.0322379968691339,2.4788660577597876,-0.0000525406282940,0.0004787710619739,0.9888965209874632,-0.1486049756792971
693,1788543975,286805736,1788543975.286805630,0.0247377777508864,-0.0323948812869990,2.4797145313180549,-0.0000551987591673,0.0004912649090971,0.9909146405471019,-0.1344913780184215
694,1788543975,304761439,1788543975.304761410,0.0247311671095599,-0.0325490854778867,2.4805503966535687,-0.0000523606960872,0.0005019147088778,0.9927311362422547,-0.1203521353160976
695,1788543975,325207835,1788543975.325207949,0.0247200179565471,-0.0326986624207554,2.4813737243194929,-0.0000478612900542,0.0005076803712660,0.9943457194784451,-0.1061900660364761
696,1788543975,350809793,1788543975.350809813,0.0247048017140201,-0.0328454927970880,2.4821845051566220,-0.0000419924668487,0.0005128489969523,0.9957581363752643,-0.0920079837025009
697,1788543975,365837537,1788543975.365837574,0.0246867648772975,-0.0329906141266332,2.4829828167072634,-0.0000369892193817,0.0005200596680652,0.9969681724454906,-0.0778086839654653
698,1788543975,384993489,1788543975.384993553,0.0246666316981032,-0.0331328550454695,2.4837686214273056,-0.0000344564990058,0.0005272326558327,0.9979756553380955,-0.0635949069578277
699,1788543975,404325047,1788543975.404325008,0.0246437669084538,-0.0332727207387088,2.4845417499566049,-0.0000329401605412,0.0005355138906575,0.9987804438340042,-0.0493693949179888
700,1788543975,424564551,1788543975.424564600,0.0246169248376209,-0.0334101612012321,2.4853018530755331,-0.0000298434562729,0.0005449562033816,0.9993824274104030,-0.0351349671324050
701,1788543975,450611601,1788543975.450611591,0.0245886200765151,-0.0335464576027500,2.4860488453199872,-0.0000302475777990,0.0005586958943813,0.9997815293948317,-0.0208945070512115
702,1788543975,467963261,1788543975.467963219,0.0245583326176482,-0.0336802315459629,2.4867826340832502,-0.0000332278678855,0.0005741116043438,0.9999777172794023,-0.0066508823813205
703,1788543975,484948909,1788543975.484948874,0.0245213689174293,-0.0338099389131781,2.4875032857662362,-0.0000291279516795,0.0005883873107283,0.9999709982373157,0.0075931308563261
704,1788543975,504479568,1788543975.504479647,0.0244811269039737,-0.0339365306249542,2.4882108958107212,-0.0000248296010276,0.0006040384270671,0.9997614126413915,0.0218346585583259
705,1788543975,526380648,1788543975.526380539,0.0244365578238443,-0.0340588555028223,2.4889054758500895,-0.0000179950240169,0.0006191959741011,0.9993490491048859,0.0360706851291375
706,1788543975,552996608,1788543975.552996635,0.0243873478840710,-0.0341776304492892,2.4895869533188471,-0.0000078451252650,0.0006358970382951,0.9987340490944384,0.0502980591359011
707,1788543975,564453807,1788543975.564453840,0.0243328840633769,-0.0342912155697270,2.4902554170593740,0.0000072865151790,0.0006514229351149,0.9979166024364658,0.0645137983436642
708,1788543975,585851472,1788543975.585851431,0.0242771179450579,-0.0344011403519750,2.4909110347657930,0.0000194096649057,0.0006689130103097,0.9968969156788269,0.0787152570261413
709,1788543975,605316316,1788543975.605316401,0.0242187142378742,-0.0345074874021061,2.4915538534875665,0.0000314738326615,0.0006891025787020,0.9956752219227277,0.0928998202159776
710,1788543975,625409042,1788543975.625409126,0.0241551193635340,-0.0346071660179687,2.4921839688849765,0.0000495882920813,0.0007066926774293,0.9942518005331848,0.1070647246434645
711,1788543975,651383390,1788543975.651383400,0.0240884141028134,-0.0346999798827644,2.4928017653560839,0.0000700533345913,0.0007214692384710,0.9926269639918254,0.1212071983466317
712,1788543975,664702174,1788543975.664702177,0.0240213292377674,-0.0347863572628668,2.4934078469747276,0.0000877422913332,0.0007340462351160,0.9908010690297172,0.1353244068414277
713,1788543975,684394380,1788543975.684394360,0.0239541712778666,-0.0348656243070060,2.4940029416724907,0.0001027522291562,0.0007431918579044,0.9887745046669180,0.1494135737760553
714,1788543975,704203327,1788543975.704203367,0.0238863270752727,-0.0349380237614538,2.4945880024585434,0.0001167794008995,0.0007497897168706,0.9865477065130921,0.1634718536987637
715,1788543975,724821097,1788543975.724821091,0.0238182851122101,-0.0350038617852516,2.4951638570095773,0.0001291950616257,0.0007544910470354,0.9841211662529783,0.1774963216091357
716,1788543975,748352005,1788543975.748352051,0.0237473792132181,-0.0350638972608282,2.4957312032564563,0.0001455300799904,0.0007600337400108,0.9814954522373717,0.1914838855023239
717,1788543975,764449446,1788543975.764449358,0.0236759811022354,-0.0351181777575641,2.4962904873235261,0.0001613446441420,0.0007658980148899,0.9786711494147342,0.2054316642374774
718,1788543975,787685965,1788543975.787685871,0.0236068259462352,-0.0351666287758083,2.4968422296551873,0.0001715605160391,0.0007708983216845,0.9756488600249024,0.2193369057292354
719,1788543975,813006774,1788543975.813006878,0.0235375214265560,-0.0352085736764438,2.4973871642799597,0.0001816675502903,0.0007747928203180,0.9724292163509223,0.2331968822264096
720,1788543975,824705683,1788543975.824705601,0.0234661008959437,-0.0352443438679852,2.4979258604215229,0.0001957977085022,0.0007794210688071,0.9690128340718063,0.2470090718378192
721,1788543975,844709887,1788543975.844709873,0.0233967457112349,-0.0352759906078511,2.4984588270684593,0.0002048690301157,0.0007869843913927,0.9654003513788179,0.2607709727747767
722,1788543975,864326674,1788543975.864326715,0.0233298720897068,-0.0353034740584185,2.4989864330427101,0.0002082695511771,0.0007971840542571,0.9615924561649541,0.2744799981201332
723,1788543975,884456691,1788543975.884456635,0.0232648070400312,-0.0353258712280111,2.4995089256972198,0.0002079878061378,0.0008086293913140,0.9575899294597738,0.2881333542941626
724,1788543975,901923143,1788543975.901923180,0.0232130050195755,-0.0353391657107049,2.4999232575703481,0.0002078494141036,0.0008175331014897,0.9542483465843227,0.2990140155232454
725,1788543975,921820978,1788543975.921820879,0.0231474565481935,-0.0353495485886378,2.5004366301310372,0.0002104021950269,0.0008284185563168,0.9498976677688316,0.3125598986129639
726,1788543975,950549176,1788543975.950549126,0.0230817463884492,-0.0353526338966409,2.5009449646012447,0.0002150326504891,0.0008382188185399,0.9453548673656174,0.3260420615477512
727,1788543975,961641476,1788543975.961641550,0.0230177713056949,-0.0353486517958935,2.5014482539858802,0.0002181968022909,0.0008464162666526,0.9406209244698081,0.3394576739730933
728,1788543975,986697573,1788543975.986697674,0.0229546386460210,-0.0353383076856622,2.5019465001693688,0.0002214105966762,0.0008552065711196,0.9356968631479466,0.3528039113929451
729,1788543976,324156,1788543976.000324249,0.0228913025101171,-0.0353216176727204,2.5024397360916826,0.0002268879011937,0.0008656616998259,0.9305837313166471,0.3660780219577351
730,1788543976,22928161,1788543976.022928238,0.0228306587710150,-0.0353008797742368,2.5029279096430423,0.0002275093307370,0.0008802808723511,0.9252826412544356,0.3792772167403492
731,1788543976,40598418,1788543976.040598392,0.0227725153891949,-0.0352739246563694,2.5034107317558827,0.0002254310999121,0.0008952330375384,0.9197947115849398,0.3923988229837153
732,1788543976,60518731,1788543976.060518742,0.0227174746862536,-0.0352388696489145,2.5038878899831523,0.0002212460923789,0.0009066952064515,0.9141210854373288,0.4054402176805467
733,1788543976,81334155,1788543976.081334114,0.0226632755732730,-0.0351951509366704,2.5043591744114861,0.0002199697641322,0.0009157670510186,0.9082629704051403,0.4183987208092809
734,1788543976,100145511,1788543976.100145578,0.0226096821626475,-0.0351427709846551,2.5048245038907231,0.0002223292303755,0.0009230387823442,0.9022215577610543,0.4312717928178659
735,1788543976,120841307,1788543976.120841265,0.0225591405346566,-0.0350837745162783,2.5052837389510274,0.0002222578859645,0.0009304328378577,0.8959981046651009,0.4440568447087753
736,1788543976,144361280,1788543976.144361258,0.0225110855381282,-0.0350162606633433,2.5057364481298166,0.0002228057887917,0.0009351068351167,0.8895938861728278,0.4567513476900897
737,1788543976,161762134,1788543976.161762238,0.0224656115324831,-0.0349409743617285,2.5061820613093637,0.0002234314837531,0.0009385323772611,0.8830102285348326,0.4693527517104931
738,1788543976,183889308,1788543976.183889389,0.0224223529590189,-0.0348583832678393,2.5066199648124829,0.0002246261786675,0.0009420781610807,0.8762485391144808,0.4818584436653118
739,1788543976,200736457,1788543976.200736523,0.0223809036059505,-0.0347665139878918,2.5070494665185983,0.0002293801870756,0.0009427984656561,0.8693103397548154,0.4942657096250458
740,1788543976,220690202,1788543976.220690250,0.0223417430433001,-0.0346659702678858,2.5074699984430131,0.0002366437417478,0.0009415321817492,0.8621971288205109,0.5065719776799311
741,1788543976,241045608,1788543976.241045713,0.0223056550017541,-0.0345591279097574,2.5078811792097810,0.0002429363879983,0.0009418181791514,0.8549104248347464,0.5187747290195448
742,1788543976,260788902,1788543976.260788918,0.0222721768323857,-0.0344445580509861,2.5082827499123295,0.0002509178977473,0.0009417152129245,0.8474516819152594,0.5308716389407750
743,1788543976,280611782,1788543976.280611753,0.0222419606137627,-0.0343230241102019,2.5086745702122784,0.0002589963182069,0.0009419802600188,0.8398224193823833,0.5428603406925366
744,1788543976,301339120,1788543976.301339149,0.0222191791179141,-0.0342206704500572,2.5089808757204208,0.0002675516807044,0.0009434166601139,0.8335972868407758,0.5523717966667024
745,1788543976,317142783,1788543976.317142725,0.0221922139163749,-0.0340858447713512,2.5093544747002778,0.0002820965152060,0.0009463973207429,0.8256650182970139,0.5641598198332269
746,1788543976,345516540,1788543976.345516443,0.0221679893311622,-0.0339435527546702,2.5097171542926535,0.0002993214713090,0.0009500353276499,0.8175666390140148,0.5758331343461061
747,1788543976,356547036,1788543976.356547117,0.0221490083778449,-0.0337954312330265,2.5100685286182705,0.0003135717552297,0.0009542922472530,0.8093039096631749,0.5873892855704478
748,1788543976,377548795,1788543976.377548695,0.0221348445162754,-0.0336393068402877,2.5104083796836605,0.0003287126904404,0.0009561211818989,0.8008785176790095,0.5988259995194976
749,1788543976,396381864,1788543976.396381855,0.0221256764370369,-0.0334760174678705,2.5107364721996701,0.0003440105921447,0.0009568116549108,0.7922921281572720,0.6101410900998148
750,1788543976,415051071,1788543976.415050983,0.0221221321267774,-0.0333405964769897,2.5109903765816664,0.0003559594376112,0.0009569546139818,0.7853082303614861,0.6191041437894410
751,1788543976,432619316,1788543976.432619333,0.0221226774206040,-0.0331635281694512,2.5112970367959386,0.0003729508636141,0.0009534620968727,0.7764362981069201,0.6301949117532648
752,1788543976,450219909,1788543976.450219870,0.0221274520508089,-0.0330146252243284,2.5115339662221148,0.0003894082359199,0.0009457152567832,0.7692262326348855,0.6389757092489665
753,1788543976,478900738,1788543976.478900671,0.0221379291226287,-0.0328223964455765,2.5118198680889723,0.0004117851283886,0.0009357805510241,0.7600747258387461,0.6498348758638023
754,1788543976,489475270,1788543976.489475250,0.0221535731946712,-0.0326243942897816,2.5120944913084147,0.0004351678172909,0.0009268829869676,0.7507705732799990,0.6605622588475072
755,1788543976,512300060,1788543976.512300014,0.0221749796342467,-0.0324241768500192,2.5123580760372510,0.0004543331621349,0.0009235890173302,0.7413156144398286,0.6711557943968035
756,1788543976,531101820,1788543976.531101704,0.0222036407620659,-0.0322180822497041,2.5126109099846401,0.0004725334052124,0.0009180654061310,0.7317117392369684,0.6816134274872391
757,1788543976,549308480,1788543976.549308538,0.0222394752536109,-0.0320064519328845,2.5128531475471321,0.0004900709999959,0.0009108474651863,0.7219609099491552,0.6919330709632961
758,1788543976,577509949,1788543976.577509880,0.0222825800828643,-0.0317893891047347,2.5130851534608905,0.0005072917642712,0.0009018343672195,0.7120652171202231,0.7021125664146524
759,1788543976,588261588,1788543976.588261604,0.0223327150111070,-0.0315688203050347,2.5133074680686947,0.0005223514042175,0.0008940433429708,0.7020268366084466,0.7121497374267921
760,1788543976,609486841,1788543976.609486818,0.0223786237833798,-0.0313893992030178,2.5134786216271263,0.0005327614435370,0.0008868230525251,0.6938948062271201,0.7200756401942405
761,1788543976,624886252,1788543976.624886274,0.0224432741960021,-0.0311611026599712,2.5136843235740773,0.0005446388155550,0.0008759083505173,0.6836047629928024,0.7298516727162284
762,1788543976,644668733,1788543976.644668818,0.0225163851951089,-0.0309314629756717,2.5138811557511862,0.0005504685905954,0.0008664351043208,0.6731776628042990,0.7394800744955081
763,1788543976,672032857,1788543976.672032833,0.0225983217125417,-0.0306993507332029,2.5140692952682042,0.0005518107998712,0.0008558836130415,0.6626154675849759,0.7489590810486417
764,1788543976,684363563,1788543976.684363604,0.0226898729334718,-0.0304618337122760,2.5142490036787057,0.0005525348826981,0.0008387134852685,0.6519204071189394,0.7582867360351027
765,1788543976,712021489,1788543976.712021589,0.0227901645133150,-0.0302216576951258,2.5144204111652222,0.0005500154831808,0.0008196466375361,0.6410947381085194,0.7674611146057674
766,1788543976,725880969,1788543976.725880861,0.0229000965752097,-0.0299801141041804,2.5145834201556223,0.0005413247643320,0.0007984672988318,0.6301405640043625,0.7764804820558828
767,1788543976,744760789,1788543976.744760752,0.0230197169668147,-0.0297358292312223,2.5147378759507593,0.0005288457181995,0.0007727268378674,0.6190599859079021,0.7853431460598280
768,1788543976,771023938,1788543976.771023989,0.0231471048519450,-0.0294887603258214,2.5148833982574730,0.0005153143639940,0.0007449320899619,0.6078551699169475,0.7940473990465093
769,1788543976,784594372,1788543976.784594297,0.0232821822270562,-0.0292404858038162,2.5150197426146734,0.0004983362300490,0.0007166509385045,0.5965283482179761,0.8025915323779383
770,1788543976,804938421,1788543976.804938316,0.0234236474533323,-0.0289915770961223,2.5151466797096105,0.0004785285987225,0.0006901370590357,0.5850817849478940,0.8109738587916422
771,1788543976,824628119,1788543976.824628115,0.0235709704922999,-0.0287420829460124,2.5152639841845454,0.0004562863255338,0.0006657845848913,0.5735177661485306,0.8191927248490889
772,1788543976,844942476,1788543976.844942570,0.0237236340282818,-0.0284889107486467,2.5153717436769409,0.0004372796255166,0.0006403870680489,0.5618386448826825,0.8272464782683110
773,1788543976,870744800,1788543976.870744705,0.0238821263802617,-0.0282328609056855,2.5154699800192422,0.0004195426173580,0.0006137468006008,0.5500468100901481,0.8351334947231547
774,1788543976,884538013,1788543976.884537935,0.0240468253106841,-0.0279746402420371,2.5155585831399674,0.0004014256672302,0.0005856221504796,0.5381445612798165,0.8428522569638669
775,1788543976,904573802,1788543976.904573917,0.0242186517077701,-0.0277136194571927,2.5156375162272502,0.0003830329621904,0.0005532523170261,0.5261342131416669,0.8504012799610678
776,1788543976,924771770,1788543976.924771786,0.0243973945282624,-0.0274509303252911,2.5157067045532635,0.0003627011246994,0.0005176990154516,0.5140185513501763,0.8577788347257641
777,1788543976,944905568,1788543976.944905519,0.0245817616934393,-0.0271860571402812,2.5157658939340317,0.0003427236551810,0.0004800935679143,0.5018000849261374,0.8649834257480218
778,1788543976,971712296,1788543976.971712351,0.0247706796262961,-0.0269195771517005,2.5158147572633411,0.0003231269184025,0.0004423752419685,0.4894812228508270,0.8720136652424657
779,1788543976,984625413,1788543976.984625340,0.0249632073040365,-0.0266516785610431,2.5158532469291464,0.0003043993237842,0.0004058608076499,0.4770645280451853,0.8788681236107503
780,1788543977,10454472,1788543977.010454416,0.0251183229635025,-0.0264380480202960,2.5158767760575618,0.0002882774520642,0.0003815557006665,0.4670625561100686,0.8842241457861728
781,1788543977,20494791,1788543977.020494699,0.0253145128287057,-0.0261694857220502,2.5158971143114983,0.0002698622024023,0.0003529093428232,0.4544763760060080,0.8907586801608127
782,1788543977,40583827,1788543977.040583849,0.0255158980308371,-0.0258971368160922,2.5159074268118475,0.0002546634783227,0.0003190621662359,0.4417995487430629,0.8971137007516232
783,1788543977,66079430,1788543977.066079378,0.0257223981285172,-0.0256206408384304,2.5159079270384570,0.0002435925774840,0.0002794843639965,0.4290348557760369,0.9032878583709524
784,1788543977,80766803,1788543977.080766916,0.0259324846844940,-0.0253423163265370,2.5158987983101722,0.0002338668735696,0.0002386191547650,0.4161850365644585,0.9092798819434117
785,1788543977,107558828,1788543977.107558727,0.0261441287935316,-0.0250640626849582,2.5158803081501073,0.0002236742646106,0.0002013189500005,0.4032527849932823,0.9150885754044060
786,1788543977,120524324,1788543977.120524406,0.0263581056301191,-0.0247856253727877,2.5158529353069725,0.0002127348292175,0.0001653164029578,0.3902406032393606,0.9207128754382439
787,1788543977,142309228,1788543977.142309189,0.0265305438466762,-0.0245611116095070,2.5158248941788557,0.0002068477819469,0.0001365922186362,0.3797749537602144,0.9250788739631816
788,1788543977,156504490,1788543977.156504393,0.0267501049132034,-0.0242778598475718,2.5157823378719288,0.0002020242706142,0.0000954822430966,0.3666250767148535,0.9303687458170352
789,1788543977,173927151,1788543977.173927069,0.0269283400132654,-0.0240499846783204,2.5157425562291986,0.0001992870877524,0.0000599252560577,0.3560524826034403,0.9344659364179880
790,1788543977,198608693,1788543977.198608637,0.0271510661368889,-0.0237643402539951,2.5156861803608006,0.0001982849767227,0.0000185951200618,0.3427730120894331,0.9394182362081475
791,1788543977,212585928,1788543977.212585926,0.0273731730030062,-0.0234771007955743,2.5156228799107048,0.0002017013646181,-0.0000191683550188,0.3294250947170290,0.9441816911589687
792,1788543977,234011228,1788543977.234011173,0.0275953285594616,-0.0231888933426761,2.5155533585115064,0.0002079130724095,-0.0000546400566956,0.3160112981174739,0.9487554022237383
793,1788543977,252879973,1788543977.252879858,0.0277746008597153,-0.0229573342653817,2.5154938289369371,0.0002146133717805,-0.0000848001739961,0.3052345824650081,0.9522771636542815
794,1788543977,268718690,1788543977.268718719,0.0279994274009274,-0.0226677277267475,2.5154153851057375,0.0002240458397755,-0.0001220917634655,0.2917088128036188,0.9565071371556859
795,1788543977,289006684,1788543977.289006710,0.0282230172018554,-0.0223771222431810,2.5153334022485558,0.0002377125731194,-0.0001558026138723,0.2781247315711413,0.9605449249810020
796,1788543977,309693816,1788543977.309693813,0.0284454028358677,-0.0220853128496618,2.5152488480331452,0.0002561948092725,-0.0001864278074141,0.2644854666209724,0.9643896191660188
797,1788543977,330474349,1788543977.330474377,0.0286691547894721,-0.0217939944518704,2.5151625469284125,0.0002750533340661,-0.0002184733994161,0.2507939254319618,0.9680404348897130
798,1788543977,348424146,1788543977.348424196,0.0288912297539892,-0.0215028880972381,2.5150753269105497,0.0002968168089566,-0.0002464384320324,0.2370527207065161,0.9714967106344311
799,1788543977,368651230,1788543977.368651152,0.0291108414458852,-0.0212128816000918,2.5149881048286611,0.0003203391632900,-0.0002686327995888,0.2232643760032382,0.9747578384537998
800,1788543977,400808576,1788543977.400808573,0.0293298522647130,-0.0209237859731318,2.5149019042108405,0.0003454209636926,-0.0002891624953119,0.2094310210932791,0.9778233196611930
801,1788543977,408778241,1788543977.408778191,0.0295469868517588,-0.0206353942880107,2.5148176290792978,0.0003734226990419,-0.0003057697169210,0.1955552575715602,0.9806925656374116
802,1788543977,431086365,1788543977.431086302,0.0297634294104757,-0.0203478796871943,2.5147360213708607,0.0004039233208945,-0.0003209177365220,0.1816398661264224,0.9833649845765978
803,1788543977,448437306,1788543977.448437214,0.0299803816750839,-0.0200617630561077,2.5146576920119781,0.0004359631495440,-0.0003369939837061,0.1676876711045039,0.9858400181219745
804,1788543977,468575668,1788543977.468575716,0.0301947817296369,-0.0197765940034500,2.5145831286053841,0.0004720804395367,-0.0003480795544735,0.1537015236029371,0.9881171477222820
805,1788543977,495388744,1788543977.495388746,0.0304071762270777,-0.0194958108762513,2.5145125965005564,0.0005055425255205,-0.0003543069541997,0.1396842137481669,0.9901959095668359
806,1788543977,509524552,1788543977.509524584,0.0306206776342176,-0.0192204044264100,2.5144463100753445,0.0005339303433514,-0.0003620168183487,0.1256385466494458,0.9920758738413240
807,1788543977,534958000,1788543977.534957886,0.0308323586432658,-0.0189478007275027,2.5143844374266693,0.0005638064333873,-0.0003661514283853,0.1115674727688278,0.9937566337264945
808,1788543977,550193131,1788543977.550193071,0.0310421426511369,-0.0186783505664714,2.5143271359123931,0.0005948697664488,-0.0003665120967030,0.0974738516954498,0.9952378409377818
809,1788543977,568509599,1788543977.568509579,0.0312516384764261,-0.0184133818416543,2.5142746022579496,0.0006245258635808,-0.0003661695493374,0.0833605461698737,0.9965191895942432
810,1788543977,589590730,1788543977.589590788,0.0314584060013104,-0.0181526767391591,2.5142268300545751,0.0006540989859876,-0.0003602224366588,0.0692304938864300,0.9976004115428951
811,1788543977,609004052,1788543977.609004021,0.0316643323696676,-0.0178954192145302,2.5141836924954668,0.0006853668953992,-0.0003526109413306,0.0550865712443395,0.9984812845548409
812,1788543977,639116045,1788543977.639116049,0.0318708137407141,-0.0176433122431915,2.5141450117353887,0.0007152020478364,-0.0003459284291528,0.0409316049458042,0.9991616348399859
813,1788543977,648513789,1788543977.648513794,0.0320766684640701,-0.0173966134204019,2.5141103360968970,0.0007437385927791,-0.0003377349343006,0.0267684759999806,0.9996413264169595
814,1788543977,670150510,1788543977.670150518,0.0322822766052578,-0.0171553912490230,2.5140790791240528,0.0007712963937234,-0.0003288084852125,0.0126000603148731,0.9999202645545867
815,1788543977,695305268,1788543977.695305347,0.0324870572741942,-0.0169198715297052,2.5140508494815830,0.0007978999448067,-0.0003179268727142,-0.0015706871023006,0.9999983976088204
816,1788543977,709081105,1788543977.709081173,0.0326918850206162,-0.0166904526134243,2.5140252057331063,0.0008231802823303,-0.0003068649167789,-0.0157409134042415,0.9998757182036905
817,1788543977,729371186,1788543977.729371071,0.0328974002622622,-0.0164682515584246,2.5140015708898296,0.0008453507669453,-0.0002969856940485,-0.0299077487141627,0.9995522616393946
818,1788543977,748522429,1788543977.748522520,0.0331045989174076,-0.0162517514640772,2.5139792696616370,0.0008681182905592,-0.0002902834547863,-0.0440684465791754,0.9990280947612273
819,1788543977,768646810,1788543977.768646717,0.0333132621547021,-0.0160408345454902,2.5139577837847642,0.0008922745826626,-0.0002862749995707,-0.0582206401574832,0.9983033000808655
820,1788543977,796162860,1788543977.796162844,0.0335235367218481,-0.0158365959180940,2.5139366211588938,0.0009161731501033,-0.0002854252787908,-0.0723614991186924,0.9973780088835249
821,1788543977,808660651,1788543977.808660746,0.0337327160403559,-0.0156394896501705,2.5139151716053894,0.0009390105443759,-0.0002823755551396,-0.0864879450801161,0.9962524147418977
822,1788543977,829176498,1788543977.829176426,0.0339395640102541,-0.0154493532390845,2.5138928606464654,0.0009612321456011,-0.0002746957759646,-0.1005967779201958,0.9949267756207326
823,1788543977,848358116,1788543977.848358154,0.0341476455418863,-0.0152664275472120,2.5138691773265731,0.0009834347605361,-0.0002698092849677,-0.1146849279324715,0.9934013928740715
824,1788543977,868304007,1788543977.868304014,0.0343583198571735,-0.0150923503222899,2.5138435837323847,0.0010031900596889,-0.0002710082996147,-0.1287495856934065,0.9916765926187741
825,1788543977,894030243,1788543977.894030333,0.0345698706350094,-0.0149271698303574,2.5138159002339684,0.0010205662208484,-0.0002750858784715,-0.1427879317684957,0.9897527415034645
826,1788543977,909785034,1788543977.909785032,0.0347807673921461,-0.0147690364079011,2.5137860055283765,0.0010393332492771,-0.0002786700698165,-0.1567971404985498,0.9876302439986673
827,1788543977,928772490,1788543977.928772449,0.0349914395385810,-0.0146181009924724,2.5137538480806678,0.0010597028301909,-0.0002828753013998,-0.1707743753880242,0.9853095502035417
828,1788543977,948398630,1788543977.948398590,0.0352016382948433,-0.0144755029103020,2.5137194473083273,0.0010797123764289,-0.0002878217007821,-0.1847168157892085,0.9827911524553670
829,1788543977,966055929,1788543977.966055870,0.0353693028428287,-0.0143680543113159,2.5136904635354114,0.0010944280922650,-0.0002924540367356,-0.1958438398337319,0.9806344411129801
830,1788543977,994169608,1788543977.994169712,0.0355772035559598,-0.0142413338210063,2.5136527273805260,0.0011125144297829,-0.0002969616564477,-0.2097166134611733,0.9777615333831634
831,1788543978,4322923,1788543978.004323006,0.0357850351927053,-0.0141248984300997,2.5136136977925001,0.0011276562654233,-0.0003047961981494,-0.2235468078981375,0.9746924951845981
832,1788543978,32396596,1788543978.032396555,0.0359933412962268,-0.0140190249764969,2.5135736414686636,0.0011400386104185,-0.0003176528068507,-0.2373315905549427,0.9714279775327258
833,1788543978,44453443,1788543978.044453382,0.0361987185295118,-0.0139216173736526,2.5135330092223422,0.0011525894522678,-0.0003281982859981,-0.2510679829111840,0.9679687142569996
834,1788543978,65106100,1788543978.065106153,0.0364013820479815,-0.0138313353613430,2.5134921594801072,0.0011682757650463,-0.0003365343438582,-0.2647532902535266,0.9643154137398738
835,1788543978,85056787,1788543978.085056782,0.0366019206462297,-0.0137528095291202,2.5134515154458703,0.0011784828405466,-0.0003467311566987,-0.2783848879351839,0.9604688152798166
836,1788543978,106000050,1788543978.105999947,0.0368002319003244,-0.0136865038534901,2.5134111609295227,0.0011825560708168,-0.0003595078519407,-0.2919600574268896,0.9564297136656363
837,1788543978,135297667,1788543978.135297775,0.0369940938964766,-0.0136301874361286,2.5133712516473459,0.0011837292588092,-0.0003698114222022,-0.3054761137136810,0.9521989319333120
838,1788543978,144684843,1788543978.144684792,0.0371845717994795,-0.0135833000676793,2.5133319431826084,0.0011837745237299,-0.0003799095980750,-0.3189303887490219,0.9477773269492007
839,1788543978,164571772,1788543978.164571762,0.0373716766852219,-0.0135457042868404,2.5132934359100809,0.0011830166392315,-0.0003902024185136,-0.3323201693831229,0.9431658142844641
840,1788543978,186438710,1788543978.186438799,0.0375551979758379,-0.0135170202070418,2.5132557615208606,0.0011820984820275,-0.0004004762327949,-0.3456423580954029,0.9383654951841607
841,1788543978,204632348,1788543978.204632282,0.0377340857081974,-0.0134978903468294,2.5132188421567094,0.0011790397763718,-0.0004096219134135,-0.3588942461909839,0.9333773953370090
842,1788543978,231086926,1788543978.231086969,0.0378729859070251,-0.0134887547305815,2.5131898140625046,0.0011757161199457,-0.0004142528439401,-0.3694434390956399,0.9292523830453020
843,1788543978,242453435,1788543978.242453337,0.0380424633997702,-0.0134855825428811,2.5131541047917896,0.0011701657393450,-0.0004195845621934,-0.3825624374292904,0.9239288046863232
844,1788543978,261501480,1788543978.261501551,0.0382071001409161,-0.0134917956517537,2.5131191369304688,0.0011623885407174,-0.0004245411836698,-0.3956041292988617,0.9184202967592524
845,1788543978,280442430,1788543978.280442476,0.0383661707997297,-0.0135071182280694,2.5130848532862489,0.0011521908757637,-0.0004279686146081,-0.4085660130020339,0.9127279454025019
846,1788543978,301018410,1788543978.301018476,0.0385203408954792,-0.0135316294733380,2.5130513372079322,0.0011398103173684,-0.0004316130448115,-0.4214456112713562,0.9068528608780659
847,1788543978,327866899,1788543978.327866793,0.0386683646416399,-0.0135673805593330,2.5130185523161286,0.0011201596653804,-0.0004354145077162,-0.4342405263620416,0.9007961594730228
848,1788543978,340674552,1788543978.340674639,0.0388095980034632,-0.0136112060805975,2.5129865953625572,0.0010982201698957,-0.0004359059736235,-0.4469482913469396,0.8945590135706486
849,1788543978,360680899,1788543978.360680819,0.0389470749247133,-0.0136647615691551,2.5129555321374148,0.0010733620767614,-0.0004405995202590,-0.4595663907986090,0.8881426609583930
850,1788543978,385590335,1788543978.385590315,0.0390804473219846,-0.0137270823809489,2.5129251379810476,0.0010468086925978,-0.0004483811737727,-0.4720923194140716,0.8815483793281718
851,1788543978,400759436,1788543978.400759459,0.0392085969248714,-0.0137965502960273,2.5128951582746701,0.0010200900593432,-0.0004560758638432,-0.4845236764635990,0.8747774336122731
852,1788543978,421894780,1788543978.421894789,0.0393302991866357,-0.0138710695993340,2.5128658057843292,0.0009952892866495,-0.0004597362669385,-0.4968583556277640,0.8678309584732934
853,1788543978,440820036,1788543978.440819979,0.0394442853763166,-0.0139528837267131,2.5128373152731132,0.0009665372749835,-0.0004597044323834,-0.5090937259684972,0.8607104232301614
854,1788543978,467069613,1788543978.467069626,0.0395523844242314,-0.0140422383916329,2.5128097863597243,0.0009347759310053,-0.0004598927972657,-0.5212271299333879,0.8534173619712555
855,1788543978,478112479,1788543978.478112459,0.0396348359563197,-0.0141169972552133,2.5127885674783577,0.0009108768503972,-0.0004584665807567,-0.5308587242266011,0.8474597188210560
856,1788543978,496488719,1788543978.496488810,0.0397322403832137,-0.0142137358859001,2.5127631405767961,0.0008831145022298,-0.0004528355943706,-0.5428022187722510,0.8398599682950854
857,1788543978,516561398,1788543978.516561508,0.0398237397559066,-0.0143175810213946,2.5127391674519668,0.0008516385501490,-0.0004475822415808,-0.5546368041939330,0.8320919960049236
858,1788543978,536411531,1788543978.536411524,0.0399096343913011,-0.0144281125398700,2.5127165407163119,0.0008170484618653,-0.0004430296843498,-0.5663600804752140,0.8241573850913543
859,1788543978,557859008,1788543978.557858944,0.0399904871167985,-0.0145446583953492,2.5126950596414810,0.0007806414327787,-0.0004396115746848,-0.5779696921524737,0.8160577383333801
860,1788543978,577509685,1788543978.577509642,0.0400666754681507,-0.0146662472262456,2.5126745607235197,0.0007439774611138,-0.0004370218537111,-0.5894633344348892,0.8077946724671677
861,1788543978,597224838,1788543978.597224951,0.0401382896047433,-0.0147918983247612,2.5126548385985035,0.0007082507332536,-0.0004343816193547,-0.6008387135507168,0.7993698455610064
862,1788543978,619224584,1788543978.619224548,0.0402037233299132,-0.0149214297111498,2.5126357329566682,0.0006711736446039,-0.0004289695334448,-0.6120934988836186,0.7907849986788367
863,1788543978,636645364,1788543978.636645317,0.0402649023850317,-0.0150546362805268,2.5126170328861877,0.0006348606101260,-0.0004238131307122,-0.6232254428872598,0.7820418560872652
864,1788543978,656664784,1788543978.656664848,0.0403222701590356,-0.0151902468742159,2.5125984501241838,0.0006013671539356,-0.0004180400226406,-0.6342323402866805,0.7731421616588801
865,1788543978,676834422,1788543978.676834345,0.0403752538657592,-0.0153274308018931,2.5125798293868291,0.0005706998562993,-0.0004096205431907,-0.6451120477990662,0.7640876600869693
866,1788543978,696621057,1788543978.696620941,0.0404233544232415,-0.0154695135011755,2.5125609168400214,0.0005364182233514,-0.0004022107044955,-0.6558623524578292,0.7548802058012390
867,1788543978,716716269,1788543978.716716290,0.0404686067380868,-0.0156138226964341,2.5125413652009461,0.0005049657447358,-0.0003954864161388,-0.6664807701313258,0.7455219457837886
868,1788543978,736435569,1788543978.736435652,0.0405103626848758,-0.0157579358263255,2.5125208019943646,0.0004786727623011,-0.0003850265754128,-0.6769650252008992,0.7360149300670936
869,1788543978,756702841,1788543978.756702900,0.0405478782314557,-0.0159050521735545,2.5124989199021588,0.0004511341749991,-0.0003740398706975,-0.6873130691022387,0.7263610683492010
870,1788543978,787236655,1788543978.787236691,0.0405814230983195,-0.0160552501927959,2.5124753708534078,0.0004222007461386,-0.0003630788466679,-0.6975227679938129,0.7165624034587154
871,1788543978,797227061,1788543978.797227144,0.0406121739246395,-0.0162051419108266,2.5124497738907388,0.0003981077266167,-0.0003489588789741,-0.7075921841431633,0.7066208464781141
872,1788543978,816866456,1788543978.816866398,0.0406422926608576,-0.0163564535763213,2.5124219438067525,0.0003790862906722,-0.0003370718425710,-0.7175194450234142,0.6965382894640098
873,1788543978,836417229,1788543978.836417198,0.0406708121303730,-0.0165092990836388,2.5123917622679555,0.0003633543468700,-0.0003259561385397,-0.7273027420963879,0.6863166055584619
874,1788543978,856771986,1788543978.856771946,0.0406966840723254,-0.0166642276013254,2.5123593833700286,0.0003483850978258,-0.0003148157048534,-0.7369400971606155,0.6759578927091526
875,1788543978,881286574,1788543978.881286621,0.0407197434591228,-0.0168214105085261,2.5123250694523569,0.0003335088503146,-0.0003036231282458,-0.7464296337923012,0.6654641976707191
876,1788543978,897070831,1788543978.897070885,0.0407398491302564,-0.0169819239649007,2.5122890999243719,0.0003168665598911,-0.0002938289110917,-0.7557695726024167,0.6548375114396813
877,1788543978,922600428,1788543978.922600508,0.0407587407665631,-0.0171447503693852,2.5122518844513939,0.0003024155871625,-0.0002862041062686,-0.7649581070520691,0.6440799027196373
878,1788543978,936883170,1788543978.936883211,0.0407770072411639,-0.0173073521447584,2.5122140030733240,0.0002943369179921,-0.0002773942170482,-0.7739934587838990,0.6331934634674966
879,1788543978,956579166,1788543978.956579208,0.0407934117325624,-0.0174729291048237,2.5121761737830126,0.0002864017118398,-0.0002707140441517,-0.7828739036309520,0.6221802758860173
880,1788543978,976182205,1788543978.976182222,0.0408045126928479,-0.0176068475104083,2.5121463662240129,0.0002799409619237,-0.0002649404347176,-0.7898655512998910,0.6132799216584081
881,1788543978,992959091,1788543978.992959023,0.0408179465785838,-0.0177753480122798,2.5121099343654487,0.0002759840225852,-0.0002586299935815,-0.7984627536313079,0.6020440914142875
882,1788543979,16635012,1788543979.016634941,0.0408300178059276,-0.0179476532884367,2.5120747765401146,0.0002720587497235,-0.0002564198011449,-0.8069001144670468,0.5906877902123836
883,1788543979,32500473,1788543979.032500505,0.0408389904970756,-0.0181223414574334,2.5120413807663611,0.0002671388618803,-0.0002539497101850,-0.8151758957335764,0.5792133658345036
884,1788543979,52315815,1788543979.052315712,0.0408463496771459,-0.0182973404814081,2.5120103232670270,0.0002661631981648,-0.0002495968981531,-0.8232885124880596,0.5676230193215728
885,1788543979,82727275,1788543979.082727194,0.0408530552453628,-0.0184730586194874,2.5119821319846354,0.0002702871570406,-0.0002450773608979,-0.8312363764439512,0.5559190169064824
886,1788543979,92679320,1788543979.092679262,0.0408571649216221,-0.0186531585486107,2.5119573607507277,0.0002721660166658,-0.0002444124821506,-0.8390179398112543,0.5441036324663495
887,1788543979,116840599,1788543979.116840601,0.0408566201919196,-0.0188374882487255,2.5119362777550753,0.0002686523048644,-0.0002453090114462,-0.8466316150381035,0.5321792706103846
888,1788543979,133198590,1788543979.133198500,0.0408521439681318,-0.0190248230390986,2.5119188904209659,0.0002624305870934,-0.0002467910181370,-0.8540757996950475,0.5201484390052953
889,1788543979,152622450,1788543979.152622461,0.0408450499835535,-0.0192138682228606,2.5119050447053226,0.0002571953815693,-0.0002482381471366,-0.8613490167352414,0.5080135269828853
890,1788543979,183636569,1788543979.183636665,0.0408352404287225,-0.0194061558693695,2.5118945611549481,-0.0002511866959134,0.0002524411589559,0.8684498289482742,-0.4957769334876504
891,1788543979,193363491,1788543979.193363428,0.0408234732672309,-0.0195997343805298,2.5118875229637339,-0.0002478153357475,0.0002568944611249,0.8753768140876335,-0.4834411090821506
892,1788543979,215246970,1788543979.215246916,0.0408084573620240,-0.0197953775966999,2.5118838298149049,-0.0002439989592737,0.0002618814725442,0.8821285081257657,-0.4710086698081185
893,1788543979,234607861,1788543979.234607935,0.0407902065530525,-0.0199933112388452,2.5118830567248112,-0.0002395822724162,0.0002680949983731,0.8887035343218198,-0.4584821684747536
894,1788543979,252500722,1788543979.252500772,0.0407675419529736,-0.0201938609759159,2.5118847689683914,-0.0002321303770034,0.0002753427585366,0.8951007040793437,-0.4458638804147701
895,1788543979,277537359,1788543979.277537346,0.0407392622940640,-0.0203956150768350,2.5118886959632429,-0.0002206581046879,0.0002803394367177,0.9013187969044202,-0.4331562063119605
896,1788543979,293269711,1788543979.293269634,0.0407054632793571,-0.0205980908496961,2.5118945476353867,-0.0002055429833221,0.0002826898501347,0.9073565726075203,-0.4203616633144181
897,1788543979,312626481,1788543979.312626362,0.0406666172680069,-0.0208036219318636,2.5119022254134542,-0.0001854077768768,0.0002875549851271,0.9132128032202236,-0.4074828327313287
898,1788543979,332298873,1788543979.332298756,0.0406241675115078,-0.0210108031348608,2.5119117195291145,-0.0001639676108358,0.0002939066452315,0.9188862617831415,-0.3945224006817741
899,1788543979,352360914,1788543979.352360964,0.0405785180873607,-0.0212178678708591,2.5119229606419697,-0.0001431452953403,0.0002990184614766,0.9243758023939714,-0.3814829826425886
900,1788543979,372609705,1788543979.372609615,0.0405306314195296,-0.0214254158880581,2.5119357442681460,-0.0001239801419958,0.0003049966863034,0.9296803247816841,-0.3683671881693156
901,1788543979,392703018,1788543979.392703056,0.0404787542402420,-0.0216327504876418,2.5119498679784678,-0.0001033644624073,0.0003093962727446,0.9347987902780244,-0.3551775827448525
902,1788543979,416897828,1788543979.416897774,0.0404199742323534,-0.0218414121078723,2.5119652761403652,-0.0000741970520971,0.0003134394397728,0.9397301809906723,-0.3419167781577167
903,1788543979,432436384,1788543979.432436466,0.0403570942066164,-0.0220502573440030,2.5119821318734092,-0.0000422727100997,0.0003173861204333,0.9444734879767690,-0.3285874738757774
904,1788543979,452391205,1788543979.452391148,0.0402899420633445,-0.0222596438488324,2.5120005141016986,-0.0000065259445565,0.0003221575653420,0.9490277506085206,-0.3151923614982552
905,1788543979,478876902,1788543979.478876829,0.0402203869715117,-0.0224691567235703,2.5120203489629063,0.0000296249606937,0.0003284900096118,0.9533920348744773,-0.3017341860886478
906,1788543979,493838685,1788543979.493838787,0.0401493363546177,-0.0226768408032141,2.5120415434074066,0.0000637221658719,0.0003333188282069,0.9575654783368911,-0.2882156129280394
907,1788543979,514187689,1788543979.514187574,0.0400895838882565,-0.0228426803507691,2.5120595847772202,0.0000941425356823,0.0003371329227969,0.9607662625559048,-0.2773590925369739
908,1788543979,530406559,1788543979.530406475,0.0400116159487867,-0.0230504683013264,2.5120835672900119,0.0001363504523688,0.0003441042617553,0.9645940665906142,-0.2637387906603672
909,1788543979,548735325,1788543979.548735380,0.0399299565161391,-0.0232567446012339,2.5121092186690799,0.0001827724382095,0.0003497982856964,0.9682286863737415,-0.2500661014979324
910,1788543979,576311353,1788543979.576311350,0.0398479845956198,-0.0234617009731375,2.5121367450481942,0.0002275242361201,0.0003566399296299,0.9716694151358376,-0.2363437511978302
911,1788543979,588580583,1788543979.588580608,0.0397674534925854,-0.0236653266216784,2.5121665143466898,0.0002677501619260,0.0003655592556801,0.9749155800732771,-0.2225744963077910
912,1788543979,614937381,1788543979.614937305,0.0396869926646367,-0.0238674528962962,2.5121988093451573,0.0003067069355286,0.0003756728287676,0.9779665216010435,-0.2087612210836521
913,1788543979,628886886,1788543979.628886938,0.0396074725229186,-0.0240687181613587,2.5122340261673535,0.0003434726935837,0.0003888204735398,0.9808216723569421,-0.1949065875748670
914,1788543979,655133641,1788543979.655133724,0.0395462015725301,-0.0242284812825696,2.5122645060574391,0.0003680058584722,0.0004010119515184,0.9829644684083723,-0.1837948791662847
915,1788543979,664425764,1788543979.664425850,0.0394712434214414,-0.0244270081845635,2.5123057785066778,0.0003956973741586,0.0004186930225789,0.9854658685050992,-0.1698725702732243
916,1788543979,684447000,1788543979.684447050,0.0393980476310115,-0.0246240224600755,2.5123509870899046,0.0004204298002377,0.0004388526111266,0.9877700499720998,-0.1559165129974503
917,1788543979,710976112,1788543979.710976124,0.0393241791579354,-0.0248208040748645,2.5124006258233496,0.0004478598930521,0.0004636546812396,0.9898765671269770,-0.1419294412684139
918,1788543979,725494660,1788543979.725494623,0.0392517679603069,-0.0250150851682756,2.5124551042449337,0.0004732824121680,0.0004895925981898,0.9917850181210064,-0.1279140888782820
919,1788543979,746733692,1788543979.746733665,0.0391834986817028,-0.0252070713032748,2.5125147331218876,0.0004916251935903,0.0005181148136498,0.9934950269624883,-0.1138732684281678
920,1788543979,764375199,1788543979.764375210,0.0391203485030557,-0.0253955373473936,2.5125797531938785,0.0005008439651451,0.0005471163021238,0.9950062613599706,-0.0998097674254783
921,1788543979,784384707,1788543979.784384727,0.0390595322622893,-0.0255817388173594,2.5126503763513979,0.0005070533278166,0.0005788121163075,0.9963184257794517,-0.0857263222459212
922,1788543979,805030454,1788543979.805030346,0.0389997246599801,-0.0257639376418760,2.5127267774284303,0.0005127415697239,0.0006098508089254,0.9974312671234642,-0.0716256416554464
923,1788543979,825237368,1788543979.825237274,0.0389436141649782,-0.0259429886730094,2.5128090658046274,0.0005126294263517,0.0006428416740939,0.9983445601206606,-0.0575105489726701
924,1788543979,844821724,1788543979.844821692,0.0388918217464467,-0.0261196152962445,2.5128971572610381,0.0005054676146871,0.0006796584095567,0.9990581165823492,-0.0433838939915044
925,1788543979,864436529,1788543979.864436626,0.0388420885691838,-0.0262926616260638,2.5129909646616064,0.0004956234609006,0.0007181111840659,0.9995717902097035,-0.0292485023664573
926,1788543979,884797524,1788543979.884797573,0.0387932357831854,-0.0264614785305073,2.5130905611354590,0.0004853397773417,0.0007573731453329,0.9998854749888951,-0.0151072081289374
927,1788543979,904662143,1788543979.904662132,0.0387447955141414,-0.0266257947569769,2.5131958868926190,0.0004754471799121,0.0007975468591276,0.9999991053225912,-0.0009629241941867
928,1788543979,925185919,1788543979.925185919,0.0386970869556045,-0.0267859473339174,2.5133068086337809,0.0004651554771116,0.0008400371679437,0.9999126627227535,0.0131812326673828
929,1788543979,944811312,1788543979.944811344,0.0386491422418893,-0.0269419024175576,2.5134231217356344,0.0004562882603117,0.0008855531183160,0.9996261865338817,0.0273220568849951
930,1788543979,969541594,1788543979.969541550,0.0386021913270962,-0.0270909246140308,2.5135446804013943,0.0004463691574175,0.0009292019936408,0.9991397770357113,0.0414565228071417
931,1788543979,985404886,1788543979.985404968,0.0385564385836832,-0.0272316142574872,2.5136711620462551,0.0004351747269564,0.0009687949037871,0.9984535651318416,0.0555819245340327
932,1788543980,7364935,1788543980.007364988,0.0385124763060431,-0.0273647003591177,2.5138022733816787,0.0004215026989291,0.0010063964728418,0.9975677233854019,0.0696953855092349
933,1788543980,25360684,1788543980.025360584,0.0384704757647673,-0.0274900444024764,2.5139377720234877,0.0004050329014788,0.0010422537122196,0.9964824736140149,0.0837939701627871
934,1788543980,44878909,1788543980.044878960,0.0384318054543488,-0.0276072040829485,2.5140774070865275,0.0003830054877691,0.0010757048231544,0.9951980803565992,0.0978748027863654
935,1788543980,69626624,1788543980.069626570,0.0383939539275252,-0.0277134625611772,2.5142209946720144,0.0003611121945360,0.0011021182072746,0.9937148252945208,0.1119352532641968
936,1788543980,84242079,1788543980.084242105,0.0383559628572582,-0.0278097281343167,2.5143682749342209,0.0003411966953291,0.0011240993482493,0.9920330160389214,0.1259726759031160
937,1788543980,104572661,1788543980.104572773,0.0383208421109904,-0.0278984632223481,2.5145192202180846,0.0003164446382927,0.0011463178222448,0.9901529955990811,0.1399843960032951
938,1788543980,126198838,1788543980.126198769,0.0382865937785821,-0.0279776163260065,2.5146737461251845,0.0002913692246915,0.0011654364929337,0.9880751278123588,0.1539678494372987
939,1788543980,145040723,1788543980.145040751,0.0382516428345490,-0.0280454123459224,2.5148316081248114,0.0002697122396655,0.0011787550369197,0.9857998342000791,0.1679202926479328
940,1788543980,170867451,1788543980.170867443,0.0382188570235716,-0.0281023922772671,2.5149926533452276,0.0002455497625928,0.0011867347970616,0.9833275653944821,0.1818390235928362
941,1788543980,184223752,1788543980.184223652,0.0381873876566135,-0.0281489922769694,2.5151566494550863,0.0002204804368984,0.0011906997938078,0.9806588032648068,0.1957213457996211
942,1788543980,201750273,1788543980.201750278,0.0381628355270266,-0.0281784882232741,2.5152898188746415,0.0002005503737431,0.0011905637662703,0.9783826583410759,0.2067992171042137
943,1788543980,221054113,1788543980.221054077,0.0381341356618836,-0.0282043408581079,2.5154585292030740,0.0001739548842078,0.0011831910164653,0.9753615288445732,0.2206092877661629
944,1788543980,240618594,1788543980.240618706,0.0381072906023246,-0.0282179243896529,2.5156292956488469,0.0001463486493240,0.0011678231121116,0.9721454749402133,0.2343753193587559
945,1788543980,260474861,1788543980.260474920,0.0380815576688264,-0.0282202842076810,2.5158016995329380,0.0001188102510974,0.0011467335373253,0.9687352236837450,0.2480942104941649
946,1788543980,280808747,1788543980.280808687,0.0380586891556505,-0.0282132327747848,2.5159753826785400,0.0000869004323183,0.0011223426352276,0.9651314887341550,0.2617631415022324
947,1788543980,305773633,1788543980.305773735,0.0380349644812560,-0.0281955903746856,2.5161500041242117,0.0000585348220105,0.0010939284464420,0.9613349583549742,0.2753795521437069
948,1788543980,320993405,1788543980.320993423,0.0380110790573461,-0.0281682660171115,2.5163252544399066,0.0000317342773891,0.0010626640738349,0.9573463724269385,0.2889408121726376
949,1788543980,345566631,1788543980.345566750,0.0379880060211502,-0.0281303657141491,2.5165009484409229,0.0000050573281409,0.0010258485644368,0.9531665040368115,0.3024443141991421
950,1788543980,371026843,1788543980.371026754,0.0379652384473568,-0.0280818677271127,2.5166770838195540,-0.0000204566064804,0.0009832916003651,0.9487961521267011,0.3158874711487016
951,1788543980,381665785,1788543980.381665707,0.0379444312984248,-0.0280255342207986,2.5168538456350933,-0.0000498555555634,0.0009387347614046,0.9442361667198036,0.3292676384793417
952,1788543980,405014497,1788543980.405014515,0.0379226098852414,-0.0279624086028920,2.5170313021910413,-0.0000782748903445,0.0008955364240824,0.9394874631791497,0.3425821046358969
953,1788543980,421112174,1788543980.421112061,0.0378992491917240,-0.0278917442710466,2.5172095505769008,-0.0001044655508451,0.0008521071602813,0.9345509624551052,0.3558282754006105
954,1788543980,443474222,1788543980.443474293,0.0378772268587752,-0.0278126796067899,2.5173887725259427,-0.0001335045030095,0.0008041308538484,0.9294276350060945,0.3690035322826810
955,1788543980,468391076,1788543980.468391180,0.0378569231227537,-0.0277274001360093,2.5175690126180963,-0.0001679143384526,0.0007547278515238,0.9241184874437036,0.3821052516721103
956,1788543980,480568841,1788543980.480568886,0.0378349043607366,-0.0276340787187091,2.5177503302491484,-0.0001999959579156,0.0007023480559671,0.9186245531168705,0.3951308607533145
957,1788543980,498413020,1788543980.498413086,0.0378155339377769,-0.0275541776028554,2.5178962607430195,-0.0002236089596887,0.0006593722127392,0.9140970777828171,0.4054948182359826
958,1788543980,516869374,1788543980.516869307,0.0377882556025835,-0.0274484405035827,2.5180797939487105,-0.0002497301905471,0.0006058724021984,0.9082732488175626,0.4183769544750932
959,1788543980,536777992,1788543980.536777973,0.0377578376227678,-0.0273373278060813,2.5182647780260634,-0.0002738355261716,0.0005539992672519,0.9022677636642974,0.4311757191112970
960,1788543980,556867250,1788543980.556867361,0.0377232610322434,-0.0272205834855863,2.5184515378876258,-0.0002941074899043,0.0005036384858975,0.8960818545295570,0.4438884655315227
961,1788543980,574305556,1788543980.574305534,0.0376917517907018,-0.0271229137608763,2.5186024259728361,-0.0003059569091348,0.0004645221365602,0.8910040857999955,0.4539949445723696
962,1788543980,597946712,1788543980.597946644,0.0376492464234182,-0.0269971958151150,2.5187932262024204,-0.0003201873477194,0.0004183099679323,0.8844967408163309,0.4665460727325026
963,1788543980,615440320,1788543980.615440369,0.0376022066333244,-0.0268656423257404,2.5189866478518965,-0.0003302551705927,0.0003723856589238,0.8778126872088965,0.4790037979343580
964,1788543980,634286985,1788543980.634286880,0.0375515088598596,-0.0267311598503157,2.5191828755054742,-0.0003407300649888,0.0003307282983399,0.8709532416029070,0.4913656738755811
965,1788543980,652535805,1788543980.652535915,0.0374951160894807,-0.0265936442078271,2.5193819044542973,-0.0003480923081917,0.0002947841867680,0.8639197463153532,0.5036292920993024
966,1788543980,672983036,1788543980.672982931,0.0374327859679361,-0.0264491428004094,2.5195837659402569,-0.0003479555682709,0.0002575814294575,0.8567135472230163,0.5157923134201267
967,1788543980,700240144,1788543980.700240135,0.0373651237079555,-0.0263009534757479,2.5197886858689551,-0.0003448093266097,0.0002241880579267,0.8493360568905698,0.5278523404436338
968,1788543980,713065726,1788543980.713065624,0.0372915066063861,-0.0261489507389995,2.5199969424232300,-0.0003374303567346,0.0001948889801705,0.8417887614095846,0.5398069370835813
969,1788543980,733913017,1788543980.733912945,0.0372123236844406,-0.0259935493255855,2.5202088004525316,-0.0003269136303736,0.0001698882590838,0.8340731402021804,0.5516537510601482
970,1788543980,752794856,1788543980.752794743,0.0371270931467001,-0.0258326620502865,2.5204248437440686,-0.0003099215793026,0.0001461426651252,0.8261907430882777,0.5633903962850056
971,1788543980,772609717,1788543980.772609711,0.0370373174216761,-0.0256680585882486,2.5206456313604280,-0.0002907746642835,0.0001249886534152,0.8181432625957271,0.5750143491228286
972,1788543980,798307996,1788543980.798307896,0.0369430179290390,-0.0254993150089052,2.5208713170085835,-0.0002686941678854,0.0001056697127700,0.8099323336907728,0.5865232574072191
973,1788543980,815840529,1788543980.815840483,0.0368450948870707,-0.0253253179962568,2.5211020870589644,-0.0002434219556255,0.0000852742922915,0.8015595540203154,0.5979148892884334
974,1788543980,834668285,1788543980.834668398,0.0367437023645664,-0.0251432318979699,2.5213383523888373,-0.0002110961658703,0.0000589955963420,0.7930265478387869,0.6091870372724821
975,1788543980,859321099,1788543980.859321117,0.0366385792780368,-0.0249575451064163,2.5215804963888830,-0.0001761735336377,0.0000345372589880,0.7843349870937386,0.6203374853986566
976,1788543980,872752958,1788543980.872752905,0.0365318350258370,-0.0247689933524547,2.5218287314386529,-0.0001424047739603,0.0000102501572494,0.7754865651858461,0.6313640525339345
977,1788543980,897575967,1788543980.897575855,0.0364227780445166,-0.0245771680023865,2.5220828783460534,-0.0001075184744813,-0.0000138335062889,0.7664830306215591,0.6422645498683558
978,1788543980,915808692,1788543980.915808678,0.0363101662747074,-0.0243833059419445,2.5223427058679153,-0.0000705958639966,-0.0000342519299749,0.7573261566664145,0.6530368184657790
979,1788543980,933090873,1788543980.933090925,0.0361949677478833,-0.0241858655449917,2.5226079477427246,-0.0000304962202574,-0.0000547736179283,0.7480176610287189,0.6636788190525265
980,1788543980,952706256,1788543980.952706337,0.0360781424950103,-0.0239841522141202,2.5228782842573803,0.0000130136208207,-0.0000778087892997,0.7385592075753290,0.6741886165474318
981,1788543980,972661338,1788543980.972661257,0.0359605085186888,-0.0237782416108946,2.5231533317557502,0.0000594843395085,-0.0001044489502373,0.7289527236384715,0.6845640307904617
982,1788543980,996341157,1788543980.996341228,0.0358416830887184,-0.0235704871742326,2.5234327002900896,0.0001070942281843,-0.0001307880595580,0.7192002163406556,0.6948028643009929
983,1788543981,12652044,1788543981.012652159,0.0357219767526823,-0.0233646486992898,2.5237161448603933,0.0001507533354575,-0.0001519949713495,0.7093037236401460,0.7049029591377695
984,1788543981,32500685,1788543981.032500744,0.0356010766477202,-0.0231589384776860,2.5240032861486021,0.0001941134973270,-0.0001705647684608,0.6992653315836698,0.7148621750189265
985,1788543981,62749774,1788543981.062749863,0.0354793082194474,-0.0229511699066877,2.5242937924115965,0.0002406352546898,-0.0001902755997034,0.6890872369967573,0.7246783325711105
986,1788543981,72703178,1788543981.072703123,0.0353576365020348,-0.0227437277719226,2.5245875479702211,0.0002862102826363,-0.0002093056952348,0.6787715116724896,0.7343494462561019
987,1788543981,92857522,1788543981.092857599,0.0352368913782460,-0.0225368854392669,2.5248844271835100,0.0003300405899553,-0.0002287916644547,0.6683201712678035,0.7438736367180633
988,1788543981,112535781,1788543981.112535715,0.0351152759514558,-0.0223320492472384,2.5251843676135319,0.0003731633886769,-0.0002443205296335,0.6577352643416017,0.7532490445384232
989,1788543981,132352695,1788543981.132352591,0.0349933309911578,-0.0221276057939285,2.5254874133080638,0.0004179722587310,-0.0002590974909119,0.6470188709110162,0.7624738283067262
990,1788543981,160420077,1788543981.160420179,0.0348714822990265,-0.0219252042899840,2.5257937076018164,0.0004620183755659,-0.0002717195172936,0.6361731486601774,0.7715461344801879
991,1788543981,172939786,1788543981.172939777,0.0347506195080781,-0.0217255515994428,2.5261032916525310,0.0005036791820356,-0.0002828774932189,0.6252002248546232,0.7804641856801207
992,1788543981,194155988,1788543981.194155931,0.0346304488181836,-0.0215276751698652,2.5264159732327993,0.0005455626912529,-0.0002935499334156,0.6141022774346766,0.7892262090423315
993,1788543981,213488224,1788543981.213488340,0.0345102271923457,-0.0213358487039252,2.5267318234968954,0.0005822503638427,-0.0002973059516541,0.6028815639986775,0.7978304283393768
994,1788543981,232623003,1788543981.232623100,0.0343911800290842,-0.0211487612316230,2.5270506626042382,0.0006147637305139,-0.0002980342651552,0.5915403664567513,0.8062750945510749
995,1788543981,260530717,1788543981.260530710,0.0342731612559194,-0.0209627960579656,2.5273723918891715,0.0006497847704632,-0.0002999842637684,0.5800809285460166,0.8145585332720938
996,1788543981,273307500,1788543981.273307562,0.0341542512549548,-0.0207816679652434,2.5276970349360841,0.0006839037107153,-0.0002954328102190,0.5685056008545176,0.8226790545481348
997,1788543981,293460228,1788543981.293460131,0.0340357837291414,-0.0206052871391978,2.5280243304917360,0.0007160448688808,-0.0002867288047115,0.5568165220351580,0.8306351580898853
998,1788543981,312272795,1788543981.312272787,0.0339181436520451,-0.0204351710558870,2.5283540834361693,0.0007435189008159,-0.0002727712237522,0.5450158060861146,0.8384253955432209
999,1788543981,332868852,1788543981.332868814,0.0338017388216436,-0.0202701354486138,2.5286860762815957,0.0007681993625120,-0.0002555504072242,0.5331059817810417,0.8460480818210041
1000,1788543981,352787812,1788543981.352787733,0.0336865285012484,-0.0201097314624253,2.5290199578527202,0.0007912123792606,-0.0002353212060342,0.5210896274869976,0.8535015634035845
1001,1788543981,372577635,1788543981.372577667,0.0335725280578328,-0.0199539901489830,2.5293552345887731,0.0008127641104808,-0.0002118362018363,0.5089691918705347,0.8607843262203251
1002,1788543981,399598997,1788543981.399599075,0.0334594374603627,-0.0198033138000444,2.5296917595254040,0.0008326876220448,-0.0001838474325750,0.4967471178630630,0.8678949093791172
1003,1788543981,412733199,1788543981.412733316,0.0333478162902659,-0.0196548620650881,2.5300295217317066,0.0008557257060791,-0.0001548530103710,0.4844258570233942,0.8748318883083830
1004,1788543981,432507226,1788543981.432507277,0.0332391704614649,-0.0195099413095926,2.5303683320370300,0.0008784056119404,-0.0001257447274556,0.4720078587369953,0.8815938939683969
1005,1788543981,460556825,1788543981.460556746,0.0331341576965745,-0.0193686784390645,2.5307080200156520,0.0009002894246919,-0.0000971876083423,0.4594955728925643,0.8881795981250947
1006,1788543981,476712513,1788543981.476712465,0.0330324646169086,-0.0192302633688043,2.5310484730332488,0.0009236047924662,-0.0000689652855826,0.4468915179395789,0.8945876778670919
1007,1788543981,494966651,1788543981.494966745,0.0329329860057221,-0.0190967571768313,2.5313894357930771,0.0009459733452453,-0.0000367083503643,0.4341982232784100,0.9008168552423956
1008,1788543981,512512110,1788543981.512512207,0.0328372232372846,-0.0189688942481433,2.5317306021707631,0.0009649848288617,-0.0000021701714720,0.4214182360555052,0.9068658881661813
1009,1788543981,532379457,1788543981.532379389,0.0327456901735632,-0.0188461377817542,2.5320715923956350,0.0009815161905815,0.0000335773365975,0.4085541559179373,0.9127335521282823
1010,1788543981,553894461,1788543981.553894520,0.0326587616665404,-0.0187259440330214,2.5324120530544003,0.0010003917206118,0.0000681442973053,0.3956084827162245,0.9184187078755129
1011,1788543981,572681768,1788543981.572681665,0.0325778514757039,-0.0186086816052009,2.5327516457509125,0.0010202409359682,0.0000997031248852,0.3825834108525873,0.9239203877543345
1012,1788543981,592946221,1788543981.592946291,0.0325041968490410,-0.0184963750857360,2.5330900256997153,0.0010367951217187,0.0001278953714330,0.3694814011039457,0.9292375384889026
1013,1788543981,615277126,1788543981.615277052,0.0324395673696239,-0.0183878877140831,2.5334267782851456,0.0010514799148762,0.0001486938815906,0.3563050844483660,0.9343690700554899
1014,1788543981,632399017,1788543981.632399082,0.0323803589496763,-0.0182844622626452,2.5337614553796062,0.0010651234192389,0.0001701260856890,0.3430571712235566,0.9393139059128786
1015,1788543981,653861362,1788543981.653861284,0.0323279847375174,-0.0181851164510716,2.5340936685871189,0.0010790063478238,0.0001889542513104,0.3297404413355464,0.9440709938290824
1016,1788543981,674185737,1788543981.674185753,0.0322827403320993,-0.0180900652108716,2.5344232580125792,0.0010929942684263,0.0002049378158780,0.3163577439106376,0.9486393103976833
1017,1788543981,692379411,1788543981.692379475,0.0322446077144121,-0.0180014087834170,2.5347502414394150,0.0011034647876027,0.0002195646762352,0.3029118504693680,0.9530179143132823
1018,1788543981,712495256,1788543981.712495327,0.0322117311083960,-0.0179195832395847,2.5350747208224114,0.0011110560943197,0.0002367171419858,0.2894058321925341,0.9572058158057215
1019,1788543981,733596051,1788543981.733596087,0.0321845295052681,-0.0178438482255698,2.5353967569244906,0.0011171793830423,0.0002551543484009,0.2758429056307082,0.9612020485931627
1020,1788543981,756568451,1788543981.756568432,0.0321649519352191,-0.0177728008685127,2.5357161322920825,0.0011237774025823,0.0002703225154970,0.2622258119974564,0.9650058484653664
1021,1788543981,772860635,1788543981.772860527,0.0321523590678603,-0.0177085981645793,2.5360325307072098,0.0011272756068867,0.0002847250538976,0.2485571938256140,0.9686165234905328
1022,1788543981,792694631,1788543981.792694569,0.0321477727729949,-0.0176520713308302,2.5363455832188002,0.0011257701061005,0.0002966570288984,0.2348396410828938,0.9720334292668813
1023,1788543981,817150630,1788543981.817150593,0.0321500900976427,-0.0176018006271507,2.5366550856136074,0.0011228789874154,0.0003075103025592,0.2210757740639180,0.9752559390756013
1024,1788543981,832392905,1788543981.832392931,0.0321595135730246,-0.0175574550060936,2.5369610343999662,0.0011193576764744,0.0003166841324664,0.2072682418226457,0.9782834572256149
1025,1788543981,852300462,1788543981.852300406,0.0321696540903250,-0.0175340328439098,2.5371429780021710,0.0011158918164967,0.0003193315035668,0.1989638491527829,0.9800061426048070
1026,1788543981,868891003,1788543981.868891001,0.0321960713397144,-0.0174952117127950,2.5375037124167710,0.0011060166666919,0.0003263391284620,0.1823130150761026,0.9832398663417625
1027,1788543981,888873030,1788543981.888873100,0.0322255999357353,-0.0174708009314081,2.5378015669838163,0.0010948036563831,0.0003310694001171,0.1683973793387759,0.9857185269790959
1028,1788543981,910485752,1788543981.910485744,0.0322603564547125,-0.0174534890544060,2.5380972138160875,0.0010816944031320,0.0003378019499178,0.1544485932669099,0.9880001760449911
1029,1788543981,929637044,1788543981.929636955,0.0323015423443473,-0.0174429309666876,2.5383907910779251,0.0010669355924164,0.0003438291646054,0.1404693581991569,0.9900843917752992
1030,1788543981,961547998,1788543981.961548090,0.0323522604277451,-0.0174381268690119,2.5386824992720105,0.0010517417673192,0.0003423901800358,0.1264623261224263,0.9919707942676158
1031,1788543981,972602601,1788543981.972602606,0.0324120900850354,-0.0174394402783782,2.5389726130325894,0.0010357297094947,0.0003342238529425,0.1124302131654085,0.9936590273962018
1032,1788543981,992270781,1788543981.992270708,0.0324781767548816,-0.0174475689200090,2.5392611170686359,0.0010182699248021,0.0003249935210425,0.0983757006442455,0.9951487723091083
1033,1788543982,16556944,1788543982.016556978,0.0325514419929817,-0.0174625952099600,2.5395480295782775,0.0009989908947653,0.0003124285516141,0.0843015349592563,0.9964397400792010
1034,1788543982,29495941,1788543982.029495955,0.0326332050835891,-0.0174857068841111,2.5398335077367538,0.0009752807305822,0.0002935309574075,0.0702105254385786,0.9975316760808713
1035,1788543982,51586852,1788543982.051586866,0.0327225567172710,-0.0175147407148138,2.5401177070909382,0.0009517859177056,0.0002692518621243,0.0561054231116291,0.9984243602318940
1036,1788543982,70058517,1788543982.070058584,0.0328173952737017,-0.0175501568087247,2.5404007961952053,0.0009277803262621,0.0002434085742005,0.0419890662517930,0.9991176098394197
1037,1788543982,88495372,1788543982.088495255,0.0329191273738056,-0.0175931825439982,2.5406828118288658,0.0009005195413488,0.0002125541028577,0.0278645135586163,0.9996112808334301
1038,1788543982,117008442,1788543982.117008448,0.0330254230878456,-0.0176442052503823,2.5409636962655857,0.0008692306168075,0.0001806992304921,0.0137346111226454,0.9999052816358320
1039,1788543982,129355952,1788543982.129355907,0.0331359401198784,-0.0177017342804090,2.5412433333972815,0.0008367071753354,0.0001476896504543,-0.0003978593080471,0.9999995599083236
1040,1788543982,149921673,1788543982.149921656,0.0332523090122063,-0.0177654988539273,2.5415215061584293,0.0008032463985070,0.0001094121041985,-0.0145301167934152,0.9998941036580746
1041,1788543982,169198020,1788543982.169198036,0.0333735463809775,-0.0178349361924331,2.5417978720829932,0.0007697986439093,0.0000671114875598,-0.0286593369276131,0.9995889381705690
1042,1788543982,188559176,1788543982.188559294,0.0335015416787057,-0.0179104583157553,2.5420720454366155,0.0007354690913610,0.0000160121037886,-0.0427824945147240,0.9990841390953645
1043,1788543982,214987875,1788543982.214987993,0.0336062379219466,-0.0179755067912485,2.5422895476233438,0.0007065510857270,-0.0000266209783816,-0.0540747735708382,0.9985366387570109
1044,1788543982,225145762,1788543982.225145817,0.0337356909307439,-0.0180602404006865,2.5425590322616096,0.0006725738019334,-0.0000738605899032,-0.0681799516874419,0.9976728102825055
1045,1788543982,249422500,1788543982.249422550,0.0338642511263869,-0.0181508207141914,2.5428257830915335,0.0006362593261248,-0.0001168821763121,-0.0822713760952943,0.9966097542107509
1046,1788543982,265671602,1788543982.265671492,0.0339933860363729,-0.0182466121556114,2.5430896934065994,0.0005985624055669,-0.0001595111436092,-0.0963463107110787,0.9953476803065380
1047,1788543982,284586237,1788543982.284586191,0.0341227823374440,-0.0183467328378324,2.5433508454138911,0.0005607068081789,-0.0002017825862620,-0.1104020240066962,0.9938868335916761
1048,1788543982,304639802,1788543982.304639816,0.0342524033052743,-0.0184508801824221,2.5436093261466373,0.0005227797882122,-0.0002443564491344,-0.1244357892712713,0.9922274947509037
1049,1788543982,324900739,1788543982.324900627,0.0343807807096985,-0.0185585951873998,2.5438653126524784,0.0004848004417032,-0.0002849039865229,-0.1384446397097801,0.9903700144561524
1050,1788543982,348436900,1788543982.348436832,0.0345078257163274,-0.0186698171745363,2.5441190248968093,0.0004462581438685,-0.0003239918665989,-0.1524253985166379,0.9883148252302925
1051,1788543982,367161131,1788543982.367161036,0.0346326730255792,-0.0187838082123836,2.5443706998131050,0.0004077556054214,-0.0003603601326891,-0.1663752006238086,0.9860623694743291
1052,1788543982,384535981,1788543982.384536028,0.0347596354762568,-0.0189005139429220,2.5446207019972653,0.0003703363282408,-0.0004034262704442,-0.1802913797002327,0.9836130939063564
1053,1788543982,412084241,1788543982.412084341,0.0348835570743404,-0.0190176333591876,2.5448694516327710,0.0003363400476313,-0.0004425514703859,-0.1941713744613232,0.9809674654968782
1054,1788543982,427992331,1788543982.427992344,0.0350036165321463,-0.0191362132898477,2.5451169849949888,0.0003026367348735,-0.0004770968079119,-0.2080125658641763,0.9781259904696553
1055,1788543982,446887819,1788543982.446887732,0.0351193115581993,-0.0192572455056184,2.5453634433941965,0.0002663144447161,-0.0005071194448247,-0.2218120703437983,0.9750892663527186
1056,1788543982,463078396,1788543982.463078499,0.0352087120518954,-0.0193532858143002,2.5455601350133676,0.0002399925553094,-0.0005270757221679,-0.2328197587394935,0.9725197296380370
1057,1788543982,483699293,1788543982.483699322,0.0353191948622842,-0.0194725571343101,2.5458057476261691,0.0002108443980305,-0.0005526493510036,-0.2465370262561969,0.9691331925014672
1058,1788543982,500558234,1788543982.500558138,0.0354283350781847,-0.0195920635897616,2.5460512728070737,0.0001833268024157,-0.0005798982689688,-0.2602047978808946,0.9655532576036622
1059,1788543982,520317633,1788543982.520317554,0.0355344509480386,-0.0197108432568220,2.5462973335509913,0.0001580558493641,-0.0006053483622454,-0.2738205045690859,0.9617806090004311
1060,1788543982,547101858,1788543982.547101974,0.0356338889475588,-0.0198275428387550,2.5465444360520695,0.0001350781654807,-0.0006213228545190,-0.2873817825154091,0.9578159044357458
1061,1788543982,562380262,1788543982.562380314,0.0357298547638477,-0.0199441515191638,2.5467926093317632,0.0001117122912771,-0.0006355592387699,-0.3008859636784982,0.9536599081675183
1062,1788543982,580638422,1788543982.580638409,0.0358221241018032,-0.0200606303264990,2.5470417090193207,0.0000874599944925,-0.0006478495279366,-0.3143301777942744,0.9493134950950389
1063,1788543982,600827397,1788543982.600827456,0.0359114777241070,-0.0201753156751653,2.5472915237646241,0.0000656374431717,-0.0006588394799569,-0.3277116148263387,0.9447775712463644
1064,1788543982,620449692,1788543982.620449781,0.0359983041598447,-0.0202877601768394,2.5475417355125369,0.0000469868593259,-0.0006690502232198,-0.3410276502408569,0.9400530261295017
1065,1788543982,647078285,1788543982.647078276,0.0360812964512783,-0.0203965788430798,2.5477920691095313,0.0000329039356071,-0.0006749752403900,-0.3542756687166104,0.9351407882672824
1066,1788543982,661168770,1788543982.661168814,0.0361608786672266,-0.0205034558797077,2.5480421423340127,0.0000200776324305,-0.0006786057319208,-0.3674528918604361,0.9300418868817425
1067,1788543982,681578950,1788543982.681578875,0.0362380681046366,-0.0206092213406923,2.5482915160706274,0.0000074295672670,-0.0006825327002350,-0.3805567364111100,0.9247573219315647
1068,1788543982,700545930,1788543982.700546026,0.0363136030607850,-0.0207160990131582,2.5485396910888576,-0.0000088419018654,-0.0006900064422121,-0.3935847230426684,0.9192880884686565
1069,1788543982,721112567,1788543982.721112490,0.0363858854480192,-0.0208220664099750,2.5487861340057183,-0.0000263572968567,-0.0006965771882821,-0.4065343168041151,0.9136352463352785
1070,1788543982,741484271,1788543982.741484165,0.0364535027390399,-0.0209244984530951,2.5490301003374087,-0.0000417277048449,-0.0006974781339546,-0.4194027936098274,0.9077999826477878
1071,1788543982,760866541,1788543982.760866642,0.0365172021629778,-0.0210229009442553,2.5492706915352694,-0.0000538489577678,-0.0006935738431775,-0.4321875595821099,0.9017834714597922
1072,1788543982,780540175,1788543982.780540228,0.0365783254999845,-0.0211179091367090,2.5495071567409675,-0.0000630583740518,-0.0006877137567549,-0.4448859450425357,0.8955869689633945
1073,1788543982,802641999,1788543982.802642107,0.0366257271712590,-0.0211913700193232,2.5496928624686959,-0.0000679585951970,-0.0006820180246368,-0.4549807743111969,0.8905009967654315
1074,1788543982,821463521,1788543982.821463585,0.0366957398304447,-0.0213007774346793,2.5499647922193831,-0.0000763238391541,-0.0006773751859050,-0.4700139618932123,0.8826587171511847
1075,1788543982,851366302,1788543982.851366282,0.0367508432472101,-0.0213893326601832,2.5501848361257107,-0.0000829816769079,-0.0006710827156373,-0.4824393641019493,0.8759291082769980
1076,1788543982,861072415,1788543982.861072302,0.0368026646614275,-0.0214747650255989,2.5503985240828371,-0.0000885601322231,-0.0006610879362059,-0.4947691373499169,0.8690241975030745
1077,1788543982,883935923,1788543982.883935928,0.0368525818058616,-0.0215584490318415,2.5506055818794207,-0.0000942903578509,-0.0006510568800510,-0.5070005632726247,0.8619454716369874
1078,1788543982,900600309,1788543982.900600195,0.0369017643580457,-0.0216421077795445,2.5508058323470717,-0.0001020295190726,-0.0006447212828968,-0.5191309647203060,0.8546944573313958
1079,1788543982,921283874,1788543982.921283960,0.0369493755710362,-0.0217256829373255,2.5509991983268248,-0.0001125324357681,-0.0006405160409178,-0.5311577018971458,0.8472727263349122
1080,1788543982,951183937,1788543982.951184034,0.0369951101871706,-0.0218041331187522,2.5511856767393510,-0.0001174535407385,-0.0006322995497582,-0.5430783410480532,0.8396817860871102
1081,1788543982,960546139,1788543982.960546255,0.0370421110813074,-0.0218784535583204,2.5513650725136428,-0.0001151395929478,-0.0006262301976168,-0.5548904714321730,0.8319231691042116
1082,1788543982,983872777,1788543982.983872890,0.0370804993217304,-0.0219386782341709,2.5515032730532123,-0.0001144996478809,-0.0006267744070022,-0.5642604507535304,0.8255965950505707
1083,1788543982,996392353,1788543982.996392250,0.0371277967962571,-0.0220145612788267,2.5516691479409261,-0.0001162829512784,-0.0006310106614930,-0.5758711934508489,0.8175401866925658
1084,1788543983,13856857,1788543983.013856888,0.0371646387183578,-0.0220740250584504,2.5517961862957832,-0.0001173204041135,-0.0006345325696069,-0.5850770043850922,0.8109774858429225
1085,1788543983,32417808,1788543983.032417774,0.0372105624623000,-0.0221457258039663,2.5519477476301411,-0.0001149632009890,-0.0006396674565385,-0.5964789097345063,0.8026284868174952
1086,1788543983,52459262,1788543983.052459240,0.0372578186354165,-0.0222147602651701,2.5520912797235575,-0.0001070206482882,-0.0006482714846806,-0.6077616908282267,0.7941191947385972
1087,1788543983,75074956,1788543983.075074911,0.0373067193683729,-0.0222808820985260,2.5522268432918414,-0.0000923916883151,-0.0006604375161998,-0.6189230701482804,0.7854513279155430
1088,1788543983,92563954,1788543983.092563868,0.0373545668806643,-0.0223452494006964,2.5523544957789088,-0.0000760243672167,-0.0006732630161824,-0.6299607500770118,0.7766266762734946
1089,1788543983,112688311,1788543983.112688303,0.0374010436539757,-0.0224101255017693,2.5524743554702609,-0.0000616036622045,-0.0006893837199964,-0.6408725725174714,0.7676469675247299
1090,1788543983,135242848,1788543983.135242939,0.0374473011790183,-0.0224750268267098,2.5525865284789355,-0.0000464206425442,-0.0007103122165758,-0.6516564518634606,0.7585139168442488
1091,1788543983,152467733,1788543983.152467728,0.0374915375770373,-0.0225385512529659,2.5526910256509225,-0.0000302986725465,-0.0007316754774293,-0.6623103020009942,0.7492292890673309
1092,1788543983,175821518,1788543983.175821543,0.0375337219060231,-0.0225987820541820,2.5527876648713890,-0.0000100537204070,-0.0007511079450272,-0.6728318638432063,0.7397950518441271
1093,1788543983,192365271,1788543983.192365170,0.0375740265391963,-0.0226564061972904,2.5528760812831752,0.0000137739136487,-0.0007700146271176,-0.6832191811431653,0.7302129534634511
1094,1788543983,212332977,1788543983.212332964,0.0376107612254194,-0.0227133021234613,2.5529560095397499,0.0000363353739075,-0.0007887636619679,-0.6934703881492061,0.7204846960843900
1095,1788543983,236026329,1788543983.236026287,0.0376433511450842,-0.0227689876663047,2.5530271856676450,0.0000578668152451,-0.0008062195897569,-0.7035834875761056,0.7106121464425224
1096,1788543983,252556880,1788543983.252556801,0.0376723838047946,-0.0228211281181304,2.5530894515384457,0.0000829025142376,-0.0008201780679964,-0.7135563828715160,0.7005973229312459
1097,1788543983,272792231,1788543983.272792339,0.0376988941474938,-0.0228726683535560,2.5531426409942939,0.0001090362684035,-0.0008366575095447,-0.7233868277377699,0.6904424563790889
1098,1788543983,292517238,1788543983.292517185,0.0377196670062284,-0.0229224485622548,2.5531866238384695,0.0001335518392630,-0.0008496717380338,-0.7330727946482520,0.6801496438052772
1099,1788543983,309820942,1788543983.309820890,0.0377326095985906,-0.0229612255351836,2.5532150252328956,0.0001525467778445,-0.0008588001919751,-0.7407162514532362,0.6718174409947818
1100,1788543983,328719191,1788543983.328719139,0.0377447613330885,-0.0230086868070374,2.5532417503846148,0.0001762258464327,-0.0008701016943866,-0.7501373626811648,0.6612814446037626
1101,1788543983,348729656,1788543983.348729610,0.0377512378075274,-0.0230558857225273,2.5532582259371748,0.0001971215177604,-0.0008812714970124,-0.7594086237909118,0.6506133464782669
1102,1788543983,370411753,1788543983.370411634,0.0377510327578316,-0.0231023672454965,2.5532638861045851,0.0002145434031000,-0.0008906544338759,-0.7685280696238739,0.6398154162772334
1103,1788543983,388352441,1788543983.388352394,0.0377431224331192,-0.0231456946379966,2.5532582833538249,0.0002301814700434,-0.0008934162590423,-0.7774939086020207,0.6288897923409407
1104,1788543983,409046539,1788543983.409046650,0.0377270229822773,-0.0231872197583327,2.5532408925482342,0.0002414509212154,-0.0008913669617243,-0.7863044077496384,0.6178385918020034
1105,1788543983,428622695,1788543983.428622723,0.0377035654883233,-0.0232291748064621,2.5532114209751668,0.0002468457744159,-0.0008894760848636,-0.7949578670048352,0.6066639412282396
1106,1788543983,450646745,1788543983.450646639,0.0376734705341567,-0.0232713410377779,2.5531697208666753,0.0002478701273450,-0.0008886008533293,-0.8034525867706453,0.5953680288363508
1107,1788543983,473670630,1788543983.473670721,0.0376382478409582,-0.0233091740981245,2.5531160579737970,0.0002525395645753,-0.0008832407292542,-0.8117868657355694,0.5839531151803226
1108,1788543983,488241908,1788543983.488241911,0.0375973745480673,-0.0233455731792952,2.5530504059128738,0.0002563560121835,-0.0008775717641942,-0.8199590631147888,0.5724214347535489
1109,1788543983,509949891,1788543983.509949923,0.0375477218730655,-0.0233813560116389,2.5529727790914070,0.0002530142965379,-0.0008694348128918,-0.8279675975871540,0.5607752111253036
1110,1788543983,536097806,1788543983.536097765,0.0374896439011925,-0.0234159459589816,2.5528834581092856,0.0002435617364207,-0.0008585411068625,-0.8358108644211910,0.5490167597627144
1111,1788543983,548441071,1788543983.548441172,0.0374258622611418,-0.0234457617382868,2.5527828682581171,0.0002363789589227,-0.0008418991627017,-0.8434871193136269,0.5371486897338456
1112,1788543983,569415673,1788543983.569415569,0.0373567155060617,-0.0234717637365824,2.5526713919928579,0.0002305856117435,-0.0008213344635933,-0.8509948020161053,0.5251734181977838
1113,1788543983,588439811,1788543983.588439703,0.0372815744185047,-0.0234950293457043,2.5525492431143655,0.0002235947707718,-0.0007978269824752,-0.8583324471049807,0.5130932894944734
1114,1788543983,608672279,1788543983.608672380,0.0372008752935743,-0.0235136734053182,2.5524168251179082,0.0002178377744690,-0.0007682640288403,-0.8654984570914880,0.5009109532535102
1115,1788543983,628139213,1788543983.628139257,0.0371330009079884,-0.0235267051088413,2.5523037832748461,-0.0002136133664995,0.0007432822468535,0.8711066248267403,-0.4910933211557618
1116,1788543983,644729722,1788543983.644729614,0.0370437146210912,-0.0235433309009380,2.5521539643042894,-0.0002054222369164,0.0007146327049973,0.8779598007951283,-0.4787337833175973
1117,1788543983,666674429,1788543983.666674376,0.0369498743865270,-0.0235603882083228,2.5519951885238585,-0.0001945784097082,0.0006891333423679,0.8846373559243104,-0.4662791392907513
1118,1788543983,682597426,1788543983.682597399,0.0368728170506471,-0.0235720904146496,2.5518621343303005,-0.0001884292221948,0.0006679635601958,0.8898522195662788,-0.4562483376978785
1119,1788543983,702910046,1788543983.702909946,0.0367734072785575,-0.0235832816408370,2.5516887694448642,-0.0001835158572937,0.0006377449601469,0.8962108037090569,-0.4436279465029929
1120,1788543983,720293921,1788543983.720293999,0.0366689986133206,-0.0235936919715016,2.5515083796794844,-0.0001757826309817,0.0006071571339752,0.9023904717998397,-0.4309188286273228
1121,1788543983,741867703,1788543983.741867781,0.0365601492952785,-0.0236021622150030,2.5513219020820062,-0.0001671130710419,0.0005742679925337,0.9083898204348629,-0.4181238768831690
1122,1788543983,766265802,1788543983.766265869,0.0364484179514395,-0.0236085511737968,2.5511303510281857,-0.0001602982767091,0.0005397620361986,0.9142076001243989,-0.4052457857105907
1123,1788543983,780662777,1788543983.780662775,0.0363322664883144,-0.0236137935625996,2.5509348395012945,-0.0001514541814692,0.0005036600131977,0.9198427252547726,-0.3922869921168620
1124,1788543983,803892799,1788543983.803892851,0.0362100496348376,-0.0236197817601436,2.5507363962299401,-0.0001357295607937,0.0004679191729780,0.9252941308954947,-0.3792499623724243
1125,1788543983,820407866,1788543983.820407867,0.0360846317217484,-0.0236257372192152,2.5505360913235320,-0.0001189691667151,0.0004330571799409,0.9305607552672890,-0.3661372407502263
1126,1788543983,841120792,1788543983.841120720,0.0359580432590284,-0.0236302712654687,2.5503350900704715,-0.0001058624137775,0.0003974820247562,0.9356416376642549,-0.3529512100420407
1127,1788543983,869095849,1788543983.869095802,0.0358286019333565,-0.0236361990210600,2.5501344789490665,-0.0000909159358001,0.0003648779237900,0.9405357767672824,-0.3396944380162240
1128,1788543983,881741457,1788543983.881741524,0.0356953026824735,-0.0236445587176126,2.5499348920051625,-0.0000713644696280,0.0003362707978343,0.9452421492784007,-0.3263696693269962
1129,1788543983,900529571,1788543983.900529623,0.0355584593351992,-0.0236555006670467,2.5497370335702527,-0.0000475955187488,0.0003120180356921,0.9497598146173712,-0.3129795439280154
1130,1788543983,920929137,1788543983.920929193,0.0354194591534002,-0.0236679514002960,2.5495416681314209,-0.0000228244151671,0.0002907807668876,0.9540878664589413,-0.2995267233510510
1131,1788543983,940861767,1788543983.940861702,0.0352801708690893,-0.0236802788136828,2.5493496209182682,-0.0000014611241915,0.0002702656494637,0.9582254347444028,-0.2860138863119131
1132,1788543983,967176941,1788543983.967176914,0.0351391351653197,-0.0236945867322104,2.5491614907761400,0.0000208758339958,0.0002534828402188,0.9621716724726885,-0.2724437703485959
1133,1788543983,982675148,1788543983.982675076,0.0349964431528793,-0.0237109867624023,2.5489776392936903,0.0000442342932449,0.0002405982857584,0.9659257529649630,-0.2588192031416169
1134,1788543984,755788,1788543984.000755787,0.0348511324017141,-0.0237275806326884,2.5487985138962825,0.0000697604070955,0.0002272848064592,0.9694869414276375,-0.2451428438204696
1135,1788543984,20804082,1788543984.020804167,0.0347055992225743,-0.0237445235944919,2.5486243320980329,0.0000931126851220,0.0002150062452702,0.9728544849687026,-0.2314175796663308
1136,1788543984,41227597,1788543984.041227579,0.0345600536723537,-0.0237628681648104,2.5484551739649168,0.0001146443429456,0.0002058079558384,0.9760276907320851,-0.2176462529517871
1137,1788543984,64796638,1788543984.064796686,0.0344154475874881,-0.0237826384179701,2.5482912255501362,0.0001326240435497,0.0002000303317179,0.9790059266863103,-0.2038316410958030
1138,1788543984,81294670,1788543984.081294775,0.0342712115577628,-0.0238012637514840,2.5481326577185985,0.0001473050292222,0.0001921079522932,0.9817886230606742,-0.1899764222854740
1139,1788543984,100537875,1788543984.100537777,0.0341267615250297,-0.0238190434771801,2.5479794905919899,0.0001602748549607,0.0001822851954172,0.9843752453566036,-0.1760832684078895
1140,1788543984,120838953,1788543984.120838881,0.0339811285347484,-0.0238364010235533,2.5478318262244288,0.0001738957054596,0.0001709809740977,0.9867652514380938,-0.1621551080913143
1141,1788543984,140977596,1788543984.140977621,0.0338340474114880,-0.0238535977271345,2.5476896332336199,0.0001890285490708,0.0001586000920416,0.9889581743779398,-0.1481946977636884
1142,1788543984,165044505,1788543984.165044546,0.0336907559717016,-0.0238707061676995,2.5475529660553486,0.0001952256614242,0.0001467174728105,0.9909535902410792,-0.1342047776692011
1143,1788543984,180402750,1788543984.180402756,0.0335490636122397,-0.0238881288562212,2.5474216910665670,0.0001971189263064,0.0001351406316683,0.9927511090780217,-0.1201880955232104
1144,1788543984,201084725,1788543984.201084614,0.0334068854177982,-0.0239064612370839,2.5472956836249745,0.0001990882279221,0.0001243646421485,0.9943503675311809,-0.1061474987360451
1145,1788543984,229856685,1788543984.229856730,0.0332646433716951,-0.0239250258053747,2.5471747310521966,0.0002000784810396,0.0001130078610935,0.9957510414626040,-0.0920858872138647
1146,1788543984,240567173,1788543984.240567207,0.0331220312125971,-0.0239447966742803,2.5470584816373054,0.0002008635897675,0.0001029035761338,0.9969528612755401,-0.0780060347613326
1147,1788543984,284612031,1788543984.284611940,0.0330075986640088,-0.0239609443529043,2.5469686734847028,0.0002013626627033,0.0000945571123460,0.9977709875939851,-0.0667308536417325
1148,1788543984,286483359,1788543984.286483288,0.0328633990128343,-0.0239834162070886,2.5468602890412133,0.0002035105182605,0.0000875161252968,0.9986143197951826,-0.0526250056950272
1149,1788543984,309752190,1788543984.309752226,0.0327186800132294,-0.0240082271638253,2.5467562603684573,0.0002055815678401,0.0000839476458471,0.9992582471329857,-0.0385085214689469
1150,1788543984,316549027,1788543984.316549063,0.0325743689727079,-0.0240346663915774,2.5466567648440326,0.0002054560290404,0.0000824782814464,0.9997026376715938,-0.0243841591532546
1151,1788543984,336793887,1788543984.336793900,0.0324293582820375,-0.0240618342895236,2.5465618918108266,0.0002052568209591,0.0000812192007819,0.9999473951922753,-0.0102546633909962
1152,1788543984,365917439,1788543984.365917444,0.0323144616716075,-0.0240836713357682,2.5464893030483533,0.0002016666915421,0.0000795513585230,0.9999994244351185,0.0010507766455670
1153,1788543984,372422098,1788543984.372421980,0.0321720162300322,-0.0241113117123905,2.5464025521569957,0.0001932585123737,0.0000769898150846,0.9998847165538884,0.0151825665045796
1154,1788543984,395442420,1788543984.395442486,0.0320289013319479,-0.0241397165983749,2.5463201163228968,0.0001843901663873,0.0000747016594451,0.9995702994123883,0.0293117203957245
1155,1788543984,412654578,1788543984.412654638,0.0318827821082307,-0.0241674061190966,2.5462419088041477,0.0001797952213581,0.0000699027403975,0.9990562209471257,0.0434353562680585
1156,1788543984,433211437,1788543984.433211327,0.0317636219946217,-0.0241898608360636,2.5461823857908392,0.0001792944492978,0.0000661074981727,0.9985012657804095,0.0547282899259510
1157,1788543984,448573821,1788543984.448573828,0.0316156716816993,-0.0242180394381380,2.5461115798245926,0.0001747351591679,0.0000605168951970,0.9976280617728414,0.0688347017767438
1158,1788543984,468497214,1788543984.468497276,0.0314666696636459,-0.0242471777771598,2.5460443942209512,0.0001700386929538,0.0000559345460796,0.9965555615625867,0.0829275628295381
1159,1788543984,497491068,1788543984.497491121,0.0313148934064333,-0.0242779685436794,2.5459804626215443,0.0001684375357446,0.0000541706633379,0.9952839808980928,0.0970039486927239
1160,1788543984,508723885,1788543984.508723974,0.0311591894429618,-0.0243100058809862,2.5459195749724817,0.0001721974803722,0.0000548839598922,0.9938135742190601,0.1110610059098820
1161,1788543984,528814223,1788543984.528814316,0.0309997839860029,-0.0243409015706423,2.5458614976549447,0.0001813801318655,0.0000534930399777,0.9921446335148359,0.1250959249034686
1162,1788543984,548234629,1788543984.548234701,0.0308375211544765,-0.0243704306973032,2.5458059242202862,0.0001945211633461,0.0000496407536985,0.9902774969138142,0.1391058546698275
1163,1788543984,565813142,1788543984.565813065,0.0307064384050126,-0.0243936812639362,2.5457631149763480,0.0002062829307585,0.0000459558723530,0.9886413691483216,0.1502937075992952
1164,1788543984,588156824,1788543984.588156939,0.0305425843724386,-0.0244217271034898,2.5457114389835689,0.0002197013773641,0.0000390480692195,0.9864185968321327,0.1642507291620940
1165,1788543984,604847581,1788543984.604847670,0.0303771144529665,-0.0244489605730377,2.5456615116417911,0.0002351415309546,0.0000307806432201,0.9839989524412612,0.1781740872167246
1166,1788543984,631003332,1788543984.631003380,0.0302118416876043,-0.0244758728096209,2.5456130638567132,0.0002490180610051,0.0000215054290341,0.9813829508951201,0.1920610351422384
1167,1788543984,644721601,1788543984.644721508,0.0300472406699693,-0.0245031204460580,2.5455658916463237,0.0002603415337615,0.0000122482618450,0.9785711198910398,0.2059089492651110
1168,1788543984,665584896,1788543984.665584803,0.0299157760134656,-0.0245253458510068,2.5455289657185807,0.0002681282194215,0.0000052505099405,0.9761810292640991,0.2169574294293104
1169,1788543984,680622394,1788543984.680622339,0.0297527759450636,-0.0245543316900363,2.5454836913444376,0.0002739163832870,-0.0000022347125137,0.9730181452508092,0.2307284420644669
1170,1788543984,700596545,1788543984.700596571,0.0295884714875366,-0.0245836052467951,2.5454395141900092,0.0002814284428829,-0.0000091993390629,0.9696611610510081,0.2444527632542015
1171,1788543984,721397655,1788543984.721397638,0.0294196527264735,-0.0246112106738807,2.5453964868248673,0.0002981753069547,-0.0000177603545576,0.9661108593004056,0.2581273296609409
1172,1788543984,740380463,1788543984.740380526,0.0292491255264421,-0.0246378558318152,2.5453546631025996,0.0003184927911704,-0.0000277193383332,0.9623679675931829,0.2717495036693657
1173,1788543984,760670324,1788543984.760670424,0.0290797848009817,-0.0246658899427196,2.5453140999914479,0.0003356400991563,-0.0000360346681005,0.9584331921992986,0.2853168451702228
1174,1788543984,780355591,1788543984.780355692,0.0289093562774556,-0.0246934516385928,2.5452748486251151,0.0003554367549135,-0.0000451445854994,0.9543072730387586,0.2988268733765554
1175,1788543984,802489913,1788543984.802489996,0.0287365499594560,-0.0247199548425906,2.5452369971100612,0.0003811211859374,-0.0000553057724467,0.9499909885154511,0.3122770779729906
1176,1788543984,826823277,1788543984.826823235,0.0285635138682875,-0.0247472585381490,2.5452006927963535,0.0004076903523597,-0.0000641447670725,0.9454852992472027,0.3256645184564221
1177,1788543984,840354960,1788543984.840354919,0.0283914720928165,-0.0247750927229060,2.5451659956867316,0.0004333139557361,-0.0000730566641135,0.9407911289887425,0.3389865167198055
1178,1788543984,860501526,1788543984.860501528,0.0282204318801748,-0.0248033019484164,2.5451330617092163,0.0004584946899289,-0.0000824485778653,0.9359093641787000,0.3522406067270960
1179,1788543984,880327542,1788543984.880327463,0.0280486526443095,-0.0248306459166127,2.5451022042684328,0.0004879236905604,-0.0000934844724394,0.9308409244427603,0.3654243103211291
1180,1788543984,900992736,1788543984.900992632,0.0278775805049186,-0.0248572538193397,2.5450738307439780,0.0005192617526277,-0.0001069684866572,0.9255868286544866,0.3785349938199968
1181,1788543984,925103767,1788543984.925103664,0.0277072268585657,-0.0248847457296533,2.5450482332355917,0.0005517771281728,-0.0001199002609269,0.9201481279585874,0.3915700496465931
1182,1788543984,941918053,1788543984.941918135,0.0275388021375767,-0.0249113860233876,2.5450255496990453,0.0005851172374351,-0.0001366694750822,0.9145258395233694,0.4045270421162834
1183,1788543984,963792530,1788543984.963792562,0.0273725421769467,-0.0249383860720834,2.5450058514851408,0.0006184841739814,-0.0001553875733742,0.9087210408051574,0.4174034778604752
1184,1788543984,978137795,1788543984.978137732,0.0272407655711758,-0.0249613909195454,2.5449922915358001,0.0006452040022771,-0.0001695136091662,0.9039465268948196,0.4276449830077808
1185,1788543984,996956571,1788543984.996956587,0.0270761021983271,-0.0249927031361053,2.5449781805159075,0.0006810519978261,-0.0001834957104263,0.8978159994673433,0.4403702233325454
1186,1788543985,24313464,1788543985.024313450,0.0269127876930951,-0.0250286945844599,2.5449673800646297,0.0007158947368716,-0.0001912824306770,0.8915062459801765,0.4530077971559546
1187,1788543985,36600765,1788543985.036600828,0.0267536618110082,-0.0250682966228339,2.5449599617521588,0.0007458476692262,-0.0001976987795651,0.8850185945314035,0.4655550364458599
1188,1788543985,56946782,1788543985.056946754,0.0265979323781046,-0.0251091732156000,2.5449559986372243,0.0007750548687004,-0.0002064942060528,0.8783542739925190,0.4780095459393758
1189,1788543985,79497111,1788543985.079497099,0.0264442791667339,-0.0251496604204446,2.5449556655655003,0.0008081183950528,-0.0002194906800783,0.8715145222967752,0.4903689796411727
1190,1788543985,96505398,1788543985.096505404,0.0262922618096079,-0.0251949958189127,2.5449592761163604,0.0008410770915102,-0.0002269241063960,0.8645006522643093,0.5026309414763085
1191,1788543985,118851686,1788543985.118851662,0.0261432367839176,-0.0252455859682883,2.5449668863339472,0.0008713687493833,-0.0002296529958205,0.8573139968095331,0.5147930641048576
1192,1788543985,136518966,1788543985.136518955,0.0259988534059975,-0.0252994906761196,2.5449784151464376,0.0008984672783092,-0.0002330447182080,0.8499559256207158,0.5268529803929569
1193,1788543985,156787058,1788543985.156787157,0.0258579032444595,-0.0253559077416899,2.5449936958691115,0.0009258033885787,-0.0002373583259795,0.8424278505844944,0.5388083175942062
1194,1788543985,177170234,1788543985.177170277,0.0257198278907775,-0.0254162985365364,2.5450125188747270,0.0009531264183797,-0.0002395233162825,0.8347312516109411,0.5506566732208401
1195,1788543985,194878067,1788543985.194878101,0.0256115548493509,-0.0254684011185347,2.5450299473586151,0.0009739154484307,-0.0002383032230793,0.8284536419595154,0.5600567451823865
1196,1788543985,216528275,1788543985.216528177,0.0254780408994059,-0.0255382795121745,2.5450545168439236,0.0010002676400642,-0.0002320617470498,0.8204575213590934,0.5717065691919992
1197,1788543985,232317611,1788543985.232317686,0.0253490556348016,-0.0256125945656684,2.5450820156686600,0.0010240068056546,-0.0002249240368706,0.8122971780869963,0.5832428270378834
1198,1788543985,254506537,1788543985.254506588,0.0252243356087086,-0.0256908197743455,2.5451120438978521,0.0010465336300309,-0.0002174784107475,0.8039742401406155,0.5946631640355927
1199,1788543985,272348594,1788543985.272348642,0.0251042092577285,-0.0257730578782795,2.5451443406919791,0.0010675048327193,-0.0002099452840363,0.7954904212210504,0.6059651855527390
1200,1788543985,290182906,1788543985.290182829,0.0250125165378993,-0.0258417353120589,2.5451717640973208,0.0010815843923834,-0.0002052538194368,0.7885887462274889,0.6149199763948386
1201,1788543985,308837090,1788543985.308837175,0.0249028913745252,-0.0259309665433527,2.5452079403634951,0.0010972278139850,-0.0002008507892922,0.7798199361367687,0.6260028937263233
1202,1788543985,328284821,1788543985.328284740,0.0247989994707186,-0.0260254848902941,2.5452462113657912,0.0011086738817262,-0.0001959704705727,0.7708953356095832,0.6369608417894983
1203,1788543985,349330627,1788543985.349330664,0.0247022911468501,-0.0261233058653387,2.5452865815190546,0.0011164442035591,-0.0001958465660245,0.7618167441762699,0.6477916049850682
1204,1788543985,368428716,1788543985.368428707,0.0246127696933798,-0.0262253970248731,2.5453290345578088,0.0011195328816755,-0.0001992069000291,0.7525860918953932,0.6584928862549364
1205,1788543985,389159992,1788543985.389159918,0.0245285900684655,-0.0263352083893240,2.5453736719348741,0.0011161948867575,-0.0001985460775732,0.7432052357810974,0.6690625472973308
1206,1788543985,411398701,1788543985.411398649,0.0244493228944717,-0.0264497924410614,2.5454204127393312,0.0011109761410604,-0.0001980858212105,0.7336760458639658,0.6794984813959760
1207,1788543985,430310604,1788543985.430310488,0.0243754852525305,-0.0265694089935523,2.5454691385757702,0.0011026396527958,-0.0001983328231421,0.7240005539701084,0.6897984797756975
1208,1788543985,458074501,1788543985.458074570,0.0243076397038677,-0.0266944599811678,2.5455198858286789,0.0010896578193159,-0.0001997306549535,0.7141807682638945,0.6999604295926275
1209,1788543985,468635114,1788543985.468635082,0.0242453695157245,-0.0268258557324882,2.5455727658431231,0.0010711308988508,-0.0002006524151258,0.7042187532855683,0.7099822250860410
1210,1788543985,488362183,1788543985.488362074,0.0241863220706031,-0.0269630488886284,2.5456277325877417,0.0010509113961685,-0.0001987330160649,0.6941164473650223,0.7198619406440280
1211,1788543985,519356155,1788543985.519356251,0.0241411933899261,-0.0270766478749804,2.5456732740676449,0.0010339986638824,-0.0001953910220850,0.6859349286905360,0.7276621237026294
1212,1788543985,524798405,1788543985.524798393,0.0240886430909357,-0.0272204110367019,2.5457323816621020,0.0010144649142632,-0.0001951149647331,0.6755849986462142,0.7372813861717132
1213,1788543985,549217224,1788543985.549217224,0.0240397145549565,-0.0273692051463325,2.5457939241050953,0.0009927678745110,-0.0001939260213481,0.6651002068970893,0.7467534342673590
1214,1788543985,565153651,1788543985.565153599,0.0239945483528360,-0.0275256735563852,2.5458574136092502,0.0009641954476292,-0.0001886243506030,0.6544825711681034,0.7560764503574898
1215,1788543985,584638471,1788543985.584638357,0.0239517710867660,-0.0276876845438895,2.5459223728229183,0.0009332982091204,-0.0001801603844233,0.6437341436813658,0.7652486189177393
1216,1788543985,604495977,1788543985.604496002,0.0239120900150309,-0.0278524346937242,2.5459885103273683,0.0009029858471383,-0.0001733602945237,0.6328569633974533,0.7742681825066317
1217,1788543985,626682774,1788543985.626682758,0.0238757331621908,-0.0280194928297916,2.5460554656101997,0.0008732356498928,-0.0001690671230223,0.6218532241448173,0.7831333069768539
1218,1788543985,646585234,1788543985.646585226,0.0238419126861019,-0.0281882466445575,2.5461227342836392,0.0008456667487707,-0.0001667253499950,0.6107251147187477,0.7918422136399274
1219,1788543985,664569611,1788543985.664569616,0.0238117144150866,-0.0283596775362558,2.5461900278251273,0.0008169547171321,-0.0001668324881521,0.5994748412243890,0.8003931655698371
1220,1788543985,685088301,1788543985.685088396,0.0237829304572275,-0.0285366846728726,2.5462573636855179,0.0007845946806275,-0.0001622794955234,0.5881045758338647,0.8087844990847826
1221,1788543985,713836323,1788543985.713836432,0.0237539899435290,-0.0287161561797416,2.5463246876734655,0.0007549979805362,-0.0001542535661455,0.5766165469836322,0.8170145432784899
1222,1788543985,725116127,1788543985.725116014,0.0237263376513312,-0.0288943911516059,2.5463915780369613,0.0007321630572946,-0.0001493222958856,0.5650130131284689,0.8250816545261433
1223,1788543985,746012058,1788543985.746011972,0.0236991765252707,-0.0290740024979482,2.5464575970352290,0.0007122876418792,-0.0001427834946817,0.5532964165357233,0.8329841221223345
1224,1788543985,764582269,1788543985.764582157,0.0236740505896230,-0.0292551350486732,2.5465222628539816,0.0006930325606712,-0.0001369459121576,0.5414691414891134,0.8407203279133493
1225,1788543985,784647708,1788543985.784647703,0.0236515005966894,-0.0294381375690319,2.5465850754780797,0.0006729464632410,-0.0001322733245196,0.5295334133483063,0.8482888032943244
1226,1788543985,813477482,1788543985.813477516,0.0236300998595512,-0.0296235865798659,2.5466455241799375,0.0006523022768509,-0.0001256047541907,0.5174916284120393,0.8556880116307819
1227,1788543985,824983078,1788543985.824983120,0.0236102673390427,-0.0298100788339728,2.5467029068630036,0.0006327851549036,-0.0001190826774943,0.5053461955356521,0.8629164548552231
1228,1788543985,850488952,1788543985.850488901,0.0235907335324120,-0.0299981955822237,2.5467564457603684,0.0006143796711423,-0.0001096911618918,0.4930995463289496,0.8699726707866476
1229,1788543985,864701040,1788543985.864701033,0.0235737436029539,-0.0301877390879155,2.5468053006617333,0.0005948440119701,-0.0001014990877909,0.4807540993594794,0.8768552513428840
1230,1788543985,884575220,1788543985.884575129,0.0235608369109591,-0.0303784123312719,2.5468487210902899,0.0005730238685501,-0.0000975149114209,0.4683123500204834,0.8835627906112731
1231,1788543985,914934792,1788543985.914934874,0.0235504436547005,-0.0305713449915203,2.5468859413121887,0.0005482115380483,-0.0000938222900513,0.4557767968504380,0.8900939288155166
1232,1788543985,924624154,1788543985.924624205,0.0235417674163974,-0.0307667177414541,2.5469161992110183,0.0005204794154288,-0.0000888515018354,0.4431499686807145,0.8964473361357433
1233,1788543985,948589677,1788543985.948589563,0.0235352013439050,-0.0309633032482592,2.5469388655206204,0.0004913301082492,-0.0000844680347606,0.4304343946400616,0.9026217277302379
1234,1788543985,964336834,1788543985.964336872,0.0235317141080539,-0.0311601900754227,2.5469532460705659,0.0004612591080193,-0.0000832551718661,0.4176326369776734,0.9086158488820709
1235,1788543985,985869058,1788543985.985869169,0.0235291702367640,-0.0313588770062310,2.5469588847264815,0.0004289453077461,-0.0000799367741444,0.4047472591230484,0.9144284913804989
1236,1788543986,13485947,1788543986.013485909,0.0235269736916498,-0.0315586831884734,2.5469556552253989,0.0003956296898272,-0.0000739620296130,0.3917808077893427,0.9200584963222158
1237,1788543986,24482166,1788543986.024482250,0.0235257679120336,-0.0317583575085608,2.5469432680613560,0.0003626235898218,-0.0000674649961438,0.3787358767314129,0.9255047269620477
1238,1788543986,46051852,1788543986.046051741,0.0235238927237338,-0.0319583918898646,2.5469214176352724,0.0003297618861616,-0.0000567387895900,0.3656151445562967,0.9307660576691044
1239,1788543986,64132561,1788543986.064132452,0.0235233311774178,-0.0321177332679170,2.5468969781079380,0.0003039375610390,-0.0000484056226331,0.3550658019173687,0.9348412601012166
1240,1788543986,82875812,1788543986.082875729,0.0235241229950242,-0.0323137246566486,2.5468575752031057,0.0002761748146168,-0.0000403621447893,0.3418154824939788,0.9397670445518812
1241,1788543986,100583635,1788543986.100583553,0.0235270773213832,-0.0325057421084224,2.5468083047749075,0.0002537154293911,-0.0000358645617430,0.3284970869328218,0.9445049487529773
1242,1788543986,120569211,1788543986.120569229,0.0235323735589668,-0.0326959270501768,2.5467492829204605,0.0002321360790096,-0.0000335181509986,0.3151133845135587,0.9490540026203906
1243,1788543986,146696513,1788543986.146696568,0.0235381570863618,-0.0328846761384944,2.5466807098885971,0.0002116631710708,-0.0000292975833066,0.3016669052147758,0.9534133587476594
1244,1788543986,160953644,1788543986.160953760,0.0235453815722716,-0.0330718841307542,2.5466028927710203,0.0001916325192613,-0.0000249879088900,0.2881598590790804,0.9575822984308485
1245,1788543986,180747306,1788543986.180747271,0.0235521451756771,-0.0332574927954348,2.5465162583118670,0.0001730265000709,-0.0000167022791941,0.2745948713569311,0.9615599962598979
1246,1788543986,202754122,1788543986.202754021,0.0235603706769642,-0.0334393031034288,2.5464213011641994,0.0001588391525483,-0.0000092051503403,0.2609747553974538,0.9653456125816432
1247,1788543986,220499181,1788543986.220499277,0.0235727546033590,-0.0336186382578219,2.5463182634371710,0.0001449692133910,-0.0000068327394435,0.2473022755854069,0.9689383692616989
1248,1788543986,242708767,1788543986.242708683,0.0235851125084104,-0.0337967389868010,2.5462075731798901,0.0001310754932175,-0.0000004627588431,0.2335802675399984,0.9723375141559354
1249,1788543986,261117064,1788543986.261116982,0.0235984540522554,-0.0339732012060762,2.5460895267559152,0.0001172522840201,0.0000078498397055,0.2198115212659777,0.9755423523912319
1250,1788543986,281162069,1788543986.281162024,0.0236147642748104,-0.0341471557566380,2.5459643314922551,0.0001042389598141,0.0000139314116831,0.2059987869229485,0.9785522411841019
1251,1788543986,316197043,1788543986.316197157,0.0236317898020809,-0.0343183337554330,2.5458323340680167,0.0000934993743167,0.0000224462432894,0.1921448574676396,0.9813665698926032
1252,1788543986,321006522,1788543986.321006536,0.0236516803779760,-0.0344871443014997,2.5456940276614262,0.0000832754816526,0.0000294816465625,0.1782525166152850,0.9839847725022701
1253,1788543986,356642325,1788543986.356642246,0.0236746395810752,-0.0346535790605736,2.5455498510673240,0.0000735604513633,0.0000348327226712,0.1643245351311056,0.9864063262821703
1254,1788543986,362206126,1788543986.362206221,0.0236992753746746,-0.0348173577403816,2.5454002071561512,0.0000654269263064,0.0000414334684428,0.1503636948170041,0.9886307466812692
1255,1788543986,383566020,1788543986.383565903,0.0237252317145908,-0.0349794222543347,2.5452455215798166,0.0000570181152265,0.0000505202049763,0.1363727528040413,0.9906575929599951
1256,1788543986,410475467,1788543986.410475492,0.0237517930180636,-0.0351384153883807,2.5450862981101925,0.0000512139456015,0.0000634225837107,0.1223545515952085,0.9924864518262418
1257,1788543986,421163904,1788543986.421163797,0.0237847738596687,-0.0352936337544969,2.5449229759186465,0.0000480567080051,0.0000684408359818,0.1083119378701343,0.9941169534422100
1258,1788543986,443007199,1788543986.443007231,0.0238222865882029,-0.0354465212276346,2.5447557052800920,0.0000454007756967,0.0000700142966565,0.0942478605793079,0.9955487601383426
1259,1788543986,460615603,1788543986.460615635,0.0238644687186505,-0.0355964871820606,2.5445845081053831,0.0000447186139082,0.0000678794120828,0.0801653612717730,0.9967815749926345
1260,1788543986,483559819,1788543986.483559847,0.0239117635828182,-0.0357445004951322,2.5444091643653910,0.0000442760795871,0.0000613742546549,0.0660672929310978,0.9978151667907169
1261,1788543986,500927451,1788543986.500927448,0.0239628610514488,-0.0358961109390544,2.5442360587472437,0.0000337127076232,0.0000540359055666,0.0519962540783484,0.9986472778240544
1262,1788543986,521672656,1788543986.521672726,0.0240147138822136,-0.0360830039677921,2.5441032534126897,-0.0000500457670777,0.0000550166471481,0.0380902272418428,0.9992743012092599
1263,1788543986,547970512,1788543986.547970533,0.0240637100870377,-0.0363449692653908,2.5440206258048690,-0.0002882177364587,0.0000715737098463,0.0244947971804810,0.9996999133334100
1264,1788543986,560851924,1788543986.560851812,0.0241138667922321,-0.0366984333144059,2.5439741504425601,-0.0007170071579425,0.0000905197534483,0.0113412404828116,0.9999354249006386
1265,1788543986,581236720,1788543986.581236601,0.0241675788295833,-0.0371394188122946,2.5439313622423829,-0.0013332071237704,0.0001005582836765,-0.0012627279831580,0.9999983089809888
1266,1788543986,600397463,1788543986.600397348,0.0242243053124618,-0.0376539528347482,2.5438605441717539,-0.0021158116432463,0.0000974206535542,-0.0132284132998149,0.9999102574390742
1267,1788543986,621306513,1788543986.621306419,0.0242815076660860,-0.0382193952243942,2.5437221372229017,-0.0030286976532389,0.0000829870247074,-0.0244887878130999,0.9996955133314963
1268,1788543986,642561542,1788543986.642561436,0.0243350087692648,-0.0388159015312691,2.5434810049683336,-0.0040439239224747,0.0000646230698248,-0.0349911681385915,0.9993794377789974
1269,1788543986,660943828,1788543986.660943747,0.0243901315028317,-0.0394157400149208,2.5430925659704373,-0.0051181873771698,0.0000326916348566,-0.0447001160312660,0.9989873386164714
1270,1788543986,680972658,1788543986.680972576,0.0244491807711719,-0.0399916496573430,2.5425166030491142,-0.0062099534852675,-0.0000141261212644,-0.0535887865541585,0.9985437788268556
1271,1788543986,703525615,1788543986.703525543,0.0245141701932054,-0.0405229531756303,2.5417041556866176,-0.0072911396654305,-0.0000757635382693,-0.0616437245505487,0.9980715829868124
1272,1788543986,720599058,1788543986.720599174,0.0245887925809915,-0.0409877402873532,2.5406089542202133,-0.0083305118422266,-0.0001545211046363,-0.0688570656868197,0.9975917417464299
1273,1788543986,741844064,1788543986.741844177,0.0246750564336485,-0.0413648176229043,2.5391789256837978,-0.0092974213992887,-0.0002487139715231,-0.0752299968997291,0.9971228327859869
1274,1788543986,772702289,1788543986.772702217,0.0247729547197621,-0.0416403138823240,2.5373634708797623,-0.0101753517998449,-0.0003533739615721,-0.0807686484390092,0.9966808730842227
1275,1788543986,780524274,1788543986.780524254,0.0248843628334771,-0.0418020905898547,2.5351068034730044,-0.0109493121230707,-0.0004678543124543,-0.0854845892036578,0.9962792172303183
1276,1788543986,810777757,1788543986.810777664,0.0249859522709723,-0.0418413896878455,2.5329485585390987,-0.0114820825664914,-0.0005692981805901,-0.0886750203688863,0.9959942662696887
1277,1788543986,817083051,1788543986.817083120,0.0251287312337559,-0.0417699974862244,2.5297616663221305,-0.0120294797322346,-0.0007061747818955,-0.0919510425054465,0.9956906139543099
1278,1788543986,836755889,1788543986.836755991,0.0252877942085877,-0.0415590549207618,2.5259796314589944,-0.0124383766217542,-0.0008498439082244,-0.0944567630390143,0.9954508950563752
1279,1788543986,854513547,1788543986.854513645,0.0254256323653242,-0.0412872614790482,2.5224899186702743,-0.0126628851277893,-0.0009667425104884,-0.0959220790331727,0.9953078275102194
1280,1788543986,877304803,1788543986.877304792,0.0256104593362638,-0.0408171685163295,2.5175018570290857,-0.0128132771640142,-0.0011140503458167,-0.0971025091671520,0.9951912788673283
1281,1788543986,892700441,1788543986.892700434,0.0258070790516382,-0.0402031087853475,2.5117728621396269,-0.0128208419786011,-0.0012596087834233,-0.0975838164740657,0.9951439283636455
1282,1788543986,912531135,1788543986.912531137,0.0260134257381969,-0.0394481073008848,2.5052468769970875,-0.0126897507365674,-0.0014016159966164,-0.0973968343741219,0.9951637364538268
1283,1788543986,934462280,1788543986.934462309,0.0262265469541085,-0.0385558107860015,2.4978876184999570,-0.0124248604162920,-0.0015371616144417,-0.0965703862272836,0.9952474167169287
1284,1788543986,951951227,1788543986.951951265,0.0263997187608583,-0.0377463941788994,2.4913891262928765,-0.0121212319821751,-0.0016390964345844,-0.0954701838673150,0.9953571384636037
1285,1788543986,968294809,1788543986.968294859,0.0266134827356811,-0.0366198275986748,2.4825270388591019,-0.0116352150791626,-0.0017498714686369,-0.0935679952068916,0.9955433641950852
1286,1788543986,988511881,1788543986.988511801,0.0268203863562966,-0.0353729163756589,2.4728806116341535,-0.0110424054714343,-0.0018391225567671,-0.0911033292915819,0.9957785227155761
1287,1788543987,9107890,1788543987.009107828,0.0270183247617298,-0.0340121203694308,2.4625000497810063,-0.0103510921424313,-0.0019076242322942,-0.0881009252203964,0.9960559436279457
1288,1788543987,37214509,1788543987.037214518,0.0272055719995976,-0.0325451206058193,2.4514357505034026,-0.0095704164008532,-0.0019571286522236,-0.0845874114172994,0.9963681782388845
1289,1788543987,48496950,1788543987.048496962,0.0273790321044626,-0.0309798367641481,2.4397455298731030,-0.0087089821278262,-0.0019865348475670,-0.0805896480081679,0.9967073371574608
1290,1788543987,68925329,1788543987.068925381,0.0275343520733113,-0.0293276995295621,2.4274830587752549,-0.0077811265849950,-0.0019924665976798,-0.0761371426197959,0.9970650027253078
1291,1788543987,98312781,1788543987.098312855,0.0276740306481818,-0.0275980560276650,2.4147064715738278,-0.0067945865462496,-0.0019848766961821,-0.0712596674957656,0.9974326812605246
1292,1788543987,109181107,1788543987.109181166,0.0277943307824126,-0.0258003432100850,2.4014699146718907,-0.0057569081321090,-0.0019605213861950,-0.0659892834586682,0.9978017983714322
1293,1788543987,134752048,1788543987.134752035,0.0278918875173965,-0.0239486533609373,2.3878311295494035,-0.0046839790147917,-0.0019170559203397,-0.0603586205860502,0.9981639254942730
1294,1788543987,150277307,1788543987.150277376,0.0279689409444041,-0.0220539580663897,2.3738440613615319,-0.0035834550985425,-0.0018625133173647,-0.0544019053704316,0.9985109526618954
1295,1788543987,170111513,1788543987.170111418,0.0280254885897428,-0.0201281615423137,2.3595651660163246,-0.0024644596098669,-0.0017998227309546,-0.0481538400602373,0.9988352690831565
1296,1788543987,188773230,1788543987.188773155,0.0280625719943377,-0.0181820609514149,2.3450477082895542,-0.0013329961422974,-0.0017333142038544,-0.0416502511075338,0.9991298590903160
1297,1788543987,209406484,1788543987.209406376,0.0280744757969061,-0.0162289135353304,2.3303466985381820,-0.0002000805131052,-0.0016530092772618,-0.0349271835481937,0.9993884727059384
1298,1788543987,239050299,1788543987.239050388,0.0280638322989390,-0.0142821642949849,2.3155145338250240,0.0009241671718344,-0.0015652687824607,-0.0280212013702013,0.9996056763156399
1299,1788543987,248734747,1788543987.248734713,0.0280333130219399,-0.0123533820131676,2.3006041000521473,0.0020336609142345,-0.0014756337131612,-0.0209687277321876,0.9997769747227249
1300,1788543987,269621342,1788543987.269621372,0.0279838155204010,-0.0104546389365315,2.2856657552163067,0.0031212702323185,-0.0013853476545796,-0.0138053284661074,0.9998988705813981
1301,1788543987,298157417,1788543987.298157454,0.0279154857496476,-0.0085971515303929,2.2707477833499596,0.0041816138533700,-0.0012934253490524,-0.0065672017347296,0.9999688560239379
1302,1788543987,308669366,1788543987.308669329,0.0278291968336262,-0.0067935986852365,2.2559011391559194,0.0052062976564709,-0.0011997820123777,0.0007097143891549,0.9999854755411804
1303,1788543987,329798855,1788543987.329798937,0.0277271166306498,-0.0050556045254314,2.2411735879112604,0.0061888294683049,-0.0011063010299819,0.0079907763373164,0.9999483096547392
1304,1788543987,348602430,1788543987.348602533,0.0276111123934612,-0.0033952304745975,2.2266102200005582,0.0071213408983237,-0.0010136283253585,0.0152430161894122,0.9998579446695801
1305,1788543987,368903136,1788543987.368903160,0.0274784868089477,-0.0018181076063199,2.2122360705586575,0.0080083074397807,-0.0009126116108586,0.0224373643473255,0.9997157590201042
1306,1788543987,388598868,1788543987.388598919,0.0273347413347544,-0.0003352030365406,2.1980477190108769,0.0088413507658793,-0.0008102596062144,0.0295445176994911,0.9995240344633588
1307,1788543987,409720662,1788543987.409720659,0.0271829943560390,0.0010448087388231,2.1840376600241509,0.0096156641952101,-0.0007083007631810,0.0365367311483164,0.9992857972517719
1308,1788543987,432331743,1788543987.432331800,0.0270271735792369,0.0023154354948757,2.1701892394315325,0.0103293452525489,-0.0006099723687350,0.0433872590300753,0.9990047438897476
1309,1788543987,449800052,1788543987.449800014,0.0268709698972799,0.0034719793186238,2.1564906810744238,0.0109831637984304,-0.0005180867977485,0.0500714750465138,0.9986851100750993
1310,1788543987,470682361,1788543987.470682383,0.0267142570278456,0.0045098374088315,2.1429261282135394,0.0115771437983287,-0.0004276128386944,0.0565662328856013,0.9983316323676541
1311,1788543987,495686912,1788543987.495687008,0.0265592866812807,0.0054214334173162,2.1294855803538337,0.0121041707038168,-0.0003380204793846,0.0628507479072074,0.9979494768179564
1312,1788543987,509583828,1788543987.509583712,0.0264111473438384,0.0062019427819291,2.1161547760600152,0.0125609921676216,-0.0002548219416117,0.0689060011071305,0.9975440439163412
1313,1788543987,530929465,1788543987.530929565,0.0262675738005765,0.0068495376059699,2.1029253876430212,0.0129505809286612,-0.0001689158057853,0.0747155878244680,0.9971207724529185
1314,1788543987,549168542,1788543987.549168587,0.0261335299512235,0.0073606959599993,2.0897849923608405,0.0132700397049481,-0.0000858839345131,0.0802644945098305,0.9966852610484718
1315,1788543987,568444073,1788543987.568444014,0.0260111882638958,0.0077338464849060,2.0767269002731994,0.0135199562916067,-0.0000059869423100,0.0855401281419412,0.9962429910536333
1316,1788543987,595970428,1788543987.595970392,0.0259015120730754,0.0079677097347708,2.0637400204831695,0.0137003076884383,0.0000727537199873,0.0905314849476188,0.9957993505266598
1317,1788543987,608749572,1788543987.608749628,0.0258041461812206,0.0080620102696980,2.0508186572237457,0.0138125690083350,0.0001546560631582,0.0952297942930751,0.9953594703913711
1318,1788543987,629619843,1788543987.629619837,0.0257224892063473,0.0080174803341586,2.0379521400000766,0.0138581747355869,0.0002359720531682,0.0996277233611772,0.9949282446729798
1319,1788543987,648318616,1788543987.648318529,0.0256574976518562,0.0078359009950674,2.0251350640814523,0.0138403700567511,0.0003175288501410,0.1037199156378709,0.9945101922213742
1320,1788543987,668569003,1788543987.668569088,0.0256147534408032,0.0075172583630709,2.0123559729513159,0.0137563248185136,0.0003908036839832,0.1075023035770793,0.9941095842640235
1321,1788543987,696464054,1788543987.696464062,0.0255916484872055,0.0070644617717955,1.9996117027215716,0.0136103642427084,0.0004631234251288,0.1109725949868860,0.9937301578717184
1322,1788543987,712054205,1788543987.712054253,0.0255889543402632,0.0064825230176706,1.9868936285099348,0.0134091448551079,0.0005340871999914,0.1141302579846484,0.9933751525971822
1323,1788543987,731909474,1788543987.731909513,0.0256080558374168,0.0057733550893207,1.9741977934466264,0.0131522080657958,0.0006024871460359,0.1169759140487463,0.9930474771956742
1324,1788543987,750734380,1788543987.750734329,0.0256503699616630,0.0049414638646572,1.9615158366917003,0.0128432900125240,0.0006661641466498,0.1195119813502022,0.9927494610629274
1325,1788543987,768474042,1788543987.768474102,0.0257172171409376,0.0039915505315575,1.9488444549105459,0.0124859970895193,0.0007228200547486,0.1217415804155154,0.9924830300845358
1326,1788543987,800216706,1788543987.800216675,0.0258072514235103,0.0029286426804469,1.9361761811743279,0.0120843278851237,0.0007751963905592,0.1236696333070037,0.9922495602860362
1327,1788543987,805984574,1788543987.805984497,0.0258955184008242,0.0020010153268058,1.9260424306037307,0.0117347703928259,0.0008146056748187,0.1249987367626624,0.9920871672333842
1328,1788543987,832644167,1788543987.832644224,0.0260271237590643,0.0007492886300494,1.9133704387688324,0.0112648476544536,0.0008582944431956,0.1263990692726472,0.9919151384190985
1329,1788543987,844757998,1788543987.844758034,0.0261817917702902,-0.0006018279929465,1.9006919515071639,0.0107572012674120,0.0008967420363242,0.1275165989020254,0.9917776945863789
1330,1788543987,864866647,1788543987.864866734,0.0263600847638927,-0.0020467112840009,1.8880011263010397,0.0102144633294417,0.0009277321789410,0.1283596547765760,0.9916746457773002
1331,1788543987,885934234,1788543987.885934353,0.0265619255064582,-0.0035780621551491,1.8752970271997293,0.0096425708854240,0.0009497007078358,0.1289376094525957,0.9916053709838079
1332,1788543987,905732079,1788543987.905732155,0.0267848818782644,-0.0051898083714448,1.8625741850799575,0.0090449851583087,0.0009659698391036,0.1292604643533421,0.9915689524692241
1333,1788543987,936765197,1788543987.936765194,0.0270238531071279,-0.0068768500085212,1.8498320134456863,0.0084237301975875,0.0009854458279250,0.1293389781456191,0.9915641675647248
1334,1788543987,945771804,1788543987.945771694,0.0272828280148520,-0.0086311774564380,1.8370652954003492,0.0077838691621763,0.0009976357104573,0.1291841868101772,0.9915895632680130
1335,1788543987,964857685,1788543987.964857578,0.0275630533549923,-0.0104446947773368,1.8242739918321460,0.0071313060326699,0.0009975263726678,0.1288078212095330,0.9916434311841416
1336,1788543987,986963104,1788543987.986963034,0.0278614803089266,-0.0123129011076608,1.8114535666146754,0.0064654487224817,0.0009896351610319,0.1282219825593455,0.9917239241762881
1337,1788543988,4327545,1788543988.004327536,0.0281746369793825,-0.0142309819374747,1.7986046664068382,0.0057864366001844,0.0009791602970812,0.1274392414079453,0.9918290165880166
1338,1788543988,25547378,1788543988.025547266,0.0285021476446830,-0.0161898667157795,1.7857234457251345,0.0051020211101921,0.0009638045801391,0.1264723283943426,0.9919565467357107
1339,1788543988,44692874,1788543988.044692993,0.0288426818853669,-0.0181846717826830,1.7728111238595767,0.0044116984123154,0.0009443152439853,0.1253342203299539,0.9921043183053491
1340,1788543988,64698398,1788543988.064698458,0.0291966742808794,-0.0202079245017099,1.7598643586334277,0.0037196712699423,0.0009171168750275,0.1240379545360683,0.9922700785455487
1341,1788543988,85557972,1788543988.085557938,0.0295627940657645,-0.0222526035268013,1.7468850768078790,0.0030297771954073,0.0008823370808316,0.1225967750335211,0.9924515467683056
1342,1788543988,104610033,1788543988.104609966,0.0299395719474318,-0.0243116519424094,1.7338707908923179,0.0023459642600029,0.0008403229123354,0.1210238331011959,0.9926464738921846
1343,1788543988,127115527,1788543988.127115488,0.0302486407636206,-0.0259654702283244,1.7234360316586839,0.0018038246988472,0.0008000097922187,0.1196794701613039,0.9928106217314043
1344,1788543988,140474979,1788543988.140475035,0.0306419056859465,-0.0280359461851773,1.7103615042083096,0.0011343103854133,0.0007445443016435,0.1179022765372800,0.9930242757259559
1345,1788543988,160600659,1788543988.160600662,0.0310392862487519,-0.0301039151516269,1.6972545960030059,0.0004774173608835,0.0006883699800856,0.1160301170250184,0.9932453423815258
1346,1788543988,180342013,1788543988.180341959,0.0314383351950189,-0.0321622793737170,1.6841145311497745,-0.0001619949478414,0.0006338497566417,0.1140752976686953,0.9934718911242136
1347,1788543988,200384907,1788543988.200384855,0.0318403379204515,-0.0342062405298456,1.6709432820888841,-0.0007843700537713,0.0005763780775064,0.1120507818181590,0.9937020050527572
1348,1788543988,229665628,1788543988.229665518,0.0322436049887707,-0.0362308372146829,1.6577404689425113,-0.0013888220389537,0.0005174336360411,0.1099683530247127,0.9939339841100155
1349,1788543988,241826163,1788543988.241826057,0.0326465038843572,-0.0382323176729967,1.6445084671530414,-0.0019766832599710,0.0004587172899100,0.1078404101630399,0.9941661471995539
1350,1788543988,261599241,1788543988.261599302,0.0330484111189436,-0.0402051082422602,1.6312470177951748,-0.0025454974314657,0.0003995100763314,0.1056780935823394,0.9943970541847595
1351,1788543988,281384080,1788543988.281383991,0.0334460340150950,-0.0421441552558475,1.6179585390478071,-0.0030930098114085,0.0003447810398804,0.1034930857137356,0.9946253041350750
1352,1788543988,300774049,1788543988.300774097,0.0338411301809716,-0.0440433249399952,1.6046426680090726,-0.0036154800521300,0.0002890384275703,0.1012956507637993,0.9948497554390404
1353,1788543988,327521864,1788543988.327521801,0.0342341157360143,-0.0458981515061210,1.5913017068710016,-0.0041118972901687,0.0002299822904560,0.0990965936970028,0.9950692963439643
1354,1788543988,340563133,1788543988.340563059,0.0346231682736854,-0.0477060521455128,1.5779353963910909,-0.0045841978095766,0.0001702814806049,0.0969051999083181,0.9952830443473801
1355,1788543988,361174594,1788543988.361174583,0.0350060757388629,-0.0494636222065961,1.5645460484183888,-0.0050322248769067,0.0001132740206116,0.0947312816425122,0.9954901547278866
1356,1788543988,386454521,1788543988.386454582,0.0353824568677691,-0.0511648035257225,1.5511333164930068,-0.0054503149531190,0.0000580992731708,0.0925832209754116,0.9956900310263253
1357,1788543988,400202548,1788543988.400202513,0.0357520580166778,-0.0528065021063180,1.5376995262810116,-0.0058384857498488,0.0000043120545900,0.0904697885138347,0.9958820861084996
1358,1788543988,424759616,1788543988.424759626,0.0360417496641838,-0.0540752006266072,1.5269371471086626,-0.0061274863937257,-0.0000360257029643,0.0888086989011099,0.9960298527715600
1359,1788543988,436229892,1788543988.436229944,0.0363970501904136,-0.0556038714629816,1.5134662612090535,-0.0064637310228849,-0.0000849584877291,0.0867760614630339,0.9962068701430857
1360,1788543988,456437230,1788543988.456437111,0.0367432258220661,-0.0570649164846018,1.4999763592063693,-0.0067682859998023,-0.0001300266333648,0.0847975653045647,0.9963752035835284
1361,1788543988,490334348,1788543988.490334272,0.0370798255055931,-0.0584545335149147,1.4864682057392569,-0.0070378354996542,-0.0001711521663899,0.0828799390956406,0.9965346733927117
1362,1788543988,496863541,1788543988.496863604,0.0374076503423656,-0.0597719337664676,1.4729430921875688,-0.0072749407420148,-0.0002102535343246,0.0810282246635382,0.9966852350860460
1363,1788543988,527189842,1788543988.527189732,0.0377279292242130,-0.0610160514306992,1.4594016798521308,-0.0074810998730938,-0.0002501510463339,0.0792479307746011,0.9968268335258069
1364,1788543988,537283994,1788543988.537283897,0.0380407025625506,-0.0621854322802042,1.4458450222637178,-0.0076563307996441,-0.0002913312829560,0.0775429660611157,0.9969595699621999
1365,1788543988,560280729,1788543988.560280800,0.0383421153232365,-0.0632787440995198,1.4322734222543634,-0.0077997638835036,-0.0003262629561703,0.0759176435871614,0.9970835314195184
1366,1788543988,576688390,1788543988.576688290,0.0386309745587977,-0.0642951376593612,1.4186875983433866,-0.0079114987742175,-0.0003527563028561,0.0743747967470092,0.9971989136370825
1367,1788543988,596703578,1788543988.596703529,0.0389099340267271,-0.0652338961054130,1.4050873645547428,-0.0079919551626381,-0.0003763920617008,0.0729175139256536,0.9973058824375781
1368,1788543988,617154867,1788543988.617154837,0.0391811499513797,-0.0660947872744855,1.3914731535159970,-0.0080419747468123,-0.0004016495453399,0.0715477061466828,0.9974046776835179
1369,1788543988,636279523,1788543988.636279583,0.0394423226338362,-0.0668786316526803,1.3778444485296399,-0.0080633743905509,-0.0004237284551572,0.0702672603726179,0.9974955210763409
1370,1788543988,656383158,1788543988.656383276,0.0396929007559706,-0.0675847022674883,1.3642014942868783,-0.0080546374184671,-0.0004416495107736,0.0690770894151114,0.9975787104182323
1371,1788543988,682381096,1788543988.682381153,0.0399353442444926,-0.0682137600542355,1.3505436165466758,-0.0080172246067890,-0.0004603797824997,0.0679780840329492,0.9976544954297902
1372,1788543988,697979963,1788543988.697979927,0.0401678208239713,-0.0687678749350293,1.3368711626349461,-0.0079542646222748,-0.0004759198721788,0.0669702974138799,0.9977231491946504
1373,1788543988,718105490,1788543988.718105555,0.0403894130148089,-0.0692471220085405,1.3231834948074999,-0.0078644777381257,-0.0004864186965129,0.0660535823913672,0.9977849656313854
1374,1788543988,736688727,1788543988.736688614,0.0406010297353789,-0.0696547209521311,1.3094811419327517,-0.0077529344354640,-0.0004933158439530,0.0652272739061145,0.9978401933104790
1375,1788543988,757579414,1788543988.757579327,0.0408022736260036,-0.0699936806845846,1.2957636336985172,-0.0076237130317893,-0.0004953737516335,0.0644903437124108,0.9978890866084819
1376,1788543988,784723051,1788543988.784723043,0.0409938898185757,-0.0702637904281029,1.2820315770897868,-0.0074741737272573,-0.0004940971328695,0.0638415773360458,0.9979319343514185
1377,1788543988,797394253,1788543988.797394276,0.0411760518530881,-0.0704669475904864,1.2682846324198338,-0.0073055958476055,-0.0004895054888868,0.0632791635027690,0.9979690055908940
1378,1788543988,825918066,1788543988.825917959,0.0413497425732479,-0.0706059838765285,1.2545236889883045,-0.0071210265291122,-0.0004831382877672,0.0628012265264447,0.9980005328181647
1379,1788543988,836907027,1788543988.836906910,0.0415158921882795,-0.0706829625687083,1.2407485643750418,-0.0069216440619808,-0.0004765286571344,0.0624052548974175,0.9980267771583619
1380,1788543988,858383367,1788543988.858383417,0.0416733153132346,-0.0707009991176992,1.2269602233410895,-0.0067103240931299,-0.0004667325627210,0.0620888134865114,0.9980479612479137
1381,1788543988,888133579,1788543988.888133526,0.0418239363061514,-0.0706614439280764,1.2131586760449089,-0.0064865008234560,-0.0004574140239529,0.0618488130526988,0.9980643468251185
1382,1788543988,897131061,1788543988.897130966,0.0419663865261908,-0.0705644972068022,1.1993451460641649,-0.0062466548222972,-0.0004456148882852,0.0616825190782841,0.9980761732308109
1383,1788543988,919670170,1788543988.919670105,0.0420991544655378,-0.0704112029508468,1.1855201024689273,-0.0059887301196569,-0.0004279559432379,0.0615864504292638,0.9980836944308771
1384,1788543988,936934250,1788543988.936934233,0.0422263302447995,-0.0702063402134434,1.1716849227884181,-0.0057188145038610,-0.0004120391807628,0.0615575431212869,0.9980870674792129
1385,1788543988,956567336,1788543988.956567287,0.0423502349466621,-0.0699543499732503,1.1578400669199547,-0.0054418680158445,-0.0004019049419770,0.0615919650344807,0.9980864964461282
1386,1788543988,986951542,1788543988.986951590,0.0424671120533722,-0.0696582373641729,1.1439869414794352,-0.0051590367707323,-0.0003893492805839,0.0616863544411336,0.9980821741833178
1387,1788543988,996615826,1788543988.996615887,0.0425757710477160,-0.0693193844908378,1.1301259728929751,-0.0048683477738487,-0.0003716387313705,0.0618366181334337,0.9980743427883647
1388,1788543989,16824524,1788543989.016824484,0.0426775426484310,-0.0689406537524477,1.1162585883046117,-0.0045710944048834,-0.0003509567498646,0.0620393173458461,0.9980631768723675
1389,1788543989,43713153,1788543989.043713093,0.0427741449313304,-0.0685276226229626,1.1023853982913074,-0.0042741104754341,-0.0003298952036130,0.0622902215653730,0.9980488722733647
1390,1788543989,57673894,1788543989.057673931,0.0428647678779808,-0.0680818407204793,1.0885077921250861,-0.0039756224996797,-0.0003063345792763,0.0625858397283960,0.9980316193640145
1391,1788543989,83893081,1788543989.083893061,0.0429508454573023,-0.0676070386868562,1.0746265042596668,-0.0036786248834260,-0.0002824628273288,0.0629219292097092,0.9980116325766181
1392,1788543989,96640688,1788543989.096640587,0.0430327420081630,-0.0671054630401240,1.0607431263748546,-0.0033829538184106,-0.0002584347560730,0.0632949785818402,0.9979890953919606
1393,1788543989,116771933,1788543989.116771936,0.0431106757487449,-0.0665801530407599,1.0468583306829555,-0.0030900832148936,-0.0002340019884072,0.0637007117039816,0.9979642358106832
1394,1788543989,136600720,1788543989.136600733,0.0431837972032582,-0.0660345838472121,1.0329736269556500,-0.0028023016578036,-0.0002066357469046,0.0641356259382204,0.9979372354475001
1395,1788543989,157184315,1788543989.157184362,0.0432563085483981,-0.0654703972927371,1.0190895451566282,-0.0025188733530260,-0.0001844028665220,0.0645955813310804,0.9979083285277831
1396,1788543989,180605646,1788543989.180605650,0.0433287933665068,-0.0648877539638044,1.0052071659672244,-0.0022356182184609,-0.0001681820232100,0.0650773327651245,0.9978777051754216
1397,1788543989,197405125,1788543989.197405100,0.0433996907760430,-0.0642901364542171,0.9913266182617746,-0.0019549235494012,-0.0001540911749313,0.0655768998177767,0.9978455916323502
1398,1788543989,216668734,1788543989.216668844,0.0434699306474242,-0.0636814781760838,0.9774488050024344,-0.0016804831880673,-0.0001433331561787,0.0660910911231174,0.9978121682491233
1399,1788543989,236574894,1788543989.236574888,0.0435387744678664,-0.0630651622762427,0.9635738144774458,-0.0014147403635171,-0.0001337916206015,0.0666161115722630,0.9977776677639653
1400,1788543989,256982425,1788543989.256982327,0.0436066987148891,-0.0624428047903557,0.9497025525229829,-0.0011568076775867,-0.0001260987963369,0.0671490576234677,0.9977422763195769
1401,1788543989,276807815,1788543989.276807785,0.0436755537051100,-0.0618165370089068,0.9358351797051396,-0.0009071867065632,-0.0001236701113462,0.0676864502999912,0.9977062223739861
1402,1788543989,296276138,1788543989.296276093,0.0437473394755619,-0.0611897821608127,0.9219728146480732,-0.0006692081326591,-0.0001301157088685,0.0682255334205698,0.9976696907393029
1403,1788543989,316366961,1788543989.316366911,0.0438190859367671,-0.0605618240399039,0.9081156889614886,-0.0004371765840699,-0.0001395322420511,0.0687630875738926,0.9976329120446522
1404,1788543989,343913615,1788543989.343913555,0.0438885794079724,-0.0599345482699198,0.8942649528306896,-0.0002109500288739,-0.0001472526623308,0.0692966025923984,0.9975960678981699
1405,1788543989,357920169,1788543989.357920170,0.0439595264278528,-0.0593130130291653,0.8804207927769977,0.0000021385700030,-0.0001603117390268,0.0698231334560687,0.9975593738369406
1406,1788543989,378336205,1788543989.378336191,0.0440298369673639,-0.0586994972065359,0.8665842429626982,0.0002010965560235,-0.0001742672067237,0.0703405034794445,0.9975230036251665
1407,1788543989,396082194,1788543989.396082163,0.0440852457326462,-0.0582146261394192,0.8555202745106463,0.0003519336027688,-0.0001854084850965,0.0707460907468885,0.9974942768810585
1408,1788543989,414208385,1788543989.414208412,0.0441536624045643,-0.0576169731598454,0.8416983635052546,0.0005304844823741,-0.0001997520024554,0.0712411924777829,0.9974589571404404
1409,1788543989,432612134,1788543989.432612181,0.0442207741770611,-0.0570315236066353,0.8278836608299579,0.0006947864782545,-0.0002135803706407,0.0717211345241019,0.9974244585520001
1410,1788543989,452980331,1788543989.452980280,0.0442863076173337,-0.0564589534002581,0.8140778536973352,0.0008460985723933,-0.0002264239462825,0.0721843849819609,0.9973909200580173
1411,1788543989,483117879,1788543989.483117819,0.0443515888389782,-0.0558985892336244,0.8002784226953588,0.0009879880587943,-0.0002412886364838,0.0726293355322199,0.9973584838359464
1412,1788543989,492860949,1788543989.492861032,0.0444153725683033,-0.0553511097273965,0.7864838428593283,0.0011214671371794,-0.0002557182208587,0.0730547196709197,0.9973272706857339
1413,1788543989,516420852,1788543989.516420841,0.0444785133253417,-0.0548167389771595,0.7726932208816966,0.0012480306566310,-0.0002716439769932,0.0734590731567128,0.9972974146161147
1414,1788543989,532489145,1788543989.532489061,0.0445404394002163,-0.0542974640275331,0.7589105385864945,0.0013656730140056,-0.0002878156245789,0.0738413967553788,0.9972690209891210
1415,1788543989,552610696,1788543989.552610636,0.0445979457537885,-0.0537948900086703,0.7451346987255087,0.0014734078108666,-0.0002976210532029,0.0742007220684288,0.9972421939206420
1416,1788543989,579695182,1788543989.579695225,0.0446518502598821,-0.0533091249091293,0.7313677211285391,0.0015725806639564,-0.0003028572910649,0.0745364253401894,0.9972170057540249
1417,1788543989,592864786,1788543989.592864752,0.0447046346936099,-0.0528415033517296,0.7176073851986627,0.0016615817996964,-0.0003084771971363,0.0748477899897415,0.9971935380463480
1418,1788543989,612673185,1788543989.612673283,0.0447560021067360,-0.0523926006474299,0.7038549050600087,0.0017406493966923,-0.0003138388874554,0.0751344021884906,0.9971718474027477
1419,1788543989,632913385,1788543989.632913351,0.0448056851248882,-0.0519630484165651,0.6901076618906774,0.0018097137878106,-0.0003183449177145,0.0753958941629935,0.9971519857754294
1420,1788543989,653289718,1788543989.653289795,0.0448529645428721,-0.0515538290379444,0.6763667701462076,0.0018679178670993,-0.0003204044126392,0.0756321653736021,0.9971339848710173
1421,1788543989,678038390,1788543989.678038359,0.0448975200485022,-0.0511631833951894,0.6626297489476312,0.0019197840180553,-0.0003196316091118,0.0758432289781320,0.9971178550618423
1422,1788543989,695491875,1788543989.695491791,0.0449407557926818,-0.0507915002518275,0.6488977895664909,0.0019650658519686,-0.0003188188125961,0.0760291224881983,0.9971036101651808
1423,1788543989,712569999,1788543989.712569952,0.0449823500365820,-0.0504409178761551,0.6351683698313062,0.0020000506397449,-0.0003169253141673,0.0761899467765503,0.9970912653142490
1424,1788543989,732553335,1788543989.732553244,0.0450233906404599,-0.0501111214425183,0.6214426427956257,0.0020257185332452,-0.0003161848383807,0.0763259478326099,0.9970808122609851
1425,1788543989,752929819,1788543989.752929926,0.0450633044760629,-0.0498011372366072,0.6077178725562025,0.0020444843584567,-0.0003155289920020,0.0764375651285452,0.9970722236439959
1426,1788543989,780629342,1788543989.780629396,0.0451004896685005,-0.0495113392709493,0.5939951444684138,0.0020560705370328,-0.0003115722268089,0.0765252040480695,0.9970654786131629
1427,1788543989,793859391,1788543989.793859482,0.0451364631873689,-0.0492431648181668,0.5802716972587987,0.0020573753174060,-0.0003071222257770,0.0765894496467208,0.9970605443429974
1428,1788543989,813592987,1788543989.813592911,0.0451735136657389,-0.0489964439062210,0.5665483724386254,0.0020483477528629,-0.0003068248450768,0.0766308739125972,0.9970573801408771
1429,1788543989,833120082,1788543989.833120108,0.0452083042416563,-0.0487689848645429,0.5528222818002017,0.0020337907811205,-0.0003041324716666,0.0766502428889982,0.9970559219339484
1430,1788543989,852607558,1788543989.852607489,0.0452383583638798,-0.0485624255497648,0.5390942957887278,0.0020104309764112,-0.0002936330886878,0.0766482400659455,0.9970561264250331
1431,1788543989,872614008,1788543989.872613907,0.0452689126063307,-0.0483751261878982,0.5253625767697513,0.0019803627091002,-0.0002861798220455,0.0766257809026991,0.9970579150509270
1432,1788543989,893481551,1788543989.893481493,0.0452994714667741,-0.0482050671883685,0.5116281734958866,0.0019472813994487,-0.0002809373997860,0.0765836105699171,0.9970612216716704
1433,1788543989,913371450,1788543989.913371563,0.0453319009660829,-0.0480528625187874,0.4978870010273107,0.0019090025386522,-0.0002815471943496,0.0765227016906345,0.9970659720231410
1434,1788543989,943630290,1788543989.943630219,0.0453660581881710,-0.0479198971786650,0.4841393830939195,0.0018620302473338,-0.0002874909998446,0.0764439691091939,0.9970720985862134
1435,1788543989,952655887,1788543989.952655792,0.0453986305666668,-0.0478052259559330,0.4703823872171248,0.0018080057872421,-0.0002921823780923,0.0763486218759637,0.9970795021873493
1436,1788543989,972808573,1788543989.972808599,0.0454256878733620,-0.0477080870321016,0.4566170297324559,0.0017482004194500,-0.0002877199747780,0.0762376443414714,0.9970881017230989
1437,1788543989,993120496,1788543989.993120432,0.0454487116024775,-0.0476257949821019,0.4428407673512306,0.0016868771637243,-0.0002774968799735,0.0761122421316148,0.9970977906096345
1438,1788543990,12946143,1788543990.012946129,0.0454685557618536,-0.0475584282086338,0.4290549965964778,0.0016227140275245,-0.0002630874856993,0.0759734032322610,0.9971084893758894
1439,1788543990,39130155,1788543990.039130211,0.0454893169969744,-0.0475075885081859,0.4152575735173735,0.0015506825178216,-0.0002524316402423,0.0758223266679555,0.9971201063265417
1440,1788543990,54591649,1788543990.054591656,0.0455109895259667,-0.0474721257621136,0.4014500677782229,0.0014719680161716,-0.0002455197305401,0.0756600437455383,0.9971325542828520
1441,1788543990,75065424,1788543990.075065374,0.0455293383480711,-0.0474530043057169,0.3876303602031237,0.0013839334031223,-0.0002333637934118,0.0754877979851471,0.9971457379064653
1442,1788543990,92807980,1788543990.092808008,0.0455462180338743,-0.0474481637870115,0.3737999448566168,0.0012890897292854,-0.0002199072817585,0.0753066310020088,0.9971595665767764
1443,1788543990,113436473,1788543990.113436460,0.0455642750738354,-0.0474537060835965,0.3599567297566142,0.0011934876521697,-0.0002109780479806,0.0751177752311016,0.9971739321301060
1444,1788543990,132936013,1788543990.132936001,0.0455806675194176,-0.0474704881224404,0.3461023501696270,0.0010942463006976,-0.0002004434993055,0.0749221362381445,0.9971887664574596
1445,1788543990,152563707,1788543990.152563810,0.0455962331825097,-0.0474970601853463,0.3322346880293046,0.0009925927569983,-0.0001900748077766,0.0747208146035049,0.9972039803852444
1446,1788543990,173116949,1788543990.173116922,0.0456139431321062,-0.0475326104369310,0.3183555061448006,0.0008880954419735,-0.0001859426588768,0.0745147287433114,0.9972195003669575
1447,1788543990,199601421,1788543990.199601412,0.0456307058152168,-0.0475755347977821,0.3044629647187602,0.0007828350122840,-0.0001818481417944,0.0743050221568522,0.9972352369340278
1448,1788543990,212832038,1788543990.212831974,0.0456496146473835,-0.0476255643899060,0.2905588713447307,0.0006751911996350,-0.0001841299343867,0.0740925491133403,0.9972511240298997
1449,1788543990,234583544,1788543990.234583616,0.0456685927754951,-0.0476803227352029,0.2766414133717023,0.0005686365784601,-0.0001888958357184,0.0738784637962839,0.9972670723321341
1450,1788543990,253069925,1788543990.253069878,0.0456881102153424,-0.0477369768266011,0.2627126576824462,0.0004672187634587,-0.0001976126278596,0.0736636479521008,0.9972830138061438
1451,1788543990,272743177,1788543990.272743225,0.0457076777404605,-0.0477948295027018,0.2487710904051501,0.0003708116109897,-0.0002094981330323,0.0734491154048856,0.9972988749895997
1452,1788543990,294284002,1788543990.294284105,0.0457259362356306,-0.0478535596070100,0.2348189890892507,0.0002787365192509,-0.0002219800150664,0.0732356139004740,0.9973146032659135
1453,1788543990,314361403,1788543990.314361334,0.0457439530128844,-0.0479132071406634,0.2208548702563072,0.0001892692840168,-0.0002374340426926,0.0730239092670372,0.9973301441737199
1454,1788543990,345279670,1788543990.345279694,0.0457613221634798,-0.0479723443770288,0.2068808964694286,0.0001039790795128,-0.0002554706073958,0.0728146655394498,0.9973454508872529
1455,1788543990,352543223,1788543990.352543116,0.0457766400243949,-0.0480276113159788,0.1928952947249724,0.0000286293626406,-0.0002739747411862,0.0726086903788379,0.9973604675340160
1456,1788543990,373518793,1788543990.373518705,0.0457887589860996,-0.0480792800428985,0.1789000473677449,-0.0000383759419385,-0.0002908206528603,0.0724065239844152,0.9973751597243282
1457,1788543990,399898097,1788543990.399898052,0.0457991546689973,-0.0481269897211263,0.1648934059528394,-0.0000975840002636,-0.0003093482080443,0.0722088878649267,0.9973894782352376
1458,1788543990,412310841,1788543990.412310839,0.0458083267526784,-0.0481696958072340,0.1508775395794558,-0.0001478612253003,-0.0003310176070345,0.0720163126381622,0.9974033884434143
1459,1788543990,432697819,1788543990.432697773,0.0458177413476501,-0.0482099536752195,0.1368510430051512,-0.0001954815874711,-0.0003587906987246,0.0718293386646016,0.9974168532580495
1460,1788543990,452381952,1788543990.452381849,0.0458254350373722,-0.0482477411298649,0.1228165062259915,-0.0002408595062280,-0.0003890545843158,0.0716483975476429,0.9974298460303279
1461,1788543990,472466535,1788543990.472466469,0.0458292463864971,-0.0482822415116407,0.1087738291101773,-0.0002827098742161,-0.0004179454262316,0.0714739604222461,0.9974423383726535
1462,1788543990,496938610,1788543990.496938705,0.0458305415984168,-0.0483123894520908,0.0947249697127950,-0.0003197042052954,-0.0004488776327900,0.0713062798246654,0.9974543151220804
1463,1788543990,513505440,1788543990.513505459,0.0458328359126609,-0.0483374920943722,0.0806682102084890,-0.0003515091211825,-0.0004896591308087,0.0711457250842145,0.9974657500272953
1464,1788543990,533079181,1788543990.533079147,0.0458316178824021,-0.0483601893246194,0.0666058846423049,-0.0003833956931282,-0.0005312426270675,0.0709925602749500,0.9974766298889520
1465,1788543990,552668257,1788543990.552668333,0.0458264469291737,-0.0483801396236060,0.0525366847961974,-0.0004150889935745,-0.0005734159041104,0.0708470464587278,0.9974869397157053
1466,1788543990,572738857,1788543990.572738886,0.0458174736684896,-0.0483963693524014,0.0384631050680011,-0.0004451034076162,-0.0006172879079386,0.0707093517492123,0.9974966708785555
1467,1788543990,606428154,1788543990.606428146,0.0458147063215049,-0.0483989985442811,0.0356635958052646,-0.0004510693988231,-0.0006261209624251,0.0706832148107657,0.9974985151131570
1468,1788543990,613592114,1788543990.613592148,0.0458147063163210,-0.0483989985404388,0.0356835952008929,-0.0004510694175374,-0.0006261210227479,0.0706832148169371,0.9974985151126733
1469,1788543990,637844078,1788543990.637844086,0.0458147063126107,-0.0483989985370969,0.0357035940289959,-0.0004510694270458,-0.0006261210937085,0.0706832148215513,0.9974985151122975
1470,1788543990,654119486,1788543990.654119492,0.0458147063095485,-0.0483989985340148,0.0357235925960623,-0.0004510694334029,-0.0006261211683097,0.0706832148250914,0.9974985151119969
1471,1788543990,673157889,1788543990.673157930,0.0458147063068659,-0.0483989985310835,0.0357435910281488,-0.0004510694390163,-0.0006261212462913,0.0706832148278254,0.9974985151117517
1472,1788543990,697310484,1788543990.697310448,0.0458147063044466,-0.0483989985282619,0.0357635893758412,-0.0004510694446055,-0.0006261213276507,0.0706832148299164,0.9974985151115500
1473,1788543990,712751145,1788543990.712751150,0.0458147063022347,-0.0483989985255287,0.0357835876625033,-0.0004510694507829,-0.0006261214117791,0.0706832148315433,0.9974985151113791
1474,1788543990,733013879,1788543990.733013868,0.0458147063002035,-0.0483989985228692,0.0358035858970888,-0.0004510694573243,-0.0006261214985539,0.0706832148327674,0.9974985151112350
1475,1788543990,751714670,1788543990.751714706,0.0458147062986832,-0.0483989985207930,0.0358195844510801,-0.0004510694628105,-0.0006261215693086,0.0706832148335259,0.9974985151111343
1476,1788543990,769391301,1788543990.769391298,0.0458147062970304,-0.0483989985182792,0.0358395826015695,-0.0004510694711842,-0.0006261216635815,0.0706832148342692,0.9974985151110187
1477,1788543990,790921111,1788543990.790921211,0.0458147062955312,-0.0483989985158379,0.0358595807073022,-0.0004510694802064,-0.0006261217600475,0.0706832148347627,0.9974985151109190
1478,1788543990,808511000,1788543990.808511019,0.0458147062941017,-0.0483989985135262,0.0358795787698234,-0.0004510694918468,-0.0006261218555387,0.0706832148350361,0.9974985151108345
1479,1788543990,828561975,1788543990.828562021,0.0458147062928189,-0.0483989985112941,0.0358995767897244,-0.0004510695046111,-0.0006261219529564,0.0706832148351148,0.9974985151107619
1480,1788543990,848630758,1788543990.848630667,0.0458147062917808,-0.0483989985091807,0.0359195747682896,-0.0004510695202115,-0.0006261220562384,0.0706832148350362,0.9974985151106956
1481,1788543990,868468657,1788543990.868468761,0.0458147062908860,-0.0483989985071099,0.0359395727064738,-0.0004510695354827,-0.0006261221617901,0.0706832148348275,0.9974985151106373
1482,1788543990,896887890,1788543990.896887779,0.0458147062901432,-0.0483989985051694,0.0359595706048565,-0.0004510695539800,-0.0006261222695721,0.0706832148345088,0.9974985151105838
1483,1788543990,908338386,1788543990.908338308,0.0458147062895051,-0.0483989985033205,0.0359795684645375,-0.0004510695740409,-0.0006261223781354,0.0706832148340948,0.9974985151105360
1484,1788543990,928985497,1788543990.928985596,0.0458147062890084,-0.0483989985015582,0.0359995662864523,-0.0004510695956120,-0.0006261224889567,0.0706832148335537,0.9974985151104950
1485,1788543990,949034671,1788543990.949034691,0.0458147062886243,-0.0483989984998690,0.0360195640710358,-0.0004510696182365,-0.0006261226008743,0.0706832148328917,0.9974985151104614
1486,1788543990,968887830,1788543990.968887806,0.0458147062883996,-0.0483989984982706,0.0360395618192116,-0.0004510696426825,-0.0006261227158376,0.0706832148321612,0.9974985151104300
1487,1788543990,993213390,1788543990.993213415,0.0458147062882508,-0.0483989984967846,0.0360595595318302,-0.0004510696695812,-0.0006261228306466,0.0706832148313799,0.9974985151104011
1488,1788543991,8546848,1788543991.008546829,0.0458147062882287,-0.0483989984953927,0.0360795572093638,-0.0004510696984838,-0.0006261229472290,0.0706832148305224,0.9974985151103757
1489,1788543991,25414526,1788543991.025414467,0.0458147062882952,-0.0483989984943380,0.0360955553262157,-0.0004510697226563,-0.0006261230415940,0.0706832148297998,0.9974985151103567
1490,1788543991,45352529,1788543991.045352459,0.0458147062884453,-0.0483989984931085,0.0361155529429833,-0.0004510697547563,-0.0006261231596251,0.0706832148288127,0.9974985151103380
1491,1788543991,64971440,1788543991.064971447,0.0458147062887220,-0.0483989984921433,0.0361355503468443,-0.0004510697852139,-0.0006261232649875,0.0706832148278469,0.9974985151103266
1492,1788543991,92555383,1788543991.092555285,0.0458147062889126,-0.0483989984916858,0.0361555472867402,-0.0004510698084517,-0.0006261233291067,0.0706832148273008,0.9974985151103145
1493,1788543991,104269701,1788543991.104269743,0.0458147062887535,-0.0483989984913880,0.0361755440441011,-0.0004510698264328,-0.0006261233650022,0.0706832148271770,0.9974985151102925
1494,1788543991,125596207,1788543991.125596285,0.0458147062882887,-0.0483989984911047,0.0361955407286741,-0.0004510698399606,-0.0006261233833949,0.0706832148274797,0.9974985151102534
1495,1788543991,145170298,1788543991.145170212,0.0458147062876401,-0.0483989984908030,0.0362155373823671,-0.0004510698505106,-0.0006261233923481,0.0706832148281801,0.9974985151101935
1496,1788543991,166267186,1788543991.166267157,0.0458147062870130,-0.0483989984905566,0.0362315346951113,-0.0004510698578842,-0.0006261233945565,0.0706832148289468,0.9974985151101344
1497,1788543991,180679953,1788543991.180680037,0.0458147062861399,-0.0483989984902295,0.0362515313300462,-0.0004510698657836,-0.0006261233934640,0.0706832148301102,0.9974985151100491
1498,1788543991,200565171,1788543991.200565100,0.0458147062852351,-0.0483989984899111,0.0362715279618496,-0.0004510698737459,-0.0006261233908813,0.0706832148314660,0.9974985151099510
1499,1788543991,229593345,1788543991.229593277,0.0458147062843206,-0.0483989984895908,0.0362915245923185,-0.0004510698815192,-0.0006261233878345,0.0706832148329945,0.9974985151098411
1500,1788543991,241016015,1788543991.241015911,0.0458147062833552,-0.0483989984892718,0.0363115212222526,-0.0004510698891638,-0.0006261233827920,0.0706832148346462,0.9974985151097238
1501,1788543991,260913618,1788543991.260913610,0.0458147062227025,-0.0483989984427219,0.0363315173470483,-0.0004510679599211,-0.0006261212078163,0.0706832148365290,0.9974985151118280
1502,1788543991,280523999,1788543991.280524015,0.0458147043313515,-0.0483989970931382,0.0363515106925303,-0.0004510110876358,-0.0006260523826953,0.0706832148488889,0.9974985151798667
1503,1788543991,300578004,1788543991.300578117,0.0458147024362875,-0.0483989957408895,0.0363715040342502,-0.0004509541001291,-0.0006259834186129,0.0706832148613726,0.9974985152480280
1504,1788543991,326916491,1788543991.326916456,0.0458147004959227,-0.0483989943565439,0.0363914973741342,-0.0004508957580285,-0.0006259128037750,0.0706832148742686,0.9974985153178001
1505,1788543991,341466901,1788543991.341466904,0.0458146985749509,-0.0483989929859378,0.0364114907159266,-0.0004508379956449,-0.0006258428954957,0.0706832148871391,0.9974985153868603
1506,1788543991,360811610,1788543991.360811710,0.0458146966553107,-0.0483989916163047,0.0364314840615915,-0.0004507802742778,-0.0006257730357817,0.0706832149000114,0.9974985154558631
1507,1788543991,380647699,1788543991.380647659,0.0458146947297242,-0.0483989902424634,0.0364514774095557,-0.0004507223752662,-0.0006257029593284,0.0706832149129742,0.9974985155250675
1508,1788543991,400513069,1788543991.400513172,0.0458146928057235,-0.0483989888697509,0.0364714707561231,-0.0004506645238790,-0.0006256329405902,0.0706832149259433,0.9974985155942055
1509,1788543991,422707987,1788543991.422708035,0.0458146908733249,-0.0483989874910616,0.0364914640986921,-0.0004506064204027,-0.0006255626159245,0.0706832149388534,0.9974985156636451
1510,1788543991,441317780,1788543991.441317797,0.0458146889415107,-0.0483989861127788,0.0365114574383333,-0.0004505483340701,-0.0006254923125339,0.0706832149516962,0.9974985157330601
1511,1788543991,460372743,1788543991.460372686,0.0458146869935935,-0.0483989847230928,0.0365314507788519,-0.0004504897664541,-0.0006254214223964,0.0706832149647749,0.9974985158030353
1512,1788543991,480468501,1788543991.480468512,0.0458146850361699,-0.0483989833266487,0.0365514441233161,-0.0004504309137120,-0.0006253501859521,0.0706832149778697,0.9974985158733466
1513,1788543991,500590706,1788543991.500590801,0.0458146830907690,-0.0483989819387492,0.0365714374711006,-0.0004503724213972,-0.0006252793874279,0.0706832149908182,0.9974985159432226
1514,1788543991,526483692,1788543991.526483774,0.0458145530827115,-0.0483988950124911,0.0365914249517994,-0.0004466858016280,-0.0006205304633103,0.0706832155785717,0.9974985205248236
1515,1788543991,544140787,1788543991.544140816,0.0458139480132747,-0.0483985106667527,0.0366111702458631,-0.0004303006962156,-0.0005983704707495,0.0706832187703261,0.9974985410407159
1516,1788543991,560552024,1788543991.560552120,0.0458131565765492,-0.0483980228483871,0.0366302149451623,-0.0004094383548101,-0.0005693407192192,0.0706832232860741,0.9974985664938422
1517,1788543991,585940753,1788543991.585940838,0.0458123963525781,-0.0483975539130589,0.0366483311120768,-0.0003893830507526,-0.0005414514204234,0.0706832279533163,0.9974985897219598
1518,1788543991,602070793,1788543991.602070808,0.0458116733829140,-0.0483971079564007,0.0366655594570702,-0.0003703106474672,-0.0005149289639711,0.0706832321781082,0.9974986107293794
1519,1788543991,622651396,1788543991.622651339,0.0458109858411151,-0.0483966838516306,0.0366819434885170,-0.0003521729699608,-0.0004897063563276,0.0706832360031826,0.9974986297283832
1520,1788543991,643080698,1788543991.643080711,0.0458103319918250,-0.0483962805285712,0.0366975245787640,-0.0003349242165717,-0.0004657199023754,0.0706832394664532,0.9974986469109969
1521,1788543991,660995926,1788543991.660995960,0.0458097101842017,-0.0483958969689926,0.0367123420726284,-0.0003185208269531,-0.0004429090283370,0.0706832426024193,0.9974986624508742
1522,1788543991,687365470,1788543991.687365532,0.0458091188478330,-0.0483955322042817,0.0367264333898433,-0.0003029213705189,-0.0004212161209802,0.0706832454424195,0.9974986765050615
1523,1788543991,700798262,1788543991.700798273,0.0458085564880854,-0.0483951853123505,0.0367398341202302,-0.0002880864391418,-0.0004005863767486,0.0706832480152129,0.9974986892155689
1524,1788543991,720733379,1788543991.720733404,0.0458080216851250,-0.0483948554175633,0.0367525781098189,-0.0002739785594193,-0.0003809676855577,0.0706832503460061,0.9974987007108808
1525,1788543991,740883469,1788543991.740883350,0.0458075129141591,-0.0483945414577230,0.0367646983723477,-0.0002605591943779,-0.0003623068120571,0.0706832523222808,0.9974987111188791
1526,1788543991,760338513,1788543991.760338545,0.0458070288025731,-0.0483942428021621,0.0367762267644511,-0.0002477896780931,-0.0003445506492375,0.0706832525825556,0.9974987206455336
1527,1788543991,787242824,1788543991.787242889,0.0458065685273285,-0.0483939588730153,0.0367871902062550,-0.0002356455561142,-0.0003276641405451,0.0706832524259522,0.9974987292893520
1528,1788543991,800517179,1788543991.800517082,0.0458061308173041,-0.0483936888596364,0.0367976163141573,-0.0002240966210083,-0.0003116052241639,0.0706832522637114,0.9974987371081295
1529,1788543991,820518557,1788543991.820518494,0.0458057145592996,-0.0483934320798967,0.0368075314407275,-0.0002131137000693,-0.0002963333484301,0.0706832521176243,0.9974987441792464
1530,1788543991,840936123,1788543991.840936184,0.0458053187020197,-0.0483931878851537,0.0368169606356051,-0.0002026690520345,-0.0002818099438624,0.0706832519877256,0.9974987505740799
1531,1788543991,860756569,1788543991.860756636,0.0458049422456508,-0.0483929556585806,0.0368259277163231,-0.0001927362957816,-0.0002679983293395,0.0706832518729579,0.9974987563572597
1532,1788543991,884022234,1788543991.884022236,0.0458045842393629,-0.0483927348135927,0.0368344553312931,-0.0001832903433179,-0.0002548636206591,0.0706832517713724,0.9974987615873063
1533,1788543991,898647394,1788543991.898647308,0.0458043105092370,-0.0483925659565521,0.0368409755171421,-0.0001760680075040,-0.0002448208771003,0.0706832516979863,0.9974987654088570
1534,1788543991,917104094,1788543991.917104006,0.0458039834642708,-0.0483923642111057,0.0368487656573833,-0.0001674389665752,-0.0002328220933377,0.0706832516141315,0.9974987697733360
1535,1788543991,936487046,1788543991.936486959,0.0458036724477327,-0.0483921723533204,0.0368561740116435,-0.0001592328342160,-0.0002214113688799,0.0706832515372652,0.9974987737205645
1536,1788543991,956647601,1788543991.956647635,0.0458033766740695,-0.0483919898985906,0.0368632192904254,-0.0001514288837286,-0.0002105598829494,0.0706832514661863,0.9974987772904771
1537,1788543991,984770411,1788543991.984770298,0.0458030953962298,-0.0483918163860621,0.0368699192873350,-0.0001440074042712,-0.0002002402273273,0.0706832514004217,0.9974987805191461
1538,1788543991,996974758,1788543991.996974707,0.0458028279037772,-0.0483916513774686,0.0368762909240316,-0.0001369496510493,-0.0001904263371362,0.0706832513400195,0.9974987834391613
1539,1788543992,16727557,1788543992.016727448,0.0458025735210945,-0.0483914944560235,0.0368823502929365,-0.0001302377979427,-0.0001810934249829,0.0706832512852286,0.9974987860799814
1540,1788543992,36630270,1788543992.036630154,0.0458023316056763,-0.0483913452253678,0.0368881126978318,-0.0001238548924566,-0.0001722179183087,0.0706832512361909,0.9974987884682546
1541,1788543992,56776611,1788543992.056776524,0.0458021015465055,-0.0483912033085680,0.0368935926924683,-0.0001177848128913,-0.0001637773998053,0.0706832511927415,0.9974987906281014
1542,1788543992,80876358,1788543992.080876350,0.0458018827625090,-0.0483910683471650,0.0368988041172994,-0.0001120122276265,-0.0001557505507632,0.0706832511543637,0.9974987925813624
1543,1788543992,96443384,1788543992.096443415,0.0458016747010899,-0.0483909400002680,0.0369037601344411,-0.0001065225564165,-0.0001481170972213,0.0706832511202828,0.9974987943478115
1544,1788543992,118300261,1788543992.118300200,0.0458014768367331,-0.0483908179436941,0.0369084732609370,-0.0001013019335907,-0.0001408577587837,0.0706832510896422,0.9974987959453429
1545,1788543992,136417550,1788543992.136417627,0.0458012886696788,-0.0483907018691498,0.0369129554004047,-0.0000963371730590,-0.0001339541999662,0.0706832510616872,0.9974987973901381
1546,1788543992,157193788,1788543992.157193899,0.0458011097246612,-0.0483905914834518,0.0369172178731309,-0.0000916157350224,-0.0001273889839339,0.0706832510358926,0.9974987986968209
1547,1788543992,186229413,1788543992.186229467,0.0458009395497091,-0.0483904865077871,0.0369212714446847,-0.0000871256943004,-0.0001211455284955,0.0706832510120008,0.9974987998786008
1548,1788543992,196665537,1788543992.196665525,0.0458007777150047,-0.0483903866770081,0.0369251263531078,-0.0000828557101952,-0.0001152080642311,0.0706832509899747,0.9974988009474104
1549,1788543992,218206585,1788543992.218206644,0.0458006238117967,-0.0483902917389619,0.0369287923347494,-0.0000787949978227,-0.0001095615946432,0.0706832509698929,0.9974988019140336
1550,1788543992,243539736,1788543992.243539810,0.0458004774513673,-0.0483902014538540,0.0369322786488135,-0.0000749333008452,-0.0001041918582378,0.0706832509518334,0.9974988027882224
1551,1788543992,259154620,1788543992.259154558,0.0458003382640491,-0.0483901155936414,0.0369355941006987,-0.0000712608655484,-0.0000990852924540,0.0706832509357851,0.9974988035788026
1552,1788543992,282108553,1788543992.282108545,0.0458002318420058,-0.0483900499453000,0.0369381290825895,-0.0000684529369734,-0.0000951808337793,0.0706832509243064,0.9974988041564641
1553,1788543992,299716241,1788543992.299716234,0.0458000800197657,-0.0483899562910623,0.0369417455026904,-0.0000644471316398,-0.0000896107131062,0.0706832509090640,0.9974988049403436
1554,1788543992,318796395,1788543992.318796396,0.0457999837735689,-0.0483898969199081,0.0369440380971583,-0.0000619076913479,-0.0000860795908264,0.0706832508999958,0.9974988054127936
1555,1788543992,344706900,1788543992.344707012,0.0457998464682379,-0.0483898122207305,0.0369473087255586,-0.0000582849126162,-0.0000810420735113,0.0706832508876604,0.9974988060539237
1556,1788543992,356555179,1788543992.356555223,0.0457997594248861,-0.0483897585265432,0.0369493821084784,-0.0000559882881334,-0.0000778485896057,0.0706832508801104,0.9974988064403526
1557,1788543992,382536128,1788543992.382536173,0.0457996352483766,-0.0483896819261524,0.0369523400081367,-0.0000527119116699,-0.0000732927487086,0.0706832508696226,0.9974988069647650
1558,1788543992,398783343,1788543992.398783445,0.0457995565279097,-0.0483896333661091,0.0369542151396181,-0.0000506348854961,-0.0000704046187015,0.0706832508631548,0.9974988072808481
1559,1788543992,417515216,1788543992.417515278,0.0457994442248753,-0.0483895640901152,0.0369568902126760,-0.0000476717892685,-0.0000662843973667,0.0706832508542573,0.9974988077097904
1560,1788543992,437007749,1788543992.437007666,0.0457993730314848,-0.0483895201733008,0.0369585860490928,-0.0000457933640871,-0.0000636724241992,0.0706832508488871,0.9974988079683220
1561,1788543992,456586802,1788543992.456586838,0.0457992714666257,-0.0483894575213611,0.0369610053389834,-0.0000431135931908,-0.0000599461699519,0.0706832508416922,0.9974988083191505
1562,1788543992,477993520,1788543992.477993488,0.0457992070805993,-0.0483894178037986,0.0369625390242453,-0.0000414147793061,-0.0000575839484613,0.0706832508374495,0.9974988085305942
1563,1788543992,498585863,1788543992.498585939,0.0457991152271645,-0.0483893611425296,0.0369647269883693,-0.0000389912427523,-0.0000542139913545,0.0706832508318261,0.9974988088175200
1564,1788543992,516432595,1788543992.516432524,0.0457990569975976,-0.0483893252226896,0.0369661140268215,-0.0000374548659769,-0.0000520776408328,0.0706832508284955,0.9974988089904511
