sample_idx,timestamp_sec,timestamp_nanosec,timestamp_total_sec,pos_x,pos_y,pos_z,rot_x,rot_y,rot_z,rot_w
0,5,833000000,5.833000000,14.0294348360910650,-7.5605491585062907,-0.1068087172085842,0.0139527471803058,-0.0081548570610111,-0.0094020956499471,0.9998251945964485
1,5,858000000,5.858000000,14.0294348360910650,-7.5605491585062907,-0.1068087172085842,0.0139527471803058,-0.0081548570610111,-0.0094020956499471,0.9998251945964485
2,5,867000000,5.867000000,14.0294348360910650,-7.5605491585062907,-0.1068087172085842,0.0139527471803058,-0.0081548570610111,-0.0094020956499471,0.9998251945964485
3,5,897000000,5.897000000,14.0294348360910650,-7.5605491585062907,-0.1068087172085842,0.0139527471803058,-0.0081548570610111,-0.0094020956499471,0.9998251945964485
4,5,901000000,5.901000000,14.0294348360910650,-7.5605491585062907,-0.1068087172085842,0.0139527471803058,-0.0081548570610111,-0.0094020956499471,0.9998251945964485
5,5,927000000,5.927000000,14.0294348360910650,-7.5605491585062907,-0.1068087172085842,0.0139527471803058,-0.0081548570610111,-0.0094020956499471,0.9998251945964485
6,5,936000000,5.936000000,14.0294348360910650,-7.5605491585062907,-0.1068087172085842,0.0139527471803058,-0.0081548570610111,-0.0094020956499471,0.9998251945964485
7,5,963000000,5.963000000,14.0294348360910650,-7.5605491585062907,-0.1068087172085842,0.0139527471803058,-0.0081548570610111,-0.0094020956499471,0.9998251945964485
8,5,970000000,5.970000000,14.0294348360910650,-7.5605491585062907,-0.1068087172085842,0.0139527471803058,-0.0081548570610111,-0.0094020956499471,0.9998251945964485
9,5,992000000,5.992000000,14.0294348360910650,-7.5605491585062907,-0.1068087172085842,0.0139527471803058,-0.0081548570610111,-0.0094020956499471,0.9998251945964485
10,6,4000000,6.004000000,14.0294348360910650,-7.5605491585062907,-0.1068087172085842,0.0139527471803058,-0.0081548570610111,-0.0094020956499471,0.9998251945964485
11,6,21000000,6.021000000,14.0294348360910650,-7.5605491585062907,-0.1068087172085842,0.0139527471803058,-0.0081548570610111,-0.0094020956499471,0.9998251945964485
12,6,38000000,6.038000000,14.0294348360910650,-7.5605491585062907,-0.1068087172085842,0.0139527471803058,-0.0081548570610111,-0.0094020956499471,0.9998251945964485
13,6,62000000,6.062000000,14.0294348360910650,-7.5605491585062907,-0.1068087172085842,0.0139527471803058,-0.0081548570610111,-0.0094020956499471,0.9998251945964485
14,6,72000000,6.072000000,14.0294348360910650,-7.5605491585062907,-0.1068087172085842,0.0139527471803058,-0.0081548570610111,-0.0094020956499471,0.9998251945964485
15,6,89000000,6.089000000,14.0294348360910650,-7.5605491585062907,-0.1068087172085842,0.0139527471803058,-0.0081548570610111,-0.0094020956499471,0.9998251945964485
16,6,106000000,6.106000000,14.0294348360910650,-7.5605491585062907,-0.1068087172085842,0.0139527471803058,-0.0081548570610111,-0.0094020956499471,0.9998251945964485
17,6,123000000,6.123000000,14.0294348360910650,-7.5605491585062907,-0.1068087172085842,0.0139527471803058,-0.0081548570610111,-0.0094020956499471,0.9998251945964485
18,6,140000000,6.140000000,14.0294348360910650,-7.5605491585062907,-0.1068087172085842,0.0139527471803058,-0.0081548570610111,-0.0094020956499471,0.9998251945964485
19,6,157000000,6.157000000,14.0294348360910650,-7.5605491585062907,-0.1068087172085842,0.0139527471803058,-0.0081548570610111,-0.0094020956499471,0.9998251945964485
20,6,174000000,6.174000000,14.0294348360910650,-7.5605491585062907,-0.1068087172085842,0.0139527471803058,-0.0081548570610111,-0.0094020956499471,0.9998251945964485
21,6,191000000,6.191000000,14.0294348360910650,-7.5605491585062907,-0.1068087172085842,0.0139527471803058,-0.0081548570610111,-0.0094020956499471,0.9998251945964485
22,6,208000000,6.208000000,14.0294348360910650,-7.5605491585062907,-0.1068087172085842,0.0139527471803058,-0.0081548570610111,-0.0094020956499471,0.9998251945964485
23,6,228000000,6.228000000,14.0294348360910650,-7.5605491585062907,-0.1068087172085842,0.0139527471803058,-0.0081548570610111,-0.0094020956499471,0.9998251945964485
24,6,233000000,6.233000000,14.0294348360910650,-7.5605491585062907,-0.1068087172085842,0.0139527471803058,-0.0081548570610111,-0.0094020956499471,0.9998251945964485
25,6,247000000,6.247000000,14.0294348360910650,-7.5605491585062907,-0.1068087172085842,0.0139527471803058,-0.0081548570610111,-0.0094020956499471,0.9998251945964485
26,6,264000000,6.264000000,14.0294348360910650,-7.5605491585062907,-0.1068087172085842,0.0139527471803058,-0.0081548570610111,-0.0094020956499471,0.9998251945964485
27,6,270000000,6.270000000,14.0294348360910650,-7.5605491585062907,-0.1068087172085842,0.0139527471803058,-0.0081548570610111,-0.0094020956499471,0.9998251945964485
28,6,291000000,6.291000000,14.0294348360910650,-7.5605491585062907,-0.1068087172085842,0.0139527471803058,-0.0081548570610111,-0.0094020956499471,0.9998251945964485
29,6,304000000,6.304000000,14.0294348360910650,-7.5605491585062907,-0.1068087172085842,0.0139527471803058,-0.0081548570610111,-0.0094020956499471,0.9998251945964485
30,6,321000000,6.321000000,14.0294348360910650,-7.5605491585062907,-0.1068087172085842,0.0139527471803058,-0.0081548570610111,-0.0094020956499471,0.9998251945964485
31,6,338000000,6.338000000,14.0294348360910650,-7.5605491585062907,-0.1068087172085842,0.0139527471803058,-0.0081548570610111,-0.0094020956499471,0.9998251945964485
32,6,356000000,6.356000000,14.0294348360910650,-7.5605491585062907,-0.1068087172085842,0.0139527471803058,-0.0081548570610111,-0.0094020956499471,0.9998251945964485
33,6,373000000,6.373000000,14.0294348360910650,-7.5605491585062907,-0.1068087172085842,0.0139527471803058,-0.0081548570610111,-0.0094020956499471,0.9998251945964485
34,6,392000000,6.392000000,14.0294348360910650,-7.5605491585062907,-0.1068087172085842,0.0139527471803058,-0.0081548570610111,-0.0094020956499471,0.9998251945964485
35,6,407000000,6.407000000,14.0294348360910650,-7.5605491585062907,-0.1068087172085842,0.0139527471803058,-0.0081548570610111,-0.0094020956499471,0.9998251945964485
36,6,424000000,6.424000000,14.0294348360910650,-7.5605491585062907,-0.1068087172085842,0.0139527471803058,-0.0081548570610111,-0.0094020956499471,0.9998251945964485
37,6,433000000,6.433000000,14.0294348360910650,-7.5605491585062907,-0.1068087172085842,0.0139527471803058,-0.0081548570610111,-0.0094020956499471,0.9998251945964485
38,6,444000000,6.444000000,14.0294348360910650,-7.5605491585062907,-0.1068087172085842,0.0139527471803058,-0.0081548570610111,-0.0094020956499471,0.9998251945964485
39,6,463000000,6.463000000,14.0294348360910650,-7.5605491585062907,-0.1068087172085842,0.0139527471803058,-0.0081548570610111,-0.0094020956499471,0.9998251945964485
40,6,482000000,6.482000000,14.0294348360910650,-7.5605491585062907,-0.1068087172085842,0.0139527471803058,-0.0081548570610111,-0.0094020956499471,0.9998251945964485
41,6,490000000,6.490000000,14.0294348360910650,-7.5605491585062907,-0.1068087172085842,0.0139527471803058,-0.0081548570610111,-0.0094020956499471,0.9998251945964485
42,6,502000000,6.502000000,14.0294348360910650,-7.5605491585062907,-0.1068087172085842,0.0139527471803058,-0.0081548570610111,-0.0094020956499471,0.9998251945964485
43,6,519000000,6.519000000,14.0294348360910650,-7.5605491585062907,-0.1068087172085842,0.0139527471803058,-0.0081548570610111,-0.0094020956499471,0.9998251945964485
44,6,536000000,6.536000000,14.0294348360910650,-7.5605491585062907,-0.1068087172085842,0.0139527471803058,-0.0081548570610111,-0.0094020956499471,0.9998251945964485
45,6,555000000,6.555000000,14.0294348360910650,-7.5605491585062907,-0.1068087172085842,0.0139527471803058,-0.0081548570610111,-0.0094020956499471,0.9998251945964485
46,6,570000000,6.570000000,14.0294348360910650,-7.5605491585062907,-0.1068087172085842,0.0139527471803058,-0.0081548570610111,-0.0094020956499471,0.9998251945964485
47,6,587000000,6.587000000,14.0294348360910650,-7.5605491585062907,-0.1068087172085842,0.0139527471803058,-0.0081548570610111,-0.0094020956499471,0.9998251945964485
48,6,604000000,6.604000000,14.0294348360910650,-7.5605491585062907,-0.1068087172085842,0.0139527471803058,-0.0081548570610111,-0.0094020956499471,0.9998251945964485
49,6,621000000,6.621000000,14.0294348360910650,-7.5605491585062907,-0.1068087172085842,0.0139527471803058,-0.0081548570610111,-0.0094020956499471,0.9998251945964485
50,6,638000000,6.638000000,14.0294348360910650,-7.5605491585062907,-0.1068087172085842,0.0139527471803058,-0.0081548570610111,-0.0094020956499471,0.9998251945964485
51,6,655000000,6.655000000,14.0294348360910650,-7.5605491585062907,-0.1068087172085842,0.0139527471803058,-0.0081548570610111,-0.0094020956499471,0.9998251945964485
52,6,672000000,6.672000000,14.0294348360910650,-7.5605491585062907,-0.1068087172085842,0.0139527471803058,-0.0081548570610111,-0.0094020956499471,0.9998251945964485
53,6,689000000,6.689000000,14.0294348360910650,-7.5605491585062907,-0.1068087172085842,0.0139527471803058,-0.0081548570610111,-0.0094020956499471,0.9998251945964485
54,6,706000000,6.706000000,14.0294348360910650,-7.5605491585062907,-0.1068087172085842,0.0139527471803058,-0.0081548570610111,-0.0094020956499471,0.9998251945964485
55,6,723000000,6.723000000,14.0294348360910650,-7.5605491585062907,-0.1068087172085842,0.0139527471803058,-0.0081548570610111,-0.0094020956499471,0.9998251945964485
56,6,745000000,6.745000000,14.0294348360910650,-7.5605491585062907,-0.1068087172085842,0.0139527471803058,-0.0081548570610111,-0.0094020956499471,0.9998251945964485
57,6,758000000,6.758000000,14.0294348360910650,-7.5605491585062907,-0.1068087172085842,0.0139527471803058,-0.0081548570610111,-0.0094020956499471,0.9998251945964485
58,6,782000000,6.782000000,14.0294348360910650,-7.5605491585062907,-0.1068087172085842,0.0139527471803058,-0.0081548570610111,-0.0094020956499471,0.9998251945964485
59,6,792000000,6.792000000,14.0294348360910650,-7.5605491585062907,-0.1068087172085842,0.0139527471803058,-0.0081548570610111,-0.0094020956499471,0.9998251945964485
60,6,816000000,6.816000000,14.0294348360910650,-7.5605491585062907,-0.1068087172085842,0.0139527471803058,-0.0081548570610111,-0.0094020956499471,0.9998251945964485
61,6,826000000,6.826000000,14.0294348360910650,-7.5605491585062907,-0.1068087172085842,0.0139527471803058,-0.0081548570610111,-0.0094020956499471,0.9998251945964485
62,6,846000000,6.846000000,14.0294348360910650,-7.5605491585062907,-0.1068087172085842,0.0139527471803058,-0.0081548570610111,-0.0094020956499471,0.9998251945964485
63,6,860000000,6.860000000,14.0294348360910650,-7.5605491585062907,-0.1068087172085842,0.0139527471803058,-0.0081548570610111,-0.0094020956499471,0.9998251945964485
64,6,880000000,6.880000000,14.0294348360910650,-7.5605491585062907,-0.1068087172085842,0.0139527471803058,-0.0081548570610111,-0.0094020956499471,0.9998251945964485
65,6,894000000,6.894000000,14.0294348360910650,-7.5605491585062907,-0.1068087172085842,0.0139527471803058,-0.0081548570610111,-0.0094020956499471,0.9998251945964485
66,6,912000000,6.912000000,14.0294348360910650,-7.5605491585062907,-0.1068087172085842,0.0139527471803058,-0.0081548570610111,-0.0094020956499471,0.9998251945964485
67,6,928000000,6.928000000,14.0294348360910650,-7.5605491585062907,-0.1068087172085842,0.0139527471803058,-0.0081548570610111,-0.0094020956499471,0.9998251945964485
68,6,946000000,6.946000000,14.0294348360910650,-7.5605491585062907,-0.1068087172085842,0.0139527471803058,-0.0081548570610111,-0.0094020956499471,0.9998251945964485
69,6,962000000,6.962000000,14.0294348360910650,-7.5605491585062907,-0.1068087172085842,0.0139527471803058,-0.0081548570610111,-0.0094020956499471,0.9998251945964485
70,6,984000000,6.984000000,14.0294348360910650,-7.5605491585062907,-0.1068087172085842,0.0139527471803058,-0.0081548570610111,-0.0094020956499471,0.9998251945964485
71,6,996000000,6.996000000,14.0294348360910650,-7.5605491585062907,-0.1068087172085842,0.0139527471803058,-0.0081548570610111,-0.0094020956499471,0.9998251945964485
72,7,13000000,7.013000000,14.0294348360910650,-7.5605491585062907,-0.1068087172085842,0.0139527471803058,-0.0081548570610111,-0.0094020956499471,0.9998251945964485
73,7,30000000,7.030000000,14.0294348360910650,-7.5605491585062907,-0.1068087172085842,0.0139527471803058,-0.0081548570610111,-0.0094020956499471,0.9998251945964485
74,7,57000000,7.057000000,14.0294348360910650,-7.5605491585062907,-0.1068087172085842,0.0139527471803058,-0.0081548570610111,-0.0094020956499471,0.9998251945964485
75,7,64000000,7.064000000,14.0294348360910650,-7.5605491585062907,-0.1068087172085842,0.0139527471803058,-0.0081548570610111,-0.0094020956499471,0.9998251945964485
76,7,86000000,7.086000000,14.0294348360910650,-7.5605491585062907,-0.1068087172085842,0.0139527471803058,-0.0081548570610111,-0.0094020956499471,0.9998251945964485
77,7,95000000,7.095000000,14.0294348360910650,-7.5605491585062907,-0.1068087172085842,0.0139527471803058,-0.0081548570610111,-0.0094020956499471,0.9998251945964485
78,7,116000000,7.116000000,14.0294348360910650,-7.5605491585062907,-0.1068087172085842,0.0139527471803058,-0.0081548570610111,-0.0094020956499471,0.9998251945964485
79,7,130000000,7.130000000,14.0294348360910650,-7.5605491585062907,-0.1068087172085842,0.0139527471803058,-0.0081548570610111,-0.0094020956499471,0.9998251945964485
80,7,147000000,7.147000000,14.0294348360910650,-7.5605491585062907,-0.1068087172085842,0.0139527471803058,-0.0081548570610111,-0.0094020956499471,0.9998251945964485
81,7,165000000,7.165000000,14.0294348360910650,-7.5605491585062907,-0.1068087172085842,0.0139527471803058,-0.0081548570610111,-0.0094020956499471,0.9998251945964485
82,7,189000000,7.189000000,14.0294348360910650,-7.5605491585062907,-0.1068087172085842,0.0139527471803058,-0.0081548570610111,-0.0094020956499471,0.9998251945964485
83,7,199000000,7.199000000,14.0294348360910650,-7.5605491585062907,-0.1068087172085842,0.0139527471803058,-0.0081548570610111,-0.0094020956499471,0.9998251945964485
84,7,216000000,7.216000000,14.0294348360910650,-7.5605491585062907,-0.1068087172085842,0.0139527471803058,-0.0081548570610111,-0.0094020956499471,0.9998251945964485
85,7,230000000,7.230000000,14.0294348360910650,-7.5605491585062907,-0.1068087172085842,0.0139527471803058,-0.0081548570610111,-0.0094020956499471,0.9998251945964485
86,7,249000000,7.249000000,14.0294348360910650,-7.5605491585062907,-0.1068087172085842,0.0139527471803058,-0.0081548570610111,-0.0094020956499471,0.9998251945964485
87,7,264000000,7.264000000,14.0294348360910650,-7.5605491585062907,-0.1068087172085842,0.0139527471803058,-0.0081548570610111,-0.0094020956499471,0.9998251945964485
88,7,284000000,7.284000000,14.0294348360910650,-7.5605491585062907,-0.1068087172085842,0.0139527471803058,-0.0081548570610111,-0.0094020956499471,0.9998251945964485
89,7,297000000,7.297000000,14.0294348360910650,-7.5605491585062907,-0.1068087172085842,0.0139527471803058,-0.0081548570610111,-0.0094020956499471,0.9998251945964485
90,7,316000000,7.316000000,14.0294348360910650,-7.5605491585062907,-0.1068087172085842,0.0139527471803058,-0.0081548570610111,-0.0094020956499471,0.9998251945964485
91,7,331000000,7.331000000,14.0294348360910650,-7.5605491585062907,-0.1068087172085842,0.0139527471803058,-0.0081548570610111,-0.0094020956499471,0.9998251945964485
92,7,348000000,7.348000000,14.0294348360910650,-7.5605491585062907,-0.1068087172085842,0.0139527471803058,-0.0081548570610111,-0.0094020956499471,0.9998251945964485
93,7,365000000,7.365000000,14.0294348360910650,-7.5605491585062907,-0.1068087172085842,0.0139527471803058,-0.0081548570610111,-0.0094020956499471,0.9998251945964485
94,7,384000000,7.384000000,14.0294348360910650,-7.5605491585062907,-0.1068087172085842,0.0139527471803058,-0.0081548570610111,-0.0094020956499471,0.9998251945964485
95,7,400000000,7.400000000,14.0294348360910650,-7.5605491585062907,-0.1068087172085842,0.0139527471803058,-0.0081548570610111,-0.0094020956499471,0.9998251945964485
96,7,417000000,7.417000000,14.0294348360910650,-7.5605491585062907,-0.1068087172085842,0.0139527471803058,-0.0081548570610111,-0.0094020956499471,0.9998251945964485
97,7,440000000,7.440000000,14.0294348360910650,-7.5605491585062907,-0.1068087172085842,0.0139527471803058,-0.0081548570610111,-0.0094020956499471,0.9998251945964485
98,7,451000000,7.451000000,14.0294348360910650,-7.5605491585062907,-0.1068087172085842,0.0139527471803058,-0.0081548570610111,-0.0094020956499471,0.9998251945964485
99,7,468000000,7.468000000,14.0294348360910650,-7.5605491585062907,-0.1068087172085842,0.0139527471803058,-0.0081548570610111,-0.0094020956499471,0.9998251945964485
100,7,483000000,7.483000000,14.0294348360910650,-7.5605491585062907,-0.1068087172085842,0.0139527471803058,-0.0081548570610111,-0.0094020956499471,0.9998251945964485
101,7,497000000,7.497000000,14.0294348360910650,-7.5605491585062907,-0.1068087172085842,0.0139527471803058,-0.0081548570610111,-0.0094020956499471,0.9998251945964485
102,7,518000000,7.518000000,14.0294348360910650,-7.5605491585062907,-0.1068087172085842,0.0139527471803058,-0.0081548570610111,-0.0094020956499471,0.9998251945964485
103,7,529000000,7.529000000,14.0294348360910650,-7.5605491585062907,-0.1068087172085842,0.0139527471803058,-0.0081548570610111,-0.0094020956499471,0.9998251945964485
104,7,545000000,7.545000000,14.0294348360910650,-7.5605491585062907,-0.1068087172085842,0.0139527471803058,-0.0081548570610111,-0.0094020956499471,0.9998251945964485
105,7,552000000,7.552000000,14.0294348360910650,-7.5605491585062907,-0.1068087172085842,0.0139527471803058,-0.0081548570610111,-0.0094020956499471,0.9998251945964485
106,7,560000000,7.560000000,14.0294348360910650,-7.5605491585062907,-0.1068087172085842,0.0139527471803058,-0.0081548570610111,-0.0094020956499471,0.9998251945964485
107,7,574000000,7.574000000,14.0294348360910650,-7.5605491585062907,-0.1068087172085842,0.0139527471803058,-0.0081548570610111,-0.0094020956499471,0.9998251945964485
108,7,582000000,7.582000000,14.0294348360910650,-7.5605491585062907,-0.1068087172085842,0.0139527471803058,-0.0081548570610111,-0.0094020956499471,0.9998251945964485
109,7,598000000,7.598000000,14.0294348360910650,-7.5605491585062907,-0.1068087172085842,0.0139527471803058,-0.0081548570610111,-0.0094020956499471,0.9998251945964485
110,7,619000000,7.619000000,14.0294348360910650,-7.5605491585062907,-0.1068087172085842,0.0139527471803058,-0.0081548570610111,-0.0094020956499471,0.9998251945964485
111,7,640000000,7.640000000,14.0294348360910650,-7.5605491585062907,-0.1068087172085842,0.0139527471803058,-0.0081548570610111,-0.0094020956499471,0.9998251945964485
112,7,650000000,7.650000000,14.0294348360910650,-7.5605491585062907,-0.1068087172085842,0.0139527471803058,-0.0081548570610111,-0.0094020956499471,0.9998251945964485
113,7,672000000,7.672000000,14.0294348360910650,-7.5605491585062907,-0.1068087172085842,0.0139527471803058,-0.0081548570610111,-0.0094020956499471,0.9998251945964485
114,7,684000000,7.684000000,14.0294348360910650,-7.5605491585062907,-0.1068087172085842,0.0139527471803058,-0.0081548570610111,-0.0094020956499471,0.9998251945964485
115,7,701000000,7.701000000,14.0294348360910650,-7.5605491585062907,-0.1068087172085842,0.0139527471803058,-0.0081548570610111,-0.0094020956499471,0.9998251945964485
116,7,716000000,7.716000000,14.0294348360910650,-7.5605491585062907,-0.1068087172085842,0.0139527471803058,-0.0081548570610111,-0.0094020956499471,0.9998251945964485
117,7,738000000,7.738000000,14.0294348360910650,-7.5605491585062907,-0.1068087172085842,0.0139527471803058,-0.0081548570610111,-0.0094020956499471,0.9998251945964485
118,7,751000000,7.751000000,14.0294348360910650,-7.5605491585062907,-0.1068087172085842,0.0139527471803058,-0.0081548570610111,-0.0094020956499471,0.9998251945964485
119,7,771000000,7.771000000,14.0294348360910650,-7.5605491585062907,-0.1068087172085842,0.0139527471803058,-0.0081548570610111,-0.0094020956499471,0.9998251945964485
120,7,784000000,7.784000000,14.0294348360910650,-7.5605491585062907,-0.1068087172085842,0.0139527471803058,-0.0081548570610111,-0.0094020956499471,0.9998251945964485
121,7,801000000,7.801000000,14.0294348360910650,-7.5605491585062907,-0.1068087172085842,0.0139527471803058,-0.0081548570610111,-0.0094020956499471,0.9998251945964485
122,7,818000000,7.818000000,14.0294348360910650,-7.5605491585062907,-0.1068087172085842,0.0139527471803058,-0.0081548570610111,-0.0094020956499471,0.9998251945964485
123,7,829000000,7.829000000,14.0294348360910650,-7.5605491585062907,-0.1068087172085842,0.0139527471803058,-0.0081548570610111,-0.0094020956499471,0.9998251945964485
124,7,853000000,7.853000000,14.0294348360910650,-7.5605491585062907,-0.1068087172085842,0.0139527471803058,-0.0081548570610111,-0.0094020956499471,0.9998251945964485
125,7,858000000,7.858000000,14.0294348360910650,-7.5605491585062907,-0.1068087172085842,0.0139527471803058,-0.0081548570610111,-0.0094020956499471,0.9998251945964485
126,7,877000000,7.877000000,14.0294348360910650,-7.5605491585062907,-0.1068087172085842,0.0139527471803058,-0.0081548570610111,-0.0094020956499471,0.9998251945964485
127,7,885000000,7.885000000,14.0294348360910650,-7.5605491585062907,-0.1068087172085842,0.0139527471803058,-0.0081548570610111,-0.0094020956499471,0.9998251945964485
128,7,907000000,7.907000000,14.0294348360910650,-7.5605491585062907,-0.1068087172085842,0.0139527471803058,-0.0081548570610111,-0.0094020956499471,0.9998251945964485
129,7,917000000,7.917000000,14.0294348360910650,-7.5605491585062907,-0.1068087172085842,0.0139527471803058,-0.0081548570610111,-0.0094020956499471,0.9998251945964485
130,7,933000000,7.933000000,14.0294348360910650,-7.5605491585062907,-0.1068087172085842,0.0139527471803058,-0.0081548570610111,-0.0094020956499471,0.9998251945964485
131,7,950000000,7.950000000,14.0294348360910650,-7.5605491585062907,-0.1068087172085842,0.0139527471803058,-0.0081548570610111,-0.0094020956499471,0.9998251945964485
132,7,972000000,7.972000000,14.0294348360910650,-7.5605491585062907,-0.1068087172085842,0.0139527471803058,-0.0081548570610111,-0.0094020956499471,0.9998251945964485
133,7,983000000,7.983000000,14.0294348360910650,-7.5605491585062907,-0.1068087172085842,0.0139527471803058,-0.0081548570610111,-0.0094020956499471,0.9998251945964485
134,8,3000000,8.003000000,14.0294348360910650,-7.5605491585062907,-0.1068087172085842,0.0139527471803058,-0.0081548570610111,-0.0094020956499471,0.9998251945964485
135,8,13000000,8.013000000,14.0294348360910650,-7.5605491585062907,-0.1068087172085842,0.0139527471803058,-0.0081548570610111,-0.0094020956499471,0.9998251945964485
136,8,34000000,8.034000000,14.0294348360910650,-7.5605491585062907,-0.1068087172085842,0.0139527471803058,-0.0081548570610111,-0.0094020956499471,0.9998251945964485
137,8,47000000,8.047000000,14.0294348360910650,-7.5605491585062907,-0.1068087172085842,0.0139527471803058,-0.0081548570610111,-0.0094020956499471,0.9998251945964485
138,8,69000000,8.069000000,14.0294348360910650,-7.5605491585062907,-0.1068087172085842,0.0139527471803058,-0.0081548570610111,-0.0094020956499471,0.9998251945964485
139,8,80000000,8.080000000,14.0294348360910650,-7.5605491585062907,-0.1068087172085842,0.0139527471803058,-0.0081548570610111,-0.0094020956499471,0.9998251945964485
140,8,103000000,8.103000000,14.0294348360910650,-7.5605491585062907,-0.1068087172085842,0.0139527471803058,-0.0081548570610111,-0.0094020956499471,0.9998251945964485
141,8,112000000,8.112000000,14.0294348360910650,-7.5605491585062907,-0.1068087172085842,0.0139527471803058,-0.0081548570610111,-0.0094020956499471,0.9998251945964485
142,8,129000000,8.129000000,14.0294348360910650,-7.5605491585062907,-0.1068087172085842,0.0139527471803058,-0.0081548570610111,-0.0094020956499471,0.9998251945964485
143,8,146000000,8.146000000,14.0294348360910650,-7.5605491585062907,-0.1068087172085842,0.0139527471803058,-0.0081548570610111,-0.0094020956499471,0.9998251945964485
144,8,163000000,8.163000000,14.0294348360910650,-7.5605491585062907,-0.1068087172085842,0.0139527471803058,-0.0081548570610111,-0.0094020956499471,0.9998251945964485
145,8,180000000,8.180000000,14.0294348360910650,-7.5605491585062907,-0.1068087172085842,0.0139527471803058,-0.0081548570610111,-0.0094020956499471,0.9998251945964485
146,8,206000000,8.206000000,14.0294348360910650,-7.5605491585062907,-0.1068087172085842,0.0139527471803058,-0.0081548570610111,-0.0094020956499471,0.9998251945964485
147,8,214000000,8.214000000,14.0294348360910650,-7.5605491585062907,-0.1068087172085842,0.0139527471803058,-0.0081548570610111,-0.0094020956499471,0.9998251945964485
148,8,239000000,8.239000000,14.0294348360910650,-7.5605491585062907,-0.1068087172085842,0.0139527471803058,-0.0081548570610111,-0.0094020956499471,0.9998251945964485
149,8,248000000,8.248000000,14.0294348360910650,-7.5605491585062907,-0.1068087172085842,0.0139527471803058,-0.0081548570610111,-0.0094020956499471,0.9998251945964485
150,8,270000000,8.270000000,14.0294348360910650,-7.5605491585062907,-0.1068087172085842,0.0139527471803058,-0.0081548570610111,-0.0094020956499471,0.9998251945964485
151,8,281000000,8.281000000,14.0294348360910650,-7.5605491585062907,-0.1068087172085842,0.0139527471803058,-0.0081548570610111,-0.0094020956499471,0.9998251945964485
152,8,302000000,8.302000000,14.0294348360910650,-7.5605491585062907,-0.1068087172085842,0.0139527471803058,-0.0081548570610111,-0.0094020956499471,0.9998251945964485
153,8,315000000,8.315000000,14.0294348360910650,-7.5605491585062907,-0.1068087172085842,0.0139527471803058,-0.0081548570610111,-0.0094020956499471,0.9998251945964485
154,8,335000000,8.335000000,14.0294348360910650,-7.5605491585062907,-0.1068087172085842,0.0139527471803058,-0.0081548570610111,-0.0094020956499471,0.9998251945964485
155,8,348000000,8.348000000,14.0294348360910650,-7.5605491585062907,-0.1068087172085842,0.0139527471803058,-0.0081548570610111,-0.0094020956499471,0.9998251945964485
156,8,371000000,8.371000000,14.0294348360910650,-7.5605491585062907,-0.1068087172085842,0.0139527471803058,-0.0081548570610111,-0.0094020956499471,0.9998251945964485
157,8,382000000,8.382000000,14.0294348360910650,-7.5605491585062907,-0.1068087172085842,0.0139527471803058,-0.0081548570610111,-0.0094020956499471,0.9998251945964485
158,8,402000000,8.402000000,14.0294348360910650,-7.5605491585062907,-0.1068087172085842,0.0139527471803058,-0.0081548570610111,-0.0094020956499471,0.9998251945964485
159,8,415000000,8.415000000,14.0294348360910650,-7.5605491585062907,-0.1068087172085842,0.0139527471803058,-0.0081548570610111,-0.0094020956499471,0.9998251945964485
160,8,439000000,8.439000000,14.0294348360910650,-7.5605491585062907,-0.1068087172085842,0.0139527471803058,-0.0081548570610111,-0.0094020956499471,0.9998251945964485
161,8,450000000,8.450000000,14.0294348360910650,-7.5605491585062907,-0.1068087172085842,0.0139527471803058,-0.0081548570610111,-0.0094020956499471,0.9998251945964485
162,8,470000000,8.470000000,14.0294348360910650,-7.5605491585062907,-0.1068087172085842,0.0139527471803058,-0.0081548570610111,-0.0094020956499471,0.9998251945964485
163,8,484000000,8.484000000,14.0294348360910650,-7.5605491585062907,-0.1068087172085842,0.0139527471803058,-0.0081548570610111,-0.0094020956499471,0.9998251945964485
164,8,501000000,8.501000000,14.0294348360910650,-7.5605491585062907,-0.1068087172085842,0.0139527471803058,-0.0081548570610111,-0.0094020956499471,0.9998251945964485
165,8,516000000,8.516000000,14.0294348360910650,-7.5605491585062907,-0.1068087172085842,0.0139527471803058,-0.0081548570610111,-0.0094020956499471,0.9998251945964485
166,8,534000000,8.534000000,14.0294348360910650,-7.5605491585062907,-0.1068087172085842,0.0139527471803058,-0.0081548570610111,-0.0094020956499471,0.9998251945964485
167,8,551000000,8.551000000,14.0294348360910650,-7.5605491585062907,-0.1068087172085842,0.0139527471803058,-0.0081548570610111,-0.0094020956499471,0.9998251945964485
168,8,571000000,8.571000000,14.0294348360910650,-7.5605491585062907,-0.1068087172085842,0.0139527471803058,-0.0081548570610111,-0.0094020956499471,0.9998251945964485
169,8,585000000,8.585000000,14.0294348360910650,-7.5605491585062907,-0.1068087172085842,0.0139527471803058,-0.0081548570610111,-0.0094020956499471,0.9998251945964485
170,8,604000000,8.604000000,14.0294348360910650,-7.5605491585062907,-0.1068087172085842,0.0139527471803058,-0.0081548570610111,-0.0094020956499471,0.9998251945964485
171,8,618000000,8.618000000,14.0294348360910650,-7.5605491585062907,-0.1068087172085842,0.0139527471803058,-0.0081548570610111,-0.0094020956499471,0.9998251945964485
172,8,634000000,8.634000000,14.0294348360910650,-7.5605491585062907,-0.1068087172085842,0.0139527471803058,-0.0081548570610111,-0.0094020956499471,0.9998251945964485
173,8,650000000,8.650000000,14.0294348360910650,-7.5605491585062907,-0.1068087172085842,0.0139527471803058,-0.0081548570610111,-0.0094020956499471,0.9998251945964485
174,8,669000000,8.669000000,14.0294348360910650,-7.5605491585062907,-0.1068087172085842,0.0139527471803058,-0.0081548570610111,-0.0094020956499471,0.9998251945964485
175,8,684000000,8.684000000,14.0294348360910650,-7.5605491585062907,-0.1068087172085842,0.0139527471803058,-0.0081548570610111,-0.0094020956499471,0.9998251945964485
176,8,701000000,8.701000000,14.0294348360910650,-7.5605491585062907,-0.1068087172085842,0.0139527471803058,-0.0081548570610111,-0.0094020956499471,0.9998251945964485
177,8,718000000,8.718000000,14.0294348360910650,-7.5605491585062907,-0.1068087172085842,0.0139527471803058,-0.0081548570610111,-0.0094020956499471,0.9998251945964485
178,8,735000000,8.735000000,14.0294348360910650,-7.5605491585062907,-0.1068087172085842,0.0139527471803058,-0.0081548570610111,-0.0094020956499471,0.9998251945964485
179,8,752000000,8.752000000,14.0294348360910650,-7.5605491585062907,-0.1068087172085842,0.0139527471803058,-0.0081548570610111,-0.0094020956499471,0.9998251945964485
180,8,769000000,8.769000000,14.0294348360910650,-7.5605491585062907,-0.1068087172085842,0.0139527471803058,-0.0081548570610111,-0.0094020956499471,0.9998251945964485
181,8,786000000,8.786000000,14.0294348360910650,-7.5605491585062907,-0.1068087172085842,0.0139527471803058,-0.0081548570610111,-0.0094020956499471,0.9998251945964485
182,8,803000000,8.803000000,14.0294348360910650,-7.5605491585062907,-0.1068087172085842,0.0139527471803058,-0.0081548570610111,-0.0094020956499471,0.9998251945964485
183,8,826000000,8.826000000,14.0294348360910650,-7.5605491585062907,-0.1068087172085842,0.0139527471803058,-0.0081548570610111,-0.0094020956499471,0.9998251945964485
184,8,838000000,8.838000000,14.0294348360910650,-7.5605491585062907,-0.1068087172085842,0.0139527471803058,-0.0081548570610111,-0.0094020956499471,0.9998251945964485
185,8,853000000,8.853000000,14.0294348360910650,-7.5605491585062907,-0.1068087172085842,0.0139527471803058,-0.0081548570610111,-0.0094020956499471,0.9998251945964485
186,8,871000000,8.871000000,14.0294348360910650,-7.5605491585062907,-0.1068087172085842,0.0139527471803058,-0.0081548570610111,-0.0094020956499471,0.9998251945964485
187,8,887000000,8.887000000,14.0294348360910650,-7.5605491585062907,-0.1068087172085842,0.0139527471803058,-0.0081548570610111,-0.0094020956499471,0.9998251945964485
188,8,904000000,8.904000000,14.0294348360910650,-7.5605491585062907,-0.1068087172085842,0.0139527471803058,-0.0081548570610111,-0.0094020956499471,0.9998251945964485
189,8,920000000,8.920000000,14.0294348360910650,-7.5605491585062907,-0.1068087172085842,0.0139527471803058,-0.0081548570610111,-0.0094020956499471,0.9998251945964485
190,8,937000000,8.937000000,14.0294348360910650,-7.5605491585062907,-0.1068087172085842,0.0139527471803058,-0.0081548570610111,-0.0094020956499471,0.9998251945964485
191,8,952000000,8.952000000,14.0294348360910650,-7.5605491585062907,-0.1068087172085842,0.0139527471803058,-0.0081548570610111,-0.0094020956499471,0.9998251945964485
192,8,968000000,8.968000000,14.0294348360910650,-7.5605491585062907,-0.1068087172085842,0.0139527471803058,-0.0081548570610111,-0.0094020956499471,0.9998251945964485
193,8,994000000,8.994000000,14.0294348360910650,-7.5605491585062907,-0.1068087172085842,0.0139527471803058,-0.0081548570610111,-0.0094020956499471,0.9998251945964485
194,9,1000000,9.001000000,14.0294348360910650,-7.5605491585062907,-0.1068087172085842,0.0139527471803058,-0.0081548570610111,-0.0094020956499471,0.9998251945964485
195,9,18000000,9.018000000,14.0294348360910650,-7.5605491585062907,-0.1068087172085842,0.0139527471803058,-0.0081548570610111,-0.0094020956499471,0.9998251945964485
196,9,33000000,9.033000000,14.0294348360910650,-7.5605491585062907,-0.1068087172085842,0.0139527471803058,-0.0081548570610111,-0.0094020956499471,0.9998251945964485
197,9,48000000,9.048000000,14.0294348360910650,-7.5605491585062907,-0.1068087172085842,0.0139527471803058,-0.0081548570610111,-0.0094020956499471,0.9998251945964485
198,9,66000000,9.066000000,14.0294348360910650,-7.5605491585062907,-0.1068087172085842,0.0139527471803058,-0.0081548570610111,-0.0094020956499471,0.9998251945964485
199,9,79000000,9.079000000,14.0294348360910650,-7.5605491585062907,-0.1068087172085842,0.0139527471803058,-0.0081548570610111,-0.0094020956499471,0.9998251945964485
200,9,102000000,9.102000000,14.0294348360910650,-7.5605491585062907,-0.1068087172085842,0.0139527471803058,-0.0081548570610111,-0.0094020956499471,0.9998251945964485
201,9,112000000,9.112000000,14.0294348360910650,-7.5605491585062907,-0.1068087172085842,0.0139527471803058,-0.0081548570610111,-0.0094020956499471,0.9998251945964485
202,9,134000000,9.134000000,14.0294348360910650,-7.5605491585062907,-0.1068087172085842,0.0139527471803058,-0.0081548570610111,-0.0094020956499471,0.9998251945964485
203,9,146000000,9.146000000,14.0294348360910650,-7.5605491585062907,-0.1068087172085842,0.0139527471803058,-0.0081548570610111,-0.0094020956499471,0.9998251945964485
204,9,162000000,9.162000000,14.0294348360910650,-7.5605491585062907,-0.1068087172085842,0.0139527471803058,-0.0081548570610111,-0.0094020956499471,0.9998251945964485
205,9,177000000,9.177000000,14.0294348360910650,-7.5605491585062907,-0.1068087172085842,0.0139527471803058,-0.0081548570610111,-0.0094020956499471,0.9998251945964485
206,9,195000000,9.195000000,14.0294348360910650,-7.5605491585062907,-0.1068087172085842,0.0139527471803058,-0.0081548570610111,-0.0094020956499471,0.9998251945964485
207,9,212000000,9.212000000,14.0294348360910650,-7.5605491585062907,-0.1068087172085842,0.0139527471803058,-0.0081548570610111,-0.0094020956499471,0.9998251945964485
208,9,230000000,9.230000000,14.0294348360910650,-7.5605491585062907,-0.1068087172085842,0.0139527471803058,-0.0081548570610111,-0.0094020956499471,0.9998251945964485
209,9,246000000,9.246000000,14.0294348360910650,-7.5605491585062907,-0.1068087172085842,0.0139527471803058,-0.0081548570610111,-0.0094020956499471,0.9998251945964485
210,9,263000000,9.263000000,14.0294348360910650,-7.5605491585062907,-0.1068087172085842,0.0139527471803058,-0.0081548570610111,-0.0094020956499471,0.9998251945964485
211,9,277000000,9.277000000,14.0294348360910650,-7.5605491585062907,-0.1068087172085842,0.0139527471803058,-0.0081548570610111,-0.0094020956499471,0.9998251945964485
212,9,300000000,9.300000000,14.0294348360910650,-7.5605491585062907,-0.1068087172085842,0.0139527471803058,-0.0081548570610111,-0.0094020956499471,0.9998251945964485
213,9,309000000,9.309000000,14.0294348360910650,-7.5605491585062907,-0.1068087172085842,0.0139527471803058,-0.0081548570610111,-0.0094020956499471,0.9998251945964485
214,9,333000000,9.333000000,14.0294348360910650,-7.5605491585062907,-0.1068087172085842,0.0139527471803058,-0.0081548570610111,-0.0094020956499471,0.9998251945964485
215,9,337000000,9.337000000,14.0294348360910650,-7.5605491585062907,-0.1068087172085842,0.0139527471803058,-0.0081548570610111,-0.0094020956499471,0.9998251945964485
216,9,365000000,9.365000000,14.0294348360910650,-7.5605491585062907,-0.1068087172085842,0.0139527471803058,-0.0081548570610111,-0.0094020956499471,0.9998251945964485
217,9,370000000,9.370000000,14.0294348360910650,-7.5605491585062907,-0.1068087172085842,0.0139527471803058,-0.0081548570610111,-0.0094020956499471,0.9998251945964485
218,9,392000000,9.392000000,14.0294348360910650,-7.5605491585062907,-0.1068087172085842,0.0139527471803058,-0.0081548570610111,-0.0094020956499471,0.9998251945964485
219,9,403000000,9.403000000,14.0294348360910650,-7.5605491585062907,-0.1068087172085842,0.0139527471803058,-0.0081548570610111,-0.0094020956499471,0.9998251945964485
220,9,425000000,9.425000000,14.0294348360910650,-7.5605491585062907,-0.1068087172085842,0.0139527471803058,-0.0081548570610111,-0.0094020956499471,0.9998251945964485
221,9,436000000,9.436000000,14.0294348360910650,-7.5605491585062907,-0.1068087172085842,0.0139527471803058,-0.0081548570610111,-0.0094020956499471,0.9998251945964485
222,9,457000000,9.457000000,14.0294348360910650,-7.5605491585062907,-0.1068087172085842,0.0139527471803058,-0.0081548570610111,-0.0094020956499471,0.9998251945964485
223,9,467000000,9.467000000,14.0294348360910650,-7.5605491585062907,-0.1068087172085842,0.0139527471803058,-0.0081548570610111,-0.0094020956499471,0.9998251945964485
224,9,483000000,9.483000000,14.0294348360910650,-7.5605491585062907,-0.1068087172085842,0.0139527471803058,-0.0081548570610111,-0.0094020956499471,0.9998251945964485
225,9,500000000,9.500000000,14.0294348360910650,-7.5605491585062907,-0.1068087172085842,0.0139527471803058,-0.0081548570610111,-0.0094020956499471,0.9998251945964485
226,9,526000000,9.526000000,14.0294348360910650,-7.5605491585062907,-0.1068087172085842,0.0139527471803058,-0.0081548570610111,-0.0094020956499471,0.9998251945964485
227,9,533000000,9.533000000,14.0294348360910650,-7.5605491585062907,-0.1068087172085842,0.0139527471803058,-0.0081548570610111,-0.0094020956499471,0.9998251945964485
228,9,552000000,9.552000000,14.0294348360910650,-7.5605491585062907,-0.1068087172085842,0.0139527471803058,-0.0081548570610111,-0.0094020956499471,0.9998251945964485
229,9,567000000,9.567000000,14.0294348360910650,-7.5605491585062907,-0.1068087172085842,0.0139527471803058,-0.0081548570610111,-0.0094020956499471,0.9998251945964485
230,9,584000000,9.584000000,14.0294348360910650,-7.5605491585062907,-0.1068087172085842,0.0139527471803058,-0.0081548570610111,-0.0094020956499471,0.9998251945964485
231,9,601000000,9.601000000,14.0294348360910650,-7.5605491585062907,-0.1068087172085842,0.0139527471803058,-0.0081548570610111,-0.0094020956499471,0.9998251945964485
232,9,615000000,9.615000000,14.0294348360910650,-7.5605491585062907,-0.1068087172085842,0.0139527471803058,-0.0081548570610111,-0.0094020956499471,0.9998251945964485
233,9,633000000,9.633000000,14.0294348360910650,-7.5605491585062907,-0.1068087172085842,0.0139527471803058,-0.0081548570610111,-0.0094020956499471,0.9998251945964485
234,9,648000000,9.648000000,14.0294348360910650,-7.5605491585062907,-0.1068087172085842,0.0139527471803058,-0.0081548570610111,-0.0094020956499471,0.9998251945964485
235,9,664000000,9.664000000,14.0294348360910650,-7.5605491585062907,-0.1068087172085842,0.0139527471803058,-0.0081548570610111,-0.0094020956499471,0.9998251945964485
236,9,690000000,9.690000000,14.0294348360910650,-7.5605491585062907,-0.1068087172085842,0.0139527471803058,-0.0081548570610111,-0.0094020956499471,0.9998251945964485
237,9,699000000,9.699000000,14.0294348360910650,-7.5605491585062907,-0.1068087172085842,0.0139527471803058,-0.0081548570610111,-0.0094020956499471,0.9998251945964485
238,9,715000000,9.715000000,14.0294348360910650,-7.5605491585062907,-0.1068087172085842,0.0139527471803058,-0.0081548570610111,-0.0094020956499471,0.9998251945964485
239,9,733000000,9.733000000,14.0294348360910650,-7.5605491585062907,-0.1068087172085842,0.0139527471803058,-0.0081548570610111,-0.0094020956499471,0.9998251945964485
240,9,761000000,9.761000000,14.0294348360910650,-7.5605491585062907,-0.1068087172085842,0.0139527471803058,-0.0081548570610111,-0.0094020956499471,0.9998251945964485
241,9,762000000,9.762000000,14.0294348360910650,-7.5605491585062907,-0.1068087172085842,0.0139527471803058,-0.0081548570610111,-0.0094020956499471,0.9998251945964485
242,9,765000000,9.765000000,14.0294348360910650,-7.5605491585062907,-0.1068087172085842,0.0139527471803058,-0.0081548570610111,-0.0094020956499471,0.9998251945964485
243,9,776000000,9.776000000,14.0294348360910650,-7.5605491585062907,-0.1068087172085842,0.0139527471803058,-0.0081548570610111,-0.0094020956499471,0.9998251945964485
244,9,796000000,9.796000000,14.0294348360910650,-7.5605491585062907,-0.1068087172085842,0.0139527471803058,-0.0081548570610111,-0.0094020956499471,0.9998251945964485
245,9,802000000,9.802000000,14.0294348360910650,-7.5605491585062907,-0.1068087172085842,0.0139527471803058,-0.0081548570610111,-0.0094020956499471,0.9998251945964485
246,9,824000000,9.824000000,14.0294348360910650,-7.5605491585062907,-0.1068087172085842,0.0139527471803058,-0.0081548570610111,-0.0094020956499471,0.9998251945964485
247,9,835000000,9.835000000,14.0294348360910650,-7.5605491585062907,-0.1068087172085842,0.0139527471803058,-0.0081548570610111,-0.0094020956499471,0.9998251945964485
248,9,859000000,9.859000000,14.0294348360910650,-7.5605491585062907,-0.1068087172085842,0.0139527471803058,-0.0081548570610111,-0.0094020956499471,0.9998251945964485
249,9,866000000,9.866000000,14.0294348360910650,-7.5605491585062907,-0.1068087172085842,0.0139527471803058,-0.0081548570610111,-0.0094020956499471,0.9998251945964485
250,9,883000000,9.883000000,14.0294348360910650,-7.5605491585062907,-0.1068087172085842,0.0139527471803058,-0.0081548570610111,-0.0094020956499471,0.9998251945964485
251,9,900000000,9.900000000,14.0294348360910650,-7.5605491585062907,-0.1068087172085842,0.0139527471803058,-0.0081548570610111,-0.0094020956499471,0.9998251945964485
252,9,920000000,9.920000000,14.0294348360910650,-7.5605491585062907,-0.1068087172085842,0.0139527471803058,-0.0081548570610111,-0.0094020956499471,0.9998251945964485
253,9,932000000,9.932000000,14.0294348360910650,-7.5605491585062907,-0.1068087172085842,0.0139527471803058,-0.0081548570610111,-0.0094020956499471,0.9998251945964485
254,9,949000000,9.949000000,14.0294348360910650,-7.5605491585062907,-0.1068087172085842,0.0139527471803058,-0.0081548570610111,-0.0094020956499471,0.9998251945964485
255,9,965000000,9.965000000,14.0294348360910650,-7.5605491585062907,-0.1068087172085842,0.0139527471803058,-0.0081548570610111,-0.0094020956499471,0.9998251945964485
256,9,986000000,9.986000000,14.0294348360910650,-7.5605491585062907,-0.1068087172085842,0.0139527471803058,-0.0081548570610111,-0.0094020956499471,0.9998251945964485
257,9,999000000,9.999000000,14.0294348360910650,-7.5605491585062907,-0.1068087172085842,0.0139527471803058,-0.0081548570610111,-0.0094020956499471,0.9998251945964485
258,10,17000000,10.017000000,14.0294348360910650,-7.5605491585062907,-0.1068087172085842,0.0139527471803058,-0.0081548570610111,-0.0094020956499471,0.9998251945964485
259,10,32000000,10.032000000,14.0294348360910650,-7.5605491585062907,-0.1068087172085842,0.0139527471803058,-0.0081548570610111,-0.0094020956499471,0.9998251945964485
260,10,53000000,10.053000000,14.0294348360910650,-7.5605491585062907,-0.1068087172085842,0.0139527471803058,-0.0081548570610111,-0.0094020956499471,0.9998251945964485
261,10,63000000,10.063000000,14.0294348360910650,-7.5605491585062907,-0.1068087172085842,0.0139527471803058,-0.0081548570610111,-0.0094020956499471,0.9998251945964485
262,10,88000000,10.088000000,14.0294348360910650,-7.5605491585062907,-0.1068087172085842,0.0139527471803058,-0.0081548570610111,-0.0094020956499471,0.9998251945964485
263,10,97000000,10.097000000,14.0294348360910650,-7.5605491585062907,-0.1068087172085842,0.0139527471803058,-0.0081548570610111,-0.0094020956499471,0.9998251945964485
264,10,112000000,10.112000000,14.0294348360910650,-7.5605491585062907,-0.1068087172085842,0.0139527471803058,-0.0081548570610111,-0.0094020956499471,0.9998251945964485
265,10,129000000,10.129000000,14.0294348360910650,-7.5605491585062907,-0.1068087172085842,0.0139527471803058,-0.0081548570610111,-0.0094020956499471,0.9998251945964485
266,10,156000000,10.156000000,14.0294348360910650,-7.5605491585062907,-0.1068087172085842,0.0139527471803058,-0.0081548570610111,-0.0094020956499471,0.9998251945964485
267,10,161000000,10.161000000,14.0294348360910650,-7.5605491585062907,-0.1068087172085842,0.0139527471803058,-0.0081548570610111,-0.0094020956499471,0.9998251945964485
268,10,183000000,10.183000000,14.0294348360910650,-7.5605491585062907,-0.1068087172085842,0.0139527471803058,-0.0081548570610111,-0.0094020956499471,0.9998251945964485
269,10,195000000,10.195000000,14.0294348360910650,-7.5605491585062907,-0.1068087172085842,0.0139527471803058,-0.0081548570610111,-0.0094020956499471,0.9998251945964485
270,10,216000000,10.216000000,14.0294348360910650,-7.5605491585062907,-0.1068087172085842,0.0139527471803058,-0.0081548570610111,-0.0094020956499471,0.9998251945964485
271,10,230000000,10.230000000,14.0294348360910650,-7.5605491585062907,-0.1068087172085842,0.0139527471803058,-0.0081548570610111,-0.0094020956499471,0.9998251945964485
272,10,252000000,10.252000000,14.0294348360910650,-7.5605491585062907,-0.1068087172085842,0.0139527471803058,-0.0081548570610111,-0.0094020956499471,0.9998251945964485
273,10,264000000,10.264000000,14.0294348360910650,-7.5605491585062907,-0.1068087172085842,0.0139527471803058,-0.0081548570610111,-0.0094020956499471,0.9998251945964485
274,10,283000000,10.283000000,14.0294348360910650,-7.5605491585062907,-0.1068087172085842,0.0139527471803058,-0.0081548570610111,-0.0094020956499471,0.9998251945964485
275,10,297000000,10.297000000,14.0294348360910650,-7.5605491585062907,-0.1068087172085842,0.0139527471803058,-0.0081548570610111,-0.0094020956499471,0.9998251945964485
276,10,316000000,10.316000000,14.0294348360910650,-7.5605491585062907,-0.1068087172085842,0.0139527471803058,-0.0081548570610111,-0.0094020956499471,0.9998251945964485
277,10,329000000,10.329000000,14.0294348360910650,-7.5605491585062907,-0.1068087172085842,0.0139527471803058,-0.0081548570610111,-0.0094020956499471,0.9998251945964485
278,10,346000000,10.346000000,14.0294348360910650,-7.5605491585062907,-0.1068087172085842,0.0139527471803058,-0.0081548570610111,-0.0094020956499471,0.9998251945964485
279,10,363000000,10.363000000,14.0294348360910650,-7.5605491585062907,-0.1068087172085842,0.0139527471803058,-0.0081548570610111,-0.0094020956499471,0.9998251945964485
280,10,381000000,10.381000000,14.0294348360910650,-7.5605491585062907,-0.1068087172085842,0.0139527471803058,-0.0081548570610111,-0.0094020956499471,0.9998251945964485
281,10,397000000,10.397000000,14.0294348360910650,-7.5605491585062907,-0.1068087172085842,0.0139527471803058,-0.0081548570610111,-0.0094020956499471,0.9998251945964485
282,10,416000000,10.416000000,14.0294348360910650,-7.5605491585062907,-0.1068087172085842,0.0139527471803058,-0.0081548570610111,-0.0094020956499471,0.9998251945964485
283,10,430000000,10.430000000,14.0294348360910650,-7.5605491585062907,-0.1068087172085842,0.0139527471803058,-0.0081548570610111,-0.0094020956499471,0.9998251945964485
284,10,449000000,10.449000000,14.0294348360910650,-7.5605491585062907,-0.1068087172085842,0.0139527471803058,-0.0081548570610111,-0.0094020956499471,0.9998251945964485
285,10,465000000,10.465000000,14.0294348360910650,-7.5605491585062907,-0.1068087172085842,0.0139527471803058,-0.0081548570610111,-0.0094020956499471,0.9998251945964485
286,10,482000000,10.482000000,14.0294348360910650,-7.5605491585062907,-0.1068087172085842,0.0139527471803058,-0.0081548570610111,-0.0094020956499471,0.9998251945964485
287,10,499000000,10.499000000,14.0294348360910650,-7.5605491585062907,-0.1068087172085842,0.0139527471803058,-0.0081548570610111,-0.0094020956499471,0.9998251945964485
288,10,516000000,10.516000000,14.0294348360910650,-7.5605491585062907,-0.1068087172085842,0.0139527471803058,-0.0081548570610111,-0.0094020956499471,0.9998251945964485
289,10,533000000,10.533000000,14.0294348360910650,-7.5605491585062907,-0.1068087172085842,0.0139527471803058,-0.0081548570610111,-0.0094020956499471,0.9998251945964485
290,10,551000000,10.551000000,14.0294348360910650,-7.5605491585062907,-0.1068087172085842,0.0139527471803058,-0.0081548570610111,-0.0094020956499471,0.9998251945964485
291,10,567000000,10.567000000,14.0294348360910650,-7.5605491585062907,-0.1068087172085842,0.0139527471803058,-0.0081548570610111,-0.0094020956499471,0.9998251945964485
292,10,583000000,10.583000000,14.0294348360910650,-7.5605491585062907,-0.1068087172085842,0.0139527471803058,-0.0081548570610111,-0.0094020956499471,0.9998251945964485
293,10,601000000,10.601000000,14.0294348360910650,-7.5605491585062907,-0.1068087172085842,0.0139527471803058,-0.0081548570610111,-0.0094020956499471,0.9998251945964485
294,10,618000000,10.618000000,14.0294348360910650,-7.5605491585062907,-0.1068087172085842,0.0139527471803058,-0.0081548570610111,-0.0094020956499471,0.9998251945964485
295,10,635000000,10.635000000,14.0294348360910650,-7.5605491585062907,-0.1068087172085842,0.0139527471803058,-0.0081548570610111,-0.0094020956499471,0.9998251945964485
296,10,651000000,10.651000000,14.0294348360910650,-7.5605491585062907,-0.1068087172085842,0.0139527471803058,-0.0081548570610111,-0.0094020956499471,0.9998251945964485
297,10,674000000,10.674000000,14.0294348360910650,-7.5605491585062907,-0.1068087172085842,0.0139527471803058,-0.0081548570610111,-0.0094020956499471,0.9998251945964485
298,10,686000000,10.686000000,14.0294348360910650,-7.5605491585062907,-0.1068087172085842,0.0139527471803058,-0.0081548570610111,-0.0094020956499471,0.9998251945964485
299,10,710000000,10.710000000,14.0294348360910650,-7.5605491585062907,-0.1068087172085842,0.0139527471803058,-0.0081548570610111,-0.0094020956499471,0.9998251945964485
300,10,718000000,10.718000000,14.0294348360910650,-7.5605491585062907,-0.1068087172085842,0.0139527471803058,-0.0081548570610111,-0.0094020956499471,0.9998251945964485
301,10,745000000,10.745000000,14.0294348360910650,-7.5605491585062907,-0.1068087172085842,0.0139527471803058,-0.0081548570610111,-0.0094020956499471,0.9998251945964485
302,10,752000000,10.752000000,14.0294348360910650,-7.5605491585062907,-0.1068087172085842,0.0139527471803058,-0.0081548570610111,-0.0094020956499471,0.9998251945964485
303,10,777000000,10.777000000,14.0294348360910650,-7.5605491585062907,-0.1068087172085842,0.0139527471803058,-0.0081548570610111,-0.0094020956499471,0.9998251945964485
304,10,787000000,10.787000000,14.0294348360910650,-7.5605491585062907,-0.1068087172085842,0.0139527471803058,-0.0081548570610111,-0.0094020956499471,0.9998251945964485
305,10,802000000,10.802000000,14.0294348360910650,-7.5605491585062907,-0.1068087172085842,0.0139527471803058,-0.0081548570610111,-0.0094020956499471,0.9998251945964485
306,10,819000000,10.819000000,14.0294348360910650,-7.5605491585062907,-0.1068087172085842,0.0139527471803058,-0.0081548570610111,-0.0094020956499471,0.9998251945964485
307,10,847000000,10.847000000,14.0294348360910650,-7.5605491585062907,-0.1068087172085842,0.0139527471803058,-0.0081548570610111,-0.0094020956499471,0.9998251945964485
308,10,852000000,10.852000000,14.0294348360910650,-7.5605491585062907,-0.1068087172085842,0.0139527471803058,-0.0081548570610111,-0.0094020956499471,0.9998251945964485
309,10,876000000,10.876000000,14.0294348360910650,-7.5605491585062907,-0.1068087172085842,0.0139527471803058,-0.0081548570610111,-0.0094020956499471,0.9998251945964485
310,10,886000000,10.886000000,14.0294348360910650,-7.5605491585062907,-0.1068087172085842,0.0139527471803058,-0.0081548570610111,-0.0094020956499471,0.9998251945964485
311,10,905000000,10.905000000,14.0294348360910650,-7.5605491585062907,-0.1068087172085842,0.0139527471803058,-0.0081548570610111,-0.0094020956499471,0.9998251945964485
312,10,920000000,10.920000000,14.0294348360910650,-7.5605491585062907,-0.1068087172085842,0.0139527471803058,-0.0081548570610111,-0.0094020956499471,0.9998251945964485
313,10,936000000,10.936000000,14.0294348360910650,-7.5605491585062907,-0.1068087172085842,0.0139527471803058,-0.0081548570610111,-0.0094020956499471,0.9998251945964485
314,10,953000000,10.953000000,14.0294348360910650,-7.5605491585062907,-0.1068087172085842,0.0139527471803058,-0.0081548570610111,-0.0094020956499471,0.9998251945964485
315,10,979000000,10.979000000,14.0294348360910650,-7.5605491585062907,-0.1068087172085842,0.0139527471803058,-0.0081548570610111,-0.0094020956499471,0.9998251945964485
316,10,986000000,10.986000000,14.0294348360910650,-7.5605491585062907,-0.1068087172085842,0.0139527471803058,-0.0081548570610111,-0.0094020956499471,0.9998251945964485
317,11,7000000,11.007000000,14.0294348360910650,-7.5605491585062907,-0.1068087172085842,0.0139527471803058,-0.0081548570610111,-0.0094020956499471,0.9998251945964485
318,11,18000000,11.018000000,14.0294348360910650,-7.5605491585062907,-0.1068087172085842,0.0139527471803058,-0.0081548570610111,-0.0094020956499471,0.9998251945964485
319,11,37000000,11.037000000,14.0294348360910650,-7.5605491585062907,-0.1068087172085842,0.0139527471803058,-0.0081548570610111,-0.0094020956499471,0.9998251945964485
320,11,51000000,11.051000000,14.0294348360910650,-7.5605491585062907,-0.1068087172085842,0.0139527471803058,-0.0081548570610111,-0.0094020956499471,0.9998251945964485
321,11,70000000,11.070000000,14.0294348360910650,-7.5605491585062907,-0.1068087172085842,0.0139527471803058,-0.0081548570610111,-0.0094020956499471,0.9998251945964485
322,11,85000000,11.085000000,14.0294348360910650,-7.5605491585062907,-0.1068087172085842,0.0139527471803058,-0.0081548570610111,-0.0094020956499471,0.9998251945964485
323,11,103000000,11.103000000,14.0294348360910650,-7.5605491585062907,-0.1068087172085842,0.0139527471803058,-0.0081548570610111,-0.0094020956499471,0.9998251945964485
324,11,117000000,11.117000000,14.0294348360910650,-7.5605491585062907,-0.1068087172085842,0.0139527471803058,-0.0081548570610111,-0.0094020956499471,0.9998251945964485
325,11,134000000,11.134000000,14.0294348360910650,-7.5605491585062907,-0.1068087172085842,0.0139527471803058,-0.0081548570610111,-0.0094020956499471,0.9998251945964485
326,11,152000000,11.152000000,14.0294348360910650,-7.5605491585062907,-0.1068087172085842,0.0139527471803058,-0.0081548570610111,-0.0094020956499471,0.9998251945964485
327,11,166000000,11.166000000,14.0294348360910650,-7.5605491585062907,-0.1068087172085842,0.0139527471803058,-0.0081548570610111,-0.0094020956499471,0.9998251945964485
328,11,184000000,11.184000000,14.0294348360910650,-7.5605491585062907,-0.1068087172085842,0.0139527471803058,-0.0081548570610111,-0.0094020956499471,0.9998251945964485
329,11,207000000,11.207000000,14.0294348360910650,-7.5605491585062907,-0.1068087172085842,0.0139527471803058,-0.0081548570610111,-0.0094020956499471,0.9998251945964485
330,11,217000000,11.217000000,14.0294348360910650,-7.5605491585062907,-0.1068087172085842,0.0139527471803058,-0.0081548570610111,-0.0094020956499471,0.9998251945964485
331,11,234000000,11.234000000,14.0294348360910650,-7.5605491585062907,-0.1068087172085842,0.0139527471803058,-0.0081548570610111,-0.0094020956499471,0.9998251945964485
332,11,251000000,11.251000000,14.0294348360910650,-7.5605491585062907,-0.1068087172085842,0.0139527471803058,-0.0081548570610111,-0.0094020956499471,0.9998251945964485
333,11,276000000,11.276000000,14.0294348360910650,-7.5605491585062907,-0.1068087172085842,0.0139527471803058,-0.0081548570610111,-0.0094020956499471,0.9998251945964485
334,11,286000000,11.286000000,14.0294348360910650,-7.5605491585062907,-0.1068087172085842,0.0139527471803058,-0.0081548570610111,-0.0094020956499471,0.9998251945964485
335,11,300000000,11.300000000,14.0294348360910650,-7.5605491585062907,-0.1068087172085842,0.0139527471803058,-0.0081548570610111,-0.0094020956499471,0.9998251945964485
336,11,316000000,11.316000000,14.0294348360910650,-7.5605491585062907,-0.1068087172085842,0.0139527471803058,-0.0081548570610111,-0.0094020956499471,0.9998251945964485
337,11,330000000,11.330000000,14.0294348360910650,-7.5605491585062907,-0.1068087172085842,0.0139527471803058,-0.0081548570610111,-0.0094020956499471,0.9998251945964485
338,11,345000000,11.345000000,14.0294348360910650,-7.5605491585062907,-0.1068087172085842,0.0139527471803058,-0.0081548570610111,-0.0094020956499471,0.9998251945964485
339,11,361000000,11.361000000,14.0294348360910650,-7.5605491585062907,-0.1068087172085842,0.0139527471803058,-0.0081548570610111,-0.0094020956499471,0.9998251945964485
340,11,378000000,11.378000000,14.0294348360910650,-7.5605491585062907,-0.1068087172085842,0.0139527471803058,-0.0081548570610111,-0.0094020956499471,0.9998251945964485
341,11,403000000,11.403000000,14.0294348360910650,-7.5605491585062907,-0.1068087172085842,0.0139527471803058,-0.0081548570610111,-0.0094020956499471,0.9998251945964485
342,11,412000000,11.412000000,14.0294348360910650,-7.5605491585062907,-0.1068087172085842,0.0139527471803058,-0.0081548570610111,-0.0094020956499471,0.9998251945964485
343,11,435000000,11.435000000,14.0294348360910650,-7.5605491585062907,-0.1068087172085842,0.0139527471803058,-0.0081548570610111,-0.0094020956499471,0.9998251945964485
344,11,446000000,11.446000000,14.0294348360910650,-7.5605491585062907,-0.1068087172085842,0.0139527471803058,-0.0081548570610111,-0.0094020956499471,0.9998251945964485
345,11,461000000,11.461000000,14.0294348360910650,-7.5605491585062907,-0.1068087172085842,0.0139527471803058,-0.0081548570610111,-0.0094020956499471,0.9998251945964485
346,11,478000000,11.478000000,14.0294348360910650,-7.5605491585062907,-0.1068087172085842,0.0139527471803058,-0.0081548570610111,-0.0094020956499471,0.9998251945964485
347,11,494000000,11.494000000,14.0294348360910650,-7.5605491585062907,-0.1068087172085842,0.0139527471803058,-0.0081548570610111,-0.0094020956499471,0.9998251945964485
348,11,510000000,11.510000000,14.0294348360910650,-7.5605491585062907,-0.1068087172085842,0.0139527471803058,-0.0081548570610111,-0.0094020956499471,0.9998251945964485
349,11,526000000,11.526000000,14.0294348360910650,-7.5605491585062907,-0.1068087172085842,0.0139527471803058,-0.0081548570610111,-0.0094020956499471,0.9998251945964485
350,11,543000000,11.543000000,14.0294348360910650,-7.5605491585062907,-0.1068087172085842,0.0139527471803058,-0.0081548570610111,-0.0094020956499471,0.9998251945964485
351,11,561000000,11.561000000,14.0294348360910650,-7.5605491585062907,-0.1068087172085842,0.0139527471803058,-0.0081548570610111,-0.0094020956499471,0.9998251945964485
352,11,578000000,11.578000000,14.0294348360910650,-7.5605491585062907,-0.1068087172085842,0.0139527471803058,-0.0081548570610111,-0.0094020956499471,0.9998251945964485
353,11,594000000,11.594000000,14.0294348360910650,-7.5605491585062907,-0.1068087172085842,0.0139527471803058,-0.0081548570610111,-0.0094020956499471,0.9998251945964485
354,11,612000000,11.612000000,14.0294348360910650,-7.5605491585062907,-0.1068087172085842,0.0139527471803058,-0.0081548570610111,-0.0094020956499471,0.9998251945964485
355,11,637000000,11.637000000,14.0294348360910650,-7.5605491585062907,-0.1068087172085842,0.0139527471803058,-0.0081548570610111,-0.0094020956499471,0.9998251945964485
356,11,645000000,11.645000000,14.0294348360910650,-7.5605491585062907,-0.1068087172085842,0.0139527471803058,-0.0081548570610111,-0.0094020956499471,0.9998251945964485
357,11,673000000,11.673000000,14.0294348360910650,-7.5605491585062907,-0.1068087172085842,0.0139527471803058,-0.0081548570610111,-0.0094020956499471,0.9998251945964485
358,11,677000000,11.677000000,14.0294348360910650,-7.5605491585062907,-0.1068087172085842,0.0139527471803058,-0.0081548570610111,-0.0094020956499471,0.9998251945964485
359,11,705000000,11.705000000,14.0294348360910650,-7.5605491585062907,-0.1068087172085842,0.0139527471803058,-0.0081548570610111,-0.0094020956499471,0.9998251945964485
360,11,710000000,11.710000000,14.0294348360910650,-7.5605491585062907,-0.1068087172085842,0.0139527471803058,-0.0081548570610111,-0.0094020956499471,0.9998251945964485
361,11,736000000,11.736000000,14.0294348360910650,-7.5605491585062907,-0.1068087172085842,0.0139527471803058,-0.0081548570610111,-0.0094020956499471,0.9998251945964485
362,11,743000000,11.743000000,14.0294348360910650,-7.5605491585062907,-0.1068087172085842,0.0139527471803058,-0.0081548570610111,-0.0094020956499471,0.9998251945964485
363,11,769000000,11.769000000,14.0294348360910650,-7.5605491585062907,-0.1068087172085842,0.0139527471803058,-0.0081548570610111,-0.0094020956499471,0.9998251945964485
364,11,777000000,11.777000000,14.0294348360910650,-7.5605491585062907,-0.1068087172085842,0.0139527471803058,-0.0081548570610111,-0.0094020956499471,0.9998251945964485
365,11,803000000,11.803000000,14.0294348360910650,-7.5605491585062907,-0.1068087172085842,0.0139527471803058,-0.0081548570610111,-0.0094020956499471,0.9998251945964485
366,11,809000000,11.809000000,14.0294348360910650,-7.5605491585062907,-0.1068087172085842,0.0139527471803058,-0.0081548570610111,-0.0094020956499471,0.9998251945964485
367,11,831000000,11.831000000,14.0294348360910650,-7.5605491585062907,-0.1068087172085842,0.0139527471803058,-0.0081548570610111,-0.0094020956499471,0.9998251945964485
368,11,844000000,11.844000000,14.0294348360910650,-7.5605491585062907,-0.1068087172085842,0.0139527471803058,-0.0081548570610111,-0.0094020956499471,0.9998251945964485
369,11,868000000,11.868000000,14.0294348360910650,-7.5605491585062907,-0.1068087172085842,0.0139527471803058,-0.0081548570610111,-0.0094020956499471,0.9998251945964485
370,11,879000000,11.879000000,14.0294348360910650,-7.5605491585062907,-0.1068087172085842,0.0139527471803058,-0.0081548570610111,-0.0094020956499471,0.9998251945964485
371,11,893000000,11.893000000,14.0294348360910650,-7.5605491585062907,-0.1068087172085842,0.0139527471803058,-0.0081548570610111,-0.0094020956499471,0.9998251945964485
372,11,913000000,11.913000000,14.0294348360910650,-7.5605491585062907,-0.1068087172085842,0.0139527471803058,-0.0081548570610111,-0.0094020956499471,0.9998251945964485
373,11,917000000,11.917000000,14.0294348360910650,-7.5605491585062907,-0.1068087172085842,0.0139527471803058,-0.0081548570610111,-0.0094020956499471,0.9998251945964485
374,11,943000000,11.943000000,14.0294348360910650,-7.5605491585062907,-0.1068087172085842,0.0139527471803058,-0.0081548570610111,-0.0094020956499471,0.9998251945964485
375,11,944000000,11.944000000,14.0294348360910650,-7.5605491585062907,-0.1068087172085842,0.0139527471803058,-0.0081548570610111,-0.0094020956499471,0.9998251945964485
376,11,960000000,11.960000000,14.0294348360910650,-7.5605491585062907,-0.1068087172085842,0.0139527471803058,-0.0081548570610111,-0.0094020956499471,0.9998251945964485
377,11,980000000,11.980000000,14.0294348360910650,-7.5605491585062907,-0.1068087172085842,0.0139527471803058,-0.0081548570610111,-0.0094020956499471,0.9998251945964485
378,11,988000000,11.988000000,14.0294348360910650,-7.5605491585062907,-0.1068087172085842,0.0139527471803058,-0.0081548570610111,-0.0094020956499471,0.9998251945964485
379,12,5000000,12.005000000,14.0294348360910650,-7.5605491585062907,-0.1068087172085842,0.0139527471803058,-0.0081548570610111,-0.0094020956499471,0.9998251945964485
380,12,21000000,12.021000000,14.0294348360910650,-7.5605491585062907,-0.1068087172085842,0.0139527471803058,-0.0081548570610111,-0.0094020956499471,0.9998251945964485
381,12,38000000,12.038000000,14.0294348360910650,-7.5605491585062907,-0.1068087172085842,0.0139527471803058,-0.0081548570610111,-0.0094020956499471,0.9998251945964485
382,12,53000000,12.053000000,14.0294348360910650,-7.5605491585062907,-0.1068087172085842,0.0139527471803058,-0.0081548570610111,-0.0094020956499471,0.9998251945964485
383,12,72000000,12.072000000,14.0294348360910650,-7.5605491585062907,-0.1068087172085842,0.0139527471803058,-0.0081548570610111,-0.0094020956499471,0.9998251945964485
384,12,88000000,12.088000000,14.0294348360910650,-7.5605491585062907,-0.1068087172085842,0.0139527471803058,-0.0081548570610111,-0.0094020956499471,0.9998251945964485
385,12,101000000,12.101000000,14.0294348360910650,-7.5605491585062907,-0.1068087172085842,0.0139527471803058,-0.0081548570610111,-0.0094020956499471,0.9998251945964485
386,12,118000000,12.118000000,14.0294348360910650,-7.5605491585062907,-0.1068087172085842,0.0139527471803058,-0.0081548570610111,-0.0094020956499471,0.9998251945964485
387,12,135000000,12.135000000,14.0294348360910650,-7.5605491585062907,-0.1068087172085842,0.0139527471803058,-0.0081548570610111,-0.0094020956499471,0.9998251945964485
388,12,152000000,12.152000000,14.0294348360910650,-7.5605491585062907,-0.1068087172085842,0.0139527471803058,-0.0081548570610111,-0.0094020956499471,0.9998251945964485
389,12,166000000,12.166000000,14.0294348360910650,-7.5605491585062907,-0.1068087172085842,0.0139527471803058,-0.0081548570610111,-0.0094020956499471,0.9998251945964485
390,12,184000000,12.184000000,14.0294348360910650,-7.5605491585062907,-0.1068087172085842,0.0139527471803058,-0.0081548570610111,-0.0094020956499471,0.9998251945964485
391,12,201000000,12.201000000,14.0294348360910650,-7.5605491585062907,-0.1068087172085842,0.0139527471803058,-0.0081548570610111,-0.0094020956499471,0.9998251945964485
392,12,217000000,12.217000000,14.0294348360910650,-7.5605491585062907,-0.1068087172085842,0.0139527471803058,-0.0081548570610111,-0.0094020956499471,0.9998251945964485
393,12,234000000,12.234000000,14.0294348360910650,-7.5605491585062907,-0.1068087172085842,0.0139527471803058,-0.0081548570610111,-0.0094020956499471,0.9998251945964485
394,12,251000000,12.251000000,14.0294348360910650,-7.5605491585062907,-0.1068087172085842,0.0139527471803058,-0.0081548570610111,-0.0094020956499471,0.9998251945964485
395,12,268000000,12.268000000,14.0294348360910650,-7.5605491585062907,-0.1068087172085842,0.0139527471803058,-0.0081548570610111,-0.0094020956499471,0.9998251945964485
396,12,284000000,12.284000000,14.0294348360910650,-7.5605491585062907,-0.1068087172085842,0.0139527471803058,-0.0081548570610111,-0.0094020956499471,0.9998251945964485
397,12,301000000,12.301000000,14.0294348360910650,-7.5605491585062907,-0.1068087172085842,0.0139527471803058,-0.0081548570610111,-0.0094020956499471,0.9998251945964485
398,12,316000000,12.316000000,14.0294348360910650,-7.5605491585062907,-0.1068087172085842,0.0139527471803058,-0.0081548570610111,-0.0094020956499471,0.9998251945964485
399,12,333000000,12.333000000,14.0294348360910650,-7.5605491585062907,-0.1068087172085842,0.0139527471803058,-0.0081548570610111,-0.0094020956499471,0.9998251945964485
400,12,346000000,12.346000000,14.0294348360910650,-7.5605491585062907,-0.1068087172085842,0.0139527471803058,-0.0081548570610111,-0.0094020956499471,0.9998251945964485
401,12,376000000,12.376000000,14.0294348360910650,-7.5605491585062907,-0.1068087172085842,0.0139527471803058,-0.0081548570610111,-0.0094020956499471,0.9998251945964485
402,12,380000000,12.380000000,14.0294348360910650,-7.5605491585062907,-0.1068087172085842,0.0139527471803058,-0.0081548570610111,-0.0094020956499471,0.9998251945964485
403,12,398000000,12.398000000,14.0294348360910650,-7.5605491585062907,-0.1068087172085842,0.0139527471803058,-0.0081548570610111,-0.0094020956499471,0.9998251945964485
404,12,411000000,12.411000000,14.0294348360910650,-7.5605491585062907,-0.1068087172085842,0.0139527471803058,-0.0081548570610111,-0.0094020956499471,0.9998251945964485
405,12,429000000,12.429000000,14.0294348360910650,-7.5605491585062907,-0.1068087172085842,0.0139527471803058,-0.0081548570610111,-0.0094020956499471,0.9998251945964485
406,12,445000000,12.445000000,14.0294348360910650,-7.5605491585062907,-0.1068087172085842,0.0139527471803058,-0.0081548570610111,-0.0094020956499471,0.9998251945964485
407,12,464000000,12.464000000,14.0294348360910650,-7.5605491585062907,-0.1068087172085842,0.0139527471803058,-0.0081548570610111,-0.0094020956499471,0.9998251945964485
408,12,477000000,12.477000000,14.0294348360910650,-7.5605491585062907,-0.1068087172085842,0.0139527471803058,-0.0081548570610111,-0.0094020956499471,0.9998251945964485
409,12,498000000,12.498000000,14.0294348360910650,-7.5605491585062907,-0.1068087172085842,0.0139527471803058,-0.0081548570610111,-0.0094020956499471,0.9998251945964485
410,12,511000000,12.511000000,14.0294348360910650,-7.5605491585062907,-0.1068087172085842,0.0139527471803058,-0.0081548570610111,-0.0094020956499471,0.9998251945964485
411,12,528000000,12.528000000,14.0294348360910650,-7.5605491585062907,-0.1068087172085842,0.0139527471803058,-0.0081548570610111,-0.0094020956499471,0.9998251945964485
412,12,544000000,12.544000000,14.0294348360910650,-7.5605491585062907,-0.1068087172085842,0.0139527471803058,-0.0081548570610111,-0.0094020956499471,0.9998251945964485
413,12,562000000,12.562000000,14.0294348360910650,-7.5605491585062907,-0.1068087172085842,0.0139527471803058,-0.0081548570610111,-0.0094020956499471,0.9998251945964485
414,12,577000000,12.577000000,14.0294348360910650,-7.5605491585062907,-0.1068087172085842,0.0139527471803058,-0.0081548570610111,-0.0094020956499471,0.9998251945964485
415,12,602000000,12.602000000,14.0294348360910650,-7.5605491585062907,-0.1068087172085842,0.0139527471803058,-0.0081548570610111,-0.0094020956499471,0.9998251945964485
416,12,612000000,12.612000000,14.0294348360910650,-7.5605491585062907,-0.1068087172085842,0.0139527471803058,-0.0081548570610111,-0.0094020956499471,0.9998251945964485
417,12,633000000,12.633000000,14.0294348360910650,-7.5605491585062907,-0.1068087172085842,0.0139527471803058,-0.0081548570610111,-0.0094020956499471,0.9998251945964485
418,12,642000000,12.642000000,14.0294348360910650,-7.5605491585062907,-0.1068087172085842,0.0139527471803058,-0.0081548570610111,-0.0094020956499471,0.9998251945964485
419,12,659000000,12.659000000,14.0294348360910650,-7.5605491585062907,-0.1068087172085842,0.0139527471803058,-0.0081548570610111,-0.0094020956499471,0.9998251945964485
420,12,675000000,12.675000000,14.0294348360910650,-7.5605491585062907,-0.1068087172085842,0.0139527471803058,-0.0081548570610111,-0.0094020956499471,0.9998251945964485
421,12,692000000,12.692000000,14.0294348360910650,-7.5605491585062907,-0.1068087172085842,0.0139527471803058,-0.0081548570610111,-0.0094020956499471,0.9998251945964485
422,12,707000000,12.707000000,14.0294348360910650,-7.5605491585062907,-0.1068087172085842,0.0139527471803058,-0.0081548570610111,-0.0094020956499471,0.9998251945964485
423,12,725000000,12.725000000,14.0294348360910650,-7.5605491585062907,-0.1068087172085842,0.0139527471803058,-0.0081548570610111,-0.0094020956499471,0.9998251945964485
424,12,740000000,12.740000000,14.0294348360910650,-7.5605491585062907,-0.1068087172085842,0.0139527471803058,-0.0081548570610111,-0.0094020956499471,0.9998251945964485
425,12,759000000,12.759000000,14.0294348360910650,-7.5605491585062907,-0.1068087172085842,0.0139527471803058,-0.0081548570610111,-0.0094020956499471,0.9998251945964485
426,12,774000000,12.774000000,14.0294348360910650,-7.5605491585062907,-0.1068087172085842,0.0139527471803058,-0.0081548570610111,-0.0094020956499471,0.9998251945964485
427,12,793000000,12.793000000,14.0294348360910650,-7.5605491585062907,-0.1068087172085842,0.0139527471803058,-0.0081548570610111,-0.0094020956499471,0.9998251945964485
428,12,806000000,12.806000000,14.0294348360910650,-7.5605491585062907,-0.1068087172085842,0.0139527471803058,-0.0081548570610111,-0.0094020956499471,0.9998251945964485
429,12,834000000,12.834000000,14.0294348360910650,-7.5605491585062907,-0.1068087172085842,0.0139527471803058,-0.0081548570610111,-0.0094020956499471,0.9998251945964485
430,12,838000000,12.838000000,14.0294317047983608,-7.5605508902323733,-0.1068077519449679,0.0139501437114747,-0.0081427741479411,-0.0094019523045891,0.9998253307515603
431,12,857000000,12.857000000,14.0294300333818693,-7.5605512438693507,-0.1067936320390987,0.0139511143604423,-0.0080874574450262,-0.0094011764542549,0.9998257734832868
432,12,871000000,12.871000000,14.0294263543817639,-7.5605520293385204,-0.1067629192783149,0.0139525811237568,-0.0079652642276389,-0.0093994684600582,0.9998267500114394
433,12,890000000,12.890000000,14.0294183920643167,-7.5605535270842328,-0.1066980058552979,0.0139553307702541,-0.0077059785556194,-0.0093965200914064,0.9998287713642596
434,12,904000000,12.904000000,14.0293967280188348,-7.5605472578926491,-0.1065963967596474,0.0139597039714438,-0.0072993606925938,-0.0094256627904881,0.9998314872414596
435,12,926000000,12.926000000,14.0293353688469704,-7.5605276277723554,-0.1064279144025481,0.0139572953345320,-0.0066342236948779,-0.0095481388253928,0.9998349934003521
436,12,935000000,12.935000000,14.0292287713479489,-7.5605485755056732,-0.1062135421646331,0.0138732593978547,-0.0058694712789634,-0.0097168509614059,0.9998393194848756
437,12,957000000,12.957000000,14.0289753029522632,-7.5607194209002282,-0.1057863424014564,0.0134986759860983,-0.0045556785623646,-0.0099947942399781,0.9998485563461895
438,12,970000000,12.970000000,14.0285694630939233,-7.5611316715164545,-0.1051747348300620,0.0127089773505005,-0.0029316322669113,-0.0102914163306812,0.9998619775633358
439,12,990000000,12.990000000,14.0279585714856232,-7.5618751497024936,-0.1043090829079514,0.0113682172309391,-0.0008986564665593,-0.0105946849046905,0.9998788470136347
440,13,4000000,13.004000000,14.0272211202934756,-7.5629016357529339,-0.1031382091684406,0.0095866757271926,0.0013747182026720,-0.0108856053885950,0.9998938490628336
441,13,23000000,13.023000000,14.0264907412620676,-7.5641020489100246,-0.1016175956685484,0.0075710770925852,0.0036438759002478,-0.0111638024202135,0.9999023804730161
442,13,37000000,13.037000000,14.0258646746196050,-7.5653203819049049,-0.0998334769070687,0.0055839690844050,0.0056911216851337,-0.0114132407521972,0.9999030794825875
443,13,54000000,13.054000000,14.0252810913516672,-7.5666712818043402,-0.0975302197173099,0.0034291281900491,0.0077675465168076,-0.0116636545717524,0.9998959273159364
444,13,72000000,13.072000000,14.0247814058752986,-7.5681207554047312,-0.0946002402236248,0.0011596300704951,0.0098327857155537,-0.0119114708950873,0.9998800370265860
445,13,90000000,13.090000000,14.0244553008274284,-7.5694761999403006,-0.0913408841934300,-0.0009366228808877,0.0116165234645038,-0.0121287240378915,0.9998585265793308
446,13,106000000,13.106000000,14.0242915479309573,-7.5707834377891317,-0.0875786891269092,-0.0029432677352718,0.0132225070599335,-0.0123295176748805,0.9998322286643861
447,13,123000000,13.123000000,14.0243081459254615,-7.5720153581154044,-0.0832923983322441,-0.0048316160783082,0.0146375730372542,-0.0125138890003527,0.9998028803337875
448,13,139000000,13.139000000,14.0245023815906169,-7.5730812477598821,-0.0787626731212045,-0.0064729928847779,0.0157856450906383,-0.0126726695449621,0.9997741331014672
449,13,156000000,13.156000000,14.0249096455092115,-7.5740989244642805,-0.0734073422025824,-0.0080638485818365,0.0168049076552097,-0.0128259850624870,0.9997439989977064
450,13,173000000,13.173000000,14.0255252447721830,-7.5749821323613462,-0.0674778523841830,-0.0094857088223924,0.0176300970237219,-0.0129639876735493,0.9997155275530489
451,13,191000000,13.191000000,14.0263525385039838,-7.5757175887538990,-0.0609605219822656,-0.0107314303362345,0.0182671275057111,-0.0130873324994586,0.9996898870068044
452,13,208000000,13.208000000,14.0274592470495065,-7.5763247185209757,-0.0534053566163960,-0.0118565986396781,0.0187476193230256,-0.0132027979597600,0.9996667614582623
453,13,225000000,13.225000000,14.0287233429807916,-7.5767288610912820,-0.0456404394627100,-0.0127374700726635,0.0190238448727385,-0.0132983343789746,0.9996494407966979
454,13,241000000,13.241000000,14.0301040990390131,-7.5769553252486137,-0.0377646814163408,-0.0134094317478519,0.0191370756243340,-0.0133769738487670,0.9996374422996558
455,13,259000000,13.259000000,14.0318777007214663,-7.5770280131283725,-0.0282376018005228,-0.0139867124124556,0.0190990141708963,-0.0134531745477281,0.9996292370815189
456,13,276000000,13.276000000,14.0337591497974472,-7.5769189832874986,-0.0185831213798415,-0.0143652876361424,0.0189179490068960,-0.0135140955610045,0.9996264897138688
457,13,293000000,13.293000000,14.0358318191384992,-7.5766381789705051,-0.0082832770135104,-0.0145896882298281,0.0186125493587260,-0.0135651680307282,0.9996282810225126
458,13,317000000,13.317000000,14.0380893430578961,-7.5761902820092137,0.0026683157883055,-0.0146730709031395,0.0181914817254434,-0.0136070221674501,0.9996342430762558
459,13,327000000,13.327000000,14.0405214753538985,-7.5755807800659669,0.0142775559279829,-0.0146282908696778,0.0176696469931712,-0.0136403444919628,0.9996438054044597
460,13,342000000,13.342000000,14.0428054266973383,-7.5749119008605605,0.0250712169881912,-0.0144884994093012,0.0171339239657458,-0.0136632270682626,0.9996548545675571
461,13,358000000,13.358000000,14.0453788604854228,-7.5740682881662966,0.0371566453322501,-0.0142449975684174,0.0164883419177822,-0.0136813638416526,0.9996689626613955
462,13,384000000,13.384000000,14.0484337372838013,-7.5729653950943927,0.0514629859699184,-0.0138648086500180,0.0156797241532864,-0.0136945827904831,0.9996871369252331
463,13,393000000,13.393000000,14.0514619556941103,-7.5717813782258139,0.0656688219189499,-0.0134120439003053,0.0148494236522219,-0.0137007149163920,0.9997059078080878
464,13,421000000,13.421000000,14.0546179071089039,-7.5704682747931002,0.0805521236115062,-0.0128807749275460,0.0139647659466163,-0.0137012328628540,0.9997256359458629
465,13,427000000,13.427000000,14.0578933316827488,-7.5690342930924093,0.0961132793188438,-0.0122801311318018,0.0130292734097645,-0.0136965379046957,0.9997458883452457
466,13,449000000,13.449000000,14.0612761686727019,-7.5674891299040095,0.1123333198529273,-0.0116204508698995,0.0120525459752361,-0.0136870464443444,0.9997661556667766
467,13,462000000,13.462000000,14.0647568410375925,-7.5658401167567018,0.1291649174024043,-0.0109050319834879,0.0110373274568115,-0.0136732393881466,0.9997861272315618
468,13,479000000,13.479000000,14.0685379225416938,-7.5639926209846839,0.1475837892120096,-0.0100964788261170,0.0099231708443784,-0.0136543969078322,0.9998065559100873
469,13,497000000,13.497000000,14.0724042954268374,-7.5620506839457580,0.1665380719427293,-0.0092402443682441,0.0087747411506828,-0.0136317010061250,0.9998258841065444
470,13,528000000,13.528000000,14.0761200795841148,-7.5601427391802414,0.1848579560622487,-0.0083997503520250,0.0076685872242334,-0.0136071507345662,0.9998427288393384
471,13,530000000,13.530000000,14.0796642325807486,-7.5582912725103562,0.2024123935606916,-0.0075884269182944,0.0066132043195949,-0.0135815823166506,0.9998571007535573
472,13,553000000,13.553000000,14.0832430788009848,-7.5563947442824606,0.2202167702495914,-0.0067648443196405,0.0055519062500829,-0.0135539064646633,0.9998698439486353
473,13,563000000,13.563000000,14.0870738675167928,-7.5543389802320293,0.2393540081416557,-0.0058823075604890,0.0044227291456681,-0.0135224687327455,0.9998814833589228
474,13,584000000,13.584000000,14.0909245462194708,-7.5522490113239522,0.2586654578224640,-0.0049958528388092,0.0032956716154855,-0.0134891566447975,0.9998911053989968
475,13,598000000,13.598000000,14.0947841758512684,-7.5501348900897671,0.2781023137779087,-0.0041143111062995,0.0021782110627677,-0.0134541901401131,0.9998986511683874
476,13,620000000,13.620000000,14.0975093081348604,-7.5486319803503950,0.2918736169885437,-0.0034969108925707,0.0013970571457706,-0.0134286192030727,0.9999027412862912
477,13,628000000,13.628000000,14.1018153864833522,-7.5462418955073263,0.3137255491352135,-0.0025324189801285,0.0001802524213378,-0.0133868965789858,0.9999071683727231
478,13,648000000,13.648000000,14.1054278592094313,-7.5442258811054934,0.3321389494547135,-0.0017368607846584,-0.0008260566047699,-0.0133506320535146,0.9999090266463605
479,13,661000000,13.661000000,14.1092455070340730,-7.5420866834860174,0.3516815963562892,-0.0009108939042153,-0.0018752190986259,-0.0133110249528469,0.9999092311006695
480,13,679000000,13.679000000,14.1121449488255788,-7.5404571869734616,0.3665923624624373,-0.0002959440664825,-0.0026594420427322,-0.0132800455453008,0.9999082358773957
481,13,692000000,13.692000000,14.1159054434909059,-7.5383386001588519,0.3860245602817223,0.0004857002063843,-0.0036604409987013,-0.0132386862817610,0.9999055467655621
482,13,710000000,13.710000000,14.1198423574563616,-7.5361173930365286,0.4064921671667913,0.0012804027192539,-0.0046883142467060,-0.0131940106227810,0.9999011442948181
483,13,726000000,13.726000000,14.1235128471274720,-7.5340459445809804,0.4256975073341651,0.0019970517326926,-0.0056288814857550,-0.0131510235438557,0.9998956835877157
484,13,741000000,13.741000000,14.1267076736843222,-7.5322416308107911,0.4425261419661083,0.0026038704839830,-0.0064316229742877,-0.0131124550916383,0.9998899527477456
485,13,759000000,13.759000000,14.1304815340863623,-7.5301108623010906,0.4625578312316664,0.0032967019165668,-0.0073593759629269,-0.0130654357000691,0.9998821259187890
486,13,778000000,13.778000000,14.1335728942423344,-7.5283672347608546,0.4791026362788171,0.0038432851401480,-0.0081029470801362,-0.0130256460816649,0.9998749441565696
487,13,791000000,13.791000000,14.1370130688547597,-7.5264292916910209,0.4976776016462663,0.0044287210306728,-0.0089119071997763,-0.0129798889089460,0.9998662344653941
488,13,803000000,13.803000000,14.1393992681481908,-7.5250880901984836,0.5106705138318056,0.0048185410286292,-0.0094623684181973,-0.0129472029301331,0.9998597977629462
489,13,821000000,13.821000000,14.1429088766004298,-7.5231199548549625,0.5299663767370280,0.0053673398073968,-0.0102542170651426,-0.0128975613286765,0.9998498365292390
490,13,837000000,13.837000000,14.1459545030341847,-7.5214163422918476,0.5469155851131886,0.0058195891339922,-0.0109225697072094,-0.0128527933244567,0.9998408051070238
491,13,850000000,13.850000000,14.1483760195151298,-7.5200654545824710,0.5605416368169178,0.0061621852913139,-0.0114417374486186,-0.0128159888370320,0.9998334183986458
492,13,867000000,13.867000000,14.1514670542870036,-7.5183447528533094,0.5781587235725812,0.0065784744414727,-0.0120859864626341,-0.0127672476080403,0.9998238094753309
493,13,884000000,13.884000000,14.1544709713510457,-7.5166779227614464,0.5955423766737076,0.0069587205678326,-0.0126938815710495,-0.0127178507709229,0.9998143316888829
494,13,901000000,13.901000000,14.1572168534556422,-7.5151601945198392,0.6116863229540765,0.0072832979949600,-0.0132346929677491,-0.0126707904184418,0.9998056048765369
495,13,916000000,13.916000000,14.1598800121764405,-7.5136931598023775,0.6276168818640517,0.0075760131263623,-0.0137421040632159,-0.0126231718219664,0.9997971865004313
496,13,933000000,13.933000000,14.1626165083572761,-7.5121916708281935,0.6443070719165583,0.0078514865615271,-0.0142446021725815,-0.0125720531879621,0.9997886721434476
497,13,950000000,13.950000000,14.1652524584495954,-7.5107493161975150,0.6607525638565576,0.0080926041979918,-0.0147047677706786,-0.0125203855527314,0.9997807357154448
498,13,967000000,13.967000000,14.1677889807191555,-7.5093665659176301,0.6769529698734473,0.0083008585786686,-0.0151295368904526,-0.0124683213754886,0.9997733412241071
499,13,984000000,13.984000000,14.1702274015339462,-7.5080449970381968,0.6929087453249563,0.0084751311222489,-0.0155259580529428,-0.0124160759199736,0.9997664516464575
500,13,999000000,13.999000000,14.1722917734373475,-7.5069286506352739,0.7067850023367993,0.0086041362086150,-0.0158435992399356,-0.0123697518500213,0.9997609406465111
501,14,16000000,14.016000000,14.1745304582159211,-7.5057194564198939,0.7222835134873393,0.0087243252208990,-0.0161660394915942,-0.0123169622569007,0.9997553889613990
502,14,41000000,14.041000000,14.1766634017209903,-7.5045699596803104,0.7375421177754964,0.0088176514824320,-0.0164548231408251,-0.0122640605114167,0.9997505091959248
503,14,50000000,14.050000000,14.1786906949282123,-7.5034802878437690,0.7525635520702545,0.0088847863743114,-0.0167130783306959,-0.0122111594227413,0.9997462783973478
504,14,75000000,14.075000000,14.1806106468375255,-7.5024505223597551,0.7673508872400814,0.0089261802879060,-0.0169399498686064,-0.0121583447138306,0.9997427349362118
505,14,82000000,14.082000000,14.1822142242542348,-7.5015901003564522,0.7802068377736577,0.0089448201033497,-0.0171130862827986,-0.0121117967236175,0.9997401846736591
506,14,99000000,14.099000000,14.1839268351375303,-7.5006696580712164,0.7945629666244559,0.0089456170729476,-0.0172759069411975,-0.0120591818955220,0.9997380132347444
507,14,116000000,14.116000000,14.1855306698019135,-7.4998068035628860,0.8086956305556490,0.0089259467181051,-0.0174100694849280,-0.0120068574952227,0.9997364914460234
508,14,132000000,14.132000000,14.1869426056955810,-7.4990462555043962,0.8217966330560095,0.0088907446123861,-0.0175150946167816,-0.0119580160457668,0.9997355560212169
509,14,150000000,14.150000000,14.1883353205000233,-7.4982930328371644,0.8355075177522199,0.0088349185393674,-0.0175973085513119,-0.0119065650944546,0.9997352212730150
510,14,166000000,14.166000000,14.1896170338094567,-7.4975947120578237,0.8490073003865823,0.0087628173322261,-0.0176494294331081,-0.0118556060639240,0.9997355426701328
511,14,183000000,14.183000000,14.1907888744902557,-7.4969497132885303,0.8623004542935857,0.0086769168950791,-0.0176742373314038,-0.0118052298035424,0.9997364497692552
512,14,199000000,14.199000000,14.1917919759190738,-7.4963907715951263,0.8746269390091431,0.0085838417035578,-0.0176739562000995,-0.0117584116937519,0.9997378099723374
513,14,216000000,14.216000000,14.1927510093852316,-7.4958468804036604,0.8875317528469456,0.0084732339503476,-0.0176469630808507,-0.0117092921757024,0.9997398068883673
514,14,232000000,14.232000000,14.1935549369469847,-7.4953822687100935,0.8995004952766642,0.0083565600582844,-0.0175997919571894,-0.0116637774066352,0.9997421525191705
515,14,249000000,14.249000000,14.1943044072882767,-7.4949384384831328,0.9120333655551780,0.0082187859550080,-0.0175262491146660,-0.0116162678749292,0.9997451397581557
516,14,266000000,14.266000000,14.1949458675038596,-7.4945439521307078,0.9243811103202425,0.0080693649708114,-0.0174273715002665,-0.0115696467050607,0.9997486260789157
517,14,285000000,14.285000000,14.1954234801805939,-7.4942361669746482,0.9351258735917285,0.0079279624254444,-0.0173208458105437,-0.0115293199630791,0.9997520745131649
518,14,298000000,14.298000000,14.1958674458486662,-7.4939317287873637,0.9471368175618557,0.0077579464151871,-0.0171827939364173,-0.0114845790265318,0.9997563054587558
519,14,316000000,14.316000000,14.1962259820995893,-7.4936585199391006,0.9596661262713473,0.0075692779102692,-0.0170171805394337,-0.0114382772407545,0.9997611151731043
520,14,334000000,14.334000000,14.1964679780477638,-7.4934341047964521,0.9720067565439451,0.0073729322969402,-0.0168256630930615,-0.0113930433160657,0.9997663404490180
521,14,351000000,14.351000000,14.1965921117736116,-7.4932656160661324,0.9834930199245420,0.0071810422366840,-0.0166240630612020,-0.0113513575856169,0.9997715838333752
522,14,367000000,14.367000000,14.1966192345306315,-7.4931457022460641,0.9941576383553291,0.0069926019932641,-0.0164198876342580,-0.0113131236259266,0.9997767270952383
523,14,384000000,14.384000000,14.1965541800719439,-7.4930581221266834,1.0053375908063331,0.0067845200067389,-0.0161881684026153,-0.0112735634271930,0.9997823864520218
524,14,399000000,14.399000000,14.1964148350822637,-7.4930132241017091,1.0150760129204188,0.0065958174300937,-0.0159655732596324,-0.0112394828623945,0.9997876122896833
525,14,416000000,14.416000000,14.1961665849769680,-7.4929964899635371,1.0259732694611927,0.0063792872739670,-0.0156952811085519,-0.0112017268749053,0.9997937208043566
526,14,440000000,14.440000000,14.1958267956920547,-7.4930145027033896,1.0367256737436430,0.0061608266136220,-0.0154119192630899,-0.0111648844368913,0.9997999111400119
527,14,450000000,14.450000000,14.1953975314256038,-7.4930668050213081,1.0473367136325220,0.0059389331852588,-0.0151164298482823,-0.0111289543401421,0.9998061657124135
528,14,468000000,14.468000000,14.1948805985866429,-7.4931498174610276,1.0578098640186422,0.0057184998241778,-0.0148090139960199,-0.0110937965787276,0.9998124421818806
529,14,482000000,14.482000000,14.1943539796724529,-7.4932480061218625,1.0669391132598471,0.0055244099876383,-0.0145297428608207,-0.0110634707737547,0.9998179669725510
530,14,499000000,14.499000000,14.1936790339406151,-7.4933875003343653,1.0771620203086669,0.0053027846505796,-0.0142045064189122,-0.0110299469439963,0.9998242109204784
531,14,516000000,14.516000000,14.1929191594660100,-7.4935543647629910,1.0872567614442252,0.0050822955910795,-0.0138622986507844,-0.0109971196849522,0.9998305207915370
532,14,537000000,14.537000000,14.1920281813266786,-7.4937606432453459,1.0978093337760229,0.0048478897978161,-0.0134897510732196,-0.0109631271924603,0.9998371539519086
533,14,551000000,14.551000000,14.1911088988980509,-7.4939803183113725,1.1076506616370532,0.0046294244701985,-0.0131317308550166,-0.0109317035746080,0.9998432996878976
534,14,573000000,14.573000000,14.1901156207898822,-7.4942223148944116,1.1173739054389185,0.0044150376857763,-0.0127667002622806,-0.0109008625536094,0.9998493336509424
535,14,585000000,14.585000000,14.1890495941500383,-7.4944866692376761,1.1269822496478521,0.0042022196321574,-0.0123929879349673,-0.0108706136835184,0.9998552820075266
536,14,606000000,14.606000000,14.1879125294735502,-7.4947702228475901,1.1364787964960053,0.0039950787353221,-0.0120097020884161,-0.0108408039178166,0.9998611320438762
537,14,620000000,14.620000000,14.1867111719983363,-7.4950736682414538,1.1458665639233376,0.0037899504318552,-0.0116263089245513,-0.0108114765599382,0.9998667797217332
538,14,640000000,14.640000000,14.1854464946933163,-7.4953942841739218,1.1551483324520939,0.0035901057019236,-0.0112402762042684,-0.0107824602396012,0.9998722447808431
539,14,655000000,14.655000000,14.1841226780399783,-7.4957299891156959,1.1643267868777925,0.0033976224695644,-0.0108556718575977,-0.0107536758279992,0.9998774769971873
540,14,669000000,14.669000000,14.1828233769700116,-7.4960585479743997,1.1728731849976712,0.0032236449703400,-0.0104923145891019,-0.0107267078621033,0.9998822216571858
541,14,684000000,14.684000000,14.1815587663436080,-7.4963756474307894,1.1808060306703008,0.0030694241727359,-0.0101479645790770,-0.0107014335264269,0.9998865319478151
542,14,694000000,14.694000000,14.1806926645193485,-7.4965925053432914,1.1860527428167356,0.0029695277055802,-0.0099189181726266,-0.0106846263691269,0.9998893117374756
543,14,709000000,14.709000000,14.1795410207271182,-7.4968809553200746,1.1928243264525518,0.0028424189359073,-0.0096237975606209,-0.0106628258885107,0.9998927979134444
544,14,724000000,14.724000000,14.1780842548274659,-7.4972447337696559,1.2010837003348689,0.0026919286589895,-0.0092629845824593,-0.0106360104544423,0.9998969076451497
545,14,741000000,14.741000000,14.1763926036196910,-7.4976664097082732,1.2102789616351988,0.0025268628356195,-0.0088540836779110,-0.0106058796785251,0.9999013628766985
546,14,753000000,14.753000000,14.1752361516562715,-7.4979535236399473,1.2163536461330722,0.0024210518178322,-0.0085820465621125,-0.0105857788658210,0.9999042095474471
547,14,764000000,14.764000000,14.1741570928395628,-7.4982198242233284,1.2218838877724243,0.0023287135640147,-0.0083338992662030,-0.0105673194217521,0.9999067231379116
548,14,781000000,14.781000000,14.1724551493901174,-7.4986375314304130,1.2303600537229569,0.0021931209361483,-0.0079526870723801,-0.0105387126422149,0.9999104362515340
549,14,804000000,14.804000000,14.1707130021181449,-7.4990626032169558,1.2387523920719581,0.0020650290724671,-0.0075733193353887,-0.0105099717315014,0.9999139567899715
550,14,815000000,14.815000000,14.1689352402310984,-7.4994965547656696,1.2470628941788160,0.0019399175754735,-0.0072008564542936,-0.0104812249233312,0.9999172607322225
551,14,835000000,14.835000000,14.1671238477770292,-7.4999360559093065,1.2552933356120644,0.0018232415315786,-0.0068349527899445,-0.0104524345852758,0.9999203497388766
552,14,849000000,14.849000000,14.1652765778195402,-7.5003797283127822,1.2634453919986983,0.0017164319398144,-0.0064666546971121,-0.0104235159683693,0.9999232903344544
553,14,867000000,14.867000000,14.1633982442552497,-7.5008293066850840,1.2715207542366851,0.0016147642444324,-0.0061016228603517,-0.0103945657731515,0.9999260551347248
554,14,882000000,14.882000000,14.1616050354208696,-7.5012577868463888,1.2790524511314028,0.0015228714476134,-0.0057634285903157,-0.0103673285997913,0.9999284885686288
555,14,902000000,14.902000000,14.1595595375394492,-7.5017448895360737,1.2874476620538466,0.0014250514510542,-0.0053873079573206,-0.0103366631902808,0.9999310473904816
556,14,917000000,14.917000000,14.1576027203515320,-7.5022080758017724,1.2953021517024985,0.0013406758978491,-0.0050369424097709,-0.0103076306864002,0.9999332900493564
557,14,938000000,14.938000000,14.1556246751377106,-7.5026741679713789,1.3030858013226025,0.0012634422321867,-0.0046933399901522,-0.0102785346945789,0.9999353619099561
558,14,951000000,14.951000000,14.1536265701970301,-7.5031442315598582,1.3107997985509487,0.0011902680053057,-0.0043549153532771,-0.0102494213435568,0.9999372817014393
559,14,970000000,14.970000000,14.1523226085441127,-7.5034499811908901,1.3157545915167561,0.0011457525179965,-0.0041360366920859,-0.0102305788849259,0.9999384559598298
560,14,979000000,14.979000000,14.1502926983450017,-7.5039250866954976,1.3233561359940675,0.0010805378407681,-0.0038000370035690,-0.0102014834207111,0.9999401591559183
561,15,4000000,15.004000000,14.1482483685262341,-7.5044017836481425,1.3308906294658100,0.0010222604347338,-0.0034703709967836,-0.0101724006625727,0.9999417151881945
562,15,10000000,15.010000000,14.1465536951206730,-7.5047956353743261,1.3370457578947941,0.0009788103775441,-0.0032003418665270,-0.0101484704852527,0.9999429025144346
563,15,33000000,15.033000000,14.1443630401182805,-7.5053051552303236,1.3448941690816716,0.0009254628760347,-0.0028575682770681,-0.0101177591019387,0.9999443028352940
564,15,45000000,15.045000000,14.1422851710114763,-7.5057895078555541,1.3522397641033532,0.0008773727299394,-0.0025413929774007,-0.0100888323116311,0.9999454920151473
565,15,59000000,15.059000000,14.1405675580848609,-7.5061895553129414,1.3582408296376021,0.0008413448344825,-0.0022840067660015,-0.0100650576092378,0.9999463835962832
566,15,76000000,15.076000000,14.1384753289251108,-7.5066762455285696,1.3654697249146543,0.0008025529823570,-0.0019745524476428,-0.0100362088229643,0.9999473643966486
567,15,88000000,15.088000000,14.1369941465933842,-7.5070204430685425,1.3705344160118635,0.0007781162111298,-0.0017563636466235,-0.0100158359581974,0.9999479950237219
568,15,105000000,15.105000000,14.1348909590071212,-7.5075098067892299,1.3776558975061579,0.0007456723212363,-0.0014474964801017,-0.0099869988539933,0.9999488029797424
569,15,120000000,15.120000000,14.1330325388859475,-7.5079435432646138,1.3838878222433455,0.0007184329679371,-0.0011768759333445,-0.0099616003399078,0.9999494313892958
570,15,137000000,15.137000000,14.1309248578514897,-7.5084357723562487,1.3908925292132186,0.0006920184084453,-0.0008723037137560,-0.0099328527550785,0.9999500480688519
571,15,152000000,15.152000000,14.1290653463244631,-7.5088705847927075,1.3970222602109679,0.0006726190475153,-0.0006058635164711,-0.0099075294704289,0.9999505094617478
572,15,172000000,15.172000000,14.1269601912263028,-7.5093638372277898,1.4039121103180490,0.0006550567620404,-0.0003076053973365,-0.0098788544725617,0.9999509410535439
573,15,184000000,15.184000000,14.1251067563242927,-7.5097995720678377,1.4099413201102162,0.0006431311048011,-0.0000492830435378,-0.0098535747631515,0.9999512443204172
574,15,201000000,15.201000000,14.1230110879597728,-7.5102942545660216,1.4167181067739150,0.0006329612752503,0.0002404091806311,-0.0098249313516904,0.9999515049678082
575,15,215000000,15.215000000,14.1212903363687072,-7.5107028798381172,1.4222543666565550,0.0006260331830038,0.0004763048170026,-0.0098013813884453,0.9999516559009507
576,15,235000000,15.235000000,14.1190891009785489,-7.5112302205003134,1.4293135504051011,0.0006183716321927,0.0007700973049087,-0.0097711510792484,0.9999517734237247
577,15,250000000,15.250000000,14.1170227812057139,-7.5117287930872196,1.4359200670488717,0.0006154501911724,0.0010386463205235,-0.0097426237401481,0.9999518106976660
578,15,267000000,15.267000000,14.1149689260969797,-7.5122265258973009,1.4424682078623368,0.0006194680315846,0.0013012599198496,-0.0097141220215916,0.9999517782449954
579,15,284000000,15.284000000,14.1129290970120138,-7.5127236370560988,1.4489582686757876,0.0006300391495948,0.0015576930561995,-0.0096856201491033,0.9999516815353330
580,15,301000000,15.301000000,14.1109041276633427,-7.5132215861104203,1.4553904798356110,0.0006442778372010,0.0018091019068843,-0.0096570967863033,0.9999515250941012
581,15,319000000,15.319000000,14.1087781607844978,-7.5137508398231692,1.4621381313359993,0.0006612888303508,0.0020689917286725,-0.0096268273655991,0.9999513018968387
582,15,336000000,15.336000000,14.1067884990587746,-7.5142521124314694,1.4684516438218602,0.0006803747573522,0.0023091630395110,-0.0095981590225290,0.9999510389012178
583,15,350000000,15.350000000,14.1051652269417573,-7.5146655176901369,1.4736079296081974,0.0006993999056715,0.0025009332231415,-0.0095744368840068,0.9999507919548539
584,15,368000000,15.368000000,14.1030999088579776,-7.5151971538402007,1.4801804772793101,0.0007299051558319,0.0027389765033246,-0.0095438078949980,0.9999504392603871
585,15,382000000,15.382000000,14.1015113136633499,-7.5156115692818419,1.4852483715391036,0.0007568550877122,0.0029174862395005,-0.0095199240875401,0.9999501420019831
586,15,406000000,15.406000000,14.0994940202616679,-7.5161461226577817,1.4917078064595752,0.0007949141760448,0.0031359775573345,-0.0094891244927683,0.9999497438734475
587,15,411000000,15.411000000,14.0982746633192377,-7.5164731012795345,1.4956241495934279,0.0008215809501661,0.0032655424387107,-0.0094702370044879,0.9999494866484018
588,15,429000000,15.429000000,14.0963023281263702,-7.5170092613454713,1.5019820947066087,0.0008699528251544,0.0034708672625760,-0.0094392235336306,0.9999490473627193
589,15,446000000,15.446000000,14.0944680179366930,-7.5175190490003994,1.5079294831406727,0.0009171063719204,0.0036544386678081,-0.0094098545901944,0.9999486279957173
590,15,465000000,15.465000000,14.0926647979702757,-7.5180330126560708,1.5138215209483807,0.0009645153119400,0.0038228869436281,-0.0093804562131516,0.9999482298033546
591,15,478000000,15.478000000,14.0910983365838298,-7.5184899154729834,1.5189747248125414,0.0010070854089816,0.0039629240028216,-0.0093544642110334,0.9999478861478989
592,15,499000000,15.499000000,14.0893521979675924,-7.5190120900391282,1.5247635585626513,0.0010556631399082,0.0041107927922936,-0.0093249258376191,0.9999475149806998
593,15,512000000,15.512000000,14.0876378020494553,-7.5195385454203238,1.5304980202900071,0.0011058313918449,0.0042471747849957,-0.0092952841701743,0.9999471667720621
594,15,538000000,15.538000000,14.0858567470971252,-7.5201004462550145,1.5365110007275891,0.0011616831622121,0.0043815431333795,-0.0092638034580209,0.9999468158444689
595,15,547000000,15.547000000,14.0842067267732070,-7.5206376912354553,1.5421347866511037,0.0012128092891956,0.0045007639680530,-0.0092340209854601,0.9999465011058202
596,15,564000000,15.564000000,14.0825892509240607,-7.5211819395387467,1.5477054460470048,0.0012616634462969,0.0046109687751226,-0.0092041976943437,0.9999462135120601
597,15,581000000,15.581000000,14.0810049510591906,-7.5217326603429333,1.5532235085997361,0.0013098925277870,0.0047120303147095,-0.0091743336562899,0.9999459548164801
598,15,603000000,15.603000000,14.0794563723280248,-7.5222901059639682,1.5586895924153654,0.0013575540850954,0.0047997524630061,-0.0091444795934257,0.9999457474864151
599,15,613000000,15.613000000,14.0781197304155192,-7.5227879889852760,1.5634698965117593,0.0013986589398556,0.0048666164847449,-0.0091181962037390,0.9999456076683124
600,15,638000000,15.638000000,14.0767240852671467,-7.5233255287214362,1.5685251889506866,0.0014414166574308,0.0049289762773475,-0.0090902992686507,0.9999454954996714
601,15,647000000,15.647000000,14.0751914230723703,-7.5239382606019172,1.5741590062844875,0.0014886376060551,0.0049881311522476,-0.0090591367595301,0.9999454157837107
602,15,665000000,15.665000000,14.0737806675915831,-7.5245249197557369,1.5794285874935690,0.0015324936345343,0.0050331074047032,-0.0090298832659257,0.9999453887594645
603,15,679000000,15.679000000,14.0725641995005599,-7.5250505012197992,1.5840374609525256,0.0015678345565003,0.0050670749608713,-0.0090042092557211,0.9999453939400009
604,15,706000000,15.706000000,14.0712972455562824,-7.5256195005356101,1.5889119650324885,0.0016020818752363,0.0050948756792555,-0.0089770159989172,0.9999454428913775
605,15,712000000,15.712000000,14.0699866768886217,-7.5262324219103753,1.5940446846288046,0.0016372469591480,0.0051131544415880,-0.0089483767135777,0.9999455493316839
606,15,732000000,15.732000000,14.0687853197090451,-7.5268172806223355,1.5988323352201861,0.0016692406892775,0.0051226486599125,-0.0089216761124850,0.9999456864258039
607,15,745000000,15.745000000,14.0675419224307028,-7.5274480795452678,1.6038740005802739,0.0017005382395406,0.0051267645536843,-0.0088935713493643,0.9999458629563706
608,15,762000000,15.762000000,14.0663312902462430,-7.5280886342695572,1.6088698415932228,0.0017291837959213,0.0051273059356084,-0.0088657660109890,0.9999460579702693
609,15,778000000,15.778000000,14.0652224356245164,-7.5286999544312474,1.6135307130574352,0.0017549650615502,0.0051231607334356,-0.0088398990950226,0.9999462633090450
610,15,796000000,15.796000000,14.0640130209294938,-7.5293966502329086,1.6187274894380350,0.0017846599200452,0.0051075427378847,-0.0088112135674688,0.9999465438270282
611,15,812000000,15.812000000,14.0629707802871913,-7.5300253872471696,1.6233062119574060,0.0018088515618624,0.0050857577104923,-0.0087861221759753,0.9999468321774143
612,15,830000000,15.830000000,14.0618328236997403,-7.5307430106965461,1.6284125791398478,0.0018345318679307,0.0050567693889825,-0.0087584276630772,0.9999471753653004
613,15,845000000,15.845000000,14.0609114243120956,-7.5313502504228307,1.6326325164402433,0.0018530312142036,0.0050308095947393,-0.0087358168838638,0.9999474699870550
614,15,862000000,15.862000000,14.0598971508563881,-7.5320493143183569,1.6373770809176444,0.0018695140221597,0.0049981188917464,-0.0087107259720581,0.9999478221276871
615,15,879000000,15.879000000,14.0589154506681382,-7.5327595353088741,1.6420821321390775,0.0018821848820753,0.0049600107966604,-0.0086861765916001,0.9999482016630592
616,15,896000000,15.896000000,14.0579659153999774,-7.5334818204907092,1.6467486542130980,0.0018892800127102,0.0049167708508384,-0.0086621609475771,0.9999486101561180
617,15,914000000,15.914000000,14.0569944081220921,-7.5342583969045052,1.6516488205277253,0.0018935294640183,0.0048671747866110,-0.0086372822784132,0.9999490599578603
618,15,931000000,15.931000000,14.0561061448227882,-7.5350035318833228,1.6562392347491870,0.0018932864804996,0.0048216810650910,-0.0086142516130841,0.9999494794874169
619,15,948000000,15.948000000,14.0552482232564149,-7.5357601684065543,1.6607940208822141,0.0018886313164151,0.0047729153657380,-0.0085917209690802,0.9999499160865266
620,15,965000000,15.965000000,14.0544195333065591,-7.5365288807681354,1.6653140367383026,0.0018782734881079,0.0047224928453645,-0.0085697249857664,0.9999503637499702
621,15,994000000,15.994000000,14.0536174725013527,-7.5373089033799996,1.6698001796860009,0.0018635968950458,0.0046751127285972,-0.0085482169962000,0.9999507979464658
622,15,999000000,15.999000000,14.0528446003207286,-7.5380994989719534,1.6742532391031391,0.0018459672974368,0.0046248559843074,-0.0085272079225610,0.9999512437298663
623,16,29000000,16.029000000,14.0521018668812747,-7.5389019420697050,1.6786738023320533,0.0018225353491495,0.0045690567707236,-0.0085066645184358,0.9999517182063832
624,16,33000000,16.033000000,14.0513861917927052,-7.5397164414070037,1.6830626096669601,0.0017925145483116,0.0045133221010733,-0.0084865990840932,0.9999521960829887
625,16,45000000,16.045000000,14.0508959620002400,-7.5402980373688813,1.6861418067856631,0.0017683750447695,0.0044763825695923,-0.0084727344004322,0.9999525226832379
626,16,62000000,16.062000000,14.0502243712911845,-7.5411324349052631,1.6904777995285234,0.0017275528375586,0.0044233460041162,-0.0084535512784604,0.9999529924161954
627,16,75000000,16.075000000,14.0497292458877379,-7.5417787946772288,1.6937731076211509,0.0016908044019012,0.0043811588276255,-0.0084392277671842,0.9999533619436934
628,16,93000000,16.093000000,14.0491055000751182,-7.5426333641902676,1.6980560306265962,0.0016381526883270,0.0043240969148315,-0.0084209528904845,0.9999538520322111
629,16,106000000,16.106000000,14.0486121817984877,-7.5433442705262657,1.7015610499721430,0.0015921124018201,0.0042746756650674,-0.0084062809081806,0.9999542623377087
630,16,129000000,16.129000000,14.0480377065939255,-7.5442165363567408,1.7057906481561527,0.0015316505681743,0.0042113625637135,-0.0083888766345652,0.9999547715875474
631,16,137000000,16.137000000,14.0475836606551958,-7.5449430620516633,1.7092523447033048,0.0014760406555032,0.0041583537573376,-0.0083748320671689,0.9999551947891760
632,16,156000000,16.156000000,14.0470539349908048,-7.5458358565575816,1.7134301018517339,0.0013994094573793,0.0040953292789650,-0.0083581445407822,0.9999557046945143
633,16,170000000,16.170000000,14.0465782662561942,-7.5466855109021438,1.7173366069887968,0.0013199485306029,0.0040341254890035,-0.0083428092358682,0.9999561895910587
634,16,194000000,16.194000000,14.0460975481862942,-7.5475968584361377,1.7214604055513374,0.0012296120543658,0.0039655816202920,-0.0083269164428195,0.9999567114026301
635,16,204000000,16.204000000,14.0456429850818125,-7.5485160135907661,1.7255566793176462,0.0011343016334437,0.0038910615912548,-0.0083114376734693,0.9999572455876788
636,16,221000000,16.221000000,14.0452624427125112,-7.5493327856415311,1.7291483424282139,0.0010466655148359,0.0038220274437067,-0.0082981070224200,0.9999577181148032
637,16,236000000,16.236000000,14.0448761195013301,-7.5502096003708772,1.7329560818908412,0.0009492879126141,0.0037475796480895,-0.0082841947719360,0.9999582124350102
638,16,258000000,16.258000000,14.0444866005120126,-7.5511478123527063,1.7369754934402022,0.0008397199734351,0.0036691240586297,-0.0082697269507433,0.9999587211556129
639,16,269000000,16.269000000,14.0441193890125540,-7.5520914566078741,1.7409678204162389,0.0007254303828213,0.0035888827231171,-0.0082555967690302,0.9999592185652105
640,16,288000000,16.288000000,14.0438130200277644,-7.5529269092647704,1.7444679870073694,0.0006230623662035,0.0035176387871797,-0.0082434336183248,0.9999596410919948
641,16,302000000,16.302000000,14.0434863853980794,-7.5538759658296604,1.7484093307691526,0.0005061489023043,0.0034342659905384,-0.0082299479570878,0.9999601079978233
642,16,326000000,16.326000000,14.0431979621662482,-7.5547708993912481,1.7520940349167196,0.0003949651518347,0.0033543713668687,-0.0082175223336820,0.9999605314820967
643,16,335000000,16.335000000,14.0428948489385732,-7.5557800550896355,1.7562104996955088,0.0002663010007992,0.0032630531989637,-0.0082038621173266,0.9999609883460242
644,16,361000000,16.361000000,14.0426282531818387,-7.5567349632905225,1.7600701671395642,0.0001408081621683,0.0031765579098638,-0.0081912736493198,0.9999613955993045
645,16,365000000,16.365000000,14.0424372822395096,-7.5574656323885989,1.7630032582618926,0.0000428535852979,0.0031095792559866,-0.0081818703516180,0.9999616921052378
646,16,387000000,16.387000000,14.0421910655600470,-7.5584767314325374,1.7670382785485421,-0.0000944275783118,0.0030151843378054,-0.0081691922599884,0.9999620813034166
647,16,400000000,16.400000000,14.0419765294865257,-7.5594302905366018,1.7708214168393135,-0.0002258081402965,0.0029261177003545,-0.0081575402138515,0.9999624199856447
648,16,418000000,16.418000000,14.0417792435644753,-7.5603814624746590,1.7745778655450710,-0.0003582282225660,0.0028365148333913,-0.0081461706534398,0.9999627321854678
649,16,435000000,16.435000000,14.0415890540253194,-7.5613865339359627,1.7785265051677710,-0.0005024021886650,0.0027400263725198,-0.0081344695320028,0.9999630344432497
650,16,455000000,16.455000000,14.0414272499160955,-7.5623323166555476,1.7822289071222885,-0.0006408251983561,0.0026458976120927,-0.0081237448058282,0.9999632959960186
651,16,466000000,16.466000000,14.0413048683558390,-7.5631067295100456,1.7852585454072425,-0.0007536264327074,0.0025697827009628,-0.0081151094730186,0.9999634859645179
652,16,483000000,16.483000000,14.0411689918309559,-7.5640403736462103,1.7889140606095726,-0.0008878417763024,0.0024790753411886,-0.0081048228795311,0.9999636882249897
653,16,500000000,16.500000000,14.0410478600959241,-7.5649662708586298,1.7925442288562565,-0.0010196729550751,0.0023875958266112,-0.0080947665459279,0.9999638665510872
654,16,517000000,16.517000000,14.0409401909196383,-7.5658844665682832,1.7961491399434952,-0.0011507372410830,0.0022968694967546,-0.0080849156144295,0.9999640165195067
655,16,534000000,16.534000000,14.0408463516421342,-7.5667947751552660,1.7997287808984894,-0.0012821359273875,0.0022050302815693,-0.0080752943961646,0.9999641411517397
656,16,551000000,16.551000000,14.0407663181323201,-7.5676962585213783,1.8032831273236234,-0.0014134231216150,0.0021110236391469,-0.0080658603966416,0.9999642432158943
657,16,568000000,16.568000000,14.0406978072238289,-7.5685886136613121,1.8068122806685745,-0.0015454990570608,0.0020184236318113,-0.0080566090245593,0.9999643135881062
658,16,585000000,16.585000000,14.0406413631186897,-7.5694709026643139,1.8103163366260224,-0.0016779122066871,0.0019249965232977,-0.0080475408403341,0.9999643574075203
659,16,602000000,16.602000000,14.0405949702704849,-7.5703415137732026,1.8137954959070255,-0.0018088644581887,0.0018337985835224,-0.0080386138366134,0.9999643723051901
660,16,625000000,16.625000000,14.0405607672480528,-7.5711498071504959,1.8170473657607895,-0.0019311933484852,0.0017484430497671,-0.0080303311876889,0.9999643629750855
661,16,635000000,16.635000000,14.0405341346216588,-7.5719959866319249,1.8204785901793668,-0.0020598665804460,0.0016579422930739,-0.0080216132006051,0.9999643303131784
662,16,652000000,16.652000000,14.0405169312704068,-7.5728280694504617,1.8238854665324169,-0.0021863923397204,0.0015677680123003,-0.0080129642964656,0.9999642764595044
663,16,670000000,16.670000000,14.0405083731540241,-7.5736457402324167,1.8272683190169756,-0.0023115516204619,0.0014784589520347,-0.0080043993015316,0.9999641995991930
664,16,684000000,16.684000000,14.0405076802419906,-7.5743541014088400,1.8302334786485557,-0.0024196116457131,0.0014001999922552,-0.0079969087902477,0.9999641165408217
665,16,701000000,16.701000000,14.0405136128462527,-7.5751422465267595,1.8335718175425753,-0.0025410467485977,0.0013133330856048,-0.0079884809371154,0.9999640005569925
666,16,719000000,16.719000000,14.0405248756745404,-7.5759130961127799,1.8368866744411345,-0.0026591703570751,0.0012311642191673,-0.0079801241038287,0.9999638646806018
667,16,735000000,16.735000000,14.0405436749685588,-7.5766668921353375,1.8401780959653831,-0.0027757531325646,0.0011481502411886,-0.0079717950034607,0.9999637130566257
668,16,758000000,16.758000000,14.0405621316744540,-7.5772304160847685,1.8426792995295038,-0.0028617913187379,0.0010855773430783,-0.0079654391026689,0.9999635910632856
669,16,766000000,16.766000000,14.0405914794862863,-7.5779911442694878,1.8461200321186253,-0.0029754235050453,0.0010035890828411,-0.0079566364937383,0.9999634151305862
670,16,782000000,16.782000000,14.0406220743642134,-7.5786483278385610,1.8491565215879542,-0.0030721272418937,0.0009327701211076,-0.0079487740358805,0.9999632538075773
671,16,797000000,16.797000000,14.0406529191672220,-7.5792478714933056,1.8519844908463272,-0.0031593670021530,0.0008709364953597,-0.0079413536167794,0.9999630967053235
672,16,815000000,16.815000000,14.0406907716226321,-7.5799077271173543,1.8551675564269048,-0.0032546710894918,0.0008046996216766,-0.0079329028287859,0.9999629136259640
673,16,831000000,16.831000000,14.0407347783897212,-7.5805468231338589,1.8583273525586668,-0.0033473170307068,0.0007354335005831,-0.0079244025763261,0.9999627285304541
674,16,853000000,16.853000000,14.0407857804755807,-7.5811636001820970,1.8614639332639811,-0.0034350698484594,0.0006606076464555,-0.0079158396075826,0.9999625509867760
675,16,865000000,16.865000000,14.0408408561493694,-7.5817573625319561,1.8645772417291759,-0.0035174774372469,0.0005853772390806,-0.0079071757570519,0.9999623799211216
676,16,882000000,16.882000000,14.0408873652990902,-7.5822305243088506,1.8671236675325846,-0.0035849945540907,0.0005263972610861,-0.0079000178522523,0.9999622295056473
677,16,896000000,16.896000000,14.0409452083990693,-7.5827854781793356,1.8701944246156295,-0.0036664916357853,0.0004577347683227,-0.0078913607842495,0.9999620361508428
678,16,915000000,16.915000000,14.0409908985645409,-7.5831944215736424,1.8725268534350623,-0.0037270284669860,0.0004060410666392,-0.0078847535448499,0.9999618867991897
679,16,926000000,16.926000000,14.0410536403635327,-7.5837081715201249,1.8755562660155314,-0.0038027817304877,0.0003366282313064,-0.0078761050571129,0.9999616955172200
680,16,945000000,16.945000000,14.0411000429496173,-7.5840561527554637,1.8776805912616057,-0.0038536559484566,0.0002858474457658,-0.0078699874429849,0.9999615647237227
681,16,955000000,16.955000000,14.0411465992747466,-7.5843914775652843,1.8797933118444603,-0.0039016357613029,0.0002365536001546,-0.0078638695236699,0.9999614396749982
682,16,967000000,16.967000000,14.0412127533516564,-7.5848449953491022,1.8827664190186084,-0.0039654155267717,0.0001688356890228,-0.0078552022990547,0.9999612706355437
683,16,990000000,16.990000000,14.0412742123454617,-7.5852480678749599,1.8855433368736265,-0.0040200181014410,0.0001088378603677,-0.0078470736758346,0.9999611247661132
684,17,0,17.000000000,14.0413371860929459,-7.5856498134825472,1.8884711804834617,-0.0040702325688234,0.0000514085826245,-0.0078384711606895,0.9999609937061826
685,17,17000000,17.017000000,14.0413989831106552,-7.5860256723092903,1.8913757440433310,-0.0041158306958584,-0.0000027086956030,-0.0078298711854890,0.9999608757584292
686,17,34000000,17.034000000,14.0414611933210729,-7.5863749281448785,1.8942571756972222,-0.0041557437742463,-0.0000574136439931,-0.0078212633637740,0.9999607763991299
687,17,51000000,17.051000000,14.0415222479635986,-7.5866969451635171,1.8971156992116258,-0.0041890558822145,-0.0001100935609821,-0.0078126696453177,0.9999607001693800
688,17,68000000,17.068000000,14.0415802103962317,-7.5869922423097726,1.8999515049202285,-0.0042171608375921,-0.0001573735277052,-0.0078040576014905,0.9999606429620095
689,17,85000000,17.085000000,14.0416347320674664,-7.5872605667902961,1.9027647963743795,-0.0042397738411627,-0.0001990795758844,-0.0077954136311683,0.9999606073298174
690,17,102000000,17.102000000,14.0416867846084816,-7.5875002755414389,1.9055557273885999,-0.0042536574086632,-0.0002376731903850,-0.0077868181030166,0.9999606069110597
691,17,119000000,17.119000000,14.0417371701813405,-7.5877115667046953,1.9083243465321449,-0.0042592723255917,-0.0002752581354866,-0.0077782882274112,0.9999606397576190
692,17,136000000,17.136000000,14.0417861883912742,-7.5878947059081208,1.9110706354973463,-0.0042571288542136,-0.0003128882333192,-0.0077698436022969,0.9999607034705253
693,17,154000000,17.154000000,14.0418325613151111,-7.5880504299733147,1.9137946854756327,-0.0042486463259013,-0.0003483701809909,-0.0077615016520272,0.9999607925987498
694,17,167000000,17.167000000,14.0418666417404108,-7.5881578987288680,1.9160213918597089,-0.0042364083821393,-0.0003718852167962,-0.0077547702970131,0.9999608882766594
695,17,184000000,17.184000000,14.0419048273797529,-7.5882628227119593,1.9187051266411554,-0.0042141936317618,-0.0003974833168027,-0.0077467052452708,0.9999610348093019
696,17,201000000,17.201000000,14.0419411133107559,-7.5883401171778511,1.9213667573776794,-0.0041844135547231,-0.0004234333715053,-0.0077387569817433,0.9999612107615777
697,17,218000000,17.218000000,14.0419755145829885,-7.5883898828407705,1.9240062645075482,-0.0041468337445694,-0.0004500607994925,-0.0077309614735811,0.9999614159805695
698,17,235000000,17.235000000,14.0420065002636321,-7.5884134428241206,1.9266239287547964,-0.0041036805985943,-0.0004745280675953,-0.0077233037271350,0.9999616418684250
699,17,253000000,17.253000000,14.0420347398890328,-7.5884115128739378,1.9293720150880418,-0.0040547490835159,-0.0004966662830109,-0.0077153413171600,0.9999618921943140
700,17,277000000,17.277000000,14.0420587011868285,-7.5883834121984437,1.9319452448735217,-0.0040029422178429,-0.0005175593106147,-0.0077079765009341,0.9999621471256908
701,17,287000000,17.287000000,14.0420803718432357,-7.5883294915270012,1.9344969989228775,-0.0039443861433158,-0.0005393722528185,-0.0077007330544105,0.9999624240970008
702,17,303000000,17.303000000,14.0420982069509233,-7.5882553646688296,1.9368792720092891,-0.0038828615125075,-0.0005599962441306,-0.0076940349189476,0.9999627051132194
703,17,321000000,17.321000000,14.0421125235053186,-7.5881522002452826,1.9393902033944501,-0.0038108028708851,-0.0005783017507974,-0.0076870388965774,0.9999630257072342
704,17,335000000,17.335000000,14.0421218888949806,-7.5880406231290918,1.9415886367254211,-0.0037414535007413,-0.0005929697866937,-0.0076810196405692,0.9999633252523890
705,17,352000000,17.352000000,14.0421305597792543,-7.5878931835647165,1.9440611769644986,-0.0036601494960245,-0.0006117422878477,-0.0076744317812225,0.9999636654268370
706,17,377000000,17.377000000,14.0421363188523305,-7.5877119210677639,1.9466575771523844,-0.0035681002185405,-0.0006318960308097,-0.0076676563379834,0.9999640375606111
707,17,387000000,17.387000000,14.0421362630228543,-7.5875173541403749,1.9490897227977677,-0.0034752082023250,-0.0006467463543163,-0.0076613528963505,0.9999644035258962
708,17,408000000,17.408000000,14.0421309643697736,-7.5872999891367883,1.9515026985295805,-0.0033751625173344,-0.0006578926320304,-0.0076551620555488,0.9999647863545844
709,17,421000000,17.421000000,14.0421214476033533,-7.5870601868331544,1.9538967562296385,-0.0032674559474927,-0.0006675719450092,-0.0076491291742523,0.9999651838450202
710,17,446000000,17.446000000,14.0421086188175597,-7.5867994099369520,1.9562721805905747,-0.0031537707779097,-0.0006777754091358,-0.0076432761863337,0.9999655867476213
711,17,456000000,17.456000000,14.0420906342087513,-7.5865004766521942,1.9587673858709076,-0.0030254406114202,-0.0006876338438837,-0.0076372331719040,0.9999660226919120
712,17,479000000,17.479000000,14.0420674476246887,-7.5861985379454548,1.9611055169030285,-0.0028992045230365,-0.0006919631493312,-0.0076316455581758,0.9999664363298441
713,17,490000000,17.490000000,14.0420382372365484,-7.5858777539681350,1.9634259326497516,-0.0027669423474376,-0.0006914960408552,-0.0076261087871412,0.9999668536146776
714,17,507000000,17.507000000,14.0420070915918025,-7.5855391331202915,1.9657289157844067,-0.0026290729701379,-0.0006946648684800,-0.0076206171126949,0.9999672652696486
715,17,524000000,17.524000000,14.0419736428443116,-7.5851848695585868,1.9680147560473138,-0.0024884678084704,-0.0007007639779830,-0.0076151237643920,0.9999676626510811
716,17,544000000,17.544000000,14.0419367736309848,-7.5848158853532066,1.9702838477042435,-0.0023453578766798,-0.0007075575705137,-0.0076096096291593,0.9999680457394658
717,17,558000000,17.558000000,14.0418987937378166,-7.5844316822761657,1.9725365587058992,-0.0021969623533622,-0.0007198664158320,-0.0076040288800006,0.9999684164480163
718,17,575000000,17.575000000,14.0418584080177364,-7.5840357119091539,1.9747734508073389,-0.0020486527795626,-0.0007351981202357,-0.0075984298021146,0.9999687626971431
719,17,592000000,17.592000000,14.0418155800923952,-7.5836298935940087,1.9769949586436137,-0.0019026197529302,-0.0007536714412784,-0.0075928893126411,0.9999690795466230
720,17,609000000,17.609000000,14.0417683215249642,-7.5832133428484951,1.9792015836473500,-0.0017553270264184,-0.0007713676516101,-0.0075873412257787,0.9999693775671833
721,17,626000000,17.626000000,14.0417155337734432,-7.5827868777665826,1.9813938528331694,-0.0016067278377146,-0.0007862231159733,-0.0075817249429495,0.9999696584025722
722,17,653000000,17.653000000,14.0416615100992654,-7.5823522043563552,1.9835723668870453,-0.0014585074364534,-0.0008072787173080,-0.0075757363434041,0.9999699141854147
723,17,660000000,17.660000000,14.0416040082713725,-7.5819134038052605,1.9857412396005936,-0.0013171453371893,-0.0008300890371973,-0.0075523391472507,0.9999702686849025
724,17,677000000,17.677000000,14.0415384592923758,-7.5814855323352752,1.9879253658155311,-0.0012111625791959,-0.0008452730900225,-0.0074354684924928,0.9999712657906261
725,17,692000000,17.692000000,14.0414692331945172,-7.5811434650163507,1.9899088281702459,-0.0011991867719742,-0.0008425688044034,-0.0071456422977868,0.9999733955586257
726,17,709000000,17.709000000,14.0413683768795288,-7.5808348187975243,1.9922954507007569,-0.0013562153920833,-0.0008012146997031,-0.0064478910568420,0.9999779714752393
727,17,727000000,17.727000000,14.0412344746791078,-7.5806287653790276,1.9950584640926272,-0.0017801527437377,-0.0007086573612083,-0.0050988537867503,0.9999851651654712
728,17,744000000,17.744000000,14.0410879972501945,-7.5805540680165420,1.9977954080122822,-0.0024382665668533,-0.0005825988742918,-0.0031193747404890,0.9999919924359040
729,17,761000000,17.761000000,14.0409305739606971,-7.5805758798588414,2.0004698736755411,-0.0033101435065224,-0.0004308402821262,-0.0003753110192355,0.9999943582182134
730,17,778000000,17.778000000,14.0407724035914416,-7.5806593088010930,2.0029425032324863,-0.0043312225241349,-0.0002686329888726,0.0031483158168249,0.9999856281243652
731,17,794000000,17.794000000,14.0406367294114496,-7.5807613124799591,2.0050239176277787,-0.0053696825312284,-0.0001303142296774,0.0071669704459416,0.9999598912268144
732,17,807000000,17.807000000,14.0405448673653463,-7.5808419632872237,2.0065212422861971,-0.0062362952802481,-0.0000440069091121,0.0109264578801331,0.9999208564695323
733,17,825000000,17.825000000,14.0404567374212537,-7.5809246571065367,2.0082971804036833,-0.0074283939979223,0.0000153037277367,0.0168528661451644,0.9998303854309993
734,17,842000000,17.842000000,14.0404177343538858,-7.5809494275969991,2.0096589375005509,-0.0085124850427116,0.0000035199328767,0.0232068392065899,0.9996944434176110
735,17,859000000,17.859000000,14.0404223469534308,-7.5809026364313148,2.0107232694788655,-0.0095289076379058,-0.0000753022723638,0.0302841913077724,0.9994959039463995
736,17,877000000,17.877000000,14.0404668515626501,-7.5807700935671685,2.0115023372344343,-0.0104613168813577,-0.0002148795674699,0.0380751236052953,0.9992200956937970
737,17,893000000,17.893000000,14.0405462008376762,-7.5805403426351399,2.0120098376679310,-0.0112982972877046,-0.0004077253818815,0.0465689127468032,0.9988510993156048
738,17,910000000,17.910000000,14.0406548144708978,-7.5802019609922233,2.0122596829403627,-0.0120275534050445,-0.0006468985377927,0.0557549278164269,0.9983718282812049
739,17,927000000,17.927000000,14.0407860397242867,-7.5797460210530536,2.0122660638109733,-0.0126406889861050,-0.0009246124471912,0.0656228463996719,0.9977640002045495
740,17,945000000,17.945000000,14.0409399821041685,-7.5791290135076936,2.0120235141180842,-0.0131599869703288,-0.0012485314969310,0.0768025402376605,0.9969586880734249
741,17,970000000,17.970000000,14.0410884234411828,-7.5784160831874230,2.0115746037828530,-0.0135274017803018,-0.0015680039676712,0.0880393502742542,0.9960239071266908
742,17,979000000,17.979000000,14.0412312234339360,-7.5775730176525880,2.0109277722231700,-0.0137727826686299,-0.0018919914869789,0.0999218456770658,0.9948981634229025
743,18,3000000,18.003000000,14.0413668296667442,-7.5765368626426426,2.0100436632654071,-0.0138994987426740,-0.0022309252231974,0.1131935218513700,0.9934732273786920
744,18,14000000,18.014000000,14.0414712791890217,-7.5754248196332741,2.0090361531810448,-0.0138988286262752,-0.0025385068663029,0.1263656420524879,0.9918831095720754
745,18,36000000,18.036000000,14.0415458303384781,-7.5741837014333457,2.0078756319165758,-0.0137819250878209,-0.0028297121477637,0.1401430002232532,0.9900313079688237
746,18,48000000,18.048000000,14.0415823657269598,-7.5728171917165232,2.0065840677026223,-0.0135541717978039,-0.0030976137825750,0.1544957442978999,0.9878956190861298
747,18,71000000,18.071000000,14.0415744432339054,-7.5714141541113547,2.0053034728894090,-0.0132320889977369,-0.0033245591054929,0.1684791023930485,0.9856108010692368
748,18,73000000,18.073000000,14.0415492680521172,-7.5705729980407197,2.0045856268553051,-0.0130000632506432,-0.0034409531528560,0.1765285552438078,0.9842036513752696
749,18,91000000,18.091000000,14.0414450757470455,-7.5687748771039542,2.0032358792955738,-0.0124153994095198,-0.0036424795285886,0.1929826782991550,0.9811168513876779
750,18,107000000,18.107000000,14.0412813253193764,-7.5670459517918207,2.0022368316886441,-0.0117529345540344,-0.0037772812592002,0.2079540172961447,0.9780606971788879
751,18,124000000,18.124000000,14.0410219477841949,-7.5650747102842688,2.0015224069365747,-0.0108932872920950,-0.0038659161089213,0.2241502750526402,0.9744860415513588
752,18,141000000,18.141000000,14.0406669484308484,-7.5629705880393017,2.0012833763604272,-0.0098715274053506,-0.0038956971270575,0.2405788182487799,0.9705715886530989
753,18,158000000,18.158000000,14.0402157709454425,-7.5607425763123493,2.0015461304595705,-0.0086890701341056,-0.0038745903043782,0.2571678166053583,0.9663199272045520
754,18,176000000,18.176000000,14.0396655834265474,-7.5584018542780305,2.0022791386151484,-0.0073458829039687,-0.0038028225905864,0.2738392629881223,0.9617398996562573
755,18,193000000,18.193000000,14.0389758926484340,-7.5558250029259630,2.0035100932190097,-0.0057711472017730,-0.0036704897378671,0.2914944286789315,0.9565480748055495
756,18,210000000,18.210000000,14.0382279311768023,-7.5533177414144106,2.0050445357622508,-0.0041545369979087,-0.0034978654083026,0.3080892638077370,0.9513419523422296
757,18,227000000,18.227000000,14.0373916253110860,-7.5507634433477353,2.0068885600103026,-0.0024372212813722,-0.0032798172498347,0.3245322272803096,0.9458658130029411
758,18,244000000,18.244000000,14.0364783723398112,-7.5481835074695818,2.0089993684847363,-0.0006422040859710,-0.0030271937941918,0.3407548830148988,0.9401470807129845
759,18,261000000,18.261000000,14.0354949264333442,-7.5455999415972697,2.0113419398613956,0.0012094780731458,-0.0027381943491016,0.3566945954633822,0.9342162517435196
760,18,279000000,18.279000000,14.0345166964952277,-7.5431852976049401,2.0137338558563234,0.0029802418432143,-0.0024386287966003,0.3713861548219016,0.9284705139393231
761,18,294000000,18.294000000,14.0334355271823270,-7.5406559324298605,2.0164559065272543,0.0048705888985592,-0.0021002453533574,0.3866149519218601,0.9222259730042820
762,18,311000000,18.311000000,14.0323256808945267,-7.5381841496317836,2.0193498124023077,0.0067449533687530,-0.0017462489027416,0.4014045258691117,0.9158743706593261
763,18,336000000,18.336000000,14.0311989669609609,-7.5357837417747264,2.0224048466918974,0.0085921930385421,-0.0013794932570983,0.4157128844883584,0.9094542698165262
764,18,345000000,18.345000000,14.0300697613831087,-7.5334742192138648,2.0256134490613222,0.0103873340778905,-0.0010007212790136,0.4295034751157482,0.9030049095720200
765,18,371000000,18.371000000,14.0289539316786591,-7.5312666462948110,2.0289699526425466,0.0121186043637905,-0.0006186458675379,0.4427453006274074,0.8965653102133224
766,18,375000000,18.375000000,14.0281219672710815,-7.5296549968279631,2.0316328771814938,0.0133872800327635,-0.0003325097031583,0.4524853606701421,0.8916712783026226
767,18,398000000,18.398000000,14.0270728053808078,-7.5276551762457107,2.0352375066079644,0.0149658802116120,0.0000312718084372,0.4646990498668094,0.8853422019222004
768,18,409000000,18.409000000,14.0260731410963277,-7.5257890780920205,2.0389785140101626,0.0164440523360781,0.0003963756715053,0.4763035384670764,0.8791270529751872
769,18,434000000,18.434000000,14.0251935085502364,-7.5241580316577439,2.0426204710241640,0.0177377739909179,0.0007271807215451,0.4866564216638629,0.8734130579716392
770,18,443000000,18.443000000,14.0242896437130060,-7.5224762846447657,2.0468524498742613,0.0190673231026310,0.0010799971802541,0.4976341493661282,0.8671767548662963
771,18,465000000,18.465000000,14.0235303685449857,-7.5210409067099544,2.0509742416642807,0.0201960744357788,0.0013922984841133,0.5073442019752074,0.8615056823982391
772,18,477000000,18.477000000,14.0228739589133511,-7.5197572431923438,2.0552100341077724,0.0211961707991807,0.0016805441752417,0.5164119785552668,0.8560762620931395
773,18,499000000,18.499000000,14.0223295236140650,-7.5186259706906666,2.0595506132032018,0.0220664432072487,0.0019412707067916,0.5248375723474856,0.8509141121197967
774,18,511000000,18.511000000,14.0219062293467740,-7.5176487509361856,2.0639810064357422,0.0228015121157303,0.0021711734443947,0.5326246877993260,0.8460415586706016
775,18,533000000,18.533000000,14.0216223883691455,-7.5168694343449722,2.0682149638436678,0.0233708216649097,0.0023612245093964,0.5393759762050934,0.8417373614176370
776,18,543000000,18.543000000,14.0214536852777893,-7.5162255294787608,2.0724949492301059,0.0238213388354741,0.0025254864410029,0.5455732751274956,0.8377206976080869
777,18,565000000,18.565000000,14.0214045876722526,-7.5156612808389518,2.0773488504423567,0.0241883312769567,0.0026804269318428,0.5518917816322741,0.8335605564734054
778,18,578000000,18.578000000,14.0214999129311710,-7.5152814224901006,2.0819585210145277,0.0243993713296851,0.0027933141663956,0.5572333427870686,0.8299926925949609
779,18,593000000,18.593000000,14.0217005655834903,-7.5150665425604712,2.0860399342185509,0.0244793261030670,0.0028631646203188,0.5614494780015483,0.8271439104132275
780,18,610000000,18.610000000,14.0220604920861511,-7.5149571228588803,2.0906752708706278,0.0244518972057953,0.0029094284817607,0.5656742254662817,0.8242610694386028
781,18,630000000,18.630000000,14.0225593303558398,-7.5149867829104355,2.0953109073082485,0.0243045616838771,0.0029232129321014,0.5693224170403364,0.8217497968133959
782,18,644000000,18.644000000,14.0231948037182956,-7.5151510270569393,2.0999334454643011,0.0240435629419394,0.0029053123891693,0.5724072413026567,0.8196117473201934
783,18,668000000,18.668000000,14.0240131851261509,-7.5154654166205894,2.1047973005118079,0.0236519239385388,0.0028514356675088,0.5750754511609809,0.8177534355052469
784,18,679000000,18.679000000,14.0249198996463544,-7.5158913115968566,2.1093458880953495,0.0231770058839485,0.0027693325865380,0.5770467303784045,0.8163775034595658
785,18,696000000,18.696000000,14.0259507715697200,-7.5164372091000136,2.1138346236616026,0.0226083188863631,0.0026594534643410,0.5785011898848845,0.8153638234102468
786,18,713000000,18.713000000,14.0271020510606217,-7.5170960164278604,2.1182475773226361,0.0219539749728136,0.0025178307885729,0.5794552461685851,0.8147044256653561
787,18,730000000,18.730000000,14.0283679128363588,-7.5178628194799098,2.1225689276452009,0.0212201566246491,0.0023457634489893,0.5799258921576286,0.8143894412084708
788,18,747000000,18.747000000,14.0297423848462159,-7.5187345778698980,2.1267832536359865,0.0204094451573409,0.0021463176458198,0.5799306116670531,0.8144073510967410
789,18,766000000,18.766000000,14.0312177871410295,-7.5197023059658648,2.1308760677664114,0.0195358839694718,0.0019177140940887,0.5794870597894680,0.8147450025294676
790,18,780000000,18.780000000,14.0326942992206050,-7.5206955528520103,2.1346048102185784,0.0186606686045894,0.0016729065053984,0.5786763898680454,0.8153420243311024
791,18,797000000,18.797000000,14.0342496036732562,-7.5217642489833265,2.1382032338416548,0.0177399120910647,0.0014005942127478,0.5775000467072855,0.8161966857981816
792,18,811000000,18.811000000,14.0357730240158034,-7.5228321430882792,2.1414500082113657,0.0168386812232325,0.0011238251429914,0.5760793555198943,0.8172195371963972
793,18,833000000,18.833000000,14.0376761969833268,-7.5241901620381118,2.1451744319167312,0.0157202709951903,0.0007635738441533,0.5739872718956740,0.8187129544208910
794,18,846000000,18.846000000,14.0395439112362030,-7.5255446516598079,2.1485114160425804,0.0146290931137681,0.0003918488610205,0.5716436966670190,0.8203714525445189
795,18,865000000,18.865000000,14.0414709029610858,-7.5269665517558098,2.1516660104201559,0.0135067097819465,-0.0000044929546950,0.5689635240322810,0.8222518331335283
796,18,880000000,18.880000000,14.0434473551630088,-7.5284521432094937,2.1546328083365074,0.0123589069725519,-0.0004195881476451,0.5659677223085673,0.8243346521098592
797,18,898000000,18.898000000,14.0454660896278885,-7.5299947126113604,2.1574084322918794,0.0111932859471633,-0.0008555548365114,0.5626779211923181,0.8265999851066526
798,18,914000000,18.914000000,14.0475202676386175,-7.5315909626713591,2.1599909629007681,0.0100111147958823,-0.0013111047732432,0.5591160127108440,0.8290279506235870
799,18,931000000,18.931000000,14.0494786317888387,-7.5331368564651422,2.1622450272642846,0.0088901380180343,-0.0017574117109579,0.5555351138191746,0.8314436927802238
800,18,947000000,18.947000000,14.0515790166052739,-7.5348216054812660,2.1644534957447998,0.0076932242030471,-0.0022492030259838,0.5515089242649955,0.8341304825044922
801,18,973000000,18.973000000,14.0538181047328319,-7.5366519613231100,2.1665854978698258,0.0064150149472223,-0.0027861098428361,0.5470219891398692,0.8370890206976982
802,18,982000000,18.982000000,14.0559358489092610,-7.5384181848877372,2.1684087441212778,0.0052078269712161,-0.0033031683543546,0.5425985813201116,0.8399694918069720
803,18,999000000,18.999000000,14.0580500001682474,-7.5402134214601162,2.1700539646857386,0.0040078069112612,-0.0038334895973943,0.5380198289054812,0.8429139372117331
804,19,13000000,19.013000000,14.0597811010000111,-7.5417119867567015,2.1712803281836521,0.0030267504302832,-0.0042738475376477,0.5341500374544417,0.8453734739725847
805,19,30000000,19.030000000,14.0618642842748738,-7.5435523622256477,2.1726204988073943,0.0018470254510759,-0.0048106012464193,0.5293520220955527,0.8483866355123592
806,19,47000000,19.047000000,14.0639214362791645,-7.5454118451888581,2.1738059935676945,0.0006797761691426,-0.0053498050649893,0.5244693575204395,0.8514122447511687
807,19,64000000,19.064000000,14.0659437389890325,-7.5472879513717093,2.1748475551407136,-0.0004742118760836,-0.0058845423743821,0.5195279849194262,0.8544330401908046
808,19,81000000,19.081000000,14.0679231325892538,-7.5491762097261663,2.1757565597993391,-0.0016116615288756,-0.0064110548979384,0.5145537455207504,0.8574326468550045
809,19,104000000,19.104000000,14.0698526091352374,-7.5510716937047944,2.1765447486856377,-0.0027297037454932,-0.0069275413326207,0.5095720956550964,0.8603957445374889
810,19,115000000,19.115000000,14.0717262839050221,-7.5529672163105941,2.1772241514079753,-0.0038226391971868,-0.0074361610102946,0.5046081362665502,0.8633080097813270
811,19,130000000,19.130000000,14.0733285101355019,-7.5546363635156339,2.1777432444908742,-0.0047656718105258,-0.0078774366181696,0.5002627524826099,0.8658247009892037
812,19,147000000,19.147000000,14.0750790077894070,-7.5565233455365899,2.1782519693090925,-0.0058126903199894,-0.0083606316260270,0.4953992356330520,0.8686057274760773
813,19,164000000,19.164000000,14.0767528810277494,-7.5583972684243701,2.1786880741415025,-0.0068273442731688,-0.0088252876411112,0.4906238208772684,0.8713000447928472
814,19,181000000,19.181000000,14.0783441778672760,-7.5602533100697116,2.1790641402870587,-0.0078077368087083,-0.0092694229295121,0.4859604973828007,0.8738967399114959
815,19,201000000,19.201000000,14.0798466364196670,-7.5620881685242951,2.1793923397357022,-0.0087541751782496,-0.0096885604371994,0.4814323432056040,0.8763859852423274
816,19,215000000,19.215000000,14.0812562481872732,-7.5638951963441325,2.1796842759004540,-0.0096629050737976,-0.0100851824707816,0.4770618382850914,0.8787587381142308
817,19,232000000,19.232000000,14.0825668020091275,-7.5656694436374972,2.1799510927902590,-0.0105306916489590,-0.0104556583349045,0.4728707881911097,0.8810068112209445
818,19,249000000,19.249000000,14.0837728766795287,-7.5674044317177440,2.1802029569414634,-0.0113518904047828,-0.0107988187856792,0.4688797069176373,0.8831230608119700
819,19,266000000,19.266000000,14.0848703975942371,-7.5690971885615381,2.1804492330905054,-0.0121280290704154,-0.0111121048501307,0.4651077236122408,0.8851012583161919
820,19,283000000,19.283000000,14.0858552297069810,-7.5707447701547546,2.1806983041464374,-0.0128601041674184,-0.0113924443299065,0.4615730481675793,0.8869358213187032
821,19,303000000,19.303000000,14.0867699069362509,-7.5724327348231713,2.1809735860726076,-0.0135797301467874,-0.0116521013166793,0.4581083035757647,0.8887162661158967
822,19,318000000,19.318000000,14.0875084604832672,-7.5739675196739702,2.1812514406630790,-0.0142013637168075,-0.0118608338780084,0.4551151954824987,0.8902403050464679
823,19,335000000,19.335000000,14.0881229238879264,-7.5754403009101887,2.1815526898743274,-0.0147650084131065,-0.0120342699276440,0.4524083118107852,0.8916074754500350
824,19,352000000,19.352000000,14.0886099178522937,-7.5768506225210484,2.1818823764216582,-0.0152741691307596,-0.0121667476267920,0.4500010549216720,0.8928144939341729
825,19,369000000,19.369000000,14.0889678775479865,-7.5781951786454238,2.1822446207784094,-0.0157280284514186,-0.0122582314018669,0.4479056982358931,0.8938584062208884
826,19,392000000,19.392000000,14.0891959785799781,-7.5794697725870268,2.1826427118821052,-0.0161239816425804,-0.0123104894941136,0.4461333876043472,0.8947365363776503
827,19,404000000,19.404000000,14.0892922561223823,-7.5806706686080343,2.1830787298645333,-0.0164583247455188,-0.0123224077415681,0.4446935180470455,0.8954467917307893
828,19,422000000,19.422000000,14.0892621276681336,-7.5817302975759917,2.1835245680700481,-0.0167139691349410,-0.0122980903038599,0.4436490179618116,0.8959603501674360
829,19,436000000,19.436000000,14.0891021207200211,-7.5827792926871842,2.1840362680851917,-0.0169227596920426,-0.0122352520913713,0.4428758828052556,0.8963397074994119
830,19,456000000,19.456000000,14.0888110278809080,-7.5837490802850045,2.1845869154198780,-0.0170696627617002,-0.0121340525781049,0.4424548102089846,0.8965462242986498
831,19,470000000,19.470000000,14.0883892555205161,-7.5846406904936998,2.1851755934840376,-0.0171582494118407,-0.0119923249054632,0.4423898370891626,0.8965785022298421
832,19,487000000,19.487000000,14.0878377152850689,-7.5854519204306294,2.1858009970669188,-0.0171857142547460,-0.0118115364478566,0.4426842187515854,0.8964350625118329
833,19,504000000,19.504000000,14.0871572616350687,-7.5861828871731758,2.1864613822674843,-0.0171525992205044,-0.0115907078468094,0.4433397602240048,0.8961145578753380
834,19,525000000,19.525000000,14.0863506806837187,-7.5868343336663022,2.1871546429789075,-0.0170614916430156,-0.0113316190739711,0.4443572252678696,0.8956155181015554
835,19,537000000,19.537000000,14.0854794622077168,-7.5873736029144210,2.1878349886031088,-0.0169214692066071,-0.0110571221414886,0.4456453621645323,0.8949813490297331
836,19,560000000,19.560000000,14.0844370331232458,-7.5878718111108938,2.1885848070635157,-0.0167211930909922,-0.0107308789832514,0.4473636653038925,0.8941314226128770
837,19,570000000,19.570000000,14.0833487717162669,-7.5882710053036888,2.1893130289445653,-0.0164847095927459,-0.0103928352489121,0.4493079612978296,0.8931643741437070
838,19,587000000,19.587000000,14.0820811628624654,-7.5886216985087023,2.1901076369418515,-0.0161817415385084,-0.0100015246455965,0.4517183473395817,0.8919577654924820
839,19,604000000,19.604000000,14.0807033537956148,-7.5888977519663596,2.1909206162286750,-0.0158266246871470,-0.0095809040793735,0.4544792873438398,0.8905651585389300
840,19,626000000,19.626000000,14.0793107811293208,-7.5890906728776759,2.1916996201140426,-0.0154465620144312,-0.0091626400179307,0.4573926648476201,0.8890834605892907
841,19,637000000,19.637000000,14.0777329711132566,-7.5892271110510254,2.1925389566073883,-0.0149960888087322,-0.0086950233218631,0.4608161059189114,0.8873263381730554
842,19,659000000,19.659000000,14.0760577716527262,-7.5892949702511361,2.1933871327384584,-0.0144981228362097,-0.0082046502463280,0.4645696452216165,0.8853798805525361
843,19,670000000,19.670000000,14.0743952560860741,-7.5892987835307970,2.1941904674463322,-0.0139870987571745,-0.0077219218943560,0.4683962135676649,0.8833740544673524
844,19,695000000,19.695000000,14.0725428598437645,-7.5892421595740762,2.1950460694172245,-0.0134022988150098,-0.0071890773772168,0.4727651530322835,0.8810572090569937
845,19,704000000,19.704000000,14.0706096681231898,-7.5891264598382362,2.1959004108208275,-0.0127799532183259,-0.0066422487617934,0.4774362798367863,0.8785483208240362
846,19,726000000,19.726000000,14.0687202609395712,-7.5889662913407374,2.1967000537864894,-0.0121607283161065,-0.0061152138380313,0.4820990040993308,0.8760109994132325
847,19,737000000,19.737000000,14.0666444953834358,-7.5887459177914565,2.1975414711782424,-0.0114722388681923,-0.0055444213808952,0.4873253163713413,0.8731275297174372
848,19,757000000,19.757000000,14.0647591874099636,-7.5885105655346372,2.1982740839920742,-0.0108395919896447,-0.0050342508608183,0.4921599520357262,0.8704227370513480
849,19,769000000,19.769000000,14.0625669995742122,-7.5882000983445357,2.1990901045048279,-0.0100955663976371,-0.0044514696766263,0.4978803064174572,0.8671755672518039
850,19,793000000,19.793000000,14.0603202483935696,-7.5878468954019160,2.1998875532797242,-0.0093245478799207,-0.0038633181567272,0.5038438838812943,0.8637357629825615
851,19,803000000,19.803000000,14.0580256968212911,-7.5874526332924930,2.2006629517798810,-0.0085264841122304,-0.0032753185347168,0.5100365865254050,0.8601042098273285
852,19,822000000,19.822000000,14.0561045447640076,-7.5871015620643520,2.2012827737943450,-0.0078542246950774,-0.0027908754584357,0.5152981359899765,0.8569704506071785
853,19,835000000,19.835000000,14.0535993177304483,-7.5866159369095332,2.2020518980543455,-0.0069685295467776,-0.0021739683728303,0.5222637916961952,0.8527527457244467
854,19,852000000,19.852000000,14.0516265695162925,-7.5862146339353460,2.2026266054105070,-0.0062645247731567,-0.0016975726750063,0.5278274549918253,0.8493268226856092
855,19,866000000,19.866000000,14.0492091302524571,-7.5857038622157376,2.2032946384230492,-0.0053973368952323,-0.0011255822875845,0.5347425812428528,0.8449970258081884
856,19,883000000,19.883000000,14.0467769502154223,-7.5851714385602431,2.2039278999489049,-0.0045242877712971,-0.0005676699254219,0.5418191493661840,0.8404827291212610
857,19,900000000,19.900000000,14.0443329887909698,-7.5846202925329118,2.2045249757456982,-0.0036435087519433,-0.0000205714302073,0.5490424493654452,0.8357865237102016
858,19,919000000,19.919000000,14.0418851484472516,-7.5840543154736562,2.2050848784661303,-0.0027604109479374,0.0005115915415757,0.5563978888037197,0.8309112514223507
859,19,934000000,19.934000000,14.0394382885993778,-7.5834782151849103,2.2056068513771359,-0.0018785253581276,0.0010310485097958,0.5638709280687987,0.8258601483061651
860,19,951000000,19.951000000,14.0369995756877941,-7.5828932254572727,2.2060905334546845,-0.0009983124442461,0.0015321992348451,0.5714464673660402,0.8206373076290412
861,19,968000000,19.968000000,14.0345748496427216,-7.5823032179773424,2.2065359105930651,-0.0001234685240456,0.0020148497795264,0.5791092197753299,0.8152474696109754
862,19,986000000,19.986000000,14.0321726731707681,-7.5817098473628759,2.2069430011404680,0.0007425001899205,0.0024717161298852,0.5868440934390297,0.8096958375270091
863,20,2000000,20.002000000,14.0297954305649668,-7.5811181619941701,2.2073121092207812,0.0015975011001043,0.0029099957551361,0.5946359126551577,0.8039882532075378
864,20,21000000,20.021000000,14.0273115852616872,-7.5804962322737026,2.2076620817922197,0.0024890363985968,0.0033526943912833,0.6029315715981113,0.7977819778036833
865,20,37000000,20.037000000,14.0250034003069306,-7.5799144927893254,2.2079546182253984,0.0033173221154262,0.0037471794322357,0.6107938413399995,0.7917738549620167
866,20,55000000,20.055000000,14.0227375859291836,-7.5793405607678102,2.2082112102530038,0.0041298729722572,0.0041172169393564,0.6186679839592186,0.7856309046223572
867,20,71000000,20.071000000,14.0205192895160078,-7.5787792668552099,2.2084328175395460,0.0049205322739697,0.0044655002960090,0.6265400385938318,0.7793609097896089
868,20,87000000,20.087000000,14.0184778311309906,-7.5782629933153913,2.2086104131518485,0.0056472947180978,0.0047736303227437,0.6339349999145231,0.7733509787924772
869,20,104000000,20.104000000,14.0163647172712036,-7.5777297342583516,2.2087673809323687,0.0063955124665139,0.0050772661171120,0.6417642979507486,0.7668584645583887
870,20,115000000,20.115000000,14.0150298851120336,-7.5773932967720574,2.2088523133711466,0.0068671579691620,0.0052603582509858,0.6468088241943529,0.7626031180875257
871,20,133000000,20.133000000,14.0129033729047823,-7.5768596760938118,2.2089642831059129,0.0076161940792317,0.0055398227422893,0.6550168082187154,0.7555556133751493
872,20,150000000,20.150000000,14.0109651114166578,-7.5763793044947745,2.2090408087449513,0.0082914665987829,0.0057841871959975,0.6627044866716145,0.7488127657201330
873,20,167000000,20.167000000,14.0090981123155434,-7.5759213490793940,2.2090906300625277,0.0089385742314233,0.0060085567602247,0.6703179445861365,0.7419958573349220
874,20,184000000,20.184000000,14.0073083863758310,-7.5754863502674255,2.2091155841525572,0.0095544061808234,0.0062088264595808,0.6778463277848831,0.7351153104820191
875,20,201000000,20.201000000,14.0055984356633196,-7.5750760743844276,2.2091174261439113,0.0101383605696995,0.0063879024313358,0.6852795345350851,0.7281815487190427
876,20,219000000,20.219000000,14.0039727116610955,-7.5746935023428872,2.2090978301232918,0.0106849173106309,0.0065474419733205,0.6926082434181748,0.7212050919779069
877,20,231000000,20.231000000,14.0027896343102469,-7.5744201615124505,2.2090695809106689,0.0110751761546648,0.0066546753624022,0.6981364541855954,0.7158481313142671
878,20,259000000,20.259000000,14.0014051515668410,-7.5741072103206850,2.2090207176608954,0.0115247093241841,0.0067727523372818,0.7048436398470265,0.7092367406359926
879,20,266000000,20.266000000,14.0000239580046379,-7.5738054650697775,2.2089538086207376,0.0119604829602518,0.0068835335112968,0.7118458167439798,0.7022001829947445
880,20,284000000,20.284000000,13.9988110716267240,-7.5735493071000715,2.2088787906228955,0.0123323336514804,0.0069720429379124,0.7183123200293061,0.6955765342923065
881,20,296000000,20.296000000,13.9976846606330572,-7.5733194009455307,2.2087941997634419,0.0126677289440892,0.0070443189429965,0.7246526127055862,0.6889618981576529
882,20,316000000,20.316000000,13.9965844522046758,-7.5731043112942071,2.2086961591932495,0.0129832365785943,0.0071045251411627,0.7312446317750789,0.6819547270828116
883,20,330000000,20.330000000,13.9955849470668792,-7.5729189318444909,2.2085919416608872,0.0132575485346681,0.0071486291818294,0.7376819963403002,0.6749803010333419
884,20,347000000,20.347000000,13.9946873536553600,-7.5727646318122677,2.2084837230736407,0.0134886973799386,0.0071800804436101,0.7439594229509813,0.6680500568746764
885,20,361000000,20.361000000,13.9940268165591828,-7.5726601098995214,2.2083930892825570,0.0136454135544174,0.0071944022185654,0.7490057770071155,0.6623838685200701
886,20,377000000,20.377000000,13.9933594510794475,-7.5725650771474911,2.2082892356999233,0.0137878073075489,0.0071985362169448,0.7546336952769240,0.6559619374618301
887,20,394000000,20.394000000,13.9927515569554473,-7.5724930575455254,2.2081804803297338,0.0138977582306034,0.0071930587894447,0.7604471716675999,0.6492112224262325
888,20,407000000,20.407000000,13.9923578582087007,-7.5724560701630121,2.2080996760023086,0.0139545697720490,0.0071791312411919,0.7647753039660889,0.6441059419852257
889,20,423000000,20.423000000,13.9919805128775874,-7.5724318759460925,2.2080100756817398,0.0139913269040942,0.0071519589668188,0.7696413298580215,0.6382830999084780
890,20,436000000,20.436000000,13.9917022668553130,-7.5724273612455004,2.2079308929836738,0.0139977081647697,0.0071178015277676,0.7740579190087367,0.6329200100229170
891,20,460000000,20.460000000,13.9915334425753528,-7.5724351360194015,2.2078722350447357,0.0139850338947156,0.0070845398261361,0.7774427507170749,0.6287582981399796
892,20,464000000,20.464000000,13.9913572953227821,-7.5724668534778150,2.2077886602148502,0.0139359962063993,0.0070249940812279,0.7825253032179641,0.6224231577403969
893,20,482000000,20.482000000,13.9912857630852336,-7.5725167795964738,2.2077188247031141,0.0138576987843918,0.0069577045998071,0.7871433210373706,0.6165751752036096
894,20,497000000,20.497000000,13.9913085573031211,-7.5725911810244630,2.2076551174622852,0.0137404952284776,0.0068769617606606,0.7918734399271237,0.6104919011140136
895,20,513000000,20.513000000,13.9914207997614461,-7.5726820850302650,2.2076060987974002,0.0135986807667172,0.0067970020577831,0.7961589297040020,0.6048965492520266
896,20,531000000,20.531000000,13.9916508121703753,-7.5728053480893873,2.2075647347126903,0.0134062149819323,0.0066996969270393,0.8007871700741240,0.5987614681203358
897,20,551000000,20.551000000,13.9919691498596492,-7.5729373131315629,2.2075401474206169,0.0131948261917292,0.0065926980410880,0.8049707939470079,0.5931310595362824
898,20,565000000,20.565000000,13.9923821833946835,-7.5730869549238991,2.2075306671641690,0.0129538375619547,0.0064796918919318,0.8089728159840418,0.5876675885943123
899,20,580000000,20.580000000,13.9928229433769467,-7.5732342165051447,2.2075354655153863,0.0127169466713192,0.0063786454725369,0.8123537960333487,0.5829913397465720
900,20,597000000,20.597000000,13.9934075204051798,-7.5734135720586675,2.2075562824284591,0.0124256398023017,0.0062560895292171,0.8160160028952000,0.5778618760899932
901,20,614000000,20.614000000,13.9940795841068191,-7.5736062038146441,2.2075937851878198,0.0121108231785551,0.0061280073748720,0.8194990376283421,0.5729198048713036
902,20,631000000,20.631000000,13.9948375398939735,-7.5738102891580077,2.2076481134980712,0.0117729278159524,0.0059925260767305,0.8228040694473109,0.5681715859692431
903,20,650000000,20.650000000,13.9956770802388206,-7.5740251446454430,2.2077193417668930,0.0114154177442909,0.0058526564019803,0.8259323922869055,0.5636232057163658
904,20,665000000,20.665000000,13.9965952978972599,-7.5742499613287793,2.2078073097221065,0.0110393857795473,0.0057093292626907,0.8288854784250813,0.5592802510164332
905,20,682000000,20.682000000,13.9975884257667822,-7.5744832225301062,2.2079116437207351,0.0106480581577651,0.0055630699192886,0.8316649338883253,0.5551478261247806
906,20,699000000,20.699000000,13.9986538778573433,-7.5747226666797864,2.2080318377352399,0.0102433515056561,0.0054115725482139,0.8342724429864997,0.5512306953588714
907,20,716000000,20.716000000,13.9997881529542951,-7.5749671256345499,2.2081673692432040,0.0098273824451591,0.0052552587590369,0.8367097740960021,0.5475331576643272
908,20,731000000,20.731000000,14.0008438902934387,-7.5751884676115493,2.2082991976074866,0.0094489786518236,0.0051170819819378,0.8387205650489892,0.5444560092774549
909,20,748000000,20.748000000,14.0020999001100286,-7.5754429371537864,2.2084617958540327,0.0090101874834674,0.0049568556697700,0.8408426516816273,0.5411819298686820
910,20,766000000,20.766000000,14.0033366111834461,-7.5756841808162463,2.2086269902504676,0.0085903140222484,0.0048013926218626,0.8426893078952632,0.5383102112099420
911,20,788000000,20.788000000,14.0047046972375568,-7.5759414859074186,2.2088146997699170,0.0081393687281094,0.0046321690681679,0.8444932420344203,0.5354843208205319
912,20,810000000,20.810000000,14.0061250212704298,-7.5761991521659819,2.2090143294412914,0.0076847962657840,0.0044593854798541,0.8461360605206021,0.5328928831145822
913,20,814000000,20.814000000,14.0075067733910252,-7.5764405535633514,2.2092126486892818,0.0072550540538275,0.0042920160140077,0.8475366453142384,0.5306699328572309
914,20,831000000,20.831000000,14.0090185233081232,-7.5766951343610058,2.2094338718674078,0.0067992133756839,0.0041101697412682,0.8488717902917777,0.5285390816666277
915,20,847000000,20.847000000,14.0104804510702188,-7.5769335007190639,2.2096514351732890,0.0063689312440937,0.0039362217214044,0.8499859536055757,0.5267521443208263
916,20,864000000,20.864000000,14.0120719890745331,-7.5771875614763600,2.2098919225340725,0.0059087490152700,0.0037533674449571,0.8510200495808636,0.5250865396573041
917,20,881000000,20.881000000,14.0137008122548163,-7.5774418862125437,2.2101412184934222,0.0054444539835278,0.0035714186873211,0.8519015490868033,0.5236614875593649
918,20,909000000,20.909000000,14.0153627916298547,-7.5776932847443517,2.2103984917042858,0.0049812841101433,0.0033867308604326,0.8526319209038642,0.5224772955052490
919,20,915000000,20.915000000,14.0170545011528453,-7.5779424440615113,2.2106629324331615,0.0045190902698952,0.0032016475506374,0.8532126686416612,0.5215337662562883
920,20,932000000,20.932000000,14.0187719272001523,-7.5781890044237610,2.2109335898502724,0.0040599360713235,0.0030172794969792,0.8536453608508274,0.5208301170644752
921,20,949000000,20.949000000,14.0205132885610073,-7.5784334690253408,2.2112095136995529,0.0036010862099196,0.0028338547489112,0.8539314884910754,0.5203652701793110
922,20,966000000,20.966000000,14.0222758812866175,-7.5786731553973432,2.2114897433986549,0.0031448771767915,0.0026469910498276,0.8540724503760669,0.5201378208653412
923,20,984000000,20.984000000,14.0241626194884521,-7.5789214614164360,2.2117902440782560,0.0026638786044308,0.0024448996503989,0.8540650235079082,0.5201536905924212
924,21,7000000,21.007000000,14.0257476721689471,-7.5791243842473266,2.2120430195709453,0.0022657764139402,0.0022750405924368,0.8539367636790163,0.5203668841163442
925,21,16000000,21.016000000,14.0275546763422216,-7.5793505717496847,2.2123315418870453,0.0018182171008506,0.0020832407810170,0.8536583349873645,0.5208260758650846
926,21,40000000,21.040000000,14.0293707617089325,-7.5795716240575821,2.2126217222002968,0.0013746549011533,0.0018900827407602,0.8532395784269209,0.5215139113360121
927,21,50000000,21.050000000,14.0311918687803647,-7.5797884933573387,2.2129129922162791,0.0009361599615879,0.0016989928257671,0.8526814075589827,0.5224276545428432
928,21,66000000,21.066000000,14.0329078915685610,-7.5799867521688542,2.2131876195283740,0.0005302935207045,0.0015179025212039,0.8520295266173092,0.5234912611811221
929,21,84000000,21.084000000,14.0348378306955333,-7.5802032062682132,2.2134966570135677,0.0000814149190445,0.0013135818287470,0.8511506216884955,0.5249198863385519
930,21,106000000,21.106000000,14.0366568963167104,-7.5804003886663693,2.2137880689615939,-0.0003336280960314,0.0011193048555023,0.8501800689701493,0.5264907275297886
931,21,119000000,21.119000000,14.0384691044880388,-7.5805916536398454,2.2140783622856590,-0.0007402325630273,0.0009267773444418,0.8490739999630544,0.5282725960394364
932,21,139000000,21.139000000,14.0400601255720616,-7.5807553883768461,2.2143331204468164,-0.0010915325071675,0.0007587074889580,0.8479863012075221,0.5300164769930436
933,21,150000000,21.150000000,14.0418521202115851,-7.5809351019534512,2.2146197727460999,-0.0014814278188104,0.0005701734003723,0.8466276595446086,0.5321833202646707
934,21,166000000,21.166000000,14.0435257458910616,-7.5810987756556916,2.2148870954832676,-0.0018407119980708,0.0003953315381370,0.8452273846606810,0.5344035214255048
935,21,183000000,21.183000000,14.0451825977721771,-7.5812544399848774,2.2151515272634148,-0.0021859170113361,0.0002210435751797,0.8437098895619533,0.5367949284055449
936,21,209000000,21.209000000,14.0470239279900504,-7.5814188776132294,2.2154449281931541,-0.0025560284244981,0.0000243498198460,0.8418630354591556,0.5396851819841602
937,21,217000000,21.217000000,14.0487401121721476,-7.5815637903351298,2.2157175802862570,-0.0028904160940964,-0.0001632088703721,0.8399835289461031,0.5426041742899871
938,21,239000000,21.239000000,14.0505309288781834,-7.5817088755988529,2.2160012598157008,-0.0032319816626623,-0.0003590668124136,0.8378508707599334,0.5458894977304272
939,21,252000000,21.252000000,14.0521938515925697,-7.5818361910047889,2.2162641351476640,-0.0035384469061526,-0.0005427155649855,0.8357024447149467,0.5491708374911849
940,21,277000000,21.277000000,14.0538263627333482,-7.5819529827108347,2.2165219461787378,-0.0038267138110167,-0.0007256833609825,0.8334240888442717,0.5526202292525704
941,21,286000000,21.286000000,14.0554256642539652,-7.5820573921692622,2.2167746256737884,-0.0040931298298314,-0.0009097583702223,0.8310163198354095,0.5562322309926999
942,21,309000000,21.309000000,14.0568078301112802,-7.5821396147263043,2.2169932613644492,-0.0043105044867877,-0.0010722015340602,0.8287846401775359,0.5595500783135784
943,21,319000000,21.319000000,14.0584287293206796,-7.5822262169808585,2.2172502791848019,-0.0045493681579001,-0.0012663833176869,0.8259745935316035,0.5636875644920323
944,21,339000000,21.339000000,14.0599213741925269,-7.5822966892900485,2.2174878724457301,-0.0047556910313150,-0.0014488113682107,0.8231892889066805,0.5677452588773838
945,21,353000000,21.353000000,14.0613759025155698,-7.5823555720812976,2.2177204927387066,-0.0049433171800194,-0.0016317200344491,0.8202771796808548,0.5719425229861912
946,21,374000000,21.374000000,14.0627910325559746,-7.5824024903282918,2.2179481288293257,-0.0051117882605288,-0.0018157297107161,0.8172392514146711,0.5762730070839560
947,21,387000000,21.387000000,14.0641652432936279,-7.5824367453088435,2.2181708274143128,-0.0052596413186336,-0.0020016567596605,0.8140766129363436,0.5807302280865932
948,21,400000000,21.400000000,14.0651875664891559,-7.5824548420744859,2.2183378082560932,-0.0053588269039457,-0.0021441399845600,0.8115745441849050,0.5842203735483756
949,21,417000000,21.417000000,14.0664870652398992,-7.5824701075525898,2.2185518760212894,-0.0054741771219279,-0.0023282613124002,0.8081940550588941,0.5888862215670868
950,21,438000000,21.438000000,14.0677429468163080,-7.5824763952211347,2.2187611163139551,-0.0055731438527184,-0.0025087384179232,0.8046914909162303,0.5936617309092460
951,21,451000000,21.451000000,14.0689530385764776,-7.5824732730516811,2.2189655308720342,-0.0056528620891731,-0.0026849168050479,0.8010677777486424,0.5985409357970449
952,21,471000000,21.471000000,14.0700508290948871,-7.5824628492156299,2.2191536681269026,-0.0057138189985610,-0.0028469086903098,0.7975474670821621,0.6032224176323260
953,21,484000000,21.484000000,14.0711734140217519,-7.5824442039327069,2.2193492404237984,-0.0057647747553912,-0.0030152761549977,0.7936915651071302,0.6082856031170908
954,21,504000000,21.504000000,14.0722495231653610,-7.5824170240794384,2.2195404258619376,-0.0057991495364552,-0.0031803815191801,0.7897175898086033,0.6134349055808097
955,21,518000000,21.518000000,14.0732776201246228,-7.5823799568713204,2.2197273915008910,-0.0058133065153522,-0.0033434460669171,0.7856267865311797,0.6186643509371204
956,21,538000000,21.538000000,14.0742596009038152,-7.5823368701478593,2.2199105120524063,-0.0058156274405217,-0.0035015369797216,0.7814203590642990,0.6239680602050676
957,21,550000000,21.550000000,14.0750860644050917,-7.5822937933235801,2.2200689517122845,-0.0058052724561918,-0.0036355607896783,0.7776137764218967,0.6287049357435730
958,21,568000000,21.568000000,14.0759779070096780,-7.5822382563508821,2.2202450718905848,-0.0057791547265958,-0.0037842008186849,0.7731932630420346,0.6341328403270254
959,21,584000000,21.584000000,14.0767748485182267,-7.5821801498361712,2.2204076372311117,-0.0057431500259106,-0.0039218690259991,0.7689308649852811,0.6392941107535014
960,21,605000000,21.605000000,14.0776220745180449,-7.5821090453352156,2.2205867769738168,-0.0056903375044539,-0.0040731258790818,0.7640191492574673,0.6451556163225697
961,21,618000000,21.618000000,14.0783741448796444,-7.5820371508796676,2.2207523211383160,-0.0056291123088373,-0.0042116874615773,0.7592691915201025,0.6507387106909734
962,21,639000000,21.639000000,14.0791198953577528,-7.5819588195145675,2.2209239663081193,-0.0055561921275938,-0.0043506756865818,0.7541249852969353,0.6566930081103410
963,21,653000000,21.653000000,14.0797765445405378,-7.5818856148866836,2.2210826984571690,-0.0054832881530356,-0.0044709794671893,0.7491608366730751,0.6623503489007406
964,21,672000000,21.672000000,14.0803872264458381,-7.5818111247546147,2.2212380323587793,-0.0054038206434434,-0.0045848016949210,0.7440969630113142,0.6680340470015063
965,21,686000000,21.686000000,14.0809212061008200,-7.5817393615497215,2.2213809279636685,-0.0053237594158911,-0.0046887921802553,0.7392425174064855,0.6734019403536747
966,21,703000000,21.703000000,14.0814473303919030,-7.5816639262359580,2.2215288570549379,-0.0052392766221353,-0.0047953666290689,0.7339934040684083,0.6791194572558203
967,21,717000000,21.717000000,14.0818484133654600,-7.5816029554104079,2.2216473589785783,-0.0051700221057397,-0.0048792330841168,0.7296022219724843,0.6838348204418599
968,21,735000000,21.735000000,14.0823212847456567,-7.5815265942624883,2.2217949086713737,-0.0050814708953782,-0.0049814466200231,0.7238687059522290,0.6899010511560022
969,21,749000000,21.749000000,14.0826555324324154,-7.5814688342814778,2.2219055964692420,-0.0050123203243480,-0.0050564151174605,0.7193433134864923,0.6946182452638284
970,21,770000000,21.770000000,14.0830215590643277,-7.5814012082345030,2.2220348654610058,-0.0049278579589715,-0.0051409501093213,0.7137735521538787,0.7003403480405395
971,21,783000000,21.783000000,14.0833444564984784,-7.5813366082695914,2.2221581824644931,-0.0048436407893166,-0.0052190109958480,0.7081250843754016,0.7060511071774194
972,21,800000000,21.800000000,14.0836231196256723,-7.5812760916622173,2.2222751933215652,-0.0047591441967317,-0.0052876255923048,0.7024012901625071,0.7117456140645729
973,21,817000000,21.817000000,14.0838579193268298,-7.5812178377601631,2.2223857637026714,-0.0046718168847636,-0.0053500278177241,0.6966058871099164,0.7174188381783344
974,21,835000000,21.835000000,14.0840502055696053,-7.5811628554405521,2.2224899071323962,-0.0045845980208176,-0.0054067359244157,0.6907425263724699,0.7230660488006673
975,21,850000000,21.850000000,14.0841927878507036,-7.5811150338994180,2.2225820034631218,-0.0045041976834659,-0.0054542089894146,0.6851652672243809,0.7283532936678948
976,21,867000000,21.867000000,14.0843036588426198,-7.5810691218061139,2.2226736670236931,-0.0044214776568194,-0.0054975575811020,0.6791807363043182,0.7339371600001575
977,21,884000000,21.884000000,14.0843721879475812,-7.5810268310637277,2.2227590283573733,-0.0043383085941124,-0.0055347224975827,0.6731396685618780,0.7394819352315660
978,21,901000000,21.901000000,14.0843983803651653,-7.5809873635080303,2.2228380614669931,-0.0042530516572966,-0.0055665507087731,0.6670461492222282,0.7449834628182050
979,21,917000000,21.917000000,14.0843867537149983,-7.5809558695957042,2.2229026594100372,-0.0041778240116495,-0.0055892217830123,0.6616296195962376,0.7497983414621067
980,21,933000000,21.933000000,14.0843425051270135,-7.5809295909030174,2.2229626220115208,-0.0041054679493999,-0.0056036366393110,0.6561790762717734,0.7545732331937394
981,21,948000000,21.948000000,14.0842529939271355,-7.5809044156269199,2.2230250925172914,-0.0040241189224995,-0.0056120525062678,0.6499650288880588,0.7599327421266368
982,21,965000000,21.965000000,14.0841226688157271,-7.5808835630553784,2.2230818289994740,-0.0039435759396928,-0.0056138887945836,0.6437166619506400,0.7652331615844515
983,21,981000000,21.981000000,14.0839636674670743,-7.5808665381531579,2.2231298430357196,-0.0038672618756206,-0.0056123430946989,0.6378086223896537,0.7701647272473500
984,21,998000000,21.998000000,14.0837564341273129,-7.5808520311862653,2.2231749913372316,-0.0037869208670943,-0.0056060400765427,0.6315068228733969,0.7753408052007548
985,22,14000000,22.014000000,14.0835252899022123,-7.5808424253880640,2.2232121004300756,-0.0037126422485566,-0.0055941673912689,0.6255570745062017,0.7801495165120435
986,22,31000000,22.031000000,14.0832420388444621,-7.5808351953715647,2.2232461127265122,-0.0036335322293230,-0.0055773904346880,0.6192205597604810,0.7851888871662628
987,22,48000000,22.048000000,14.0829197654089313,-7.5808309195114525,2.2232748643025269,-0.0035533410263126,-0.0055553385447050,0.6128737413115035,0.7901533327095727
988,22,64000000,22.064000000,14.0825817204703689,-7.5808305137072507,2.2232975297234847,-0.0034791540118281,-0.0055293541709448,0.6068957286649057,0.7947546138639948
989,22,82000000,22.082000000,14.0821607391299075,-7.5808333837286721,2.2233183717835638,-0.0033947889498884,-0.0054935355278800,0.6001709753405553,0.7998456706353771
990,22,99000000,22.099000000,14.0817232764348645,-7.5808382451928900,2.2233337561304367,-0.0033116112553600,-0.0054531167036429,0.5938258146024745,0.8045683306350165
991,22,112000000,22.112000000,14.0813631739562801,-7.5808443907381857,2.2233429201955155,-0.0032477946255521,-0.0054169039213446,0.5889810634058205,0.8081221540901635
992,22,133000000,22.133000000,14.0808909913512412,-7.5808543982455125,2.2233513805162195,-0.0031696703532706,-0.0053682089920182,0.5830309585454351,0.8124260193393986
993,22,145000000,22.145000000,14.0803548400395346,-7.5808682921253139,2.2233572378223161,-0.0030879258057446,-0.0053111406813513,0.5767289717568185,0.8169124491860826
994,22,163000000,22.163000000,14.0797833806437076,-7.5808842920791877,2.2233603753395172,-0.0030050915655463,-0.0052492890913236,0.5704530531205645,0.8213079377274670
995,22,179000000,22.179000000,14.0791771058636694,-7.5809025472758060,2.2233612675864438,-0.0029214504455486,-0.0051821106590666,0.5642086034888325,0.8256108421075833
996,22,205000000,22.205000000,14.0785364359334899,-7.5809234950645150,2.2233603017359265,-0.0028376784973166,-0.0051085708080099,0.5580010012601918,0.8298196988970971
997,22,213000000,22.213000000,14.0778628203251817,-7.5809460921094605,2.2233580029727174,-0.0027530817211008,-0.0050310610566954,0.5518357502644015,0.8339330990527992
998,22,232000000,22.232000000,14.0771562858731798,-7.5809723334509256,2.2233549636073544,-0.0026705129839851,-0.0049460469328962,0.5457182024422432,0.8379499081110677
999,22,247000000,22.247000000,14.0764166974991642,-7.5810011044984265,2.2233516737330672,-0.0025873410843131,-0.0048531930524500,0.5396538057024669,0.8418690647447222
1000,22,273000000,22.273000000,14.0759208324431917,-7.5810210635338926,2.2233497231499668,-0.0025332676851117,-0.0047887811683622,0.5357607872533283,0.8443524317318278
1001,22,276000000,22.276000000,14.0752235015078337,-7.5810499284263928,2.2233476578955620,-0.0024596246971709,-0.0046959851538561,0.5304945515840849,0.8476717694422674
1002,22,286000000,22.286000000,14.0746001603962103,-7.5810773911913438,2.2233467803684990,-0.0023980050296070,-0.0046105045849890,0.5259729328699411,0.8504854300383647
1003,22,300000000,22.300000000,14.0740099414831956,-7.5811038212517561,2.2233469647617494,-0.0023419420445338,-0.0045292458769042,0.5218364859599056,0.8530302943977217
1004,22,315000000,22.315000000,14.0731495968075588,-7.5811429084042112,2.2233491864981128,-0.0022633482048130,-0.0044095331593784,0.5160419427067853,0.8565489750385713
1005,22,332000000,22.332000000,14.0722608301216674,-7.5811844184522137,2.2233540044716675,-0.0021859739499083,-0.0042822922676431,0.5103289955799475,0.8599658131351424
1006,22,349000000,22.349000000,14.0713446775365387,-7.5812280048656175,2.2233616767356454,-0.0021096779254833,-0.0041479689307358,0.5047028678455766,0.8632805794185635
1007,22,366000000,22.366000000,14.0704023942335557,-7.5812726226005394,2.2233724404638613,-0.0020332639853476,-0.0040080548058539,0.4991686106422744,0.8664932195255197
1008,22,380000000,22.380000000,14.0696074240425393,-7.5813106355568625,2.2233838299599369,-0.0019713201141199,-0.0038879493337677,0.4946835138793391,0.8690622640771922
1009,22,398000000,22.398000000,14.0686207411651516,-7.5813577689190295,2.2234010842432208,-0.0018974045719700,-0.0037381096420494,0.4893298127643714,0.8720887344371440
1010,22,413000000,22.413000000,14.0676716750498230,-7.5814022893413124,2.2234211710358269,-0.0018280524428103,-0.0035940104439546,0.4843880564936577,0.8748439586803421
1011,22,430000000,22.430000000,14.0666418672599409,-7.5814491045564383,2.2234470120658942,-0.0017529719678543,-0.0034368761195322,0.4792454517699188,0.8776724399966456
1012,22,447000000,22.447000000,14.0655915057995440,-7.5814981158794312,2.2234779052381266,-0.0016820989120031,-0.0032736822061203,0.4742191244190518,0.8803991569642099
1013,22,466000000,22.466000000,14.0645229899527564,-7.5815464804407773,2.2235141221931052,-0.0016118730573808,-0.0031095254350543,0.4693140770283565,0.8830243653602303
1014,22,481000000,22.481000000,14.0634368121304831,-7.5815938884521730,2.2235559313806212,-0.0015414010432531,-0.0029435107819870,0.4645354023407431,0.8855483159033301
1015,22,498000000,22.498000000,14.0623342911829941,-7.5816420601381207,2.2236035090921820,-0.0014742798353098,-0.0027743118600191,0.4598880215024143,0.8879713606706386
1016,22,513000000,22.513000000,14.0613479829491510,-7.5816851974815540,2.2236503792673417,-0.0014172949689996,-0.0026208576728028,0.4559003789571173,0.8900258236965861
1017,22,531000000,22.531000000,14.0601497435023575,-7.5817342202023807,2.2237128132116513,-0.0013463534938365,-0.0024364407148634,0.4512599126121286,0.8923882240136334
1018,22,548000000,22.548000000,14.0590045096481457,-7.5817792760845268,2.2237783659612775,-0.0012797590930945,-0.0022604761936734,0.4470271825129236,0.8945166016115066
1019,22,565000000,22.565000000,14.0578482283523929,-7.5818228426769201,2.2238507288347402,-0.0012141362084410,-0.0020847602012229,0.4429449826982550,0.8965455492893896
1020,22,582000000,22.582000000,14.0566819055033747,-7.5818649477377740,2.2239301657533086,-0.0011495873947180,-0.0019089921538913,0.4390179162116902,0.8984755441540542
1021,22,599000000,22.599000000,14.0555074202019625,-7.5819041227946355,2.2240169240300505,-0.0010842157643306,-0.0017358566747438,0.4352504109931026,0.9003071092733392
1022,22,616000000,22.616000000,14.0543264335245102,-7.5819414232337881,2.2241112934726193,-0.0010205572629063,-0.0015653974220572,0.4316468002791810,0.9020407683705483
1023,22,633000000,22.633000000,14.0531391651665043,-7.5819753617172525,2.2242135134747070,-0.0009551325984023,-0.0013973061161760,0.4282113040565036,0.9036770520133649
1024,22,650000000,22.650000000,14.0519469582304257,-7.5820079205567437,2.2243237306528969,-0.0008919032739177,-0.0012303212933191,0.4249478493401704,0.9052165576033333
1025,22,667000000,22.667000000,14.0507505855425929,-7.5820386462465708,2.2244420638001365,-0.0008298046623015,-0.0010643205880473,0.4218601762383156,0.9066598978393637
1026,22,695000000,22.695000000,14.0495524792739221,-7.5820667907931574,2.2245687824059615,-0.0007686601282202,-0.0009025532228662,0.4189519332741736,0.9080076388253128
1027,22,701000000,22.701000000,14.0483536927081420,-7.5820921416704712,2.2247041658311231,-0.0007080751419792,-0.0007452807858610,0.4162264868796715,0.9092603888908557
1028,22,725000000,22.725000000,14.0471549831120530,-7.5821135819641183,2.2248484757922746,-0.0006457024538021,-0.0005930395788878,0.4136870862897770,0.9104187091714854
1029,22,735000000,22.735000000,14.0459571065966102,-7.5821308587588296,2.2250020141392008,-0.0005807915786684,-0.0004456767166403,0.4113366962207179,0.9114831794364783
1030,22,758000000,22.758000000,14.0447607469869826,-7.5821466334531600,2.2251650460739145,-0.0005179880342631,-0.0003005049358333,0.4091781232119065,0.9124543302927340
1031,22,769000000,22.769000000,14.0435667077931630,-7.5821592951407526,2.2253377240399468,-0.0004540328861229,-0.0001587315135110,0.4072140773683903,0.9133326140303190
1032,22,790000000,22.790000000,14.0423755998534112,-7.5821701209049852,2.2255202467802144,-0.0003909336212345,-0.0000188046851978,0.4054469883341588,0.9141184750720489
1033,22,803000000,22.803000000,14.0411887535909958,-7.5821789346892707,2.2257125771240927,-0.0003285786574290,0.0001182080421838,0.4038788086475191,0.9148124321347985
1034,22,826000000,22.826000000,14.0400059761753582,-7.5821843916629730,2.2259145811358025,-0.0002633885050497,0.0002531068096200,0.4025113056018595,0.9154149416664144
1035,22,837000000,22.837000000,14.0388269987796122,-7.5821861113781210,2.2261260730778156,-0.0001935225563957,0.0003876204192157,0.4013459819348165,0.9159264244928239
1036,22,862000000,22.862000000,14.0378594680985369,-7.5821845084956792,2.2263071322181696,-0.0001318551621124,0.0004979919673137,0.4005389518260735,0.9162795876195688
1037,22,868000000,22.868000000,14.0366911787510560,-7.5821794695416278,2.2265350622689493,-0.0000542096133164,0.0006286612304750,0.3997452537145060,0.9166260600588989
1038,22,890000000,22.890000000,14.0355989193693667,-7.5821724608224583,2.2267574119101754,0.0000203335023850,0.0007488275124587,0.3991856715497275,0.9168698045378625
1039,22,901000000,22.901000000,14.0344460992682389,-7.5821639697448173,2.2270016329594302,0.0000995443238915,0.0008760907063746,0.3987908665555084,0.9170414752386659
1040,22,931000000,22.931000000,14.0333685691789878,-7.5821538358745126,2.2272387054565179,0.0001770113613096,0.0009953340990731,0.3986078530716867,0.9171209066674850
1041,22,936000000,22.936000000,14.0321660864254714,-7.5821383040068540,2.2275134380213366,0.0002708905936169,0.0011269598832964,0.3986209550017081,0.9171150368482864
1042,22,964000000,22.964000000,14.0310409902017543,-7.5821228054409664,2.2277804056874979,0.0003602932877623,0.0012507365329953,0.3988463497486818,0.9170168456135492
1043,22,969000000,22.969000000,14.0299271775726222,-7.5821060010243988,2.2280543294202211,0.0004516686025056,0.0013730616493285,0.3992787458922371,0.9168284429357016
1044,22,992000000,22.992000000,14.0288261241161241,-7.5820869754508475,2.2283348213963445,0.0005466498341956,0.0014917227612925,0.3999179326342218,0.9165495748156409
1045,23,3000000,23.003000000,14.0277380441813708,-7.5820664819475345,2.2286213801610799,0.0006447780744804,0.0016082212823359,0.4007635313356311,0.9161798894523587
1046,23,20000000,23.020000000,14.0266635756785298,-7.5820449371633396,2.2289134811937883,0.0007459070424485,0.0017229542861133,0.4018151202210318,0.9157188892957105
1047,23,37000000,23.037000000,14.0256038985733049,-7.5820238863341256,2.2292105315985160,0.0008473245525721,0.0018362099742715,0.4030718537412912,0.9151661002766613
1048,23,57000000,23.057000000,14.0249269167927171,-7.5820105120107906,2.2294050116792836,0.0009130091400464,0.0019077389562176,0.4039937085341695,0.9147593182970007
1049,23,65000000,23.065000000,14.0238938204909491,-7.5819903321551347,2.2297084989727907,0.0010154853121261,0.0020170663830568,0.4055852360582393,0.9140544384906019
1050,23,85000000,23.085000000,14.0228782377435923,-7.5819706483297598,2.2300148323761628,0.0011190353798081,0.0021229515586386,0.4073779057625946,0.9132565262471334
1051,23,99000000,23.099000000,14.0218811458518715,-7.5819519900100740,2.2303232454645778,0.0012229777751357,0.0022251425478233,0.4093700790579374,0.9123648894154692
1052,23,117000000,23.117000000,14.0209024124911998,-7.5819350429559060,2.2306330580276175,0.0013272646909598,0.0023255803946387,0.4115603038207847,0.9113785966124132
1053,23,133000000,23.133000000,14.0199436707114184,-7.5819192762336485,2.2309437654717978,0.0014326279852906,0.0024218404105023,0.4139469272328348,0.9102966679608225
1054,23,152000000,23.152000000,14.0190070980694088,-7.5819044643413198,2.2312548717966605,0.0015387214562822,0.0025106929044015,0.4165281551036641,0.9091180477602222
1055,23,168000000,23.168000000,14.0180931863052187,-7.5818904662449045,2.2315659097608904,0.0016464461647162,0.0025920686673652,0.4193021963402669,0.9078415272167707
1056,23,184000000,23.184000000,14.0172529466326132,-7.5818788514901705,2.2318582006752523,0.0017494219838538,0.0026648004961968,0.4220870390777538,0.9065497061957566
1057,23,200000000,23.200000000,14.0163818007167933,-7.5818688895532071,2.2321679185105872,0.0018597933812403,0.0027385581615069,0.4252277909807648,0.9050803098318922
1058,23,222000000,23.222000000,14.0156827605121741,-7.5818631201835291,2.2324220208517089,0.0019495956729146,0.0027945679894342,0.4279526958027451,0.9037947109944977
1059,23,231000000,23.231000000,14.0148567566737459,-7.5818589241648073,2.2327289522486820,0.0020579811218931,0.0028563975045212,0.4314264270776446,0.9021412548631261
1060,23,256000000,23.256000000,14.0140560058020327,-7.5818572301398337,2.2330336840521534,0.0021674268830182,0.0029111838852609,0.4350772295264173,0.9003858237537451
1061,23,265000000,23.265000000,14.0132808856245621,-7.5818582071170519,2.2333356323723259,0.0022782208430952,0.0029589834883961,0.4389012025449104,0.8985275669288824
1062,23,289000000,23.289000000,14.0125740433898329,-7.5818626598853127,2.2336167109826874,0.0023832095219744,0.0030004118708370,0.4426547171410897,0.8966839572746473
1063,23,299000000,23.299000000,14.0118065272981589,-7.5818713526479584,2.2339287204958955,0.0025026450747943,0.0030404725923365,0.4470519376112704,0.8944993333547284
1064,23,324000000,23.324000000,14.0111081090464378,-7.5818837525806835,2.2342187789433208,0.0026169897437256,0.0030737936430342,0.4513702735928534,0.8923276188004235
1065,23,333000000,23.333000000,14.0104360994950188,-7.5818999646324237,2.2345039680424232,0.0027336140074261,0.0031015846881973,0.4558447455572830,0.8900497039349523
1066,23,352000000,23.352000000,14.0098300638823936,-7.5819174892711247,2.2347677572750797,0.0028463292971970,0.0031175775477930,0.4601944879617275,0.8878080943365007
1067,23,366000000,23.366000000,14.0092146605656414,-7.5819399535191820,2.2350430065139051,0.0029670346476556,0.0031245838377028,0.4649588921505814,0.8853217846022681
1068,23,388000000,23.388000000,14.0086272460745622,-7.5819686298242086,2.2353131260765542,0.0030868112401944,0.0031261280488727,0.4698656267528837,0.8827270199307989
1069,23,400000000,23.400000000,14.0080681461777985,-7.5820048683966030,2.2355781639667400,0.0032038126490781,0.0031230474133679,0.4749097403706200,0.8800231364347609
1070,23,421000000,23.421000000,14.0075373000046728,-7.5820484597006601,2.2358380423503679,0.0033193704761142,0.0031153451585276,0.4800862939011483,0.8772094543565099
1071,23,435000000,23.435000000,14.0070067914435246,-7.5821021303791980,2.2361076085905527,0.0034412300617463,0.0031003026942802,0.4857054584570457,0.8741102640307440
1072,23,460000000,23.460000000,14.0065361340435093,-7.5821601995234502,2.2363570475076138,0.0035556029374818,0.0030788084104054,0.4911364312147688,0.8710699653645186
1073,23,469000000,23.469000000,14.0060955196713071,-7.5822248481472831,2.2366014750901821,0.0036705631961159,0.0030485631429050,0.4966815209429771,0.8679197543450420
1074,23,487000000,23.487000000,14.0056831324796960,-7.5822974887607986,2.2368408413367336,0.0037861861181646,0.0030140417347673,0.5023342664653836,0.8646599707872366
1075,23,504000000,23.504000000,14.0052778135016904,-7.5823846667129651,2.2370886731205806,0.0039068729617046,0.0029731632554443,0.5084296379583786,0.8610895423180039
1076,23,521000000,23.521000000,14.0049243751805825,-7.5824778506929942,2.2373172902514735,0.0040182271593233,0.0029318233475012,0.5142837015268958,0.8576056976292484
1077,23,538000000,23.538000000,14.0046005665281008,-7.5825814922975141,2.2375404757055790,0.0041267721211934,0.0028855357892413,0.5202256427365483,0.8540140069544609
1078,23,555000000,23.555000000,14.0043074105681296,-7.5826949639624752,2.2377580033816025,0.0042331862587802,0.0028315398331917,0.5262491434606844,0.8503151777565584
1079,23,573000000,23.573000000,14.0040302294694055,-7.5828280004454456,2.2379818789577866,0.0043406117146465,0.0027682766792061,0.5327090104541660,0.8462828167433823
1080,23,590000000,23.590000000,14.0037988359645524,-7.5829668764490465,2.2381872579154645,0.0044369794737984,0.0027052760201232,0.5388803723791800,0.8423662736359288
1081,23,615000000,23.615000000,14.0035967879124890,-7.5831183500702455,2.2383868513804899,0.0045296239264937,0.0026387370153236,0.5451130159327006,0.8383461811416593
1082,23,624000000,23.624000000,14.0034241305887086,-7.5832828301084438,2.2385804738639101,0.0046183045976555,0.0025686053815379,0.5514001093157244,0.8342241862806691
1083,23,643000000,23.643000000,14.0032823983598398,-7.5834605620825499,2.2387677445916085,0.0047012996433898,0.0024920670292651,0.5577346368724465,0.8300022663922942
1084,23,658000000,23.658000000,14.0031714363430524,-7.5836521884848525,2.2389482478857241,0.0047780311665284,0.0024096481005205,0.5641097474171175,0.8256824794575693
1085,23,680000000,23.680000000,14.0030910403297106,-7.5838579073474399,2.2391214543778122,0.0048486829576037,0.0023214010921384,0.5705188767504005,0.8212668948898448
1086,23,691000000,23.691000000,14.0030439257241035,-7.5840643925926612,2.2392774153646231,0.0049090782204544,0.0022314290211632,0.5765761448499902,0.8170256243628300
1087,23,715000000,23.715000000,14.0030231180017104,-7.5842984802006335,2.2394353262844997,0.0049664552414432,0.0021309293431629,0.5830327203083132,0.8124306988982860
1088,23,725000000,23.725000000,14.0030324057739453,-7.5845483871419708,2.2395849139874016,0.0050158507450494,0.0020256030377307,0.5895046005030631,0.8077469060042018
1089,23,749000000,23.749000000,14.0030700898124856,-7.5848152437016276,2.2397262083311964,0.0050575002436616,0.0019189532268296,0.5959852746801002,0.8029771426848239
1090,23,759000000,23.759000000,14.0031355163369078,-7.5850998943239025,2.2398593422601167,0.0050908508122628,0.0018123900076457,0.6024682436762931,0.7981245603551304
1091,23,781000000,23.781000000,14.0032281986610041,-7.5854025121619300,2.2399843138276179,0.0051162058354795,0.0017062343602874,0.6089471454791116,0.7931924654300484
1092,23,793000000,23.793000000,14.0033482522125396,-7.5857228469834164,2.2401013410650350,0.0051337309221209,0.0015992903860929,0.6154154886982887,0.7881845363538458
1093,23,813000000,23.813000000,14.0034941051485955,-7.5860630103405366,2.2402106930204426,0.0051418333990677,0.0014961130096318,0.6218671880186855,0.7831044142774906
1094,23,824000000,23.824000000,14.0036337056515769,-7.5863590708883342,2.2402950974256153,0.0051394941429958,0.0014146986764232,0.6271637634097620,0.7788691790623847
1095,23,844000000,23.844000000,14.0038264448296665,-7.5867371041396909,2.2403909218790630,0.0051273443174882,0.0013193786602803,0.6335701930069907,0.7736670990246938
1096,23,856000000,23.856000000,14.0040174801676329,-7.5870867379516502,2.2404696116606653,0.0051093741939095,0.0012373612659113,0.6391959313538478,0.7690259583220396
1097,23,881000000,23.881000000,14.0042570841339256,-7.5875027673034028,2.2405524711144409,0.0050787806833581,0.0011494616203081,0.6455364701673120,0.7637116932512432
1098,23,890000000,23.890000000,14.0045209268018436,-7.5879393106262540,2.2406291176320976,0.0050380027981142,0.0010663633246989,0.6518345164699539,0.7583437509041974
1099,23,915000000,23.915000000,14.0048072573058366,-7.5883962495080555,2.2407000455913151,0.0049889599559191,0.0009902800236360,0.6580852235122677,0.7529262701080642
1100,23,924000000,23.924000000,14.0051154319942945,-7.5888741057247620,2.2407656884169596,0.0049310580107816,0.0009226023618642,0.6642839270850975,0.7474635092686311
1101,23,941000000,23.941000000,14.0054449077588856,-7.5893718670297545,2.2408266982496179,0.0048658728807192,0.0008625480512668,0.6704257449949143,0.7419601739581324
1102,23,957000000,23.957000000,14.0057743755654851,-7.5898580697912728,2.2408806560906802,0.0047979610961924,0.0008123203353633,0.6761499488124515,0.7367479666927567
1103,23,984000000,23.984000000,14.0061455822727208,-7.5903941693255614,2.2409350798451206,0.0047161565483735,0.0007656492002801,0.6821677313579075,0.7311801132024304
1104,23,991000000,23.991000000,14.0065382205449218,-7.5909502357769290,2.2409873207390945,0.0046241316914143,0.0007262515280375,0.6881149044891193,0.7255866372699740
1105,24,11000000,24.011000000,14.0069008207131152,-7.5914576548119745,2.2410322248810934,0.0045356333202282,0.0007003296785178,0.6933003089206379,0.7206341784978519
1106,24,24000000,24.024000000,14.0073286037750524,-7.5920506548649040,2.2410821950169582,0.0044297752443576,0.0006817436884133,0.6991031597839064,0.7150067722035824
1107,24,48000000,24.048000000,14.0078019045009317,-7.5926964782911588,2.2411344945167988,0.0043128924628841,0.0006694528406106,0.7051576469986095,0.7090371243248706
1108,24,58000000,24.058000000,14.0082683940625454,-7.5933223654694011,2.2411838029080804,0.0041976657249873,0.0006632443884443,0.7107873100424206,0.7033941566376583
1109,24,79000000,24.079000000,14.0087224892077540,-7.5939270343554188,2.2412304719243750,0.0040848700178804,0.0006678511093433,0.7160044523942920,0.6980834419776641
1110,24,91000000,24.091000000,14.0092215075064122,-7.5945854229689074,2.2412807517578401,0.0039592630323315,0.0006824933776828,0.7214581984911372,0.6924463345768775
1111,24,111000000,24.111000000,14.0097375562266890,-7.5952582728241360,2.2413322358803818,0.0038291338625412,0.0007048155648034,0.7268170045455750,0.6868201241025774
1112,24,125000000,24.125000000,14.0102686454656844,-7.5959456319070666,2.2413854205111976,0.0036959175744427,0.0007382769222713,0.7320781847257115,0.6812101926638913
1113,24,148000000,24.148000000,14.0108151853858001,-7.5966470192822531,2.2414410466734420,0.0035582039261463,0.0007822366605719,0.7372389901993084,0.6756222307033205
1114,24,159000000,24.159000000,14.0113771903170772,-7.5973585871442211,2.2414998466122333,0.0034197673934032,0.0008315815642763,0.7422967259259766,0.6700620749920507
1115,24,178000000,24.178000000,14.0118171807442859,-7.5979088445715952,2.2415473638853700,0.0033137487845594,0.0008725553146467,0.7460933404772442,0.6658325502795149
1116,24,189000000,24.189000000,14.0124059773495588,-7.5986354025007508,2.2416133119523640,0.0031748345876094,0.0009293651401621,0.7509633015236419,0.6603356543989498
1117,24,209000000,24.209000000,14.0130103898910168,-7.5993697738937387,2.2416840680946364,0.0030335658372935,0.0009898636238619,0.7557237740643979,0.6548827337487069
1118,24,223000000,24.223000000,14.0136301330906630,-7.6001096259934746,2.2417599493601146,0.0028917925906507,0.0010516474469156,0.7603728759071438,0.6494795001829998
1119,24,248000000,24.248000000,14.0142640583224178,-7.6008526752875314,2.2418411572343353,0.0027525784509819,0.0011134707072052,0.7649088435243403,0.6441316981744584
1120,24,256000000,24.256000000,14.0148719255889667,-7.6015549826861211,2.2419225797616193,0.0026249693254591,0.0011747107952938,0.7690732832837777,0.6391541398830943
1121,24,280000000,24.280000000,14.0153739838373070,-7.6021275626626297,2.2419923451800110,0.0025227241611479,0.0012266333935548,0.7723813972850034,0.6351528228398187
1122,24,282000000,24.282000000,14.0158051861516491,-7.6026132667948767,2.2420539531897781,0.0024357657585104,0.0012712524680495,0.7751273064870625,0.6317991054919622
1123,24,310000000,24.310000000,14.0164824498429450,-7.6033650507777937,2.2421539516427567,0.0023018454598523,0.0013411871540511,0.7792742292184637,0.6266774117522236
1124,24,314000000,24.314000000,14.0171733651389125,-7.6041163701032612,2.2422600582567251,0.0021686456971075,0.0014094371877065,0.7833027255756306,0.6216350622096879
1125,24,331000000,24.331000000,14.0178776636989415,-7.6048658746733659,2.2423724085035834,0.0020365882199498,0.0014749473195288,0.7872120080657834,0.6166773315080294
1126,24,348000000,24.348000000,14.0185944337009882,-7.6056143172894739,2.2424910092910877,0.0019044741460395,0.0015408381647663,0.7910014711040079,0.6118093424485055
1127,24,377000000,24.377000000,14.0193232570135820,-7.6063599656193288,2.2426157963079301,0.0017734836956510,0.0016055424479617,0.7946705570901245,0.6070362284766043
1128,24,382000000,24.382000000,14.0200640277445707,-7.6071005043255235,2.2427467688585803,0.0016449808854117,0.0016660793703093,0.7982187994209814,0.6023630686457674
1129,24,408000000,24.408000000,14.0207716288516782,-7.6077927489583050,2.2428757194036524,0.0015257023481709,0.0017203214236763,0.8014476304728603,0.5980605390225822
1130,24,415000000,24.415000000,14.0215341985300004,-7.6085228785414136,2.2430188397378070,0.0014001072527536,0.0017754008233228,0.8047603666359623,0.5935955188034602
1131,24,442000000,24.442000000,14.0223075207254784,-7.6092475112807128,2.2431683957455442,0.0012745541978869,0.0018288497133584,0.8079513562979314,0.5892449717024795
1132,24,449000000,24.449000000,14.0230896168776447,-7.6099673600417255,2.2433245772162360,0.0011498811078980,0.0018847865428649,0.8110203764383065,0.5850137386036273
1133,24,470000000,24.470000000,14.0238805435476106,-7.6106777207916272,2.2434874771004938,0.0010300971978845,0.0019357824042486,0.8139672277477721,0.5809066567004141
1134,24,483000000,24.483000000,14.0246334509340915,-7.6113354412478476,2.2436469732310678,0.0009222668821806,0.0019754306197008,0.8166289986877253,0.5771588391421792
1135,24,498000000,24.498000000,14.0253931706934569,-7.6119833845052103,2.2438124668142887,0.0008193926854251,0.0020102021235320,0.8191823426243579,0.5735290552496175
1136,24,515000000,24.515000000,14.0262069433084520,-7.6126649884131030,2.2439948336565485,0.0007111218155219,0.0020496418573166,0.8217764651206412,0.5698058745290748
1137,24,536000000,24.536000000,14.0270277229747915,-7.6133381367246127,2.2441838198493809,0.0006038658598082,0.0020892769681876,0.8242481612575289,0.5662245481532536
1138,24,549000000,24.549000000,14.0278558037847443,-7.6140003395622777,2.2443793216955501,0.0004986759712131,0.0021248305740449,0.8265974536070644,0.5627893798816965
1139,24,571000000,24.571000000,14.0286916530408288,-7.6146488489718402,2.2445813248887103,0.0003965640139630,0.0021513114334224,0.8288243839134291,0.5595045622929488
1140,24,582000000,24.582000000,14.0294851264400311,-7.6152472700237421,2.2447773504986510,0.0003019093958213,0.0021693866824326,0.8308086428675833,0.5565538622170034
1141,24,603000000,24.603000000,14.0303845028893406,-7.6159082598463241,2.2450046997871351,0.0001958517354514,0.0021859190123671,0.8329116004560922,0.5534017069234972
1142,24,614000000,24.614000000,14.0310873816915755,-7.6164139745048498,2.2451865022802187,0.0001147856539258,0.0021987540346066,0.8344526633069386,0.5510752262667101
1143,24,638000000,24.638000000,14.0319451246081162,-7.6170172117034056,2.2454130457055701,0.0000175753826438,0.0022122999445973,0.8362128360619314,0.5484005818973231
1144,24,648000000,24.648000000,14.0328079455064554,-7.6176086578685327,2.2456459776303310,-0.0000802604097453,0.0022233000566979,0.8378512668925115,0.5458940419731085
1145,24,676000000,24.676000000,14.0335723503282921,-7.6181218645486677,2.2458568145827074,-0.0001673898199809,0.0022340943493535,0.8391959268723471,0.5438245830448902
1146,24,678000000,24.678000000,14.0342879870988781,-7.6185914023680601,2.2460579987048757,-0.0002470165794633,0.0022418563118490,0.8403655969563596,0.5420152917725367
1147,24,695000000,24.695000000,14.0352117213356227,-7.6191783265302915,2.2463228018654937,-0.0003452416585413,0.0022420832068662,0.8417484911646128,0.5398651049041676
1148,24,714000000,24.714000000,14.0360873232072336,-7.6197172783439946,2.2465792041692363,-0.0004360675290061,0.0022360597055087,0.8429296908058223,0.5380189088127892
1149,24,745000000,24.745000000,14.0370177985744249,-7.6202743523539578,2.2468571687037135,-0.0005343969228674,0.0022274914041888,0.8440483002144765,0.5362622675585393
1150,24,746000000,24.746000000,14.0378473493944078,-7.6207580985296168,2.2471096990169332,-0.0006242460070469,0.0022187625502327,0.8449286039771251,0.5348741362142450
1151,24,762000000,24.762000000,14.0386773714012634,-7.6212271608588837,2.2473670825845669,-0.0007098201471629,0.0022039481471991,0.8457016617538440,0.5336509515354676
1152,24,779000000,24.779000000,14.0395592858363472,-7.6217117565715684,2.2476455606006458,-0.0007987249408391,0.0021857820844467,0.8464055601314697,0.5325337662286607
1153,24,793000000,24.793000000,14.0402856667006652,-7.6221010999813563,2.2478785341147280,-0.0008722566298560,0.0021702131682390,0.8468943341328468,0.5317560682840001
1154,24,813000000,24.813000000,14.0411667218776799,-7.6225614347301489,2.2481654775354176,-0.0009602035996398,0.0021503766384006,0.8473774401278057,0.5309858075803982
1155,24,827000000,24.827000000,14.0420465695749517,-7.6230066648070398,2.2484564090324155,-0.0010457823943008,0.0021267522147654,0.8477394096612419,0.5304076513130346
1156,24,847000000,24.847000000,14.0427690375396050,-7.6233632485665836,2.2486987011063801,-0.0011144403345493,0.0021076917707544,0.8479464415779633,0.5300765490694812
1157,24,859000000,24.859000000,14.0436443517561536,-7.6237810608491543,2.2489957885895162,-0.0011942225599491,0.0020788689391322,0.8480871098034221,0.5298514002262231
1158,24,879000000,24.879000000,14.0445674166668475,-7.6242082973521281,2.2493132675152134,-0.0012761841088186,0.0020478399478024,0.8481034926935362,0.5298251064140821
1159,24,892000000,24.892000000,14.0453852156430905,-7.6245753674512526,2.2495977157293647,-0.0013490123270887,0.0020194923625894,0.8480032250025463,0.5299855018787015
1160,24,912000000,24.912000000,14.0462521265544993,-7.6249511957782525,2.2499020813088024,-0.0014273676625373,0.0019853732624874,0.8477779384258277,0.5303457250068283
1161,24,932000000,24.932000000,14.0471160560703527,-7.6253130316291315,2.2502083610975885,-0.0015066277694118,0.0019487401753216,0.8474298887078683,0.5309016069000581
1162,24,943000000,24.943000000,14.0479751592460502,-7.6256609300831890,2.2505163878831569,-0.0015844823628068,0.0019111955174222,0.8469585546486073,0.5316531232437918
1163,24,968000000,24.968000000,14.0488286383415506,-7.6259940197687444,2.2508259576944858,-0.0016594164999060,0.0018715836077019,0.8463634971513998,0.5325998255738839
1164,24,973000000,24.973000000,14.0494774311338961,-7.6262387222187389,2.2510636400815156,-0.0017150935297607,0.0018396203549479,0.8458246509984547,0.5334550909068883
1165,24,990000000,24.990000000,14.0503200152041305,-7.6265459223571215,2.2513757628414721,-0.0017853700118312,0.0017965852139450,0.8450098873816481,0.5347446820331585
1166,25,7000000,25.007000000,14.0511560610486068,-7.6268374869353597,2.2516893387641135,-0.0018523338485509,0.0017495997438109,0.8440698154150583,0.5362272414426926
1167,25,24000000,25.024000000,14.0519844258079285,-7.6271125639294866,2.2520041855418467,-0.0019137302236128,0.0016978930716780,0.8430038103560428,0.5379015063382344
1168,25,40000000,25.040000000,14.0527566732829268,-7.6273574414332250,2.2523015852020709,-0.0019674836039483,0.0016466204855590,0.8418848252180082,0.5396511453864323
1169,25,65000000,25.065000000,14.0535692305297815,-7.6276037778940085,2.2526185213238703,-0.0020218361986082,0.0015907363188613,0.8405724073082619,0.5416930955885845
1170,25,74000000,25.074000000,14.0543735686954232,-7.6278340635797361,2.2529362134316004,-0.0020718243349232,0.0015297342298302,0.8391321135959328,0.5439215599598292
1171,25,91000000,25.091000000,14.0551699136136978,-7.6280491369460730,2.2532545258900463,-0.0021192334371364,0.0014641691771950,0.8375632816479818,0.5463342514370875
1172,25,109000000,25.109000000,14.0559572016749179,-7.6282484040154142,2.2535733358370522,-0.0021619710529579,0.0013935381725948,0.8358655429002511,0.5489282085342274
1173,25,124000000,25.124000000,14.0566892212590293,-7.6284214339045358,2.2538737610433635,-0.0021969789699778,0.0013224561314579,0.8341497393892879,0.5515320812699555
1174,25,141000000,25.141000000,14.0574579150485182,-7.6285911914933759,2.2541931206684609,-0.0022311844082224,0.0012431361331941,0.8322011544253198,0.5544679566952952
1175,25,159000000,25.159000000,14.0582617876171980,-7.6287541461459991,2.2545310625354791,-0.0022634653897452,0.0011521995506010,0.8299968671002755,0.5577622699361736
1176,25,169000000,25.169000000,14.0587033084911450,-7.6288368645476741,2.2547185428731678,-0.0022782752286999,0.0010983478719206,0.8287095455298504,0.5596732012895055
1177,25,184000000,25.184000000,14.0593587830866369,-7.6289507355039836,2.2549990969821159,-0.0022966452036247,0.0010130936268223,0.8266945016654267,0.5626454478428343
1178,25,207000000,25.207000000,14.0600493614536237,-7.6290593067417438,2.2552970181076004,-0.0023125877007980,0.0009161697016581,0.8244339073480748,0.5659527762861405
1179,25,215000000,25.215000000,14.0606885836135014,-7.6291501164685060,2.2555745320584371,-0.0023251753705680,0.0008210278247003,0.8222103630674380,0.5691783888530196
1180,25,238000000,25.238000000,14.0613189484472567,-7.6292302660323497,2.2558496588746038,-0.0023338565190491,0.0007220450027383,0.8198858286327882,0.5725218421788716
1181,25,247000000,25.247000000,14.0620234787272409,-7.6293105543543023,2.2561577786236708,-0.0023430890160182,0.0006072696817289,0.8171290321123031,0.5764497255065764
1182,25,269000000,25.269000000,14.0627169113610204,-7.6293795384347201,2.2564609950391690,-0.0023505218416100,0.0004891906244907,0.8142418199980417,0.5805208818861571
1183,25,279000000,25.279000000,14.0633173045043929,-7.6294305591393012,2.2567237054967961,-0.0023512293383285,0.0003832707937343,0.8115854620324828,0.5842288615274144
1184,25,297000000,25.297000000,14.0639452179539415,-7.6294753854574724,2.2569983738449908,-0.0023454462481243,0.0002694017982513,0.8086391343902146,0.5883002436147827
1185,25,312000000,25.312000000,14.0645990234656555,-7.6295144732027369,2.2572834919291758,-0.0023358992842159,0.0001493143163969,0.8053804638368791,0.5927535995248467
1186,25,338000000,25.338000000,14.0652385232561219,-7.6295449381725833,2.2575611767170285,-0.0023219927174226,0.0000300326840555,0.8019891653062978,0.5973340658117248
1187,25,346000000,25.346000000,14.0658625036588489,-7.6295669977019251,2.2578309717083154,-0.0023017866487653,-0.0000876407684991,0.7984650026434397,0.6020368208431534
1188,25,364000000,25.364000000,14.0664724575410212,-7.6295822308609837,2.2580924297722271,-0.0022794501485656,-0.0002039809930234,0.7948077636792389,0.6068569693873357
1189,25,381000000,25.381000000,14.0671035675764742,-7.6295917504380650,2.2583595662097022,-0.0022551361755736,-0.0003262236371068,0.7907903175116516,0.6120829042448331
1190,25,398000000,25.398000000,14.0676850026354767,-7.6295941702258530,2.2586023254558136,-0.0022296786508867,-0.0004415028224485,0.7868596779334835,0.6171277670391978
1191,25,415000000,25.415000000,14.0682514328746109,-7.6295909178153876,2.2588356077238902,-0.0022010808988469,-0.0005554267377943,0.7827975513011697,0.6222723201468217
1192,25,432000000,25.432000000,14.0688022101635415,-7.6295833111472868,2.2590590426855779,-0.0021696844072658,-0.0006659770692120,0.7786051292660764,0.6275100808948588
1193,25,451000000,25.451000000,14.0693393010369778,-7.6295716482520151,2.2592722104495948,-0.0021387167091206,-0.0007761352763136,0.7742840083949747,0.6328341787930563
1194,25,470000000,25.470000000,14.0698929343340886,-7.6295564787241092,2.2594860528600722,-0.0021078987176675,-0.0008906821406492,0.7695701879017706,0.6385581330945163
1195,25,484000000,25.484000000,14.0704011726968474,-7.6295407662914547,2.2596760951564874,-0.0020813827259685,-0.0009953090342646,0.7649892655015793,0.6440388970188279
1196,25,501000000,25.501000000,14.0708959674026506,-7.6295221230895134,2.2598540725882388,-0.0020562583546308,-0.0011009435637334,0.7602852211471879,0.6495852078288268
1197,25,518000000,25.518000000,14.0713779293523888,-7.6295030603357858,2.2600194737672661,-0.0020365900017454,-0.0012054010745243,0.7554601390481805,0.6551903369393645
1198,25,536000000,25.536000000,14.0718462984714403,-7.6294840558670574,2.2601717582968774,-0.0020216870525942,-0.0013078867367268,0.7505163447008610,0.6608475002227093
1199,25,559000000,25.559000000,14.0723006685243774,-7.6294650449219521,2.2603107352751044,-0.0020107580315607,-0.0014088749723717,0.7454567656078858,0.6665494599299293
1200,25,569000000,25.569000000,14.0727407782987690,-7.6294455324706227,2.2604363494351327,-0.0020026858144755,-0.0015096558125621,0.7402846143030306,0.6722889259946717
1201,25,586000000,25.586000000,14.0731674595415743,-7.6294274645549418,2.2605484971181795,-0.0020014347552623,-0.0016093081050926,0.7350031567306475,0.6780588204443081
1202,25,606000000,25.606000000,14.0734845614136788,-7.6294142734121788,2.2606250951815148,-0.0020044557186837,-0.0016856932721024,0.7308928629379098,0.6824871892584432
1203,25,608000000,25.608000000,14.0736990674269062,-7.6294053490733837,2.2606734221136491,-0.0020078976187525,-0.0017385604122056,0.7280119037977517,0.6855593436629822
1204,25,626000000,25.626000000,14.0740917514031736,-7.6293889116552638,2.2607541281745838,-0.0020155511224271,-0.0018371491920527,0.7224934406689273,0.6913723964889649
1205,25,642000000,25.642000000,14.0744687457338529,-7.6293736746999175,2.2608211051256246,-0.0020268057039580,-0.0019347261629444,0.7168779654277185,0.6971930375280061
1206,25,659000000,25.659000000,14.0748302043261919,-7.6293625725058982,2.2608743111237577,-0.0020464074633376,-0.0020280658934780,0.7111689528918386,0.7030152342644872
1207,25,676000000,25.676000000,14.0751738087315523,-7.6293556070661950,2.2609136156728797,-0.0020714334050761,-0.0021147063475583,0.7053698304066988,0.7088332945994685
1208,25,693000000,25.693000000,14.0754984756009431,-7.6293509329870233,2.2609392248142699,-0.0020981879434102,-0.0021964952737030,0.6994842575288250,0.7146415510486464
1209,25,711000000,25.711000000,14.0758220333338038,-7.6293484504373899,2.2609519140297900,-0.0021296165677963,-0.0022791992892811,0.6931622740310602,0.7207748135471740
1210,25,728000000,25.728000000,14.0761084610453810,-7.6293502485551468,2.2609508014108344,-0.0021654594605102,-0.0023515947392578,0.6871103480140153,0.7265460415139332
1211,25,741000000,25.741000000,14.0763139858416793,-7.6293538308275659,2.2609417657946045,-0.0021952460925298,-0.0024028820604869,0.6824320212782927,0.7309418194264304
1212,25,758000000,25.758000000,14.0765647307568766,-7.6293588755733355,2.2609198208551242,-0.0022335983557236,-0.0024679999403378,0.6762522588473115,0.7366626109818446
1213,25,773000000,25.773000000,14.0767694570052289,-7.6293640718664175,2.2608914281026462,-0.0022685922941002,-0.0025239824433904,0.6707448365014883,0.7416804212787473
1214,25,791000000,25.791000000,14.0769824823694343,-7.6293727998990519,2.2608495134958746,-0.0023128629130575,-0.0025829324871974,0.6644457326704580,0.7473284736051011
1215,25,807000000,25.807000000,14.0771744971154877,-7.6293838011189763,2.2607976160292904,-0.0023605291251536,-0.0026372255965442,0.6580904380563302,0.7529305733480542
1216,25,825000000,25.825000000,14.0773450336487489,-7.6293975757880839,2.2607360355510684,-0.0024125863988061,-0.0026857713015482,0.6516839986460760,0.7584819918548135
1217,25,837000000,25.837000000,14.0774605748833075,-7.6294101559933569,2.2606827349886820,-0.0024557020905861,-0.0027183557704236,0.6467538491609814,0.7626900016812874
1218,25,863000000,25.863000000,14.0775911799685787,-7.6294275575279951,2.2606055165237917,-0.0025131074298140,-0.0027558205489500,0.6402708687056301,0.7681401593661706
1219,25,871000000,25.871000000,14.0776989664638421,-7.6294460046840724,2.2605204753183692,-0.0025730590297046,-0.0027881677439166,0.6337526815416687,0.7735264340192943
1220,25,897000000,25.897000000,14.0777876927300536,-7.6294658021657931,2.2604224809468727,-0.0026383298988916,-0.0028171330605543,0.6268192412748456,0.7791551461322004
1221,25,906000000,25.906000000,14.0778478295015219,-7.6294840537261637,2.2603228959064707,-0.0027020210521947,-0.0028408485135363,0.6202470022419042,0.7843967649550118
1222,25,927000000,25.927000000,14.0778848535988974,-7.6294999379611701,2.2602170805277049,-0.0027654020359790,-0.0028631568479362,0.6136575026627873,0.7895622991950128
1223,25,940000000,25.940000000,14.0778994025480380,-7.6295133631783267,2.2601058771134355,-0.0028300598931125,-0.0028850315388181,0.6070567555796252,0.7946482006895633
1224,25,959000000,25.959000000,14.0778905716309151,-7.6295255820201433,2.2599901266556777,-0.0028978630870866,-0.0029032751283131,0.6004507361720426,0.7996512282323525
1225,25,973000000,25.973000000,14.0778592983980708,-7.6295357648507780,2.2598777318912853,-0.0029631513961168,-0.0029145945066303,0.5942340332313957,0.8042814424206332
1226,25,993000000,25.993000000,14.0778010165616028,-7.6295424369068954,2.2597555823064228,-0.0030297637001996,-0.0029223792382264,0.5876360186129123,0.8091144479369244
1227,26,7000000,26.007000000,14.0777185004615930,-7.6295450542404986,2.2596317413403004,-0.0030968040859751,-0.0029277532628113,0.5810521596635749,0.8138551626767385
1228,26,27000000,26.027000000,14.0776131591646010,-7.6295430058170171,2.2595071825548660,-0.0031658848141996,-0.0029334299336926,0.5744893860218512,0.8185006521136093
1229,26,41000000,26.041000000,14.0774843296085290,-7.6295357604392944,2.2593828736368424,-0.0032362487545362,-0.0029385528721185,0.5679547947318012,0.8230481412057098
1230,26,59000000,26.059000000,14.0773601396628880,-7.6295266677733853,2.2592812553563157,-0.0032966219585614,-0.0029404076555551,0.5625993808266080,0.8267178617763129
1231,26,71000000,26.071000000,14.0771979527684188,-7.6295124844509195,2.2591663335226868,-0.0033682428802506,-0.0029396007831167,0.5565129522466471,0.8308269059610772
1232,26,89000000,26.089000000,14.0769887797926696,-7.6294903698267476,2.2590391823710023,-0.0034499389028659,-0.0029345259766185,0.5497161863331476,0.8353392131117748
1233,26,106000000,26.106000000,14.0767647651406005,-7.6294620948085061,2.2589217179199914,-0.0035263240275514,-0.0029258851761325,0.5433531842691612,0.8394917041754205
1234,26,123000000,26.123000000,14.0765149644514356,-7.6294248619117999,2.2588072399657295,-0.0035998548646058,-0.0029147423207253,0.5370516369275626,0.8435366527872888
1235,26,140000000,26.140000000,14.0762386969878719,-7.6293764001872502,2.2586961711833480,-0.0036668016266625,-0.0029017304243998,0.5308184077964078,0.8474726853833470
1236,26,157000000,26.157000000,14.0759364767006936,-7.6293184991527569,2.2585889148842826,-0.0037317527591751,-0.0028850512770539,0.5246601196284687,0.8512987192354480
1237,26,174000000,26.174000000,14.0756077355233487,-7.6292510370546562,2.2584858060035300,-0.0037947724657576,-0.0028631322072351,0.5185834621712538,0.8550137980982370
1238,26,191000000,26.191000000,14.0752515735233974,-7.6291737542990026,2.2583872073229938,-0.0038553360525427,-0.0028338949721864,0.5125952309720408,0.8586170477039975
1239,26,208000000,26.208000000,14.0748681224465848,-7.6290857692734582,2.2582933629776187,-0.0039129002327132,-0.0027976489042083,0.5067020050789769,0.8621078473261463
1240,26,225000000,26.225000000,14.0744574928809989,-7.6289848831048523,2.2582043743658491,-0.0039644812949527,-0.0027559294579916,0.5009102665512876,0.8654857552868230
1241,26,242000000,26.242000000,14.0740200636335597,-7.6288695177682833,2.2581204390417993,-0.0040083521472674,-0.0027099757410426,0.4952265257124769,0.8687504114389217
1242,26,259000000,26.259000000,14.0735570717140881,-7.6287391527453323,2.2580417271059785,-0.0040454117826560,-0.0026614176905084,0.4896570192063330,0.8719016888625427
1243,26,275000000,26.275000000,14.0730984432411521,-7.6286032810942386,2.2579725111469950,-0.0040759118792989,-0.0026126724807780,0.4845249336768078,0.8747640536340902
1244,26,293000000,26.293000000,14.0725563688025623,-7.6284352513598916,2.2579003802686310,-0.0041061377770372,-0.0025537498567375,0.4788849630215464,0.8778643461185089
1245,26,310000000,26.310000000,14.0720179678758157,-7.6282626901042656,2.2578380189388669,-0.0041316597283488,-0.0024902026243432,0.4736943481716329,0.8806760998170842
1246,26,327000000,26.327000000,14.0714539234207656,-7.6280743126254267,2.2577813407309839,-0.0041503892550989,-0.0024201286184390,0.4686417080527988,0.8833752694749025
1247,26,344000000,26.344000000,14.0708668581293992,-7.6278665419767355,2.2577303957489256,-0.0041585556058161,-0.0023504381487583,0.4637325966060373,0.8859623359380491
1248,26,361000000,26.361000000,14.0702573728446811,-7.6276396428481927,2.2576852746645693,-0.0041572212036098,-0.0022806352947749,0.4589722943526270,0.8884379264930117
1249,26,374000000,26.374000000,14.0697765948650044,-7.6274539836367721,2.2576547342097775,-0.0041515216234749,-0.0022264413714987,0.4554355834311742,0.8902562761203848
1250,26,392000000,26.392000000,14.0690904663687366,-7.6271795782823304,2.2576180507497123,-0.0041374129005946,-0.0021501586503295,0.4506910842490494,0.8926678022706346
1251,26,405000000,26.405000000,14.0685800907009817,-7.6269682077495657,2.2575955232326317,-0.0041212813510115,-0.0020938887847664,0.4473774757101210,0.8943332851331337
1252,26,422000000,26.422000000,14.0678940122131877,-7.6266764613859257,2.2575709279537168,-0.0040949908405486,-0.0020167378767822,0.4431909614481829,0.8964156042310885
1253,26,437000000,26.437000000,14.0672714986323282,-7.6264035597477839,2.2575535830843183,-0.0040650703522496,-0.0019461047473124,0.4396382045734235,0.8981636470926667
1254,26,454000000,26.454000000,14.0665479692650166,-7.6260745733555311,2.2575385953768952,-0.0040203756505486,-0.0018665653767724,0.4357755928728065,0.9000444351084432
1255,26,471000000,26.471000000,14.0658060843556783,-7.6257253178586364,2.2575283607904972,-0.0039655066993177,-0.0017871883340265,0.4320908176061342,0.9018196083779388
1256,26,488000000,26.488000000,14.0650461275080456,-7.6253562419862302,2.2575225805933394,-0.0039007653488540,-0.0017068492899273,0.4285875570605399,0.9034902194423984
1257,26,505000000,26.505000000,14.0642694132393125,-7.6249672115566565,2.2575209040329289,-0.0038261625052413,-0.0016268853159243,0.4252693730125591,0.9050572766969819
1258,26,518000000,26.518000000,14.0636645280429775,-7.6246566044803528,2.2575221803563044,-0.0037628129015144,-0.0015656450735081,0.4228588917998474,0.9061863757640461
1259,26,535000000,26.535000000,14.0628599992941759,-7.6242340089871181,2.2575268216476032,-0.0036728531128379,-0.0014852887924156,0.4198752475700478,0.9075731819226512
1260,26,552000000,26.552000000,14.0620402671735985,-7.6237914935762188,2.2575344003944156,-0.0035713558832542,-0.0014049414166474,0.4170853871511541,0.9088592032772419
1261,26,569000000,26.569000000,14.0612545162475655,-7.6233569841154676,2.2575438048292495,-0.0034641176960337,-0.0013275025191495,0.4146391480395941,0.9099783593793037
1262,26,584000000,26.584000000,14.0605062628844930,-7.6229342843016363,2.2575542154358010,-0.0033539390753422,-0.0012537350626338,0.4125057905566443,0.9109479414315120
1263,26,598000000,26.598000000,14.0597486703003334,-7.6224988542414129,2.2575659395724328,-0.0032389044237130,-0.0011798220948749,0.4105290603885645,0.9118409993493608
1264,26,620000000,26.620000000,14.0589311869284845,-7.6220210785465232,2.2575796078511576,-0.0031116633964766,-0.0011011150049922,0.4085949421781201,0.9127098544023240
1265,26,631000000,26.631000000,14.0580521155927247,-7.6214964556801883,2.2575949991410562,-0.0029662282088954,-0.0010185430908858,0.4067390719941679,0.9135389928040881
1266,26,653000000,26.653000000,14.0572679964162326,-7.6210201561891413,2.2576090869788046,-0.0028302692062704,-0.0009458048305781,0.4052733947220973,0.9141906642270362
1267,26,663000000,26.663000000,14.0563700255923969,-7.6204665305890122,2.2576254765389092,-0.0026685957520177,-0.0008620324746345,0.4038086727322344,0.9148391614502279
1268,26,689000000,26.689000000,14.0554632177835792,-7.6198979804605322,2.2576422693603941,-0.0024973336844641,-0.0007780840382551,0.4025543039927284,0.9153923695588837
1269,26,698000000,26.698000000,14.0545484808270977,-7.6193162982520564,2.2576595634484318,-0.0023184918332241,-0.0006932304422675,0.4015120082675635,0.9158505616333492
1270,26,719000000,26.719000000,14.0535721035600076,-7.6186889721499709,2.2576783770535207,-0.0021245360472938,-0.0006005057912650,0.4006409185253548,0.9162324924071065
1271,26,732000000,26.732000000,14.0526451149461789,-7.6180860799089807,2.2576963223229889,-0.0019374577187929,-0.0005137288689739,0.4000387835933545,0.9164960196102252
1272,26,754000000,26.754000000,14.0517159993454985,-7.6174713297120258,2.2577141205016509,-0.0017430976395014,-0.0004331243995721,0.3996515759247067,0.9166653652641034
1273,26,765000000,26.765000000,14.0508400012801253,-7.6168833398895908,2.2577304628753478,-0.0015544343724802,-0.0003617479834645,0.3994837174955649,0.9167389008480560
1274,26,784000000,26.784000000,14.0498529137720958,-7.6162149740715606,2.2577481774429624,-0.0013407275423497,-0.0002829002555133,0.3995228010397175,0.9167222337581220
1275,26,800000000,26.800000000,14.0489194499815486,-7.6155777634157129,2.2577643585044367,-0.0011365831227293,-0.0002091356203680,0.3997813082386143,0.9166098243113694
1276,26,822000000,26.822000000,14.0479861386106766,-7.6149353862937055,2.2577800720678738,-0.0009300092077385,-0.0001373234221667,0.4002545225249113,0.9164035319789566
1277,26,834000000,26.834000000,14.0470543081597103,-7.6142877378307618,2.2577951550681039,-0.0007194486287623,-0.0000693859280838,0.4009413920829576,0.9161034208504211
1278,26,858000000,26.858000000,14.0461252287663250,-7.6136354386371083,2.2578095719078588,-0.0005046426570810,-0.0000065867091488,0.4018406737631974,0.9157094616754505
1279,26,869000000,26.869000000,14.0451972753704446,-7.6129805755093889,2.2578236201293729,-0.0002856686518851,0.0000564329297079,0.4029507983570726,0.9152215957417873
1280,26,885000000,26.885000000,14.0442716245102339,-7.6123248666311181,2.2578376459971863,-0.0000641839205045,0.0001194358372979,0.4042700082756742,0.9146396787939454
1281,26,902000000,26.902000000,14.0433490529835368,-7.6116693925880163,2.2578520785969580,0.0001597114071230,0.0001824222790363,0.4057965146589380,0.9139634182531798
1282,26,921000000,26.921000000,14.0424310813076723,-7.6110148067028822,2.2578673552379600,0.0003861112444162,0.0002436369353662,0.4075281815214518,0.9131925168467869
1283,26,937000000,26.937000000,14.0415188653481344,-7.6103629308088445,2.2578838963399019,0.0006132231018166,0.0003029874188858,0.4094628286639410,0.9123265446640120
1284,26,952000000,26.952000000,14.0406659900769331,-7.6097524713387337,2.2579008574895481,0.0008284850108413,0.0003573377464937,0.4114671598087311,0.9114241396415051
1285,26,969000000,26.969000000,14.0397664622910501,-7.6091086871450395,2.2579206034288655,0.0010578250057507,0.0004141567395466,0.4137893417273166,0.9103719515414159
1286,26,986000000,26.986000000,14.0388731432303295,-7.6084725812713874,2.2579422885820541,0.0012858583402246,0.0004740685100531,0.4163075296498680,0.9092228343944079
1287,27,3000000,27.003000000,14.0379887216543313,-7.6078447618772831,2.2579659318397991,0.0015117484895189,0.0005331506172906,0.4190191208849170,0.9079759945613954
1288,27,20000000,27.020000000,14.0371135839447518,-7.6072245729383088,2.2579916616053435,0.0017389384698877,0.0005907087684034,0.4219208627658441,0.9066308028735151
1289,27,37000000,27.037000000,14.0362476239620229,-7.6066145227792550,2.2580197055657507,0.0019653793252693,0.0006496996192747,0.4250090700262339,0.9051867241458794
1290,27,54000000,27.054000000,14.0353922304254599,-7.6060167774781613,2.2580500893356912,0.0021883601064462,0.0007100583787163,0.4282799834458624,0.9036431611409202
1291,27,81000000,27.081000000,14.0345492347287788,-7.6054314052709984,2.2580827117305207,0.0024086223666654,0.0007691087724700,0.4317294306477342,0.9019996151454690
1292,27,87000000,27.087000000,14.0337671139659825,-7.6048920849274264,2.2581153075704496,0.0026150652759515,0.0008244469333507,0.4351353049993075,0.9003608987867122
1293,27,105000000,27.105000000,14.0329021342942557,-7.6042985385698358,2.2581538484903128,0.0028477328000648,0.0008834976811506,0.4391472275380963,0.8984101637867585
1294,27,122000000,27.122000000,14.0320997249875123,-7.6037531071116060,2.2581918572193627,0.0030660110277019,0.0009388776263920,0.4431069624843464,0.8964630153459074
1295,27,138000000,27.138000000,14.0313600202255913,-7.6032534508351173,2.2582288317810000,0.0032694299283736,0.0009866616499804,0.4469811483220659,0.8945368580284544
1296,27,156000000,27.156000000,14.0305432946992905,-7.6027094274808729,2.2582715315550828,0.0034966095814312,0.0010428045382176,0.4515057112546039,0.8922607684890131
1297,27,173000000,27.173000000,14.0297875900508053,-7.6022149726946369,2.2583127834713870,0.0037081357364207,0.0010993434557122,0.4559354627576404,0.8900044353672081
1298,27,189000000,27.189000000,14.0293949754689002,-7.6019611585857847,2.2583349137574373,0.0038178636908421,0.0011288544938774,0.4583405857581894,0.8887677182769465
1299,27,198000000,27.198000000,14.0287116574467170,-7.6015224920886117,2.2583745258226275,0.0040104172999120,0.0011765969254284,0.4627162878587138,0.8864965702827099
1300,27,218000000,27.218000000,14.0280048790973950,-7.6010769141437864,2.2584168012215011,0.0042091091850692,0.0012264986939067,0.4675017796142354,0.8839812583750545
1301,27,229000000,27.229000000,14.0274377823409022,-7.6007268542275304,2.2584516612630066,0.0043676875386695,0.0012683939713892,0.4715448704885399,0.8818303405974667
1302,27,257000000,27.257000000,14.0267698587860057,-7.6003209244584440,2.2584938494024769,0.0045558347350669,0.0013150457917545,0.4765742750545468,0.8791214224330252
1303,27,263000000,27.263000000,14.0261254480056561,-7.5999369437858455,2.2585358000074200,0.0047383635687220,0.0013573027067563,0.4817308493961391,0.8763053659427901
1304,27,292000000,27.292000000,14.0255038217061099,-7.5995778700777841,2.2585774820579632,0.0049124755886883,0.0014002532835917,0.4870104428900096,0.8733812085168818
1305,27,297000000,27.297000000,14.0249057839113984,-7.5992447842289454,2.2586189111835018,0.0050771972672245,0.0014444399814435,0.4924087362924942,0.8703480752456908
1306,27,319000000,27.319000000,14.0243000704081364,-7.5989207328934416,2.2586629461300118,0.0052408492848071,0.0014907300929700,0.4982481808109580,0.8670173363555858
1307,27,332000000,27.332000000,14.0237542637236370,-7.5986423828427379,2.2587051522220660,0.0053853649741338,0.0015351994246950,0.5038743538597359,0.8637588069184913
1308,27,349000000,27.349000000,14.0232352729279057,-7.5983910025579933,2.2587482648707145,0.0055200671834263,0.0015791757070134,0.5096028234951976,0.8603906074267078
1309,27,366000000,27.366000000,14.0227453782799714,-7.5981669947486603,2.2587926065399260,0.0056430702030146,0.0016200962098318,0.5154276504840852,0.8569129875100565
1310,27,383000000,27.383000000,14.0222839839443605,-7.5979709978239436,2.2588383993120615,0.0057549430573959,0.0016607714092879,0.5213431583452430,0.8533261004535951
1311,27,400000000,27.400000000,14.0218512909675024,-7.5978024682419889,2.2588857630506549,0.0058573839885417,0.0017013417961657,0.5273434147745885,0.8496303427860729
1312,27,416000000,27.416000000,14.0214711456877872,-7.5976680257940181,2.2589319880059673,0.0059465750507465,0.0017378461069346,0.5330621768504216,0.8460533870551931
1313,27,433000000,27.433000000,14.0210961048279152,-7.5975518472083650,2.2589831355394185,0.0060325451426643,0.0017767952932503,0.5392078423061935,0.8421492469824378
1314,27,450000000,27.450000000,14.0207533426053885,-7.5974633166583585,2.2590364206804416,0.0061069133667118,0.0018127718077093,0.5454184564334538,0.8381396821826618
1315,27,467000000,27.467000000,14.0204404198234069,-7.5974030881940813,2.2590919393342053,0.0061717456926430,0.0018518404073125,0.5516870424604261,0.8340263109899346
1316,27,484000000,27.484000000,14.0201566941229689,-7.5973706453611261,2.2591497316607811,0.0062290991921714,0.0018956326064033,0.5580067513573317,0.8298108641973259
1317,27,501000000,27.501000000,14.0199052218127367,-7.5973640875371542,2.2592097480268412,0.0062790308433279,0.0019378809532035,0.5643708284373989,0.8254952370534695
1318,27,518000000,27.518000000,14.0196853748721910,-7.5973822427354580,2.2592720867620049,0.0063244080025658,0.0019794203367850,0.5707724878602748,0.8210815129208182
1319,27,544000000,27.544000000,14.0194962606498237,-7.5974262818056175,2.2593368711062665,0.0063644231222276,0.0020242354808396,0.5772052334974898,0.8165718064029321
1320,27,552000000,27.552000000,14.0193409526457415,-7.5974948494157255,2.2594040793509542,0.0063977751071324,0.0020666939442816,0.5836626234660930,0.8119684348658494
1321,27,576000000,27.576000000,14.0192311707249821,-7.5975767270482741,2.2594656112981171,0.0064209192400841,0.0021057203344454,0.5893753593438785,0.8078310612598771
1322,27,585000000,27.585000000,14.0191315174994564,-7.5977016057467459,2.2595424833932172,0.0064425752565861,0.0021586390566207,0.5962424989737372,0.8027756323650087
1323,27,601000000,27.601000000,14.0190740195974968,-7.5978354051112200,2.2596137268496164,0.0064566805113374,0.0022076052389796,0.6023513694217926,0.7982018952067044
1324,27,618000000,27.618000000,14.0190444932190239,-7.5980003540217007,2.2596925667097976,0.0064679469882167,0.0022627379861979,0.6088403593593368,0.7932631735393728
1325,27,642000000,27.642000000,14.0190481483626534,-7.5981876051071637,2.2597746731919268,0.0064762224498771,0.0023197402637486,0.6153212633076330,0.7882464210317653
1326,27,652000000,27.652000000,14.0190867779456365,-7.5983973452297944,2.2598598795340670,0.0064785957500698,0.0023772156654900,0.6217880128103438,0.7831551849845282
1327,27,666000000,27.666000000,14.0191440067836552,-7.5985880427865755,2.2599323519753893,0.0064751773107016,0.0024286097538358,0.6270986368139188,0.7789091562175805
1328,27,683000000,27.683000000,14.0192445934874161,-7.5988398573221083,2.2600232491549499,0.0064663884622122,0.0024947555090511,0.6335241454076678,0.7736918761371934
1329,27,700000000,27.700000000,14.0193807588491719,-7.5991126010161940,2.2601175117438963,0.0064521724799931,0.0025623089372448,0.6399189987114842,0.7684110092465426
1330,27,717000000,27.717000000,14.0195539697580678,-7.5994059607605049,2.2602156274619185,0.0064304851130430,0.0026299935042101,0.6462776496386898,0.7630707251447073
1331,27,738000000,27.738000000,14.0197653608411414,-7.5997166312447142,2.2603181741678928,0.0064042668330242,0.0026930866042042,0.6525947507567718,0.7576752760487705
1332,27,751000000,27.751000000,14.0200141052373901,-7.6000459382941887,2.2604257187601138,0.0063717066328252,0.0027560477023611,0.6588653944388700,0.7522288199521204
1333,27,774000000,27.774000000,14.0203018094048790,-7.6003930530079264,2.2605388243607227,0.0063310351781237,0.0028166659214597,0.6650846208148089,0.7467358512501472
1334,27,785000000,27.785000000,14.0206279064142976,-7.6007575159478886,2.2606579360323167,0.0062827419233040,0.0028765885140856,0.6712477665953578,0.7412008420348630
1335,27,806000000,27.806000000,14.0209927326060395,-7.6011373922331753,2.2607833260097960,0.0062282405262550,0.0029339826165033,0.6773502993038308,0.7356284203311914
1336,27,819000000,27.819000000,14.0213967709851062,-7.6015314808154599,2.2609153158320270,0.0061674842748350,0.0029877346077826,0.6833877871853322,0.7300234022999319
1337,27,843000000,27.843000000,14.0218393851526848,-7.6019391830776923,2.2610541362632084,0.0061009966962360,0.0030391990895409,0.6893561801381716,0.7243905010514118
1338,27,853000000,27.853000000,14.0223198837283611,-7.6023597052974967,2.2611999491383168,0.0060296327530867,0.0030894597379165,0.6952514749775905,0.7187346417899136
1339,27,871000000,27.871000000,14.0228381236026767,-7.6027928749332903,2.2613530204816574,0.0059525101970349,0.0031396248466604,0.7010696940466865,0.7130610033282299
1340,27,880000000,27.880000000,14.0231280804323450,-7.6030272418470748,2.2614370147657321,0.0059085361821586,0.0031659610707316,0.7041174865453164,0.7100518509459637
1341,27,895000000,27.895000000,14.0236703770017819,-7.6034518504756976,2.2615913438707076,0.0058248775317012,0.0032118717188080,0.7094783655451402,0.7046958233913402
1342,27,916000000,27.916000000,14.0243226849331730,-7.6039390701911929,2.2617726424676534,0.0057230192602788,0.0032575447310608,0.7154182899007000,0.6986653747885532
1343,27,928000000,27.928000000,14.0248995316225376,-7.6043527807318156,2.2619299378419924,0.0056318000998243,0.0032929006902892,0.7202917782380401,0.6936405364707006
1344,27,943000000,27.943000000,14.0255059263340627,-7.6047724628335622,2.2620927898361498,0.0055360090357839,0.0033259778408349,0.7250933862840193,0.6886202666510273
1345,27,960000000,27.960000000,14.0262291828413979,-7.6052531789002140,2.2622840449122483,0.0054229273807121,0.0033578690946199,0.7304454634397645,0.6829412430905273
1346,27,977000000,27.977000000,14.0269900655246325,-7.6057405985325879,2.2624822256334749,0.0053023182594925,0.0033874643472094,0.7356995351078865,0.6772788233426548
1347,27,994000000,27.994000000,14.0277886000677334,-7.6062336529369521,2.2626870322074457,0.0051736958279572,0.0034139143921482,0.7408528853052361,0.6716387275871677
1348,28,11000000,28.011000000,14.0286255905161568,-7.6067298207630900,2.2628981073420182,0.0050372533656353,0.0034330059252578,0.7459029686091969,0.6660267276685184
1349,28,25000000,28.025000000,14.0293425490825445,-7.6071411221855465,2.2630763366279503,0.0049188335106393,0.0034458603005300,0.7499827704881137,0.6614300984190676
1350,28,42000000,28.042000000,14.0302460560221842,-7.6076446560614519,2.2632977649663362,0.0047657405366698,0.0034607155598222,0.7548388994552734,0.6558837907999425
1351,28,59000000,28.059000000,14.0311861054276772,-7.6081493701859380,2.2635244933072172,0.0046040926613085,0.0034695292331750,0.7595855420392710,0.6503818640018900
1352,28,76000000,28.076000000,14.0321622557846695,-7.6086548453138168,2.2637563580069413,0.0044327049242606,0.0034727079028850,0.7642207786321469,0.6449301457784021
1353,28,102000000,28.102000000,14.0331724210301463,-7.6091623871123151,2.2639933895796065,0.0042506353851173,0.0034754845718265,0.7687427244037587,0.6395345782536707
1354,28,107000000,28.107000000,14.0340286592384071,-7.6095817698257679,2.2641925341149141,0.0040930003528374,0.0034790919971757,0.7723804020575505,0.6351375109253139
1355,28,133000000,28.133000000,14.0350977147266764,-7.6100904558110916,2.2644391514618856,0.0038933263189580,0.0034820325116247,0.7766915101411577,0.6298595204761216
1356,28,141000000,28.141000000,14.0361973747513105,-7.6105971539726474,2.2646910392414981,0.0036863129594210,0.0034835017514161,0.7808849874756433,0.6246542344749435
1357,28,167000000,28.167000000,14.0373275751127640,-7.6110999100826984,2.2649483120773706,0.0034717579783063,0.0034806397667116,0.7849594969901955,0.6195275781821611
1358,28,175000000,28.175000000,14.0384859005139369,-7.6115992648892323,2.2652111209528814,0.0032499749445971,0.0034775385807009,0.7889139105284412,0.6144853018282879
1359,28,200000000,28.200000000,14.0396717339702981,-7.6120948954409275,2.2654796491736113,0.0030194563423589,0.0034745503509988,0.7927471275561997,0.6095332658146306
1360,28,202000000,28.202000000,14.0403816768153629,-7.6123836019675224,2.2656404135925441,0.0028806962795125,0.0034716531554927,0.7949449212527753,0.6066648344743019
1361,28,220000000,28.220000000,14.0416803814243654,-7.6128976586448438,2.2659351942817314,0.0026268647939657,0.0034667018917217,0.7987938852088654,0.6015890711376615
1362,28,237000000,28.237000000,14.0429300131504888,-7.6133740363276488,2.2662201394419412,0.0023850616616231,0.0034600034143762,0.8023018351326172,0.5969037654430379
1363,28,254000000,28.254000000,14.0442010300049063,-7.6138404769020376,2.2665115915570655,0.0021410824484765,0.0034506721147071,0.8056855473318278,0.5923295598300991
1364,28,269000000,28.269000000,14.0453388253704397,-7.6142454579780212,2.2667741561845958,0.0019218778149272,0.0034446416506951,0.8085676587063596,0.5883899915223567
1365,28,286000000,28.286000000,14.0466461346123079,-7.6146946289380644,2.2670778296790370,0.0016701492398985,0.0034370539426117,0.8117162726591535,0.5840394592508651
1366,28,303000000,28.303000000,14.0479699805531801,-7.6151319945408664,2.2673881023300555,0.0014175250553772,0.0034290006870061,0.8147393741380334,0.5798154747901881
1367,28,320000000,28.320000000,14.0493080493414215,-7.6155552731523484,2.2677049999329437,0.0011674475997078,0.0034191144117655,0.8176366915528600,0.5757231863918931
1368,28,337000000,28.337000000,14.0504188398196224,-7.6158934562078446,2.2679709047317833,0.0009640702892872,0.0034118024665394,0.8199281681325572,0.5724554386807728
1369,28,345000000,28.345000000,14.0512964962399387,-7.6161528881099585,2.2681829141473355,0.0008055591835227,0.0034077940085057,0.8216686912379431,0.5699546471902156
1370,28,371000000,28.371000000,14.0527412980307993,-7.6165632234134479,2.2685356007569215,0.0005500970422247,0.0034011753875361,0.8244029725599140,0.5659928164151949
1371,28,381000000,28.381000000,14.0541967524115812,-7.6169554364115228,2.2688953604899242,0.0002971372669438,0.0033933065550806,0.8269959503495419,0.5621975589466091
1372,28,400000000,28.400000000,14.0554162217533616,-7.6172682285591513,2.2692005428117161,0.0000886102119316,0.0033869004818711,0.8290487745595949,0.5591660312059290
1373,28,413000000,28.413000000,14.0568032606022353,-7.6176072503453591,2.2695524249715819,-0.0001439561449324,0.0033819942785019,0.8312566152526666,0.5558785667661676
1374,28,432000000,28.432000000,14.0581138990818175,-7.6179098141093053,2.2698894663892371,-0.0003605140309879,0.0033763464024846,0.8332194447932820,0.5529320275883635
1375,28,446000000,28.446000000,14.0595113508181004,-7.6182128055739788,2.2702537747898077,-0.0005886745438518,0.0033679734565742,0.8351827072703155,0.5499619584059462
1376,28,467000000,28.467000000,14.0609123418303383,-7.6184954167227472,2.2706243972593705,-0.0008134506096992,0.0033561412138348,0.8370201390743207,0.5471611841114677
1377,28,480000000,28.480000000,14.0623137100402289,-7.6187594843904076,2.2710011738737395,-0.0010341619160087,0.0033471095258823,0.8387319049848785,0.5445333037816787
1378,28,497000000,28.497000000,14.0637149082343580,-7.6190029277535185,2.2713838417146297,-0.0012501399645963,0.0033374316266933,0.8403181504411684,0.5420818247638818
1379,28,510000000,28.510000000,14.0647861948902229,-7.6191728831758008,2.2716802641052634,-0.0014109734353294,0.0033254469688978,0.8414465551262430,0.5403282756090048
1380,28,525000000,28.525000000,14.0660203695021515,-7.6193520425342731,2.2720262210439781,-0.0015911492669141,0.0033091050401356,0.8426575684531609,0.5384373133396784
1381,28,543000000,28.543000000,14.0674974103020105,-7.6195427603893773,2.2724465189698879,-0.0017994472585931,0.0032862424480100,0.8439823138345994,0.5363579183106485
1382,28,562000000,28.562000000,14.0688878314922885,-7.6196978380992721,2.2728482534967771,-0.0019887567634639,0.0032601524553789,0.8451048341878759,0.5345869765386978
1383,28,577000000,28.577000000,14.0702725179522208,-7.6198295461778081,2.2732542391847619,-0.0021719082892484,0.0032321512324177,0.8461025314328076,0.5330059496063706
1384,28,597000000,28.597000000,14.0716501185617844,-7.6199375529446236,2.2736639507465415,-0.0023482945285357,0.0032024955451509,0.8469755248317825,0.5316170519001601
1385,28,611000000,28.611000000,14.0730197151983081,-7.6200204351131138,2.2740768780665599,-0.0025167762139494,0.0031690462805701,0.8477238722385876,0.5304223406116821
1386,28,633000000,28.633000000,14.0743805175394190,-7.6200783145218605,2.2744923383062963,-0.0026780264930693,0.0031321972468470,0.8483477145422994,0.5294234342616191
1387,28,645000000,28.645000000,14.0757316430388251,-7.6201106996294348,2.2749095986027141,-0.0028317848288126,0.0030913441695640,0.8488470867482335,0.5286218382785046
1388,28,662000000,28.662000000,14.0770727537368430,-7.6201187979311928,2.2753281748965488,-0.0029804987798809,0.0030482413816686,0.8492219593099959,0.5280188336387198
1389,28,680000000,28.680000000,14.0784030286066990,-7.6201018684804476,2.2757473453861645,-0.0031235639923270,0.0030017576453312,0.8494724938578937,0.5276151201187048
1390,28,697000000,28.697000000,14.0797982243681510,-7.6200536102489140,2.2761907622007218,-0.0032646331626631,0.0029443240856309,0.8496024579036306,0.5274052869000287
1391,28,715000000,28.715000000,14.0811790831680952,-7.6199757308300642,2.2766327563224253,-0.0033972848860248,0.0028809408467935,0.8495933816674419,0.5274194198757954
1392,28,730000000,28.730000000,14.0823192688407755,-7.6198882587318160,2.2769991035454953,-0.0035033300583230,0.0028224878839111,0.8494797773151299,0.5276019978859865
1393,28,747000000,28.747000000,14.0835985389045657,-7.6197643961041601,2.2774111609072567,-0.0036174101017605,0.0027508463614021,0.8492345263998126,0.5279962749479743
1394,28,764000000,28.764000000,14.0848630527767948,-7.6196149161541680,2.2778190232138100,-0.0037250714670728,0.0026748149267203,0.8488654600011385,0.5285890653662150
1395,28,781000000,28.781000000,14.0861131688772403,-7.6194360762309090,2.2782217703998855,-0.0038239314932512,0.0025864853997142,0.8483725865873710,0.5293794876723741
1396,28,798000000,28.798000000,14.0873481997273942,-7.6192288638633254,2.2786185029048194,-0.0039148073758440,0.0024872667419250,0.8477557487657897,0.5303665508136050
1397,28,815000000,28.815000000,14.0885671035704245,-7.6189955449154798,2.2790084398032198,-0.0039991943107757,0.0023810894096360,0.8470147223348975,0.5315490541859937
1398,28,832000000,28.832000000,14.0897705261268200,-7.6187370964618326,2.2793907642591815,-0.0040800492288269,0.0022677196560071,0.8461492989447283,0.5329254868564621
1399,28,849000000,28.849000000,14.0909580064302027,-7.6184522794708283,2.2797647172683941,-0.0041559037644521,0.0021442003358092,0.8451591229312986,0.5344943290576791
1400,28,861000000,28.861000000,14.0917862188569440,-7.6182363920203873,2.2800233351441315,-0.0042072057452203,0.0020524097925264,0.8443848704485376,0.5357166019375048
1401,28,878000000,28.878000000,14.0929451396193279,-7.6179108727881175,2.2803816638771623,-0.0042782972619085,0.0019173119860602,0.8431812115014246,0.5376090258340881
1402,28,895000000,28.895000000,14.0940844320646388,-7.6175597986065533,2.2807299183562795,-0.0043404621792292,0.0017737081995333,0.8418523254814952,0.5396875729796747
1403,28,910000000,28.910000000,14.0950744152922152,-7.6172279494140502,2.2810283966793139,-0.0043890776343193,0.0016361098181553,0.8405757138609293,0.5416738210485826
1404,28,931000000,28.931000000,14.0960503931950960,-7.6168777219296793,2.2813183312104175,-0.0044352192232304,0.0014908019058233,0.8392013839898194,0.5438006467904312
1405,28,942000000,28.942000000,14.0971373591523825,-7.6164599085738089,2.2816360996454566,-0.0044824521115021,0.0013200648795781,0.8375252543392239,0.5463786355594444
1406,28,964000000,28.964000000,14.0982040213869020,-7.6160214485306739,2.2819419201271609,-0.0045263754225721,0.0011438118582853,0.8357226318018762,0.5491319388945722
1407,28,976000000,28.976000000,14.0992480164427292,-7.6155618795024518,2.2822354698172949,-0.0045626329874680,0.0009621026380098,0.8337930291289917,0.5520574619680781
1408,28,998000000,28.998000000,14.1002683492506407,-7.6150822683760895,2.2825165185854095,-0.0045908931375952,0.0007760755414248,0.8317357494495428,0.5551521993963104
1409,29,9000000,29.009000000,14.1012078013784095,-7.6146138171873821,2.2827694826471552,-0.0046129913585959,0.0005966755883398,0.8296822940890224,0.5582164948871937
1410,29,27000000,29.027000000,14.1021831671144557,-7.6141002954861392,2.2830259500332417,-0.0046333157874857,0.0004043751774252,0.8273754834176406,0.5616299300295121
1411,29,43000000,29.043000000,14.1031340091855455,-7.6135726779105832,2.2832696564564343,-0.0046511957974369,0.0002133517363561,0.8249392730582150,0.5652021909236326
1412,29,63000000,29.063000000,14.1040589138478278,-7.6130296473846562,2.2835005811547022,-0.0046627362835850,0.0000211364992480,0.8223732939666205,0.5689291905097581
1413,29,76000000,29.076000000,14.1049043513039596,-7.6125044819243737,2.2837064041238992,-0.0046654601660756,-0.0001608669408009,0.8198397500733628,0.5725740055249734
1414,29,96000000,29.096000000,14.1057260001530409,-7.6119673979279687,2.2839011851499769,-0.0046631076149115,-0.0003431239801663,0.8171913145134432,0.5763475454767695
1415,29,109000000,29.109000000,14.1065730329608723,-7.6113859334805767,2.2840960305228779,-0.0046577366902146,-0.0005350576751635,0.8142516278827291,0.5804931573175817
1416,29,129000000,29.129000000,14.1072967974748114,-7.6108630986982222,2.2842575391352495,-0.0046474410309044,-0.0007035358853084,0.8115505780408817,0.5842632673809240
1417,29,142000000,29.142000000,14.1081357133695580,-7.6102247475386280,2.2844382624124591,-0.0046287504056793,-0.0009039636227704,0.8081769366375714,0.5889208746568265
1418,29,161000000,29.161000000,14.1088992329197396,-7.6096125888655965,2.2845956261221390,-0.0046079826244283,-0.0010914240346046,0.8048585211827388,0.5934478377829382
1419,29,176000000,29.176000000,14.1096347360565577,-7.6089926208741430,2.2847397637528597,-0.0045852880435221,-0.0012767745721571,0.8014121546119269,0.5980935574143220
1420,29,194000000,29.194000000,14.1103814640396426,-7.6083286715029139,2.2848775899445859,-0.0045576067111678,-0.0014690594895437,0.7976240034452911,0.6031359873305431
1421,29,208000000,29.208000000,14.1109385954560853,-7.6078060397032097,2.2849740389729778,-0.0045307362397876,-0.0016173241928381,0.7945791568207476,0.6071415158244499
1422,29,229000000,29.229000000,14.1115871590180664,-7.6071634626539231,2.2850783767256528,-0.0044905106665779,-0.0017980023559959,0.7907664872157432,0.6120988197978781
1423,29,240000000,29.240000000,14.1121331228585856,-7.6065916260241258,2.2851587647726181,-0.0044494120030033,-0.0019541456774210,0.7872977689755241,0.6165538151805252
1424,29,257000000,29.257000000,14.1127216556470447,-7.6059406835234062,2.2852367445660553,-0.0043987865125788,-0.0021238567715117,0.7832487271422995,0.6216892884227606
1425,29,274000000,29.274000000,14.1132797944602402,-7.6052872125480642,2.2853010231299904,-0.0043469106865084,-0.0022885747074611,0.7790754301056393,0.6269109514109680
1426,29,295000000,29.295000000,14.1138364606343636,-7.6045936025295493,2.2853543198257964,-0.0042896260729659,-0.0024558253441713,0.7745222565606525,0.6325273449600638
1427,29,308000000,29.308000000,14.1143010357294152,-7.6039765534218917,2.2853891789925318,-0.0042365659852632,-0.0025971500910085,0.7703601337434287,0.6375896569572501
1428,29,330000000,29.330000000,14.1147902525570288,-7.6032828592165682,2.2854146304744938,-0.0041763792153290,-0.0027482322607754,0.7655500345640964,0.6433569379862171
1429,29,340000000,29.340000000,14.1151463472648206,-7.6027438192249557,2.2854245216804818,-0.0041292236070926,-0.0028606140296280,0.7617163373267002,0.6478911851919060
1430,29,357000000,29.357000000,14.1155490460602664,-7.6020885500595980,2.2854251708423057,-0.0040679152603273,-0.0029926447981001,0.7569538564832770,0.6534488161268958
1431,29,374000000,29.374000000,14.1159201250092092,-7.6014338241114947,2.2854139698428937,-0.0040050496593241,-0.0031198609053927,0.7520755022864620,0.6590574063810550
1432,29,391000000,29.391000000,14.1162400574199935,-7.6008188708304756,2.2853930440867556,-0.0039444371215380,-0.0032342124422347,0.7473799045734129,0.6643773472398867
1433,29,407000000,29.407000000,14.1165318507296185,-7.6002076597081674,2.2853625797215456,-0.0038859940024025,-0.0033405655964738,0.7425852971836097,0.6697318986570963
1434,29,428000000,29.428000000,14.1168115291154574,-7.5995627160517092,2.2853204267210541,-0.0038272338322830,-0.0034456433961832,0.7373852012535569,0.6754528442423133
1435,29,441000000,29.441000000,14.1170594781201384,-7.5989220570926133,2.2852687463028483,-0.0037705047841054,-0.0035430953984899,0.7320791496751041,0.6811999327507650
1436,29,458000000,29.458000000,14.1172879544826184,-7.5982482141467598,2.2852041524998032,-0.0037129304675872,-0.0036396192474260,0.7263492433102415,0.6873061501701525
1437,29,475000000,29.475000000,14.1174723449408273,-7.5976157781542604,2.2851343447412522,-0.0036614049776775,-0.0037265571267154,0.7208360045635616,0.6930859697111260
1438,29,492000000,29.492000000,14.1176262855635812,-7.5969871291212536,2.2850562517666839,-0.0036123634080763,-0.0038100584644292,0.7152277314210588,0.6988717525350352
1439,29,509000000,29.509000000,14.1177492941693448,-7.5963619078973208,2.2849699681949871,-0.0035643538380316,-0.0038903836728947,0.7095283653120155,0.7046571216657461
1440,29,529000000,29.529000000,14.1178414312456990,-7.5957398476693037,2.2848756703770237,-0.0035168653769061,-0.0039683758926136,0.7037420250597536,0.7104358140011614
1441,29,540000000,29.540000000,14.1178950321241814,-7.5952311587436823,2.2847921345134252,-0.0034811041290926,-0.0040306612749023,0.6989143075909068,0.7151855887309621
1442,29,555000000,29.555000000,14.1179298626536678,-7.5946905979286123,2.2846968761542774,-0.0034469254696649,-0.0040940949661292,0.6936819438240024,0.7202615621451476
1443,29,572000000,29.572000000,14.1179405098547708,-7.5940834649467188,2.2845821447906074,-0.0034124060516158,-0.0041614500289559,0.6876813655138391,0.7259926840840870
1444,29,591000000,29.591000000,14.1179206502371866,-7.5934822510153177,2.2844608309954464,-0.0033826733157006,-0.0042243721144340,0.6816106079345856,0.7316950808584971
1445,29,605000000,29.605000000,14.1178729472323941,-7.5929208237396306,2.2843410217916573,-0.0033560331786962,-0.0042794285841642,0.6758373892498545,0.7370306959850703
1446,29,622000000,29.622000000,14.1177911069585615,-7.5923289656525732,2.2842080827300699,-0.0033287339010356,-0.0043331927870096,0.6696447572222017,0.7426614586039222
1447,29,639000000,29.639000000,14.1176779081700570,-7.5917426858822754,2.2840695561416262,-0.0033048088701810,-0.0043822505731643,0.6633963573879703,0.7482480518669046
1448,29,656000000,29.656000000,14.1175337105270184,-7.5911604079718309,2.2839257314360002,-0.0032824546073466,-0.0044294019949259,0.6570970515793979,0.7537858254805406
1449,29,673000000,29.673000000,14.1173585893324489,-7.5905827834280322,2.2837770197983640,-0.0032629076764904,-0.0044739319409843,0.6507516887384740,0.7592704241378735
1450,29,690000000,29.690000000,14.1171505116969787,-7.5900090889535567,2.2836238835843243,-0.0032424883295093,-0.0045136451616630,0.6443652774467206,0.7646976543038421
1451,29,707000000,29.707000000,14.1169090828643213,-7.5894405538031080,2.2834672083926306,-0.0032228488276769,-0.0045462016865880,0.6379432431844555,0.7700632206325384
1452,29,727000000,29.727000000,14.1166356259241450,-7.5888777884702563,2.2833081877467252,-0.0032069763758104,-0.0045727918440992,0.6314913338954146,0.7753628183581319
1453,29,741000000,29.741000000,14.1163300438490698,-7.5883191988278984,2.2831479116477937,-0.0031924750753970,-0.0045951921019248,0.6250154707789402,0.7805923094672528
1454,29,758000000,29.758000000,14.1160122849323511,-7.5877969267611602,2.2829967919766117,-0.0031787120912873,-0.0046113867234885,0.6189041532129589,0.7854465481735071
1455,29,773000000,29.773000000,14.1156657973530510,-7.5872780015898265,2.2828461869809362,-0.0031657148322332,-0.0046234046374719,0.6127822307823164,0.7902319533001732
1456,29,790000000,29.790000000,14.1152665325313169,-7.5867287345689940,2.2826872993089293,-0.0031508593270848,-0.0046338273569529,0.6062717243554603,0.7952378235324221
1457,29,807000000,29.807000000,14.1148352424090717,-7.5861812473801811,2.2825301926325188,-0.0031345519719307,-0.0046419450096328,0.5997612976363927,0.8001593671188091
1458,29,824000000,29.824000000,14.1143721880859268,-7.5856373966060415,2.2823755891246060,-0.0031203697213190,-0.0046454690052832,0.5932572345104421,0.8049935009747256
1459,29,841000000,29.841000000,14.1138777569625944,-7.5850960509606420,2.2822239382309366,-0.0031071348730189,-0.0046460086268166,0.5867657102535950,0.8097374646064701
1460,29,858000000,29.858000000,14.1133514401254416,-7.5845562545519192,2.2820755978518266,-0.0030928405013638,-0.0046433855439922,0.5802930118523230,0.8143886625584142
1461,29,875000000,29.875000000,14.1127923257556773,-7.5840176139976725,2.2819309079608798,-0.0030759351553029,-0.0046359803826357,0.5738454345567761,0.8189447255750274
1462,29,892000000,29.892000000,14.1122005722375405,-7.5834795004823707,2.2817899953686380,-0.0030557269270236,-0.0046241696874597,0.5674291478404531,0.8234035716273681
1463,29,909000000,29.909000000,14.1115758677609104,-7.5829426424422968,2.2816529610567837,-0.0030332297352508,-0.0046058880596039,0.5610504683145218,0.8277632253951678
1464,29,926000000,29.926000000,14.1109178937122106,-7.5824068054353484,2.2815198123307954,-0.0030078174826128,-0.0045801274486980,0.5547155662915064,0.8320220045049520
1465,29,951000000,29.951000000,14.1102275373695569,-7.5818710637440381,2.2813905217327468,-0.0029790143322618,-0.0045486436100586,0.5484307315147415,0.8361783111544584
1466,29,960000000,29.960000000,14.1095051845620656,-7.5813341835254047,2.2812652401720168,-0.0029451381886638,-0.0045125964848149,0.5422024529010466,0.8402306009079313
1467,29,983000000,29.983000000,14.1087960866311057,-7.5808271168409549,2.2811512319668137,-0.0029072809183979,-0.0044744273209170,0.5363981057205162,0.8439482208034170
1468,29,993000000,29.993000000,14.1080118084474773,-7.5802868989615622,2.2810343618773667,-0.0028615124467075,-0.0044282729400910,0.5302982523442735,0.8477947662647456
1469,30,16000000,30.016000000,14.1071964243159460,-7.5797450982834906,2.2809218750113276,-0.0028104243486069,-0.0043765999836049,0.5242739567578480,0.8515337721740897
1470,30,27000000,30.027000000,14.1063506161782701,-7.5792042512992461,2.2808136907360632,-0.0027589214285420,-0.0043167884330525,0.5183314842975517,0.8551644438796975
1471,30,42000000,30.042000000,14.1055793012578867,-7.5787255137123903,2.2807216839074269,-0.0027090911979898,-0.0042592864041523,0.5131610563309581,0.8582774898420111
1472,30,59000000,30.059000000,14.1046772498534274,-7.5781804432526476,2.2806213046921182,-0.0026463829580036,-0.0041892693461345,0.5073895663887285,0.8617025441528203
1473,30,81000000,30.081000000,14.1037467306686111,-7.5776343998141948,2.2805250812856452,-0.0025807966603132,-0.0041132008416940,0.5017177037314150,0.8650177841119280
1474,30,93000000,30.093000000,14.1027879379869727,-7.5770852954779739,2.2804328944317525,-0.0025082640706396,-0.0040322964638348,0.4961514009706992,0.8682230338521273
1475,30,116000000,30.116000000,14.1018609729799067,-7.5765675328380642,2.2803499162871903,-0.0024376524348993,-0.0039508899530875,0.4910141792502213,0.8711392105136909
1476,30,126000000,30.126000000,14.1008514547995603,-7.5760160881640690,2.2802660238923655,-0.0023604408876635,-0.0038605188994882,0.4856693659130372,0.8741308779160423
1477,30,146000000,30.146000000,14.0997544222052706,-7.5754309840039822,2.2801821971382692,-0.0022754100372107,-0.0037578498170545,0.4801437799145482,0.8771788025729332
1478,30,159000000,30.159000000,14.0988188901912750,-7.5749420917004811,2.2801163462505607,-0.0022014628251212,-0.0036673294755614,0.4756487910446625,0.8796248813179959
1479,30,182000000,30.182000000,14.0976727768936829,-7.5743512645314679,2.2800421673180278,-0.0021055236755657,-0.0035576104153822,0.4703918832955611,0.8824479510474480
1480,30,194000000,30.194000000,14.0965682436679138,-7.5737912019748794,2.2799770479686829,-0.0020118957471639,-0.0034519086636807,0.4655695567056252,0.8850022737095130
1481,30,217000000,30.217000000,14.0954428475976510,-7.5732298766701174,2.2799167563734226,-0.0019161998959851,-0.0033430798580103,0.4608907617000270,0.8874485099286553
1482,30,228000000,30.228000000,14.0942967497882670,-7.5726652446470126,2.2798612283726141,-0.0018137804949424,-0.0032318680628709,0.4563602903513794,0.8897873625870087
1483,30,247000000,30.247000000,14.0931310046633058,-7.5720975338915988,2.2798103615130771,-0.0017048827219879,-0.0031184477369298,0.4519827563264416,0.8920195943151523
1484,30,262000000,30.262000000,14.0919469134611433,-7.5715297600175040,2.2797641803921231,-0.0015950245506362,-0.0030008808811327,0.4477626347355552,0.8941460023649906
1485,30,282000000,30.282000000,14.0906749594094123,-7.5709276311932658,2.2797203359291394,-0.0014762649945653,-0.0028743274964586,0.4434705810106372,0.8962831040810693
1486,30,297000000,30.297000000,14.0894579538923388,-7.5703568885445227,2.2796835223358869,-0.0013596098835381,-0.0027550534122774,0.4395878166419496,0.8981943623746610
1487,30,314000000,30.314000000,14.0882257475464847,-7.5697858832399589,2.2796508875641761,-0.0012404568120780,-0.0026330160164257,0.4358748949037723,0.9000025580442425
1488,30,331000000,30.331000000,14.0870538084218051,-7.5692471447667069,2.2796236964848959,-0.0011242507048321,-0.0025183483008683,0.4325388300383070,0.9016110882699263
1489,30,347000000,30.347000000,14.0857977474755867,-7.5686742185302798,2.2795983205839567,-0.0009985575410114,-0.0023984045631363,0.4291659591732980,0.9032219162671220
1490,30,364000000,30.364000000,14.0845314956459156,-7.5681026834940894,2.2795762550877345,-0.0008735358966953,-0.0022791857884566,0.4259732011977866,0.9047324875942551
1491,30,381000000,30.381000000,14.0832558010663043,-7.5675325114011613,2.2795570540473431,-0.0007482536331766,-0.0021607158494532,0.4229636162961623,0.9061437803754938
1492,30,400000000,30.400000000,14.0819712279967177,-7.5669629013073392,2.2795402845286095,-0.0006201630744802,-0.0020433573288655,0.4201401533029891,0.9074567161419482
1493,30,412000000,30.412000000,14.0809072534124091,-7.5664954658810979,2.2795280508057121,-0.0005142638629621,-0.0019465810648407,0.4179566339636573,0.9084647480670929
1494,30,429000000,30.429000000,14.0796084552580467,-7.5659308174239586,2.2795147731939758,-0.0003860732388710,-0.0018280065914850,0.4154795504105044,0.9096006005550133
1495,30,446000000,30.446000000,14.0783041494492931,-7.5653702121925397,2.2795028365021919,-0.0002600569822139,-0.0017100367344967,0.4131959857341598,0.9106404809352090
1496,30,464000000,30.464000000,14.0769967320856502,-7.5648106438348481,2.2794916914656507,-0.0001310414534816,-0.0015984072621998,0.4111081317992951,0.9115851753351714
1497,30,479000000,30.479000000,14.0757645142947982,-7.5642857073974712,2.2794814406433561,-0.0000078320505524,-0.0014994782948054,0.4093237197410157,0.9123879898162189
1498,30,496000000,30.496000000,14.0744532079141234,-7.5637335488183011,2.2794703434707300,0.0001196615850482,-0.0013961018667738,0.4076215246017708,0.9131498941915345
1499,30,513000000,30.513000000,14.0731406017394978,-7.5631880554857656,2.2794584526821864,0.0002427520460812,-0.0012942306539523,0.4061205716945063,0.9138185527143701
1500,30,530000000,30.530000000,14.0718266455116190,-7.5626487120446058,2.2794452900284670,0.0003639621950990,-0.0011930972279992,0.4048224931995014,0.9143944406273830
1501,30,552000000,30.552000000,14.0705129784699885,-7.5621137544343808,2.2794304219495412,0.0004867333499454,-0.0010961630542693,0.4037285705188692,0.9148780262220724
1502,30,553000000,30.553000000,14.0700498382408341,-7.5619258679680597,2.2794246407663810,0.0005305884856939,-0.0010636831893980,0.4033913615112618,0.9150267736585755
1503,30,564000000,30.564000000,14.0692014015113376,-7.5615832289402594,2.2794131627778249,0.0006109782428597,-0.0010057297758085,0.4028395272552819,0.9152698675767414
1504,30,587000000,30.587000000,14.0681225110359058,-7.5611524638915846,2.2793967263358139,0.0007104444602018,-0.0009324707731024,0.4022616986339188,0.9155239765178630
1505,30,594000000,30.594000000,14.0668915781520827,-7.5606666132066795,2.2793751502350292,0.0008221176608790,-0.0008510061606626,0.4017725700629803,0.9157387192076426
1506,30,612000000,30.612000000,14.0655865607933670,-7.5601583489568904,2.2793487836825959,0.0009385903547069,-0.0007666947446205,0.4014539020022598,0.9158784285015532
1507,30,625000000,30.625000000,14.0645141525257298,-7.5597453619700188,2.2793243777698011,0.0010347766795221,-0.0006990408220828,0.4013476905985743,0.9159249269619991
1508,30,647000000,30.647000000,14.0631407499329502,-7.5592230041611028,2.2792894767811296,0.0011559051970727,-0.0006169780361942,0.4014194578080889,0.9158933901466579
1509,30,661000000,30.661000000,14.0618500639731678,-7.5587400849338140,2.2792530947885123,0.0012654945729106,-0.0005440385735115,0.4017036884084238,0.9157686658018959
1510,30,679000000,30.679000000,14.0606409472576619,-7.5582962410180974,2.2792159441342834,0.0013629106520717,-0.0004774352562245,0.4021641660051518,0.9155664356623779
1511,30,693000000,30.693000000,14.0593622768447197,-7.5578361797765803,2.2791732294795253,0.0014611234257730,-0.0004079655077842,0.4028591556885865,0.9152607275308814
1512,30,710000000,30.710000000,14.0580912909739713,-7.5573857893399321,2.2791269983371012,0.0015579305074084,-0.0003437002279421,0.4037666566277817,0.9148606132730333
1513,30,726000000,30.726000000,14.0569772345549069,-7.5569960403331740,2.2790830874446333,0.0016429248901736,-0.0002929789746687,0.4047439415620794,0.9144285410735591
1514,30,744000000,30.744000000,14.0557964622911502,-7.5565892232711294,2.2790327647195392,0.0017322012652393,-0.0002435176266820,0.4059686478516496,0.9138853304104654
1515,30,756000000,30.756000000,14.0546963682251622,-7.5562166720320860,2.2789822449705417,0.0018146309311137,-0.0002002781027348,0.4072874806944224,0.9132981851908257
1516,30,779000000,30.779000000,14.0534576726743019,-7.5558045792675852,2.2789209651876288,0.0019078526884015,-0.0001546685318577,0.4089811124676510,0.9125408406315234
1517,30,791000000,30.791000000,14.0521565693279022,-7.5553784220118052,2.2788510559494566,0.0020094074371980,-0.0001131451995963,0.4110034935487513,0.9116315471563260
1518,30,808000000,30.808000000,14.0509377690918509,-7.5549862120577513,2.2787801277647990,0.0021077148657090,-0.0000795694218333,0.4131285565752444,0.9106702734518169
1519,30,826000000,30.826000000,14.0497275187545334,-7.5546068546863587,2.2787042393533232,0.0022050193301410,-0.0000464051816698,0.4154606817566946,0.9096084639286155
1520,30,843000000,30.843000000,14.0484559783996250,-7.5542193766400851,2.2786181749828058,0.0023072680697262,-0.0000122212892673,0.4181534413906501,0.9083734781563422
1521,30,860000000,30.860000000,14.0472657414061750,-7.5538669804123950,2.2785313587990439,0.0024027596459931,0.0000172824588139,0.4209052870813514,0.9071014087489697
1522,30,877000000,30.877000000,14.0460862427978537,-7.5535274106937518,2.2784392371593625,0.0024985121148486,0.0000434622952678,0.4238567368648334,0.9057257985519327
1523,30,894000000,30.894000000,14.0449183588097064,-7.5531987154232798,2.2783419197129828,0.0025983604559503,0.0000633028268009,0.4270042963669218,0.9042458600402232
1524,30,911000000,30.911000000,14.0437614290231689,-7.5528820922806883,2.2782394146201663,0.0027016244139099,0.0000793306847589,0.4303442920198945,0.9026607808352285
1525,30,928000000,30.928000000,14.0426141561239728,-7.5525792734834436,2.2781316863574759,0.0028072592322382,0.0000957061916163,0.4338725118832237,0.9009698960387467
1526,30,945000000,30.945000000,14.0414778021244615,-7.5522887819811535,2.2780185845612411,0.0029179488952910,0.0001089765167235,0.4375845954563681,0.8991725059840575
1527,30,962000000,30.962000000,14.0403518438700257,-7.5520123316357664,2.2778998609488315,0.0030320854352495,0.0001218349797099,0.4414761929410521,0.8972678321885980
1528,30,979000000,30.979000000,14.0392360356280683,-7.5517507597826787,2.2777752728574461,0.0031495037458651,0.0001356879135402,0.4455425998771779,0.8952551892670770
1529,30,996000000,30.996000000,14.0381309197589665,-7.5515056526045186,2.2776445159534688,0.0032679862577287,0.0001512164565238,0.4497791783988876,0.8931338018898536
1530,31,13000000,31.013000000,14.0370379789703410,-7.5512764191840835,2.2775072933091929,0.0033884593263166,0.0001654147388810,0.4541811989521454,0.8909028732133205
1531,31,29000000,31.029000000,14.0360197095729440,-7.5510749623926898,2.2773722557539435,0.0035058184842506,0.0001789507538581,0.4584704437841952,0.8887027227311202
1532,31,46000000,31.046000000,14.0349496510578682,-7.5508775148563894,2.2772226111299743,0.0036325601327430,0.0001935763762677,0.4631774410133518,0.8862581030215699
1533,31,73000000,31.073000000,14.0338938546800467,-7.5506969931369303,2.2770664629522575,0.0037610125390109,0.0002048147302315,0.4680328433525326,0.8837030442286319
1534,31,80000000,31.080000000,14.0328514864095997,-7.5505347076285219,2.2769037117375648,0.0038908390829595,0.0002157178654526,0.4730304186158529,0.8810374781478618
1535,31,105000000,31.105000000,14.0318212111520761,-7.5503921928011719,2.2767343043520731,0.0040218727730604,0.0002304910116020,0.4781640233541764,0.8782613154312545
1536,31,114000000,31.114000000,14.0308044397622709,-7.5502692285637343,2.2765581274683284,0.0041544880360047,0.0002467030574629,0.4834276315046133,0.8753744367209954
1537,31,138000000,31.138000000,14.0298620297917971,-7.5501704811133807,2.2763861768119962,0.0042813063187727,0.0002587292080433,0.4884946500789866,0.8725563479338226
1538,31,147000000,31.147000000,14.0288755913486867,-7.5500845340299358,2.2761970909183038,0.0044183418610602,0.0002703875200961,0.4939925617060132,0.8694548603147368
1539,31,169000000,31.169000000,14.0279047792631388,-7.5500196304314180,2.2760014875119712,0.0045560782682085,0.0002822118224132,0.4996020962269365,0.8662429843600190
1540,31,181000000,31.181000000,14.0269490344279966,-7.5499785312683807,2.2757996392177544,0.0046915654041363,0.0002984480256216,0.5053165538735850,0.8629212481589261
1541,31,207000000,31.207000000,14.0260645487952136,-7.5499624077097591,2.2756042573750772,0.0048155342554833,0.0003167980661211,0.5107845034553292,0.8596952374526174
1542,31,215000000,31.215000000,14.0250878625149031,-7.5499699288253614,2.2753783010278910,0.0049522107864042,0.0003394671589250,0.5170326687780681,0.8559512718529038
1543,31,239000000,31.239000000,14.0241837998023424,-7.5500020105765682,2.2751590853342907,0.0050793217483396,0.0003626023887085,0.5230204294914242,0.8523049333100745
1544,31,249000000,31.249000000,14.0232986309869396,-7.5500586115686463,2.2749343831720337,0.0052042251120060,0.0003864873894851,0.5290853472171699,0.8485525688067700
1545,31,278000000,31.278000000,14.0224322001037667,-7.5501402785421066,2.2747043473173121,0.0053273755194489,0.0004126670508457,0.5352207581369687,0.8446953230812091
1546,31,284000000,31.284000000,14.0215359412833180,-7.5502553348181767,2.2744551938227011,0.0054542528857855,0.0004438415763961,0.5417864914109558,0.8404983354265012
1547,31,310000000,31.310000000,14.0207109325502870,-7.5503911152521317,2.2742148704335787,0.0055701561109612,0.0004749351980886,0.5480460814949425,0.8364294592824287
1548,31,317000000,31.317000000,14.0199550344505468,-7.5505441744414803,2.2739844266750016,0.0056729815806425,0.0005051678076020,0.5539835967066111,0.8325081000599805
1549,31,342000000,31.342000000,14.0192637119436245,-7.5507109664999126,2.2737650724131631,0.0057637931041806,0.0005376418830348,0.5595854498180695,0.8287524443295275
1550,31,349000000,31.349000000,14.0185026686389893,-7.5509255722977358,2.2735130970125486,0.0058614449754170,0.0005745051643869,0.5659694760564041,0.8244051586320016
1551,31,366000000,31.366000000,14.0177647338051017,-7.5511683734849608,2.2732581073210398,0.0059535106162546,0.0006148711376509,0.5723842878160974,0.8199636606009350
1552,31,383000000,31.383000000,14.0170501918603296,-7.5514411414907174,2.2730005726081783,0.0060375737035241,0.0006614336051998,0.5788233048466143,0.8154303722426605
1553,31,407000000,31.407000000,14.0164410246437630,-7.5517051834520235,2.2727713568472887,0.0061060765446381,0.0007036360202982,0.5845201513061928,0.8113559104625833
1554,31,416000000,31.416000000,14.0157379652235807,-7.5520507298709019,2.2724939919519374,0.0061803912527940,0.0007540062059300,0.5913694736501992,0.8063766984935081
1555,31,439000000,31.439000000,14.0151013386163452,-7.5524064670392574,2.2722302480685537,0.0062429232569801,0.0008043634378572,0.5978451628773426,0.8015868886981816
1556,31,449000000,31.449000000,14.0145265951467994,-7.5527677033966425,2.2719809503912729,0.0062947248286784,0.0008555877056165,0.6039404996478692,0.7970040886307243
1557,31,474000000,31.474000000,14.0139424044888976,-7.5531795459251274,2.2717153647819099,0.0063421538965858,0.0009144570308173,0.6104116674879240,0.7920584176984062
1558,31,483000000,31.483000000,14.0133865972242102,-7.5536199075328572,2.2714495771823873,0.0063812976077084,0.0009770220806199,0.6168715150340907,0.7870373932719090
1559,31,502000000,31.502000000,14.0128607919022929,-7.5540874366143758,2.2711840213489003,0.0064125232342372,0.0010403954060024,0.6233141953859161,0.7819445063133174
1560,31,518000000,31.518000000,14.0123633679985371,-7.5545837128940070,2.2709190641246964,0.0064354997336205,0.0011106971961991,0.6297341367355400,0.7767832823412596
1561,31,538000000,31.538000000,14.0120293946332399,-7.5549514044034058,2.2707326572229496,0.0064466416482274,0.0011653299610660,0.6342491487430540,0.7731009637403464
1562,31,546000000,31.546000000,14.0115824817988948,-7.5554948522769791,2.2704697575003574,0.0064560440408195,0.0012453141907437,0.6406176290809391,0.7678318969661430
1563,31,566000000,31.566000000,14.0111906960395700,-7.5560289480485219,2.2702239211816146,0.0064593646598289,0.0013214588461802,0.6465775896617909,0.7628197368329284
1564,31,579000000,31.579000000,14.0108041563057117,-7.5566218746442075,2.2699648668918888,0.0064557875794168,0.0014081705488537,0.6528691614190670,0.7574418775922012
1565,31,602000000,31.602000000,14.0104480661014890,-7.5572414867994011,2.2697084692156912,0.0064442151467254,0.0015034820425481,0.6591138274752372,0.7520140783681073
1566,31,611000000,31.611000000,14.0101607486486266,-7.5578076110975134,2.2694847600859469,0.0064292337922780,0.0015899626836279,0.6645810652270612,0.7471868204894767
1567,31,633000000,31.633000000,14.0098658846719477,-7.5584702833003776,2.2692345227534991,0.0064074470408714,0.0016905751379526,0.6707246063718987,0.7416768763992733
1568,31,645000000,31.645000000,14.0096036476680901,-7.5591550596659927,2.2689883350461031,0.0063805523366018,0.0017954105913753,0.6768078924642585,0.7361298402800805
1569,31,664000000,31.664000000,14.0093737851635129,-7.5598616562225125,2.2687466547034969,0.0063487810445990,0.0019063189775777,0.6828267090718126,0.7305503023785299
1570,31,679000000,31.679000000,14.0091775644896988,-7.5605878516567193,2.2685099890496878,0.0063130824201533,0.0020201735614009,0.6887768231586728,0.7249431369208101
1571,31,698000000,31.698000000,14.0090153750168742,-7.5613322122605755,2.2682787626582308,0.0062743216616979,0.0021362720969688,0.6946543304357328,0.7193131657602947
1572,31,713000000,31.713000000,14.0088866054632621,-7.5620954500531985,2.2680533306897193,0.0062315635435410,0.0022584662214982,0.7004554628341669,0.7136653358065684
1573,31,733000000,31.733000000,14.0087922356782197,-7.5628741313543406,2.2678340376886830,0.0061876650477855,0.0023823248397913,0.7061764507932984,0.7080048429739689
1574,31,747000000,31.747000000,14.0087315706465230,-7.5636678387661913,2.2676211426465205,0.0061433871495638,0.0025101860718900,0.7118138650403533,0.7023367990476711
1575,31,765000000,31.765000000,14.0087067265618597,-7.5643818115087029,2.2674388185064798,0.0061006458044833,0.0026286091089715,0.7167159246944341,0.6973336043991589
1576,31,779000000,31.779000000,14.0087126360160408,-7.5652031308605840,2.2672387544672743,0.0060497130765655,0.0027639254368671,0.7221865900823501,0.6916663146294595
1577,31,798000000,31.798000000,14.0087543578444134,-7.5660355916826525,2.2670461039660501,0.0059982635380109,0.0029002942610803,0.7275636986684236,0.6860077794804158
1578,31,813000000,31.813000000,14.0088319509633763,-7.5668796853642055,2.2668610929290240,0.0059445118998117,0.0030403914645505,0.7328440970588818,0.6803638351676017
1579,31,837000000,31.837000000,14.0089457769133023,-7.5677355171753264,2.2666840010513845,0.0058867838375046,0.0031859594131297,0.7380247783921383,0.6747404107639495
1580,31,847000000,31.847000000,14.0090974884530528,-7.5686000492304171,2.2665150230661641,0.0058257470561587,0.0033322298162148,0.7431029348314384,0.6691434712829475
1581,31,864000000,31.864000000,14.0092874283878714,-7.5694714223979149,2.2663543396238679,0.0057622682210902,0.0034780143435384,0.7480760203599640,0.6635789082268762
1582,31,881000000,31.881000000,14.0095153102598022,-7.5703489609010264,2.2662021196818678,0.0056964958629690,0.0036247588119546,0.7529416408638001,0.6580526548170493
1583,31,900000000,31.900000000,14.0097815614303727,-7.5712326656191191,2.2660584554421992,0.0056265457433663,0.0037739846405307,0.7576977429855969,0.6525704784139896
1584,31,915000000,31.915000000,14.0100874494906602,-7.5721184465063907,2.2659233901280902,0.0055546485241009,0.0039197105949458,0.7623423681933825,0.6471382351599470
1585,31,932000000,31.932000000,14.0104321422870139,-7.5730066586969604,2.2657972284536254,0.0054802570420646,0.0040656436666843,0.7668736105412236,0.6417618738907727
1586,31,948000000,31.948000000,14.0107688917058475,-7.5737926109436300,2.2656935674490302,0.0054105785362450,0.0041960407098443,0.7707762192668381,0.6370691788926723
1587,31,964000000,31.964000000,14.0111117767029043,-7.5745264741718392,2.2656034566186363,0.0053417268582596,0.0043166065958298,0.7743368838387085,0.6327362983017706
1588,31,978000000,31.978000000,14.0115653439367058,-7.5754165904299331,2.2655029167274989,0.0052535812609338,0.0044608389169640,0.7785531045560209,0.6275408864657931
1589,31,998000000,31.998000000,14.0120599721663677,-7.5763031897650626,2.2654123875874355,0.0051616713377344,0.0046003513448336,0.7826502406818350,0.6224233243357540
1590,32,12000000,32.012000000,14.0125958499292320,-7.5771846949666575,2.2653319329949646,0.0050660376595012,0.0047342489211556,0.7866272490731544,0.6173892557902076
1591,32,36000000,32.036000000,14.0131372226317357,-7.5780082213276678,2.2652654204212310,0.0049740294254467,0.0048552041694186,0.7902597194031783,0.6127326186131744
1592,32,45000000,32.045000000,14.0137512322745614,-7.5788764302762219,2.2652045833710721,0.0048737071813883,0.0049801614531865,0.7940010035648921,0.6078765099164092
1593,32,63000000,32.063000000,14.0144453953256232,-7.5797861751800220,2.2651512700815051,0.0047643400807904,0.0051065424930452,0.7978290099479499,0.6028433421485512
1594,32,80000000,32.080000000,14.0151430484470421,-7.5806357707295620,2.2651114377101056,0.0046561771911451,0.0052203753181579,0.8013180109467586,0.5981977206809073
1595,32,97000000,32.097000000,14.0158816372591293,-7.5814755100591764,2.2650818018398904,0.0045419161952002,0.0053294068844329,0.8046840398966123,0.5936619950402781
1596,32,113000000,32.113000000,14.0166140348433537,-7.5822550313209387,2.2650631286866139,0.0044295587185508,0.0054260743309790,0.8077395545547067,0.5894978784819143
1597,32,124000000,32.124000000,14.0171383230407862,-7.5827840069700700,2.2650554093670756,0.0043500891464912,0.0054885792168906,0.8097768834249076,0.5866961319910344
1598,32,141000000,32.141000000,14.0179822930932971,-7.5835889042629576,2.2650514885155828,0.0042233354146089,0.0055767139619910,0.8128239026984346,0.5824674814111496
1599,32,163000000,32.163000000,14.0188660988393572,-7.5843787528959226,2.2650571107763788,0.0040914775489206,0.0056572917316205,0.8157475210931395,0.5783660058234127
1600,32,175000000,32.175000000,14.0197881151913961,-7.5851550408302879,2.2650720598113816,0.0039534048682861,0.0057357560151119,0.8185477841509994,0.5743962018975853
1601,32,195000000,32.195000000,14.0205186910153632,-7.5857383551388748,2.2650896159089102,0.0038441883475296,0.0057932857265879,0.8206059755071283,0.5714520916213650
1602,32,205000000,32.205000000,14.0215080157035530,-7.5864855830417905,2.2651202524269221,0.0036962845754668,0.0058617794916217,0.8231887935909553,0.5677254504844714
1603,32,227000000,32.227000000,14.0225351524439503,-7.5872125602586467,2.2651591763080212,0.0035447372094668,0.0059197092338360,0.8256485828337954,0.5641425436405663
1604,32,239000000,32.239000000,14.0235991184626183,-7.5879185010232959,2.2652059079550861,0.0033898387212511,0.0059674966555609,0.8279855281986097,0.5607074665730596
1605,32,262000000,32.262000000,14.0246340100393585,-7.5885635914998346,2.2652565811601755,0.0032392776933230,0.0060036092229422,0.8300730262760284,0.5576129794089081
1606,32,272000000,32.272000000,14.0257682465107987,-7.5892278992974580,2.2653171229049978,0.0030742847029756,0.0060330181810517,0.8321722281005997,0.5544759095247295
1607,32,294000000,32.294000000,14.0269371944658481,-7.5898708930367906,2.2653842140735114,0.0029030464461323,0.0060553121697747,0.8341492690852881,0.5514978716190461
1608,32,306000000,32.306000000,14.0281390879155676,-7.5904910357115130,2.2654576285891435,0.0027279689925131,0.0060699974767941,0.8360043478688388,0.5486824615934112
1609,32,326000000,32.326000000,14.0293727394984362,-7.5910863845263545,2.2655373196178612,0.0025508886535985,0.0060750838452552,0.8377376468558093,0.5460331687396303
1610,32,340000000,32.340000000,14.0306377236100683,-7.5916563529961811,2.2656233371206485,0.0023707821512929,0.0060699178237965,0.8393493298016557,0.5435533442552948
1611,32,360000000,32.360000000,14.0319332180280263,-7.5922024274454776,2.2657156793290687,0.0021849884007912,0.0060577574127161,0.8408396732223677,0.5412459453299567
1612,32,374000000,32.374000000,14.0332585892719610,-7.5927223228764369,2.2658141046785185,0.0019947130490075,0.0060350152049339,0.8422089928991682,0.5391137282532296
1613,32,391000000,32.391000000,14.0346118478934763,-7.5932158385967075,2.2659185539810633,0.0018011527614656,0.0060030831412022,0.8434575411116948,0.5371592828792437
1614,32,408000000,32.408000000,14.0359908632392081,-7.5936821471510685,2.2660290092993911,0.0016064507682241,0.0059622808425382,0.8445855986008378,0.5353849429701480
1615,32,429000000,32.429000000,14.0370628241494284,-7.5940191945501825,2.2661174505482284,0.0014564910593051,0.0059225404938120,0.8453671051586399,0.5341509708533669
1616,32,438000000,32.438000000,14.0384869099076202,-7.5944347220973816,2.2662382701312400,0.0012574735794636,0.0058598218504595,0.8462831655860328,0.5326996197612317
1617,32,454000000,32.454000000,14.0398488593798252,-7.5948001870968742,2.2663572849260536,0.0010670847769565,0.0057913052247472,0.8470358857001034,0.5315030860212516
1618,32,471000000,32.471000000,14.0413172664756409,-7.5951581295111055,2.2664892177224649,0.0008655003208353,0.0057036803267151,0.8477194692745956,0.5304134428469206
1619,32,493000000,32.493000000,14.0424535270482789,-7.5954124454294849,2.2665939816477718,0.0007110577723047,0.0056301712162860,0.8481614172185995,0.5297074720170146
1620,32,502000000,32.502000000,14.0440444183909712,-7.5957381640957289,2.2667445624184257,0.0004957849622406,0.0055218343572152,0.8486578055197234,0.5289132184707145
1621,32,525000000,32.525000000,14.0455651156369292,-7.5960158563339482,2.2668925747307918,0.0002915959306585,0.0054086402779995,0.8490033935492721,0.5283596306721173
1622,32,536000000,32.536000000,14.0471022585511527,-7.5962660450040396,2.2670461987374595,0.0000845709234210,0.0052873479531711,0.8492292002256855,0.5279979188248983
1623,32,556000000,32.556000000,14.0486543474350860,-7.5964879978813258,2.2672052800796014,-0.0001242319481517,0.0051566221024283,0.8493351635977695,0.5278287351890445
1624,32,570000000,32.570000000,14.0502196184090948,-7.5966822185840250,2.2673696977703317,-0.0003346315847274,0.0050174718094957,0.8493211210280851,0.5278525801527730
1625,32,590000000,32.590000000,14.0517957092189665,-7.5968477752518115,2.2675394343142887,-0.0005438270665547,0.0048689479148102,0.8491867729794284,0.5280699027544643
1626,32,599000000,32.599000000,14.0529135687667264,-7.5969477621812063,2.2676623517909298,-0.0006903575021578,0.0047593536508139,0.8490194300185596,0.5283397386249736
1627,32,623000000,32.623000000,14.0544099500635600,-7.5970614158621510,2.2678299323331110,-0.0008864011490790,0.0046103569958925,0.8487029467496189,0.5288490021545723
1628,32,632000000,32.632000000,14.0560061170017718,-7.5971539235809988,2.2680121029574623,-0.0010915357906571,0.0044415429078860,0.8482496974375839,0.5295767480198333
1629,32,648000000,32.648000000,14.0574180921772367,-7.5972115977184353,2.2681760248965466,-0.0012686980700079,0.0042842121092398,0.8477495556217759,0.5303779094899141
1630,32,662000000,32.662000000,14.0588318659787817,-7.5972494440819007,2.2683428202927849,-0.0014439191931086,0.0041237058963589,0.8471551953711072,0.5313275685514404
1631,32,679000000,32.679000000,14.0604347257045230,-7.5972681360619685,2.2685354053514839,-0.0016389470991418,0.0039372982587801,0.8463671673855581,0.5325827912227116
1632,32,702000000,32.702000000,14.0621313640364072,-7.5972598531916029,2.2687434715501826,-0.0018413958329214,0.0037334287819184,0.8453996748067946,0.5341180212345242
1633,32,714000000,32.714000000,14.0637315761470507,-7.5972267518059695,2.2689438615027155,-0.0020292706819045,0.0035362579926691,0.8443595073689791,0.5357615134138737
1634,32,731000000,32.731000000,14.0653277558045975,-7.5971684412673062,2.2691478711406754,-0.0022118119826719,0.0033331149187951,0.8431958086551842,0.5375916912481270
1635,32,746000000,32.746000000,14.0667308543007437,-7.5970961978610916,2.2693306542588649,-0.0023667016681800,0.0031493635366236,0.8420659574295271,0.5393601798156979
1636,32,764000000,32.764000000,14.0684067059766722,-7.5969845602364954,2.2695531100652455,-0.0025452991234837,0.0029236166760341,0.8405819223925344,0.5416705693175281
1637,32,785000000,32.785000000,14.0698880087726010,-7.5968638808886908,2.2697534986801635,-0.0026985065560360,0.0027195784856627,0.8391446703970967,0.5438947913883485
1638,32,797000000,32.797000000,14.0714507928290686,-7.5967154348967805,2.2699689388960569,-0.0028549543680892,0.0025029369397921,0.8374951845425758,0.5464315148399007
1639,32,812000000,32.812000000,14.0728185660511027,-7.5965666151077178,2.2701609175859603,-0.0029853440734330,0.0023109122494225,0.8359344688005863,0.5488162818980689
1640,32,825000000,32.825000000,14.0739955402691344,-7.5964237164599355,2.2703285144828875,-0.0030929624960169,0.0021417572755592,0.8345016123876070,0.5509926545619775
1641,32,842000000,32.842000000,14.0755230514885969,-7.5962183316381457,2.2705491746416602,-0.0032286668348057,0.0019162732823767,0.8325149980406806,0.5539897847835306
1642,32,859000000,32.859000000,14.0770363674944896,-7.5959931848239926,2.2707712278525212,-0.0033594747641925,0.0016869043078618,0.8303998402345453,0.5571552509145066
1643,32,876000000,32.876000000,14.0785317146422493,-7.5957495415741931,2.2709942301836077,-0.0034816294945137,0.0014576308751886,0.8281555168642958,0.5604856764053172
1644,32,893000000,32.893000000,14.0800079235793660,-7.5954886524352130,2.2712178744789466,-0.0035957781866621,0.0012294818349329,0.8257815650414577,0.5639772740025352
1645,32,910000000,32.910000000,14.0814638907543053,-7.5952094619994117,2.2714416618899356,-0.0036999207256335,0.0009995266646702,0.8232773847800522,0.5676263376930184
1646,32,927000000,32.927000000,14.0828996685581984,-7.5949130644763878,2.2716649700923703,-0.0037963999522018,0.0007671699186855,0.8206424049800335,0.5714289474171794
1647,32,953000000,32.953000000,14.0843135349110309,-7.5945991558070851,2.2718873200254821,-0.0038828200314358,0.0005315471005376,0.8178766175780058,0.5753802912730360
1648,32,961000000,32.961000000,14.0857040723674807,-7.5942692657974860,2.2721083573927463,-0.0039593803462020,0.0002945699730580,0.8149802861959532,0.5794750811275388
1649,32,985000000,32.985000000,14.0870703083927697,-7.5939242600083388,2.2723274992474729,-0.0040261678791935,0.0000565187118467,0.8119537589827172,0.5837078721858042
1650,32,995000000,32.995000000,14.0884120278308540,-7.5935651203349295,2.2725440380214406,-0.0040845906883514,-0.0001830229568438,0.8087975689187947,0.5880729335146733
1651,33,18000000,33.018000000,14.0897294530992507,-7.5931930413671225,2.2727571532892741,-0.0041369632920295,-0.0004246703533399,0.8055121569371183,0.5925646548827583
1652,33,29000000,33.029000000,14.0910214910949847,-7.5928093306667677,2.2729658580970069,-0.0041835033351746,-0.0006672791008468,0.8020979316409409,0.5971774954699569
1653,33,50000000,33.050000000,14.0922135740871148,-7.5924387392647237,2.2731575591596740,-0.0042225273578785,-0.0008957191674435,0.7987674680834487,0.6016243843806880
1654,33,62000000,33.062000000,14.0934529282030017,-7.5920344192062847,2.2733554639336662,-0.0042556754239484,-0.0011394049810231,0.7951049517332732,0.6064558571835253
1655,33,77000000,33.077000000,14.0945212425672306,-7.5916696293422188,2.2735245410351141,-0.0042761337687610,-0.0013529485659234,0.7917678289239632,0.6108056886532764
1656,33,95000000,33.095000000,14.0957712365360202,-7.5912223276082598,2.2737199695256232,-0.0042893036772242,-0.0016079755895292,0.7876336538462042,0.6161268080657958
1657,33,124000000,33.124000000,14.0969209832763784,-7.5907929009168411,2.2738965614066600,-0.0042957799721805,-0.0018471473893544,0.7836001176500850,0.6212479295255038
1658,33,129000000,33.129000000,14.0980412170855089,-7.5903579845419733,2.2740648865158537,-0.0042988656428360,-0.0020853851569461,0.7794420788009787,0.6264560772451178
1659,33,153000000,33.153000000,14.0991927404791983,-7.5898938160627285,2.2742339127648425,-0.0042976123277740,-0.0023321812908165,0.7749055562034766,0.6320581226625345
1660,33,164000000,33.164000000,14.1002479314275924,-7.5894533505130761,2.2743848732706597,-0.0042946139193939,-0.0025605602229538,0.7704965290449212,0.6374245826388850
1661,33,189000000,33.189000000,14.1012706768702856,-7.5890101044606251,2.2745272219602093,-0.0042873625749004,-0.0027863516295133,0.7659684734179478,0.6428578011477549
1662,33,198000000,33.198000000,14.1022607142715319,-7.5885656685913236,2.2746608294536621,-0.0042776219461462,-0.0030086945832796,0.7613234782560059,0.6483511480390604
1663,33,217000000,33.217000000,14.1032165506496519,-7.5881212069986672,2.2747853818938193,-0.0042646898433170,-0.0032257388850186,0.7565635193945485,0.6538983469550299
1664,33,232000000,33.232000000,14.1041359655330876,-7.5876779997215253,2.2749006259665814,-0.0042469542887845,-0.0034343651268599,0.7516909276842174,0.6594929247176842
1665,33,253000000,33.253000000,14.1050185670799166,-7.5872366735906240,2.2750065723234814,-0.0042248088908217,-0.0036348085439271,0.7467084323261586,0.6651281502460228
1666,33,266000000,33.266000000,14.1058639703608630,-7.5867969525640655,2.2751032743313369,-0.0041973917617926,-0.0038286009619504,0.7416188935765184,0.6707973914733216
1667,33,285000000,33.285000000,14.1066721736098781,-7.5863594842016866,2.2751907177079360,-0.0041656420772307,-0.0040162860803817,0.7364253774812169,0.6764940356528297
1668,33,300000000,33.300000000,14.1074420649865626,-7.5859235117864525,2.2752688849811578,-0.0041268147318979,-0.0041989088323496,0.7311313245756667,0.6822113490620172
1669,33,318000000,33.318000000,14.1082163065785515,-7.5854674058072549,2.2753413693171263,-0.0040846339558190,-0.0043835991994904,0.7254199231251240,0.6882804914834098
1670,33,335000000,33.335000000,14.1089083062408349,-7.5850424981400133,2.2753998323091067,-0.0040438690035100,-0.0045495116578920,0.7199293047704444,0.6940207094892067
1671,33,352000000,33.352000000,14.1095611023792440,-7.5846222897510263,2.2754484517301279,-0.0039991674267475,-0.0047083463759573,0.7143485703923261,0.6997627870305314
1672,33,366000000,33.366000000,14.1100693456984061,-7.5842805559305209,2.2754810547850126,-0.0039606449450590,-0.0048336027751640,0.7096874746161292,0.7044889196778130
1673,33,380000000,33.380000000,14.1104495794770859,-7.5840156091568662,2.2755019669928673,-0.0039297508665218,-0.0049270087555277,0.7059852981211612,0.7081984471033702
1674,33,394000000,33.394000000,14.1109721268739641,-7.5836364544366432,2.2755251056003996,-0.0038840443331152,-0.0050539469346930,0.7005400002813523,0.7135846689957700
1675,33,418000000,33.418000000,14.1115172524908647,-7.5832186544918105,2.2755410807103749,-0.0038322297939497,-0.0051858017965872,0.6943320793873827,0.7196258646047445
1676,33,428000000,33.428000000,14.1119912870882036,-7.5828330068284160,2.2755467118697057,-0.0037846849962248,-0.0053010358953520,0.6883934349485619,0.7253082475042150
1677,33,453000000,33.453000000,14.1124249043788197,-7.5824545009216200,2.2755436011110421,-0.0037351309572646,-0.0054090237155668,0.6823857067503529,0.7309627476704937
1678,33,462000000,33.462000000,14.1128179843823442,-7.5820832860212866,2.2755322533105917,-0.0036836384114151,-0.0055099775679537,0.6763131333345100,0.7365844260059480
1679,33,484000000,33.484000000,14.1131707408532634,-7.5817214189892654,2.2755132044950686,-0.0036336460195407,-0.0056019077986984,0.6701799855825787,0.7421685806945442
1680,33,496000000,33.496000000,14.1134825561742225,-7.5813688369432599,2.2754870754040706,-0.0035842803812639,-0.0056844609543999,0.6639908367340996,0.7477105112080186
1681,33,519000000,33.519000000,14.1137533928976531,-7.5810261643617176,2.2754545619591626,-0.0035365591317293,-0.0057571211989729,0.6577502793974680,0.7532057609030621
1682,33,530000000,33.530000000,14.1139834625804799,-7.5806947347329272,2.2754164159938237,-0.0034929894296183,-0.0058187311621393,0.6514631174194574,0.7586499509224459
1683,33,550000000,33.550000000,14.1141820925203287,-7.5803562909603359,2.2753710030628365,-0.0034512720367569,-0.0058710362205020,0.6447611476226858,0.7643537676830691
1684,33,565000000,33.565000000,14.1143271950952141,-7.5800449442344897,2.2753244238769641,-0.0034107814165731,-0.0059129023537405,0.6383949817800838,0.7696786676229828
1685,33,590000000,33.590000000,14.1144321245256883,-7.5797417409491104,2.2752752784906263,-0.0033709863663263,-0.0059489877366456,0.6319991628406784,0.7749389035043401
1686,33,599000000,33.599000000,14.1144972147680878,-7.5794468228366396,2.2752245295256333,-0.0033326844105945,-0.0059795096843443,0.6255797084947884,0.7801302243844483
1687,33,619000000,33.619000000,14.1145225087725468,-7.5791629391573707,2.2751730012636289,-0.0033005307032859,-0.0060008527549858,0.6191423885673004,0.7852488770717649
1688,33,632000000,33.632000000,14.1145094017598201,-7.5789057918122475,2.2751243601386628,-0.0032753737889352,-0.0060115552329472,0.6130727730839155,0.7899967772297694
1689,33,651000000,33.651000000,14.1144567434430019,-7.5786427903168283,2.2750732502594122,-0.0032543174442382,-0.0060140469254994,0.6066178862483352,0.7949641380220568
1690,33,666000000,33.666000000,14.1143642530964772,-7.5783888422487919,2.2750232843569846,-0.0032371757304943,-0.0060089654053593,0.6001627992564103,0.7998487528381582
1691,33,691000000,33.691000000,14.1142324242390487,-7.5781421693278261,2.2749751031450294,-0.0032220218231978,-0.0059987992396798,0.5937137376497355,0.8046475195444487
1692,33,700000000,33.700000000,14.1140609010112659,-7.5779010234719664,2.2749294862154947,-0.0032058812015167,-0.0059844607490772,0.5872772280349883,0.8093573784100599
1693,33,720000000,33.720000000,14.1138501390999256,-7.5776656311809427,2.2748872234625055,-0.0031900137763998,-0.0059657200896503,0.5808597481040951,0.8139755444903524
1694,33,734000000,33.734000000,14.1136016670164146,-7.5774380642707078,2.2748490349102908,-0.0031800585808012,-0.0059419624549122,0.5744678052497230,0.8184994325234279
1695,33,751000000,33.751000000,14.1133148462046591,-7.5772165793669384,2.2748155446711706,-0.0031727005815295,-0.0059134889092327,0.5681080215224767,0.8229266312993871
1696,33,768000000,33.768000000,14.1129894092536219,-7.5770010970705721,2.2747871648899989,-0.0031679010658187,-0.0058791501303323,0.5617867666941874,0.8272551170974242
1697,33,791000000,33.791000000,14.1126694958366770,-7.5768147228771765,2.2747664972251189,-0.0031632444471097,-0.0058435218226457,0.5562461906389743,0.8309909882404899
1698,33,800000000,33.800000000,14.1122708851127161,-7.5766070223554154,2.2747480750455793,-0.0031578569063526,-0.0057989231915160,0.5500143537176750,0.8351290984836454
1699,33,818000000,33.818000000,14.1118351914372031,-7.5764019206535398,2.2747350551453516,-0.0031520936274995,-0.0057522456596220,0.5438388706812884,0.8391640237234528
1700,33,834000000,33.834000000,14.1113618704091852,-7.5761988498195336,2.2747274339016212,-0.0031446672789883,-0.0057021315027275,0.5377258685101330,0.8430945896511571
1701,33,851000000,33.851000000,14.1108505206278370,-7.5759995687905457,2.2747253193185024,-0.0031385105291059,-0.0056448509057963,0.5316816067635329,0.8469196859438668
1702,33,868000000,33.868000000,14.1103014730568770,-7.5758051386495309,2.2747288424428427,-0.0031362204402260,-0.0055787272693394,0.5257122781871885,0.8506383735093549
1703,33,885000000,33.885000000,14.1097143832221565,-7.5756112642832028,2.2747380272480044,-0.0031302918394793,-0.0055066145396702,0.5198240893680500,0.8542498431852292
1704,33,902000000,33.902000000,14.1090897065928580,-7.5754173227128527,2.2747529299847606,-0.0031204215971806,-0.0054286144341660,0.5140231537988548,0.8577534555296528
1705,33,919000000,33.919000000,14.1084290986603555,-7.5752253847445239,2.2747735246233254,-0.0031122713580870,-0.0053440693268862,0.5083153239658671,0.8611488176334556
1706,33,936000000,33.936000000,14.1077333105530318,-7.5750339983874344,2.2747995950319440,-0.0031042830966720,-0.0052544465713537,0.5027063871578777,0.8644356786530496
1707,33,953000000,33.953000000,14.1070015685833745,-7.5748418151298615,2.2748309202213317,-0.0030934549494503,-0.0051582855219308,0.4972020852243472,0.8676139170596049
1708,33,968000000,33.968000000,14.1064177356545155,-7.5746937872586226,2.2748582319829502,-0.0030824212099998,-0.0050798851798970,0.4930669198433248,0.8699710949234231
1709,33,984000000,33.984000000,14.1055753521009262,-7.5744876140209465,2.2749004799220760,-0.0030646043086920,-0.0049638398987779,0.4874519864420175,0.8731303049417204
1710,34,1000000,34.001000000,14.1047443000929036,-7.5742904008436209,2.2749447887007670,-0.0030437615024494,-0.0048472161849489,0.4822722098107016,0.8760027144110201
1711,34,17000000,34.017000000,14.1039827304098502,-7.5741145160866763,2.2749871772418073,-0.0030227059777034,-0.0047376393697328,0.4778054055584241,0.8784477289178478
1712,34,33000000,34.033000000,14.1030887301004118,-7.5739102097715127,2.2750385119092300,-0.0029917562462764,-0.0046091228546241,0.4728649683052732,0.8811177714305432
1713,34,50000000,34.050000000,14.1021631391459810,-7.5737019296818220,2.2750929609935477,-0.0029566525094957,-0.0044750992194203,0.4680587892460450,0.8836810519086855
1714,34,67000000,34.067000000,14.1012061779390798,-7.5734903596818475,2.2751500493309993,-0.0029185987552039,-0.0043333695780342,0.4633916170036753,0.8861382019640759
1715,34,84000000,34.084000000,14.1002189914495162,-7.5732725039304922,2.2752092404202702,-0.0028729078740787,-0.0041868716013711,0.4588680663309229,0.8884899066439981
1716,34,107000000,34.107000000,14.0992023661466011,-7.5730480287268396,2.2752700650137050,-0.0028192697636043,-0.0040352578422410,0.4544926169011132,0.8907369025669278
1717,34,115000000,34.115000000,14.0983445592252412,-7.5728583251872559,2.2753210937472867,-0.0027703989406223,-0.0039077204951218,0.4510035339930807,0.8925093091592904
1718,34,137000000,34.137000000,14.0972787006038480,-7.5726207712729598,2.2753838822155759,-0.0027030561408741,-0.0037503908358046,0.4469091476761328,0.8945674048273112
1719,34,149000000,34.149000000,14.0961869642821274,-7.5723756488670046,2.2754472760324220,-0.0026274579041121,-0.0035893141862280,0.4429747115246672,0.8965230717824682
1720,34,166000000,34.166000000,14.0950702512606849,-7.5721238535383355,2.2755109252605221,-0.0025452080733969,-0.0034231632432176,0.4392041137851992,0.8983771759697767
1721,34,183000000,34.183000000,14.0939296560922234,-7.5718661534495473,2.2755744170603385,-0.0024577643621273,-0.0032510827401710,0.4356010279080365,0.9001306207105827
1722,34,198000000,34.198000000,14.0929046109704306,-7.5716327073035545,2.2756299841860796,-0.0023743906972618,-0.0030958070856244,0.4325637968236809,0.9015948868115805
1723,34,215000000,34.215000000,14.0917227607780013,-7.5713572185536684,2.2756922084732660,-0.0022651639975931,-0.0029193012656032,0.4292857052391191,0.9031611871584921
1724,34,240000000,34.240000000,14.0905917909465117,-7.5710919843721607,2.2757499078700856,-0.0021563480239582,-0.0027482482935374,0.4263625308249114,0.9045456260482901
1725,34,249000000,34.249000000,14.0892998920968058,-7.5707858093584512,2.2758134215122032,-0.0020255972323173,-0.0025522932905616,0.4232651280898745,0.9060000077802833
1726,34,275000000,34.275000000,14.0880619714178490,-7.5704884016753757,2.2758716818571028,-0.0018922368644993,-0.0023642977796775,0.4205287436785178,0.9072741621339302
1727,34,283000000,34.283000000,14.0868084302684995,-7.5701834713673355,2.2759279178522904,-0.0017499401487484,-0.0021737928717823,0.4179786930533972,0.9084525438829484
1728,34,306000000,34.306000000,14.0855420900045480,-7.5698714652760604,2.2759817428623195,-0.0016001908748204,-0.0019833690387234,0.4156175252122418,0.9095359137345110
1729,34,317000000,34.317000000,14.0842641310384060,-7.5695538350125453,2.2760329186133843,-0.0014448345501605,-0.0017917228819705,0.4134476903096468,0.9105249637213992
1730,34,339000000,34.339000000,14.0830525240675577,-7.5692475999872153,2.2760784309340805,-0.0012892265062297,-0.0016134074987844,0.4115822299509985,0.9113702885215328
1731,34,350000000,34.350000000,14.0817569256901045,-7.5689163324405566,2.2761236312875113,-0.0011163522689361,-0.0014245228603094,0.4097896476842301,0.9121782551360598
1732,34,373000000,34.373000000,14.0804532462237297,-7.5685810961540003,2.2761652409016691,-0.0009379102532790,-0.0012331328393512,0.4081939004699254,0.9128939365155768
1733,34,384000000,34.384000000,14.0791444307196816,-7.5682411623116082,2.2762029505182477,-0.0007527847797841,-0.0010432144263929,0.4067964016923643,0.9135179432221792
1734,34,407000000,34.407000000,14.0781411783638895,-7.5679778959942556,2.2762289347814169,-0.0006058959044304,-0.0008997786169071,0.4058622261819656,0.9139336281411318
1735,34,414000000,34.414000000,14.0768270298618710,-7.5676329979592163,2.2762590384083623,-0.0004126805027747,-0.0007114865582681,0.4048174144555832,0.9143971699623620
1736,34,437000000,34.437000000,14.0755123787467937,-7.5672859750386294,2.2762845821518845,-0.0002149732477891,-0.0005253970922209,0.4039738520181870,0.9147703562260783
1737,34,448000000,34.448000000,14.0741993409832507,-7.5669358093335370,2.2763053695636128,-0.0000101699413522,-0.0003442929543141,0.4033323146730448,0.9150535095279499
1738,34,471000000,34.471000000,14.0728901904552242,-7.5665843102911046,2.2763213703677732,0.0001989468453562,-0.0001689693196973,0.4028936212026472,0.9152467764836648
1739,34,482000000,34.482000000,14.0715862954596300,-7.5662310340889691,2.2763325421930003,0.0004146403800771,-0.0000004703001696,0.4026582700034967,0.9153502857763934
1740,34,504000000,34.504000000,14.0702888987066768,-7.5658792438677871,2.2763386596883648,0.0006323351338404,0.0001633866496507,0.4026264854971589,0.9153641278929863
1741,34,516000000,34.516000000,14.0689980689052643,-7.5655315010566406,2.2763395968699580,0.0008497689854408,0.0003263570087718,0.4027985059993099,0.9152882250682012
1742,34,535000000,34.535000000,14.0677158825347473,-7.5651851005220268,2.2763352143293014,0.0010729373993619,0.0004840120378793,0.4031742138803405,0.9151224878668722
1743,34,550000000,34.550000000,14.0665197037371161,-7.5648585974938056,2.2763261288447967,0.0012915763127342,0.0006225410371063,0.4037136576888902,0.9148842696585963
1744,34,569000000,34.569000000,14.0652614649143182,-7.5645156210245101,2.2763113122369494,0.0015260231743776,0.0007616872022769,0.4044839990383721,0.9145434848096635
1745,34,584000000,34.584000000,14.0640168767623130,-7.5641790804814377,2.2762911693862797,0.0017603995387152,0.0008949030948928,0.4054567942204909,0.9141120763682959
1746,34,602000000,34.602000000,14.0627157108741425,-7.5638299274644263,2.2762636396398528,0.0020097174416147,0.0010278703366260,0.4067060602733297,0.9135562845579480
1747,34,618000000,34.618000000,14.0615032718829269,-7.5635076656651732,2.2762314816772427,0.0022471638596995,0.0011464066550024,0.4080915843463696,0.9129375087003704
1748,34,635000000,34.635000000,14.0603085975292466,-7.5631929999408269,2.2761933229234694,0.0024871811350691,0.0012562422905683,0.4096752615627458,0.9122271733777747
1749,34,650000000,34.650000000,14.0592702558679647,-7.5629222919958039,2.2761546422721710,0.0027011915146939,0.0013454324712036,0.4112357245499785,0.9115240382072876
1750,34,676000000,34.676000000,14.0581114970176788,-7.5626253363836762,2.2761051249482591,0.0029448642826495,0.0014401255074217,0.4131875184660808,0.9106400652270478
1751,34,685000000,34.685000000,14.0569092965893780,-7.5623208290425792,2.2760461685105171,0.0032065724323773,0.0015255470195903,0.4154642401862430,0.9096025812001606
1752,34,706000000,34.706000000,14.0558623866555177,-7.5620602360169089,2.2759880158929633,0.0034417506477868,0.0015900528345236,0.4176673691065333,0.9085920948743109
1753,34,719000000,34.719000000,14.0547080970678433,-7.5617820621602387,2.2759160597099561,0.0037060718744071,0.0016554487441016,0.4203453830094878,0.9073551033103436
1754,34,736000000,34.736000000,14.0536427943780016,-7.5615353863926442,2.2758418094678534,0.0039537271611892,0.0017083937423687,0.4230657847364723,0.9060887325299155
1755,34,753000000,34.753000000,14.0526031245403722,-7.5613045153524654,2.2757616567959200,0.0042004315788106,0.0017507917373738,0.4259686275399135,0.9047264887548095
1756,34,768000000,34.768000000,14.0517073069695417,-7.5611151338801958,2.2756860221908237,0.0044169131622217,0.0017804181895495,0.4286789597154517,0.9034443372374781
1757,34,785000000,34.785000000,14.0507171673076439,-7.5609183440579635,2.2755946433470751,0.0046595824249969,0.0018056364021739,0.4319163568091279,0.9018998218702218
1758,34,802000000,34.802000000,14.0497525699733750,-7.5607420629970221,2.2754972068706691,0.0048999536260057,0.0018258180527669,0.4353262657899130,0.9002575737844760
1759,34,819000000,34.819000000,14.0488133958899830,-7.5605881958595651,2.2753934802689888,0.0051370936085273,0.0018432038378354,0.4389051769424343,0.8985168103725160
1760,34,836000000,34.836000000,14.0479033134255005,-7.5604566461468750,2.2752831735872698,0.0053702921271684,0.0018512173096108,0.4426492437125381,0.8966768537202572
1761,34,853000000,34.853000000,14.0470216459031061,-7.5603486572571379,2.2751661651148609,0.0056001946632014,0.0018524867915759,0.4465546062486265,0.8947369388544073
1762,34,870000000,34.870000000,14.0461700085161780,-7.5602653125336952,2.2750423989878610,0.0058256014383731,0.0018452192112934,0.4506174689825062,0.8926962272698051
1763,34,887000000,34.887000000,14.0453488595519627,-7.5602079164272729,2.2749120757737367,0.0060458915967642,0.0018299219006976,0.4548337500463722,0.8905539615314682
1764,34,904000000,34.904000000,14.0445570091839258,-7.5601791260367603,2.2747754468953763,0.0062594594439385,0.0018113650795391,0.4591993765959893,0.8883093327540093
1765,34,921000000,34.921000000,14.0437960575474889,-7.5601809586571802,2.2746326263852996,0.0064632013652138,0.0017886429982426,0.4637102479830240,0.8859615305981744
1766,34,938000000,34.938000000,14.0430679185755025,-7.5602139454610171,2.2744839303579347,0.0066562736557328,0.0017589040828904,0.4683615522500610,0.8835100772777640
1767,34,955000000,34.955000000,14.0423724792777289,-7.5602783225027634,2.2743298087636235,0.0068401470125179,0.0017226780057293,0.4731480714270611,0.8809546794666502
1768,34,972000000,34.972000000,14.0417086067845975,-7.5603749240647362,2.2741704919258146,0.0070160993183014,0.0016828714118073,0.4780646033661369,0.8782950400079380
1769,34,988000000,34.988000000,14.0411132513293389,-7.5604965814597040,2.2740159506654747,0.0071729348451284,0.0016422929607581,0.4828057356741617,0.8756965647298556
1770,35,5000000,35.005000000,14.0405121198578460,-7.5606599953930367,2.2738470320058397,0.0073288711380842,0.0015971692909522,0.4879588069017959,0.8728344284370737
1771,35,22000000,35.022000000,14.0399433881733735,-7.5608590254796981,2.2736733219092993,0.0074743677148599,0.0015504471039009,0.4932257311055430,0.8698678681940399
1772,35,39000000,35.039000000,14.0394083273541952,-7.5610941843095247,2.2734949816200869,0.0076084804657496,0.0015004470722577,0.4986009069932892,0.8667969746307697
1773,35,54000000,35.054000000,14.0389928463121461,-7.5613152581360827,2.2733447452269746,0.0077107898156824,0.0014573869020302,0.5031048872182941,0.8641897315988566
1774,35,70000000,35.070000000,14.0385726507275805,-7.5615811662359613,2.2731804377538793,0.0078104204458708,0.0014115039554143,0.5080045111276518,0.8613178400933061
1775,35,85000000,35.085000000,14.0381284866229379,-7.5619200690772610,2.2729902305856058,0.0079085843227417,0.0013597545268498,0.5136450311395818,0.8579652599885702
1776,35,102000000,35.102000000,14.0377181502413961,-7.5622991182120991,2.2727960460896646,0.0079915969998884,0.0013091880603223,0.5193732586933856,0.8545091214014205
1777,35,118000000,35.118000000,14.0373626237258051,-7.5626919859771382,2.2726097503428502,0.0080576554490433,0.0012627156626825,0.5248397473567606,0.8511619818414773
1778,35,138000000,35.138000000,14.0369787547237532,-7.5632038437949127,2.2723843171494682,0.0081220458838990,0.0012096311776804,0.5314192446006344,0.8470691563450796
1779,35,154000000,35.154000000,14.0366720208397648,-7.5637033403869447,2.2721790104612314,0.0081657950720814,0.0011616299290767,0.5373811440693023,0.8432991618669596
1780,35,171000000,35.171000000,14.0364009882077827,-7.5642431422165721,2.2719704836885959,0.0081935494692748,0.0011129754972871,0.5434082646172942,0.8394278319059106
1781,35,188000000,35.188000000,14.0361647151422329,-7.5648241789314863,2.2717589915003411,0.0082047038682791,0.0010667625497445,0.5494949554990195,0.8354560663094301
1782,35,205000000,35.205000000,14.0359640451989698,-7.5654471304083613,2.2715448380379684,0.0081969357424598,0.0010228035357825,0.5556356817171424,0.8313848406845578
1783,35,222000000,35.222000000,14.0357990807027964,-7.5661116375865953,2.2713283136368698,0.0081703284534795,0.0009810875858267,0.5618248753886030,0.8272152637582867
1784,35,239000000,35.239000000,14.0356701710012644,-7.5668147459179433,2.2711098801320029,0.0081288607806105,0.0009381806349285,0.5680563775298458,0.8229489615931080
1785,35,256000000,35.256000000,14.0355777155238393,-7.5675543881020362,2.2708899879864854,0.0080746691646876,0.0008914891321064,0.5743239031884656,0.8185878445172358
1786,35,273000000,35.273000000,14.0355192429906381,-7.5683306403741497,2.2706688714609258,0.0080094888363560,0.0008457013606395,0.5806212231988955,0.8141339742627176
1787,35,301000000,35.301000000,14.0354928360302047,-7.5691447248365185,2.2704466713385374,0.0079324814151823,0.0008059146508526,0.5869419175143749,0.8095897798914721
1788,35,307000000,35.307000000,14.0354980274809478,-7.5699966590468035,2.2702234227226397,0.0078430603808736,0.0007734305667774,0.5932797554385287,0.8049577752875116
1789,35,322000000,35.322000000,14.0355290109132902,-7.5707786224230258,2.2700254353616391,0.0077546071379515,0.0007495936735505,0.5988813519019360,0.8007998692067638
1790,35,339000000,35.339000000,14.0355944660798500,-7.5716964478565547,2.2697997634617262,0.0076461712000984,0.0007245872954501,0.6052349120003535,0.7960098694960726
1791,35,356000000,35.356000000,14.0356925316716765,-7.5726468418753390,2.2695726378541630,0.0075286973428988,0.0007004134879424,0.6115882596454901,0.7911400816549907
1792,35,373000000,35.373000000,14.0358216625313972,-7.5736306023867064,2.2693438860162520,0.0074011620116966,0.0006812094894979,0.6179358318571208,0.7861934027079827
1793,35,400000000,35.400000000,14.0359817074016284,-7.5746471935060935,2.2691134112136004,0.0072629156286465,0.0006672107921733,0.6242718771792906,0.7811731102959029
1794,35,407000000,35.407000000,14.0361723547202608,-7.5756952118753134,2.2688811182408921,0.0071147937328731,0.0006578419102002,0.6305909521731912,0.7760824685505194
1795,35,427000000,35.427000000,14.0363924338334343,-7.5767728804286074,2.2686468605615553,0.0069592191644983,0.0006534021880913,0.6368876804669097,0.7709249151530132
1796,35,440000000,35.440000000,14.0366257781996673,-7.5778132606753372,2.2684246877061884,0.0068066322520497,0.0006541624867809,0.6427885059168377,0.7660131712248985
1797,35,459000000,35.459000000,14.0368841134916309,-7.5788778978540909,2.2682010185206636,0.0066485361445108,0.0006596270680147,0.6486598693140202,0.7610491020957745
1798,35,473000000,35.473000000,14.0371848555775127,-7.5800343722485897,2.2679617984021698,0.0064760417459689,0.0006713556304227,0.6548607781006512,0.7557214906765135
1799,35,498000000,35.498000000,14.0375117122321722,-7.5812166352598265,2.2677211010786640,0.0062984826336644,0.0006910662756735,0.6610178300044571,0.7503434413387744
1800,35,507000000,35.507000000,14.0378650578172639,-7.5824217997549468,2.2674790595779255,0.0061176140847061,0.0007151028960070,0.6671258376636683,0.7449195796509229
1801,35,530000000,35.530000000,14.0382435579960632,-7.5836487551120957,2.2672358130680004,0.0059346943151010,0.0007448410763497,0.6731800184658173,0.7394544525212619
1802,35,541000000,35.541000000,14.0386448606344647,-7.5848989911355398,2.2669916477730312,0.0057484898453286,0.0007868224238115,0.6791757410858977,0.7339527563102364
1803,35,561000000,35.561000000,14.0390709471900674,-7.5861695924640413,2.2667468084607409,0.0055584380799304,0.0008349833764285,0.6851085004572680,0.7284193498048129
1804,35,576000000,35.576000000,14.0395205211127703,-7.5874593600910956,2.2665014362973044,0.0053658393842802,0.0008906526302631,0.6909740631727658,0.7228590862181322
1805,35,605000000,35.605000000,14.0400224767359738,-7.5888433810753329,2.2662412372276814,0.0051597686520562,0.0009549377836285,0.6971068837442735,0.7169480159102434
1806,35,610000000,35.610000000,14.0404909654448318,-7.5900881321303286,2.2660096810480921,0.0049746036619731,0.0010159288425602,0.7024875067517145,0.7116779637341267
1807,35,632000000,35.632000000,14.0410424620886420,-7.5915024134049620,2.2657489603725489,0.0047658198886561,0.0010875929033507,0.7084569951647340,0.7057370545072871
1808,35,643000000,35.643000000,14.0415543838283270,-7.5927699954912020,2.2655172934272425,0.0045803652870730,0.0011522309746895,0.7136852261404079,0.7004506339539802
1809,35,661000000,35.661000000,14.0421197956491763,-7.5941277921094485,2.2652715740020852,0.0043819923991931,0.0012245479123426,0.7191563009909762,0.6948334428983686
1810,35,677000000,35.677000000,14.0427066912335849,-7.5954957226856905,2.2650264940466167,0.0041824989656420,0.0013009109750183,0.7245375526782046,0.6892214078887243
1811,35,694000000,35.694000000,14.0433154311848654,-7.5968681499590733,2.2647822263326480,0.0039868045102600,0.0013734922224325,0.7298255813465053,0.6836203915340350
1812,35,711000000,35.711000000,14.0439450311748022,-7.5982448252340298,2.2645389751620701,0.0037941227980691,0.0014442802833750,0.7350173763576417,0.6780361163971910
1813,35,728000000,35.728000000,14.0445944431498333,-7.5996274136225619,2.2642968652279971,0.0036012036169057,0.0015182282247087,0.7401102526187847,0.6724741930246291
1814,35,743000000,35.743000000,14.0451840899914515,-7.6008501778425597,2.2640842941650035,0.0034314276960995,0.0015834841568231,0.7445197140542689,0.6675897791806292
1815,35,767000000,35.767000000,14.0458306856285535,-7.6021555058189501,2.2638587373811698,0.0032506649900317,0.0016503866154472,0.7491342659079167,0.6624081529115933
1816,35,777000000,35.777000000,14.0465772388977825,-7.6036238498009014,2.2636064265200861,0.0030511680605343,0.0017246010053318,0.7542138717275264,0.6566194878455962
1817,35,796000000,35.796000000,14.0473009328878149,-7.6050090638858645,2.2633697673354338,0.0028658501820075,0.0017923052169266,0.7589003953308124,0.6511979457211765
1818,35,811000000,35.811000000,14.0480418616670342,-7.6063941578189755,2.2631350084600035,0.0026805351449127,0.0018618323674932,0.7634773774892107,0.6458263252405939
1819,35,826000000,35.826000000,14.0487102487207487,-7.6076151181630269,2.2629297074216277,0.0025160854244985,0.0019232520141202,0.7674235776183157,0.6411326094743052
1820,35,843000000,35.843000000,14.0494837204457816,-7.6089936525849771,2.2626995542510366,0.0023325481580093,0.0019883437706872,0.7717897314377532,0.6358704397559151
1821,35,860000000,35.860000000,14.0502723469115427,-7.6103659327839930,2.2624727547404464,0.0021534864731760,0.0020505364392393,0.7760415278419532,0.6306748011939656
1822,35,877000000,35.877000000,14.0510755852763616,-7.6117333321978071,2.2622499610953017,0.0019756419625522,0.0021133645204673,0.7801775882607705,0.6255514058051878
1823,35,894000000,35.894000000,14.0518936326378583,-7.6130949685433134,2.2620317784156390,0.0017975584839871,0.0021758216953138,0.7841966442831159,0.6205059690917942
1824,35,911000000,35.911000000,14.0527256974488424,-7.6144484842206399,2.2618186694457987,0.0016212329819575,0.0022357600751176,0.7880976405456330,0.6155440536199751
1825,35,927000000,35.927000000,14.0535207665464341,-7.6157135967786811,2.2616230905573751,0.0014579451952247,0.0022892511567591,0.7916605373597047,0.6109551761891316
1826,35,944000000,35.944000000,14.0543779030132931,-7.6170499139839682,2.2614210478666950,0.0012838098065675,0.0023462863476579,0.7953299455814894,0.6061708706578537
1827,35,961000000,35.961000000,14.0552464823068188,-7.6183772602537685,2.2612253995235245,0.0011100800830038,0.0024042801633848,0.7988790528883275,0.6014858651833426
1828,35,978000000,35.978000000,14.0561264990017456,-7.6196942041083018,2.2610365071666880,0.0009363410204493,0.0024614144180297,0.8023073656837356,0.5969053155016972
1829,35,996000000,35.996000000,14.0570165819273019,-7.6209999645349846,2.2608548227495855,0.0007636133725953,0.0025185927076261,0.8056143881305581,0.5924344109033646
1830,36,22000000,36.022000000,14.0579685079206929,-7.6223702270190383,2.2606709746057509,0.0005820289908893,0.0025813412705327,0.8089833081137361,0.5878256587738024
1831,36,27000000,36.027000000,14.0587163158990869,-7.6234243468710483,2.2605344731756616,0.0004424881358137,0.0026264387461630,0.8115090302495140,0.5843338085779869
1832,36,44000000,36.044000000,14.0596323501974272,-7.6246901091069006,2.2603768204484207,0.0002750159309875,0.0026771895222139,0.8144646510210638,0.5802069365835234
1833,36,61000000,36.061000000,14.0605559522966583,-7.6259405096894062,2.2602285208990569,0.0001093622424461,0.0027257307311683,0.8172981019177389,0.5762086176321409
1834,36,75000000,36.075000000,14.0613219878933329,-7.6269578766501187,2.2601136885801423,-0.0000257464163709,0.0027631730018666,0.8195398081701688,0.5730155905701749
1835,36,92000000,36.092000000,14.0622579231994820,-7.6281774852528130,2.2599832868073473,-0.0001877241822240,0.0028055422304922,0.8221506109514101,0.5692630908504853
1836,36,109000000,36.109000000,14.0631992380992443,-7.6293784726690150,2.2598630033820033,-0.0003462250957273,0.0028435588054883,0.8246394683549151,0.5656514311241736
1837,36,126000000,36.126000000,14.0641447348812871,-7.6305608253247428,2.2597529408416066,-0.0005012083887625,0.0028787598081991,0.8270065900927162,0.5621846329057174
1838,36,143000000,36.143000000,14.0650927813140605,-7.6317254773211793,2.2596531627097987,-0.0006529044035399,0.0029147571330884,0.8292522279692823,0.5588665496472983
1839,36,162000000,36.162000000,14.0660429441263144,-7.6328719515455274,2.2595636385894875,-0.0008018768910147,0.0029513678131004,0.8313766721365923,0.5557008866724694
1840,36,177000000,36.177000000,14.0669946623248912,-7.6339976931351607,2.2594842212612685,-0.0009460643073979,0.0029849893813203,0.8333802421277374,0.5526912038668912
1841,36,195000000,36.195000000,14.0679477408819640,-7.6350997654555135,2.2594146073875887,-0.0010835888246249,0.0030108754147441,0.8352632946495222,0.5498408761411993
1842,36,211000000,36.211000000,14.0689022318449659,-7.6361798186973724,2.2593545226567202,-0.0012181520975593,0.0030318043633376,0.8370261207845838,0.5471531754381774
1843,36,228000000,36.228000000,14.0698575094856686,-7.6372400156733011,2.2593037195742820,-0.0013527701059538,0.0030521896484660,0.8386690782499048,0.5446310965588040
1844,36,251000000,36.251000000,14.0706444204532648,-7.6380967819030721,2.2592685578099494,-0.0014625595281877,0.0030665107266668,0.8399323684979952,0.5426804527352515
1845,36,259000000,36.259000000,14.0715992288729748,-7.6391143323253701,2.2592335665748480,-0.0015909388338540,0.0030767963811400,0.8413577527604902,0.5404675143868259
1846,36,276000000,36.276000000,14.0725512294760069,-7.6401063416969848,2.2592065954242146,-0.0017113076210230,0.0030804544594407,0.8426644092349960,0.5384275955364707
1847,36,291000000,36.291000000,14.0733892736858390,-7.6409591813170321,2.2591890988775285,-0.0018112978556053,0.0030753838578286,0.8437190822869768,0.5367731097950300
1848,36,308000000,36.308000000,14.0743369017972366,-7.6419048450608633,2.2591761333442451,-0.0019239782594072,0.0030678216335717,0.8448033590193214,0.5350646422328367
1849,36,326000000,36.326000000,14.0753372046821674,-7.6428810161839360,2.2591700067632798,-0.0020419214165153,0.0030563769896844,0.8458231623414433,0.5334507167146241
1850,36,344000000,36.344000000,14.0762781958584196,-7.6437756545415692,2.2591711048149348,-0.0021479820910737,0.0030366275258132,0.8466654200429365,0.5321126117371435
1851,36,361000000,36.361000000,14.0772700884611268,-7.6446951116873807,2.2591793441293304,-0.0022563907799295,0.0030081891518309,0.8474294520367815,0.5308947007828526
1852,36,383000000,36.383000000,14.0779833762293887,-7.6453437275155407,2.2591896907556439,-0.0023351334887219,0.0029868567727527,0.8478996082888572,0.5301432637521777
1853,36,392000000,36.392000000,14.0789669498322514,-7.6462163467064146,2.2592096986651273,-0.0024417387422029,0.0029483490328514,0.8484377029382050,0.5292814084991440
1854,36,409000000,36.409000000,14.0798898783985251,-7.6470125430585405,2.2592343550607015,-0.0025371309431305,0.0029022569940545,0.8488255432822087,0.5286589987341375
1855,36,426000000,36.426000000,14.0808051739043467,-7.6477851381329245,2.2592644300612261,-0.0026291632934500,0.0028541621433181,0.8490964788775180,0.5282235424672367
1856,36,443000000,36.443000000,14.0817132173081259,-7.6485326478819440,2.2592997625991185,-0.0027178733988007,0.0028003219618194,0.8492504870385352,0.5279757396186961
1857,36,461000000,36.461000000,14.0826663856321286,-7.6492959509682423,2.2593430132407932,-0.0028076454091861,0.0027351456060969,0.8492859317258723,0.5279185943668655
1858,36,484000000,36.484000000,14.0835576016940571,-7.6499911492951389,2.2593894799538394,-0.0028883776381471,0.0026678628432201,0.8491987508961960,0.5280587289864735
1859,36,495000000,36.495000000,14.0844399099959290,-7.6506594400872654,2.2594410994684302,-0.0029635968390776,0.0025908857197686,0.8489944239971382,0.5283871425637930
1860,36,516000000,36.516000000,14.0853115393520980,-7.6513028697896894,2.2594974945495885,-0.0030331664400402,0.0025087474277720,0.8486729191196181,0.5289033772256299
1861,36,529000000,36.529000000,14.0861719396711713,-7.6519247616847608,2.2595583961408447,-0.0031004151745227,0.0024268436669001,0.8482342044056049,0.5296066770084690
1862,36,548000000,36.548000000,14.0870229200162758,-7.6525234172078322,2.2596235364746464,-0.0031672868974988,0.0023392148104236,0.8476782375001831,0.5304960905005454
1863,36,563000000,36.563000000,14.0878648307962688,-7.6530960683375682,2.2596927265830309,-0.0032319693490116,0.0022395735594148,0.8470048253766579,0.5315706580249292
1864,36,584000000,36.584000000,14.0886952404394847,-7.6536454676759194,2.2597658064663748,-0.0032937912192759,0.0021342212529381,0.8462137478218905,0.5328291368124283
1865,36,597000000,36.597000000,14.0895134000316506,-7.6541723283527929,2.2598424720032995,-0.0033527600225524,0.0020239990353683,0.8453047737893223,0.5342700645152400
1866,36,617000000,36.617000000,14.0903178903451352,-7.6546769897170410,2.2599224453979421,-0.0034072719008944,0.0019097989702008,0.8442775123366909,0.5358919903568775
1867,36,632000000,36.632000000,14.0911538991762004,-7.6551877480680739,2.2600104928279845,-0.0034597197396686,0.0017851810166921,0.8430604993345714,0.5378046466234783
1868,36,654000000,36.654000000,14.0917029796105489,-7.6555159679671201,2.2600710323810200,-0.0034945642305469,0.0017004582577453,0.8421750006525877,0.5391902862054971
1869,36,661000000,36.661000000,14.0924681626024775,-7.6559631149648553,2.2601591230193669,-0.0035405607421605,0.0015769076747860,0.8408185090875342,0.5413032537936869
1870,36,677000000,36.677000000,14.0931732065682205,-7.6563644876563117,2.2602442984009850,-0.0035774113566275,0.0014568509361875,0.8394320802144652,0.5434508831717461
1871,36,694000000,36.694000000,14.0938637000740865,-7.6567496802014237,2.2603313956748661,-0.0036114772973927,0.0013365317393184,0.8379387817002103,0.5457506473082810
1872,36,708000000,36.708000000,14.0944971999330395,-7.6570964985673005,2.2604144358429612,-0.0036404388886073,0.0012238718584245,0.8364412731419749,0.5480431059022682
1873,36,724000000,36.724000000,14.0951576339141056,-7.6574514437264085,2.2605042196908025,-0.0036676936536698,0.0011038577665458,0.8347394877445889,0.5506317436555899
1874,36,751000000,36.751000000,14.0958417816540802,-7.6578132263978711,2.2606007460554820,-0.0036940936094703,0.0009784010700986,0.8328127571585486,0.5535416045047808
1875,36,758000000,36.758000000,14.0965062321944554,-7.6581594929213264,2.2606979877107647,-0.0037156182111595,0.0008561579740176,0.8307632444234232,0.5566128752462520
1876,36,783000000,36.783000000,14.0971508657761202,-7.6584899462853508,2.2607954539738739,-0.0037318548978842,0.0007355687414557,0.8285904666345294,0.5598422731448748
1877,36,792000000,36.792000000,14.0977765254343037,-7.6588055288667425,2.2608926353383882,-0.0037453997494745,0.0006161143017305,0.8262938458613458,0.5632264843520325
1878,36,826000000,36.826000000,14.0983828616644473,-7.6591083649546041,2.2609888732509669,-0.0037581732702558,0.0005006662759329,0.8238726947154783,0.5667622150154397
1879,36,827000000,36.827000000,14.0989337241853452,-7.6593811099812781,2.2610780245902351,-0.0037651550902482,0.0003961397997936,0.8214797571548842,0.5702251092903201
1880,36,851000000,36.851000000,14.0995307547345092,-7.6596735887523613,2.2611760855202383,-0.0037674998188550,0.0002817685719129,0.8186546997099420,0.5742736361652097
1881,36,860000000,36.860000000,14.1000726464018449,-7.6599372291315042,2.2612659542937390,-0.0037660994341251,0.0001781377025602,0.8158567127355389,0.5782418257497217
1882,36,880000000,36.880000000,14.1005927012423715,-7.6601898586078514,2.2613527025866063,-0.0037617682330504,0.0000805247342296,0.8129324066253135,0.5823458979626319
1883,36,894000000,36.894000000,14.1010912681886182,-7.6604316383165569,2.2614359589490896,-0.0037552356549868,-0.0000120021724943,0.8098818620789792,0.5865809982744145
1884,36,913000000,36.913000000,14.1015967540920446,-7.6606760159481295,2.2615198497832099,-0.0037477652282029,-0.0001061193539753,0.8065144649958396,0.5912024701800153
1885,36,929000000,36.929000000,14.1020525465665738,-7.6608940830559318,2.2615945312627974,-0.0037371848169315,-0.0001944378546125,0.8032048992472652,0.5956910990343530
1886,36,946000000,36.946000000,14.1024878666077491,-7.6611012557321141,2.2616642571923427,-0.0037256858224928,-0.0002810277104617,0.7997703578695132,0.6002944402223369
1887,36,963000000,36.963000000,14.1029028673691084,-7.6612972401130328,2.2617283159239023,-0.0037129872649048,-0.0003671798417876,0.7962114165078474,0.6050069909737421
1888,36,980000000,36.980000000,14.1032975225066970,-7.6614816773613637,2.2617860822593396,-0.0036984012601438,-0.0004540379192618,0.7925288684039333,0.6098230140164178
1889,36,996000000,36.996000000,14.1036512256989131,-7.6616467717587193,2.2618342292882230,-0.0036867313442254,-0.0005346824440589,0.7889506219981642,0.6144453093444439
1890,37,23000000,37.023000000,14.1039661832139522,-7.6617946245186852,2.2618734898469977,-0.0036765417950118,-0.0006075941950941,0.7854976830935938,0.6188533782119312
1891,37,29000000,37.029000000,14.1043238393816637,-7.6619636604482348,2.2619135837307236,-0.0036673085431538,-0.0006926067460646,0.7812330114864026,0.6242283659910298
1892,37,49000000,37.049000000,14.1046451030080267,-7.6621137308840224,2.2619483858788620,-0.0036660686568251,-0.0007774058654111,0.7770989453117068,0.6293672892486205
1893,37,63000000,37.063000000,14.1049586876415614,-7.6622536997282618,2.2619868173865374,-0.0036842213454774,-0.0008788362692550,0.7728877801755647,0.6345314282328162
1894,37,81000000,37.081000000,14.1052927877034424,-7.6623863976012396,2.2620395927311026,-0.0037349337148941,-0.0010255563041888,0.7683823359113291,0.6399793624515262
1895,37,95000000,37.095000000,14.1055420558066977,-7.6624716625796045,2.2620885244862210,-0.0038010946396391,-0.0011670808330098,0.7651217314196959,0.6438733770790626
1896,37,119000000,37.119000000,14.1059035210814301,-7.6625752243363436,2.2621723944473842,-0.0039418807070906,-0.0014207375679600,0.7606286957415247,0.6491736518804512
1897,37,129000000,37.129000000,14.1062616801569281,-7.6626601816343918,2.2622694832289567,-0.0041300481516515,-0.0017194249729542,0.7564397559746784,0.6540480730504420
1898,37,150000000,37.150000000,14.1066094696016737,-7.6627299158754214,2.2623764667749269,-0.0043521096744757,-0.0020485759512717,0.7525712382495927,0.6584932754686474
1899,37,162000000,37.162000000,14.1069818071620556,-7.6627940015626406,2.2625050183217370,-0.0046254260112631,-0.0024400971114786,0.7485617846135360,0.6630444223251555
1900,37,182000000,37.182000000,14.1073046745936725,-7.6628431548070708,2.2626297690111712,-0.0048896855911213,-0.0028117852093487,0.7451258641632933,0.6669000160396323
1901,37,194000000,37.194000000,14.1076567039829985,-7.6628909404934173,2.2627822857906197,-0.0052073471217536,-0.0032558106007163,0.7413616282618881,0.6710776552487557
1902,37,213000000,37.213000000,14.1079664909715596,-7.6629331047753846,2.2629344108429690,-0.0055214751616647,-0.0036812053543687,0.7379554942917338,0.6748167532625585
1903,37,225000000,37.225000000,14.1082284277891468,-7.6629707715262123,2.2630822230372996,-0.0058187393602041,-0.0040759522098984,0.7348899031309758,0.6781492160004210
1904,37,246000000,37.246000000,14.1084961717633082,-7.6630118824942963,2.2632628697743749,-0.0061654000888397,-0.0045371778957826,0.7313808725199162,0.6819262578684682
1905,37,260000000,37.260000000,14.1086812263329708,-7.6630449248898671,2.2634230698209028,-0.0064530512588808,-0.0049246705810361,0.7284209183066787,0.6850817991469147
1906,37,283000000,37.283000000,14.1088150432491570,-7.6630775906714215,2.2635893826681119,-0.0067309242826407,-0.0053035377870332,0.7254421662601078,0.6882297803474398
1907,37,291000000,37.291000000,14.1088736823601675,-7.6631062150952305,2.2637307667363222,-0.0069496126234440,-0.0056015115333727,0.7229562929377326,0.6908361053496387
1908,37,311000000,37.311000000,14.1088647359966757,-7.6631417791369367,2.2638927440714207,-0.0071764617389293,-0.0059068099798568,0.7201480841196063,0.6937581314346032
1909,37,326000000,37.326000000,14.1087721998400646,-7.6631789985222882,2.2640379165950133,-0.0073549877554354,-0.0061351372671977,0.7176681176509774,0.6963194217836616
1910,37,348000000,37.348000000,14.1085792861376973,-7.6632194430899814,2.2641829924458161,-0.0074966804467299,-0.0063112166191405,0.7152203508972916,0.6988303213151393
1911,37,361000000,37.361000000,14.1083042984482656,-7.6632572228927351,2.2643113614165644,-0.0075815488279268,-0.0064143081881323,0.7130716632314874,0.7010208127182228
1912,37,378000000,37.378000000,14.1079386051438682,-7.6632940499837092,2.2644305884787670,-0.0076188814649750,-0.0064565486008184,0.7110757659162676,0.7030444657004146
1913,37,395000000,37.395000000,14.1074820781548969,-7.6633300869148382,2.2645397472206890,-0.0076096705114571,-0.0064374323390051,0.7092265073485589,0.7049102167324236
1914,37,412000000,37.412000000,14.1069364222164939,-7.6633626633530350,2.2646378045770490,-0.0075528263782263,-0.0063626339692200,0.7075173239292633,0.7066269935706165
1915,37,429000000,37.429000000,14.1063029897371237,-7.6633906956722919,2.2647237648293359,-0.0074483803227220,-0.0062344177345929,0.7059412770185308,0.7082037609809233
1916,37,446000000,37.446000000,14.1055840199245726,-7.6634159435844680,2.2647967903290023,-0.0073011775952129,-0.0060516631717772,0.7044913024014448,0.7096492619733318
1917,37,463000000,37.463000000,14.1047843875301719,-7.6634372929612402,2.2648562593721331,-0.0071151255008706,-0.0058207591068253,0.7031602960634745,0.7109719346025229
1918,37,481000000,37.481000000,14.1038541778237345,-7.6634551192521672,2.2649039181306065,-0.0068790460510883,-0.0055277979334718,0.7018729323668016,0.7122475054264921
1919,37,498000000,37.498000000,14.1029013383811250,-7.6634673263223574,2.2649342416085529,-0.0066229650970705,-0.0052087614416491,0.7007648202527053,0.7133426048076482
1920,37,515000000,37.515000000,14.1018813170709230,-7.6634735749463028,2.2649502662228631,-0.0063367542872268,-0.0048542343374979,0.6997543619124442,0.7143389356171257
1921,37,532000000,37.532000000,14.1008007266832216,-7.6634723457795655,2.2649521663139272,-0.0060243385244234,-0.0044720288697519,0.6988348488102969,0.7152437083899592
1922,37,547000000,37.547000000,14.0997999032850050,-7.6634675936350769,2.2649424047975946,-0.0057319451999143,-0.0041089615397469,0.6980938811423248,0.7159715038679514
1923,37,564000000,37.564000000,14.0986178352270635,-7.6634582898371839,2.2649188200043100,-0.0053868516157444,-0.0036722894094994,0.6973282888668881,0.7167222290860950
1924,37,581000000,37.581000000,14.0973922810887675,-7.6634411895492249,2.2648825323454229,-0.0050283507717999,-0.0032200839049339,0.6966357646350827,0.7174001381233869
1925,37,598000000,37.598000000,14.0961268420308130,-7.6634161354078003,2.2648342292608441,-0.0046570819365077,-0.0027527443372609,0.6960107083455764,0.7180110220983654
1926,37,619000000,37.619000000,14.0947517312287633,-7.6633798917701883,2.2647707955653669,-0.0042553870837116,-0.0022492094408740,0.6954165257089376,0.7185907656716508
1927,37,632000000,37.632000000,14.0935049484854282,-7.6633380193590002,2.2647045857107995,-0.0038932997809823,-0.0017996759509648,0.6949419849221669,0.7190530168045508
1928,37,649000000,37.649000000,14.0921598517653823,-7.6632850536138513,2.2646249183476024,-0.0035080507812823,-0.0013198239475045,0.6944884288967743,0.7194941096165789
1929,37,674000000,37.674000000,14.0907993138511483,-7.6632227305807374,2.2645364754762305,-0.0031247795613113,-0.0008415000404109,0.6940826406689535,0.7198880576536797
1930,37,683000000,37.683000000,14.0894287073940827,-7.6631498295615010,2.2644400462869401,-0.0027447775189808,-0.0003690006921198,0.6937204645337161,0.7202390208271041
1931,37,707000000,37.707000000,14.0880532023827385,-7.6630683666251738,2.2643364969223296,-0.0023738993179207,0.0000982422793986,0.6933979963021764,0.7205508820857899
1932,37,716000000,37.716000000,14.0868387663906063,-7.6629883332239617,2.2642398334471090,-0.0020538841354334,0.0005039657507170,0.6931435718029938,0.7207964459170622
1933,37,738000000,37.738000000,14.0855477553499266,-7.6628925543691429,2.2641318856291512,-0.0017209547603791,0.0009236680261099,0.6929005771588985,0.7210304954195458
1934,37,745000000,37.745000000,14.0844244956402598,-7.6627985050440035,2.2640338185783420,-0.0014357485366084,0.0012770951082330,0.6927099977491875,0.7212136761546780
1935,37,769000000,37.769000000,14.0830700370788655,-7.6626720993835065,2.2639109056786499,-0.0010967454200584,0.0016917169526737,0.6925037823392086,0.7214114267802567
1936,37,778000000,37.778000000,14.0818076448562444,-7.6625441977556044,2.2637922060739659,-0.0007906508823029,0.0020717715311401,0.6923326853532262,0.7215750379728331
1937,37,803000000,37.803000000,14.0804840309012569,-7.6623988515811678,2.2636637858172288,-0.0004820484195055,0.0024624668111979,0.6921729461569552,0.7217273144996841
1938,37,812000000,37.812000000,14.0791840300142308,-7.6622424545763508,2.2635339139047566,-0.0001927602578251,0.0028340799114690,0.6920336764445520,0.7218596272830164
1939,37,836000000,37.836000000,14.0779107713518563,-7.6620751357406052,2.2634034736282262,0.0000759629078859,0.0031863514497070,0.6919127931095982,0.7219740494819394
1940,37,846000000,37.846000000,14.0766671577781501,-7.6618935215666824,2.2632731911853186,0.0003281629306549,0.0035141327573119,0.6918083842727435,0.7220725051059560
1941,37,868000000,37.868000000,14.0754555910256567,-7.6616992609494146,2.2631439046328992,0.0005609129169128,0.0038199124892930,0.6917187013708151,0.7221567224772936
1942,37,880000000,37.880000000,14.0742774763604821,-7.6614928775338615,2.2630163769706080,0.0007741512016872,0.0041057969684137,0.6916421550740424,0.7222282689328254
1943,37,904000000,37.904000000,14.0731349496443645,-7.6612747053291335,2.2628912401369758,0.0009668195330547,0.0043723015821647,0.6915773428662900,0.7222885345018756
1944,37,914000000,37.914000000,14.0720296470800825,-7.6610434941226613,2.2627689625990421,0.0011406876305393,0.0046181956944113,0.6915229983144809,0.7223387805610384
1945,37,936000000,37.936000000,14.0709640079277509,-7.6607979409085756,2.2626499309284691,0.0012962305106431,0.0048407357877698,0.6914779669397119,0.7223801688172364
1946,37,948000000,37.948000000,14.0699385196488311,-7.6605380987611191,2.2625344377528105,0.0014344678839636,0.0050417478509778,0.6914412110167064,0.7224137144242539
1947,37,968000000,37.968000000,14.0689540316807467,-7.6602633241419351,2.2624226446118820,0.0015567319920916,0.0052212674648274,0.6914117603022920,0.7224403730878081
1948,37,982000000,37.982000000,14.0680118462568977,-7.6599744002697703,2.2623146489148218,0.0016613904022791,0.0053804383327347,0.6913887568873435,0.7224609868463853
1949,38,1000000,38.001000000,14.0671126211360118,-7.6596696647235234,2.2622104280731117,0.0017511665542317,0.0055176339836836,0.6913714281464465,0.7224763231232317
1950,38,16000000,38.016000000,14.0662577816441221,-7.6593480395842066,2.2621099192880694,0.0018266380419011,0.0056306599013892,0.6913590587336371,0.7224871009017932
1951,38,33000000,38.033000000,14.0654474633311626,-7.6590104792740732,2.2620132621480282,0.0018870240546127,0.0057218636987801,0.6913509712338227,0.7224939681340461
1952,38,49000000,38.049000000,14.0647238947074360,-7.6586788738364362,2.2619259699926779,0.0019319549629217,0.0057919056530164,0.6913467491331292,0.7224973313736057
1953,38,70000000,38.070000000,14.0643340124063396,-7.6584865040587431,2.2618784636652154,0.0019515322855996,0.0058242323480991,0.6913456614811346,0.7224980596448035
1954,38,76000000,38.076000000,14.0635908250855781,-7.6580886661134500,2.2617869317532686,0.0019799546362442,0.0058739450685513,0.6913459319945672,0.7224973210078589
1955,38,93000000,38.093000000,14.0629325487095667,-7.6576971963852012,2.2617048194756517,0.0019950764255281,0.0059051065168237,0.6913487899468649,0.7224942906529345
1956,38,109000000,38.109000000,14.0623514967318322,-7.6573145889129348,2.2616315069254989,0.0019996233288861,0.0059206562022995,0.6913534252822305,0.7224897152812655
1957,38,127000000,38.127000000,14.0617418497705238,-7.6568672467666383,2.2615538486699505,0.0019950878786490,0.0059224221909990,0.6913605439016790,0.7224829014417730
1958,38,145000000,38.145000000,14.0611774928504758,-7.6564019155098322,2.2614815121091802,0.0019822478098450,0.0059092704425195,0.6913693547654554,0.7224746130540888
1959,38,162000000,38.162000000,14.0606861269832510,-7.6559460638252856,2.2614182515761270,0.0019619964537812,0.0058829842795602,0.6913790057753164,0.7224656472379962
1960,38,179000000,38.179000000,14.0602337560300708,-7.6554750136752263,2.2613600461516041,0.0019345799800447,0.0058459565048569,0.6913897346741804,0.7224557543407144
1961,38,201000000,38.201000000,14.0598200050031927,-7.6549897299122271,2.2613069521368572,0.0018987213822680,0.0057995530020985,0.6914013455580070,0.7224451116885391
1962,38,213000000,38.213000000,14.0594440555900100,-7.6544894018221319,2.2612589683185402,0.0018563247311712,0.0057431579175460,0.6914136400892622,0.7224339059693577
1963,38,235000000,38.235000000,14.0591043844245824,-7.6539740237218110,2.2612160856241270,0.0018090233339103,0.0056782399211854,0.6914264374242352,0.7224222910852107
1964,38,247000000,38.247000000,14.0588006390388234,-7.6534435483408654,2.2611783081272980,0.0017567860864616,0.0056043649039981,0.6914395967680699,0.7224104019308403
1965,38,263000000,38.263000000,14.0585469520959059,-7.6529291028096660,2.2611474859659269,0.0017054784177797,0.0055247267868523,0.6914522061484772,0.7223990693167460
1966,38,279000000,38.279000000,14.0583226567188806,-7.6524014068417365,2.2611213882299248,0.0016519286287348,0.0054391474764452,0.6914649469068235,0.7223876480157166
1967,38,300000000,38.300000000,14.0581151184302033,-7.6518268442279860,2.2610987748199509,0.0015930056894509,0.0053436298626589,0.6914785945587364,0.7223754295515864
1968,38,313000000,38.313000000,14.0579392176578875,-7.6512369723337379,2.2610813267131693,0.0015328696770034,0.0052408366906914,0.6914923131590647,0.7223631806669418
1969,38,334000000,38.334000000,14.0577940001695474,-7.6506338002097802,2.2610691144264901,0.0014691404670604,0.0051337353561651,0.6915060932632311,0.7223508907500595
1970,38,347000000,38.347000000,14.0576781590351416,-7.6500169806156011,2.2610620030790871,0.0014034127717350,0.0050224015489841,0.6915198804140733,0.7223386054388748
1971,38,371000000,38.371000000,14.0575909705982252,-7.6493861863864909,2.2610598274642966,0.0013363956508041,0.0049060244059528,0.6915336192873077,0.7223263793927158
1972,38,381000000,38.381000000,14.0575315400743168,-7.6487416397485513,2.2610625257130033,0.0012682117618392,0.0047847775313290,0.6915472872827970,0.7223142300929059
1973,38,401000000,38.401000000,14.0574983228767412,-7.6480861901643946,2.2610700439959972,0.0011959838896367,0.0046634984525447,0.6915608949155511,0.7223021182499196
1974,38,415000000,38.415000000,14.0574902132042645,-7.6474190197462022,2.2610821317276288,0.0011216284777768,0.0045411345892359,0.6915744029850140,0.7222900838182135
1975,38,434000000,38.434000000,14.0575069317025605,-7.6467377917313968,2.2610985241530952,0.0010481226122884,0.0044132265048556,0.6915878087452114,0.7222781511757110
1976,38,449000000,38.449000000,14.0575483524811329,-7.6460430106152133,2.2611190190775616,0.0009739998745069,0.0042790816965670,0.6916010931106692,0.7222663420042541
1977,38,470000000,38.470000000,14.0576175754371189,-7.6452919656927545,2.2611450753198881,0.0008969987932927,0.0041298280320039,0.6916149952139125,0.7222539984720409
1978,38,484000000,38.484000000,14.0577043040682295,-7.6445685256890874,2.2611737683040722,0.0008278438869410,0.0039847000305160,0.6916279562103310,0.7222424849235096
1979,38,501000000,38.501000000,14.0578114272727746,-7.6438319632269245,2.2612062505445243,0.0007609104158821,0.0038350624172144,0.6916407186315728,0.7222311469622428
1980,38,519000000,38.519000000,14.0579464381698749,-7.6430384429641780,2.2612444433631369,0.0006914775965887,0.0036715764182087,0.6916539945746474,0.7222193525337522
1981,38,536000000,38.536000000,14.0580925036149544,-7.6422786336710722,2.2612838109096831,0.0006253194607700,0.0035167168305680,0.6916663155704813,0.7222083837670822
1982,38,553000000,38.553000000,14.0582560744087139,-7.6415091339822911,2.2613261027923426,0.0005579500886342,0.0033608067731434,0.6916784007519675,0.7221976070319900
1983,38,570000000,38.570000000,14.0584372153921109,-7.6407281387655281,2.2613712037800129,0.0004911596070152,0.0031992722536118,0.6916902427261470,0.7221870474722817
1984,38,587000000,38.587000000,14.0586350217687936,-7.6399348030858345,2.2614190184176310,0.0004266991549045,0.0030302949438744,0.6917018534875647,0.7221766966070367
1985,38,604000000,38.604000000,14.0588480236638063,-7.6391315080074405,2.2614695806384737,0.0003623479161745,0.0028574225145129,0.6917132658139610,0.7221665055494790
1986,38,621000000,38.621000000,14.0590746047350414,-7.6383178027571299,2.2615229237197614,0.0003003177953384,0.0026803336643333,0.6917244482138443,0.7221565019882616
1987,38,638000000,38.638000000,14.0593130151877155,-7.6374954998383862,2.2615791547044433,0.0002396659083409,0.0025020933536878,0.6917353913160796,0.7221466821151308
1988,38,655000000,38.655000000,14.0595617303321223,-7.6366653934101825,2.2616383333394845,0.0001806648443079,0.0023239661925499,0.6917461189027173,0.7221370185251395
1989,38,672000000,38.672000000,14.0598192014991561,-7.6358274107302968,2.2617004601816664,0.0001249326118404,0.0021460201322665,0.6917566303747152,0.7221275118163371
1990,38,700000000,38.700000000,14.0601007223729955,-7.6349321612181615,2.2617695519837331,0.0000687533467603,0.0019572626795130,0.6917675340033022,0.7221176104311339
1991,38,707000000,38.707000000,14.0603742427630714,-7.6340810581618861,2.2618380154816009,0.0000159166069433,0.0017803511606665,0.6917776056646145,0.7221084228821455
1992,38,732000000,38.732000000,14.0606541193441394,-7.6332244089078918,2.2619095030848344,-0.0000356473581364,0.0016040297816482,0.6917874651917816,0.7220993898496625
1993,38,741000000,38.741000000,14.0609394739620068,-7.6323623639847531,2.2619840804188223,-0.0000855166648343,0.0014277245122227,0.6917971265558565,0.7220904998534999
1994,38,758000000,38.758000000,14.0612295272358629,-7.6314953282182305,2.2620618956324487,-0.0001337690955067,0.0012510828052225,0.6918066071502832,0.7220817372021379
1995,38,775000000,38.775000000,14.0615217076072962,-7.6306231100043975,2.2621431164974979,-0.0001770153735743,0.0010755708633860,0.6918159168941788,0.7220730911374154
1996,38,796000000,38.796000000,14.0617984259461828,-7.6297995305508906,2.2622228333496599,-0.0002163671976727,0.0009128290412874,0.6918245351880076,0.7220650472362408
1997,38,808000000,38.808000000,14.0620926657188861,-7.6289219666402097,2.2623112468073820,-0.0002553988720032,0.0007434275280840,0.6918335346497515,0.7220566061057525
1998,38,833000000,38.833000000,14.0623683084664286,-7.6280937720578814,2.2623981302894354,-0.0002879415137572,0.0005879385201105,0.6918418365988650,0.7220487826660265
1999,38,842000000,38.842000000,14.0626767461630244,-7.6271598544443808,2.2625001747523195,-0.0003204945785630,0.0004163645595015,0.6918509834212673,0.7220401239978318
2000,38,871000000,38.871000000,14.0629655895250547,-7.6262769033069162,2.2626007313036403,-0.0003482730296015,0.0002586217179313,0.6918594758430062,0.7220320474237585
2001,38,876000000,38.876000000,14.0632520554237086,-7.6253937529444675,2.2627054085176175,-0.0003745464701575,0.0001041402411065,0.6918678760764403,0.7220240237853774
2002,38,891000000,38.891000000,14.0635014496390429,-7.6246141953685420,2.2628012966572997,-0.0003945189494150,-0.0000290251839102,0.6918752436815108,0.7220169601145027
2003,38,908000000,38.908000000,14.0637792769795880,-7.6237309616292777,2.2629141096148877,-0.0004132386321401,-0.0001756155724115,0.6918835108614814,0.7220090067242888
2004,38,930000000,38.930000000,14.0639875131378762,-7.6230565756605797,2.2630034587322161,-0.0004250325146944,-0.0002832938617856,0.6918897496138042,0.7220029871623086
2005,38,936000000,38.936000000,14.0642226363250185,-7.6222798893363608,2.2631099431755231,-0.0004356888740124,-0.0004024396425107,0.6918968666507056,0.7219961039621163
2006,38,963000000,38.963000000,14.0644981064011958,-7.6213495264861608,2.2632425473836610,-0.0004447053190714,-0.0005411137654742,0.6919052946162308,0.7219879311422724
2007,38,971000000,38.971000000,14.0647512991454136,-7.6204710112922776,2.2633727008742652,-0.0004468928011087,-0.0006710282828188,0.6919131593372476,0.7219802836254025
2008,38,991000000,38.991000000,14.0649968241501533,-7.6195945564898828,2.2635077437706426,-0.0004445169392161,-0.0007973982456669,0.6919209771794455,0.7219726642330511
2009,39,5000000,39.005000000,14.0652353535877150,-7.6187219090490030,2.2636469174805982,-0.0004411061066711,-0.0009201870174469,0.6919287255691685,0.7219650943179192
2010,39,22000000,39.022000000,14.0654381247054996,-7.6179560615087718,2.2637680668383346,-0.0004359502543365,-0.0010224633369754,0.6919354911380586,0.7219584756893113
2011,39,37000000,39.037000000,14.0656561138373561,-7.6170949288096432,2.2638902871141102,-0.0004263585342481,-0.0011249727940185,0.6919431026229237,0.7219510339262455
2012,39,59000000,39.059000000,14.0658584968265323,-7.6162396526890506,2.2639745604195154,-0.0004062049903628,-0.0012116977262235,0.6919506805344859,0.7219436421868315
2013,39,68000000,39.068000000,14.0660020222979316,-7.6155876272806928,2.2639948146834299,-0.0003796003935803,-0.0012695953103860,0.6919564550757318,0.7219380224855289
2014,39,89000000,39.089000000,14.0661863905093014,-7.6146854166637254,2.2639361854862954,-0.0003254188015267,-0.0013441547117301,0.6919642684047475,0.7219304250423286
2015,39,102000000,39.102000000,14.0663464419051873,-7.6138329971372238,2.2637571198171234,-0.0002554819046107,-0.0014123599942393,0.6919715213619096,0.7219233709974537
2016,39,123000000,39.123000000,14.0664934038305613,-7.6129814041083614,2.2634287829010766,-0.0001690484651408,-0.0014782021161578,0.6919786639822897,0.7219164182468809
2017,39,134000000,39.134000000,14.0666131353598072,-7.6122312627637205,2.2629922541294940,-0.0000805092017843,-0.0015352971478767,0.6919848521749071,0.7219103827632680
2018,39,157000000,39.157000000,14.0667247260520440,-7.6114851949024001,2.2623956298492058,0.0000143347599430,-0.0015894149960226,0.6919909084810522,0.7219044646863276
2019,39,166000000,39.166000000,14.0668430419564974,-7.6106465306624607,2.2615056958925583,0.0001251236468510,-0.0016472717656836,0.6919975862167274,0.7218979231927641
2020,39,190000000,39.190000000,14.0669544070491117,-7.6098150824203881,2.2603612115114462,0.0002382262230847,-0.0017044760953649,0.6920040408626714,0.7218915745728309
2021,39,201000000,39.201000000,14.0670592114931043,-7.6089917253068124,2.2589398897900512,0.0003529471322305,-0.0017607588807686,0.6920102399259050,0.7218854500501979
2022,39,223000000,39.223000000,14.0671580698995768,-7.6081779589039771,2.2572182512248204,0.0004673305184123,-0.0018152628755195,0.6920161769465775,0.7218795586987641
2023,39,234000000,39.234000000,14.0672512419533593,-7.6073750548951162,2.2551730081022514,0.0005802409036878,-0.0018669000237659,0.6920218376514715,0.7218739185053545
2024,39,259000000,39.259000000,14.0673340715060338,-7.6066285299366960,2.2529363396080906,0.0006868288189451,-0.0019147874327019,0.6920268950812516,0.7218688512046100
2025,39,268000000,39.268000000,14.0674228373340924,-7.6057992029303403,2.2500311862173783,0.0008066312079201,-0.0019700532992299,0.6920322448398726,0.7218634499252469
2026,39,285000000,39.285000000,14.0675024533919650,-7.6050288147927381,2.2468902654632990,0.0009167193266269,-0.0020202754048749,0.6920369730287474,0.7218586468791334
2027,39,301000000,39.301000000,14.0675749716492522,-7.6043152860995615,2.2435601578531519,0.0010164399409922,-0.0020678219238553,0.6920411599586822,0.7218543647338977
2028,39,326000000,39.326000000,14.0676543037487125,-7.6035275672970011,2.2393626658776591,0.0011219336818090,-0.0021204552576826,0.6920457179111899,0.7218496860531974
2029,39,336000000,39.336000000,14.0677263495914495,-7.6027993599383654,2.2349418592605854,0.0012152113327798,-0.0021669337886452,0.6920497692267826,0.7218455129544888
2030,39,357000000,39.357000000,14.0677959770781200,-7.6020840522185056,2.2300565697645558,0.0013061455773679,-0.0022144832727020,0.6920535172522715,0.7218416164965314
2031,39,370000000,39.370000000,14.0678644810669731,-7.6013801514679269,2.2246960278266870,0.0013959040081533,-0.0022674715636805,0.6920569027210132,0.7218380382197284
2032,39,391000000,39.391000000,14.0679318142863448,-7.6006895794386571,2.2188361669344654,0.0014823847734657,-0.0023233091529509,0.6920599391637433,0.7218347770609553
2033,39,405000000,39.405000000,14.0680013172870577,-7.5999771563652994,2.2120741993105772,0.0015655979785142,-0.0023791168211207,0.6920628140517163,0.7218316632795631
2034,39,425000000,39.425000000,14.0680609014353504,-7.5993598498620623,2.2055614737600169,0.0016341869647270,-0.0024254642039506,0.6920650845571859,0.7218291801342024
2035,39,437000000,39.437000000,14.0681199003860584,-7.5987559684173620,2.1985638523271573,0.0016984552862793,-0.0024734574458679,0.6920670505252082,0.7218269840032603
2036,39,455000000,39.455000000,14.0681826480379844,-7.5981292111119911,2.1906007009652768,0.0017613557626910,-0.0025275024670815,0.6920687906588844,0.7218249776456238
2037,39,470000000,39.470000000,14.0682409152938188,-7.5975553978498738,2.1826252467534806,0.0018142057741493,-0.0025775779041560,0.6920700857225768,0.7218234279915706
2038,39,487000000,39.487000000,14.0683028290090739,-7.5969656475516807,2.1736787383628613,0.0018589361181305,-0.0026279804165263,0.6920710752353252,0.7218221837115149
2039,39,504000000,39.504000000,14.0683648885116757,-7.5963944576107423,2.1642841178663081,0.0018953208420348,-0.0026793673933163,0.6920716472722218,0.7218213517146681
2040,39,525000000,39.525000000,14.0684235475877735,-7.5958744040258050,2.1550734795787765,0.0019215193485724,-0.0027288294543256,0.6920718216188867,0.7218209299918631
2041,39,537000000,39.537000000,14.0684858690635259,-7.5953432754905537,2.1449338878372517,0.0019375682900459,-0.0027790375225803,0.6920716502655185,0.7218208598248814
2042,39,554000000,39.554000000,14.0685417024483872,-7.5948923942546909,2.1357152627618512,0.0019416354089292,-0.0028241133346636,0.6920712888733572,0.7218210204427286
2043,39,569000000,39.569000000,14.0686056196616267,-7.5944033317049131,2.1249962147526649,0.0019328771564218,-0.0028738798475310,0.6920705837852500,0.7218215235497369
2044,39,586000000,39.586000000,14.0686692107320486,-7.5939356369429598,2.1140224439069533,0.0019143836084227,-0.0029243566253851,0.6920695288999779,0.7218223815052357
2045,39,603000000,39.603000000,14.0687311316387476,-7.5934907474063635,2.1028319795568651,0.0018860036081985,-0.0029724207988748,0.6920681439902763,0.7218235877129804
2046,39,619000000,39.619000000,14.0687870924165175,-7.5930921718695599,2.0921310591740960,0.0018523444223585,-0.0030160224399024,0.6920665412387824,0.7218250306871963
2047,39,636000000,39.636000000,14.0688440727698172,-7.5926899137617205,2.0806132342261270,0.0018093157832248,-0.0030616431215331,0.6920645064281924,0.7218268986814604
2048,39,660000000,39.660000000,14.0688890361630357,-7.5923756288134889,2.0710352938277099,0.0017672990105413,-0.0030983725149369,0.6920625760962373,0.7218286967896232
2049,39,663000000,39.663000000,14.0689289454530027,-7.5920968089602043,2.0620809185138111,0.0017241938156224,-0.0031328541809258,0.6920605855966357,0.7218305606193248
2050,39,678000000,39.678000000,14.0689725083766852,-7.5917904137412400,2.0516951669351333,0.0016700795189773,-0.0031735368151571,0.6920580688020678,0.7218329231230975
2051,39,695000000,39.695000000,14.0690168926861716,-7.5914636636032284,2.0398782676673517,0.0016041813151584,-0.0032179165705270,0.6920549472107561,0.7218358689178384
2052,39,709000000,39.709000000,14.0690491888348514,-7.5912118882453923,2.0301276032830877,0.0015448218304781,-0.0032518352936412,0.6920521692427187,0.7218385097368958
2053,39,731000000,39.731000000,14.0690853734500561,-7.5909074599531836,2.0175915816986181,0.0014661490542194,-0.0032984224272952,0.6920483163068475,0.7218421563702825
2054,39,741000000,39.741000000,14.0691080064682446,-7.5906860611631473,2.0078584275545976,0.0014039754933231,-0.0033349344948049,0.6920451423416863,0.7218451551586426
2055,39,756000000,39.756000000,14.0691254687001663,-7.5904651549908264,1.9974629544806031,0.0013358726056772,-0.0033707533990712,0.6920416046297253,0.7218485096801260
2056,39,772000000,39.772000000,14.0691366624433734,-7.5902470238488124,1.9864295680779485,0.0012621056067870,-0.0034077580698927,0.6920376551616461,0.7218522550444412
2057,39,790000000,39.790000000,14.0691414748710439,-7.5900589707659147,1.9761535804936234,0.0011893933498686,-0.0034436932360345,0.6920337547497233,0.7218559472688130
2058,39,798000000,39.798000000,14.0691412439755190,-7.5899317039878360,1.9686679784410139,0.0011331149154516,-0.0034699501733021,0.6920307780484587,0.7218587657776472
2059,39,814000000,39.814000000,14.0691326975577375,-7.5897605745117183,1.9578683290240448,0.0010529079792504,-0.0035076353796750,0.6920263105622000,0.7218629879475053
2060,39,834000000,39.834000000,14.0691145414026550,-7.5896047928693777,1.9471888133709634,0.0009755941643023,-0.0035471730845877,0.6920216700398681,0.7218673520629441
2061,39,842000000,39.842000000,14.0690948147887482,-7.5894978552948551,1.9392676848828581,0.0009190097038862,-0.0035789356969853,0.6920180709245503,0.7218707198344487
2062,39,858000000,39.858000000,14.0690741457814870,-7.5894161265578566,1.9327301672839354,0.0008714907493510,-0.0036053627875432,0.6920150049776630,0.7218735864047174
2063,39,864000000,39.864000000,14.0690464652751643,-7.5893374027606813,1.9256073995118526,0.0008142049896723,-0.0036289057783958,0.6920115663035008,0.7218768317485067
2064,39,874000000,39.874000000,14.0690120476921283,-7.5892747832696026,1.9185573111675867,0.0007470592787445,-0.0036381805559431,0.6920081106283432,0.7218801703671234
2065,39,891000000,39.891000000,14.0689422216876032,-7.5892131747588376,1.9078008478418036,0.0006226891949760,-0.0036144119768277,0.6920028298590113,0.7218854699682966
2066,39,914000000,39.914000000,14.0688491500615154,-7.5891952902409772,1.8972011045393686,0.0004747216508569,-0.0035378408626921,0.6919976782064845,0.7218909001214929
2067,39,925000000,39.925000000,14.0687311486418665,-7.5892176903983595,1.8867453987763294,0.0003088406057654,-0.0034096876908720,0.6919926708146376,0.7218964068245218
2068,39,945000000,39.945000000,14.0685892879232703,-7.5892731252335128,1.8764175584626883,0.0001322660896256,-0.0032400508540034,0.6919877423212033,0.7219019663731003
2069,39,960000000,39.960000000,14.0684250086468943,-7.5893541658707973,1.8662033558050577,-0.0000481496911201,-0.0030393747486990,0.6919828348552237,0.7219075537411090
2070,39,985000000,39.985000000,14.0682290454318455,-7.5894601068358867,1.8554965240470813,-0.0002376517962160,-0.0028048030442476,0.6919776177764955,0.7219134664887981
2071,39,993000000,39.993000000,14.0680372631455448,-7.5895649880533860,1.8460596616154534,-0.0003988849177663,-0.0025861522709381,0.6919729302384049,0.7219187049277290
2072,40,13000000,40.013000000,14.0678034012182351,-7.5896899119438963,1.8355223246040058,-0.0005691321905028,-0.0023353959697966,0.6919675738575661,0.7219245796784368
2073,40,28000000,40.028000000,14.0675681140937545,-7.5898098492983141,1.8256343974852092,-0.0007184470284351,-0.0021024221301920,0.6919624182667649,0.7219301042077859
2074,40,49000000,40.049000000,14.0673206396188384,-7.5899289525426301,1.8157993825810703,-0.0008569160975857,-0.0018768435205869,0.6919571775550076,0.7219355979471496
2075,40,63000000,40.063000000,14.0670611327005890,-7.5900453860255332,1.8060065270211241,-0.0009836145901714,-0.0016587125288197,0.6919518811341626,0.7219410470183686
2076,40,83000000,40.083000000,14.0667733041924627,-7.5901640985513836,1.7956746741744494,-0.0011041523534533,-0.0014353603443059,0.6919462520017462,0.7219467466018519
2077,40,97000000,40.097000000,14.0664910911634493,-7.5902693784555337,1.7859437385320960,-0.0012055230681512,-0.0012354296490540,0.6919408901092623,0.7219520933015682
2078,40,114000000,40.114000000,14.0662002318024779,-7.5903653768126116,1.7762313655954498,-0.0012940493353408,-0.0010496338667942,0.6919354604803741,0.7219574379663084
2079,40,131000000,40.131000000,14.0659017753489746,-7.5904510564017107,1.7665326674787443,-0.0013706709982563,-0.0008787934938331,0.6919299689193366,0.7219627878875031
2080,40,148000000,40.148000000,14.0655954402913022,-7.5905273122799768,1.7568403875983107,-0.0014371485858413,-0.0007191639090349,0.6919244491231321,0.7219681254133483
2081,40,165000000,40.165000000,14.0652815933445865,-7.5905940305937181,1.7471514989077050,-0.0014945649763630,-0.0005695652995424,0.6919189271105578,0.7219734345369473
2082,40,189000000,40.189000000,14.0649422426474242,-7.5906518510286896,1.7368900210829712,-0.0015441726322649,-0.0004253069679013,0.6919130874228852,0.7219790260788714
2083,40,200000000,40.200000000,14.0646343205226181,-7.5906917114704733,1.7277636274896353,-0.0015781073142564,-0.0003081463974338,0.6919079130646936,0.7219839710558420
2084,40,221000000,40.221000000,14.0643409526935272,-7.5907207584981791,1.7192010537179181,-0.0016047784649830,-0.0002054487930852,0.6919030730441327,0.7219885871597677
2085,40,231000000,40.231000000,14.0640031286762017,-7.5907436619675206,1.7094846865609759,-0.0016290331469244,-0.0000968278605926,0.6918976500649024,0.7219937525422484
2086,40,250000000,40.250000000,14.0637203377050799,-7.5907541967359347,1.7014727929723741,-0.0016434474182080,-0.0000127181760059,0.6918932402642863,0.7219979522099894
2087,40,260000000,40.260000000,14.0634131974151320,-7.5907570160179310,1.6928748137918463,-0.0016538629934103,0.0000720130788862,0.6918885480291559,0.7220024215038492
2088,40,282000000,40.282000000,14.0630603543997346,-7.5907490590514559,1.6831102659096109,-0.0016592328237515,0.0001607863038425,0.6918833030389313,0.7220074210630660
2089,40,294000000,40.294000000,14.0627023370082487,-7.5907297457033032,1.6733233554079612,-0.0016583376284188,0.0002437218932841,0.6918781668013501,0.7220123217920538
2090,40,312000000,40.312000000,14.0623398890942770,-7.5906980843238543,1.6635118517462122,-0.0016507034484623,0.0003192460391150,0.6918731461328067,0.7220171209330035
2091,40,328000000,40.328000000,14.0619740777340922,-7.5906536931907755,1.6536769980833206,-0.0016371711180202,0.0003860907066341,0.6918682630620965,0.7220217982665996
2092,40,349000000,40.349000000,14.0616052819843791,-7.5905988715278756,1.6438153906299167,-0.0016214951834685,0.0004477312704435,0.6918635261368429,0.7220263371176799
2093,40,362000000,40.362000000,14.0612331630259231,-7.5905339975212085,1.6339281044455825,-0.0016035466725163,0.0005059142300036,0.6918589428610982,0.7220307305592919
2094,40,379000000,40.379000000,14.0609018968332578,-7.5904677997211616,1.6251815454627043,-0.0015844811573837,0.0005542833787193,0.6918550241711783,0.7220344920559518
2095,40,393000000,40.393000000,14.0605462280144433,-7.5903875179729381,1.6158274790059286,-0.0015609612200405,0.0006016616307781,0.6918509698892145,0.7220383901612885
2096,40,410000000,40.410000000,14.0602105682980749,-7.5903045072289475,1.6070361781581550,-0.0015375998131696,0.0006444930474004,0.6918472821288276,0.7220419368890429
2097,40,425000000,40.425000000,14.0598273820035011,-7.5902010424823789,1.5970441812951932,-0.0015085423222883,0.0006914512756571,0.6918432505377422,0.7220458177155837
2098,40,451000000,40.451000000,14.0595090824811191,-7.5901057865340293,1.5887938779185908,-0.0014777523810235,0.0007263407149617,0.6918400731625074,0.7220488915880715
2099,40,457000000,40.457000000,14.0590962556898997,-7.5899705697171500,1.5781564915392345,-0.0014295625099524,0.0007674059902280,0.6918361549081898,0.7220527004318504
2100,40,482000000,40.482000000,14.0587497259132164,-7.5898487320982113,1.5692648501004860,-0.0013850593331686,0.0008004100292562,0.6918330604590854,0.7220557162783522
2101,40,490000000,40.490000000,14.0583548157462541,-7.5897013402608655,1.5591591121248398,-0.0013312448280808,0.0008370739002680,0.6918297540372268,0.7220589439396783
2102,40,511000000,40.511000000,14.0579351948194002,-7.5895342018020759,1.5484232989370723,-0.0012706930776197,0.0008734849593049,0.6918264930989337,0.7220621343136333
2103,40,521000000,40.521000000,14.0576080287097120,-7.5893957607601594,1.5400498076104754,-0.0012200840081725,0.0008991829348702,0.6918241324991604,0.7220644518025013
2104,40,544000000,40.544000000,14.0572101269648844,-7.5892189471791589,1.5298530969905937,-0.0011561167580712,0.0009288902098168,0.6918214798490140,0.7220670609967886
2105,40,555000000,40.555000000,14.0568121664401815,-7.5890336079949110,1.5196238393450181,-0.0010911001424184,0.0009577731156970,0.6918190723141628,0.7220694311169178
2106,40,570000000,40.570000000,14.0564603653363971,-7.5888622414218885,1.5105722075950343,-0.0010302624110077,0.0009826613407489,0.6918171575011183,0.7220713216318224
2107,40,587000000,40.587000000,14.0560850097482870,-7.5886705321467147,1.5008886495134146,-0.0009607207942932,0.0010067855114934,0.6918153613525647,0.7220731051597958
2108,40,609000000,40.609000000,14.0556868954412675,-7.5884581423812056,1.4905702156976954,-0.0008840251143919,0.0010307019138429,0.6918137506521289,0.7220747125899064
2109,40,621000000,40.621000000,14.0552898623849050,-7.5882367848784806,1.4802199636833395,-0.0008040563683441,0.0010525478481749,0.6918124676691173,0.7220760037654972
2110,40,637000000,40.637000000,14.0548947622001617,-7.5880071143559409,1.4698378786852153,-0.0007220734676048,0.0010722155422087,0.6918115020467440,0.7220769866153930
2111,40,654000000,40.654000000,14.0545023873162318,-7.5877709202585581,1.4594248455102246,-0.0006409210880698,0.0010912832092271,0.6918108570677649,0.7220776525861194
2112,40,680000000,40.680000000,14.0541124957267520,-7.5875272413989370,1.4489792023117771,-0.0005578737846985,0.0011089247435707,0.6918105474210243,0.7220779913138027
2113,40,688000000,40.688000000,14.0537260043431651,-7.5872745200157610,1.4385031736259077,-0.0004709631228677,0.0011217375740529,0.6918105511193503,0.7220780298960028
2114,40,700000000,40.700000000,14.0534558130366580,-7.5870916366830512,1.4310885338673172,-0.0004089862223475,0.0011284332693536,0.6918107371725921,0.7220778789724424
2115,40,722000000,40.722000000,14.0530769368166109,-7.5868283612580534,1.4205575686200460,-0.0003230029322946,0.0011375027237034,0.6918112785053809,0.7220773896816114
2116,40,728000000,40.728000000,14.0528344660175151,-7.5866551438742382,1.4137271121364723,-0.0002680821764391,0.0011424227978577,0.6918117962362534,0.7220769083625830
2117,40,754000000,40.754000000,14.0526160040595691,-7.5864956402078114,1.4075054721662559,-0.0002184487354645,0.0011459427843792,0.6918123728291918,0.7220763670801918
2118,40,756000000,40.756000000,14.0522485505797103,-7.5862207697838002,1.3969031137259615,-0.0001347089369963,0.0011514583090589,0.6918135725029765,0.7220752293895240
2119,40,779000000,40.779000000,14.0519287390598180,-7.5859749109611565,1.3875231807601456,-0.0000620908077946,0.0011562168996484,0.6918148545426307,0.7220740033690254
2120,40,787000000,40.787000000,14.0515719504853660,-7.5856926095497474,1.3768622113377873,0.0000185147001142,0.0011606733559566,0.6918165410940565,0.7220723827728232
2121,40,812000000,40.812000000,14.0512615500807634,-7.5854395601597711,1.3674306720639873,0.0000907688243452,0.0011636377906147,0.6918182320469825,0.7220707524304667
2122,40,819000000,40.819000000,14.0509144983545706,-7.5851496833988969,1.3567120717718988,0.0001730765105188,0.0011682994714422,0.6918203942263764,0.7220686582682617
2123,40,833000000,40.833000000,14.0506337829119179,-7.5849091972679563,1.3478613516140339,0.0002389130087945,0.0011722337154233,0.6918223528529942,0.7220667565271495
2124,40,853000000,40.853000000,14.0503000141002286,-7.5846137036336030,1.3370871907821218,0.0003179534566023,0.0011738915959771,0.6918249374534658,0.7220642470041211
2125,40,875000000,40.875000000,14.0499739336636402,-7.5843135281288463,1.3262812338931056,0.0003982813183905,0.0011710116894330,0.6918277372213318,0.7220615293136912
2126,40,884000000,40.884000000,14.0496542290942195,-7.5840118768221378,1.3154458777134108,0.0004779068616917,0.0011700784760567,0.6918307419055061,0.7220586036298358
2127,40,908000000,40.908000000,14.0493406509409233,-7.5837092773341190,1.3045795271921581,0.0005572972160313,0.0011721684399149,0.6918339360251832,0.7220554829130958
2128,40,918000000,40.918000000,14.0490348856830760,-7.5834056714761156,1.2936821092886421,0.0006350275939604,0.0011746811430609,0.6918373131261724,0.7220521788835801
2129,40,936000000,40.936000000,14.0487387662359300,-7.5831019685418157,1.2827537718439244,0.0007080028911513,0.0011761863219577,0.6918408771793856,0.7220486936358936
2130,40,951000000,40.951000000,14.0484691094909770,-7.5828153038173483,1.2724390020321052,0.0007738416212843,0.0011752696576209,0.6918444063596263,0.7220452460194399
2131,40,974000000,40.974000000,14.0481754902743603,-7.5824919193256211,1.2608041871096978,0.0008463998815132,0.0011727122664573,0.6918485860603940,0.7220411638676940
2132,40,986000000,40.986000000,14.0479082765936614,-7.5821848034822548,1.2497838283790155,0.0009145978383478,0.0011666315039626,0.6918526993220802,0.7220371492675979
2133,41,11000000,41.011000000,14.0476673795041229,-7.5818952046380739,1.2393858290140809,0.0009754261702366,0.0011565035191901,0.6918567015406980,0.7220332510186924
2134,41,20000000,41.020000000,14.0474220202677191,-7.5815871345574095,1.2283096465974155,0.0010378051831158,0.0011422123852515,0.6918610902522971,0.7220289814863192
2135,41,41000000,41.041000000,14.0471868726018894,-7.5812786730080433,1.2172041084520762,0.0010995571881616,0.0011251310698377,0.6918655666353408,0.7220246275290230
2136,41,52000000,41.052000000,14.0469752176574438,-7.5809902830258027,1.2067265244091976,0.0011538439407869,0.0011090808296604,0.6918698422720791,0.7220204705811892
2137,41,69000000,41.069000000,14.0467613723474170,-7.5806851670451669,1.1955658716658195,0.0012080598922790,0.0010896168463626,0.6918744196095364,0.7220160253182695
2138,41,86000000,41.086000000,14.0465588141977449,-7.5803793411888947,1.1843789135827920,0.0012624746543896,0.0010646421204017,0.6918789989433182,0.7220115812894518
2139,41,104000000,41.104000000,14.0463658364694961,-7.5800748832664349,1.1731644243349544,0.0013170146336485,0.0010393516213110,0.6918835907921899,0.7220071204726223
2140,41,120000000,41.120000000,14.0461828026891276,-7.5797729409557206,1.1619241954114365,0.0013700558246584,0.0010145340424219,0.6918881798517807,0.7220026594473902
2141,41,137000000,41.137000000,14.0460121288817827,-7.5794734969980748,1.1506593049682357,0.0014187570124217,0.0009862615683277,0.6918927283122089,0.7219982457910450
2142,41,153000000,41.153000000,14.0458628763581395,-7.5791928715244117,1.1400345133665881,0.0014625772338150,0.0009545135954586,0.6918969682284490,0.7219941378764178
2143,41,171000000,41.171000000,14.0457163559750295,-7.5788968091394393,1.1287251247694656,0.0015063111203511,0.0009161705542864,0.6919014312106515,0.7219898206671451
2144,41,187000000,41.187000000,14.0455817301187320,-7.5786029928503824,1.1173928699884785,0.0015482207863012,0.0008735241406723,0.6919058173385108,0.7219855815049908
2145,41,204000000,41.204000000,14.0454587743776678,-7.5783151289391917,1.1060410154528806,0.0015835713442414,0.0008317025496044,0.6919101262918753,0.7219814247661971
2146,41,220000000,41.220000000,14.0453532456443657,-7.5780482388627526,1.0953383973066360,0.0016139270419664,0.0007913437196816,0.6919141242227398,0.7219775714769120
2147,41,237000000,41.237000000,14.0452517788871152,-7.5777699761685771,1.0839484545062743,0.0016421442465811,0.0007486290850229,0.6919183169693338,0.7219735352207108
2148,41,254000000,41.254000000,14.0451619850919727,-7.5774970128757904,1.0725412685109028,0.0016657593317080,0.0007043190659210,0.6919224627082732,0.7219695525298975
2149,41,271000000,41.271000000,14.0450841509714994,-7.5772273881418917,1.0611157268906624,0.0016875086048568,0.0006546582492671,0.6919264845887739,0.7219656942417044
2150,41,288000000,41.288000000,14.0450185086709105,-7.5769628419147255,1.0496747465096485,0.0017047003138563,0.0006012078318420,0.6919303639040155,0.7219619824157221
2151,41,305000000,41.305000000,14.0449640761009960,-7.5767045458133886,1.0382157508921015,0.0017171309930735,0.0005464685315943,0.6919340758541420,0.7219584389043258
2152,41,322000000,41.322000000,14.0449207736473234,-7.5764512749215260,1.0267412405186971,0.0017268600473316,0.0004881719041343,0.6919375631777892,0.7219551151603208
2153,41,339000000,41.339000000,14.0448885760523385,-7.5762044597248828,1.0152505870327446,0.0017318595831205,0.0004277153765366,0.6919408103358594,0.7219520293715472
2154,41,355000000,41.355000000,14.0448676658310294,-7.5759797487713447,1.0044210572916104,0.0017308181568189,0.0003717379393288,0.6919436290058468,0.7219493613527417
2155,41,372000000,41.372000000,14.0448550185300309,-7.5757471338421141,0.9929002351930025,0.0017270112239531,0.0003104550565434,0.6919463661238604,0.7219467760561540
2156,41,390000000,41.390000000,14.0448519586487812,-7.5755093807246494,0.9806834193165764,0.0017179756671228,0.0002457320496615,0.6919489831475466,0.7219443142628407
2157,41,406000000,41.406000000,14.0448573702039035,-7.5753068532286427,0.9698111910014827,0.0017045126916615,0.0001908942521425,0.6919510668028703,0.7219423656679514
2158,41,424000000,41.424000000,14.0448733757545341,-7.5750869154684475,0.9575637398109829,0.0016849101176983,0.0001274913866881,0.6919530905788506,0.7219404859558844
2159,41,441000000,41.441000000,14.0448982148368362,-7.5748860379121101,0.9459829484151536,0.0016629601101002,0.0000639100766127,0.6919546758372640,0.7219390258644571
2160,41,465000000,41.465000000,14.0449323943956745,-7.5746935288387780,0.9343887392050066,0.0016349580929843,-0.0000013979471308,0.6919559616335135,0.7219378602552435
2161,41,475000000,41.475000000,14.0449734735289589,-7.5745100488064860,0.9227809975932044,0.0016030449453358,-0.0000646061334708,0.6919569884329713,0.7219369447754586
2162,41,491000000,41.491000000,14.0450170720567851,-7.5743446933171787,0.9118453607478270,0.0015724001718585,-0.0001221039202486,0.6919577109000266,0.7219363122702219
2163,41,506000000,41.506000000,14.0450623257892282,-7.5741951179843205,0.9015818325416792,0.0015442672227425,-0.0001762789057741,0.6919581324776519,0.7219359577293074
2164,41,531000000,41.531000000,14.0451190624237352,-7.5740342768722231,0.8899390713478222,0.0015088383216968,-0.0002358095102683,0.6919582848686762,0.7219358695911943
2165,41,540000000,41.540000000,14.0451821622674515,-7.5738816991820341,0.8782842281990557,0.0014698174374580,-0.0002962303929703,0.6919580639533468,0.7219361395678920
2166,41,557000000,41.557000000,14.0452503588062889,-7.5737384336458602,0.8666179079858507,0.0014269697561283,-0.0003548481973463,0.6919574778629046,0.7219367608521399
2167,41,574000000,41.574000000,14.0453222689510184,-7.5736048574618584,0.8549414130551227,0.0013811897174743,-0.0004097354609457,0.6919565577148443,0.7219377027605912
2168,41,596000000,41.596000000,14.0453976521585329,-7.5734788258796453,0.8432534159331967,0.0013354456056128,-0.0004642190174046,0.6919553025560382,0.7219389588810954
2169,41,608000000,41.608000000,14.0454754236740627,-7.5733590213249755,0.8315567649638739,0.0012927040689322,-0.0005191869834689,0.6919537313273285,0.7219405052102658
2170,41,630000000,41.630000000,14.0455546705276273,-7.5732465804819391,0.8198495410375162,0.0012520388726033,-0.0005722756124951,0.6919518589292719,0.7219423313697637
2171,41,643000000,41.643000000,14.0456348947968888,-7.5731435336600459,0.8081341873505375,0.0012106486921770,-0.0006204509142324,0.6919497033327011,0.7219444282132760
2172,41,659000000,41.659000000,14.0457154956076824,-7.5730498916057050,0.7964103321173622,0.0011688671450811,-0.0006633459931700,0.6919472779947926,0.7219467834939689
2173,41,676000000,41.676000000,14.0457954965476244,-7.5729648425045584,0.7846781536781560,0.0011287870455753,-0.0007011475252618,0.6919446236084392,0.7219493556277538
2174,41,702000000,41.702000000,14.0458748165043783,-7.5728872346352789,0.7729391313279323,0.0010917554511835,-0.0007358051476866,0.6919417667537836,0.7219521161977934
2175,41,710000000,41.710000000,14.0459530822087633,-7.5728183064136534,0.7611918646319726,0.0010559992414002,-0.0007653751895700,0.6919387365942817,0.7219550428293514
2176,41,729000000,41.729000000,14.0460299231163255,-7.5727600966892821,0.7494393422693109,0.0010185846032786,-0.0007867306026154,0.6919355556660326,0.7219581222934636
2177,41,744000000,41.744000000,14.0461051963133681,-7.5727114697024636,0.7376796945847560,0.0009809436329382,-0.0008015053868849,0.6919322322883456,0.7219613433274463
2178,41,763000000,41.763000000,14.0461789497040641,-7.5726716883285157,0.7259150352887686,0.0009436554094537,-0.0008109858769202,0.6919287568196429,0.7219647133360461
2179,41,777000000,41.777000000,14.0462459875300389,-7.5726434031594199,0.7148376992838316,0.0009082850079295,-0.0008121471870098,0.6919253722697816,0.7219680011223594
2180,41,796000000,41.796000000,14.0463179378978431,-7.5726198614781284,0.7023698417131011,0.0008721805253968,-0.0008067248245213,0.6919214303915199,0.7219718295481770
2181,41,812000000,41.812000000,14.0463799608992108,-7.5726047458207457,0.6905909890793052,0.0008462861253577,-0.0007925067926719,0.6919175816199230,0.7219755646682336
2182,41,833000000,41.833000000,14.0464379681804896,-7.5725995877383117,0.6788065574151428,0.0008209996202713,-0.0007675199918693,0.6919135908050791,0.7219794455051384
2183,41,845000000,41.845000000,14.0464904578346719,-7.5726027481674452,0.6677119794859039,0.0007968621541150,-0.0007377722436345,0.6919097035574143,0.7219832289090343
2184,41,868000000,41.868000000,14.0465439819618929,-7.5726129424255770,0.6559187935181606,0.0007730661990181,-0.0007015614395137,0.6919054484543967,0.7219873687117516
2185,41,879000000,41.879000000,14.0465960817751370,-7.5726288963992525,0.6441216114057497,0.0007515337272670,-0.0006633422299176,0.6919010873957231,0.7219916069004949
2186,41,902000000,41.902000000,14.0466456132832871,-7.5726516960073722,0.6323208282884860,0.0007320142931423,-0.0006194037934161,0.6918966479648718,0.7219959203686609
2187,41,913000000,41.913000000,14.0466913182376150,-7.5726815226993569,0.6205145148082230,0.0007157838813315,-0.0005670856406469,0.6918921924658603,0.7220002493573644
2188,41,930000000,41.930000000,14.0467337742884890,-7.5727159081957502,0.6087047354047515,0.0007054943414588,-0.0005101614539260,0.6918877202648407,0.7220045876306789
2189,41,947000000,41.947000000,14.0467738323400972,-7.5727566356478109,0.5968899298941759,0.0006971332032564,-0.0004466802139543,0.6918832604351296,0.7220089115874803
2190,41,964000000,41.964000000,14.0468125168228806,-7.5728061824199102,0.5850730608186455,0.0006854426970917,-0.0003738936825138,0.6918788156088396,0.7220132234824598
2191,41,981000000,41.981000000,14.0468507602549835,-7.5728608279846865,0.5732529137243733,0.0006744809269675,-0.0002976523584462,0.6918743814569646,0.7220175183207782
2192,41,996000000,41.996000000,14.0468831292049749,-7.5729102663410668,0.5628208070595564,0.0006712261172458,-0.0002295980041307,0.6918705080077203,0.7220212579207034
2193,42,9000000,42.009000000,14.0469110828518176,-7.5729546060331456,0.5537778123191452,0.0006710446580129,-0.0001701212620835,0.6918671894784183,0.7220244544896368
2194,42,27000000,42.027000000,14.0469503294081157,-7.5730207218067518,0.5412524089182456,0.0006702042734660,-0.0000837785906989,0.6918626594012021,0.7220288112905715
2195,42,44000000,42.044000000,14.0469875793330132,-7.5730875910599629,0.5294211145964299,0.0006702358315357,0.0000026565905492,0.6918584629843346,0.7220328371852810
2196,42,61000000,42.061000000,14.0470254642675929,-7.5731577108550416,0.5175867759725796,0.0006719610629505,0.0000926824563026,0.6918543683489630,0.7220367531329341
2197,42,77000000,42.077000000,14.0470622952123865,-7.5732254950062279,0.5064463803841741,0.0006760466847287,0.0001790542283322,0.6918506101287798,0.7220403341676270
2198,42,94000000,42.094000000,14.0471038638976218,-7.5732987271955841,0.4946078689737780,0.0006823686200491,0.0002708224202234,0.6918467380168973,0.7220440098246516
2199,42,108000000,42.108000000,14.0471396702698055,-7.5733620498417151,0.4848556465245938,0.0006864944566440,0.0003505518354594,0.6918436673620423,0.7220469138288809
2200,42,132000000,42.132000000,14.0471824484298402,-7.5734372912151802,0.4737096786593556,0.0006905753957224,0.0004462885531516,0.6918402870437858,0.7220500960150357
2201,42,139000000,42.139000000,14.0472223014901214,-7.5735034208556682,0.4639550981721024,0.0006957772365739,0.0005304714375348,0.6918374264613569,0.7220527749696815
2202,42,152000000,42.152000000,14.0472651585682637,-7.5735696801580508,0.4541986055797747,0.0007016875679475,0.0006144134165124,0.6918346598918392,0.7220553534896432
2203,42,166000000,42.166000000,14.0473085347359188,-7.5736312562282331,0.4451389375594689,0.0007066762096310,0.0006912960032831,0.6918321624663574,0.7220576720011319
2204,42,181000000,42.181000000,14.0473635373215338,-7.5737037775094862,0.4346837216313146,0.0007088070187127,0.0007804372392975,0.6918293588468200,0.7220602653158003
2205,42,198000000,42.198000000,14.0474366944281712,-7.5737899673463192,0.4221353978163136,0.0007103815120401,0.0008846993804639,0.6918260705098314,0.7220632941979805
2206,42,223000000,42.223000000,14.0475137737972560,-7.5738683188794136,0.4102823891558900,0.0007130126272649,0.0009772092427122,0.6918230510832118,0.7220660653049727
2207,42,232000000,42.232000000,14.0475993223023057,-7.5739446893802267,0.3984263039967849,0.0007142889216393,0.0010653413015458,0.6918201104264119,0.7220687568707255
2208,42,249000000,42.249000000,14.0476870785406813,-7.5740149137685719,0.3872671381715421,0.0007147349194872,0.0011461576323570,0.6918174186680889,0.7220712116572015
2209,42,264000000,42.264000000,14.0477831847652510,-7.5740812883276663,0.3761053206675836,0.0007158832358021,0.0012205366841297,0.6918147950539786,0.7220736023050676
2210,42,281000000,42.281000000,14.0478945012418635,-7.5741495746790211,0.3642447076200676,0.0007148460922622,0.0012960986254862,0.6918121255470346,0.7220760292860520
2211,42,298000000,42.298000000,14.0480141796210543,-7.5742157720738676,0.3523823445592200,0.0007127347794513,0.0013708936126029,0.6918095848710977,0.7220783274273759
2212,42,315000000,42.315000000,14.0481436795932453,-7.5742762569798376,0.3405177961256219,0.0007128222730325,0.0014384092844236,0.6918071348924973,0.7220805432740668
2213,42,331000000,42.331000000,14.0482763182830084,-7.5743257980060053,0.3293515635552619,0.0007155874042111,0.0014902422313135,0.6918048876342484,0.7220825884607133
2214,42,349000000,42.349000000,14.0484382590835324,-7.5743744995615492,0.3167870401897661,0.0007191773629728,0.0015374092574123,0.6918024116528040,0.7220848581628478
2215,42,366000000,42.366000000,14.0486029665476462,-7.5744171502613691,0.3049199744720757,0.0007187263645740,0.0015775160733459,0.6918001287566321,0.7220869592561262
2216,42,381000000,42.381000000,14.0487581729944502,-7.5744512531720147,0.2944468348714568,0.0007158973738200,0.0016079008292152,0.6917981452632725,0.7220887953404136
2217,42,399000000,42.399000000,14.0489567172473286,-7.5744856758426033,0.2818772115969170,0.0007125149901111,0.0016353901990546,0.6917958018308983,0.7220909820725019
2218,42,414000000,42.414000000,14.0491320682425709,-7.5745076313746162,0.2714020938691579,0.0007121215467570,0.0016496918577270,0.6917938693124204,0.7220928013638046
2219,42,429000000,42.429000000,14.0493160828275858,-7.5745254417295289,0.2609246355098903,0.0007114480773764,0.0016595870141407,0.6917919831033370,0.7220945864126999
2220,42,446000000,42.446000000,14.0495346975145470,-7.5745421159854107,0.2490495464114047,0.0007086805872522,0.0016683210835253,0.6917899548132785,0.7220965121755052
2221,42,463000000,42.463000000,14.0497644401850703,-7.5745530231261746,0.2371715313880805,0.0007061476259781,0.0016709114037188,0.6917880446450043,0.7220983386609146
2222,42,480000000,42.480000000,14.0500051262420804,-7.5745592393308625,0.2252921060970544,0.0007024680878956,0.0016691747369584,0.6917862217264411,0.7221000926628788
2223,42,498000000,42.498000000,14.0502723145287565,-7.5745604161079134,0.2127124650259838,0.0006971002310915,0.0016615191705686,0.6917843801119778,0.7221018798191847
2224,42,515000000,42.515000000,14.0505355406641499,-7.5745574142305303,0.2008291806195708,0.0006901925236248,0.0016512362904311,0.6917827460584806,0.7221034754858761
2225,42,531000000,42.531000000,14.0507924462033849,-7.5745502491810814,0.1896438609723668,0.0006837090065788,0.0016384667035754,0.6917813037834798,0.7221048924529485
2226,42,545000000,42.545000000,14.0510248602367440,-7.5745393268755015,0.1798539626046851,0.0006792951574459,0.0016224852299900,0.6917801173768978,0.7221060692874510
2227,42,571000000,42.571000000,14.0513335520950129,-7.5745210057727839,0.1672652769357488,0.0006729720239625,0.0015989762127671,0.6917785753695006,0.7221076048924220
2228,42,579000000,42.579000000,14.0516178168215671,-7.5745001702824624,0.1560723961721187,0.0006666420044930,0.0015734732603315,0.6917772330370646,0.7221089527363025
2229,42,596000000,42.596000000,14.0519301382911266,-7.5744728727447761,0.1441768800150146,0.0006596358496835,0.0015404608301772,0.6917758783426867,0.7221103281384229
2230,42,613000000,42.613000000,14.0522522138227597,-7.5744410127906532,0.1322793734384485,0.0006523380277886,0.0015032936469099,0.6917745952729583,0.7221116422674844
2231,42,630000000,42.630000000,14.0525838452389529,-7.5744055707918454,0.1203776988923260,0.0006434672812554,0.0014631900812329,0.6917733792464219,0.7221128975379335
2232,42,653000000,42.653000000,14.0529243065062879,-7.5743670310946687,0.1084741744791126,0.0006332286585655,0.0014214411927579,0.6917722149882544,0.7221141053162206
2233,42,664000000,42.664000000,14.0532742280172620,-7.5743253173380145,0.0965665390500849,0.0006206996433721,0.0013764704782221,0.6917710674626614,0.7221153026231651
2234,42,689000000,42.689000000,14.0536336470353831,-7.5742814698859426,0.0846563745694836,0.0006041237098993,0.0013291668958872,0.6917699180660777,0.7221165063954418
2235,42,698000000,42.698000000,14.0540022605156896,-7.5742343909015153,0.0727429331812970,0.0005853646449517,0.0012778349857196,0.6917687492738360,0.7221177341778100
2236,42,721000000,42.721000000,14.0543799791963284,-7.5741831823092047,0.0608253314404481,0.0005656573258635,0.0012207004147284,0.6917675466604531,0.7221190007953433
2237,42,732000000,42.732000000,14.0547663583837288,-7.5741297166781996,0.0489052331542184,0.0005426108815665,0.0011604211819562,0.6917663145851221,0.7221202981508204
2238,42,749000000,42.749000000,14.0551600978658033,-7.5740757416025613,0.0369805498581387,0.0005151980370053,0.0011006970196821,0.6917650935524895,0.7221215814385891
2239,42,767000000,42.767000000,14.0555843619064422,-7.5740180572398339,0.0243523572378404,0.0004819660938864,0.0010382951660222,0.6917638445542085,0.7221228932940802
2240,42,784000000,42.784000000,14.0559914798680765,-7.5739622019567747,0.0124218271570259,0.0004482678500035,0.0009789475483967,0.6917626920586405,0.7221241019336044
2241,42,801000000,42.801000000,14.0564045212005375,-7.5739050089735720,0.0004888343585997,0.0004123744669527,0.0009189529264227,0.6917615592763652,0.7221252873154007
2242,42,822000000,42.822000000,14.0568236783248199,-7.5738471516623189,-0.0114472869275222,0.0003725849261751,0.0008582694018325,0.6917604392363197,0.7221264565584623
2243,42,835000000,42.835000000,14.0572492935838724,-7.5737897317285885,-0.0233871441604427,0.0003263027761669,0.0007972372012784,0.6917593467796519,0.7221275954305669
2244,42,856000000,42.856000000,14.0577059533815891,-7.5737291296274876,-0.0360319716423274,0.0002715137519412,0.0007325708174715,0.6917582491865226,0.7221287380396081
2245,42,870000000,42.870000000,14.0581414431742804,-7.5736693811840219,-0.0479791858882305,0.0002197940388206,0.0006690369760642,0.6917572199112761,0.7221298032768951
2246,42,890000000,42.890000000,14.0585800174624680,-7.5736055842773444,-0.0599292614759919,0.0001713009937132,0.0006015453337048,0.6917561783088105,0.7221308735754000
2247,42,902000000,42.902000000,14.0589692867685550,-7.5735483101158403,-0.0704772993142065,0.0001275804050868,0.0005418699392183,0.6917552595695358,0.7221318099613764
2248,42,920000000,42.920000000,14.0594386923790875,-7.5734798126835541,-0.0831382095553000,0.0000720170358338,0.0004722004137084,0.6917541337975254,0.7221329449722891
2249,42,937000000,42.937000000,14.0598839321486668,-7.5734139416989574,-0.0950989000693186,0.0000184597704999,0.0004061113808589,0.6917530319923546,0.7221340439711783
2250,42,956000000,42.956000000,14.0607961374154566,-7.5724863613470088,-0.1034216995270283,0.0000193608082378,-0.0057247874283699,0.6919314269895862,0.7219405285605001
2251,42,966000000,42.966000000,14.0610293068662848,-7.5714680573676993,-0.1055997763562113,0.0014654196848359,-0.0134305753394450,0.6923222419907676,0.7214619778173176
2252,42,983000000,42.983000000,14.0590427062044281,-7.5727375226043128,-0.1062555474720166,0.0046099154366430,-0.0162863787473748,0.6934583738340807,0.7202978455516554
2253,43,1000000,43.001000000,14.0564341791600285,-7.5772218766341650,-0.1059694523387877,0.0043045046002624,-0.0132034302948616,0.6949563091775076,0.7189178457953117
2254,43,20000000,43.020000000,14.0552232508736346,-7.5806715068897574,-0.1055510690729352,0.0033253575950018,-0.0126506793028985,0.6962055071152250,0.7177233409695363
2255,43,34000000,43.034000000,14.0539868817172202,-7.5840627764281558,-0.1050263513098868,0.0026538089724416,-0.0126633726609253,0.6974779686294452,0.7164894134370241
2256,43,61000000,43.061000000,14.0526962863318676,-7.5871352191688226,-0.1045495695601531,0.0022527950738884,-0.0123754861744103,0.6985625606952672,0.7154384117806180
2257,43,67000000,43.067000000,14.0508899298642103,-7.5910676740316143,-0.1040097725009729,0.0018043476036475,-0.0114280987559691,0.6998141020842950,0.7142313108597950
2258,43,95000000,43.095000000,14.0490174591344203,-7.5949652429019645,-0.1035523556151152,0.0013707973581653,-0.0101440658800711,0.7009357943565055,0.7131509174304118
2259,43,96000000,43.096000000,14.0476414377725423,-7.5977688222098081,-0.1032666482943916,0.0010755405900300,-0.0091446185469240,0.7016880763608645,0.7124247768410782
2260,43,112000000,43.112000000,14.0457649739776471,-7.6015322908851575,-0.1029397599060426,0.0007137408439405,-0.0077831294206553,0.7026368394571653,0.7115057169890308
2261,43,133000000,43.133000000,14.0439715773855678,-7.6050707468727285,-0.1026917737960516,0.0004149716836567,-0.0065023760550949,0.7034677643683626,0.7106972994170710
2262,43,144000000,43.144000000,14.0419029478583202,-7.6090863563287208,-0.1024839615766038,0.0001239340699189,-0.0050464512643873,0.7043389464489463,0.7098458751624684
2263,43,161000000,43.161000000,14.0398087323905632,-7.6130964530061283,-0.1023543401949492,-0.0001222522425513,-0.0036051390155429,0.7051329164704576,0.7090659758703238
2264,43,187000000,43.187000000,14.0377014013409820,-7.6170889499922190,-0.1023046540025855,-0.0003273040762668,-0.0021980317487093,0.7058487654070313,0.7083590769530966
2265,43,194000000,43.194000000,14.0357172675745048,-7.6208201553012751,-0.1023321541736439,-0.0004864735553893,-0.0009222317630804,0.7064503959184025,0.7077617896854757
2266,43,219000000,43.219000000,14.0336176444602678,-7.6247503422407608,-0.1024396027029243,-0.0006266664618212,0.0003736981050660,0.7070131335983757,0.7072000399874686
2267,43,228000000,43.228000000,14.0318640276626585,-7.6281948257106045,-0.1026274447303603,-0.0006070372734317,0.0006557151619955,0.7075644701847015,0.7066482307878634
2268,43,253000000,43.253000000,14.0303523438846316,-7.6312744195997722,-0.1028843142387418,-0.0004663845565567,0.0002472429229894,0.7081208523120377,0.7060910563640187
2269,43,262000000,43.262000000,14.0289455747457676,-7.6342051599627272,-0.1032006036815444,-0.0003302958164105,-0.0003347784496573,0.7087011017076176,0.7055087010565301
2270,43,284000000,43.284000000,14.0276597796072444,-7.6369725248477751,-0.1035848529394811,-0.0002060030305522,-0.0011147666661089,0.7093166526411402,0.7048890700982672
2271,43,296000000,43.296000000,14.0265036938446119,-7.6395652994921477,-0.1040443549746946,-0.0000911119695895,-0.0021136257170358,0.7099701895944944,0.7042285525112532
2272,43,323000000,43.323000000,14.0254846661218249,-7.6419747397162290,-0.1045832568583923,0.0000144874082114,-0.0033435069209529,0.7106643183477082,0.7035233097623504
2273,43,330000000,43.330000000,14.0246071583504577,-7.6441979421644382,-0.1052007018102953,0.0001056631906467,-0.0048024626238025,0.7114025925118604,0.7027682950698907
2274,43,347000000,43.347000000,14.0238777891250095,-7.6462283984338857,-0.1058988069708185,0.0001787475895110,-0.0064971746294904,0.7121880813688333,0.7019586109788192
2275,43,364000000,43.364000000,14.0232999757179435,-7.6480650234923901,-0.1066753767397145,0.0002265915472633,-0.0084218566087213,0.7130233948703251,0.7010896229121704
2276,43,386000000,43.386000000,14.0228785094971844,-7.6497050085494243,-0.1075305092094647,0.0002416096753483,-0.0105769646054823,0.7139115594678679,0.7001559502729775
2277,43,398000000,43.398000000,14.0226946866030939,-7.6507059446874033,-0.1083552284587704,0.0007878937204218,-0.0135847088155540,0.7146034346237712,0.6993974307457752
2278,43,417000000,43.417000000,14.0224399126556207,-7.6510536718865296,-0.1089371084030831,0.0025345168270523,-0.0170242964850584,0.7145108025847642,0.6994126554068909
2279,43,433000000,43.433000000,14.0213340281590000,-7.6533162697528834,-0.1088915514776782,0.0030523392583529,-0.0160130469657671,0.7143283407689862,0.6996208166758269
2280,43,450000000,43.450000000,14.0201188956717751,-7.6560895161217895,-0.1090275055778721,0.0028662604905447,-0.0139888806593604,0.7141209586445488,0.6998766692734436
2281,43,466000000,43.466000000,14.0195444841423331,-7.6571327749314380,-0.1093432775120237,0.0038376301983825,-0.0148491400443817,0.7142425673566613,0.6997301841496963
2282,43,485000000,43.485000000,14.0192054134921058,-7.6579346856488124,-0.1094230646485208,0.0044438845079547,-0.0163652021387528,0.7145462020243379,0.6993826972566821
2283,43,501000000,43.501000000,14.0183896649164303,-7.6594132336094765,-0.1094410637844312,0.0044217788189838,-0.0158173390674580,0.7147360539141923,0.6992014251215952
2284,43,520000000,43.520000000,14.0178617355702038,-7.6608208830185482,-0.1097181990071949,0.0039569393486389,-0.0158410047520131,0.7151227620809255,0.6988081570453981
2285,43,536000000,43.536000000,14.0172943733092321,-7.6617389966551901,-0.1097836897917908,0.0038657328738106,-0.0158386678439731,0.7154657024801780,0.6984576016372233
2286,43,553000000,43.553000000,14.0168508173406998,-7.6625148194624906,-0.1098412339023569,0.0037029129594016,-0.0157758116085329,0.7154787642477712,0.6984465263097737
2287,43,570000000,43.570000000,14.0164749902980343,-7.6630847753092457,-0.1098738272939226,0.0037654294301439,-0.0157371331330031,0.7151304356807346,0.6988037093097341
2288,43,588000000,43.588000000,14.0162411132472862,-7.6634219150229752,-0.1098848937134171,0.0037792726650828,-0.0157357103119980,0.7147566038280874,0.6991860280377736
2289,43,609000000,43.609000000,14.0161558736254488,-7.6635132223343341,-0.1098883879089250,0.0037854514652227,-0.0157315711214476,0.7145139951433066,0.6994340131646489
2290,43,621000000,43.621000000,14.0161523090994198,-7.6635169398371756,-0.1098882634263321,0.0037853423951914,-0.0157245855341475,0.7145042499672738,0.6994441259825077
2291,43,638000000,43.638000000,14.0161520934297474,-7.6635171984765327,-0.1098878560469657,0.0037844327342156,-0.0157121808284989,0.7145044145225343,0.6994442415734818
2292,43,655000000,43.655000000,14.0161520934297474,-7.6635171984765327,-0.1098878560469657,0.0037844327342156,-0.0157121808284989,0.7145044145225343,0.6994442415734818
2293,43,672000000,43.672000000,14.0161520934297474,-7.6635171984765327,-0.1098878560469657,0.0037844327342156,-0.0157121808284989,0.7145044145225343,0.6994442415734818
2294,43,690000000,43.690000000,14.0161520934297474,-7.6635171984765327,-0.1098878560469657,0.0037844327342156,-0.0157121808284989,0.7145044145225343,0.6994442415734818
2295,43,711000000,43.711000000,14.0161520934297474,-7.6635171984765327,-0.1098878560469657,0.0037844327342156,-0.0157121808284989,0.7145044145225343,0.6994442415734818
2296,43,724000000,43.724000000,14.0161520934297474,-7.6635171984765327,-0.1098878560469657,0.0037844327342156,-0.0157121808284989,0.7145044145225343,0.6994442415734818
2297,43,746000000,43.746000000,14.0161520934297474,-7.6635171984765327,-0.1098878560469657,0.0037844327342156,-0.0157121808284989,0.7145044145225343,0.6994442415734818
2298,43,757000000,43.757000000,14.0161520934297474,-7.6635171984765327,-0.1098878560469657,0.0037844327342156,-0.0157121808284989,0.7145044145225343,0.6994442415734818
2299,43,783000000,43.783000000,14.0161520934297474,-7.6635171984765327,-0.1098878560469657,0.0037844327342156,-0.0157121808284989,0.7145044145225343,0.6994442415734818
2300,43,791000000,43.791000000,14.0161515351703017,-7.6635176770835862,-0.1098881168074407,0.0037870831720952,-0.0157097844852932,0.7145031253656174,0.6994455979668741
2301,43,817000000,43.817000000,14.0161515351703017,-7.6635176770835862,-0.1098881168074407,0.0037870831720952,-0.0157097844852932,0.7145031253656174,0.6994455979668741
2302,43,825000000,43.825000000,14.0161515351703017,-7.6635176770835862,-0.1098881168074407,0.0037870831720952,-0.0157097844852932,0.7145031253656174,0.6994455979668741
